glycan,NG-124 Li,NG125 Li,Adult NG Hexa (or HA) Li,Adult NG HexaNeu3 (or HAN3) Li,Adult NG Hexa (or HA) Stv,Adult NG HexaNeu3 (or HAN3) Stv,Fibroblast Hexa (or HA) Non,Fibroblast HexaNeu3 (or HAN3) Non,Fibroblast Hexa (or HA) Li,Fibroblast HexaNeu3 (or HAN3) Li,Fibroblast Hexa (or HA) MLSA-1,Fibroblast HexaNeu3 (or HAN3) MLSA-1,Fibroblast Hexa (or HA) Stv,Fibroblast HexaNeu3 (or HAN3) St
Gal(b1-3)GalNAc,4.891080905,8.950163142,8.746764339,6.140200616,38.1776099,6.495278464,12.67924618,8.860593514,9.33799268,11.99516056,10.05110593,5.04308275,4.937228839,6.236231919
Gal(b1-3)[Neu5Ac(a2-6)]GalNAc,19.34901893,25.39712116,40.86105415,35.49988706,31.5094501,44.1028766,35.61186431,31.73140853,36.28214421,34.44490553,37.42608339,39.71284856,38.96012602,31.18982956
Neu5Ac(a2-3)Gal(b1-3)GalNAc,10.63360665,20.25112863,20.68153657,38.46205445,13.33708556,28.59162904,23.95576032,24.82710905,35.93610185,25.81115254,34.47177246,27.45428326,34.76724638,27.57329912
Gal(b1-3)[Neu5Gc(a2-6)]GalNAc,1.010679214,0,2.679278991,5.441744269,2.015168444,2.86216376,10.85756714,11.78535452,5.372197035,7.502406085,3.508049125,4.805830183,6.393776258,9.41088326
Neu5Gc(a2-3)Gal(b1-3)GalNAc,0,0,0,4.816051687,0.890516179,1.682318596,4.27027918,5.146234194,2.433331994,3.56762949,1.677540954,1.61221655,5.449296291,6.059942677
Gal(b1-4)GlcNAc(b1-6)[Gal(b1-3)]GalNAc,64.11561431,45.40158707,27.03136596,9.64006191,14.07016981,16.26573354,12.62528287,17.64930018,10.63823223,16.6787458,12.86544815,21.37173869,9.492326213,19.52981347
