ID,Female_1,Female_2,Female_3,Male_1,Male_2,Male_3
Smp-147680.1_107_H3N2F1,2.82577e+08,2.56634e+08,2.76982e+08,3.67844e+08,3.91546e+08,4.46207e+08
Smp-040080.1_187_H8N2,4.00711e+08,5.79384e+08,6.00421e+08,3.09063e+08,3.39078e+08,3.46534e+08
Smp-040080.1_187_H7N2,1.75503e+08,1.75408e+08,2.07488e+08,1.44633e+08,1.34165e+08,1.68935e+08
Smp-040080.1_187_H9N2,1.23237e+09,1.81144e+09,1.57849e+09,2.31471e+09,2.61511e+09,2.26517e+09
Smp-152940.1_473_H5N2,6.40601e+07,7.76589e+07,9.81089e+07,5.95162e+07,6.85485e+07,7.30097e+07
Smp-182620.1_75_H3N2F1,3.6072e+08,3.73783e+08,4.85835e+08,7.76154e+08,7.79453e+08,6.8281e+08
Smp-040080.1_187_H10N2,1.34072e+08,1.31865e+08,1.74422e+08,9.97518e+07,1.22641e+08,1.15776e+08
Smp-122980.1_1346_H3N2F1,2.75833e+09,3.12381e+09,3.38269e+09,2.20733e+09,2.04526e+09,2.39847e+09
Smp-122980.1_1346_H3N3F1,7.78671e+08,8.60229e+08,9.98845e+08,6.77011e+08,5.41859e+08,6.13982e+08
Smp-122980.1_1346_H2N2F1,1.15408e+07,1.06533e+07,9.99076e+06,3.13399e+06,4.47927e+06,4.15935e+06
Smp-089670.1_882_H7N2,3.28443e+08,3.57744e+08,4.06594e+08,3.2772e+08,3.81628e+08,1.73374e+08
Smp-089670.1_882_H6N2,4.51688e+08,4.57139e+08,6.21936e+08,4.09614e+08,5.58157e+08,3.65688e+08
Smp-089670.1_882_H9N2,2.14226e+08,2.05683e+08,2.43883e+08,3.42509e+08,4.91542e+08,3.50799e+08
Smp-000390.1_49_H6N5F2,2.75075e+08,2.12186e+08,2.81264e+08,149398,846861,1.18379e+06
Smp-000390.1_49_H6N5F1,1.58947e+09,1.06247e+09,1.61188e+09,2.85176e+07,2.65856e+07,2.54739e+07
Smp-000390.1_49_H5N4F1,1.29692e+09,1.2932e+09,1.4757e+09,4.02121e+07,2.96183e+07,2.03543e+07
Smp-000390.1_49_H5N4F2,5.04456e+07,5.01361e+07,6.24887e+07,0,3.52878e+06,0
Smp-152940.1_473_H3N3F1,3.87971e+07,4.4074e+07,4.91107e+07,3.01978e+07,1.60174e+07,4.7976e+07
Smp-332540.1_971_H3N2F1,3.37358e+08,2.71407e+08,4.27149e+08,5.37278e+08,6.40993e+08,5.88894e+08
Smp-332540.1_971_H3N3F1,8.12901e+07,9.13475e+07,9.37172e+07,8.61261e+07,9.89758e+07,6.59036e+07
Smp-152940.1_473_H4N3F1,5.15915e+08,6.16392e+08,6.39289e+08,3.9888e+08,3.52366e+08,3.59837e+08
Smp-152940.1_473_H3N2F1,2.11756e+08,2.25771e+08,2.12526e+08,9.84335e+07,5.47767e+07,1.7959e+08
Smp-300580.1_185_H3N2F1,4.05921e+07,5.63743e+07,1.71488e+07,3.84953e+07,7.63649e+07,3.38799e+07
Smp-046250.1_117_H3N5F1,4.6892e+07,4.60394e+07,1.3418e+07,1.12346e+07,9.09931e+06,1.35005e+07
Smp-090080.1_249_H3N2,9.50826e+08,1.215e+09,9.87956e+08,1.18415e+09,1.20085e+09,1.13488e+09
Smp-073400.1_137_H7N2,7.84109e+08,8.68259e+08,1.01648e+09,8.75386e+08,9.5869e+08,6.26447e+08
Smp-075800.1_268_H7N2,1.31445e+10,1.13396e+10,1.24754e+10,1.75559e+09,1.68236e+09,1.4982e+09
Smp-308820.1_484_H6N2,2.31762e+08,2.40049e+08,3.18829e+08,4.72335e+08,3.87553e+08,3.92821e+08
Smp-075800.1_268_H9N2,1.33721e+10,2.24588e+10,2.36308e+10,5.12191e+09,7.28933e+09,6.54098e+09
Smp-075800.1_268_H8N2,5.92031e+09,9.91407e+09,9.49869e+09,2.04303e+09,2.44021e+09,3.42952e+09
Smp-075800.1_268_H5N2,1.5924e+11,1.84357e+11,1.98716e+11,1.42055e+10,9.6945e+09,1.59035e+10
Smp-090080.1_249_H4N3,1.45542e+09,1.55119e+09,1.69781e+09,2.33475e+09,2.34528e+09,2.33802e+09
Smp-073400.1_137_H6N2,1.75233e+09,1.53686e+09,1.73831e+09,1.87569e+09,2.33222e+09,2.18762e+09
Smp-075800.1_268_H3N2,9.22404e+09,1.0592e+10,1.00865e+10,6.58498e+09,7.26856e+09,6.84854e+09
Smp-073400.1_137_H5N2,1.43787e+09,1.56555e+09,1.63607e+09,2.2461e+09,2.38251e+09,2.17664e+09
Smp-075800.1_268_H2N2,8.19052e+09,1.05193e+10,1.08455e+10,1.18359e+10,1.12868e+10,1.3088e+10
Smp-308820.1_484_H5N2,2.81799e+08,2.56262e+08,3.31762e+08,9.43447e+08,1.08745e+09,8.118e+08
Smp-075800.1_268_H6N2,1.34106e+11,1.13739e+11,1.46628e+11,1.077e+10,8.71671e+09,1.54624e+10
Smp-075800.1_268_H4N2,6.85421e+10,6.82463e+10,7.9352e+10,3.69291e+10,2.22644e+10,2.16445e+10
Smp-308820.1_484_H4N2,1.34036e+08,1.27888e+08,1.50284e+08,6.04738e+08,5.89422e+08,6.15607e+08
Smp-090080.1_249_H4N5F1,6.73295e+09,7.48532e+09,7.93779e+09,2.16919e+10,2.23096e+10,2.5559e+10
Smp-073400.1_137_H4N2,8.16364e+08,1.04355e+09,1.06692e+09,1.34994e+09,1.52664e+09,1.33532e+09
Smp-308820.1_484_H3N2,2.14735e+08,2.257e+08,2.89508e+08,7.12899e+08,6.86183e+08,6.78568e+08
Smp-073400.1_137_H4N2Pen1,2.89824e+08,3.67611e+08,3.49102e+08,3.9622e+08,4.51003e+08,4.33968e+08
Smp-073400.1_137_H5N4F2,6.95747e+07,6.37055e+07,8.64216e+07,4.47951e+07,3.24665e+07,5.12235e+07
Smp-073400.1_137_H6N3,1.39376e+08,1.32164e+08,7.87376e+07,1.94482e+08,2.15487e+08,1.19989e+08
Smp-000280.1_210_H6N5F1,1.24622e+09,1.53929e+09,1.72915e+09,2.93247e+06,1.77289e+06,2.00066e+06
Smp-073400.1_137_H3N2Pen1,4.06214e+08,4.15859e+08,5.21011e+08,3.70314e+08,2.98414e+08,3.13046e+08
Smp-090080.1_249_H5N4,2.90806e+09,2.89277e+09,2.92065e+09,1.86216e+09,1.13455e+09,1.22835e+09
Smp-073400.1_137_H3N2,9.71833e+08,1.32503e+09,1.18983e+09,1.07136e+09,1.55695e+09,1.81566e+09
Smp-000280.1_210_H5N4F1,6.94262e+08,8.1914e+08,8.68952e+08,3.3764e+07,2.37731e+07,3.6283e+07
Smp-345440.1_1760_H3N2F1,3.62909e+08,4.33701e+08,4.50977e+08,1.28012e+09,9.93924e+08,1.01076e+09
Smp-073400.1_137_H5N3,2.51267e+08,2.91021e+08,2.99068e+08,1.18206e+08,2.16233e+08,2.31799e+08
Smp-041460.1_169_H5N2,2.06586e+09,2.16356e+09,2.38753e+09,6.79208e+08,5.36961e+08,6.20675e+08
Smp-090080.1_249_H4N5,2.66387e+08,3.05997e+08,3.71412e+08,2.95129e+08,1.85938e+08,3.66984e+08
Smp-343630.1_756_H3N2F1,3.18137e+08,4.73032e+08,5.30082e+08,8.44953e+08,8.97807e+08,9.40165e+08
Smp-075800.1_268_H4N2F1,1.96246e+08,2.34575e+08,2.26336e+08,1.02394e+08,6.98963e+07,9.16385e+07
Smp-075800.1_268_H3N2F1,7.74135e+09,1.13547e+10,1.5401e+10,6.53864e+08,5.25592e+08,6.65664e+08
Smp-308820.1_484_H4N3,5.4801e+08,6.76876e+08,6.73204e+08,3.41528e+09,3.58579e+09,2.29635e+09
Smp-343630.1_756_H2N2F1,3.61027e+08,5.10469e+08,4.62736e+08,1.1104e+09,1.0932e+09,1.01462e+09
Smp-073400.1_137_H3N3,2.90567e+08,3.31945e+08,3.30812e+08,1.21092e+08,1.61043e+08,1.27633e+08
Smp-075800.1_268_H2N2F1,3.24609e+09,2.83505e+09,3.236e+09,1.16753e+09,9.474e+08,1.04775e+09
Smp-075800.1_268_H1N2F1,1.69311e+08,1.90532e+08,1.71407e+08,4.38439e+07,3.83511e+07,3.88361e+07
Smp-073400.1_137_H3N4,2.23801e+08,2.95109e+08,3.04972e+08,3.85736e+08,3.36389e+08,4.35298e+08
Smp-123550.1_43_H5N2,1.23925e+09,1.36625e+09,1.6077e+09,1.7088e+09,1.8347e+09,2.21592e+09
Smp-144180.1_672_H2N2F1,1.21234e+08,1.13817e+08,1.41019e+08,4.51117e+08,5.7034e+08,6.25671e+08
Smp-060030.1_228_H3N2,5.18924e+08,5.93133e+08,5.04708e+08,1.00687e+09,1.16622e+09,1.07053e+09
Smp-075800.1_268_H3N3F1,7.67422e+08,8.66013e+08,9.02292e+08,1.02586e+07,1.86833e+06,4.36579e+06
Smp-123550.1_43_H4N2,6.40968e+08,7.23621e+08,6.39004e+08,6.35807e+08,5.90742e+08,5.54737e+08
Smp-056990.1_51_H4N3F2Pen1,4.75428e+08,6.05428e+08,5.25954e+08,4.57891e+08,6.70921e+08,6.57867e+08
Smp-333880.1_330_H3N2F1,1.26633e+08,3.41647e+08,1.26327e+08,3.88264e+08,5.64946e+08,4.476e+08
Smp-130520.1_205_H5N4F3,6.90576e+07,7.52994e+07,7.62048e+07,1.94415e+08,2.6678e+08,2.25228e+08
Smp-056990.1_51_H3N4F2Pen1,1.56162e+08,6.647e+07,1.88447e+08,1.35835e+08,1.39426e+08,1.38359e+08
Smp-327360.1_253_H2N2F1,2.47312e+08,3.94706e+08,4.75248e+08,1.15464e+09,1.08634e+09,7.44646e+08
Smp-060030.1_228_H3N2F1,5.83815e+08,7.09353e+08,8.15022e+08,1.49746e+09,1.22459e+09,9.96025e+08
Smp-075800.1_268_H10N2,2.06575e+09,1.43185e+09,1.67237e+09,5.67504e+08,5.26841e+08,4.35752e+08
Smp-075800.1_268_H5N2F1,2.87434e+09,3.56935e+09,3.81422e+09,7.47598e+07,7.98401e+07,1.02903e+08
Smp-089670.1_488_H5N2,2.24433e+08,1.46417e+08,1.00336e+08,1.24258e+08,1.31195e+08,5.9431e+07
Smp-075800.1_268_H5N3F1,1.5624e+08,1.77652e+08,1.97734e+08,1.47496e+07,2.18457e+07,7.34473e+07
Smp-179560.1_351_H6N2F1,1.89301e+08,1.6775e+08,2.46063e+08,3.90142e+08,3.30037e+08,3.55108e+08
Smp-075800.1_268_H6N3,1.49597e+08,1.1743e+08,1.00649e+08,4.47638e+07,4.18766e+07,4.23643e+07
Smp-075800.1_268_H6N3F2,2.69257e+08,1.63276e+08,2.24452e+08,6.49607e+07,5.39211e+07,3.49951e+07
Smp-075800.1_268_H5N3F2,2.9551e+08,2.50944e+08,2.14728e+08,1.5866e+07,4.97668e+07,2.0622e+07
Smp-075800.1_268_H3N3,5.23082e+07,8.9617e+07,6.78896e+07,2.56563e+06,1.72845e+06,2.9607e+06
Smp-075800.1_268_H4N3F1,1.02089e+08,1.30964e+08,1.41195e+08,1.38086e+07,1.01934e+07,3.65866e+06
Smp-089670.1_488_H3N2F1,9.91225e+08,1.47873e+09,4.41071e+08,1.06062e+09,9.27676e+08,7.23661e+08
Smp-345440.1_384_H3N2F1,5.80373e+08,5.71281e+08,7.60897e+08,1.33809e+09,1.96333e+09,1.31303e+09
Smp-122280.1_150_H6N5F2,2.94647e+08,2.16995e+08,3.69756e+08,9.28409e+06,0,0
Smp-031730.1_108_H6N2,4.27817e+10,4.88994e+10,5.07299e+10,2.58515e+10,1.22768e+10,2.71293e+10
Smp-031730.1_108_H3N2,2.98088e+08,3.15209e+08,4.02315e+08,1.84489e+08,4.61685e+07,1.68728e+08
Smp-031730.1_108_H5N2,3.3283e+09,2.8008e+09,2.22767e+09,1.15757e+09,1.32033e+09,1.15446e+09
Smp-031730.1_108_H4N2,4.86166e+08,5.53668e+08,5.39509e+08,3.02519e+08,1.30345e+08,2.32664e+08
Smp-040360.1_201_H9N2,2.18247e+08,3.1483e+08,2.59039e+08,4.11385e+08,3.14771e+08,3.52451e+08
Smp-122280.1_150_H6N5F1,5.19449e+08,6.80053e+08,6.84494e+08,372394,2.5818e+06,0
Smp-031730.1_108_H7N2,1.02389e+08,1.24899e+08,1.02225e+08,1.46869e+08,1.59122e+08,1.49071e+08
Smp-163550.1_362_H9N2,1.04014e+09,1.50868e+09,2.00262e+09,2.26686e+09,2.62403e+09,2.73052e+09
Smp-040360.1_201_H7N2,5.91988e+08,7.55787e+08,7.60837e+08,5.72801e+08,8.58303e+08,2.39486e+08
Smp-039130.1_44_H3N2F1,1.58727e+08,1.52798e+08,1.97996e+08,1.90115e+08,9.59044e+07,1.34308e+08
Smp-031730.1_108_H4N3,8.1621e+07,7.15933e+07,8.45257e+07,1.96822e+06,0,0
Smp-025830.1_194_H3N2F1,6.98637e+08,8.48933e+08,1.03061e+09,3.31558e+08,4.89237e+08,3.53561e+08
Smp-158600.1_605_H9N2,3.95899e+07,2.27927e+07,3.95962e+07,0,4.59105e+07,2.17449e+07
Smp-039130.1_44_H2N2F1,7.32224e+08,5.81436e+08,1.07845e+09,1.50448e+09,1.39446e+09,1.52171e+09
Smp-105680.1_19_H6N2,9.75949e+07,8.70771e+07,1.53312e+08,1.0928e+08,7.05283e+07,9.86069e+07
Smp-105680.1_19_H3N5F3,5.31693e+06,3.77195e+06,4.78211e+06,1.44395e+07,1.01099e+07,6.18531e+06
Smp-031730.1_108_H6N2F1,5.37659e+08,5.76052e+08,5.64052e+08,1.55564e+09,1.57353e+09,8.35182e+08
Smp-143730.1_443_H3N2F1,2.72243e+08,2.34843e+08,2.32134e+08,3.90325e+08,4.39262e+08,2.79901e+08
Smp-031730.1_108_H3N4,3.54632e+08,3.20855e+08,4.99383e+08,6.2677e+07,1.14223e+08,5.97479e+07
Smp-040360.1_201_H6N3,1.67035e+08,1.05754e+08,1.36609e+08,3.74633e+07,3.99815e+07,4.75847e+07
Smp-014570.1_117_H6N5F2,8.78377e+09,8.60174e+09,8.27152e+09,2.91936e+09,1.99572e+09,6.26891e+08
Smp-014570.1_117_H5N4F2,1.97908e+09,1.59819e+09,2.36245e+09,1.02251e+09,8.70002e+08,7.52161e+08
Smp-014570.1_117_H5N5F2,1.86224e+08,2.01203e+08,2.24711e+08,6.50707e+07,1.00683e+08,5.258e+07
Smp-031730.1_108_H5N3F1,5.3894e+08,5.52164e+08,5.57245e+08,6.91021e+06,5.00765e+07,5.45557e+07
Smp-105680.1_19_H5N2,1.72428e+09,2.00947e+09,2.20303e+09,5.34813e+08,6.27491e+08,5.20593e+08
Smp-308820.1_212_H3N2F1,2.20478e+08,2.36136e+08,2.69026e+08,1.29231e+09,1.20518e+09,1.7357e+09
Smp-128870.1_549_H3N2F1,3.70182e+08,4.2368e+08,4.31009e+08,4.12614e+08,4.47728e+08,4.22023e+08
Smp-031730.1_108_H3N5F2,1.46168e+09,1.661e+09,1.54253e+09,4.72429e+08,5.24467e+08,4.03051e+08
Smp-042910.1_40_H9N2,3.63808e+08,3.1223e+08,2.39472e+08,2.51918e+08,1.68664e+08,2.35901e+08
Smp-042910.1_40_H8N2,8.73851e+07,1.21427e+08,1.3572e+08,6.94941e+07,8.68067e+07,2.51734e+07
Smp-031730.1_108_H3N5F1,1.30196e+09,1.51518e+09,1.65524e+09,1.22305e+09,1.0286e+09,1.21976e+09
Smp-246770.1_285_H3N6F2,1.8262e+08,1.75347e+08,1.49436e+08,7.52894e+06,2.29295e+06,2.91851e+07
Smp-031730.1_108_H4N3F1,7.62214e+08,1.07342e+09,8.13284e+08,6.31147e+07,3.37187e+07,3.58343e+07
Smp-031730.1_108_H3N4F1,8.91585e+09,8.03291e+09,1.18021e+10,3.4161e+09,2.28502e+09,2.83223e+09
Smp-031730.1_108_H3N3F2,1.45842e+08,1.55001e+08,1.64866e+08,4.94502e+07,3.31916e+07,5.89553e+07
Smp-105680.1_19_H3N4,6.11013e+08,5.44363e+08,6.33813e+08,1.71109e+08,3.46747e+08,2.55368e+08
Smp-167240.1_397_H3N2F1,2.27911e+08,2.39346e+08,2.58715e+08,3.16044e+08,2.60711e+08,3.04651e+08
Smp-040360.1_201_H5N4,4.04484e+08,4.60726e+08,4.75082e+08,1.03856e+08,1.0505e+08,5.87656e+07
Smp-073400.1_169_H3N4F2Pen1,1.49312e+08,1.66425e+08,1.41115e+08,1.686e+08,1.4231e+08,1.46299e+08
Smp-031730.1_108_H3N3F1,2.51644e+09,2.93968e+09,3.58535e+09,8.20064e+08,9.55333e+08,7.84899e+08
Smp-089700.1_549_H3N2F1,8.12844e+08,1.2855e+09,1.26087e+09,3.86401e+09,3.12002e+09,2.97632e+09
Smp-105680.1_19_H3N3,1.46226e+10,1.28037e+10,7.27905e+09,1.63076e+09,1.75952e+09,2.23714e+09
Smp-105680.1_19_H3N2Pen1,1.83871e+08,2.09955e+08,1.85427e+08,1.22588e+08,1.14161e+08,2.36491e+08
Smp-105680.1_19_H2N3F2,3.40164e+06,6.71163e+06,4.32525e+06,3.72475e+06,9.18897e+06,3.38638e+06
Smp-139240.1_144_H6N5,3.1859e+08,1.87089e+08,1.92142e+08,3.66016e+07,3.74188e+07,1.84993e+07
Smp-031730.1_108_H3N2F1,1.07367e+08,1.14633e+08,1.3373e+08,1.1955e+08,7.70722e+07,3.52267e+07
Smp-031730.1_108_H2N3F1,1.3245e+08,1.25015e+08,1.43095e+08,2.23929e+07,2.55601e+06,3.24537e+07
Smp-077890.1_220_H6N5F2,1.2855e+09,9.69932e+08,1.31636e+09,0,1.33608e+07,1.89458e+07
Smp-105680.1_19_H3N2,1.38048e+09,2.43052e+09,1.8859e+09,7.95068e+08,1.91381e+09,2.57839e+09
Smp-147460.1_180_H9N2,2.48861e+08,1.58427e+08,2.21407e+08,4.11151e+07,1.76782e+08,4.10976e+08
Smp-089700.1_269_H5N2,4.82748e+08,6.02989e+08,5.61153e+08,6.04317e+08,1.26125e+09,2.20056e+09
Smp-139240.1_144_H5N4F1,7.14923e+08,7.97234e+08,9.00776e+08,2.90206e+08,5.51627e+08,6.7186e+08
Smp-089700.1_269_H4N2,2.85671e+08,3.09946e+08,2.8405e+08,5.62113e+08,5.95458e+08,5.70996e+08
Smp-105680.1_19_H2N3,2.42972e+08,4.60406e+08,3.7358e+08,4.74301e+08,1.63134e+08,6.25557e+08
Smp-089670.1_1585_H4N3F2Pen1,1.52437e+08,1.50418e+08,1.36435e+08,2.7513e+08,4.60281e+08,5.86639e+07
Smp-077890.1_220_H6N5F1,1.44915e+10,1.33931e+10,1.4116e+10,2.17892e+08,1.86449e+08,1.79969e+08
Smp-077890.1_220_H5N5F1,3.24864e+08,3.60033e+08,5.00023e+08,0,0,0
Smp-077890.1_220_H5N4F1,1.72806e+09,1.63216e+09,1.58311e+09,3.8937e+07,8.34332e+07,1.17458e+08
Smp-077890.1_220_H6N4F1,1.55733e+08,1.2489e+08,1.40377e+08,8.81147e+07,3.46339e+07,1.04651e+08
Smp-180620.1_44_H8N2,1.16773e+08,6.21906e+07,9.67022e+07,2.30222e+07,2.29906e+08,1.31806e+08
Smp-077890.1_220_H5N4F2,4.8923e+08,5.17066e+08,5.1754e+08,3.50353e+06,192299,0
Smp-145300.1_262_H3N2F1,2.23383e+08,2.67119e+08,2.25078e+08,5.66946e+08,3.40958e+08,7.44417e+08
Smp-089670.1_1585_H4N3F2,2.56923e+08,2.23953e+08,2.92034e+08,3.29713e+08,2.38247e+08,1.74791e+08
Smp-073400.1_169_H3N2F1,4.05111e+09,4.0686e+09,4.4636e+09,8.95789e+09,1.11406e+10,8.72837e+09
Smp-123670.1_110_H9N2,7.59869e+09,8.17137e+09,8.21427e+09,1.03352e+10,1.12209e+10,1.08559e+10
Smp-139240.1_144_H2N2F1,1.01488e+09,1.08636e+09,1.25169e+09,5.06059e+08,1.2278e+09,1.19905e+09
Smp-105680.1_19_H3N3F1,1.50797e+08,1.53295e+08,1.86308e+08,1.16862e+08,7.85606e+08,1.29996e+09
Smp-073400.1_169_H3N4F1,2.6917e+08,4.61488e+08,3.45472e+08,6.8087e+08,6.74049e+08,5.77017e+08
Smp-123670.1_110_H10N2,1.13381e+09,1.39112e+09,1.34365e+09,1.91269e+09,1.94664e+09,1.90223e+09
Smp-105680.1_19_H3N2F1,2.51404e+08,2.92986e+08,2.67886e+08,3.42285e+08,2.61962e+08,3.3617e+08
Smp-139240.1_144_H5N4,4.5293e+08,4.85208e+08,4.59357e+08,2.78488e+07,5.0525e+07,1.48022e+07
Smp-213990.1_16_H6N5F3,1.43322e+08,1.78148e+08,1.99084e+08,8.93023e+06,2.46677e+07,0
Smp-332940.1_945_H7N2,5.71074e+07,7.30956e+07,6.61924e+07,0,1.94716e+06,2.79903e+08
Smp-302980.1_167_H5N4F1,2.95186e+08,3.19812e+08,3.29809e+08,1.02025e+07,0,139296
Smp-147460.1_180_H3N2F1,1.60094e+09,1.91645e+09,2.73531e+09,1.82567e+09,1.94851e+09,1.05656e+09
Smp-077890.1_220_H3N3F1,5.87489e+07,6.18755e+07,5.12762e+07,0,0,82488.4
Smp-213990.1_16_H6N5F2,1.26382e+09,1.37558e+09,1.64586e+09,1.47705e+08,1.38344e+08,3.77244e+07
Smp-073400.1_169_H2N2F1,2.46846e+08,2.55576e+08,2.914e+08,2.85221e+08,2.44044e+08,1.12797e+08
Smp-168730.1_74_H6N2,2.55592e+08,2.70348e+08,2.52669e+08,2.24524e+09,2.01112e+09,1.43328e+09
Smp-123540.1_46_H3N3F1,2.02749e+08,1.76702e+08,5.50439e+07,1.4441e+08,1.73763e+08,2.75911e+08
Smp-077890.1_220_H3N4F1,9.99316e+07,8.9084e+07,4.52816e+07,0,0,0
Smp-213990.1_16_H5N4F2,4.37147e+08,4.18542e+08,5.14081e+08,1.2036e+08,2.32849e+07,4.1228e+07
Smp-089670.1_1585_H3N2F1,7.60145e+08,8.03334e+08,1.01468e+09,6.17568e+08,7.7692e+08,6.4018e+08
Smp-139240.1_144_H2N2,4.07428e+09,4.12151e+09,4.58033e+09,3.70353e+08,2.97008e+08,2.67734e+08
Smp-000755.1_547_H3N4F2,8.76507e+08,8.87712e+08,7.33561e+08,1.82202e+09,1.42163e+09,1.9654e+09
Smp-343650.1_2320_H3N2F1,2.06947e+08,2.3541e+08,3.58054e+08,2.94519e+08,2.62765e+08,2.1252e+08
Smp-194050.1_273_H5N2,3.89962e+08,4.18614e+08,4.40214e+08,1.74272e+09,1.20512e+09,1.71842e+09
Smp-089100.1_610_H8N2,3.64745e+08,3.52687e+08,3.22311e+08,4.28231e+08,5.39639e+08,2.68667e+08
Smp-139240.1_144_H3N3,8.82938e+07,1.12399e+08,1.1416e+08,1.16039e+07,2.63369e+07,7.43746e+06
Smp-123670.1_193_H2N2F1,4.97684e+08,4.9498e+08,5.24406e+08,9.11773e+08,8.52853e+08,4.16698e+08
Smp-089700.1_269_H3N2F1,3.38086e+07,3.40314e+07,4.1868e+07,4.65331e+07,8.53363e+07,6.77863e+07
Smp-180620.1_44_H5N4F3,1.24956e+09,1.24746e+09,1.09515e+09,1.34229e+09,1.25331e+09,1.27079e+09
Smp-089100.1_610_H6N5F1,1.11514e+08,1.00264e+08,9.73338e+07,5.07255e+07,4.18571e+07,6.78395e+07
Smp-213990.1_16_H5N4F1,4.21151e+08,4.37256e+08,4.56142e+08,1.75907e+08,1.5898e+08,1.83974e+08
Smp-180620.1_44_H4N5F3,7.23163e+08,7.41531e+08,6.77071e+08,2.73235e+09,1.63258e+09,1.85296e+09
Smp-089100.1_610_H6N2,5.83719e+08,6.76123e+08,9.66565e+08,8.07402e+08,1.17542e+09,2.6538e+08
Smp-194050.1_273_H4N7F1,6.20522e+08,6.08978e+08,6.88092e+08,7.0491e+08,8.51364e+08,8.68437e+08
Smp-180620.1_44_H3N6F3,6.54452e+08,7.04623e+08,8.83915e+08,4.65495e+09,3.24066e+09,2.81117e+09
Smp-302090.1_185_H6N5F2,5.695e+08,7.64155e+08,6.64724e+08,3.35892e+08,0,2.06838e+08
Smp-246770.1_292_H3N6F2,1.92261e+08,2.46123e+08,2.54287e+08,5.25404e+07,0,2.8746e+07
Smp-089100.1_610_H6N5,3.35941e+08,2.57197e+08,3.60803e+08,3.71237e+07,3.90625e+07,4.7119e+07
Smp-123670.1_39_H3N4F3Pen1,4.23094e+08,5.21639e+08,5.87314e+08,5.99629e+08,1.40621e+09,4.41114e+08
Smp-123670.1_39_H6N5F2,2.62355e+08,1.80793e+08,2.62955e+08,9.58644e+07,8.86387e+07,4.46498e+07
Smp-123670.1_39_H5N4F3,1.81179e+08,2.47618e+08,2.48182e+08,2.28313e+08,1.08187e+08,2.61496e+08
Smp-246770.1_292_H3N5F2,1.19422e+08,1.89455e+08,1.13967e+08,1.68153e+07,7.78484e+06,0
Smp-123670.1_39_H6N5F1,3.53124e+08,4.02076e+08,3.50127e+08,0,0,0
Smp-121660.1_132_H4N2,2.21796e+08,2.6404e+08,2.99084e+08,8.20507e+08,9.163e+08,8.23212e+08
Smp-194050.1_273_H3N5F1,3.59035e+09,4.50947e+09,4.0625e+09,6.08323e+09,6.6545e+09,4.93149e+09
Smp-014570.1_117_H2N2,6.81022e+07,7.54661e+07,7.30297e+07,1.22801e+08,1.20682e+08,1.06195e+08
Smp-123670.1_39_H5N6F1,1.16663e+08,1.67054e+08,1.35514e+08,0,0,0
Smp-123670.1_39_H4N3F2Pen1,5.19875e+08,6.88068e+08,4.82984e+08,7.37141e+08,1.23614e+09,9.10959e+08
Smp-246770.1_292_H3N6F1Pen1,1.92066e+08,1.97848e+08,2.06376e+08,7.22495e+07,2.79033e+07,3.36128e+07
Smp-246770.1_292_H3N4F1,1.09102e+08,1.16875e+08,8.98964e+07,0,0,0
Smp-148790.1_1136_H9N2,2.83583e+08,2.61568e+08,3.39116e+08,4.3959e+08,8.62915e+08,9.47538e+08
Smp-246770.1_292_H3N5F1,8.26398e+07,5.87764e+07,9.05643e+07,2.59287e+07,2.87e+07,3.82738e+06
Smp-246770.1_292_H3N4F1Pen1,3.1143e+07,2.36445e+07,2.72835e+07,0,0,0
Smp-180620.1_44_H4N3F2,3.10815e+08,3.34e+08,1.97085e+08,1.23364e+09,1.45622e+09,1.20978e+09
Smp-121660.1_132_H3N2,1.95712e+08,2.22115e+08,1.96559e+08,6.75128e+08,8.54094e+08,3.835e+08
Smp-123670.1_39_H3N4F2Pen1,6.11406e+08,7.18145e+08,6.89499e+08,6.13439e+08,5.62427e+08,4.82166e+08
Smp-089290.1_157_H4N3,4.296e+07,5.47596e+07,5.34491e+07,0,1.7078e+06,0
Smp-089290.1_157_H3N3,1.53257e+08,1.68074e+08,1.63098e+08,3.72363e+07,5.87273e+07,4.17298e+07
Smp-331290.1_54_H6N5F1,3.00997e+09,3.24388e+09,2.91461e+09,5.14576e+09,4.37684e+09,4.44753e+09
Smp-331290.1_54_H5N4F1,5.87554e+09,6.76013e+09,6.34905e+09,1.25042e+10,1.2554e+10,1.20869e+10
Smp-089290.1_157_H3N2,6.45607e+08,7.40198e+08,7.30678e+08,5.40531e+07,4.64279e+07,2.9818e+07
Smp-123670.1_39_H4N3F2,2.22291e+08,2.6565e+08,2.32097e+08,4.91154e+08,5.39517e+08,2.26385e+08
Smp-179660.1_362_H8N2,1.71281e+07,1.27623e+07,1.24933e+07,1.41053e+07,1.21152e+07,1.18653e+07
Smp-302090.1_185_H5N4F2,2.15357e+08,3.58087e+08,2.90153e+08,1.58547e+08,1.6284e+08,1.36496e+08
Smp-089100.1_610_H3N2,5.63898e+08,5.61989e+08,6.05735e+08,1.22435e+09,1.35106e+09,9.1485e+08
Smp-035470.1_50_H5N2,2.28023e+08,2.98181e+08,3.03927e+08,6.79221e+07,4.95454e+07,6.18547e+07
Smp-074000.1_120_H10N2,3.90249e+08,4.46054e+08,3.9044e+08,5.48604e+08,6.7274e+08,5.68397e+08
Smp-074000.1_120_H9N2,3.47755e+08,3.65595e+08,3.0332e+08,6.2622e+08,7.6972e+08,6.41282e+08
Smp-194050.1_273_H4N4F1,7.46518e+08,7.89665e+08,6.57117e+08,2.23912e+09,2.53219e+09,2.91543e+09
Smp-331290.1_54_H5N6F1,3.04634e+08,3.05323e+08,2.82675e+08,4.37561e+08,4.57928e+08,3.26089e+08
Smp-123670.1_39_H5N4F1,1.5545e+08,1.96351e+08,1.76894e+08,1.90812e+07,6.97509e+07,4.28338e+07
Smp-331290.1_54_H4N5F1,1.3833e+09,1.50332e+09,1.40837e+09,2.66016e+09,2.5408e+09,2.14032e+09
Smp-194050.1_273_H3N3F1,1.00779e+09,1.90958e+09,1.49499e+09,3.4717e+09,3.99105e+09,3.3255e+09
Smp-121660.1_132_H3N2F1,7.94256e+07,7.64723e+07,8.47496e+07,4.82619e+07,2.07495e+08,2.05509e+08
Smp-331290.1_54_H4N7F1,3.59725e+08,4.28813e+08,3.96161e+08,5.12441e+08,5.69165e+08,5.18464e+08
Smp-331290.1_54_H3N10F1,8.67727e+07,9.3998e+07,9.54297e+07,7.50733e+07,1.05416e+08,1.24146e+08
Smp-331290.1_54_H3N7F1,1.09172e+09,1.29641e+09,1.17775e+09,1.73969e+09,1.99768e+09,1.63251e+09
Smp-194050.1_273_H3N2F1,4.07481e+09,5.243e+09,4.53148e+09,8.04437e+09,8.63032e+09,8.95453e+09
Smp-123670.1_39_H3N2F1,4.89157e+08,4.19233e+08,4.00785e+08,7.61113e+08,6.24116e+08,7.81927e+08
Smp-089100.1_610_H3N4,5.45955e+08,5.81533e+08,6.97589e+08,7.07852e+08,6.98328e+08,9.22903e+08
Smp-194050.1_273_H2N4F1,1.37993e+08,1.87693e+08,1.74003e+08,3.96463e+08,4.4027e+08,1.56088e+08
Smp-194050.1_273_H2N3F1,1.61406e+08,2.26526e+08,2.17732e+08,2.82478e+08,3.02313e+08,2.53526e+08
Smp-123670.1_39_H3N6F1,4.33861e+08,4.43645e+08,4.30322e+08,4.77324e+08,6.38763e+08,7.73877e+08
Smp-000755.1_547_H3N2F1,6.72773e+08,6.62901e+08,6.35009e+08,9.6786e+08,7.56536e+08,8.36598e+08
Smp-123670.1_39_H3N4F1,2.63203e+08,3.14732e+08,2.43535e+08,5.82753e+08,6.29372e+08,5.11775e+08
Smp-194050.1_273_H3N4F1,1.64234e+09,2.02271e+09,1.88498e+09,3.38807e+09,3.47645e+09,3.14846e+09
Smp-000270.1_198_H6N5F1,3.64894e+09,4.49946e+09,4.7793e+09,1.5517e+08,6.33922e+07,1.71183e+08
Smp-331290.1_54_H3N4F2,2.62477e+08,2.84604e+08,2.56394e+08,4.23451e+08,4.41311e+08,3.78427e+08
Smp-194050.1_273_H2N2F1,5.78417e+08,5.21766e+08,4.74919e+08,7.0114e+08,6.1016e+08,7.61396e+08
Smp-331680.1_32_H6N5F1,1.60442e+09,1.75886e+09,1.72401e+09,2.08225e+07,228795,0
Smp-331290.1_54_H3N6F2,5.7481e+08,6.35266e+08,5.32066e+08,8.75576e+08,8.68266e+08,8.30354e+08
Smp-331290.1_54_H4N4F1,4.93272e+08,4.8742e+08,4.84552e+08,1.05232e+09,1.04228e+09,9.87679e+08
Smp-331680.1_32_H5N4F1,1.60503e+08,1.48766e+08,1.60149e+08,1.68301e+07,1.45225e+07,2.37039e+06
Smp-327360.1_451_H5N4,1.68057e+08,1.96618e+08,2.46237e+08,3.81335e+07,1.959e+07,0
Smp-000755.1_547_H3N4F3,2.15846e+09,2.52267e+09,2.35092e+09,2.56064e+09,2.78132e+09,1.91315e+09
Smp-331290.1_54_H3N8F1,7.19867e+09,1.03813e+10,7.7341e+09,9.35499e+09,1.1138e+10,1.1154e+10
Smp-000755.1_547_H3N6F2,2.62209e+08,1.99886e+08,2.86961e+08,6.80819e+08,1.15121e+09,3.43692e+08
Smp-331290.1_54_H3N4F1,1.0582e+10,1.06305e+10,7.58375e+09,1.38023e+10,1.52385e+10,1.2983e+10
Smp-170350.1_298_H7N4F2,2.27129e+07,1.08082e+07,2.86125e+07,2.33099e+07,3.22518e+07,3.40725e+07
Smp-000755.1_547_H2N2F1,5.58511e+08,7.24028e+08,4.87991e+08,5.35756e+08,7.91278e+08,8.00434e+08
Smp-064430.1_37_H3N6F2,6.86474e+08,8.16546e+08,9.42591e+08,2.32394e+09,2.84045e+09,2.41375e+09
Smp-331290.1_54_H3N5F1,1.89515e+09,2.42337e+09,2.52424e+09,2.47773e+09,2.63715e+09,2.16957e+09
Smp-000755.1_547_H1N2F1,1.90989e+08,2.53229e+08,2.04412e+08,1.26365e+08,3.50357e+08,2.67849e+08
Smp-170350.1_298_H7N2,1.44683e+08,1.52662e+08,1.54545e+08,4.58856e+08,3.70078e+08,3.27054e+08
Smp-332540.1_284_H3N2F1,1.54128e+09,2.64327e+09,2.11677e+09,3.17424e+09,3.73344e+09,2.96925e+09
Smp-170350.1_298_H6N3,2.08207e+08,2.50575e+08,1.66986e+08,1.26913e+08,1.7404e+08,2.14539e+08
Smp-331290.1_54_H3N6F1,6.56161e+10,7.97526e+10,7.3851e+10,1.36013e+11,1.45199e+11,8.80392e+10
Smp-133250.1_326_H3N2,1.21384e+08,1.75771e+08,1.10255e+08,5.28473e+08,4.94561e+08,4.11012e+08
Smp-340540.1_230_H6N3,2.71733e+09,3.38021e+09,2.60899e+09,1.50496e+09,1.71812e+09,1.61123e+09
Smp-000270.1_198_H5N4F1,1.72041e+09,1.62345e+09,1.77601e+09,9.51037e+08,5.06241e+08,5.51888e+08
Smp-340540.1_230_H5N2,3.55662e+08,4.22609e+08,3.72301e+08,5.86153e+08,5.27637e+08,4.85421e+08
Smp-170350.1_298_H5N3F1,4.73486e+08,4.68487e+08,3.91916e+08,2.59869e+08,2.30824e+08,2.39945e+08
Smp-041460.1_175_H6N3F1,6.90187e+07,6.89997e+07,7.1389e+07,0,1.64831e+08,1.49629e+08
Smp-039130.1_1076_H10N2,1.13305e+09,3.64158e+08,1.03948e+09,9.79482e+08,1.02339e+09,4.69276e+08
Smp-039130.1_1076_H9N2,1.09788e+08,1.11722e+08,2.35068e+07,1.45021e+08,2.23307e+08,1.52989e+08
Smp-173480.1_344_H2N2,2.09249e+08,1.5912e+08,7.44333e+07,1.12239e+08,1.32169e+08,6.75418e+07
Smp-041460.1_175_H6N3F2,5.67194e+08,7.38532e+08,4.90238e+08,4.69219e+07,3.13085e+07,1.50736e+07
Smp-064430.1_37_H3N6F1,3.96279e+08,7.82578e+08,4.00295e+08,7.06359e+08,9.29123e+08,1.1423e+09
Smp-125250.1_83_H6N3F1,6.31316e+08,7.32237e+08,5.61319e+08,4.70215e+08,4.81585e+08,5.00644e+08
Smp-072190.1_115_H6N5,7.4087e+07,8.86894e+07,5.07656e+07,0,0,2.25107e+07
Smp-346900.1_158_H3N6F3,3.16422e+08,3.46851e+08,2.89274e+08,2.06015e+09,1.82244e+09,1.34458e+09
Smp-064430.1_37_H3N4F1,1.7041e+08,2.93951e+08,2.59335e+08,3.55687e+08,3.21969e+08,2.54875e+08
Smp-041460.1_175_H6N5F1,8.45348e+08,8.11079e+08,7.09394e+08,1.53164e+08,1.64578e+08,1.51656e+08
Smp-125250.1_83_H6N5F2,9.59643e+08,1.0598e+09,8.28309e+08,5.06394e+08,4.41557e+08,5.36691e+08
Smp-041460.1_175_H4N2,5.90662e+08,5.89387e+08,5.57418e+08,3.60113e+07,7.74341e+07,6.5206e+07
Smp-041460.1_175_H3N2,9.84972e+07,1.26181e+08,1.07197e+08,7.56264e+07,8.01773e+07,7.29322e+07
Smp-125250.1_83_H5N4F2,2.35586e+09,3.91259e+09,4.16858e+09,2.99771e+09,3.10383e+09,2.26025e+09
Smp-072190.1_115_H6N3,2.71856e+08,2.70709e+08,2.11722e+08,5.67062e+08,5.21525e+08,4.09484e+08
Smp-072190.1_115_H5N4,3.82446e+09,4.80209e+09,4.12884e+09,1.27072e+10,1.03947e+10,1.18518e+10
Smp-041460.1_175_H5N3,8.00664e+07,8.9214e+07,8.1533e+07,0,0,0
Smp-072190.1_115_H4N4,3.5229e+09,4.43652e+09,3.5999e+09,1.00554e+10,8.65196e+09,8.26788e+09
Smp-072190.1_115_H5N2,4.50172e+08,4.50003e+08,4.07626e+08,1.11254e+09,1.10135e+09,1.14889e+09
Smp-125250.1_83_H6N3F2,7.11099e+08,8.95669e+08,9.28565e+08,7.64323e+08,6.94456e+08,8.22749e+08
Smp-323580.1_1178_H9N2,3.40661e+08,4.97126e+08,4.19083e+08,8.62905e+08,7.4437e+08,8.20316e+08
Smp-041460.1_175_H5N4F2,2.64805e+08,2.50804e+08,2.642e+08,1.15528e+08,8.43029e+07,1.00256e+08
Smp-041460.1_175_H5N3F2,5.59304e+08,5.81393e+08,5.7548e+08,9.39815e+07,1.07896e+08,1.13549e+08
Smp-125250.1_83_H5N4F1,5.39055e+08,6.81519e+08,7.31225e+08,6.44132e+08,4.92371e+08,4.42995e+08
Smp-041460.1_175_H5N2F1,2.1735e+08,2.2167e+08,1.91227e+08,5.83279e+07,3.4762e+07,3.00495e+07
Smp-041460.1_175_H4N2F1,1.38313e+09,1.55795e+09,1.5491e+09,6.19312e+07,7.19539e+07,7.99306e+07
Smp-090080.1_97_H9N2,2.64675e+09,2.5006e+09,2.23357e+09,5.66862e+09,5.46719e+09,4.66902e+09
Smp-090080.1_97_H7N2,3.23432e+08,4.71467e+08,3.2266e+08,6.14841e+08,5.03896e+08,5.29863e+08
Smp-173480.1_344_H2N2F1Pen1,1.21288e+08,1.64826e+08,1.31834e+08,1.05584e+08,7.28511e+07,7.61863e+07
Smp-267090.1_941_H4N4F2,5.6767e+07,8.9234e+07,7.93033e+07,6.37873e+08,4.71271e+08,6.64537e+08
Smp-090080.1_97_H8N2,7.80338e+08,9.93717e+08,7.73893e+08,3.56982e+09,2.65981e+09,2.15664e+09
Smp-072190.1_115_H4N2,4.2692e+08,5.17953e+08,4.10558e+08,1.15433e+09,9.61562e+08,1.10884e+09
Smp-125250.1_83_H5N3F2,4.57561e+08,4.81974e+08,4.48516e+08,3.68191e+08,3.89876e+08,2.88843e+08
Smp-090080.1_97_H6N2,3.60629e+08,3.85863e+08,3.03903e+08,6.96047e+08,5.94364e+08,4.68388e+08
Smp-072190.1_115_H3N4,3.38374e+09,2.55011e+09,2.748e+09,6.32773e+09,4.95579e+09,4.09698e+09
Smp-041460.1_175_H4N3F1,1.94433e+08,2.18038e+08,2.3725e+08,2.28094e+08,0,1.76371e+08
Smp-072190.1_115_H3N3,1.91933e+08,1.56224e+08,1.92401e+08,4.21544e+08,3.56313e+08,3.04981e+08
Smp-041460.1_175_H3N2F1,5.01633e+08,7.83084e+08,6.66318e+08,7.61128e+06,3.9276e+06,0
Smp-072190.1_115_H3N2,4.78408e+08,6.06958e+08,5.33479e+08,1.22769e+09,9.62857e+08,9.22129e+08
Smp-072190.1_115_H3N5,7.08134e+08,8.84256e+08,7.39451e+08,1.03005e+09,8.65953e+08,9.62038e+08
Smp-072190.1_115_H3N6,2.58828e+09,3.15246e+09,2.62905e+09,7.23867e+09,5.50831e+09,5.34435e+09
Smp-303320.1_116_H9N2,3.25839e+09,3.79288e+09,3.06679e+09,9.34058e+09,9.34536e+09,8.89158e+09
Smp-170280.1_141_H9N2,4.00026e+08,4.70206e+08,4.74072e+08,1.31185e+09,1.12076e+09,1.13499e+09
Smp-041460.1_175_H2N2F1,7.57954e+07,1.18081e+08,1.13571e+08,1.99669e+06,0,0
Smp-303320.1_116_H10N2,6.54647e+08,6.30076e+08,6.71065e+08,1.71626e+09,1.6256e+09,1.56179e+09
Smp-041460.1_175_H4N4F3,1.29819e+09,1.39938e+09,1.08138e+09,1.06849e+09,8.08544e+08,9.09599e+08
Smp-034420.1_34_H9N2,6.40872e+08,7.14116e+08,7.54363e+08,7.20002e+08,6.15368e+08,6.59052e+08
Smp-041460.1_175_H3N6F4,3.73024e+08,3.68881e+08,3.8601e+08,5.85437e+07,3.70386e+07,3.51083e+07
Smp-303320.1_116_H8N2,8.7001e+08,9.00982e+08,1.00767e+09,2.30481e+09,2.1682e+09,1.85432e+09
Smp-043390.1_346_H2N2F1,2.1112e+07,2.08972e+07,2.6213e+07,2.12353e+07,2.06865e+07,2.19793e+07
Smp-034420.1_34_H8N2,6.4728e+08,5.95595e+08,6.56791e+08,1.69195e+09,1.49187e+09,1.41702e+09
Smp-041460.1_175_H3N4F3,1.94314e+08,3.20598e+08,2.80191e+08,5.90875e+07,4.3784e+07,1.96175e+08
Smp-340060.1_57_H4N2,6.02125e+07,6.82016e+07,7.97573e+07,0,0,3.63277e+06
Smp-303320.1_116_H6N3F1,1.65146e+09,6.5251e+08,7.57699e+08,3.11161e+09,3.38864e+09,2.82304e+09
Smp-246770.1_308_H3N6F2,9.02214e+08,1.00868e+09,1.52356e+09,5.86095e+06,0,8.94495e+06
Smp-242200.1_260_H3N2F1,1.35987e+08,1.37805e+08,3.92617e+08,6.49806e+08,6.39839e+08,6.90883e+08
Smp-302980.1_299_H6N5F2,9.94093e+07,7.95243e+07,8.18552e+07,0,0,4.22921e+06
Smp-041460.1_175_H3N6F5,8.73928e+07,1.01941e+08,7.54979e+07,8.31402e+07,8.81711e+07,9.35597e+07
Smp-090080.1_97_H6N3,1.69959e+08,2.00231e+08,2.11262e+08,8.2584e+06,0,0
Smp-303320.1_116_H6N2,1.97443e+09,1.45719e+09,1.98557e+09,3.17509e+09,3.26818e+09,2.94484e+09
Smp-340540.1_202_H6N2,2.01112e+09,1.9095e+09,1.71293e+09,5.10669e+08,4.73714e+08,4.58185e+08
Smp-071610.1_144_H3N2F1,9.73454e+08,1.22497e+09,8.80741e+08,9.41119e+08,8.86366e+08,1.08768e+09
Smp-242200.1_260_H2N2F1,4.45801e+08,5.06482e+08,4.52342e+08,1.55632e+09,1.77927e+09,1.28875e+09
Smp-020340.1_416_H5N2,3.34299e+08,2.55329e+08,2.12276e+08,5.34444e+08,6.09733e+08,4.81902e+08
Smp-020340.1_416_H4N2,2.70817e+08,3.13642e+08,2.58149e+08,3.51326e+08,3.99962e+08,3.61503e+08
Smp-170280.1_1295_H3N2F1,3.67635e+08,2.6092e+08,2.03562e+08,3.69676e+08,2.96299e+08,3.56191e+08
Smp-246770.1_308_H3N5F1,7.72865e+08,7.2802e+08,8.07707e+08,5.77573e+08,1.27255e+08,1.43245e+08
Smp-340540.1_202_H6N3,1.4989e+09,2.07965e+09,2.09567e+09,8.8709e+08,7.67647e+08,8.56155e+08
Smp-017730.1_172_H3N2F1,1.73754e+09,1.77342e+09,2.31414e+09,6.51797e+09,5.8284e+09,5.8252e+09
Smp-303320.1_116_H6N3,2.80718e+08,2.76358e+08,2.45743e+08,1.56774e+09,1.43701e+09,1.36553e+09
Smp-303320.1_116_H5N2,2.16071e+08,1.48239e+08,1.84114e+08,7.70628e+08,9.14446e+08,7.80816e+08
Smp-340540.1_202_H5N2,4.04333e+09,5.3351e+09,4.73517e+09,2.2556e+09,2.3511e+09,2.22043e+09
Smp-028870.1_65_H10N2,8.21646e+07,6.44067e+07,1.08321e+08,5.05707e+07,5.34317e+07,8.23743e+07
Smp-303320.1_116_H6N3F2,3.76926e+08,7.70914e+08,2.85129e+08,7.67293e+08,8.32423e+08,9.05358e+08
Smp-340540.1_202_H4N2,1.00655e+08,1.30246e+08,8.8448e+07,2.01183e+07,5.16297e+07,7.17826e+07
Smp-071610.1_144_H2N2F1,1.46838e+09,1.82742e+09,1.66603e+09,1.81557e+09,1.76196e+09,1.73405e+09
Smp-343920.1_68_H6N5F2,1.45175e+08,1.39876e+08,9.93339e+07,0,0,0
Smp-123540.1_82_H3N2F1,8.70474e+09,9.82509e+09,9.30798e+09,8.96521e+09,8.94102e+09,1.06268e+10
Smp-125250.1_68_H6N2,9.99177e+07,1.00777e+08,8.46968e+07,5.03739e+07,1.16723e+08,6.98268e+07
Smp-123540.1_82_H2N2F1,2.88349e+07,2.39125e+07,1.05005e+07,1.35444e+07,0,2.51587e+07
Smp-303320.1_116_H5N4F2,9.51316e+08,1.2982e+09,1.10726e+09,1.22019e+09,1.72122e+09,9.28867e+08
Smp-034420.1_34_H6N5F1,2.09011e+08,2.66885e+08,2.19003e+08,7.88927e+07,0,1.45424e+08
Smp-303320.1_116_H5N3F2,1.08149e+09,1.27636e+09,8.20932e+08,1.55838e+09,1.60849e+09,1.64093e+09
Smp-165710.1_44_H6N5F4,2.52744e+08,3.96898e+08,2.25197e+08,1.06245e+08,1.12895e+08,1.55417e+08
Smp-123540.1_82_H3N3F1,7.07197e+08,8.91838e+08,6.87762e+08,4.43805e+08,4.34119e+08,4.8382e+08
Smp-123540.1_82_H3N4F1,1.4136e+08,3.35951e+08,1.42205e+08,1.49691e+08,6.30466e+08,3.78623e+08
Smp-340540.1_202_H4N3,2.64021e+08,3.14707e+08,3.05319e+08,2.57014e+08,1.93438e+08,1.98574e+08
Smp-303320.1_116_H4N4F2,5.6029e+08,5.90181e+08,6.19622e+08,2.16607e+09,2.18941e+09,2.07501e+09
Smp-020340.1_416_H3N2,3.36034e+08,3.93169e+08,3.87112e+08,5.56408e+08,6.33529e+08,6.36585e+08
Smp-148900.1_68_H3N2F1,1.32401e+09,1.39841e+09,1.24695e+09,2.83554e+09,2.73296e+09,2.57722e+09
Smp-089240.1_157_H5N4F2,2.00156e+08,2.58157e+08,2.21153e+08,4.11e+07,7.15415e+07,2.05638e+07
Smp-303320.1_116_H5N3F1,2.82226e+08,3.00939e+08,3.25048e+08,8.29496e+08,7.27082e+08,7.63133e+08
Smp-028870.1_65_H6N5F2,3.10817e+08,4.1158e+08,3.86645e+08,0,0,6.45479e+06
Smp-156630.1_516_H5N4F2,1.60142e+09,1.36797e+09,1.4622e+09,2.17872e+09,1.8963e+09,1.6546e+09
Smp-303320.1_116_H4N4F1,3.40418e+08,4.01712e+08,2.91087e+08,1.41328e+09,1.65548e+09,1.40906e+09
Smp-028870.1_65_H6N3F1,1.98869e+09,1.91881e+09,2.18596e+09,1.49421e+09,1.33446e+09,8.72128e+08
Smp-346030.2_82_H6N2,4.63102e+07,4.73521e+07,7.74042e+07,5.07047e+07,8.28099e+07,6.91735e+07
Smp-156630.1_516_H4N5F2,7.85574e+08,9.94601e+08,4.58538e+08,2.27285e+09,2.37555e+09,2.00952e+09
Smp-156630.1_516_H5N4F3,6.3237e+08,6.94871e+08,4.55797e+08,7.05984e+08,8.73146e+08,6.50615e+08
Smp-346030.2_82_H6N5F1,1.94777e+08,2.28588e+08,1.21388e+08,0,0,0
Smp-089240.1_157_H5N4F1,4.1936e+07,4.44673e+07,3.43047e+07,3.63633e+07,4.2485e+07,2.36114e+07
Smp-156630.1_516_H4N5F3,5.12677e+08,5.15843e+08,5.68955e+08,1.09768e+09,9.29498e+08,9.2794e+08
Smp-028870.1_65_H6N3F2,3.14456e+08,3.66376e+08,2.26157e+08,0,1.36577e+07,2.24587e+07
Smp-028870.1_65_H5N4F3,1.69069e+08,1.70593e+08,1.59607e+08,1.68759e+07,2.92439e+07,1.27575e+07
Smp-156630.1_516_H4N5F1,3.29517e+08,4.15437e+08,4.39957e+08,1.21187e+09,1.27225e+09,1.20296e+09
Smp-034420.1_34_H3N2F1,7.01877e+08,7.46645e+08,4.65798e+08,1.44134e+09,1.76701e+09,1.09209e+09
Smp-034420.1_34_H2N2F1,2.59267e+07,2.02366e+07,3.71431e+07,1.16158e+08,5.31469e+07,1.27096e+08
Smp-028870.1_65_H5N4F2,5.83241e+09,5.54488e+09,6.11336e+09,3.73338e+08,2.45329e+08,4.51934e+08
Smp-028870.1_65_H5N3F2,1.11251e+09,1.5033e+09,1.58911e+09,3.3849e+07,2.5309e+08,2.22043e+08
Smp-028870.1_65_H4N3F2,1.23037e+08,1.53492e+08,1.43225e+08,0,0,0
Smp-170280.1_227_H3N2F1,2.89531e+08,4.77571e+08,2.50243e+08,9.35538e+08,8.79883e+08,1.10118e+09
Smp-332790.1_259_H9N2,2.12753e+08,1.66742e+08,1.51514e+08,1.45334e+08,1.37193e+08,1.48254e+08
Smp-028870.1_65_H4N4F2,6.90357e+07,5.87342e+07,5.36025e+07,0,0,0
Smp-028870.1_65_H5N3F1,2.48122e+09,2.48026e+09,2.24601e+09,9.18095e+08,1.18772e+09,9.67701e+08
Smp-028870.1_65_H5N4F1,6.21725e+08,6.92048e+08,7.54089e+08,5.56647e+08,5.41171e+08,6.17193e+08
Smp-165710.1_44_H4N5F3,2.40759e+08,2.79043e+08,2.86005e+08,7.50495e+08,8.32022e+08,7.47596e+08
Smp-144760.1_203_H3N2F1,2.76895e+08,2.73105e+08,2.5209e+08,3.58136e+08,3.84795e+08,3.57742e+08
Smp-343110.1_397_H9N2,2.20221e+08,3.03479e+08,3.83842e+08,4.453e+08,4.45598e+08,5.69532e+08
Smp-147430.1_414_H3N2F1,1.93225e+08,2.08124e+08,2.28651e+08,9.52243e+08,9.74796e+08,1.0067e+09
Smp-100080.1_131_H3N2F1,7.30745e+07,1.64209e+08,1.34396e+08,1.61709e+08,1.59522e+08,2.31536e+08
Smp-333600.1_305_H3N2F1,1.62241e+08,2.58701e+08,3.53948e+08,4.95947e+08,3.74708e+08,3.96406e+08
Smp-005720.1_147_H3N9F1,4.26858e+08,4.12127e+08,2.8769e+08,7.80726e+08,6.77756e+08,6.48007e+08
Smp-180790.1_432_H6N5F1,3.85133e+08,2.77242e+08,3.98976e+08,1.14572e+07,5.57806e+07,0
Smp-331290.1_40_H5N4F1,1.20313e+09,2.34037e+09,1.97411e+09,5.25061e+09,5.09645e+09,3.40873e+09
Smp-213910.1_735_H2N2F1,6.70613e+07,5.51597e+07,4.56863e+07,1.53142e+08,1.39752e+08,1.45276e+08
Smp-005720.1_147_H3N8F2,7.7543e+07,1.09562e+07,4.51528e+06,2.89794e+08,2.99362e+08,4.50271e+07
Smp-125250.1_46_H6N5F2,6.29308e+08,3.05188e+09,5.47852e+09,2.8671e+09,7.84114e+08,3.09154e+09
Smp-331290.1_40_H3N6F1,1.41333e+10,2.12395e+10,1.85316e+10,2.76152e+10,2.27223e+10,2.12039e+10
Smp-005720.1_147_H3N8F1,1.07926e+09,1.50812e+09,1.32984e+09,3.08163e+09,3.57601e+09,3.02805e+09
Smp-327360.1_475_H5N4F1,4.92019e+08,7.56505e+08,5.8022e+08,2.50302e+08,2.34156e+08,2.98916e+07
Smp-048380.1_171_H2N2F1,1.36665e+08,1.16032e+08,9.11821e+07,2.59132e+08,2.88082e+08,7.4979e+07
Smp-127820.1_496_H5N4F2,1.22225e+08,9.29828e+07,1.20584e+08,6.88707e+07,6.93673e+07,2.39423e+07
Smp-197390.1_351_H9N2,9.76395e+08,1.00346e+09,9.18869e+08,2.45015e+09,2.57705e+09,1.8005e+09
Smp-331290.1_40_H3N8F1,2.06357e+09,1.76466e+09,1.39322e+09,2.67623e+09,3.02309e+09,3.00346e+09
Smp-348070.1_81_H3N6F1,3.43152e+09,3.89343e+09,4.79058e+09,2.45557e+10,1.89629e+10,1.63029e+10
Smp-143730.1_725_H9N2,4.04653e+08,3.91079e+08,3.23916e+08,5.30323e+08,5.5771e+08,4.59701e+08
Smp-127820.1_496_H4N5F2,2.71488e+08,2.23622e+08,2.74523e+08,1.53807e+08,2.00216e+08,1.61597e+08
Smp-309250.1_40_H6N5F1,1.80179e+09,2.38126e+09,2.92433e+09,1.61768e+08,1.55165e+08,2.53845e+08
Smp-143730.1_725_H8N2,3.5944e+08,4.39915e+08,5.81432e+08,3.12125e+08,3.41382e+08,2.64918e+08
Smp-005720.1_147_H3N6F1,2.21756e+09,1.95326e+09,2.86806e+09,6.34053e+09,6.29468e+09,6.90267e+09
Smp-127620.1_1178_H3N2F1,3.50783e+08,2.73334e+08,3.81169e+08,1.25845e+09,1.33863e+09,1.90519e+08
Smp-125250.1_46_H5N5F2,4.63583e+08,5.3076e+08,5.07333e+08,3.06182e+08,2.70958e+08,1.04165e+08
Smp-331290.1_40_H4N5F1,2.62562e+08,5.8312e+08,5.70187e+08,9.63035e+08,9.40141e+08,8.57954e+08
Smp-309250.1_40_H5N4F1,3.45566e+08,4.01638e+08,3.95533e+08,5.48211e+06,0,0
Smp-332600.9_90_H3N2F1,2.45817e+08,2.48532e+08,2.69413e+08,3.91886e+08,4.19555e+08,8.08207e+07
Smp-348070.1_81_H3N4F1,6.07292e+09,7.72475e+09,8.48855e+09,3.08992e+10,2.70449e+10,6.32027e+09
Smp-331290.1_40_H3N4F1,1.90947e+10,2.59148e+10,1.99948e+10,2.84919e+10,2.65164e+10,2.78491e+10
Smp-127820.1_496_H5N4F1,4.773e+08,3.19573e+08,5.54461e+08,3.32063e+08,3.44175e+08,4.8594e+07
Smp-331290.1_40_H3N5F1,4.57683e+08,6.11565e+08,6.64049e+08,5.1073e+08,6.41419e+08,1.21413e+09
Smp-331290.1_40_H4N3F1,7.50469e+08,1.03122e+09,1.12538e+09,1.11353e+09,1.26307e+09,8.69688e+08
Smp-166530.1_402_H6N5F2,4.11784e+08,2.53748e+08,4.06511e+08,1.50304e+08,6.38634e+07,1.30547e+07
Smp-127820.1_496_H4N5F1,5.46719e+08,2.44635e+08,5.30008e+08,5.27398e+08,5.70394e+08,4.5225e+08
Smp-164760.1_456_H3N2F1,1.33468e+09,1.07711e+09,1.41284e+09,2.59826e+09,2.5856e+09,2.60067e+09
Smp-143730.1_725_H6N2,2.21292e+09,2.41061e+09,1.94391e+09,2.98008e+09,2.40886e+09,3.23333e+09
Smp-331290.1_40_H3N2F1,6.81387e+08,8.64752e+08,6.46782e+08,1.22142e+09,1.19675e+09,9.79667e+08
Smp-331290.1_40_H3N3F1,2.10198e+08,1.13982e+08,0,0,6.50457e+07,1.02455e+08
Smp-331290.1_40_H2N2F1,4.47778e+08,5.84129e+08,4.86135e+08,8.47541e+08,6.17112e+08,4.94982e+08
Smp-331290.1_40_H2N2,4.3487e+07,2.65871e+07,2.41179e+07,7.08135e+07,5.44194e+07,5.50583e+07
Smp-127820.1_496_H3N6F1,1.1591e+08,1.21992e+08,1.80697e+08,5.23395e+08,2.50233e+08,5.76353e+08
Smp-144920.1_80_H6N2,2.37317e+07,1.56748e+07,0,3.04863e+07,0,5.15654e+07
Smp-337390.1_537_H6N2F1,8.98899e+08,6.75471e+08,4.8647e+08,1.56084e+09,1.38945e+09,1.44173e+09
Smp-144920.1_80_H5N2,2.12706e+07,1.38812e+07,1.88809e+07,8.62419e+06,1.86155e+07,1.31029e+07
Smp-213900.1_59_H2N2F1,1.00475e+08,1.36527e+08,1.30751e+08,3.59786e+08,3.01635e+08,4.50546e+08
Smp-143730.1_725_H5N2,2.08227e+08,2.15665e+08,2.33382e+08,1.35799e+08,1.52913e+08,1.83292e+08
Smp-127820.1_496_H4N2,2.09589e+09,1.76383e+09,1.69991e+09,3.13471e+09,2.54608e+09,3.02044e+09
Smp-332480.1_178_H2N2F1,1.01376e+09,1.12497e+09,1.42556e+09,2.33155e+09,2.24198e+09,2.56911e+09
Smp-337390.1_537_H6N2,2.6022e+08,2.03802e+08,1.44635e+08,4.7815e+08,4.35083e+08,3.25182e+08
Smp-127820.1_496_H3N2,6.13441e+09,4.39303e+09,5.07251e+09,2.67384e+09,2.3036e+09,2.22526e+09
Smp-005720.1_147_H3N4F1,5.37739e+08,6.95442e+08,5.54935e+08,1.65817e+09,1.66377e+09,1.35353e+09
Smp-005720.1_147_H3N2F1,5.07909e+08,5.40949e+08,5.63273e+08,1.22064e+09,1.28727e+09,2.14417e+09
Smp-000270.1_198_H6N5F2,4.36381e+08,5.00155e+08,4.84287e+08,0,0,0
Smp-067060.1_183_H6N5F4,4.94407e+08,3.56827e+08,4.43661e+08,0,2.90539e+07,1.78351e+07
Smp-067060.1_183_H10N2,3.4393e+09,3.83806e+09,4.02958e+09,1.73574e+09,1.67753e+09,1.76039e+09
Smp-067060.1_183_H7N4F2,3.32663e+08,3.20036e+08,3.815e+08,2.80104e+08,2.79511e+08,2.69087e+08
Smp-067060.1_183_H6N5F3,1.54001e+09,2.31999e+09,2.39458e+09,4.44263e+08,5.00787e+08,6.05637e+08
Smp-067060.1_183_H9N2,1.2896e+10,1.7273e+10,1.88012e+10,1.15291e+10,9.69329e+09,1.24913e+10
Smp-011000.1_373_H3N2F1,9.20745e+07,1.05264e+08,8.58422e+07,1.12856e+08,1.31835e+08,7.86441e+07
Smp-067060.1_183_H6N2,1.33477e+10,1.14547e+10,1.22775e+10,1.32218e+10,1.55414e+10,1.0902e+10
Smp-196020.1_445_H8N2,2.41452e+08,3.08535e+08,3.54435e+08,4.24017e+08,3.67511e+08,3.50231e+08
Smp-143730.1_725_H3N5F1,1.16774e+08,1.25659e+08,1.18687e+08,1.42901e+08,1.29214e+08,1.29118e+08
Smp-342830.1_1540_H9N2,1.42264e+09,3.24401e+09,3.10606e+09,5.34185e+09,4.9284e+09,5.08964e+09
Smp-341660.1_129_H2N2F1,1.12143e+08,1.5224e+08,5.0326e+08,4.32428e+08,5.29948e+08,4.66651e+08
Smp-246770.1_308_H3N7F2,3.12308e+08,3.24453e+08,4.27617e+08,0,0,0
Smp-067060.1_183_H5N2,2.12495e+11,2.3129e+11,2.10208e+11,9.36539e+10,1.08161e+11,7.67359e+10
Smp-067060.1_183_H5N5F4,5.3816e+09,9.45893e+09,9.37866e+09,6.22912e+08,3.86642e+08,6.65468e+08
Smp-067060.1_183_H8N2,2.07702e+10,3.41761e+10,3.65826e+10,2.25925e+10,2.3538e+10,2.53575e+10
Smp-067060.1_183_H5N5F3,1.34847e+10,1.65277e+10,1.26997e+10,3.29575e+09,4.04526e+09,4.18869e+09
Smp-067060.1_183_H7N4F3,2.06663e+08,4.15894e+08,4.28167e+08,2.37455e+08,1.93563e+08,2.41945e+08
Smp-043390.1_453_H9N2,7.70216e+08,8.29201e+08,8.62069e+08,5.77748e+08,6.71569e+08,4.33779e+08
Smp-246770.1_308_H3N7F1,4.3389e+07,5.38718e+07,5.91535e+07,2.56352e+07,2.33725e+07,0
Smp-341660.1_129_H2N2F1Pen1,1.32137e+08,1.49491e+08,2.10156e+08,7.40585e+08,6.61674e+08,7.14638e+08
Smp-246770.1_308_H3N5F2,3.9912e+08,4.11227e+08,4.57611e+08,1.79661e+08,1.48067e+08,1.40522e+08
Smp-067060.1_183_H7N3F1,2.56442e+08,3.3325e+08,4.6538e+08,2.04345e+08,4.38313e+08,2.24809e+08
Smp-067060.1_183_H7N2,9.42434e+09,1.06548e+10,1.23833e+10,7.54377e+09,6.41335e+09,8.06071e+09
Smp-043390.1_453_H8N2,1.05589e+09,1.35412e+09,1.57033e+09,7.26345e+08,9.47933e+08,7.90823e+08
Smp-067060.1_183_H5N6F3,2.21523e+08,3.1505e+08,2.91444e+08,0,0,0
Smp-067060.1_183_H6N3F2,1.92768e+10,2.12385e+10,1.94649e+10,9.51312e+09,1.07088e+10,1.14263e+10
Smp-067060.1_183_H6N3F1,2.91268e+10,3.55242e+10,3.94287e+10,2.63214e+10,2.37878e+10,2.26462e+10
Smp-246770.1_308_H3N6F1,7.85378e+08,1.04641e+09,9.7949e+08,1.86159e+09,1.2253e+09,2.40062e+08
Smp-067060.1_183_H4N4F2,8.02235e+10,8.80493e+10,8.42756e+10,1.13938e+10,1.09876e+10,1.29861e+10
Smp-067060.1_183_H5N4F3,1.27618e+10,1.2777e+10,1.40738e+10,7.28936e+09,6.99993e+09,7.84465e+09
Smp-067060.1_183_H6N5F2,3.40847e+09,4.22291e+09,4.28854e+09,6.63348e+08,1.85551e+09,1.20906e+09
Smp-067060.1_183_H5N4F2,1.25506e+10,1.30045e+10,1.36325e+10,7.84792e+09,7.80689e+09,5.13823e+09
Smp-143730.1_725_H3N3F1,1.69593e+08,1.8088e+08,1.95711e+08,9.5726e+07,5.99448e+07,1.53884e+08
Smp-246770.1_308_H3N5F1Pen1,5.32483e+08,6.54653e+08,7.15806e+08,9.37288e+08,8.7873e+08,0
Smp-067060.1_183_H6N4F3,1.69087e+09,1.63093e+09,1.57384e+09,9.99745e+07,8.13253e+08,3.2588e+07
Smp-067060.1_183_H4N2,1.21154e+10,1.36091e+10,1.21508e+10,1.75508e+10,1.77431e+10,1.54877e+10
Smp-067060.1_183_H5N4F4,3.85092e+09,5.49521e+09,5.94664e+09,1.02205e+09,5.75726e+08,1.82569e+09
Smp-337390.1_537_H3N2F1,8.90854e+08,9.54875e+08,8.53578e+08,9.1777e+08,6.69265e+08,8.54576e+08
Smp-196020.1_445_H6N2,1.66249e+09,2.4204e+09,2.07803e+09,2.44516e+09,1.73959e+09,2.14155e+09
Smp-246770.1_308_H3N4F1Pen1,2.49854e+08,1.74747e+08,1.2571e+08,1.74531e+08,2.11062e+08,0
Smp-143730.1_725_H3N2F1,6.10529e+08,5.87635e+08,6.63601e+08,8.58185e+08,8.10596e+08,7.22473e+08
Smp-067060.1_183_H6N3F3,4.09879e+09,4.50424e+09,4.14265e+09,9.10348e+08,1.2811e+09,1.23662e+09
Smp-154760.1_314_H4N3F2Pen1,1.50266e+08,2.20069e+08,2.26727e+08,2.88997e+07,9.25131e+07,9.35452e+07
Smp-067060.1_183_H6N5F1,3.8619e+08,3.80459e+08,2.66833e+08,4.9603e+08,4.87363e+08,4.08144e+08
Smp-067060.1_183_H6N3,9.34203e+08,9.37009e+08,1.16271e+09,1.95288e+09,1.93626e+09,2.15463e+09
Smp-067060.1_183_H4N4F3,8.68452e+10,9.03759e+10,8.46454e+10,8.38068e+09,8.3045e+09,7.56211e+09
Smp-067060.1_183_H5N3F2,4.47244e+10,4.79683e+10,4.60331e+10,2.62557e+10,2.60318e+10,1.45335e+10
Smp-067060.1_183_H4N5F3,1.09565e+10,1.18323e+10,1.16369e+10,3.80224e+08,4.09057e+08,2.4847e+08
Smp-067060.1_183_H5N4F1,4.39486e+09,4.28507e+09,5.01098e+09,5.20778e+09,3.90622e+09,4.52192e+09
Smp-043390.1_31_H3N2F1,1.38069e+07,1.41651e+07,3.44778e+06,5.51131e+07,3.97162e+07,4.23725e+07
Smp-049600.1_296_H6N2,5.84267e+09,4.84183e+09,4.75805e+09,7.26181e+09,7.23405e+09,5.31415e+09
Smp-067060.1_183_H5N3F1,6.33208e+09,6.8415e+09,8.07695e+09,4.56618e+09,4.21344e+09,3.57497e+09
Smp-246770.1_308_H3N4F1,1.92546e+08,2.17943e+08,2.81114e+08,6.76294e+06,5.51527e+07,3.81115e+07
Smp-067060.1_183_H4N3F2,3.09705e+10,3.49869e+10,3.55479e+10,7.44712e+10,6.33132e+10,6.54659e+10
Smp-067060.1_183_H5N5F2,3.70442e+09,3.95466e+09,3.51482e+09,1.08891e+09,1.03887e+09,6.94747e+08
Smp-067060.1_183_H6N4F2,7.38858e+08,5.36243e+08,8.51826e+08,2.18868e+08,2.14258e+08,1.72027e+08
Smp-067060.1_183_H4N4F1,4.89951e+09,5.27724e+09,5.12526e+09,2.08374e+09,1.88525e+09,1.83035e+09
Smp-067060.1_183_H5N5F1,6.3956e+08,6.96817e+08,6.58093e+08,3.35632e+08,2.12515e+08,1.79299e+08
Smp-067060.1_183_H5N2F1,1.10645e+11,1.26296e+11,1.19829e+11,2.62808e+10,2.28471e+10,2.25757e+10
Smp-067060.1_183_H3N4F2,2.66621e+10,3.21158e+10,3.10593e+10,2.51172e+09,2.61124e+09,1.97306e+09
Smp-143730.1_1169_H5N2,1.70734e+07,1.50607e+07,2.10279e+07,1.24474e+07,1.73498e+07,1.35364e+07
Smp-067060.1_183_H4N5F2,7.35979e+09,7.81255e+09,6.94496e+09,5.84624e+08,5.69838e+08,3.61504e+08
Smp-067060.1_183_H4N3F3,3.26276e+10,3.51376e+10,3.29561e+10,2.83133e+10,2.61974e+10,3.14282e+10
Smp-067060.1_183_H5N3F3,8.49397e+09,9.72612e+09,8.69457e+09,2.83438e+09,1.89944e+09,1.40685e+09
Smp-067060.1_183_H3N3F2,1.89156e+11,2.09818e+11,1.92825e+11,9.16341e+09,8.84512e+09,7.97123e+09
Smp-196020.1_445_H5N2,4.52277e+08,4.65746e+08,3.21941e+08,2.74453e+08,2.88427e+08,2.36706e+08
Smp-067060.1_183_H4N2F1,1.11731e+11,1.23774e+11,1.27276e+11,3.62831e+10,3.44919e+10,2.97896e+10
Smp-067060.1_183_H5N3,1.67062e+09,1.59624e+09,1.612e+09,4.7905e+08,4.8416e+08,3.83246e+08
Smp-049600.1_296_H5N2,2.86502e+07,2.06713e+07,3.86431e+07,0,1.2411e+07,0
Smp-067060.1_183_H4N6F2,1.35586e+08,1.05477e+08,1.39864e+08,0,0,2.58028e+07
Smp-067060.1_183_H5N2F2,8.71645e+09,8.69007e+09,8.52351e+09,1.11518e+09,1.29834e+09,1.22951e+09
Smp-067060.1_183_H3N2,6.41169e+09,6.40231e+09,7.0485e+09,6.70405e+09,6.7576e+09,6.14729e+09
Smp-067060.1_183_H4N3F1,2.99385e+10,2.44514e+10,2.36559e+10,2.54683e+10,2.84249e+10,2.17292e+10
Smp-067060.1_183_H2N2,1.56987e+09,1.77404e+09,1.45821e+09,1.43533e+09,1.3861e+09,1.24755e+09
Smp-067060.1_183_H4N5F1,1.02017e+09,9.89974e+08,1.13236e+09,1.44154e+08,1.28258e+08,5.94023e+07
Smp-067060.1_183_H3N3F1,3.72054e+11,3.82093e+11,4.49589e+11,4.3135e+10,4.03427e+10,4.5177e+10
Smp-043390.1_453_H6N5F2,4.15437e+08,3.85808e+08,3.03855e+08,0,3.07772e+07,0
Smp-067060.1_183_H4N6F1,7.96284e+07,4.5052e+07,5.46447e+07,0,7.90036e+08,0
Smp-067060.1_183_H3N5F2,1.15251e+10,1.19338e+10,1.25064e+10,3.62071e+08,3.1295e+08,3.40726e+08
Smp-067060.1_183_H2N2F1,1.07052e+10,1.20697e+10,1.17984e+10,3.01274e+10,3.15419e+10,3.14896e+10
Smp-133950.1_231_H6N5A3,7.4871e+08,5.69096e+08,7.50157e+08,6.27045e+08,5.2902e+08,6.39095e+08
Smp-067060.1_183_H3N2F1,1.25143e+11,1.43887e+11,1.57458e+11,9.22262e+10,8.89444e+10,7.81329e+10
Smp-067060.1_183_H4N3,3.01395e+09,3.77451e+09,3.96025e+09,4.4423e+09,3.20493e+09,4.8689e+09
Smp-067060.1_183_H1N2F1,1.79956e+09,1.59694e+09,1.78215e+09,8.84295e+08,1.15802e+09,8.79967e+08
Smp-043390.1_453_H6N5F1,4.2946e+08,4.85446e+08,5.14771e+08,1.53266e+08,1.24823e+08,0
Smp-067060.1_183_H4N3F4Pen1,7.43313e+07,8.44431e+07,1.1065e+08,4.70724e+07,8.97786e+07,9.17943e+07
Smp-067060.1_183_H3N5F1,2.97292e+09,3.67624e+09,3.65626e+09,3.87598e+08,2.64668e+08,1.75762e+08
Smp-067060.1_183_H3N4F1,1.21384e+10,1.2385e+10,1.31046e+10,1.66392e+09,1.79922e+09,1.8171e+09
Smp-067060.1_183_H3N3F2Pen1,4.53471e+08,5.14802e+08,4.88293e+08,1.11395e+08,0,1.17665e+08
Smp-011990.1_385_H2N2F1,6.12158e+07,6.88225e+07,7.32324e+07,6.55839e+07,5.87124e+07,4.86143e+07
Smp-300580.1_428_H3N4F1,5.17714e+08,5.70299e+08,2.54318e+08,6.09842e+08,6.95581e+08,7.51284e+08
Smp-170550.1_391_H9N2,1.57998e+07,0,0,1.41352e+08,1.21829e+08,1.16994e+08
Smp-067060.1_183_H3N3,3.53182e+09,3.25933e+09,3.35992e+09,1.78518e+08,2.34243e+08,2.61177e+08
Smp-308820.1_1378_H9N2,2.64882e+08,1.55755e+08,2.02321e+08,4.48459e+08,4.34121e+08,4.55626e+08
Smp-043390.1_453_H5N4F2,1.38456e+08,1.51053e+08,1.63316e+08,7.44933e+07,7.84069e+07,6.00235e+07
Smp-067060.1_183_H2N3F1,3.5646e+09,4.01358e+09,4.54186e+09,2.23173e+09,2.9595e+09,3.1121e+09
Smp-148900.1_68_H2N2F1,1.21946e+08,1.5492e+08,1.07968e+08,2.85105e+08,2.65241e+08,2.66296e+08
Smp-067060.1_183_H2N3F2,4.143e+08,5.22476e+08,6.32378e+08,2.36553e+07,3.49268e+07,6.54458e+06
Smp-043390.1_453_H5N4F1,5.53033e+08,6.82046e+08,5.63592e+08,5.12536e+08,5.29413e+08,3.75963e+08
Smp-017730.1_1118_H6N4F1,4.92072e+08,4.65107e+08,5.5913e+08,2.32465e+09,2.37102e+09,2.48932e+09
Smp-105450.1_103_H9N2,2.47407e+09,3.05484e+09,2.72301e+09,1.04485e+09,1.11224e+09,1.01698e+09
Smp-105450.1_103_H10N2,1.1056e+08,4.84837e+07,1.32616e+08,4.32062e+07,1.27734e+07,2.47361e+07
Smp-105450.1_103_H6N5F1,1.34889e+09,1.44876e+09,1.5479e+09,8.15101e+08,8.67839e+08,9.60207e+08
Smp-105450.1_103_H8N2,1.96285e+09,2.21325e+09,2.54396e+09,1.13408e+09,9.92016e+08,7.32848e+08
Smp-017730.1_1118_H5N4F1,1.22323e+09,1.81814e+09,2.45927e+09,4.35596e+09,5.00024e+09,5.86912e+09
Smp-043990.1_243_H6N2,4.29471e+08,3.50611e+08,4.86156e+08,7.81148e+08,5.91226e+08,6.44033e+08
Smp-105450.1_103_H6N5F2,2.20703e+10,2.67776e+10,2.39396e+10,2.84884e+09,2.439e+09,2.42399e+09
Smp-105450.1_103_H6N3F2,1.94505e+10,1.93085e+10,2.00678e+10,3.93834e+09,3.42247e+09,2.419e+09
Smp-105450.1_103_H5N4F2,7.67423e+10,7.46116e+10,7.92112e+10,1.12673e+10,1.05785e+10,1.06435e+10
Smp-105450.1_103_H7N2,7.53439e+08,8.20128e+08,8.41723e+08,4.4152e+08,5.15069e+08,3.59849e+08
Smp-105450.1_103_H6N4F1,3.1256e+08,3.6089e+08,4.42891e+08,8.99242e+08,8.71119e+08,3.28839e+08
Smp-105450.1_103_H5N5F2,3.01676e+09,3.19678e+09,2.86865e+09,6.69366e+08,4.41081e+08,3.04826e+08
Smp-017730.1_1118_H4N4F1,2.48168e+10,2.8152e+10,3.90078e+10,1.11772e+11,1.05803e+11,1.05508e+11
Smp-105450.1_103_H6N3F1,1.46918e+10,1.57114e+10,1.52442e+10,2.52114e+09,2.75389e+09,2.12233e+09
Smp-105450.1_103_H6N4F2,4.32548e+08,4.38044e+08,4.20963e+08,1.00441e+08,0,0
Smp-345440.1_1444_H3N2F1,1.02392e+08,1.13057e+08,7.87899e+07,3.05608e+08,2.78789e+08,2.62379e+08
Smp-105450.1_103_H5N3F1,7.2947e+09,6.80859e+09,7.04002e+09,1.6974e+09,2.00882e+09,2.03893e+09
Smp-105450.1_103_H6N2,1.27668e+09,1.09963e+09,9.23727e+08,5.79917e+08,3.40018e+08,3.8816e+08
Smp-105450.1_103_H5N4F3,8.64714e+08,9.25042e+08,9.45049e+08,2.07659e+08,2.28497e+08,1.48059e+08
Smp-105450.1_103_H6N3,1.35392e+10,1.29537e+10,1.26855e+10,1.55616e+09,2.04433e+09,1.3407e+09
Smp-105450.1_103_H5N2F1,2.88688e+08,2.10661e+08,3.38608e+08,3.27772e+07,1.63977e+07,4.25533e+07
Smp-017730.1_1118_H4N4,9.00099e+08,1.07817e+09,9.27064e+08,3.04766e+09,2.94149e+09,2.98825e+09
Smp-017730.1_1118_H3N4F1,2.24351e+09,2.53132e+09,2.98825e+09,7.52664e+09,6.92534e+09,6.93975e+09
Smp-105450.1_103_H5N3F2,1.48535e+10,1.72021e+10,2.01102e+10,4.58958e+09,3.64327e+09,3.47571e+09
Smp-017730.1_1118_H2N3F1,2.92733e+08,4.61488e+08,4.50366e+08,1.82646e+09,1.63331e+09,1.2169e+09
Smp-043390.1_453_H3N2F1,2.81592e+08,3.39403e+08,3.4339e+08,4.54161e+08,4.77295e+08,5.37647e+08
Smp-105450.1_103_H5N3,8.85725e+08,8.27374e+08,9.34396e+08,2.36361e+08,1.8477e+08,1.98314e+08
Smp-174490.1_148_H3N2F1,3.81623e+08,4.21002e+08,4.21749e+08,5.25146e+08,5.2341e+08,4.56908e+08
Smp-105450.1_103_H5N4F1,4.11985e+09,3.70799e+09,3.62652e+09,1.34227e+10,1.03641e+10,1.07989e+10
Smp-067060.1_183_H2N4F1Pen1,4.75188e+06,3.48432e+06,5.29619e+06,2.56008e+06,0,0
Smp-105450.1_103_H4N3F2,1.41897e+10,1.36704e+10,1.45812e+10,1.30592e+10,1.60296e+10,1.34762e+10
Smp-156630.1_122_H5N4F3,2.57237e+08,2.24038e+08,3.38051e+08,6.67791e+08,5.86624e+08,5.04378e+08
Smp-105450.1_103_H4N3F1,1.30423e+09,1.08839e+09,1.23021e+09,8.97737e+08,1.14696e+09,1.51846e+09
Smp-105450.1_103_H4N4F2,1.30922e+10,1.40329e+10,1.77245e+10,1.03587e+11,1.01707e+11,1.0839e+10
Smp-105450.1_103_H5N3F3,2.26716e+08,3.10134e+08,3.21416e+08,3.15858e+07,6.60572e+07,6.70578e+07
Smp-105450.1_103_H5N2F2,1.54101e+08,1.53814e+08,1.76936e+08,8.44833e+08,9.04662e+08,1.41112e+09
Smp-146720.1_1114_H9N2,1.24605e+10,1.60109e+10,1.61437e+10,2.62873e+10,2.47615e+10,2.25228e+10
Smp-129230.1_263_H3N2F1,1.66559e+09,1.92412e+09,2.19736e+09,2.23088e+09,2.25273e+09,1.83547e+09
Smp-345440.1_1444_H2N2F1,4.61183e+08,5.31963e+08,4.27412e+08,1.23614e+09,1.39054e+09,1.21663e+09
Smp-242530.1_58_H6N5F2,2.24458e+08,2.12651e+08,1.85306e+08,3.78103e+07,1.06048e+08,3.11276e+07
Smp-146720.1_1114_H8N2,6.54454e+08,1.12184e+09,1.02851e+09,1.11645e+09,9.46741e+08,4.5714e+08
Smp-247190.1_214_H3N2F1,5.33555e+07,4.15389e+07,6.0572e+07,1.14803e+08,1.41017e+08,1.12971e+08
Smp-040360.1_137_H2N2,5.78034e+07,6.95934e+07,5.87637e+07,4.10332e+07,1.30845e+07,8.39907e+06
Smp-105450.1_103_H4N3F3,3.38398e+09,3.07906e+09,3.32424e+09,5.16817e+08,6.16e+08,5.71839e+08
Smp-017730.1_1118_H2N4F1,2.88911e+09,4.20145e+09,4.25772e+09,1.19116e+10,1.14833e+10,1.10932e+10
Smp-167240.1_47_H9N2,3.60474e+08,3.44739e+08,2.4574e+08,4.94136e+08,5.86197e+08,4.60879e+08
Smp-105450.1_103_H3N3F2,9.34953e+08,8.34434e+08,9.15047e+08,2.59171e+09,3.21739e+09,3.41974e+09
Smp-141610.1_330_H3N2,2.10508e+08,1.9103e+08,1.66042e+08,2.7787e+08,2.30178e+08,1.86507e+08
Smp-099090.1_396_H10N2,3.0072e+08,2.67622e+08,2.68801e+08,9.70594e+07,1.23754e+08,9.64859e+07
Smp-089670.1_1182_H9N2,4.52605e+08,4.10189e+08,4.39864e+08,8.68106e+08,8.37452e+08,7.57262e+08
Smp-141610.1_330_H2N2,4.6101e+08,4.48101e+08,4.22895e+08,8.22714e+08,7.80164e+08,6.68956e+08
Smp-127370.1_46_H9N2,2.9899e+08,3.293e+08,3.46995e+08,1.00822e+08,9.41891e+07,1.26838e+08
Smp-141610.1_330_H2N2F1,1.08876e+08,1.08126e+08,1.60091e+08,2.28841e+08,3.1672e+08,2.19468e+08
Smp-179660.1_362_H5N4F3,9.6591e+08,5.79734e+08,8.54523e+08,6.93613e+08,6.78298e+08,7.38961e+08
Smp-018760.1_184_H7N2,1.20511e+09,1.19936e+09,1.13105e+09,1.02098e+09,1.23296e+09,1.26927e+09
Smp-179660.1_362_H4N5F3,3.73981e+08,3.28726e+08,3.70743e+08,1.00702e+09,7.31765e+08,6.71411e+08
Smp-085010.1_185_H10N2,3.52081e+08,1.50224e+08,1.99236e+08,2.43323e+08,1.39328e+08,1.99265e+07
Smp-179660.1_362_H6N5F2,6.17464e+08,6.1794e+08,6.00738e+08,7.40361e+08,8.56381e+08,6.49082e+08
Smp-018760.1_184_H6N2,1.35013e+10,1.38925e+10,1.78318e+10,8.69274e+09,1.21871e+10,8.17902e+09
Smp-085010.1_185_H9N2,1.06378e+09,1.02933e+09,9.88167e+08,1.88136e+09,1.45762e+09,9.7295e+08
Smp-179660.1_362_H3N4F3Pen1,2.94655e+09,2.59921e+09,2.88519e+09,1.18008e+09,1.1897e+09,1.18035e+09
Smp-034420.1_57_H9N2,6.03835e+08,9.06469e+08,7.75314e+08,1.55092e+09,1.4655e+09,1.1932e+09
Smp-018760.1_184_H6N2F1,5.3471e+09,4.52018e+09,4.26884e+09,1.89838e+10,1.8144e+10,8.51169e+09
Smp-018760.1_184_H3N4F2Pen1,3.48145e+08,3.55933e+08,3.56198e+08,1.66999e+09,7.82978e+08,5.21098e+08
Smp-018760.1_184_H3N5F2,3.96698e+09,3.75828e+09,4.60881e+09,8.33913e+08,8.27511e+08,8.86812e+08
Smp-018760.1_184_H4N4F2,9.82462e+07,9.47554e+07,5.95306e+07,4.62747e+07,7.83087e+06,0
Smp-089670.1_1182_H4N3F2Pen1,3.31359e+08,3.79881e+08,4.48393e+08,1.56297e+08,2.38693e+08,3.48209e+08
Smp-034420.1_57_H8N2,2.24107e+09,2.81787e+09,2.95883e+09,7.35934e+09,7.35436e+09,6.10217e+09
Smp-088950.1_759_H3N4F1,1.15505e+08,9.05121e+07,1.04089e+08,5.63744e+07,5.79215e+07,8.1543e+07
Smp-018760.1_184_H3N3F2Pen1,2.13028e+09,2.12239e+09,2.14751e+09,1.01559e+09,9.78368e+08,1.06797e+09
Smp-018760.1_184_H3N5,6.16879e+07,1.16497e+07,5.74371e+07,0,0,0
Smp-018760.1_184_H3N5F1Pen1,5.39792e+08,4.88398e+08,5.73718e+08,6.98328e+07,1.78691e+08,0
Smp-018760.1_184_H5N4F1,5.3657e+08,3.8439e+08,5.19359e+08,7.48568e+08,9.79634e+08,9.62903e+08
Smp-089670.1_1182_H4N4F2Pen1,3.32938e+08,4.37353e+08,4.21388e+08,2.72903e+08,2.84571e+08,2.38741e+08
Smp-018760.1_184_H5N3F1,1.50336e+09,1.29917e+09,1.23955e+09,3.37109e+08,3.80127e+08,2.8974e+08
Smp-018760.1_184_H3N5F1,9.18125e+09,1.03579e+10,9.44065e+09,8.08905e+09,7.98129e+09,7.1718e+09
Smp-018760.1_184_H4N4F1,4.06897e+08,3.28315e+08,3.53339e+08,1.33289e+08,3.28207e+08,2.66509e+08
Smp-179660.1_362_H5N4F2,1.89121e+08,1.5727e+08,1.91259e+08,3.20999e+08,3.24109e+08,3.15965e+08
Smp-018760.1_184_H5N2F1,7.84745e+07,3.05847e+07,8.14368e+07,1.03411e+08,9.93446e+07,1.15047e+08
Smp-018760.1_184_H3N4F1Pen1,1.07944e+09,1.07449e+09,4.72549e+08,1.484e+09,1.71077e+09,2.22635e+09
Smp-018760.1_184_H3N4F1,6.14083e+09,6.4196e+09,5.58027e+09,5.19436e+09,6.13137e+09,4.98587e+09
Smp-018760.1_184_H3N3F2,2.48954e+09,2.67666e+09,2.59072e+09,9.93661e+08,1.13267e+09,8.43478e+08
Smp-034420.1_57_H7N2,1.24161e+09,1.07377e+09,9.522e+08,1.66296e+09,1.80308e+09,1.72453e+09
Smp-089670.1_1182_H4N3F2,1.20889e+09,1.15972e+09,1.21697e+09,1.63053e+09,1.82901e+09,1.86256e+09
Smp-018760.1_184_H4N3F1,1.59321e+09,1.22446e+09,1.34021e+09,3.03621e+08,4.97629e+08,4.32345e+08
Smp-034420.1_57_H6N5F1,3.44306e+08,3.09127e+08,1.41711e+08,0,0,6.79527e+06
Smp-156630.1_696_H9N2,2.24212e+08,2.54483e+08,2.49235e+08,8.54535e+08,8.52162e+08,9.85212e+08
Smp-018760.1_184_H3N3F1Pen1,2.72021e+08,1.64578e+08,1.71269e+08,4.23987e+08,3.24145e+08,2.79423e+08
Smp-179660.1_362_H3N4F1,3.20378e+08,1.55913e+08,1.92959e+08,8.623e+08,8.16932e+08,7.11309e+08
Smp-018760.1_184_H3N3F1,4.37807e+09,3.76554e+09,3.41432e+09,2.98153e+09,2.77099e+09,2.07368e+09
Smp-034420.1_57_H6N2,2.17005e+09,1.86994e+09,1.6924e+09,3.2245e+09,3.33799e+09,3.18608e+09
Smp-084890.1_384_H3N2F1,1.81674e+09,1.74775e+09,2.13224e+09,1.81854e+07,0,1.85417e+07
Smp-179660.1_362_H3N2F1,1.16503e+08,8.45719e+07,1.17804e+08,1.07576e+08,1.18351e+08,1.49472e+08
Smp-157070.1_186_H8N2,2.14565e+09,1.70318e+09,1.94969e+09,1.47026e+09,1.40595e+09,1.17478e+09
Smp-034420.1_57_H6N2F1,2.26099e+08,3.06011e+08,2.34669e+08,6.88746e+08,5.12367e+08,4.30941e+08
Smp-088950.1_759_H3N2F1,1.35408e+09,1.30378e+09,1.82586e+09,3.17429e+09,3.16706e+09,3.4693e+09
Smp-179660.1_362_H2N2F1,1.55275e+09,1.53358e+09,1.35109e+09,9.0971e+08,8.38287e+08,1.16656e+09
Smp-014570.1_93_H6N5F2,2.9024e+09,3.58706e+09,4.68931e+09,5.59138e+08,3.74741e+08,3.58252e+08
Smp-014570.1_93_H8N2,2.43456e+08,2.56019e+08,3.32731e+08,4.28813e+08,4.71463e+08,4.36331e+08
Smp-133330.1_65_H3N2,2.02717e+08,1.97985e+08,2.61533e+08,4.59958e+08,4.62707e+08,5.38441e+08
Smp-157070.1_186_H6N2,1.35806e+09,1.9185e+09,2.17851e+09,1.95169e+09,1.99281e+09,2.27252e+09
Smp-105680.1_270_H9N2,2.60278e+09,2.32267e+09,2.65415e+09,1.47264e+09,1.47318e+09,1.22875e+09
Smp-014570.1_93_H6N5F1,1.62195e+09,2.2271e+09,2.13329e+09,4.60074e+08,4.92139e+08,4.36811e+08
Smp-105680.1_270_H8N2,9.03283e+09,9.05366e+09,8.46361e+09,5.05818e+09,5.45918e+09,4.79101e+09
Smp-105680.1_270_H6N2,3.20862e+09,2.96123e+09,3.09413e+09,1.58525e+09,1.59074e+09,1.37304e+09
Smp-105680.1_270_H5N2,9.91072e+08,8.12846e+08,9.44294e+08,5.50698e+08,5.23921e+08,4.4135e+08
Smp-014570.1_93_H5N4F1,4.30461e+09,4.77403e+09,4.86004e+09,2.12478e+09,2.35356e+09,1.99142e+09
Smp-105680.1_270_H4N2,5.87396e+08,5.77627e+08,6.22366e+08,4.50966e+08,3.39015e+08,2.75712e+08
Smp-105680.1_270_H3N2,7.37268e+08,5.75817e+08,6.2717e+08,3.21457e+08,3.1839e+08,4.07661e+08
Smp-105680.1_270_H2N2,1.18548e+08,1.32475e+08,1.05013e+08,8.03083e+07,9.42426e+07,1.0035e+08
Smp-105680.1_270_H8N3,2.10727e+08,1.76784e+08,1.19543e+08,0,0,0
Smp-157070.1_186_H6N2F1,1.36984e+08,8.2456e+07,9.86547e+07,2.66001e+08,2.80997e+08,2.50648e+08
Smp-034420.1_57_H3N4F1,4.40849e+08,4.85528e+08,3.714e+08,6.70676e+08,1.02751e+09,8.51511e+08
Smp-014570.1_93_H5N4F2,2.16376e+09,2.65345e+09,1.70633e+09,1.00833e+09,8.118e+08,9.84825e+08
Smp-300580.1_85_H3N2,5.12484e+08,4.30279e+08,5.01744e+08,5.92257e+08,4.75486e+08,4.23653e+08
Smp-034420.1_57_H3N2F1,1.20171e+09,1.22083e+09,1.30761e+09,2.56358e+09,2.69459e+09,2.43182e+09
Smp-067060.1_298_H5N4F3,1.55769e+08,1.56186e+08,1.47733e+08,3.14001e+07,1.25806e+07,3.37853e+07
Smp-014570.1_93_H4N4F1,4.81538e+08,4.44861e+08,4.27833e+08,1.96953e+08,2.43955e+08,2.51603e+08
Smp-157070.1_186_H3N4F1,6.98143e+07,7.29345e+07,8.18428e+07,0,1.43665e+07,0
Smp-014570.1_93_H4N3F1,6.46402e+08,7.74509e+08,4.59932e+08,1.33856e+09,1.53493e+09,1.15157e+09
Smp-159780.1_1419_H3N2F1,1.3265e+08,1.17771e+08,1.41222e+08,2.11715e+08,3.96645e+08,3.29379e+08
Smp-157070.1_186_H3N3F1,7.33729e+07,1.32038e+08,8.55178e+07,5.21439e+07,3.76874e+07,4.21034e+07
Smp-343630.1_730_H9N2,1.89666e+09,2.39137e+09,2.27568e+09,9.70788e+09,9.69536e+09,9.42592e+09
Smp-172180.1_39_H2N2,2.06551e+08,2.74953e+08,2.4444e+08,8.78669e+08,7.87326e+08,7.79986e+08
Smp-084890.1_56_H6N5F2,4.60085e+08,4.3809e+08,4.39585e+08,0,0,0
Smp-014570.1_93_H3N4F1,3.38347e+07,4.64811e+07,4.89667e+07,3.58705e+07,2.31152e+07,2.82754e+07
Smp-084890.1_56_H10N2,1.4397e+08,1.50183e+08,1.50643e+08,1.1425e+07,0,7.90371e+07
Smp-133700.1_398_H9N2,1.87183e+09,1.70819e+09,1.74408e+09,1.92917e+09,2.40132e+09,1.74177e+09
Smp-133700.1_398_H7N2,8.27727e+07,8.26949e+07,8.27812e+07,5.58034e+07,8.5164e+07,4.85422e+07
Smp-014570.1_93_H3N2F1,5.91194e+07,5.78312e+07,5.31168e+07,9.0173e+07,7.52887e+07,7.5812e+07
Smp-143730.1_937_H7N2,4.08457e+08,3.11372e+08,3.54854e+08,1.65593e+08,1.79926e+08,1.39377e+08
Smp-133700.1_398_H6N2,9.22286e+07,8.39531e+07,9.43007e+07,1.00969e+08,1.05954e+08,8.11912e+07
Smp-084890.1_56_H6N5F1,8.7176e+08,7.64768e+08,9.19677e+08,5.24217e+07,5.34078e+07,0
Smp-310170.1_689_H9N2,3.54494e+08,3.62876e+08,3.15913e+08,7.93579e+08,8.12669e+08,7.94374e+08
Smp-084890.1_56_H4N5F3,3.2835e+07,2.81144e+07,4.01759e+07,6.91156e+07,5.45198e+07,4.40301e+07
Smp-067060.1_298_H4N3F3,4.27688e+08,3.73822e+08,3.76475e+08,1.50709e+08,2.21868e+08,1.91991e+08
Smp-133700.1_1114_H9N2,4.22203e+08,4.00915e+08,3.29735e+08,4.1633e+09,4.16417e+09,3.39841e+09
Smp-084890.1_56_H5N6F1,6.04772e+07,5.36077e+07,4.63647e+07,0,0,0
Smp-143730.1_937_H6N2,1.93999e+09,2.25124e+09,2.3593e+09,1.50957e+09,1.443e+09,1.75863e+09
Smp-084890.1_56_H5N5F1,3.13988e+08,3.37555e+08,3.66784e+08,0,0,6.1166e+06
Smp-340270.1_31_H3N2F1,1.42882e+08,1.32578e+08,1.79577e+08,4.60845e+08,5.23694e+08,5.14933e+08
Smp-346270.1_1176_H6N2,7.71323e+08,7.66211e+08,7.97618e+08,5.57507e+08,5.71246e+08,6.67992e+08
Smp-084890.1_56_H4N5F2,2.89523e+08,2.96924e+08,2.99463e+08,2.20479e+07,1.92178e+07,0
Smp-084890.1_56_H5N4F2,7.788e+07,6.93261e+07,7.61755e+07,1.05171e+08,1.02689e+08,5.90492e+07
Smp-146250.1_200_H3N2F1,9.69256e+08,9.90253e+08,8.44045e+08,1.31634e+09,1.14475e+09,1.55045e+09
Smp-143730.1_937_H6N2F1,1.30021e+09,1.25165e+09,1.67993e+09,3.82593e+09,2.95778e+09,3.36308e+09
Smp-143730.1_937_H3N5F2,8.71895e+07,6.76205e+07,6.54648e+07,2.59493e+07,6.53633e+07,2.74735e+07
Smp-084890.1_56_H4N4F2,2.29258e+08,1.5616e+08,2.18292e+08,1.03911e+08,7.96762e+07,7.50656e+07
Smp-144840.1_155_H5N5F1,2.789e+07,4.54553e+07,2.24183e+07,0,0,0
Smp-143730.1_937_H3N4F2,4.55788e+08,4.91461e+08,4.02634e+08,3.60814e+08,3.40682e+08,2.88869e+08
Smp-143730.1_937_H5N2,2.04934e+08,1.93688e+08,2.50454e+08,9.6598e+07,9.85878e+07,8.51965e+07
Smp-084890.1_56_H4N5F1,2.45425e+08,1.9472e+08,2.63092e+08,4.57681e+07,8.83683e+07,7.83926e+07
Smp-084890.1_56_H4N4F1,9.66952e+07,8.30578e+07,1.53118e+08,3.07065e+07,1.1461e+08,2.6017e+07
Smp-131580.1_88_H7N2,3.66542e+09,3.98852e+09,3.95794e+09,1.70663e+09,1.67683e+09,1.41633e+09
Smp-084890.1_56_H4N3F2,1.55906e+09,1.76243e+09,1.32196e+09,1.30529e+08,4.4706e+08,4.74958e+08
Smp-340510.1_27_H8N2,3.4501e+08,3.32137e+08,2.44055e+08,2.25244e+08,3.33358e+08,3.30133e+08
Smp-143730.1_937_H3N5F1,2.54039e+09,2.35611e+09,2.10712e+09,2.45459e+09,2.08071e+09,2.34559e+09
Smp-128230.1_284_H2N2F1,7.81117e+08,1.16147e+09,8.57023e+08,5.11351e+08,4.74171e+08,3.44876e+08
Smp-146250.1_200_H2N2F1,2.26257e+08,1.88443e+08,1.98323e+08,3.66737e+08,3.65593e+08,3.63422e+08
Smp-182620.1_316_H3N2F1,1.06112e+09,1.15956e+09,1.45371e+09,1.94582e+09,2.03517e+09,1.88181e+09
Smp-084890.1_56_H3N5F1,1.39319e+08,1.83098e+08,1.54037e+08,2.25441e+08,2.48118e+08,7.88025e+07
Smp-011700.1_212_H3N2F1,1.48938e+08,1.54803e+08,1.53119e+08,4.31847e+08,4.19342e+08,3.75426e+08
Smp-041550.1_72_H7N2,1.49087e+09,9.45819e+07,1.76047e+08,9.69418e+07,1.53573e+08,2.63814e+08
Smp-143730.1_937_H3N4F1Pen1,1.08547e+08,1.07227e+08,1.04607e+08,2.07233e+07,0,2.37462e+07
Smp-041550.1_72_H4N3F2Pen1,4.90495e+08,4.23611e+08,4.57096e+08,1.73699e+08,2.74076e+08,2.37476e+08
Smp-084890.1_56_H3N4F1,2.89718e+08,3.92467e+08,3.20619e+08,2.77941e+08,2.66658e+08,5.15388e+08
Smp-145300.1_242_H7N2,5.3577e+08,4.58516e+08,5.86861e+08,1.62683e+09,1.69816e+09,1.66863e+09
Smp-143730.1_937_H3N4F1,1.77807e+09,2.23133e+09,2.17371e+09,1.99447e+09,1.86821e+09,2.40026e+09
Smp-144840.1_155_H3N5F2,6.69147e+07,6.04582e+07,6.25218e+07,2.20401e+07,4.727e+07,3.33193e+07
Smp-041550.1_72_H6N2,6.51952e+08,8.67304e+08,9.1947e+08,5.08611e+08,6.89843e+08,6.9503e+08
Smp-084890.1_56_H4N3F1,1.27752e+08,1.28319e+08,1.11701e+08,0,5.81301e+06,0
Smp-145300.1_242_H6N2,1.40606e+09,1.45384e+09,1.5954e+09,3.9373e+09,4.39514e+09,4.22149e+09
Smp-310170.1_4688_H9N2,1.2199e+08,1.19872e+08,1.27369e+08,2.28445e+08,2.31128e+08,1.88133e+08
Smp-041550.1_72_H5N2,1.81644e+08,1.72909e+08,1.95985e+08,1.28064e+08,1.46847e+08,1.74828e+08
Smp-145300.1_242_H5N2,2.31655e+09,1.92036e+09,2.58126e+09,5.71255e+09,6.19101e+09,5.35544e+09
Smp-131580.1_88_H3N4F2Pen1,5.05677e+08,4.41068e+08,4.49457e+08,2.60856e+08,2.80877e+08,2.58612e+08
Smp-144840.1_155_H3N4F1,2.25431e+08,2.06653e+08,2.34183e+08,2.89686e+07,5.81638e+07,0
Smp-002600.1_99_H6N5F3,2.73199e+09,2.5032e+09,3.22141e+09,1.51372e+08,1.97172e+08,1.44134e+08
Smp-084890.1_56_H3N3F1,6.5323e+08,5.90308e+08,5.57436e+08,1.89781e+08,2.10589e+08,1.34294e+08
Smp-143730.1_937_H3N2F1,6.70011e+08,7.2699e+08,6.6449e+08,1.08002e+09,1.09004e+09,1.06311e+09
Smp-002600.1_99_H5N4F2,6.06699e+09,6.35944e+09,5.26473e+09,1.79404e+09,2.05656e+09,1.47753e+09
Smp-041550.1_72_H8N2,4.8621e+08,4.96608e+08,5.23307e+08,3.12367e+08,2.81262e+08,2.92033e+08
Smp-002600.1_99_H6N5F2,1.35136e+10,1.48435e+10,1.19312e+10,1.49113e+09,1.82032e+09,1.4875e+09
Smp-131580.1_88_H4N4F1,1.6649e+08,1.02305e+08,1.27704e+08,1.50896e+08,3.38214e+08,5.28968e+07
Smp-002600.1_99_H5N4F3,9.46635e+08,1.04206e+09,1.06366e+09,5.64559e+08,6.05537e+08,3.44847e+08
Smp-084890.1_56_H3N2F1,4.94482e+09,5.64659e+09,5.95084e+09,1.26187e+08,1.26418e+08,1.11547e+08
Smp-084890.1_56_H3N2,1.89845e+08,1.7253e+08,1.39291e+08,6.25921e+06,7.49076e+07,3.97582e+07
Smp-002600.1_99_H4N4F2,9.17377e+08,9.12437e+08,9.0771e+08,1.15347e+09,1.39987e+09,1.1853e+09
Smp-302980.1_387_H6N5F2,1.57735e+08,1.04824e+08,9.90641e+07,0,0,0
Smp-002600.1_99_H5N4F1,2.254e+09,2.11518e+09,2.10476e+09,6.37671e+08,6.76504e+08,8.14808e+08
Smp-131580.1_88_H3N3F2Pen1,3.16765e+08,3.27796e+08,2.89634e+08,2.14083e+08,1.83363e+08,1.6582e+08
Smp-002600.1_99_H5N5F2,3.7665e+09,3.17362e+09,3.25575e+09,7.31266e+08,5.86262e+08,5.758e+08
Smp-145300.1_242_H5N2F1,2.22186e+08,2.85891e+08,2.4342e+08,6.4417e+08,7.58836e+08,7.31037e+08
Smp-145300.1_242_H4N2,1.92051e+08,1.94351e+08,2.58559e+08,1.08469e+09,9.27931e+08,8.62343e+08
Smp-131580.1_88_H3N4F1,5.99251e+07,6.79993e+07,3.34956e+07,1.36465e+08,1.40217e+08,1.31953e+08
Smp-002600.1_99_H11N2,8.28089e+07,1.06345e+08,1.15909e+08,4.49639e+08,8.83451e+07,0
Smp-302980.1_387_H6N5F1,7.36664e+08,5.18916e+08,6.21591e+08,0,4.03525e+07,5.71259e+07
Smp-145300.1_242_H3N2,1.15598e+09,7.75553e+08,9.46586e+08,2.24275e+09,1.94459e+09,1.92015e+09
Smp-070540.1_287_H3N6F5,7.36843e+08,6.66415e+08,8.94222e+08,0,0,0
Smp-210520.1_455_H6N5,8.25288e+07,8.03897e+07,5.66002e+07,4.64228e+07,3.84682e+07,4.21102e+07
Smp-131580.1_1102_H9N2,5.42359e+08,4.8943e+08,4.17777e+08,3.39485e+08,3.93957e+08,3.18912e+08
Smp-300580.1_417_H2N2F1,8.35252e+08,8.24004e+08,8.08488e+08,1.96244e+09,2.21032e+09,1.92703e+09
Smp-070540.1_287_H3N6F3,6.64293e+07,4.1186e+07,5.78868e+07,0,4.12101e+07,0
Smp-002600.1_99_H6N4F1,6.19001e+07,8.11515e+07,6.9518e+07,2.39341e+07,2.04508e+07,1.98265e+07
Smp-131580.1_1102_H8N2,2.38595e+08,1.91432e+08,1.76455e+08,2.43717e+08,1.76054e+08,1.93237e+08
Smp-002600.1_99_H5N5F1,8.40495e+08,7.74328e+08,8.23178e+08,1.636e+08,2.45227e+08,1.74678e+08
Smp-002600.1_99_H8N2,3.61449e+09,3.38193e+09,3.2292e+09,1.5117e+09,1.57689e+09,1.37247e+09
Smp-002600.1_99_H5N5,4.80998e+08,3.76928e+08,4.34034e+08,4.96607e+07,1.22586e+08,5.24361e+07
Smp-002600.1_99_H9N2,7.23584e+09,6.58225e+09,6.33332e+09,3.54839e+09,3.15424e+09,3.04821e+09
Smp-041550.1_72_H3N4F2Pen1,5.77626e+08,7.21251e+08,6.22542e+08,1.73237e+08,1.85614e+08,1.89622e+08
Smp-017730.1_227_H3N4,6.44495e+08,6.23808e+08,3.45489e+08,8.886e+08,1.13238e+09,1.17433e+09
Smp-037540.1_542_H10N2,3.86532e+10,3.21041e+10,3.09103e+10,2.00869e+10,2.14534e+10,1.82827e+10
Smp-002600.1_99_H5N4,8.12003e+08,7.78046e+08,7.07154e+08,6.66888e+08,6.71207e+08,4.46469e+08
Smp-002600.1_99_H7N2,5.60656e+08,5.9012e+08,5.38282e+08,2.75964e+08,2.7867e+08,1.84796e+08
Smp-037540.1_542_H9N2,1.46121e+10,1.39811e+10,1.4809e+10,1.85119e+10,1.87271e+10,1.63142e+10
Smp-145300.1_242_H3N2F1,6.25732e+09,6.25312e+09,5.84464e+09,1.29298e+10,1.45542e+10,1.28678e+10
Smp-105450.1_58_H7N6F3,4.40312e+07,3.32295e+07,4.69016e+07,0,2.23177e+07,1.147e+07
Smp-037540.1_542_H8N2,7.42511e+08,7.12382e+08,7.66749e+08,1.22708e+09,1.02319e+09,1.03628e+09
Smp-144840.1_155_H3N2F1,3.56006e+08,3.73558e+08,4.62485e+08,8.00039e+08,8.6684e+08,9.57072e+08
Smp-105450.1_58_H7N6F2,5.16515e+08,5.17044e+08,7.08684e+08,6.16721e+07,0,1.79111e+07
Smp-313560.1_398_H6N5F2,4.71917e+08,4.66785e+08,3.49747e+08,7.59274e+08,8.6018e+08,7.38995e+08
Smp-008610.1_154_H6N3F1,2.64953e+08,2.6803e+08,2.46902e+08,8.00342e+07,1.13446e+08,1.05549e+08
Smp-017730.1_227_H3N2,5.10521e+09,5.89152e+09,5.4039e+09,2.14783e+10,2.14336e+10,2.01503e+10
Smp-105450.1_58_H7N6F1,1.67916e+08,1.87696e+08,1.71278e+08,0,0,0
Smp-017730.1_227_H2N2,6.09412e+07,5.39617e+07,2.069e+07,2.53942e+08,2.44808e+08,1.79918e+08
Smp-008610.1_154_H6N2,5.6647e+08,5.36689e+08,5.58725e+08,2.89799e+08,2.91649e+08,2.21871e+08
Smp-037540.1_542_H7N2,1.12156e+08,7.58591e+07,5.79225e+07,8.91099e+07,1.40716e+08,1.06831e+08
Smp-105450.1_58_H6N5F3,1.44047e+09,1.48936e+09,1.49698e+09,3.44125e+07,7.79406e+07,7.273e+07
Smp-002600.1_99_H4N3F2,1.57933e+09,1.62101e+09,1.05585e+09,1.38065e+09,1.53199e+09,1.7039e+09
Smp-008610.1_154_H5N2,3.37328e+08,3.48149e+08,2.64038e+08,1.45188e+08,1.03747e+08,1.25811e+08
Smp-105450.1_58_H5N4F3,5.82814e+08,5.2112e+08,6.75503e+08,1.2564e+08,1.10767e+08,4.5818e+07
Smp-105450.1_58_H5N4F2,2.09621e+10,2.22974e+10,2.36217e+10,4.65784e+09,3.76768e+09,4.26247e+09
Smp-159370.1_542_H3N4F1,1.54293e+08,1.39438e+08,1.72986e+08,3.3996e+08,3.85763e+08,4.19409e+08
Smp-105450.1_58_H6N5F2,3.70956e+10,3.62778e+10,3.83995e+10,1.01034e+10,9.69415e+09,9.81484e+09
Smp-313560.1_398_H6N5F1,1.88973e+09,1.90291e+09,2.29008e+09,1.40606e+08,1.86851e+08,1.07961e+08
Smp-000755.1_137_H9N2,3.2924e+08,3.11728e+08,3.48665e+08,7.90834e+08,8.6804e+08,9.11653e+08
Smp-105450.1_58_H5N5F3,1.78885e+08,1.50535e+08,1.58558e+08,3.46291e+08,3.22482e+08,3.80649e+08
Smp-332930.1_291_H3N2F1,1.5896e+08,1.67139e+08,1.49679e+08,9.04414e+08,9.03146e+08,8.00561e+08
Smp-307840.1_480_H6N5F2,8.44502e+08,8.86409e+08,8.47135e+08,7.10717e+07,6.54482e+06,1.00676e+08
Smp-313560.1_398_H5N4F1,3.79819e+08,2.62418e+08,4.12853e+08,5.86264e+07,7.28805e+07,8.1269e+07
Smp-164760.1_230_H3N2F1,6.36281e+09,6.20061e+09,7.14446e+09,1.28143e+10,1.39162e+10,1.13901e+10
Smp-313560.1_398_H5N4F3,1.33545e+09,1.52563e+09,1.34633e+09,3.98991e+08,3.19412e+08,3.19412e+08
Smp-105450.1_58_H5N5F2,3.92348e+09,4.022e+09,4.26536e+09,2.03288e+09,2.79304e+09,1.65777e+09
Smp-105450.1_58_H10N2,5.55567e+07,5.24383e+07,2.55118e+07,3.18737e+07,3.00268e+07,3.73005e+07
Smp-105450.1_58_H9N2,1.12215e+09,1.18194e+09,1.10731e+09,4.00879e+08,2.29092e+08,3.0228e+08
Smp-313560.1_398_H4N5F3,1.12987e+09,7.4613e+08,9.30062e+08,1.92822e+09,2.18184e+08,2.2536e+08
Smp-105450.1_58_H8N2,1.02112e+09,9.54783e+08,9.85606e+08,3.95304e+08,4.59771e+08,3.99334e+08
Smp-313560.1_398_H5N5F1,9.42092e+08,9.34638e+08,8.98999e+08,1.91713e+08,2.17862e+08,1.12342e+08
Smp-335620.1_570_H11N2,1.90028e+08,1.45205e+08,1.8352e+08,7.5522e+08,4.5801e+07,5.07954e+08
Smp-154760.1_479_H4N3F2Pen1,1.23752e+08,1.23667e+08,1.18695e+08,2.75421e+08,8.73905e+07,9.71642e+07
Smp-008610.1_154_H4N2,1.87073e+08,1.56085e+08,1.30228e+08,6.05232e+07,6.63404e+07,3.36605e+07
Smp-000755.1_137_H3N6F3,6.95783e+08,6.38629e+08,8.24089e+08,1.2325e+09,1.062e+09,1.2606e+09
Smp-002600.1_99_H3N2F1,1.52652e+09,1.70491e+09,1.29873e+09,1.161e+09,1.10733e+09,1.13275e+09
Smp-105450.1_58_H4N3F2,2.29661e+09,2.26355e+09,2.02591e+09,3.86463e+09,3.45449e+09,3.25971e+09
Smp-346610.1_322_H3N2F1,3.17234e+08,3.61731e+08,3.07872e+08,1.34819e+09,1.42351e+09,1.23294e+09
Smp-335620.1_570_H10N2,1.61921e+10,1.50343e+10,1.64545e+10,5.69634e+09,6.02743e+09,5.47181e+09
Smp-105450.1_58_H6N5F1,2.63236e+09,2.19706e+09,2.46089e+09,1.2466e+09,1.27424e+09,7.56382e+08
Smp-164760.1_231_H2N2F1,1.63772e+08,1.54974e+08,1.82832e+08,3.18473e+08,3.73595e+08,2.34587e+08
Smp-335620.1_570_H9N2,2.51694e+10,2.70048e+10,2.70105e+10,1.16245e+10,1.25365e+10,1.41446e+10
Smp-105450.1_58_H5N4F1,1.46166e+09,1.33931e+09,1.50929e+09,9.25939e+08,7.85841e+08,8.11598e+08
Smp-307840.1_480_H5N4F3,2.48006e+09,2.10798e+09,2.43281e+09,7.24816e+08,5.73348e+08,4.13786e+08
Smp-002600.1_99_H3N2,4.39868e+08,4.11713e+08,4.57685e+08,3.0616e+08,2.87949e+08,2.89496e+08
Smp-000755.1_137_H5N4F2,2.20029e+08,2.90217e+08,1.25186e+08,5.7664e+08,4.99309e+08,6.30825e+08
Smp-307840.1_480_H6N5F1,3.22884e+09,2.79764e+09,2.60682e+09,1.07454e+08,1.47647e+08,1.24925e+08
Smp-105450.1_58_H5N5F1,1.55892e+08,1.83256e+08,1.55675e+08,1.9996e+08,2.05182e+08,1.107e+08
Smp-335620.1_570_H7N2,6.39417e+08,4.52318e+08,4.94211e+08,4.50158e+08,3.8417e+08,2.48036e+08
Smp-164760.1_230_H2N2F1,4.37625e+09,3.39768e+09,3.61932e+09,6.96778e+09,7.27991e+09,8.12808e+09
Smp-002600.1_99_H2N2F1,3.3423e+08,2.83321e+08,2.13906e+08,1.83136e+08,1.22936e+08,9.81795e+07
Smp-307840.1_480_H4N3F2,1.43994e+08,1.78777e+08,1.51705e+08,7.54515e+07,7.03088e+07,7.93961e+07
Smp-313560.1_398_H5N4F2,8.68064e+08,7.73235e+08,7.78717e+08,1.66066e+08,1.56958e+08,9.93684e+07
Smp-105450.1_58_H7N2,1.66138e+08,2.03664e+08,2.0422e+08,1.53688e+08,1.41795e+08,1.45466e+08
Smp-170400.1_436_H9N2,2.25609e+09,2.04901e+09,2.52698e+09,2.67103e+09,3.12031e+09,2.45591e+09
Smp-105450.1_58_H4N4F2,4.33651e+09,4.23878e+09,4.31656e+09,1.46142e+09,1.45818e+09,1.17141e+09
Smp-335620.1_570_H8N2,7.01018e+09,7.3375e+09,7.46708e+09,3.03875e+09,3.01376e+09,2.54965e+09
Smp-000755.1_137_H4N4F1,2.67971e+08,3.29229e+08,2.42759e+08,6.03062e+08,6.6919e+08,3.03684e+08
Smp-000755.1_137_H4N4F2,9.42073e+08,7.75999e+08,8.16174e+08,2.27653e+09,2.09294e+09,1.87685e+09
Smp-002600.1_99_H2N2,6.88543e+07,6.54749e+07,6.44045e+07,2.43754e+07,2.91535e+07,4.27207e+07
Smp-245870.1_500_H9N2,3.01186e+08,2.71868e+08,2.62638e+08,4.61127e+08,4.27079e+08,3.60701e+08
Smp-000755.1_137_H3N4F2,4.80569e+09,4.72755e+09,6.17e+09,7.55819e+09,7.84051e+09,7.427e+09
Smp-000755.1_137_H5N4F1,1.14128e+09,1.23384e+09,1.64402e+09,1.07482e+09,1.25521e+09,8.04367e+08
Smp-000755.1_137_H3N4F3,4.8663e+09,5.53844e+09,4.93129e+09,5.85597e+09,6.02275e+09,5.58272e+09
Smp-307840.1_480_H5N4F2,9.77237e+08,8.63845e+08,9.38374e+08,8.6072e+08,8.7297e+08,9.8491e+08
Smp-105450.1_58_H3N3F2,4.61886e+07,2.98636e+07,4.15051e+07,2.98601e+07,3.40046e+07,2.25867e+07
Smp-170400.1_436_H7N2,3.35031e+08,3.10936e+08,3.59665e+08,2.23414e+08,2.39225e+08,2.61638e+08
Smp-105450.1_58_H4N4F1,5.0164e+07,5.00494e+07,4.68295e+07,3.26483e+07,5.16737e+07,2.15392e+07
Smp-313560.1_398_H4N4F2,1.27559e+09,1.15648e+09,1.27561e+09,4.30626e+08,3.18917e+08,4.16933e+08
Smp-170400.1_436_H6N2,2.9992e+08,6.01799e+08,4.75407e+08,4.96305e+08,4.33319e+08,3.25351e+08
Smp-170280.1_822_H5N4F2Pen1,1.18329e+08,1.32929e+08,1.27943e+08,2.6677e+08,2.33413e+08,2.906e+08
Smp-105450.1_58_H4N5F1Pen1,3.11834e+08,3.4384e+08,3.10631e+08,2.01815e+08,9.22985e+07,1.88194e+08
Smp-105450.1_58_H3N5F2,1.99562e+08,1.60999e+08,1.74757e+08,1.07934e+08,9.66139e+07,1.42804e+08
Smp-313560.1_398_H3N5F2,6.03014e+08,4.61957e+08,4.81251e+08,5.05979e+08,5.98295e+08,4.79685e+08
Smp-000755.1_137_H3N3F2,7.41508e+08,8.33433e+08,8.2194e+08,7.63413e+08,8.06318e+08,9.43396e+08
Smp-335620.1_570_H5N2,1.77787e+09,1.74813e+09,1.86827e+09,5.85587e+08,4.73284e+08,4.70116e+08
Smp-170400.1_436_H5N2,2.93178e+08,3.29927e+08,2.47427e+08,1.34582e+08,1.4192e+08,1.42155e+08
Smp-153390.1_166_H5N4F3,5.42204e+08,5.56284e+08,6.1231e+08,6.38651e+08,8.77593e+08,7.13856e+08
Smp-153390.1_166_H4N5F3,3.80074e+08,4.47309e+08,3.19244e+08,7.69642e+08,8.9304e+08,6.36859e+08
Smp-000755.1_137_H3N4F1,6.51503e+08,5.75707e+08,5.45142e+08,1.04324e+09,1.0827e+09,1.08514e+09
Smp-347550.1_1168_H3N2F1,9.93938e+08,9.48296e+08,8.36438e+08,2.21357e+09,2.14541e+09,1.81778e+09
Smp-035040.1_144_H3N6F5,4.96574e+08,5.22561e+08,5.08085e+08,4.93834e+08,6.2426e+08,6.73235e+08
Smp-153390.1_166_H4N3F2,5.4597e+07,1.18053e+08,8.80824e+07,7.45138e+07,7.49662e+07,1.10868e+08
Smp-347550.1_1168_H2N2F1,1.1204e+08,1.01557e+08,9.65765e+07,2.087e+08,2.08383e+08,2.32077e+08
Smp-089670.1_1182_H3N4F2Pen1,1.6931e+08,1.66419e+08,1.24167e+08,1.55523e+08,1.58011e+08,1.9714e+08
Smp-089670.1_1182_H3N4F2,2.03332e+08,2.09167e+08,7.05633e+07,3.06274e+08,1.95776e+08,1.59487e+08
Smp-143730.1_627_H6N2,5.472e+09,5.1174e+09,4.92788e+09,5.05308e+09,5.12482e+09,4.52553e+09
Smp-147460.1_601_H9N2,3.39201e+08,2.75672e+08,2.2104e+08,4.46488e+08,2.95931e+08,4.02065e+08
Smp-346270.1_969_H7N2,1.55311e+08,1.60312e+08,1.36277e+08,3.78622e+08,3.49582e+08,2.6185e+08
Smp-131810.1_134_H6N2F1,3.14468e+08,2.89385e+08,2.8791e+08,4.62055e+08,4.55786e+08,4.42401e+08
Smp-089670.1_1182_H3N3F2,2.0041e+07,2.64227e+07,2.46582e+07,8.59897e+06,6.62721e+06,0
Smp-307840.1_480_H3N2F1,1.09775e+08,1.03754e+08,1.16242e+08,2.60415e+07,2.01262e+07,5.938e+07
Smp-307840.1_480_H2N2F1,1.14107e+08,1.06892e+08,1.13539e+08,1.02703e+08,1.15271e+08,4.59167e+07
Smp-164760.1_717_H3N2F1,5.02959e+09,4.47803e+09,4.62169e+09,9.99103e+09,9.51627e+09,8.22445e+09
Smp-143730.1_627_H5N3F1,5.49829e+07,4.64147e+07,5.04568e+07,1.30669e+07,3.07987e+06,0
Smp-040080.1_285_H6N3,3.72945e+08,3.84955e+08,3.50025e+08,1.00368e+08,8.46675e+07,8.2756e+07
Smp-302980.1_518_H8N7F1,4.10121e+08,3.52697e+08,4.57604e+08,0,0,0
Smp-143730.1_627_H5N3,3.34685e+07,3.17103e+07,2.89078e+07,6.37084e+07,0,0
Smp-143730.1_627_H3N4F2,1.09142e+08,1.34774e+08,1.39438e+08,4.46824e+07,8.29616e+07,1.76031e+07
Smp-194980.1_117_H7N2,1.296e+08,1.67696e+08,1.63573e+08,3.48268e+08,2.90858e+08,2.3239e+08
Smp-153390.1_166_H3N2F1,3.55781e+08,4.02511e+08,4.44636e+08,1.06099e+09,9.96175e+08,1.08009e+09
Smp-040080.1_285_H5N4,1.07513e+08,8.98757e+07,1.08925e+08,1.12199e+08,1.01052e+08,8.57289e+07
Smp-073220.1_351_H9N2,8.01033e+08,7.93723e+08,6.37008e+08,1.26262e+09,8.97634e+08,8.82314e+08
Smp-147460.1_601_H7N2,9.44271e+07,1.03063e+08,1.12109e+08,1.60462e+08,1.3305e+08,1.48222e+08
Smp-343630.1_730_H8N2,5.39619e+08,4.50257e+08,4.68774e+08,1.39596e+09,1.18274e+09,1.2264e+09
Smp-143730.1_627_H3N4F1,7.81617e+08,7.15582e+08,7.73155e+08,8.80621e+08,8.76197e+08,6.99012e+08
Smp-040080.1_285_H5N3,3.70822e+07,3.36115e+07,3.33819e+07,0,4.09615e+06,1.13967e+07
Smp-143730.1_627_H3N3F1,1.90843e+09,1.75261e+09,1.77054e+09,6.8347e+08,8.06576e+08,7.01791e+08
Smp-143730.1_627_H3N2F1,4.17755e+08,5.04917e+08,4.47765e+08,4.91828e+08,5.00576e+08,4.87585e+08
Smp-143730.1_627_H3N3,5.00335e+07,5.23912e+07,4.16714e+07,1.18484e+07,0,0
Smp-180790.1_180_H6N5F1,4.4966e+08,3.44952e+08,4.72287e+08,0,2.12378e+08,4.72898e+08
Smp-312760.1_104_H4N2,5.79493e+07,5.47404e+07,7.03562e+07,1.60863e+07,7.37964e+06,0
Smp-147460.1_601_H5N2,3.04976e+08,2.83485e+08,3.19542e+08,5.63602e+08,4.15956e+08,4.78849e+08
Smp-147680.1_67_H3N3F1,3.28408e+08,3.08748e+08,3.61006e+08,4.54811e+08,4.24872e+08,3.93717e+08
Smp-343330.1_320_H6N2,3.32549e+08,2.78432e+08,3.53781e+08,1.02004e+09,8.07592e+08,8.51769e+08
Smp-343630.1_775_H3N4F2,4.22737e+08,3.38042e+08,4.03679e+08,1.00908e+09,7.05317e+08,8.79197e+08
Smp-156540.1_128_H9N2,1.16256e+09,1.11817e+09,1.26817e+09,6.00376e+09,6.49286e+09,6.5376e+09
Smp-147680.1_67_H3N2F1,6.4045e+08,4.88e+08,5.98709e+08,1.0621e+09,9.18719e+08,9.69452e+08
Smp-147680.1_67_H3N2,1.90967e+08,2.18217e+08,2.16199e+08,3.32815e+08,3.93759e+08,3.20708e+08
Smp-343630.1_775_H3N4F1,1.77122e+08,2.60252e+08,2.94787e+08,7.70423e+08,6.86584e+08,5.52998e+08
Smp-343650.1_385_H9N2,5.649e+08,5.81163e+08,4.81372e+08,1.22848e+09,1.35625e+09,1.04754e+09
Smp-127890.1_150_H9N2,6.29019e+08,5.43743e+08,4.24588e+08,1.14119e+09,1.12808e+09,8.77584e+08
Smp-180790.1_180_H5N4F1,2.33217e+08,2.09861e+08,2.17419e+08,2.49989e+08,1.86596e+08,1.24672e+08
Smp-306910.1_1046_H6N3F2,7.44518e+08,8.07516e+08,8.44145e+08,6.06044e+08,6.61211e+08,4.90082e+08
Smp-343630.1_775_H3N2F1,1.11013e+10,1.045e+10,1.31634e+10,2.63813e+10,2.63178e+10,2.55904e+10
Smp-302980.1_375_H6N5F1,3.87723e+08,5.0624e+08,5.21464e+08,7.80359e+07,2.4197e+07,2.22433e+07
Smp-090080.1_249_H9N2,1.21096e+08,1.16804e+08,1.0863e+08,2.80749e+08,3.30298e+08,3.19177e+08
Smp-343630.1_775_H2N2F1,3.76075e+09,3.94519e+09,3.62275e+09,9.62151e+09,9.55978e+09,9.06415e+09
Smp-302980.1_375_H5N5F1,1.47691e+08,1.39222e+08,1.09403e+08,0,4.09892e+07,9.4144e+06
Smp-090080.1_249_H6N5,3.61239e+08,4.6368e+08,4.20269e+08,2.89611e+08,8.71422e+07,9.60263e+06
Smp-090080.1_249_H4N5F2,2.71192e+08,4.0102e+08,3.84482e+08,3.09174e+09,3.22418e+09,3.13592e+09
Smp-306910.1_1046_H6N3F1,4.11058e+08,3.55264e+08,3.84895e+08,5.02929e+08,4.81075e+08,4.25111e+08
Smp-090080.1_249_H5N4F1,1.48782e+09,1.36984e+09,1.34126e+09,1.03525e+10,1.07291e+10,1.06364e+10
Smp-090080.1_249_H5N6,3.14201e+08,2.32074e+08,3.28115e+08,0,0,0
Smp-194910.1_81_H5N4F2,6.29558e+09,5.804e+09,6.98391e+09,2.61375e+09,2.933e+09,2.89745e+09
Smp-243150.1_2225_H7N2,2.75811e+08,2.86542e+08,3.99492e+08,1.29083e+09,1.08269e+09,1.0565e+09
Smp-306910.1_1046_H5N3F1,8.9176e+07,7.0653e+07,9.57034e+07,9.33363e+07,8.54465e+07,1.03856e+08
Smp-090080.1_249_H3N4F1,5.1994e+09,5.13877e+09,3.65275e+09,5.95792e+09,7.05363e+09,7.51637e+09
Smp-073400.1_68_H10N2,1.62384e+09,1.79496e+09,1.66319e+09,4.64829e+09,3.51239e+09,3.11943e+09
Smp-090080.1_249_H3N6F1,2.22993e+08,6.79195e+07,3.23291e+08,5.13677e+08,5.157e+08,5.21973e+08
Smp-302090.1_148_H6N5F2,1.05122e+09,1.17179e+09,1.05158e+09,4.72609e+08,6.23441e+08,6.23866e+08
Smp-073400.1_68_H9N2,3.27923e+09,3.16646e+09,3.34296e+09,9.18222e+09,9.58784e+09,9.05901e+09
Smp-073400.1_68_H8N2,2.62558e+08,2.89047e+08,2.97147e+08,3.24051e+08,3.9155e+08,4.37909e+08
Smp-090080.1_249_H4N3F1,3.24106e+09,2.73569e+09,2.65109e+09,4.61562e+09,6.57922e+09,7.05841e+09
Smp-090080.1_249_H3N6,2.63634e+08,2.19549e+08,3.01773e+08,2.31454e+08,2.45636e+08,2.23137e+08
Smp-302980.1_518_H6N5F2,1.95648e+09,2.06004e+09,2.01192e+09,0,0,0
Smp-302980.1_518_H5N4F1,5.6424e+09,5.2119e+09,5.74133e+09,1.11854e+10,7.74739e+09,8.52701e+09
Smp-302980.1_518_H5N4F2,2.71149e+09,3.57485e+09,3.48753e+09,0,0,0
Smp-302980.1_518_H6N5F1,3.26732e+10,2.46362e+10,3.25159e+10,9.53596e+08,1.18979e+09,1.00376e+09
Smp-302090.1_148_H6N5F1,5.29191e+08,5.30475e+08,6.58134e+08,1.36975e+08,3.37849e+08,1.23623e+08
Smp-302980.1_518_H5N4F3,3.11109e+08,3.03798e+08,3.74594e+08,1.01375e+08,1.17511e+08,1.52525e+08
Smp-302090.1_148_H5N4F3,1.10531e+09,1.00933e+09,1.20269e+09,8.52417e+08,9.16757e+08,9.96498e+08
Smp-173940.1_148_H3N2F1,2.18964e+08,2.18068e+08,2.32882e+08,4.58314e+08,5.11208e+08,4.85614e+08
Smp-197390.1_523_H3N2F1,5.17535e+07,3.85067e+07,5.94994e+07,2.06966e+08,1.92674e+08,1.77297e+08
Smp-088950.1_508_H9N2,2.35902e+09,1.80998e+09,9.77317e+08,4.65983e+09,4.92232e+09,4.57458e+09
Smp-302090.1_148_H3N4F3,4.90256e+08,7.37758e+08,9.51718e+08,4.49936e+08,5.56872e+08,4.24253e+08
Smp-302980.1_518_H6N4F1,5.93448e+08,7.04502e+08,7.7236e+08,0,0,0
Smp-210500.1_194_H9N2,4.37916e+08,5.12829e+08,3.77975e+08,8.44796e+08,8.47255e+08,6.55674e+08
Smp-011680.1_307_H6N5F2,6.70923e+08,5.97808e+08,9.15805e+08,4.55268e+08,4.70743e+08,5.08572e+08
Smp-088950.1_508_H8N2,3.93098e+09,3.92008e+09,4.4721e+09,6.3847e+09,5.43891e+09,5.09434e+09
Smp-302980.1_518_H4N5F2,6.32605e+08,6.58056e+08,6.92972e+08,0,0,3.7807e+07
Smp-210500.1_194_H8N2,1.62777e+08,1.62083e+08,1.0148e+08,8.96769e+07,8.73655e+07,1.20762e+08
Smp-011680.1_307_H5N4F3,1.8401e+09,1.96282e+09,1.48636e+09,1.54048e+09,1.44851e+09,1.61567e+09
Smp-088950.1_508_H7N2,3.07945e+09,3.13101e+09,3.65731e+09,1.99681e+09,2.12578e+09,1.69773e+09
Smp-011680.1_307_H4N5F3,1.79037e+09,1.66199e+09,1.59609e+09,5.28669e+09,4.55506e+09,5.70607e+09
Smp-011680.1_307_H3N6F3Pen1,9.91484e+08,1.18618e+09,9.57015e+08,8.71771e+08,1.12662e+09,6.20989e+08
Smp-011680.1_307_H6N4F2,1.51719e+08,8.39352e+07,1.28156e+08,1.52741e+08,7.13792e+07,6.98484e+07
Smp-011680.1_307_H3N6F3,9.26681e+08,9.93255e+08,8.39802e+08,4.50738e+09,3.94948e+09,3.68475e+09
Smp-210500.1_194_H7N2,4.58601e+08,4.36496e+08,3.56263e+08,5.51592e+08,5.28808e+08,4.2818e+08
Smp-302980.1_518_H4N5F1,1.60877e+08,9.65421e+07,1.6647e+08,4.72315e+06,1.20429e+07,0
Smp-088950.1_508_H6N3,4.73388e+08,5.41374e+08,6.09981e+08,7.93003e+08,8.5877e+08,8.74397e+08
Smp-088950.1_508_H6N2,1.47104e+09,1.51107e+09,1.66099e+09,2.47879e+09,2.80084e+09,2.52373e+09
Smp-011680.1_307_H7N2,6.61025e+08,5.50124e+08,5.76552e+08,3.86282e+08,2.55628e+08,4.47421e+08
Smp-245490.1_838_H9N2,3.66434e+08,5.69249e+08,4.9432e+08,2.65798e+09,3.10779e+09,3.28298e+09
Smp-302980.1_518_H6N2,1.70047e+08,1.64394e+08,1.29211e+08,3.41135e+08,3.00276e+08,2.65801e+08
Smp-088950.1_508_H5N3,3.81322e+09,3.4375e+09,3.90526e+09,1.94671e+09,2.40726e+09,1.91933e+09
Smp-011680.1_307_H4N5F2,3.44048e+09,4.09867e+09,4.0155e+09,7.77425e+09,9.52262e+09,9.95222e+09
Smp-088950.1_508_H4N4,1.56968e+08,2.2182e+08,2.30014e+08,1.91999e+08,1.52103e+08,1.31168e+08
Smp-267090.1_570_H3N2F1,2.25965e+08,9.24735e+07,1.81205e+08,5.10651e+08,3.92442e+08,3.74078e+08
Smp-088950.1_508_H3N5,2.195e+09,2.06265e+09,2.0596e+09,1.35595e+09,1.50092e+09,1.235e+09
Smp-011680.1_307_H6N2,3.92131e+09,4.60604e+09,4.29157e+09,3.61693e+09,3.7073e+09,3.28232e+09
Smp-088950.1_508_H3N4,4.82163e+09,4.57875e+09,4.36931e+09,3.83968e+09,4.33853e+09,4.5845e+09
Smp-011680.1_307_H4N4F2Pen1,1.22036e+08,9.38128e+07,9.47797e+07,1.65063e+09,1.50915e+09,1.54847e+09
Smp-011680.1_307_H5N4F1,1.42263e+09,1.56738e+09,1.53145e+09,4.82571e+09,5.44107e+09,5.25906e+09
Smp-088950.1_508_H3N4F1,4.84457e+07,9.19354e+07,8.72559e+07,7.80345e+07,7.6733e+07,7.38991e+07
Smp-088950.1_508_H4N3,1.88479e+08,4.28412e+08,4.24553e+08,3.11393e+08,2.97442e+08,2.90696e+08
Smp-011680.1_307_H4N5,3.51623e+08,3.11014e+08,3.50657e+08,9.64414e+08,8.77506e+08,9.46466e+08
Smp-011680.1_307_H4N5F1,2.18707e+09,2.5617e+09,2.6433e+09,7.57188e+09,8.92812e+09,9.4867e+09
Smp-163810.1_1139_H9N2,9.95695e+08,9.96533e+08,8.54473e+08,1.78393e+09,1.79238e+09,1.65787e+09
Smp-088950.1_508_H3N3,1.06158e+09,9.46212e+08,1.04315e+09,2.24276e+09,2.46057e+09,2.2161e+09
Smp-011680.1_307_H5N2,6.8842e+08,8.45268e+08,6.87381e+08,4.36947e+08,5.96495e+08,5.43648e+08
Smp-011680.1_307_H3N5F2,1.04525e+08,7.70779e+07,3.62201e+07,2.80818e+08,1.85809e+08,1.94941e+08
Smp-011680.1_307_H4N3F2,1.62069e+09,1.63011e+09,1.51786e+09,2.94136e+08,2.84219e+08,2.89714e+08
Smp-039130.1_610_H5N4F2,1.84102e+08,1.63263e+08,1.79869e+08,2.23227e+07,4.01802e+07,2.93123e+07
Smp-245490.1_838_H5N2,1.68388e+08,1.77566e+08,2.30688e+08,3.10827e+08,3.11344e+08,3.31054e+08
Smp-088950.1_508_H3N2,1.11473e+08,1.0198e+08,1.10772e+08,5.28807e+08,6.05098e+08,5.62303e+08
Smp-130520.1_241_H5N4F1,4.9323e+08,3.99182e+08,4.6455e+08,4.84662e+08,5.34821e+08,4.86667e+08
Smp-011680.1_307_H4N3F1,3.70592e+08,4.10997e+08,3.84924e+08,3.0398e+08,2.50547e+08,2.52217e+08
Smp-011680.1_307_H3N4F1,3.82991e+08,4.42201e+08,5.2083e+08,1.22381e+09,1.49712e+09,1.47642e+09
Smp-169870.1_97_H6N5F1,4.58306e+07,4.63457e+07,5.50385e+07,1.50497e+07,1.23762e+08,1.47825e+08
Smp-170350.1_263_H8N2,3.37716e+08,2.7586e+08,2.04696e+08,4.08953e+08,3.96464e+08,3.7363e+08
Smp-146720.1_434_H10N2,1.43193e+08,1.36266e+08,1.26756e+08,1.15718e+08,4.95169e+07,9.83108e+07
Smp-011680.1_307_H3N2F1,3.81115e+08,3.08296e+08,3.80392e+08,6.20957e+08,9.60587e+08,7.42624e+08
Smp-168730.1_43_H9N2,5.18778e+08,4.81404e+08,5.73497e+08,5.74794e+09,5.43531e+09,5.87441e+09
Smp-245490.1_838_H3N2F1,7.82661e+08,7.1433e+08,6.81753e+08,3.43285e+09,4.0178e+09,3.86983e+09
Smp-167240.1_401_H3N4F1,1.32659e+08,1.8422e+08,1.99176e+08,6.21032e+08,6.14804e+08,6.5599e+08
Smp-130520.1_241_H3N4F1,1.72131e+09,1.49203e+09,1.23699e+09,4.12964e+09,4.14746e+09,4.82401e+09
Smp-158150.1_194_H8N2,6.34911e+08,6.30378e+08,6.0701e+08,4.88895e+07,0,3.7291e+07
Smp-302090.1_148_H2N2F1,1.20607e+08,1.10071e+08,1.00235e+08,3.69164e+07,1.74447e+07,1.84828e+07
Smp-090080.1_134_H7N2,3.54615e+08,2.52734e+08,2.28334e+08,4.28537e+08,4.1914e+08,3.95773e+08
Smp-158150.1_194_H7N2,2.7648e+09,2.87062e+09,2.44274e+09,2.32584e+08,1.01191e+09,1.42527e+09
Smp-345440.1_1674_H3N3F1,1.76132e+08,2.88121e+08,3.07098e+08,4.08264e+08,4.51694e+08,4.38695e+08
Smp-158150.1_194_H6N2,5.34844e+08,6.37537e+08,8.19312e+08,8.66773e+07,1.09859e+08,1.42104e+08
Smp-164760.1_717_H3N2,2.82954e+08,1.31244e+08,1.38368e+08,2.59081e+08,4.00406e+08,1.40996e+08
Smp-090080.1_134_H4N4F1Pen1,6.1048e+07,4.84296e+07,4.02962e+07,6.50279e+07,4.9714e+07,5.78172e+07
Smp-130520.1_241_H3N2F1,1.46402e+09,1.23054e+09,9.58054e+08,4.14977e+09,4.06918e+09,3.54402e+09
Smp-167240.1_401_H3N2F1,1.00093e+09,1.16403e+09,6.31545e+08,1.26527e+09,1.25111e+09,1.17676e+09
Smp-158150.1_194_H5N2,3.33892e+08,4.18913e+08,4.59059e+08,3.76358e+08,2.91447e+08,3.43152e+08
Smp-319910.1_68_H3N6F1,2.98544e+09,2.82315e+09,3.50326e+09,5.52232e+09,5.7465e+09,5.74594e+09
Smp-158150.1_194_H3N4,8.54367e+08,8.38688e+08,8.65541e+08,0,8.0645e+07,4.91759e+07
Smp-319910.1_68_H3N4F1,4.29659e+09,4.25405e+09,4.16785e+09,7.44009e+09,7.45749e+09,8.20845e+09
Smp-158150.1_194_H3N3Pen1,1.82511e+08,1.89922e+08,1.71378e+08,0,0,0
Smp-090080.1_134_H4N3,7.11236e+08,7.34547e+08,8.94642e+08,2.40612e+09,2.5969e+09,2.38619e+09
Smp-158150.1_194_H3N3,3.57858e+09,3.60722e+09,3.16596e+09,3.31917e+08,2.16994e+08,4.98235e+08
Smp-090080.1_134_H3N4,3.6853e+08,3.34439e+08,2.83801e+08,9.40931e+08,1.03489e+09,9.95381e+08
Smp-159570.1_321_H9N2,5.61976e+08,6.30349e+08,5.18844e+08,6.4939e+08,6.47097e+08,7.33488e+08
Smp-311780.1_347_H6N5F1,7.87432e+07,6.97778e+07,7.7825e+07,0,0,0
Smp-311780.1_347_H5N4F3,5.19167e+08,4.98026e+08,5.5802e+08,9.13295e+08,9.70961e+08,1.01019e+09
Smp-342970.1_158_H6N2,1.73552e+08,1.32749e+08,1.5244e+08,4.15698e+08,4.5845e+08,4.78267e+08
Smp-158600.1_591_H10N2,2.12133e+09,2.48587e+09,2.69005e+09,9.39249e+08,9.398e+08,1.36544e+09
Smp-158600.1_591_H9N2,2.69528e+09,3.25163e+09,3.07682e+09,2.13597e+09,2.57494e+09,1.692e+09
Smp-210370.1_183_H8N2,5.61899e+09,6.24635e+09,5.9495e+09,2.03389e+09,1.96991e+09,2.02111e+09
Smp-342970.1_158_H5N2,1.67517e+08,1.84841e+08,1.89108e+08,3.1806e+08,2.94478e+08,2.95166e+08
Smp-158600.1_591_H8N2,9.78525e+09,9.56902e+09,9.61958e+09,4.19188e+09,4.65463e+09,4.27775e+09
Smp-342420.1_219_H3N2F1,1.07232e+09,1.1375e+09,1.30139e+09,2.36368e+09,2.01065e+09,2.12674e+09
Smp-158600.1_591_H6N2,1.75469e+09,1.63889e+09,1.52561e+09,7.71473e+08,7.47311e+08,1.23613e+09
Smp-210370.1_183_H6N2F1,3.24562e+09,3.42596e+09,3.21447e+09,1.14406e+10,9.93644e+09,1.08611e+10
Smp-311780.1_347_H9N2,2.72142e+08,3.03414e+08,2.83005e+08,4.29879e+08,4.81244e+08,4.55193e+08
Smp-170550.1_699_H8N2,1.95468e+08,2.64046e+08,3.28393e+08,4.88135e+08,5.99247e+08,6.32406e+08
Smp-210370.1_183_H5N3F1,1.54584e+09,1.42792e+09,1.56385e+09,1.24642e+08,2.10827e+08,9.84816e+07
Smp-210370.1_183_H6N2,9.40823e+10,9.26601e+10,9.00041e+10,4.50547e+10,4.27023e+10,3.75785e+10
Smp-210370.1_183_H5N2,1.45832e+10,1.47112e+10,1.32513e+10,4.47779e+09,3.68333e+09,3.53874e+09
Smp-210370.1_183_H3N2,3.2259e+07,2.70933e+07,2.87755e+07,0,1.26333e+07,4.9014e+07
Smp-158600.1_591_H7N2,3.66955e+09,3.2913e+09,3.45749e+09,1.3283e+09,1.46612e+09,1.54498e+09
Smp-210370.1_183_H5N2F1,2.39832e+08,2.05429e+08,2.71627e+08,3.95743e+08,3.9566e+08,4.1159e+08
Smp-210370.1_183_H3N4F1Pen1,8.42957e+08,7.09184e+08,4.17429e+08,0,0,0
Smp-311780.1_347_H3N4F2,2.24557e+08,2.39196e+08,6.25441e+07,2.42598e+08,4.53286e+08,2.00927e+08
Smp-210370.1_183_H4N3F1,2.87949e+09,3.05048e+09,2.78449e+09,7.29851e+08,1.56385e+09,3.37301e+09
Smp-210370.1_183_H4N2,1.2067e+09,1.16117e+09,1.35191e+09,8.90349e+08,1.02309e+09,1.19664e+09
Smp-126140.1_724_H10N2,3.74269e+08,5.67963e+08,2.75543e+08,1.36366e+09,1.37488e+09,1.43861e+09
Smp-210370.1_183_H3N4F1,1.21303e+10,1.15492e+10,1.08423e+10,4.15759e+09,3.96303e+09,4.23234e+09
Smp-158600.1_587_H7N2,5.12096e+07,7.22027e+07,8.78848e+07,8.47393e+07,9.18501e+07,2.027e+08
Smp-194910.1_81_H5N4F3,1.01903e+10,9.80372e+09,1.00685e+10,3.14745e+09,3.38217e+09,2.98287e+09
Smp-210370.1_183_H4N2F1,6.91415e+08,8.52516e+08,7.44829e+08,9.15329e+08,1.02729e+09,1.06228e+09
Smp-311780.1_347_H3N4F3,3.74756e+08,4.09187e+08,3.38772e+08,6.47178e+08,5.78125e+08,5.3116e+08
Smp-210370.1_183_H3N3F1,1.37294e+10,1.14023e+10,9.87747e+09,2.93716e+10,5.63724e+10,5.82082e+10
Smp-194910.1_81_H7N6F4,8.74842e+08,7.70758e+08,3.59565e+08,0,0,0
Smp-158600.1_591_H5N2,4.44011e+09,4.39337e+09,5.34052e+09,1.64039e+09,1.58439e+09,1.16393e+09
Smp-210370.1_183_H3N2F1,2.17441e+09,1.7844e+09,1.88265e+09,1.42664e+09,1.72507e+09,1.61413e+09
Smp-210370.1_183_H3N3,9.83574e+07,8.4491e+07,7.88804e+07,9.4496e+07,3.75813e+07,8.57396e+07
Smp-194910.1_81_H7N6F3,2.16962e+08,3.04867e+08,2.71301e+08,1.55789e+08,7.70635e+07,1.57073e+08
Smp-194910.1_81_H6N5F4,3.97773e+08,3.87355e+08,3.46618e+08,0,0,0
Smp-130520.1_349_H5N4F2,3.79585e+09,4.33695e+09,4.29996e+09,4.10874e+09,4.40037e+09,4.24048e+09
Smp-130520.1_349_H9N2,2.38798e+08,1.63675e+08,1.62189e+08,3.08232e+08,3.57246e+08,4.27591e+08
Smp-194910.1_81_H6N5F3,2.50608e+09,2.55742e+09,2.62432e+09,7.20689e+08,4.54385e+08,6.95697e+08
Smp-311780.1_347_H3N2F1Pen1,3.8319e+07,4.09061e+07,8.10052e+07,3.27496e+07,4.21058e+07,2.94814e+07
Smp-130520.1_349_H6N5,3.46961e+08,3.60158e+08,2.70166e+08,1.16087e+08,4.43664e+07,6.43214e+07
Smp-130520.1_349_H4N5F2,5.28403e+08,5.68464e+08,4.17463e+08,9.13368e+08,1.13942e+09,1.21122e+09
Smp-130520.1_349_H5N4F1,2.32195e+09,1.81054e+09,2.61818e+09,3.06659e+09,3.35321e+09,3.22968e+09
Smp-130520.1_349_H6N3F1,2.93032e+08,2.35661e+08,4.15216e+08,1.62184e+09,1.56568e+09,1.617e+09
Smp-170550.1_292_H8N2,6.62679e+08,4.88936e+08,4.87253e+08,4.51354e+08,3.94794e+08,5.3877e+08
Smp-130520.1_349_H4N5F1,3.22433e+08,2.82336e+08,4.82994e+08,8.17931e+08,9.12426e+08,7.72435e+08
Smp-194910.1_81_H6N5F2,3.82316e+09,4.007e+09,3.87358e+09,2.26456e+09,2.20557e+09,2.26945e+09
Smp-130520.1_349_H7N2,1.95729e+09,1.48298e+09,1.97637e+09,3.33646e+09,2.94179e+09,3.34759e+09
Smp-130520.1_349_H5N3F1,7.8724e+08,7.26992e+08,8.30917e+08,2.52305e+09,2.50925e+09,2.74636e+09
Smp-147680.1_173_H5N2,8.40911e+07,6.117e+07,9.41976e+07,1.798e+08,1.61384e+08,1.42729e+08
Smp-130520.1_349_H5N4,4.1384e+09,3.71223e+09,3.92999e+09,2.3658e+09,2.7057e+09,2.57778e+09
Smp-130520.1_349_H6N3,7.6498e+08,5.61383e+08,6.68209e+08,2.12101e+09,1.90351e+09,1.66992e+09
Smp-130520.1_349_H6N2,2.63739e+08,2.76059e+08,2.34122e+08,5.26727e+08,5.96073e+08,6.33445e+08
Smp-194910.1_81_H5N5F3,1.32303e+09,1.13039e+09,1.24178e+09,1.94401e+08,2.39957e+08,4.19851e+08
Smp-194910.1_81_H10N2,6.87036e+09,5.8262e+09,6.31026e+09,2.01279e+09,2.23459e+09,2.21348e+09
Smp-130520.1_349_H4N5,2.81198e+08,3.19628e+08,2.26742e+08,7.08743e+08,6.75505e+08,8.11042e+08
Smp-130520.1_349_H3N4F2,1.11213e+08,1.39141e+08,1.1132e+08,8.4437e+07,7.78865e+07,1.04157e+08
Smp-194910.1_81_H5N5F2,1.0582e+09,1.0497e+09,1.40431e+09,1.3694e+08,1.10733e+08,1.94346e+07
Smp-194910.1_81_H9N2,1.91484e+10,1.72419e+10,1.45607e+10,7.08882e+09,6.90598e+09,6.83189e+09
Smp-194050.1_289_H3N4F1,8.52931e+08,8.02794e+08,7.18866e+08,1.37765e+10,1.54564e+10,1.10591e+10
Smp-130520.1_349_H3N4F1,1.69808e+09,1.31096e+09,1.90477e+09,1.37355e+09,1.9762e+09,1.77645e+09
Smp-194910.1_81_H4N3F2,5.08191e+09,5.6486e+09,4.66738e+09,5.68902e+09,5.45574e+09,4.80339e+09
Smp-130520.1_349_H5N3,8.10108e+08,8.06824e+08,6.60583e+08,1.85461e+09,2.43674e+09,2.34452e+09
Smp-340630.1_225_H8N2,3.97804e+09,4.03842e+09,4.69275e+09,4.68922e+09,5.80571e+09,4.2283e+09
Smp-130520.1_349_H5N2,3.95634e+08,9.36909e+08,4.91256e+08,1.84905e+09,1.64133e+09,1.72506e+09
Smp-002600.1_118_H6N5F2,5.96123e+09,4.22822e+09,3.02876e+09,3.17571e+09,3.5086e+09,3.05171e+09
Smp-340630.1_225_H7N2,3.20531e+09,3.40202e+09,4.51141e+09,2.4629e+09,2.24774e+09,1.96928e+09
Smp-194910.1_81_H5N2,1.79347e+08,1.73441e+08,1.77392e+08,9.48522e+07,8.20441e+07,9.60175e+07
Smp-194910.1_81_H6N2,5.94918e+09,5.28769e+09,6.83514e+09,2.70799e+09,2.87642e+09,3.04336e+09
Smp-194910.1_81_H3N2,6.13083e+07,3.64012e+07,3.18341e+07,6.04425e+08,6.07247e+08,6.00527e+08
Smp-194910.1_81_H8N2,3.97953e+10,3.27987e+10,4.10624e+10,1.88144e+10,1.70834e+10,1.72478e+10
Smp-194910.1_81_H7N2,1.21658e+10,1.199e+10,1.30435e+10,4.11917e+09,4.46188e+09,4.89196e+09
Smp-130520.1_349_H3N4,5.28198e+08,7.47176e+08,7.73274e+08,1.356e+09,1.6544e+09,1.88327e+09
Smp-194910.1_81_H4N4F3,1.60738e+09,1.67427e+09,1.76851e+09,2.90664e+08,4.00077e+08,4.46488e+08
Smp-194910.1_81_H4N5F2,7.18465e+08,6.37181e+08,8.394e+08,3.52501e+08,3.97597e+08,4.37877e+08
Smp-002600.1_118_H5N5F2,3.11956e+08,3.5771e+08,3.80217e+08,0,5.14532e+06,0
Smp-141450.1_59_H6N5,7.87652e+08,1.00299e+09,9.80174e+08,1.04101e+08,0,0
Smp-194910.1_81_H4N4F2,1.9027e+09,1.68157e+09,1.80785e+09,6.14464e+08,7.67582e+08,8.23157e+08
Smp-194910.1_81_H4N3F3,2.33417e+09,2.0953e+09,3.7416e+09,6.29438e+09,8.66678e+09,7.97317e+09
Smp-340630.1_225_H6N2,8.11221e+09,8.28967e+09,9.72322e+09,1.63787e+10,1.5812e+10,1.64588e+10
Smp-194910.1_81_H7N2F1Pen1,6.26652e+07,3.81117e+07,3.9975e+07,2.72494e+07,1.77541e+07,6.41965e+07
Smp-194910.1_81_H5N3F2,1.81452e+08,2.10351e+08,2.44007e+08,7.70375e+08,7.2958e+08,6.9881e+08
Smp-194910.1_81_H5N3F3,1.60039e+08,1.52664e+08,1.45524e+08,1.54739e+08,1.636e+08,1.64977e+08
Smp-130520.1_349_H3N2,9.92791e+08,1.50601e+09,8.19435e+08,2.23416e+09,2.05615e+09,2.15188e+09
Smp-340630.1_225_H5N3,3.59595e+08,3.42316e+08,3.58986e+08,3.83539e+08,3.91485e+08,3.09953e+08
Smp-194910.1_81_H3N5F2,3.29934e+08,2.8903e+08,3.38782e+08,1.94111e+08,3.31071e+08,1.21814e+08
Smp-002600.1_118_H5N4F2,2.01227e+09,1.785e+09,1.47076e+09,7.09741e+08,6.03662e+08,7.67447e+08
Smp-147680.1_173_H3N3,1.04923e+08,1.00827e+08,1.1233e+08,2.06401e+08,1.93296e+08,1.70913e+08
Smp-130520.1_349_H2N2,5.00456e+08,4.63212e+08,3.03986e+08,1.37032e+09,1.26038e+09,1.23197e+09
Smp-002600.1_118_H9N2,5.66575e+08,5.61936e+08,5.69395e+08,2.22321e+08,2.20913e+08,3.02537e+08
Smp-065130.1_127_H9N2,3.02e+09,2.76133e+09,2.35653e+09,2.60882e+09,2.81347e+09,2.65565e+09
Smp-340630.1_225_H3N4F1,8.36774e+08,9.35588e+08,9.93069e+08,8.36376e+08,8.93327e+08,7.91715e+08
Smp-340630.1_225_H4N3F1,2.02325e+08,1.95421e+08,2.3351e+08,4.16659e+08,0,0
Smp-343650.1_2539_H6N2,2.5373e+08,2.39055e+08,2.04603e+08,3.0673e+08,3.58923e+08,3.44637e+08
Smp-340630.1_225_H4N3,1.10669e+08,1.2488e+08,1.33722e+08,1.30405e+08,1.34257e+08,1.71366e+08
Smp-002600.1_118_H8N2,3.68417e+08,3.31321e+08,4.46014e+08,1.46054e+08,1.88682e+08,2.07234e+08
Smp-147680.1_173_H3N2,4.04919e+09,4.26593e+09,4.44388e+09,3.92869e+09,4.14096e+09,3.85403e+09
Smp-147680.1_173_H3N2F1,1.04631e+09,7.55822e+08,7.26541e+08,1.09415e+09,8.8141e+08,1.01324e+09
Smp-147680.1_173_H2N2,1.06853e+09,1.07422e+09,9.33761e+08,9.25224e+08,8.49475e+08,7.90137e+08
Smp-081900.1_69_H3N6F2,6.38424e+08,8.00096e+08,7.61175e+08,1.34037e+09,1.68748e+09,1.65688e+09
Smp-340630.1_225_H3N3F1,5.99682e+08,5.67937e+08,6.25634e+08,2.16214e+08,3.13034e+08,2.18739e+08
Smp-194910.1_81_H3N4F2,6.7839e+07,4.44021e+07,7.46587e+07,3.11659e+07,2.02965e+07,4.05563e+07
Smp-194910.1_81_H3N3F2,1.32408e+09,1.41578e+09,1.48444e+09,8.71202e+08,8.76555e+08,8.93429e+08
Smp-002600.1_118_H4N3F2,1.20722e+08,1.16736e+08,1.36912e+08,1.40728e+08,1.58015e+08,2.31732e+08
Smp-002600.1_118_H7N2,2.10104e+08,1.89478e+08,1.8892e+08,1.2707e+08,1.17957e+08,9.97198e+07
Smp-340630.1_225_H3N3,1.91186e+08,1.84886e+08,2.68622e+08,1.646e+08,1.28102e+08,1.02346e+08
Smp-340630.1_508_H9N2,2.50189e+09,2.94577e+09,3.57682e+09,2.94074e+09,2.67709e+09,2.30835e+09
Smp-340630.1_508_H7N2,3.09523e+09,3.27438e+09,3.81721e+09,2.19991e+09,2.46774e+09,2.13926e+09
Smp-242530.1_372_H9N2,2.27186e+08,2.53179e+08,1.7755e+08,5.44052e+08,6.08301e+08,5.96031e+08
Smp-345300.1_47_H9N2,1.99401e+09,2.10748e+09,2.1827e+09,8.33339e+08,8.96613e+08,1.03257e+09
Smp-146720.1_102_H9N2,6.90034e+08,6.82597e+08,4.82938e+08,1.12207e+09,9.04846e+08,9.57446e+08
Smp-053900.1_491_H9N2,5.14572e+09,5.66779e+09,5.16404e+09,5.02274e+09,4.75483e+09,5.08049e+09
Smp-340630.1_508_H8N2,4.5916e+09,4.75174e+09,6.31085e+09,1.76225e+09,2.08192e+09,1.76637e+09
Smp-053900.1_491_H5N4F2,5.076e+08,5.19368e+08,6.03128e+08,3.17941e+07,2.85581e+07,0
Smp-194910.1_81_H3N3F1,6.95637e+07,9.36136e+07,6.12019e+07,6.65426e+07,3.9036e+07,1.52944e+07
Smp-053900.1_491_H8N2,4.89605e+09,4.71011e+09,4.7605e+09,3.70183e+09,3.74623e+09,4.28241e+09
Smp-053900.1_491_H6N3F2,7.45135e+08,7.60087e+08,5.26304e+08,9.86146e+08,3.35991e+09,2.36598e+09
Smp-345300.1_47_H8N2,5.74988e+07,5.90743e+07,4.98739e+07,0,5.0482e+06,0
Smp-053900.1_491_H7N2,7.03838e+09,6.89021e+09,6.96106e+09,7.89733e+09,8.56597e+09,7.34456e+09
Smp-053900.1_491_H6N2,1.65219e+09,1.50908e+09,1.47361e+09,1.57809e+09,1.41913e+09,1.65443e+09
Smp-340630.1_508_H6N2,1.21011e+10,1.10786e+10,1.09822e+10,9.57269e+09,9.48439e+09,9.95779e+09
Smp-053900.1_491_H5N3F2,6.19751e+08,6.36565e+08,7.45069e+08,2.17566e+08,1.88306e+08,2.73896e+08
Smp-146720.1_102_H7N2,4.67948e+08,3.94222e+08,3.71327e+08,9.57885e+08,9.05902e+08,7.6877e+08
Smp-002600.1_296_H6N5,9.66049e+08,1.05808e+09,7.60588e+08,2.53965e+08,3.37471e+08,2.60983e+08
Smp-340630.1_508_H5N2,1.13722e+09,1.08984e+09,1.0034e+09,1.13772e+09,7.69221e+08,1.13209e+09
Smp-053900.1_491_H6N3F1,1.03337e+09,7.46274e+08,6.75901e+08,3.83975e+08,1.31092e+08,4.99955e+08
Smp-330220.1_66_H4N5F1,9.66145e+08,1.04953e+09,9.78926e+08,1.40778e+09,1.81006e+09,1.77368e+09
Smp-343650.1_2193_H7N2,1.30015e+08,1.35243e+08,5.12172e+08,1.91177e+08,2.55603e+08,1.73153e+08
Smp-042020.1_119_H5N4F3,3.85436e+09,3.49985e+09,2.99526e+09,2.84843e+09,2.76315e+09,2.64376e+09
Smp-340630.1_512_H5N2,1.80171e+08,1.41043e+08,1.13988e+08,1.15956e+08,1.60041e+08,1.03778e+08
Smp-053900.1_491_H6N3,1.0647e+08,1.30093e+08,9.55344e+07,1.4758e+08,6.44742e+07,1.30383e+08
Smp-002600.1_296_H9N2,1.92521e+08,2.56154e+08,3.26282e+08,1.518e+08,1.55309e+08,1.72787e+08
Smp-053900.1_491_H5N3F1,3.34296e+08,2.74615e+08,2.94808e+08,1.76935e+08,1.35057e+08,2.01957e+08
Smp-081900.1_69_H4N3F1,3.33999e+08,3.04914e+08,3.20975e+08,3.16396e+08,2.92558e+08,4.04681e+08
Smp-160830.1_337_H9N2,4.05531e+08,3.3388e+08,3.42332e+08,3.56175e+08,2.83194e+08,2.30243e+08
Smp-002600.1_296_H5N4,4.63569e+09,3.90257e+09,4.78951e+09,8.3876e+08,8.42229e+08,8.42035e+08
Smp-104270.1_379_H10N2,3.9961e+08,3.08363e+08,3.52555e+08,2.35473e+08,2.58392e+08,2.31586e+08
Smp-343650.1_2193_H6N2,1.92819e+08,1.22046e+08,1.28607e+08,3.96497e+08,3.69939e+08,3.60507e+08
Smp-340630.1_508_H3N4,3.08945e+08,3.20978e+08,3.03569e+08,2.7265e+07,3.04697e+07,5.56737e+07
Smp-104270.1_379_H9N2,9.18713e+08,9.39474e+08,9.27009e+08,5.09048e+08,6.79195e+08,5.09914e+08
Smp-089670.1_1691_H4N3F2Pen1,4.39168e+08,4.61774e+08,5.35479e+08,2.27069e+08,2.62006e+08,2.73978e+08
Smp-134050.1_611_H3N4F1,1.2807e+08,4.58671e+07,1.81623e+07,1.06879e+08,8.42232e+07,8.95223e+07
Smp-104270.1_379_H8N2,3.14487e+09,2.1713e+09,2.38043e+09,2.0209e+09,2.27934e+09,2.36871e+09
Smp-104270.1_379_H6N3F1,1.26518e+09,1.0338e+09,1.0843e+09,6.50141e+08,6.83448e+08,8.20079e+08
Smp-124760.1_1151_H6N2,7.92562e+08,6.42717e+08,6.44339e+08,4.51406e+08,4.53665e+08,5.62966e+08
Smp-002600.1_296_H4N3,1.16937e+09,9.50827e+08,1.03497e+09,1.06181e+09,9.30185e+08,3.0288e+08
Smp-089670.1_1691_H4N3F2,7.10226e+08,4.51389e+08,6.20939e+08,7.75218e+08,8.73139e+08,8.7977e+08
Smp-104270.1_379_H7N2,4.07962e+09,4.58254e+09,4.46819e+09,3.78428e+09,4.20435e+09,3.69908e+09
Smp-093930.1_76_H3N2F1,1.13839e+08,1.23602e+08,1.51565e+08,2.54468e+08,9.12289e+07,3.82494e+07
Smp-309250.1_207_H6N5F1,6.51312e+08,8.91157e+08,9.93296e+08,1.39081e+08,1.10085e+08,4.60493e+07
Smp-309250.1_207_H5N4F1,2.32787e+08,3.01307e+08,3.32318e+08,0,0,3.52878e+06
Smp-104270.1_379_H6N3,3.8714e+09,3.16687e+09,3.88006e+09,8.48401e+08,1.1475e+09,6.17579e+08
Smp-104270.1_379_H6N2,5.7892e+09,5.3393e+09,5.17999e+09,3.07289e+09,4.24515e+09,4.03382e+09
Smp-053900.1_83_H6N5F2,1.40747e+09,1.1461e+09,1.11589e+09,0,0,0
Smp-053900.1_83_H5N5F2,1.98648e+08,8.1954e+07,0,0,0,0
Smp-104270.1_379_H5N2,1.6658e+10,1.40976e+10,1.66656e+10,6.67911e+09,7.38585e+09,6.46619e+09
Smp-053900.1_83_H9N2,9.55478e+08,9.14454e+08,1.26648e+09,7.34273e+08,8.44657e+08,7.25173e+08
Smp-104270.1_379_H4N3,9.0721e+07,1.07466e+08,1.25848e+08,0,0,0
Smp-053900.1_83_H8N2,1.39832e+09,1.11223e+09,1.48339e+09,6.04541e+08,4.39747e+08,5.29739e+08
Smp-053900.1_83_H5N4F2,5.78424e+08,4.3578e+08,6.42654e+08,2.61293e+07,3.60456e+07,1.33108e+07
Smp-053900.1_83_H7N2,4.27654e+08,4.2367e+08,5.32564e+08,4.86415e+08,5.82938e+08,3.64724e+08
Smp-343630.1_320_H2N2F1,9.65545e+07,7.23105e+07,1.38296e+08,1.79277e+08,1.65354e+08,1.48208e+08
Smp-242530.1_340_H6N5F1,2.02634e+07,0,0,0,0,0
Smp-104270.1_379_H4N2,7.50526e+08,7.70061e+08,7.73977e+08,4.70338e+08,4.18856e+08,3.5372e+08
Smp-146720.1_1090_H4N3F2,1.79538e+08,2.04399e+08,3.08112e+08,3.76454e+08,4.19206e+08,5.22079e+08
Smp-053900.1_83_H4N4F2,3.59593e+08,4.52911e+08,2.35513e+08,1.00877e+07,1.46836e+07,4.11514e+06
Smp-053900.1_83_H4N3F2Pen1,2.87991e+07,2.18752e+07,3.50629e+07,2.71354e+07,0,1.8735e+07
Smp-300580.1_417_H3N4F1,4.27534e+08,4.06505e+08,3.38223e+08,2.89066e+08,2.37056e+08,3.96093e+08
Smp-053900.1_83_H4N3F2,4.4582e+08,4.20596e+08,6.50919e+08,3.44118e+08,4.48318e+08,3.64152e+08
Smp-104270.1_379_H3N2,1.03067e+08,8.19537e+07,1.06371e+08,7.73323e+07,8.36944e+07,8.412e+07
Smp-146720.1_1090_H4N3F1,3.03775e+08,2.27405e+08,2.54082e+08,9.99813e+08,9.51113e+08,1.17349e+09
Smp-329010.1_199_H9N2,3.92896e+08,4.1127e+08,4.45846e+08,5.33466e+08,6.92712e+08,7.17787e+08
Smp-300580.1_417_H3N2F1,1.11771e+08,1.28054e+08,1.94914e+08,1.99435e+08,1.54193e+08,1.17872e+08
Smp-053900.1_83_H3N3F2,2.7e+07,2.00514e+07,3.28358e+07,2.39223e+07,1.70274e+07,1.40979e+07
Smp-329010.1_199_H8N2,1.21738e+08,1.02143e+08,7.44118e+07,1.44872e+08,1.60526e+08,1.27026e+08
Smp-088950.1_251_H9N2,1.6061e+09,1.60752e+09,1.72622e+09,4.97646e+09,4.80216e+09,6.20445e+09
Smp-130520.1_567_H9N2,5.57214e+07,4.15042e+07,9.38144e+07,2.13419e+08,2.64354e+08,1.9402e+08
Smp-088950.1_251_H8N2,5.29648e+08,6.48399e+08,6.93663e+08,1.63936e+09,1.96244e+09,2.06508e+09
Smp-053900.1_83_H2N2F1,3.32365e+08,3.16849e+08,3.82102e+08,6.54478e+08,6.33888e+08,7.64282e+08
Smp-013370.1_195_H4N5F1,1.57091e+08,1.34853e+08,1.49575e+08,2.61456e+08,2.85523e+08,1.75797e+08
Smp-194050.1_289_H3N6F1,9.81715e+08,1.2126e+09,1.01974e+09,1.4474e+10,1.56779e+10,1.48003e+10
Smp-013370.1_195_H3N6F1,8.11015e+07,2.14826e+08,1.85317e+08,5.77197e+08,3.21459e+08,1.04345e+08
Smp-089100.1_304_H8N2,4.84594e+07,4.61637e+07,6.90709e+07,7.2562e+07,7.89911e+07,4.68443e+07
Smp-084890.1_344_H6N5F2,2.12051e+08,2.51954e+08,4.23201e+08,0,0,0
Smp-130520.1_567_H7N2,1.18634e+08,1.48279e+08,7.653e+07,5.23013e+08,4.84434e+08,4.71492e+08
Smp-053900.1_83_H3N2F1,1.92735e+08,1.75247e+08,2.08437e+08,5.69222e+08,5.0928e+08,5.96648e+08
Smp-194050.1_289_H3N5F1,1.39281e+09,1.64351e+09,1.38062e+09,1.48599e+10,1.8129e+10,1.83771e+10
Smp-089100.1_304_H3N6,4.05598e+07,3.01346e+07,3.14346e+07,7.26554e+07,3.99788e+07,6.1628e+07
Smp-053900.1_83_H3N2,2.44087e+07,1.22399e+07,0,3.71819e+07,3.66707e+07,5.37891e+07
Smp-089100.1_304_H6N2,6.97055e+08,9.22106e+08,1.28127e+09,1.49367e+09,1.44466e+09,1.86895e+09
Smp-088950.1_251_H7N2,1.0065e+09,1.02842e+09,8.86784e+08,1.30391e+09,1.33715e+09,1.48656e+09
Smp-130520.1_567_H6N3,3.24984e+08,3.19112e+08,3.39527e+08,6.80673e+07,7.15281e+07,5.03851e+07
Smp-084890.1_344_H6N5F1,2.77231e+08,3.34565e+08,2.69859e+08,0,0,0
Smp-159570.1_517_H9N2,3.08126e+08,3.60179e+08,2.85345e+08,4.66868e+08,3.87581e+08,4.21707e+08
Smp-088950.1_251_H6N2,1.47422e+09,1.23162e+09,1.28774e+09,4.0644e+09,4.01589e+09,3.4056e+09
Smp-084890.1_344_H5N5F2,4.55965e+08,4.28111e+08,4.01365e+08,6.06089e+08,6.13807e+08,1.69274e+08
Smp-084890.1_344_H5N4F2,1.80912e+09,1.9568e+09,2.403e+09,5.89832e+08,7.4765e+08,1.10755e+09
Smp-084890.1_344_H4N5F2,1.75091e+08,1.77712e+08,1.50354e+08,7.24946e+08,6.42739e+08,7.30714e+08
Smp-005230.1_205_H6N2F1,3.31832e+09,3.73329e+09,3.70345e+09,7.64101e+09,7.1815e+09,5.15445e+09
Smp-130520.1_567_H5N2,3.88549e+08,3.12933e+08,3.97137e+08,3.30708e+08,3.6062e+08,3.18424e+08
Smp-084890.1_344_H5N4F1,6.25064e+08,6.04437e+08,4.85833e+08,4.1102e+08,2.70014e+08,2.6348e+08
Smp-005230.1_205_H6N2,1.19347e+10,1.08533e+10,1.09204e+10,1.23341e+10,1.35195e+10,1.12164e+10
Smp-144840.1_196_H3N5,4.36807e+08,4.73095e+08,6.35041e+08,1.80581e+08,1.98949e+08,3.53971e+08
Smp-343260.1_317_H7N2,4.45935e+08,3.61799e+08,4.57585e+08,4.60808e+07,4.37455e+07,4.4962e+07
Smp-084890.1_344_H4N4F2,6.46177e+08,6.98749e+08,7.09079e+08,4.23125e+08,3.74377e+08,4.60213e+08
Smp-148790.1_1459_H7N2,7.52025e+08,6.18679e+08,4.75163e+08,1.89292e+09,1.69844e+09,1.7202e+09
Smp-084890.1_183_H4N3F2,4.47261e+07,3.51784e+07,2.91211e+07,5.78984e+07,3.50983e+07,3.50753e+07
Smp-084890.1_344_H3N5F1,8.70357e+07,6.22387e+07,4.3252e+07,6.30092e+07,5.33986e+07,5.33273e+07
Smp-343260.1_324_H6N2,3.61341e+10,3.10966e+10,3.48613e+10,7.31032e+09,6.29982e+09,7.30035e+09
Smp-084890.1_344_H4N3F1,1.42078e+08,1.02674e+08,1.07497e+08,8.12428e+07,9.97819e+07,1.55612e+08
Smp-148020.1_347_H6N2,7.39331e+08,6.00407e+08,5.71231e+08,6.60598e+08,9.19897e+08,9.4112e+08
Smp-343630.1_484_H8N2,9.18708e+08,8.06204e+08,6.18982e+08,2.08276e+09,2.0545e+09,1.91416e+09
Smp-194050.1_349_H4N5F1,1.66172e+09,1.67606e+09,1.66546e+09,2.16502e+09,2.73151e+09,3.71241e+09
Smp-005230.1_205_H3N3F1,6.65053e+09,6.88977e+09,6.65742e+09,7.95214e+09,6.97612e+09,7.70686e+09
Smp-084890.1_344_H3N3F1,2.44261e+08,2.06e+08,2.31291e+08,2.99532e+06,0,6.82766e+06
Smp-005230.1_205_H3N2F1,1.36692e+10,1.45396e+10,1.43169e+10,1.53105e+10,1.39121e+10,1.09836e+10
Smp-245490.1_376_H3N2F1,1.34653e+09,8.99796e+08,8.84884e+08,8.30397e+09,8.60955e+09,8.71661e+09
Smp-194050.1_349_H4N3F1,1.33236e+09,1.50845e+09,1.60054e+09,2.96661e+09,3.32569e+09,3.21627e+09
Smp-194050.1_349_H3N7F1,7.56254e+07,7.95517e+07,6.75754e+07,7.92141e+07,7.8686e+07,7.03901e+07
Smp-093930.1_562_H4N3F2Pen1,5.12041e+07,4.74264e+07,7.232e+07,1.23367e+08,1.52478e+08,2.19566e+08
Smp-020550.1_486_H3N2F1,6.36659e+08,5.96758e+08,5.09547e+08,6.95971e+08,9.06039e+08,7.8018e+08
Smp-194050.1_349_H3N5F1,2.05094e+09,1.88241e+09,1.90342e+09,2.92224e+09,2.95981e+09,2.95901e+09
Smp-009830.1_92_H9N2,8.93974e+09,5.84248e+09,5.26528e+09,2.8915e+09,3.3478e+09,2.89065e+09
Smp-179660.1_528_H5N4F2,9.62332e+09,8.70508e+09,8.02158e+09,5.01557e+09,4.83661e+09,5.54813e+09
Smp-179660.1_528_H5N4F3,4.09992e+08,2.19007e+08,2.70045e+08,4.68352e+08,3.93495e+08,3.91692e+08
Smp-076950.1_145_H9N2,1.90258e+08,3.02102e+08,2.45201e+08,4.27654e+07,0,1.19686e+07
Smp-179660.1_528_H4N5F2Pen1,3.2642e+08,3.22766e+08,1.07197e+08,4.61897e+08,5.02169e+08,3.85426e+08
Smp-179660.1_528_H4N5F1,1.00496e+09,1.07581e+09,1.39341e+09,2.89424e+09,3.20727e+09,2.93325e+09
Smp-179660.1_528_H4N4F2Pen1,1.1461e+08,1.11276e+08,5.38422e+07,3.83064e+07,1.48791e+07,4.12344e+07
Smp-179660.1_528_H9N2,7.74283e+07,1.62404e+08,6.0694e+07,1.85434e+08,1.54314e+08,6.89768e+07
Smp-179660.1_528_H4N3F2,2.65102e+08,3.64868e+08,1.93547e+08,1.55608e+09,1.7753e+09,1.76709e+09
Smp-179660.1_528_H3N4F2,2.31596e+08,1.6785e+08,1.64665e+08,4.4609e+07,1.27784e+08,8.24723e+07
Smp-179660.1_528_H3N4F2Pen1,2.13005e+08,2.03313e+08,1.80379e+08,4.90272e+07,2.44572e+07,2.04035e+07
Smp-179660.1_528_H5N2,2.04946e+08,1.40486e+08,1.82742e+08,2.83626e+08,2.58575e+08,4.01953e+08
Smp-093930.1_562_H2N2F1,1.19314e+09,9.0345e+08,4.69185e+08,2.58215e+09,2.52696e+09,1.81976e+09
Smp-125930.1_395_H9N2,4.39649e+07,4.29306e+07,4.31927e+07,2.22147e+07,0,2.02302e+07
Smp-000260.1_484_H9N2,3.47152e+08,3.54477e+08,3.25746e+08,4.019e+08,4.43316e+08,4.88303e+08
Smp-058140.1_128_H3N4F1,4.95238e+08,6.51829e+08,3.41167e+08,8.37688e+08,5.36279e+08,7.08905e+08
Smp-005230.1_225_H8N2,6.365e+08,6.91254e+08,9.10309e+08,6.09586e+08,6.02772e+08,7.74219e+08
Smp-090080.1_152_H6N5F1,4.4886e+08,3.733e+08,4.59712e+08,5.03425e+08,6.53756e+08,5.23147e+08
Smp-090080.1_152_H5N4F1,6.78814e+07,6.25379e+07,6.87207e+07,0,6.3498e+06,0
Smp-005230.1_205_H8N2,2.40295e+08,1.40979e+08,2.80576e+08,9.26281e+07,1.97821e+07,4.14198e+07
Smp-343260.1_317_H6N2,8.61123e+07,6.49833e+07,8.4566e+07,3.30295e+07,3.71719e+06,0
Smp-000260.1_484_H8N2,1.1415e+09,1.01029e+09,1.01594e+09,2.39745e+09,1.52944e+09,1.247e+09
Smp-090080.1_152_H3N4F3Pen1,3.83533e+09,3.74725e+09,4.82484e+09,5.88182e+09,5.12293e+09,5.48541e+09
Smp-090080.1_152_H4N5F2Pen1,6.99989e+08,6.36924e+08,8.96581e+08,1.01006e+09,8.57661e+08,8.24083e+08
Smp-058140.1_128_H3N2F1,2.37255e+08,2.08468e+08,2.72386e+08,4.51772e+08,5.66155e+08,4.12643e+08
Smp-170280.1_748_H8N2,4.64799e+08,3.24403e+08,5.22253e+08,5.79875e+08,9.83952e+08,9.8615e+08
Smp-000260.1_484_H7N2,4.73853e+08,4.82916e+08,4.85429e+08,9.30096e+08,1.02811e+09,8.17907e+08
Smp-005230.1_225_H6N2F1,2.24802e+09,1.65424e+09,2.15494e+09,3.8601e+09,3.65865e+09,4.3403e+09
Smp-090080.1_152_H4N3F3,4.24274e+08,2.99952e+08,3.29315e+08,2.93345e+09,2.78108e+09,2.0453e+09
Smp-005230.1_225_H6N2,7.45381e+09,6.93233e+09,7.07631e+09,5.20825e+09,5.42471e+09,5.40969e+09
Smp-090080.1_152_H9N2,3.99142e+08,2.84003e+08,3.3467e+08,8.52144e+08,8.74836e+08,1.17545e+09
Smp-005230.1_205_H5N3F1,1.30816e+08,1.2197e+08,5.81808e+07,6.92385e+07,1.30049e+08,5.91716e+07
Smp-011680.1_221_H10N2,4.97453e+09,4.27312e+09,4.36319e+09,1.02178e+10,9.24916e+09,9.59216e+09
Smp-090080.1_152_H3N4F2,7.68298e+09,7.08284e+09,7.33301e+09,2.63033e+10,2.49292e+10,2.40915e+10
Smp-005230.1_225_H5N2,6.13767e+08,6.91287e+08,6.17812e+08,4.21624e+08,4.34136e+08,4.17109e+08
Smp-005230.1_205_H3N5F1,6.58416e+08,7.21594e+08,9.11115e+08,6.72567e+08,5.61456e+08,5.55682e+08
Smp-011680.1_221_H8N2,2.65851e+09,2.45316e+09,3.03616e+09,3.04888e+09,3.45522e+09,3.18455e+09
Smp-005230.1_205_H3N4F1,1.80771e+09,1.81491e+09,1.86985e+09,1.63548e+09,1.55999e+09,1.53672e+09
Smp-011680.1_221_H9N2,1.31464e+10,1.16594e+10,1.49846e+10,1.83676e+10,2.0177e+10,1.84708e+10
Smp-010820.1_159_H3N2F1,1.31162e+09,1.16508e+09,1.2392e+09,2.27773e+09,2.6084e+09,2.02543e+09
Smp-000260.1_484_H6N2,8.65226e+08,9.89044e+08,8.20412e+08,1.23965e+09,1.32458e+09,1.31939e+09
Smp-011680.1_221_H7N2,1.52475e+09,1.31121e+09,1.64215e+09,1.86658e+09,2.14108e+09,1.75044e+09
Smp-090080.1_152_H4N3F2,2.53554e+09,2.10512e+09,2.04022e+09,3.48509e+09,3.80951e+09,3.72529e+09
Smp-005230.1_225_H3N4F1,1.26076e+09,9.3215e+08,9.21417e+08,9.82029e+08,9.09031e+08,8.31665e+08
Smp-005230.1_205_H4N3F1,2.75202e+08,1.81093e+08,1.49452e+08,2.20375e+08,1.91271e+08,1.89639e+08
Smp-090080.1_152_H4N3F1,5.09512e+08,5.53824e+08,6.75252e+08,2.20774e+09,2.19749e+09,1.99173e+09
Smp-000260.1_484_H4N3F2,8.76691e+08,7.95465e+08,8.55865e+08,3.47866e+08,4.38851e+08,3.17793e+08
Smp-005230.1_205_H3N3F1Pen1,4.75348e+08,4.83323e+08,4.47544e+08,6.82968e+08,6.56715e+08,9.28538e+08
Smp-005230.1_205_H4N2F1,7.82402e+08,8.09469e+08,5.24857e+08,1.24193e+09,1.4688e+09,1.36935e+09
Smp-003340.1_560_H6N2,3.08447e+08,3.9822e+08,4.67552e+08,4.35105e+08,3.89231e+08,3.4783e+08
Smp-000260.1_484_H3N3F2,2.94591e+08,3.14917e+08,2.65601e+08,3.54389e+08,3.41903e+08,3.808e+08
Smp-005230.1_205_H3N2F1Pen1,1.30221e+09,1.12513e+09,1.46708e+09,8.93104e+08,1.06101e+09,1.06835e+09
Smp-000260.1_484_H3N4F1,9.66218e+07,8.01447e+07,8.32872e+07,9.22369e+07,6.83444e+07,4.37399e+07
Smp-342830.1_1135_H9N2,1.0333e+08,7.02328e+07,7.61548e+07,8.32077e+07,6.96269e+07,1.03969e+08
Smp-005230.1_225_H3N3F1,2.78441e+09,2.3342e+09,2.52171e+09,2.65289e+09,2.56615e+09,2.57118e+09
Smp-090080.1_152_H3N4F1,5.74951e+08,7.93937e+08,7.69029e+08,5.94049e+09,5.94902e+09,6.01699e+09
Smp-194050.1_349_H3N6F1,2.05813e+09,1.48447e+09,1.5067e+09,2.34455e+09,2.84905e+09,2.87624e+09
Smp-032250.1_293_H3N4F1,1.464e+08,1.59553e+08,1.06016e+08,1.56711e+08,1.47007e+08,1.48736e+08
Smp-194050.1_349_H7N2,3.13967e+08,2.62766e+08,2.29664e+08,6.24638e+08,6.45526e+08,6.75214e+08
Smp-194050.1_349_H6N2,4.83441e+08,4.90331e+08,4.85877e+08,9.72319e+08,8.92635e+08,9.49861e+08
Smp-345440.1_2154_H3N2F1,3.05982e+08,2.71151e+08,2.48272e+08,2.08403e+09,2.15011e+09,2.34227e+09
Smp-043390.1_520_H9N2,7.62881e+08,4.01163e+08,2.89719e+08,6.95773e+08,8.55636e+08,8.42527e+08
Smp-266770.1_85_H3N4F1,2.07276e+08,2.12197e+08,1.02486e+08,5.16863e+08,5.69025e+08,6.84108e+08
Smp-194050.1_349_H3N4F1,1.35768e+10,1.3594e+10,1.55654e+10,2.60666e+10,2.93423e+10,2.56289e+10
Smp-194050.1_349_H2N4F1,4.93004e+08,4.16572e+08,4.52658e+08,8.68241e+08,9.04338e+08,9.61258e+08
Smp-194050.1_349_H3N3F1,2.77044e+08,2.73952e+08,3.10306e+08,6.35391e+08,7.95074e+08,5.02959e+08
Smp-000260.1_484_H3N2F1,3.39945e+07,3.18444e+07,3.31152e+07,1.98494e+07,2.152e+07,3.30939e+08
Smp-343260.1_324_H5N2,1.14135e+10,9.32158e+09,1.0062e+10,2.16932e+09,1.9292e+09,1.70737e+09
Smp-343260.1_324_H4N2,5.11587e+08,5.17864e+08,6.27714e+08,1.27917e+08,1.63282e+08,1.88088e+08
Smp-032250.1_293_H3N2F1,4.5982e+07,3.94856e+07,3.88571e+07,9.83684e+07,9.81259e+07,7.95396e+07
Smp-043390.1_520_H6N2,2.9222e+08,1.73747e+08,2.0749e+08,8.45764e+08,7.13609e+08,8.02874e+08
Smp-266770.1_85_H2N2F1,3.08541e+08,3.273e+08,1.86211e+08,1.14535e+09,1.20035e+09,1.48321e+09
Smp-050270.1_281_H9N2,7.56816e+08,7.07415e+08,6.76676e+08,0,0,0
Smp-050270.1_281_H8N2,1.24869e+09,9.13913e+08,1.27868e+09,0,0,0
Smp-194050.1_349_H3N2F1,1.63537e+09,1.31218e+09,1.31416e+09,3.88888e+09,3.34623e+09,3.34072e+09
Smp-194050.1_349_H2N2F1,3.18437e+08,3.40024e+08,2.71498e+08,8.51361e+08,7.34424e+08,7.56336e+08
Smp-346970.1_414_H9N2,3.2399e+09,3.14992e+09,2.72739e+09,1.97912e+09,2.14633e+09,2.26514e+09
Smp-050270.1_281_H7N2,3.66529e+08,2.82147e+08,4.95869e+08,0,2.87975e+08,1.09277e+08
Smp-343920.1_345_H5N4,1.75751e+08,1.20819e+08,4.57395e+07,1.14729e+07,0,2.40974e+07
Smp-071610.1_311_H5N2,3.78071e+08,2.79049e+08,3.74565e+08,4.05395e+08,4.30823e+08,4.78758e+08
Smp-018550.1_166_H8N2,1.19908e+08,1.07795e+08,5.31742e+07,3.34457e+08,3.75316e+08,4.18311e+08
Smp-032250.1_317_H6N2,9.18649e+08,7.20208e+08,6.57038e+08,2.45941e+09,2.11696e+09,2.0851e+09
Smp-017730.1_918_H3N3F1,7.76485e+08,8.14506e+08,9.27784e+08,1.84898e+09,2.02518e+09,2.31785e+09
Smp-166500.1_315_H9N2,4.32521e+09,3.99672e+09,3.53916e+09,1.00091e+10,9.1231e+09,8.79256e+09
Smp-166500.1_315_H8N2,2.75409e+09,2.34137e+09,2.39833e+09,4.37015e+09,4.85906e+09,3.8813e+09
Smp-166500.1_315_H7N2,1.60971e+09,1.44192e+09,1.53731e+09,3.08816e+09,2.97053e+09,3.20225e+09
Smp-329010.1_242_H9N2,2.52651e+08,2.43757e+08,2.37743e+08,2.65645e+08,1.69344e+08,8.43996e+07
Smp-314750.1_218_H5N4A2,5.29687e+08,6.50397e+08,7.83335e+08,1.51917e+08,9.81205e+07,1.24266e+08
Smp-166500.1_315_H5N2,1.96572e+08,1.48241e+08,1.70735e+08,5.58079e+07,7.81118e+07,1.10639e+08
Smp-041370.1_494_H3N2F1,1.47517e+08,1.10888e+08,1.58441e+08,2.69025e+08,3.05059e+08,2.98106e+08
Smp-302090.1_432_H6N5F1,1.89985e+07,3.3298e+07,5.26735e+07,0,0,0
Smp-156630.1_743_H5N4,3.67373e+08,4.25915e+08,3.8774e+08,7.96956e+08,9.42555e+08,8.3299e+08
Smp-142550.1_1601_H6N2,3.5394e+07,1.37337e+07,6.01728e+06,3.61221e+08,3.14649e+08,3.20688e+08
Smp-347550.1_1580_H2N2F1,1.73139e+08,1.5286e+08,1.58447e+08,3.70757e+08,3.63698e+08,3.5741e+08
Smp-302090.1_432_H5N4F1,2.34023e+08,2.05717e+08,2.26731e+08,1.69422e+08,9.9328e+07,1.24004e+08
Smp-037540.1_314_H5N4,6.57384e+07,6.78162e+07,4.93773e+07,0,0,0
Smp-212710.1_539_H9N2,6.42293e+09,6.17257e+09,7.40412e+09,8.37831e+09,8.72403e+09,9.38956e+09
Smp-212710.1_539_H7N2,4.69855e+08,3.83778e+08,4.62999e+08,5.12544e+08,5.28612e+08,5.07265e+08
Smp-212710.1_539_H8N2,1.13214e+09,9.16308e+08,1.38074e+09,1.67796e+09,1.68139e+09,1.51549e+09
Smp-051120.1_62_H6N2,3.08484e+08,1.98635e+08,2.56536e+08,4.59436e+08,3.98299e+08,4.93189e+08
Smp-341470.1_161_H6N2,6.75368e+07,9.96186e+07,1.16543e+08,2.6369e+08,2.57887e+08,2.60973e+08
Smp-346910.1_74_H3N6F1,3.85958e+10,4.94205e+10,4.46104e+10,5.01438e+10,5.72046e+10,6.57674e+10
Smp-346910.1_74_H3N8F1,1.52041e+10,1.4258e+10,1.51234e+10,2.30165e+10,2.1e+10,2.0698e+10
Smp-089670.1_1707_H4N3F2,9.38994e+08,8.19006e+08,1.12822e+09,1.19871e+09,9.22629e+08,1.50255e+09
Smp-346910.1_74_H4N7F1,6.58318e+08,4.07418e+08,6.11477e+08,8.98648e+08,7.53183e+08,7.0095e+08
Smp-346910.1_74_H3N7F1,1.06076e+08,7.5884e+07,1.11789e+08,2.50215e+08,1.65899e+08,1.66776e+08
Smp-346910.1_74_H3N6F2,1.12814e+09,1.29674e+09,1.09354e+09,1.87674e+09,1.4347e+09,1.44604e+09
Smp-346910.1_74_H4N6F1,7.02016e+08,5.68672e+08,5.29148e+08,1.02769e+09,1.01503e+09,1.16044e+09
Smp-346910.1_74_H4N5F1,4.0701e+08,7.34975e+08,4.48625e+08,8.3133e+08,7.61189e+08,5.22915e+08
Smp-346910.1_74_H3N4F1,2.62214e+10,2.61658e+10,2.83697e+10,3.29317e+10,3.42558e+10,3.26689e+10
Smp-346910.1_74_H3N5F1,1.52195e+09,1.6018e+09,1.52365e+09,1.70671e+09,1.50605e+09,1.67311e+09
Smp-346910.1_74_H3N6,7.10269e+07,1.11408e+08,9.70461e+07,1.12921e+08,5.59396e+07,1.89928e+08
Smp-090080.1_325_H4N5,6.11838e+09,3.29163e+09,3.01407e+09,3.70574e+10,3.01488e+10,2.88336e+10
Smp-090080.1_325_H5N4,5.13402e+09,2.90372e+09,2.68768e+09,2.74999e+10,2.47252e+10,1.9883e+10
Smp-090080.1_325_H3N6,1.87464e+09,1.10064e+09,1.25293e+09,3.20248e+09,2.95796e+09,2.02612e+09
Smp-346910.1_74_H8N2F1,6.31104e+07,8.07322e+07,7.5696e+07,6.99682e+07,7.34435e+07,7.37886e+07
Smp-346910.1_74_H4N3F1,8.9188e+08,1.00555e+09,1.22178e+09,1.25652e+09,1.26147e+09,1.05807e+09
Smp-346910.1_74_H2N4F1,8.31911e+08,7.31697e+08,9.12213e+08,8.78984e+08,8.96847e+08,7.97751e+08
Smp-346910.1_74_H3N4,5.73139e+08,4.44355e+08,8.39297e+08,4.90832e+08,5.82099e+08,6.17785e+08
Smp-346910.1_74_H3N3F1,5.02438e+08,8.36111e+08,4.70907e+08,7.73397e+08,7.52231e+08,8.20073e+08
Smp-346030.2_67_H6N5,3.53786e+08,3.46988e+08,2.49126e+08,3.48437e+07,6.93155e+06,5.36596e+06
Smp-182620.1_366_H9N2,1.76471e+09,1.45568e+09,1.39128e+09,5.73846e+09,5.33731e+09,5.94725e+09
Smp-346970.1_136_H6N2,1.17789e+09,8.79917e+08,5.86818e+08,1.81115e+09,1.84805e+09,1.69358e+09
Smp-243150.1_1576_H9N2,1.22867e+09,8.98846e+08,7.99337e+08,1.80265e+09,2.27922e+09,1.81153e+09
Smp-346030.2_67_H5N4,2.86739e+08,2.81244e+08,2.32729e+08,0,0,4.25094e+06
Smp-144840.1_171_H3N5F1,2.78429e+07,9.04674e+06,1.25192e+07,6.78423e+07,1.16744e+08,1.07956e+08
Smp-090080.1_325_H5N6F1,1.30686e+08,5.34951e+07,2.0472e+07,1.72013e+09,1.50563e+09,1.69565e+09
Smp-090080.1_325_H4N7,4.10707e+07,4.75442e+07,4.12606e+07,6.1772e+08,7.90622e+08,6.34239e+08
Smp-090080.1_325_H10N2,3.25956e+07,2.05248e+07,8.70908e+06,0,0,0
Smp-090080.1_325_H4N5F1,2.31495e+09,1.50934e+09,1.16683e+09,2.78397e+10,2.78289e+10,2.71319e+10
Smp-090080.1_325_H3N6F1,7.85633e+08,7.1482e+08,5.05242e+08,9.54418e+09,7.72864e+09,8.11102e+09
Smp-090080.1_325_H5N4Pen1,3.48553e+08,2.2036e+08,2.25527e+08,2.98371e+09,3.05654e+09,2.87222e+09
Smp-090080.1_325_H5N4F1,3.22838e+08,1.9586e+08,2.96512e+08,1.50715e+10,1.33099e+10,1.26079e+10
Smp-090080.1_325_H6N2,3.56942e+07,1.92113e+07,4.31505e+07,1.33994e+09,1.80045e+09,1.8041e+09
Smp-090080.1_325_H3N4F1,3.66481e+09,2.82651e+09,3.64324e+09,6.38371e+09,5.69736e+09,6.27706e+09
Smp-133700.1_305_H8N2,8.34949e+08,8.43228e+08,7.92812e+08,1.14846e+09,9.85904e+08,9.7068e+08
Smp-133700.1_305_H7N2,2.14444e+08,1.62244e+08,1.59565e+08,2.27353e+08,2.67609e+08,1.82865e+08
Smp-133700.1_305_H6N2,1.50782e+09,9.71889e+08,8.05225e+08,2.91217e+09,3.21466e+09,2.70678e+09
Smp-122980.1_1346_H3N2,1.80381e+07,2.61973e+07,2.43098e+07,8.10804e+07,6.41344e+07,7.5345e+07
Smp-010550.1_64_H2N2,1.67282e+08,1.65439e+08,2.03501e+08,1.26217e+09,1.15061e+09,7.25206e+08
Smp-000390.1_49_H4N4F1,1.87708e+07,1.70494e+07,2.80173e+07,0,206971,0
Smp-130950.1_59_H3N2F1,7.77043e+07,1.51279e+08,1.39036e+08,2.40538e+08,2.30602e+08,1.96285e+08
Smp-089670.1_882_H5N2,7.51743e+07,7.27179e+07,9.06067e+07,1.08246e+08,1.41927e+08,1.07766e+08
Smp-000390.1_49_H4N3F1,3.11844e+07,4.22297e+07,4.62802e+07,9.54777e+06,1.71946e+07,8.78945e+06
Smp-300580.1_185_H2N2F1,5.97144e+07,2.92459e+07,4.63001e+07,5.78663e+07,6.44627e+07,1.42186e+07
Smp-073400.1_137_H5N3F1,1.36749e+08,1.86799e+08,1.68068e+08,3.69153e+08,3.77586e+08,4.31908e+08
Smp-172070.1_613_H3N2F1,1.39373e+08,1.93756e+08,1.58654e+08,7.62537e+08,8.41849e+08,7.64413e+08
Smp-073400.1_137_H4N4F1Pen1,1.80617e+07,2.4465e+07,1.98177e+07,2.25553e+07,2.77489e+07,1.63253e+07
Smp-073400.1_137_H2N2,1.97231e+08,2.96886e+08,2.41604e+08,2.5416e+08,2.78259e+08,2.7383e+08
Smp-000280.1_210_H5N4F2,5.9564e+07,8.53983e+07,9.10786e+07,0,0,0
Smp-041460.1_169_H4N2,6.39101e+07,7.87871e+07,8.64004e+07,1.11824e+07,1.38071e+07,1.40838e+07
Smp-000280.1_210_H4N3F1,6.42696e+07,8.4904e+07,8.7288e+07,0,0,995617
Smp-128690.1_812_H3N2F1,1.27819e+08,1.21324e+08,1.59905e+08,2.63444e+08,2.52386e+08,2.66922e+08
Smp-073400.1_137_H3N6F1,4.99323e+07,8.00328e+07,6.44825e+07,3.45717e+08,3.63549e+08,3.52631e+08
Smp-056990.1_51_H3N2F1,1.27211e+08,1.00114e+08,0,2.27628e+08,1.75468e+08,2.10356e+08
Smp-075800.1_268_H6N3F1,5.80755e+08,6.3531e+08,5.05838e+08,8.07885e+07,7.76801e+07,4.86465e+07
Smp-075800.1_268_H2N3F1,0,1.98971e+06,0,0,0,0
Smp-153140.1_1194_H6N5F1,2.00804e+07,3.2546e+07,4.71658e+07,0,0,1.98388e+07
Smp-170280.1_1148_H3N2F1,5.23039e+07,6.35165e+07,7.83081e+07,1.48653e+08,2.17158e+08,1.82938e+08
Smp-163550.1_362_H8N2,3.9349e+08,6.25027e+08,8.65761e+08,1.4457e+09,6.95392e+08,1.31645e+09
Smp-031730.1_108_H5N3,1.81759e+08,2.48022e+08,2.58871e+08,0,0,0
Smp-105680.1_19_H4N2,2.44984e+08,1.86509e+08,3.64657e+08,1.55566e+08,1.65846e+08,2.24512e+08
Smp-163550.1_362_H6N2,1.8218e+08,2.51088e+08,2.04948e+08,3.67547e+08,3.81666e+08,3.39515e+08
Smp-031730.1_108_H3N3,1.01268e+07,3.04529e+07,2.58257e+07,0,1.89068e+07,0
Smp-040360.1_201_H5N4F1,1.03819e+08,1.16762e+08,9.73034e+07,2.74527e+07,1.96139e+06,0
Smp-031730.1_108_H3N4F2Pen1,8.59652e+07,1.19035e+08,1.12116e+08,3.26591e+07,3.02081e+07,2.70609e+07
Smp-073400.1_169_H3N6F3Pen1,1.03125e+08,1.18826e+08,1.14042e+08,8.35795e+07,1.0703e+08,9.05563e+07
Smp-031730.1_108_H3N4F2,9.84148e+07,1.19237e+08,8.62388e+07,1.34123e+07,1.18396e+07,1.51771e+07
Smp-089700.1_269_H6N2,1.52212e+08,1.49781e+08,1.9417e+08,3.61593e+08,4.09944e+08,7.1668e+08
Smp-246770.1_285_H3N7F2,2.31684e+08,2.29445e+08,2.79812e+08,9.12272e+07,1.1914e+08,1.69818e+08
Smp-077890.1_220_H6N2,1.50107e+08,1.42176e+08,1.29413e+08,1.79646e+08,2.11431e+08,2.74994e+08
Smp-027870.1_672_H8N2,4.51495e+08,5.54688e+08,3.67551e+08,6.35517e+08,6.86604e+08,9.02287e+08
Smp-105680.1_19_H3N3Pen1,7.84799e+07,8.72074e+07,7.2282e+07,4.28082e+07,5.73184e+07,7.79355e+07
Smp-031730.1_108_H2N2F1,4.1392e+07,3.67125e+07,4.34673e+07,2.68793e+07,1.19257e+07,1.53131e+07
Smp-147460.1_180_H6N5F1,1.46157e+08,1.74495e+08,1.31104e+08,0,5.7849e+06,6.18731e+07
Smp-347550.1_2030_H3N2F1,4.6608e+07,8.9959e+07,7.61019e+07,1.22707e+08,1.41041e+08,9.41708e+07
Smp-139240.1_144_H3N2,9.64354e+07,8.87841e+07,9.29771e+07,3.94957e+07,1.30705e+08,4.69382e+07
Smp-077890.1_220_H4N3F1,1.94833e+08,2.4254e+08,2.05723e+08,0,0,69254.5
Smp-123540.1_46_H3N4F1,2.9926e+08,3.08472e+08,3.02056e+08,4.58671e+08,5.00965e+08,3.04012e+08
Smp-089100.1_610_H9N2,3.93152e+08,4.56753e+08,4.44282e+08,8.44342e+08,6.84006e+08,4.74861e+08
Smp-005500.1_626_H6N5F3,3.6554e+07,5.00314e+07,3.37137e+07,2.10027e+07,3.54863e+08,1.03258e+08
Smp-035470.1_50_H9N2,7.32065e+08,7.23754e+08,1.09545e+09,1.25887e+08,4.45375e+08,2.65708e+08
Smp-213990.1_16_H6N5F1,1.99841e+08,1.72208e+08,2.04209e+08,3.60212e+07,1.6829e+07,1.64866e+07
Smp-089100.1_610_H5N2,1.03385e+08,1.01812e+08,1.04845e+08,1.4577e+08,1.73358e+08,2.31072e+08
Smp-246770.1_292_H3N6F1,2.2027e+08,2.73098e+08,2.25565e+08,1.24215e+08,1.56783e+08,2.77978e+08
Smp-302090.1_185_H6N5F1,2.11604e+08,2.80159e+08,2.9894e+08,2.45752e+07,2.47849e+07,6.63234e+06
Smp-131580.1_757_H3N2F1,4.53057e+08,5.39301e+08,4.49366e+08,5.31166e+08,7.38787e+08,5.11338e+08
Smp-194050.1_273_H5N4F1,4.74927e+08,5.41182e+08,5.16515e+08,1.41261e+09,1.47092e+09,1.77359e+09
Smp-194050.1_273_H4N5F1,1.19538e+09,1.54152e+09,1.64452e+09,1.96351e+09,2.52426e+09,2.47173e+09
Smp-074000.1_120_H8N2,5.47006e+07,1.13443e+08,9.58119e+07,2.72192e+08,2.82514e+08,2.62932e+08
Smp-123670.1_39_H4N5F1,2.24633e+07,3.37508e+07,3.69794e+07,2.06346e+07,1.28194e+07,9.03459e+06
Smp-213990.1_16_H3N2F1,9.65461e+07,2.05971e+08,2.48959e+08,2.79454e+08,3.40791e+08,2.27229e+08
Smp-331680.1_32_H6N5F2,8.45049e+07,1.3588e+08,1.09366e+08,0,0,0
Smp-089100.1_610_H3N3,7.54715e+07,8.92169e+07,1.33019e+08,8.47037e+07,1.05589e+08,4.36273e+07
Smp-331290.1_54_H4N6F1,7.02019e+08,6.87581e+08,6.66064e+08,1.08973e+09,1.15262e+09,1.32711e+09
Smp-089290.1_157_H3N2F1,1.00026e+08,1.02903e+08,8.99276e+07,6.09333e+07,5.35135e+07,0
Smp-327360.1_161_H2N2F1,9.02006e+07,7.84852e+07,7.28984e+07,1.03686e+08,9.34311e+07,1.13494e+08
Smp-331290.1_54_H3N2F1,4.68163e+08,6.1622e+08,6.80313e+08,1.13134e+09,1.05352e+09,9.96792e+08
Smp-327360.1_451_H5N4F1,2.8431e+08,4.87844e+08,3.62806e+08,2.68612e+07,5.48702e+07,5.13579e+07
Smp-340540.1_230_H6N3F1,7.4309e+07,1.01789e+08,1.18081e+08,3.35186e+07,2.11e+06,0
Smp-340540.1_230_H6N2,2.12933e+07,2.67602e+07,2.81793e+07,1.06935e+07,1.26849e+07,1.05097e+07
Smp-170350.1_298_H5N4F1,1.73361e+08,2.17219e+08,2.2449e+08,4.94235e+08,4.83876e+08,5.49388e+08
Smp-159190.1_15_H3N2F1,9.99641e+07,1.40982e+08,1.10719e+08,1.53807e+08,1.50706e+08,1.32721e+08
Smp-342830.1_680_H9N2,2.46777e+08,3.43238e+08,3.4005e+08,4.42818e+08,5.06506e+08,6.00884e+08
Smp-041460.1_175_H6N3,3.38725e+07,3.9573e+07,3.89583e+07,0,1.84663e+07,1.14681e+07
Smp-041460.1_175_H5N2,1.52957e+08,1.79319e+08,1.43242e+08,1.39794e+07,1.72078e+07,1.4939e+07
Smp-125250.1_83_H6N3,1.87618e+08,2.35216e+08,1.98345e+08,2.85552e+08,2.2586e+08,2.13544e+08
Smp-173480.1_344_H2N2F1,1.33713e+08,1.65987e+08,1.35987e+08,2.2906e+08,2.12352e+08,2.11519e+08
Smp-041460.1_175_H4N4F2,6.58093e+07,9.00933e+07,8.92804e+07,0,1.80018e+07,1.41608e+07
Smp-041460.1_175_H5N3F1,1.93942e+08,2.84709e+08,2.32481e+08,4.75175e+07,4.82369e+07,6.97367e+07
Smp-018590.1_683_H8N2,2.15899e+08,2.7724e+08,2.20766e+08,1.01794e+09,7.34152e+08,5.95687e+08
Smp-072190.1_115_H4N3,1.37262e+08,1.97124e+08,1.48209e+08,3.79031e+08,3.00831e+08,3.66312e+08
Smp-267090.1_945_H4N4F2,3.78447e+07,6.12841e+07,5.77833e+07,4.34802e+08,3.57678e+08,4.38653e+08
Smp-342970.1_4218_H2N2F1,8.55079e+07,1.25067e+08,7.04253e+07,1.88721e+08,1.62015e+08,1.10094e+08
Smp-041460.1_175_H5N4F1,4.61514e+08,8.29821e+08,7.50251e+08,7.8991e+07,6.66479e+07,6.4391e+07
Smp-342870.1_2109_H3N4F1,4.89667e+08,4.99288e+08,5.04424e+08,8.36826e+08,7.98983e+08,7.47011e+08
Smp-332540.1_129_H3N2F1,1.00091e+09,1.10728e+09,1.12186e+09,1.99692e+09,1.92263e+09,1.725e+09
Smp-340060.1_57_H4N3F2,3.38718e+07,1.35197e+08,1.07625e+08,2.72824e+07,3.65573e+07,3.20307e+07
Smp-171190.1_44_H5N4F3,9.65244e+07,4.2421e+08,4.37746e+08,3.3466e+08,3.2413e+08,3.00818e+08
Smp-072190.1_115_H2N2,1.72906e+07,2.64894e+07,3.05566e+07,1.89372e+07,1.72412e+07,2.05027e+07
Smp-041460.1_175_H3N6F3,2.29302e+08,2.581e+08,1.99989e+08,1.90889e+08,1.35762e+08,1.79787e+08
Smp-156630.1_293_H6N2,1.88088e+08,1.832e+08,1.68851e+08,2.03367e+09,1.95036e+09,2.10047e+09
Smp-028870.1_65_H9N2,1.27397e+08,2.68677e+08,2.6153e+08,2.39313e+08,2.89345e+08,2.74966e+08
Smp-303320.1_116_H6N4F3,1.44299e+08,1.8207e+08,2.24157e+08,2.94271e+08,3.16624e+08,2.56239e+08
Smp-303320.1_116_H4N6F3,6.10737e+07,7.81319e+07,8.27408e+07,5.69885e+08,6.01256e+08,5.64111e+08
Smp-310170.1_2314_H3N2,3.01728e+08,1.83631e+08,1.34998e+08,3.71733e+08,3.47966e+08,4.29218e+08
Smp-001100.1_678_H3N2F1,3.78707e+07,4.75742e+07,7.48625e+07,1.74843e+08,2.07759e+08,1.67005e+08
Smp-303320.1_116_H5N4F1,1.59561e+08,2.06915e+08,1.80255e+08,1.07874e+09,1.26711e+09,1.18785e+09
Smp-125250.1_68_H5N2,2.43085e+07,2.29768e+07,2.47331e+07,1.39353e+07,1.42161e+07,1.5063e+07
Smp-156630.1_516_H5N4F1,3.76353e+07,1.21777e+08,1.49265e+08,2.3641e+08,2.71763e+08,3.27002e+08
Smp-156630.1_516_H3N6F3,6.995e+07,1.24193e+08,1.36053e+08,1.06091e+09,9.45496e+08,9.79343e+08
Smp-089240.1_157_H5N4F3,0,5.55081e+07,0,4.32852e+07,0,3.60693e+06
Smp-047540.1_337_H3N2F1,2.27579e+07,1.98483e+07,1.67202e+07,2.29721e+07,2.0062e+07,2.82999e+07
Smp-028870.1_65_H4N2F1,4.01772e+07,4.14676e+07,3.88987e+07,7.56947e+06,1.06633e+07,0
Smp-243150.1_1716_H6N2,3.24808e+08,2.32351e+08,2.86954e+08,9.30121e+08,8.29562e+08,9.04994e+08
Smp-020340.1_669_H9N2,1.39805e+08,1.7644e+08,1.75837e+08,4.92094e+08,4.76836e+08,2.47089e+08
Smp-020340.1_669_H8N2,6.30058e+07,1.7673e+08,1.45688e+08,4.38157e+08,5.75798e+08,5.68256e+08
Smp-005720.1_147_H3N10F1,3.63584e+08,6.3308e+08,5.03572e+08,1.06559e+09,1.03144e+09,8.15487e+08
Smp-333600.1_305_H3N3F1,1.35197e+07,3.13663e+07,1.33735e+07,2.22494e+07,2.2661e+07,2.85587e+07
Smp-165710.1_44_H5N4F5,1.51396e+08,1.41469e+08,1.31391e+08,2.06676e+08,2.2465e+08,2.01587e+08
Smp-331290.1_40_H6N5F1,3.36959e+08,4.00211e+08,4.04585e+08,9.66291e+08,8.46429e+08,9.15691e+08
Smp-348070.1_81_H3N8F1,1.2289e+07,2.87208e+08,2.7505e+08,1.34898e+09,1.197e+09,9.7696e+08
Smp-149370.1_143_H9N2,5.69621e+08,7.80745e+08,5.691e+08,1.22973e+09,1.22729e+09,8.23733e+08
Smp-331290.1_40_H3N6F2,1.46162e+08,2.12281e+08,2.1673e+08,4.47469e+08,3.28304e+08,3.08421e+08
Smp-197390.1_351_H10N2,1.06894e+08,8.88705e+07,2.76812e+08,1.32905e+08,1.44017e+08,1.15838e+08
Smp-348070.1_81_H3N5F1,4.00465e+08,5.13902e+08,3.38991e+08,1.35187e+09,1.11541e+09,1.28418e+09
Smp-125250.1_46_H5N4F2,1.78004e+09,1.47804e+09,1.63038e+09,1.19507e+09,1.01178e+09,1.21645e+09
Smp-348070.1_81_H3N2F1,7.94409e+08,8.99699e+08,1.11327e+09,3.78544e+09,4.01295e+09,1.87569e+09
Smp-331290.1_40_H2N4F1,1.10516e+09,1.56898e+09,8.99385e+08,1.1373e+09,1.18731e+09,1.38135e+09
Smp-127820.1_496_H5N4,1.40157e+07,4.84808e+07,6.85045e+07,1.11949e+07,2.17542e+07,6.61765e+06
Smp-332480.1_178_H3N2F1,2.02317e+08,2.82728e+08,5.62541e+08,7.92827e+08,8.22487e+08,7.23661e+08
Smp-180810.1_863_H9N2,6.19166e+07,7.49121e+07,8.02428e+07,1.52454e+08,1.45068e+08,1.04696e+08
Smp-246770.1_308_H6N2,5.41508e+07,1.10259e+08,7.3007e+07,3.50321e+07,8.97353e+06,8.62563e+06
Smp-000270.1_198_H6N2,5.16845e+07,4.41492e+07,4.12451e+07,0,0,2.26748e+07
Smp-180810.1_863_H6N2,1.73397e+08,6.21215e+07,1.46684e+08,3.23492e+08,2.90412e+08,2.83479e+08
Smp-143730.1_725_H3N4F1,5.90582e+07,7.23693e+07,6.13428e+07,1.00593e+08,5.68803e+07,9.59167e+07
Smp-246770.1_308_H3N6F1Pen1,3.42669e+08,4.03852e+08,5.75244e+08,5.37106e+06,1.73833e+07,0
Smp-067060.1_183_H6N2F1,1.22959e+08,1.04702e+08,1.33461e+08,1.92567e+07,4.78607e+06,0
Smp-343650.1_1947_H9N2,5.24986e+08,4.82398e+08,4.63166e+08,1.01531e+09,6.74319e+08,6.08212e+08
Smp-196020.1_445_H3N3F1,3.05431e+07,4.98313e+07,2.93281e+07,5.62572e+07,4.14184e+07,3.87366e+07
Smp-196020.1_445_H3N2F1,1.94196e+08,2.85783e+08,2.27752e+08,5.00513e+08,4.33322e+08,4.08074e+08
Smp-067060.1_183_H2N3F1Pen1,3.0493e+07,2.72752e+07,2.22901e+07,7.26807e+06,2.51372e+06,0
Smp-308820.1_1378_H8N2,9.05178e+07,1.00978e+08,1.44057e+08,2.65458e+08,2.2498e+08,2.83447e+08
Smp-067060.1_183_H3N4F1Pen1,3.16957e+07,4.11734e+07,3.37528e+07,1.03551e+08,1.06055e+08,4.54452e+07
Smp-017730.1_1118_H5N5F1,3.48167e+08,3.64075e+08,5.15438e+08,1.46924e+09,1.40404e+09,1.77683e+09
Smp-017730.1_1118_H2N3,0,7.15499e+07,4.78183e+07,3.16156e+08,1.93195e+08,1.88935e+08
Smp-105450.1_103_H4N3F4Pen1,7.47585e+07,6.50562e+07,5.31518e+07,6.04237e+08,6.1946e+08,7.0465e+08
Smp-127370.1_336_H10N2,5.56101e+07,6.08123e+07,7.06525e+07,2.53112e+07,1.93292e+07,1.63963e+07
Smp-105450.1_103_H5N2,3.33143e+09,3.60814e+09,3.10234e+09,1.15799e+09,9.48617e+08,8.99398e+08
Smp-146720.1_1114_H10N2,6.51473e+07,5.5967e+07,6.26525e+07,1.09573e+08,9.63941e+07,8.00952e+07
Smp-018760.1_184_H9N2,2.62059e+08,1.99647e+08,1.51745e+08,1.20826e+08,3.517e+08,2.91536e+08
Smp-018760.1_184_H4N2,1.55382e+08,1.76891e+08,1.63495e+08,1.6001e+08,1.29508e+08,1.43628e+08
Smp-018760.1_184_H3N4F2,2.98679e+09,3.27043e+09,3.48566e+09,8.09489e+08,8.27642e+08,6.71827e+08
Smp-088950.1_759_H3N5F1,6.03064e+07,5.65829e+07,9.15665e+07,6.52615e+07,8.32711e+07,5.30982e+07
Smp-018760.1_184_H4N3F2,1.08634e+08,9.79146e+07,1.14205e+08,3.58433e+08,3.61622e+08,0
Smp-172180.1_39_H3N3F1,1.63251e+08,1.19819e+08,1.81662e+08,6.01608e+08,6.23231e+08,5.01916e+08
Smp-143730.1_1006_H3N2F1,2.91056e+08,2.10292e+08,2.71757e+08,2.78694e+08,2.08825e+08,2.78846e+08
Smp-342970.1_3258_H2N2F1,4.14557e+07,4.27659e+07,4.70869e+07,1.41187e+08,1.60483e+08,1.11037e+08
Smp-088950.1_759_H3N3,5.82332e+07,4.2937e+07,1.17216e+08,1.90218e+08,1.67862e+07,5.18276e+07
Smp-157070.1_241_H6N2,1.09311e+09,9.5374e+08,1.09877e+09,1.4087e+09,1.32685e+09,1.07235e+09
Smp-018760.1_184_H3N2F1,2.45715e+09,2.21389e+09,1.95183e+09,2.71863e+09,2.65694e+09,1.61178e+09
Smp-156630.1_696_H7N2,2.03259e+08,2.09308e+08,2.04986e+08,1.53411e+09,1.48339e+09,1.02617e+09
Smp-034420.1_57_H5N2,6.81375e+06,1.88955e+07,1.52387e+07,4.16608e+06,8.40312e+06,4.02654e+06
Smp-014570.1_93_H9N2,1.4482e+08,2.38344e+08,1.99943e+08,3.50036e+08,3.08416e+08,2.88133e+08
Smp-105680.1_270_H7N2,1.26852e+09,1.41719e+09,1.49304e+09,8.92115e+08,1.01843e+09,8.20274e+08
Smp-105680.1_270_H6N4F1,0,6.33623e+07,4.18054e+07,0,5.15705e+07,3.10283e+06
Smp-105680.1_270_H6N3Pen1,1.29751e+07,1.56657e+07,1.07135e+07,0,3.4185e+06,0
Smp-014570.1_93_H5N4A1,5.05074e+06,1.46453e+07,5.86576e+06,1.80997e+07,1.49746e+07,4.67051e+06
Smp-014570.1_93_H4N4F2,1.99658e+08,2.03125e+08,1.25196e+08,7.00987e+07,9.19555e+07,5.72266e+07
Smp-014570.1_93_H5N5F1,3.11608e+08,3.42626e+08,3.24205e+08,1.23576e+08,1.07513e+08,7.06887e+07
Smp-034420.1_57_H3N3F1,1.52979e+08,1.23161e+08,1.41546e+08,1.88615e+08,1.89266e+08,1.68719e+08
Smp-014570.1_93_H4N5F1,5.54004e+07,5.99361e+07,7.69284e+07,1.76997e+07,2.65141e+07,1.27712e+07
Smp-067060.1_298_H5N4F4,8.94611e+08,1.13785e+09,2.19491e+09,8.28945e+08,7.36981e+08,9.38345e+08
Smp-343650.1_2361_H9N2,0,1.24618e+08,1.68463e+08,2.60387e+08,2.00607e+08,2.33372e+08
Smp-084890.1_56_H6N5F3,5.64205e+07,6.16425e+07,4.49421e+07,0,0,0
Smp-067060.1_298_H4N4F3,8.54911e+07,1.35625e+08,1.25007e+08,2.04642e+07,5.27474e+07,3.42678e+07
Smp-133700.1_398_H5N2,4.20092e+07,4.93166e+07,7.7107e+07,5.61317e+07,6.99608e+07,6.27408e+07
Smp-084890.1_56_H5N4F3,5.10886e+07,5.66651e+07,5.4177e+07,3.4174e+07,0,0
Smp-084890.1_56_H5N5F2,1.29259e+08,1.12458e+08,1.69008e+08,0,0,0
Smp-346270.1_1176_H7N2,4.75473e+08,3.38712e+08,3.37268e+08,6.06888e+08,4.627e+08,3.58209e+08
Smp-153390.1_52_H3N2F1,2.92895e+08,2.72958e+08,3.13062e+08,5.67203e+08,4.76442e+08,5.40877e+08
Smp-131580.1_88_H5N3F1Pen1,1.81124e+07,1.63551e+07,9.16412e+06,2.48948e+07,3.38923e+07,4.09611e+07
Smp-131580.1_88_H8N2,9.60776e+08,1.02824e+09,9.09981e+08,5.79301e+08,5.54543e+08,6.68095e+08
Smp-350010.1_112_H10N2,1.06055e+07,1.25231e+07,1.5332e+07,3.4262e+07,3.59336e+07,2.43906e+07
Smp-246290.1_1280_H7N2,8.53003e+08,8.37841e+08,8.51641e+08,7.46169e+08,7.2724e+08,7.07828e+08
Smp-143730.1_937_H3N3F2,7.39372e+07,5.84554e+07,7.54141e+07,8.45277e+07,5.60805e+07,5.88345e+07
Smp-350010.1_112_H9N2,2.09123e+08,2.61727e+08,2.10474e+08,4.14239e+08,5.02203e+08,3.89322e+08
Smp-041550.1_72_H3N4F3,7.24804e+07,8.26658e+07,1.14285e+08,2.0698e+08,2.83476e+08,2.35318e+08
Smp-002600.1_99_H7N6F2,1.85879e+08,2.65693e+08,2.09519e+08,9.31448e+08,2.22659e+08,1.71862e+08
Smp-310170.1_689_H3N2F1,7.8632e+07,1.54601e+08,4.34522e+07,2.5129e+08,3.08896e+08,3.45413e+08
Smp-002600.1_99_H7N6F1,6.45756e+07,8.49801e+07,9.3719e+07,1.62724e+08,1.91184e+08,1.75606e+08
Smp-144840.1_155_H3N5F1,3.71679e+08,1.27263e+08,1.99438e+08,1.36241e+08,9.29107e+07,1.0314e+08
Smp-041550.1_72_H4N3F1,1.22075e+08,1.1431e+08,1.97493e+08,2.76447e+08,2.1024e+08,3.01991e+08
Smp-002600.1_99_H7N6,3.79299e+07,4.08366e+07,4.21874e+07,3.2778e+06,6.09521e+06,1.98664e+07
Smp-002600.1_99_H5N5F3,2.81275e+08,3.68846e+08,4.05326e+08,3.83982e+08,3.95188e+08,3.04116e+08
Smp-084890.1_56_H2N2F1,1.76612e+08,1.62326e+08,1.75334e+08,2.00178e+07,1.6305e+07,1.39437e+07
Smp-002600.1_99_H6N4F2,2.22803e+08,1.94606e+08,2.62961e+08,7.98608e+07,2.07958e+07,2.23188e+07
Smp-213640.1_109_H6N2,2.24413e+07,3.12349e+07,2.58372e+07,3.0922e+07,2.89136e+07,1.18437e+07
Smp-002600.1_99_H6N5F1,1.02955e+10,1.12892e+10,9.64566e+09,9.54081e+08,1.02177e+09,8.72217e+08
Smp-041550.1_72_H5N4F1,4.27415e+07,4.12356e+07,2.80957e+07,2.1294e+07,1.38396e+07,8.0081e+06
Smp-131580.1_1102_H10N2,2.76901e+07,2.93814e+07,3.34446e+07,1.10967e+07,1.94578e+07,1.69855e+07
Smp-002600.1_99_H6N5,4.80813e+09,5.98319e+09,5.19807e+09,3.24919e+08,3.20584e+08,2.85086e+08
Smp-329010.1_97_H9N2,1.3158e+08,1.83702e+08,1.61316e+08,5.07917e+08,5.48321e+08,5.54652e+08
Smp-145300.1_242_H4N2F1,3.99413e+08,3.39003e+08,4.12399e+08,8.27832e+08,8.15112e+08,8.95224e+08
Smp-070540.1_287_H3N6F4,4.30226e+07,3.30464e+07,3.71793e+07,0,0,0
Smp-002600.1_99_H10N2,6.01529e+08,5.58384e+08,5.3678e+08,4.11799e+08,4.2833e+08,3.01374e+08
Smp-004190.1_149_H3N6F1,1.5495e+08,1.40248e+08,1.4656e+08,3.23107e+08,1.89127e+08,1.93464e+08
Smp-017730.1_227_H2N4,7.62396e+07,7.14832e+07,1.01131e+08,1.24615e+08,1.60649e+08,1.3645e+08
Smp-002600.1_99_H4N5F2,1.61987e+07,4.47134e+07,3.57941e+07,7.94732e+07,9.07059e+07,6.05006e+07
Smp-002600.1_99_H4N4F1,2.55457e+08,2.3569e+08,1.91713e+08,3.84081e+08,3.48651e+08,3.37977e+08
Smp-070540.1_287_H2N4F3Pen1,1.49492e+07,2.33804e+07,1.32637e+07,1.08369e+07,1.20217e+07,0
Smp-002600.1_99_H4N3F1,1.67705e+08,1.78268e+08,1.68389e+08,3.63998e+08,3.81928e+08,3.76615e+08
Smp-105450.1_58_H6N4F2,7.6234e+08,7.51238e+08,7.10114e+08,1.6975e+08,1.14762e+08,1.08632e+08
Smp-332930.1_291_H2N2F1,1.49556e+08,8.75366e+07,2.88118e+08,2.61079e+08,2.88933e+08,3.15051e+08
Smp-307840.1_480_H5N4F1,6.12682e+08,5.81538e+08,6.45477e+08,2.20531e+08,2.84511e+08,2.24321e+08
Smp-307840.1_480_H4N5F3,7.91862e+08,7.35815e+08,6.85848e+08,3.30642e+08,3.13374e+08,2.35494e+08
Smp-307840.1_480_H4N5F2,1.45056e+08,1.89938e+08,1.25516e+08,2.01472e+08,2.15449e+08,1.50927e+08
Smp-000755.1_137_H4N4F3,5.10645e+08,5.07235e+08,4.48283e+08,8.41774e+08,7.05138e+08,5.45084e+08
Smp-313560.1_398_H4N5F2,5.06787e+08,2.97112e+08,2.82254e+08,4.85386e+08,3.83585e+08,3.34729e+08
Smp-105450.1_58_H4N5F2,9.11558e+07,7.74462e+07,8.50483e+07,6.86656e+07,6.88203e+07,4.43418e+07
Smp-307840.1_480_H5N6F1,2.1035e+08,1.89865e+08,2.08991e+08,5.02644e+07,7.98947e+07,6.76401e+07
Smp-170400.1_436_H8N2,1.14381e+09,1.18925e+09,1.27669e+09,1.35484e+09,1.33589e+09,9.76803e+08
Smp-313560.1_398_H4N5F1,2.60712e+08,3.05692e+08,3.63652e+08,1.96441e+08,1.10752e+08,5.96602e+07
Smp-343740.1_1127_H9N2,3.85993e+07,3.34372e+07,3.53799e+07,5.83856e+07,4.69015e+07,2.61085e+07
Smp-170400.1_436_H5N3F1,5.71449e+07,5.09234e+07,3.77588e+07,2.12352e+08,2.11592e+08,2.06901e+08
Smp-105450.1_58_H3N4F2,1.40823e+08,1.28847e+08,1.46774e+08,4.09298e+07,3.39128e+07,6.12956e+07
Smp-313560.1_398_H3N3F1,2.60866e+07,3.52019e+07,4.77959e+07,3.02513e+07,1.89302e+07,1.5813e+07
Smp-143730.1_627_H4N3F1,5.62976e+07,7.34212e+07,5.95629e+07,1.69219e+07,3.05594e+06,4.52817e+07
Smp-073220.1_351_H8N2,1.2235e+08,1.64166e+08,1.35931e+08,1.37259e+08,1.3572e+08,3.75247e+08
Smp-343740.1_1127_H3N2,1.1516e+08,1.50012e+08,1.41604e+08,3.11492e+08,2.94036e+08,2.91847e+08
Smp-147460.1_601_H5N4,8.61716e+07,8.06079e+07,8.27723e+07,0,1.72435e+07,4.24437e+07
Smp-323010.1_204_H3N2F1,2.56413e+08,2.45704e+08,2.8954e+08,4.506e+08,4.55073e+08,4.50811e+08
Smp-156540.1_128_H8N2,1.50007e+08,1.41281e+08,2.36185e+08,9.6319e+08,1.02187e+09,9.59638e+08
Smp-173380.1_59_H10N2,1.1121e+08,1.78549e+08,1.88673e+08,4.7917e+08,4.20905e+08,6.33781e+08
Smp-134300.1_461_H3N4F3,5.50718e+07,9.27107e+07,9.23781e+07,2.23457e+08,2.82241e+08,2.2555e+08
Smp-090080.1_249_H5N4F2,8.42192e+07,5.79296e+07,7.21526e+07,2.48445e+09,2.39303e+09,1.68399e+09
Smp-243150.1_2225_H8N2,4.95241e+08,3.02936e+08,2.13107e+08,5.81698e+08,6.39102e+08,5.38227e+08
Smp-302980.1_518_H5N6F3,1.37473e+08,1.57839e+08,1.26699e+08,0,0,0
Smp-103740.1_190_H3N2F1,9.46225e+07,9.77375e+07,9.66915e+07,3.70395e+08,3.62568e+08,2.99551e+08
Smp-173380.1_59_H6N2,2.39558e+08,2.91265e+08,2.15489e+08,1.02071e+09,1.01359e+09,1.12644e+09
Smp-302980.1_518_H5N6F2,3.69922e+08,4.75881e+08,6.42912e+08,8.89437e+07,1.42338e+08,7.54931e+07
Smp-090080.1_249_H3N4,3.50376e+08,3.57708e+08,4.03e+08,1.9467e+08,4.7126e+08,4.88587e+08
Smp-302980.1_518_H5N6F1,2.95323e+08,3.67587e+08,3.66907e+08,6.25769e+06,0,9.9556e+06
Smp-302090.1_148_H4N5F3,1.17202e+08,1.50612e+08,1.97063e+08,1.58092e+08,1.49434e+08,1.4227e+08
Smp-302090.1_148_H5N4F2,3.29572e+08,2.77438e+08,3.48007e+08,2.72241e+08,2.75331e+08,2.77509e+08
Smp-011680.1_307_H10N2,2.80662e+08,2.33089e+08,2.24868e+08,1.47296e+08,1.77281e+08,2.04651e+08
Smp-302980.1_518_H4N3F1,8.01202e+08,1.72136e+08,1.43843e+08,1.40858e+09,1.55205e+09,1.34138e+09
Smp-011680.1_307_H9N2,4.34092e+08,4.28055e+08,4.44248e+08,4.47292e+08,5.58518e+08,5.20279e+08
Smp-011680.1_307_H5N4F1Pen1,1.41414e+08,1.64777e+08,1.25822e+08,3.80945e+08,1.28905e+08,2.45949e+08
Smp-011680.1_307_H4N5F2Pen1,2.56687e+09,2.59256e+09,2.80742e+09,4.74003e+09,4.0283e+09,5.1789e+09
Smp-011680.1_307_H5N4F2,2.74906e+09,2.09408e+09,2.57702e+09,3.13387e+09,3.95023e+09,3.75019e+09
Smp-011680.1_307_H3N6F2,1.51131e+09,1.48959e+09,1.43115e+09,3.93319e+09,3.43294e+09,2.64392e+09
Smp-302980.1_518_H3N4F1,3.10986e+07,3.89055e+07,4.30314e+07,4.06086e+07,6.72222e+07,6.56219e+07
Smp-011680.1_307_H3N6F1,1.50975e+09,1.50352e+09,8.99266e+08,2.27557e+09,2.05664e+09,2.54619e+09
Smp-130520.1_241_H5N4F2,1.79324e+08,2.77894e+08,2.92276e+08,3.25056e+08,2.9075e+08,3.28516e+08
Smp-170550.1_544_H8N2,6.28731e+07,8.09243e+07,7.04631e+07,1.86545e+08,1.69304e+08,1.23736e+08
Smp-170350.1_263_H9N2,1.29832e+08,1.0696e+08,1.28457e+08,3.00574e+08,3.14259e+08,3.54566e+08
Smp-245490.1_838_H3N4F1,5.30303e+07,1.18594e+08,1.195e+08,1.06416e+09,1.1278e+09,1.19177e+09
Smp-345300.1_444_H9N2,1.25065e+08,1.207e+08,1.12004e+08,5.85855e+07,5.12164e+07,3.72013e+07
Smp-090080.1_134_H6N5,1.72756e+08,1.54654e+08,1.52913e+08,5.77121e+07,6.42113e+07,1.10153e+08
Smp-164760.1_717_H4N2,1.4272e+08,1.99381e+08,4.55437e+08,4.31486e+08,3.87356e+08,3.92175e+08
Smp-158150.1_194_H9N2,9.57754e+07,1.94786e+08,7.65133e+07,4.21874e+06,0,0
Smp-345440.1_1674_H3N2F1,2.19164e+08,1.41276e+08,1.91671e+08,2.25193e+08,2.323e+08,2.20336e+08
Smp-090080.1_134_H6N2,1.01455e+08,7.44344e+07,6.79879e+07,8.22925e+07,9.65175e+07,8.8678e+07
Smp-243150.1_3715_H3N2F1,3.34796e+08,2.9755e+08,3.10827e+08,9.03356e+08,9.95619e+08,1.02902e+09
Smp-158150.1_194_H4N3,1.69756e+08,1.20521e+08,1.39087e+08,2.92043e+07,6.57601e+06,0
Smp-158150.1_194_H3N2,1.01475e+08,1.291e+08,1.36056e+08,1.82437e+07,7.86912e+07,9.3674e+07
Smp-158150.1_194_H2N2,9.45341e+07,1.00805e+08,1.7367e+08,2.76576e+07,6.43442e+07,4.11675e+07
Smp-159570.1_157_H9N2,9.31366e+07,8.11381e+07,7.58028e+07,8.67062e+07,1.0561e+08,1.06327e+08
Smp-127740.1_220_H3N2F1,2.9376e+07,4.98316e+07,3.12414e+07,8.68326e+07,9.28918e+07,9.92536e+07
Smp-198890.1_117_H4N2,1.9727e+07,2.56552e+07,2.88485e+07,1.93798e+07,1.84097e+07,1.29448e+07
Smp-198890.1_117_H5N2,2.07605e+07,3.07159e+07,2.9757e+07,1.06094e+07,7.233e+06,1.01084e+07
Smp-210370.1_183_H7N2,8.96769e+08,7.76299e+08,8.23042e+08,5.61236e+08,5.00061e+08,4.21695e+08
Smp-311780.1_347_H5N4F1,3.14882e+07,8.42397e+07,1.28564e+08,1.38806e+08,1.21624e+08,1.58595e+08
Smp-170550.1_292_H6N5F2,1.20713e+08,9.30039e+07,1.01046e+08,9.81249e+07,8.77774e+07,9.91628e+07
Smp-147680.1_173_H9N2,5.99566e+08,4.69051e+08,4.69747e+08,1.25585e+09,1.509e+09,1.58782e+09
Smp-210370.1_183_H3N3F2,2.7457e+08,2.50747e+08,1.97343e+08,1.09786e+08,1.98799e+08,1.37828e+08
Smp-147680.1_173_H8N2,3.62218e+08,5.72832e+08,4.48285e+08,9.59674e+08,8.39007e+08,9.9949e+08
Smp-170550.1_292_H9N2,3.6345e+08,4.3262e+08,3.96195e+08,4.36022e+08,5.11414e+08,5.0989e+08
Smp-194910.1_81_H7N6F2,8.46814e+07,9.04727e+07,8.6542e+07,0,0,0
Smp-170550.1_292_H7N2,6.45902e+07,4.04819e+07,1.11336e+08,5.77385e+07,3.71291e+07,5.47045e+07
Smp-147680.1_173_H6N2,1.31192e+09,9.65551e+08,9.30297e+08,2.62036e+09,2.59338e+09,2.55693e+09
Smp-140080.1_74_H6N2,6.22568e+07,4.2417e+07,4.63937e+07,2.91157e+07,2.849e+07,2.90557e+07
Smp-130520.1_349_H5N3F1Pen1,3.53415e+07,3.24946e+07,3.23837e+07,1.29962e+07,3.44441e+07,2.44525e+07
Smp-212710.1_488_H6N2,2.02384e+08,1.42873e+08,1.59264e+08,2.59495e+08,2.45247e+08,2.44795e+08
Smp-070540.1_58_H8N2,9.71462e+07,8.82596e+07,1.19747e+08,1.47224e+08,2.23904e+08,1.1111e+08
Smp-194910.1_81_H6N4F3,6.17457e+07,8.28446e+07,6.63863e+07,0,0,0
Smp-194910.1_81_H5N4F4,1.74741e+09,1.70416e+09,1.79897e+09,9.58412e+08,1.35874e+09,1.14804e+09
Smp-132700.1_235_H2N2F1,2.88318e+08,4.72746e+08,4.02922e+08,1.70106e+09,1.78303e+09,1.88413e+09
Smp-130520.1_349_H3N5,2.3271e+07,3.93131e+07,1.108e+07,1.47689e+08,1.46643e+08,7.9863e+07
Smp-130520.1_349_H4N2,4.31788e+08,5.39629e+08,5.4383e+08,1.61782e+09,1.67471e+09,1.7298e+09
Smp-343650.1_2539_H7N2,2.14709e+08,1.85105e+08,1.78428e+08,3.18502e+08,2.94108e+08,3.31222e+08
Smp-194910.1_81_H10N6F1,3.44742e+07,3.06762e+07,3.33267e+07,2.32396e+07,4.92648e+07,4.46823e+07
Smp-340630.1_225_H5N2,2.57057e+08,2.46746e+08,2.73638e+08,1.1559e+08,1.50397e+08,1.08144e+08
Smp-141450.1_59_H5N4,1.85761e+08,1.54855e+08,1.8487e+08,7.10654e+08,1.20004e+09,1.52431e+09
Smp-065130.1_127_H8N2,9.83477e+07,9.62568e+07,1.02953e+08,1.07729e+08,1.07046e+08,1.40678e+08
Smp-310170.1_5340_H3N2F1,2.93349e+08,2.91364e+08,3.2501e+08,7.96505e+08,6.98604e+08,8.39262e+08
Smp-147680.1_173_H2N2F1,1.64431e+07,1.63738e+07,1.90319e+07,1.33464e+07,1.28244e+07,1.25081e+07
Smp-002600.1_118_H4N4F2,1.0937e+08,7.53067e+07,8.65679e+07,1.30265e+08,1.65754e+08,1.27511e+08
Smp-340630.1_225_H3N2F1,1.47707e+08,1.17818e+08,1.33063e+08,2.33206e+08,3.31985e+08,2.38319e+08
Smp-194910.1_81_H4N3F1,1.49537e+07,2.93395e+07,2.14021e+07,5.60726e+06,8.82326e+06,8.40699e+06
Smp-345300.1_47_H6N2,6.19059e+07,6.49293e+07,6.92405e+07,2.26939e+07,5.28929e+07,6.41354e+07
Smp-343650.1_2193_H9N2,1.39655e+08,6.93472e+07,1.31102e+08,6.63604e+07,6.78405e+07,4.83448e+07
Smp-242530.1_372_H5N4F1,6.96225e+07,1.00813e+08,6.97009e+07,7.76917e+07,7.15686e+07,9.45291e+06
Smp-194910.1_81_H3N2F1,3.23961e+07,3.1273e+07,2.05372e+07,1.2012e+07,8.66479e+06,1.31841e+07
Smp-242530.1_372_H5N3F2,9.68126e+07,5.78042e+07,7.04174e+07,5.21734e+07,2.52159e+08,1.09488e+08
Smp-002600.1_296_H5N4F1,6.06974e+07,6.78017e+07,8.81839e+07,0,0,0
Smp-340630.1_508_H3N4F1,1.26205e+08,1.1337e+08,1.67682e+08,6.56568e+08,3.67065e+08,6.31872e+07
Smp-310170.1_2368_H9N2,8.58407e+07,7.32242e+07,7.81669e+07,1.44087e+08,1.41856e+08,1.14302e+08
Smp-000755.1_310_H3N4F2,6.23749e+07,6.50033e+07,7.88123e+07,7.64512e+07,8.88196e+07,8.00497e+07
Smp-002600.1_296_H6N2,3.46806e+07,5.32467e+07,4.89192e+07,1.39699e+08,9.47394e+07,1.73269e+08
Smp-089670.1_1691_H3N4F2Pen1,1.09545e+08,1.36419e+08,1.34572e+08,7.03783e+06,6.33198e+06,2.04118e+07
Smp-347550.1_394_H3N2F1,7.92144e+07,2.51352e+08,3.48382e+07,2.61421e+08,3.46235e+08,3.63006e+08
Smp-104270.1_379_H5N3,9.15285e+08,8.87416e+08,7.68281e+08,0,0,5.06091e+07
Smp-053900.1_83_H5N4F3,1.64874e+08,1.1469e+08,1.47818e+08,0,0,0
Smp-042020.1_119_H3N2F1,2.96653e+07,3.15645e+07,3.54028e+07,3.08154e+07,2.09859e+07,3.76127e+07
Smp-310170.1_2368_H3N2,9.13901e+07,7.51987e+07,2.65519e+07,1.19066e+08,1.2696e+08,1.35887e+08
Smp-194050.1_289_H4N5F1,2.77527e+08,4.56273e+08,4.08527e+08,3.22984e+09,4.83716e+09,4.51132e+09
Smp-329010.1_199_H7N2,1.49474e+08,1.24959e+08,9.18448e+07,2.48501e+08,1.13117e+08,2.69691e+08
Smp-089100.1_304_H3N4F1,1.72198e+08,1.83459e+08,3.07765e+08,1.59345e+08,1.58658e+08,1.55745e+08
Smp-332600.1_219_H5N2,1.95733e+08,1.18178e+08,1.71283e+08,2.43781e+08,2.08424e+08,1.46894e+08
Smp-148020.1_347_H7N2,2.06154e+08,3.54847e+08,3.85208e+08,5.18953e+08,5.26879e+08,5.63336e+08
Smp-194050.1_349_H4N7F1,3.19223e+08,2.31711e+08,2.12189e+08,3.70003e+08,6.38407e+08,6.40601e+08
Smp-343260.1_324_H7N2,4.90502e+08,4.07031e+08,4.49774e+08,3.25842e+07,5.48452e+07,4.2135e+07
Smp-343630.1_484_H9N2,9.09805e+08,5.81379e+08,6.23185e+08,9.61777e+08,1.09382e+09,1.05122e+09
Smp-084890.1_344_H4N3F2,5.61377e+07,5.33077e+07,6.49042e+07,7.4322e+07,1.10003e+08,5.68951e+07
Smp-148790.1_1459_H6N2,8.75637e+07,1.09968e+08,9.42678e+07,2.67859e+08,2.77293e+08,2.87242e+08
Smp-084890.1_344_H9N2,4.08403e+08,2.65843e+07,1.38138e+07,3.15949e+07,1.46625e+07,2.58244e+07
Smp-343630.1_484_H7N2,5.89839e+08,5.81703e+08,3.84478e+08,1.62048e+09,1.88255e+09,1.78222e+09
Smp-122280.1_53_H6N5F1,9.61192e+07,9.06603e+07,1.14639e+08,1.57566e+07,6.53769e+06,1.51828e+08
Smp-340310.1_106_H3N4F3,1.46289e+08,1.0789e+08,8.36012e+07,1.76083e+08,1.40587e+08,1.82526e+08
Smp-179660.1_528_H6N5F2,1.959e+08,3.80008e+08,3.68937e+08,5.36736e+08,5.15308e+08,5.80447e+08
Smp-093930.1_562_H4N3F2,5.51312e+07,3.36281e+07,2.28889e+07,1.8848e+08,1.87272e+08,1.95117e+08
Smp-179660.1_528_H3N6F5,3.71516e+07,7.10805e+07,2.53157e+07,4.19193e+07,0,4.10094e+07
Smp-179660.1_528_H3N6F1,6.91057e+08,8.33298e+08,9.30282e+08,4.30257e+09,5.18381e+09,4.18169e+09
Smp-146720.1_595_H8N2,3.24785e+08,4.03891e+08,2.59443e+08,4.32674e+08,3.33493e+08,2.59483e+08
Smp-146720.1_595_H9N2,9.32806e+07,1.16905e+08,8.5596e+07,1.39995e+08,8.97411e+07,8.20871e+08
Smp-179660.1_528_H4N4F1,2.5609e+08,3.87897e+08,3.75474e+08,8.36934e+08,4.93639e+08,8.75021e+08
Smp-090080.1_152_H3N4F2Pen1,1.39587e+09,1.84585e+09,2.15808e+09,1.19518e+09,1.30189e+09,1.1659e+09
Smp-005230.1_225_H5N2F1,5.03742e+08,4.81657e+08,6.14612e+08,1.05348e+09,1.06668e+09,9.59931e+08
Smp-090080.1_152_H3N4F3,4.01074e+09,3.75868e+09,4.3669e+09,1.44405e+10,1.45889e+10,1.28568e+10
Smp-010820.1_159_H2N2F1,8.68863e+07,8.82391e+07,1.04902e+08,1.35838e+08,1.07875e+08,1.37395e+08
Smp-005230.1_205_H3N3F2,3.34698e+08,2.81248e+08,3.33392e+08,2.20812e+08,2.33736e+08,2.91429e+08
Smp-005230.1_205_H5N2,2.68965e+08,3.08456e+08,3.22931e+08,2.99143e+08,2.82083e+08,2.9198e+08
Smp-000260.1_484_H3N5F1,1.13094e+08,4.93725e+07,3.60929e+07,7.39147e+07,3.36414e+07,0
Smp-000260.1_484_H2N2F1,1.10757e+09,8.77377e+08,9.15284e+08,1.8923e+08,2.01511e+08,1.78343e+08
Smp-005230.1_205_H4N2F1Pen1,2.48991e+08,2.26198e+08,1.78604e+08,2.84792e+08,2.7929e+08,2.34371e+08
Smp-003340.1_560_H8N2,4.59696e+07,1.82433e+08,4.63658e+07,4.13936e+08,4.92906e+08,4.97695e+08
Smp-005230.1_225_H3N3F2,1.72514e+08,2.13175e+08,2.45943e+08,1.93563e+08,2.28603e+08,2.61611e+08
Smp-000260.1_484_H4N3F1,8.61822e+07,8.94703e+07,8.65141e+07,1.51649e+08,1.22685e+08,1.27231e+08
Smp-000260.1_484_H1N2F1Pen1,5.26257e+08,5.61772e+08,3.90573e+08,9.59672e+08,9.87556e+08,8.96419e+08
Smp-032250.1_293_H3N5F1,8.78805e+07,1.28813e+08,1.10336e+08,1.36649e+08,1.24852e+08,8.65973e+07
Smp-343260.1_324_H9N2,3.42432e+08,4.43927e+08,3.82162e+08,2.30452e+08,2.03834e+08,1.26163e+08
Smp-343260.1_324_H8N2,7.5708e+07,6.26849e+07,5.26818e+07,3.37273e+07,1.74118e+07,4.01509e+07
Smp-141280.1_44_H3N2F1Pen1,5.32301e+07,3.73922e+07,2.28644e+07,1.3076e+07,9.23355e+06,1.52183e+07
Smp-194050.1_349_H8N2,4.30136e+08,3.30504e+08,2.97944e+08,1.08539e+09,1.22091e+09,1.04063e+09
Smp-043390.1_520_H5N4,6.85601e+07,8.38766e+07,5.9384e+07,1.26019e+08,1.24232e+08,1.18163e+08
Smp-050270.1_281_H10N2,5.24572e+08,5.65133e+08,4.55851e+08,2.19967e+08,1.18347e+08,0
Smp-346970.1_414_H10N2,1.738e+08,1.11749e+08,1.2736e+08,2.9282e+08,2.26561e+08,2.11194e+08
Smp-242530.1_1760_H5N3,2.12171e+07,4.03026e+07,8.62519e+06,0,0,0
Smp-166500.1_267_H3N2F1,2.41984e+08,2.06206e+08,2.37048e+08,5.37156e+08,5.32886e+08,7.07764e+08
Smp-040080.1_123_H9N2,2.14191e+08,2.29964e+08,1.76459e+08,1.17801e+08,1.25332e+08,1.38497e+08
Smp-030030.1_44_H8N2,3.48611e+07,9.98091e+07,5.32822e+07,1.40172e+08,1.69012e+08,2.3769e+08
Smp-302090.1_432_H6N5F2,1.753e+08,1.53256e+08,1.09434e+08,1.16009e+08,1.0299e+08,1.08498e+08
Smp-156630.1_743_H4N5,4.90679e+07,7.10777e+07,4.7379e+07,2.94957e+08,2.23836e+08,2.35983e+08
Smp-089670.1_1707_H3N4F2Pen1,1.00287e+08,1.31372e+08,1.0558e+08,2.90782e+08,3.49765e+08,4.98444e+08
Smp-346910.1_74_H3N2F1,2.03212e+09,1.88441e+09,1.71013e+09,3.86532e+09,3.82411e+09,3.83167e+09
Smp-176310.1_112_H3N2F1,2.45712e+07,2.45222e+07,1.85112e+07,1.00743e+08,1.54174e+08,1.71771e+08
Smp-162770.1_259_H5N4F1,1.10672e+08,6.83975e+07,1.41211e+08,9.99413e+07,1.84281e+08,2.25729e+08
Smp-090080.1_325_H9N2,8.52414e+07,3.96051e+07,2.73501e+07,3.41266e+09,3.3243e+09,3.36716e+09
Smp-090080.1_325_H8N2,1.26439e+08,2.94442e+07,3.06666e+07,4.11159e+09,3.54983e+09,3.44786e+09
Smp-090080.1_325_H5N2,6.0946e+07,8.17002e+07,4.41985e+07,4.1204e+08,4.00594e+08,3.91146e+08
Smp-090080.1_325_H4N3F1,2.13757e+08,2.20661e+08,1.82942e+08,4.27982e+09,4.44004e+09,4.21473e+09
Smp-133700.1_305_H9N2,9.09267e+08,1.16151e+09,1.20287e+09,1.69704e+09,1.3307e+09,1.5785e+09
Smp-104450.1_57_H3N3,7.06502e+07,5.71586e+07,6.23194e+07,3.1273e+07,3.5564e+07,4.28521e+07
Smp-152940.1_473_H4N4F2Pen1,0,320049,593189,272524,0,0
Smp-196840.1_1532_H3N2F1,4.26868e+07,3.76141e+07,6.22276e+07,5.42865e+07,7.70467e+07,7.24128e+07
Smp-124450.1_781_H6N2,3.3105e+07,2.38296e+07,3.62788e+07,2.50983e+07,2.01178e+07,2.1228e+07
Smp-332540.1_971_H3N4F1,4.67536e+07,3.43944e+07,2.89447e+07,1.40117e+07,3.70777e+07,0
Smp-000280.1_210_H3N3F1,5.65438e+07,5.95061e+07,5.57664e+07,1.52309e+07,1.98499e+07,1.9011e+07
Smp-075800.1_268_H2N3F2Pen1,7.74729e+07,1.12577e+08,1.28382e+08,1.04957e+06,1.19502e+06,7.78292e+06
Smp-327360.1_253_H5N4F1,1.4235e+07,2.40879e+07,2.42129e+07,2.43219e+06,4.0607e+06,78799.5
Smp-123550.1_43_H3N2,1.32373e+08,2.03837e+08,2.03995e+08,2.29031e+08,2.59559e+08,2.87866e+08
Smp-146720.1_1044_H3N2F1,6.60891e+07,4.28905e+07,2.35814e+07,5.54013e+07,7.87039e+07,5.50448e+07
Smp-135100.1_310_H3N2F1,6.80465e+07,3.24155e+07,6.84203e+07,4.40309e+07,5.76691e+07,4.50756e+07
Smp-089670.1_488_H3N3F1,1.2718e+08,7.38974e+07,1.12523e+08,4.27253e+08,2.88523e+08,4.26749e+08
Smp-163550.1_362_H7N2,1.86255e+08,2.19556e+08,2.67011e+08,7.37491e+08,1.63541e+08,6.85741e+08
Smp-158600.1_605_H7N2,7.64345e+07,1.34907e+08,9.79519e+07,0,0,0
Smp-014570.1_117_H6N5F3,8.58468e+07,8.2589e+07,1.30797e+08,4.02865e+07,0,0
Smp-345670.1_2104_H5N2,3.57726e+08,3.73497e+08,3.09736e+08,7.06742e+07,8.3306e+07,6.76514e+07
Smp-014570.1_117_H4N3F2,1.77699e+08,1.82167e+08,1.7579e+08,4.183e+08,4.79407e+08,1.44416e+08
Smp-077890.1_220_H5N6F1,7.85476e+07,6.90203e+07,7.28363e+07,0,0,0
Smp-123670.1_110_H7N2,2.76216e+07,4.18693e+07,3.30525e+07,1.75909e+07,5.31776e+07,3.60401e+07
Smp-213990.1_16_H5N5F2,3.26886e+07,2.3531e+07,3.58633e+07,1.27119e+07,3.07542e+06,2.5388e+06
Smp-089290.1_157_H5N2,4.08365e+07,4.65679e+07,4.94677e+07,6.89905e+06,5.73521e+06,4.47496e+06
Smp-302090.1_185_H5N4F3,9.10648e+07,1.00603e+08,9.63113e+07,0,4.528e+07,3.74505e+07
Smp-089290.1_157_H4N2,9.99522e+07,1.08514e+08,1.1182e+08,1.72914e+07,3.71851e+07,3.82316e+07
Smp-148790.1_1136_H8N2,2.5542e+08,2.0962e+08,1.42206e+08,3.14241e+08,4.13779e+08,3.08878e+08
Smp-123670.1_39_H5N4F2,1.27645e+08,1.62274e+08,1.62051e+08,2.39593e+08,1.57296e+08,1.47775e+08
Smp-327360.1_161_H5N4F1,1.78114e+08,1.89515e+08,1.77226e+08,4.76446e+08,4.96804e+08,5.81672e+08
Smp-089100.1_610_H4N3,1.40368e+08,1.66057e+08,1.55629e+08,2.42384e+08,2.62802e+08,2.15371e+08
Smp-147570.1_83_H2N3F1,9.57417e+06,3.17235e+07,3.64347e+07,3.90391e+07,2.89711e+07,4.01358e+07
Smp-180620.1_44_H3N4F1,1.00919e+08,8.13076e+07,7.18073e+07,2.24013e+08,2.01511e+08,1.71043e+08
Smp-331290.1_54_H3N6F1Pen1,7.94051e+06,1.50661e+07,1.37056e+07,1.44312e+07,1.99805e+07,1.21935e+07
Smp-000755.1_547_H3N6F3,5.70015e+07,1.4284e+08,1.67454e+08,2.34874e+08,2.62593e+08,1.39391e+08
Smp-331290.1_54_H4N3F1,5.05861e+07,6.90335e+07,6.25469e+07,1.00479e+08,5.06774e+07,4.32826e+07
Smp-000790.1_376_H3N2,3.90151e+07,4.48571e+07,4.65658e+07,7.24389e+07,9.03921e+07,7.85503e+07
Smp-170350.1_298_H6N3F1,4.36188e+08,6.43402e+08,4.6801e+08,7.42961e+08,5.1992e+08,8.54408e+08
Smp-047460.1_625_H2N2F1,7.6775e+07,8.10997e+07,1.78343e+08,2.78388e+08,2.82386e+08,2.58613e+08
Smp-074000.1_120_H6N5F1,3.24284e+07,3.69462e+07,2.91001e+07,2.30659e+07,2.61947e+07,3.6272e+07
Smp-170350.1_298_H5N4,6.77547e+07,6.92918e+07,7.55967e+07,1.27839e+08,3.33865e+07,3.51322e+07
Smp-041460.1_175_H6N5F2,8.56172e+07,6.39693e+07,6.86308e+07,0,0,0
Smp-041460.1_175_H6N4F1,3.49339e+07,2.32893e+07,3.06736e+07,1.55924e+08,1.80938e+08,0
Smp-134050.1_908_H3N2F1,2.26672e+07,2.72565e+07,2.88147e+07,7.08556e+07,6.02539e+07,6.55619e+07
Smp-125250.1_83_H4N3F2,6.68188e+08,6.99963e+08,7.54995e+08,2.1985e+09,1.86745e+09,1.73119e+09
Smp-072190.1_115_H3N4F1,8.35858e+08,9.54274e+08,9.07446e+08,2.42578e+09,2.07785e+09,1.85242e+09
Smp-303320.1_116_H7N2,9.38769e+08,2.58336e+09,2.34581e+09,4.58819e+09,4.03042e+09,2.86245e+09
Smp-154760.1_330_H8N2,1.35206e+08,1.48775e+08,1.77291e+08,1.38433e+08,1.39631e+08,1.55334e+08
Smp-085180.1_103_H10N2,4.40264e+07,5.66351e+07,4.65613e+07,4.93083e+07,3.67578e+07,1.04866e+07
Smp-156630.1_516_H3N6F2,2.4793e+08,3.36565e+08,2.76426e+08,2.38758e+09,2.4504e+09,2.48314e+09
Smp-152990.1_141_H8N2,1.79433e+08,1.67169e+08,2.10124e+08,3.39498e+08,3.86609e+08,3.17176e+08
Smp-342000.1_473_H10N2,1.98557e+07,3.6185e+07,3.84723e+07,5.9306e+07,4.68234e+07,4.58455e+07
Smp-020340.1_669_H7N2,2.63769e+07,6.6356e+07,6.78265e+07,1.89116e+08,2.34218e+08,2.24809e+08
Smp-342000.1_473_H4N3F2Pen1,7.63369e+08,2.85061e+07,2.15782e+07,4.48645e+07,2.41462e+07,2.92562e+07
Smp-327360.1_475_H5N4,1.11685e+08,1.35127e+08,9.20867e+07,1.69634e+08,1.3181e+08,8.32028e+06
Smp-327360.1_475_H5N4F1Pen1,0,7.27111e+07,5.22893e+07,0,0,0
Smp-005720.1_147_H3N6F2,1.79637e+08,1.87232e+08,1.16551e+08,3.61136e+08,5.1479e+08,3.18272e+08
Smp-331290.1_40_H4N6F1,1.43254e+08,2.33356e+08,2.86814e+08,4.84992e+08,3.92804e+08,3.56619e+08
Smp-125250.1_46_H5N4F3,1.18236e+08,1.55448e+08,1.38296e+08,1.05592e+08,7.0954e+07,1.93852e+08
Smp-331290.1_40_H3N7F1,3.86049e+07,7.38815e+07,7.24566e+07,9.24586e+07,8.56841e+07,9.1423e+07
Smp-245050.1_197_H3N2F1,6.36604e+08,1.08451e+09,1.19002e+09,2.15036e+09,1.97303e+09,3.12083e+09
Smp-127620.1_1178_H2N2F1,3.88776e+08,4.29844e+08,5.319e+08,9.23374e+08,1.33398e+09,1.47961e+09
Smp-331290.1_40_H1N2F1,3.59872e+07,3.70173e+07,1.8566e+07,1.14647e+08,3.32289e+07,2.01506e+07
Smp-125250.1_46_H4N3F2,1.2034e+08,1.11591e+08,7.80921e+07,6.60086e+08,6.39958e+08,7.47957e+08
Smp-000270.1_198_H9N2,1.06796e+08,4.84605e+07,7.7938e+07,0,0,1.63879e+08
Smp-340540.1_202_H7N2,4.38657e+07,5.41e+07,7.5763e+07,5.77185e+06,0,1.10211e+07
Smp-180810.1_863_H7N2,5.40356e+08,4.68338e+08,2.82138e+08,1.41606e+09,1.38661e+09,1.19322e+09
Smp-342830.1_1540_H10N2,5.08424e+07,4.84882e+07,1.48514e+08,1.61641e+08,1.68e+08,2.08809e+08
Smp-049600.1_296_H9N2,2.4799e+07,2.19275e+08,6.47259e+08,4.26882e+08,6.12031e+08,0
Smp-340540.1_202_H5N4,7.35707e+07,3.28399e+07,4.19951e+07,9.82139e+07,8.45613e+07,7.94701e+07
Smp-159780.1_1395_H6N5A3,4.45178e+08,5.55508e+08,4.81424e+08,4.38932e+08,5.10647e+08,3.34067e+08
Smp-043390.1_453_H7N2,2.99238e+07,3.45356e+07,4.95994e+07,1.49308e+07,1.6625e+07,1.34914e+07
Smp-067060.1_183_H7N3,1.38363e+07,2.36259e+07,6.84538e+07,1.2491e+07,6.37061e+07,4.90545e+07
Smp-148900.1_68_H3N4F1,1.33934e+07,3.56029e+07,3.60755e+07,3.6544e+07,1.34964e+07,3.69933e+08
Smp-067060.1_183_H6N2F1Pen1,4.45055e+06,9.87971e+07,3.06246e+07,5.01435e+06,0,0
Smp-043990.1_243_H7N2,1.20302e+08,9.57197e+07,1.01733e+08,1.82117e+08,1.83586e+08,2.43656e+08
Smp-017730.1_1118_H4N4F2,9.65883e+07,1.05623e+08,9.65911e+07,6.24132e+07,6.65194e+07,5.67716e+07
Smp-105450.1_103_H6N5F3,6.52147e+07,8.19524e+07,7.32684e+07,0,0,0
Smp-126140.1_89_H3N2F1,8.49891e+08,5.80003e+08,9.99602e+08,1.78364e+09,2.12397e+09,1.80322e+09
Smp-242530.1_58_H6N5F1,7.37035e+07,4.05421e+08,1.03771e+08,2.45341e+08,2.15602e+08,1.83615e+08
Smp-105450.1_103_H4N4F1,2.30599e+07,6.36153e+07,9.06444e+07,2.41253e+07,2.40512e+07,2.39265e+07
Smp-105450.1_103_H4N2,2.90018e+07,1.30094e+07,3.01657e+07,0,0,1.86107e+06
Smp-105450.1_103_H4N2F1,2.86349e+07,3.43735e+07,3.54207e+07,1.1479e+07,0,1.13306e+07
Smp-018760.1_184_H8N2,1.33631e+09,1.49454e+09,1.60613e+09,1.01367e+09,1.16211e+09,1.0181e+09
Smp-018760.1_184_H5N2,1.77674e+09,1.66086e+09,1.99791e+09,7.1568e+08,7.62866e+08,7.1264e+08
Smp-179660.1_362_H3N4F3,1.73185e+08,1.67348e+08,1.79519e+08,5.03777e+08,4.56905e+08,4.97271e+08
Smp-034420.1_57_H6N5F2,1.74571e+07,2.20265e+07,2.04868e+07,0,0,0
Smp-085010.1_185_H7N2,1.69966e+07,5.08229e+07,7.7917e+07,3.7027e+07,2.14159e+07,0
Smp-066900.1_262_H7N2,3.20714e+07,2.2603e+07,3.65323e+07,2.32449e+07,2.3523e+07,1.77049e+07
Smp-018760.1_184_H4N2F1,3.95413e+07,3.24866e+07,3.78004e+07,1.3943e+07,1.99703e+07,1.04795e+07
Smp-157070.1_241_H5N2,1.30688e+08,1.23697e+08,1.22121e+08,1.50977e+08,1.56809e+08,1.05285e+08
Smp-014570.1_93_H6N5F3,8.08823e+07,4.37204e+07,8.05383e+07,0,0,0
Smp-146250.1_200_H10N2,5.68107e+07,5.55966e+07,6.71457e+07,3.16505e+07,5.12846e+07,5.20412e+07
Smp-014570.1_93_H4N3F2,3.31028e+07,5.80028e+07,4.46475e+07,3.0042e+07,4.23789e+07,3.9487e+07
Smp-123010.1_229_H8N2,4.76746e+07,5.64067e+07,7.66238e+07,3.86149e+07,3.88582e+08,3.93263e+07
Smp-157070.1_186_H3N2F1,1.22067e+08,9.59275e+07,1.1157e+08,1.50373e+08,1.04813e+08,1.37437e+08
Smp-300580.1_85_H2N2,7.50624e+07,9.66502e+07,9.64042e+07,1.32456e+08,1.43135e+08,1.68637e+08
Smp-143730.1_937_H8N2,2.51835e+08,2.46898e+08,2.48568e+08,2.56291e+08,1.96625e+08,2.20108e+08
Smp-016640.1_180_H8N2,5.13415e+08,3.92048e+08,4.61756e+08,6.00359e+08,6.57375e+08,5.92438e+08
Smp-128230.1_284_H4N3F2Pen1,0,5.41991e+07,1.00865e+08,1.02271e+08,7.63243e+07,1.05865e+08
Smp-131580.1_88_H9N2,1.86747e+08,2.36036e+08,2.08121e+08,4.13064e+08,4.02793e+08,3.37567e+08
Smp-084890.1_56_H3N4F2,1.99821e+08,1.75075e+08,1.86688e+08,7.32716e+06,1.13834e+07,5.52585e+07
Smp-144840.1_155_H4N5F1,3.58585e+07,4.17327e+07,3.49665e+07,3.20773e+07,2.23257e+07,1.70871e+07
Smp-145300.1_242_H8N2,1.79533e+08,1.83661e+08,4.43673e+08,5.05106e+08,5.34551e+08,6.1266e+08
Smp-143730.1_937_H3N3F1,3.60016e+08,6.26078e+08,4.88449e+08,5.51842e+08,4.17054e+08,3.3357e+08
Smp-070540.1_287_H5N4F3,7.29809e+07,6.04211e+07,8.46491e+07,2.40985e+07,1.75675e+07,2.19512e+07
Smp-131580.1_88_H4N4F2,7.40636e+07,9.95556e+07,1.17388e+08,0,4.52496e+07,4.89249e+09
Smp-041550.1_72_H9N2,2.22576e+08,2.45824e+08,3.07199e+08,3.69485e+08,2.85353e+08,2.25974e+08
Smp-125460.1_163_H6N4F2,5.9134e+07,3.86937e+07,5.11789e+07,3.41526e+07,3.24035e+07,2.50562e+07
Smp-002600.1_99_H6N5F4,2.87071e+07,6.35462e+07,6.85503e+07,0,0,0
Smp-125460.1_163_H4N4F2,9.35513e+07,9.60968e+07,1.02816e+08,4.17104e+07,4.84075e+07,4.66444e+07
Smp-332790.1_342_H7N2,4.14646e+07,4.582e+07,3.67066e+07,0,2.13338e+07,2.57473e+07
Smp-041550.1_72_H3N2F1,1.35171e+08,1.11381e+08,1.01552e+08,2.41474e+08,2.26948e+08,2.98013e+08
Smp-037540.1_542_H11N2,1.36588e+09,7.50792e+08,7.85622e+08,1.1496e+08,1.28217e+08,1.09069e+08
Smp-346610.1_322_H8N2,6.89583e+07,4.99361e+07,4.75814e+07,6.89928e+07,5.70865e+07,5.9545e+07
Smp-002600.1_99_H6N2,4.4501e+07,4.89563e+07,3.95205e+07,2.88708e+07,2.54527e+07,2.14239e+07
Smp-123670.1_193_H5N4F2,6.7846e+07,8.32431e+07,1.01869e+08,9.50211e+07,1.01595e+08,9.0438e+07
Smp-312640.1_155_H3N6F1,5.33162e+07,4.98849e+07,2.84643e+07,2.82069e+07,3.84087e+07,3.68661e+07
Smp-313560.1_398_H5N6F1,8.07586e+07,8.04076e+07,6.53448e+07,1.63362e+08,1.60954e+08,1.56992e+08
Smp-313560.1_398_H5N5F2,8.79103e+07,7.92536e+07,6.63275e+07,5.47926e+07,1.62144e+07,6.03537e+07
Smp-307840.1_480_H5N6F2,5.66484e+07,1.20435e+08,1.17443e+08,2.3138e+08,2.03416e+08,2.27053e+08
Smp-000755.1_137_H5N2,1.76518e+08,1.5791e+08,2.06387e+08,5.07613e+08,5.11511e+08,5.64932e+08
Smp-335620.1_570_H6N2,7.48903e+07,5.68983e+07,6.68857e+07,5.52431e+07,2.56263e+08,3.31249e+07
Smp-173380.1_100_H2N2,1.01958e+07,1.76938e+07,1.32505e+07,2.82783e+07,3.91323e+07,3.66643e+07
Smp-302980.1_518_H7N6F1,1.87151e+07,6.11556e+06,8.04655e+06,0,0,0
Smp-343630.1_775_H5N4F3,1.10562e+08,1.21882e+08,1.82341e+08,8.70137e+08,7.0419e+08,6.41094e+08
Smp-346270.1_969_H6N2,1.13862e+08,6.47888e+07,1.40283e+08,2.77948e+08,3.58128e+08,2.34545e+08
Smp-144510.1_747_H5N4,2.19358e+07,1.66906e+07,2.56038e+07,0,0,0
Smp-147680.1_67_H3N4F1,9.99735e+07,1.20204e+08,9.40894e+07,1.56691e+08,1.50498e+08,1.27446e+08
Smp-156540.1_128_H7N2,2.61743e+08,2.22749e+08,2.57127e+08,9.71124e+08,9.346e+08,8.73014e+08
Smp-146720.1_1010_H4N3F2Pen1,7.98758e+07,6.45939e+07,7.76889e+07,7.17805e+07,1.00461e+08,7.67526e+07
Smp-127890.1_150_H6N2,7.71632e+07,8.9074e+07,7.76411e+07,1.25751e+08,1.23648e+08,1.03566e+08
Smp-147460.1_601_H3N2,6.02947e+07,3.23501e+07,6.82761e+07,2.15137e+08,2.21716e+08,2.36153e+08
Smp-073400.1_68_H7N2,3.88976e+08,4.79227e+08,5.24852e+08,7.81032e+08,3.0519e+08,1.11853e+09
Smp-302980.1_518_H6N4F2,4.44868e+07,4.41453e+07,7.23441e+07,0,3.81837e+07,1.26297e+07
Smp-302980.1_518_H5N5F2,2.42068e+07,1.67093e+07,3.79319e+07,2.0298e+08,1.49232e+08,1.47841e+08
Smp-302980.1_518_H4N4F1,4.82669e+07,3.3999e+07,3.30591e+07,0,2.23254e+09,2.03349e+09
Smp-167240.1_401_H6N5F1,2.83407e+07,2.72082e+07,2.9069e+07,0,1.10059e+08,1.35647e+08
Smp-146720.1_1010_H2N2F1,5.75379e+07,5.21737e+07,7.27781e+07,1.50373e+07,1.70943e+07,1.64372e+07
Smp-213900.1_1749_H3N2F1,6.78595e+07,9.50036e+07,1.40541e+08,2.83769e+08,3.71678e+08,1.58446e+08
Smp-302090.1_148_H3N4F2,9.16229e+07,1.35192e+08,1.07181e+08,2.03974e+08,2.47723e+08,1.3432e+08
Smp-302090.1_148_H3N6F1,1.82101e+08,1.85541e+08,1.08434e+08,1.41721e+08,1.82839e+08,1.9583e+08
Smp-011680.1_307_H3N4F2,9.12973e+07,9.29408e+07,8.33884e+07,4.94864e+07,8.55165e+07,7.26244e+07
Smp-164760.1_717_H5N2,4.56022e+08,4.31848e+08,4.1321e+08,1.09102e+09,1.11638e+09,1.07162e+09
Smp-345440.1_1674_H7N2,4.98957e+07,5.38634e+07,6.36619e+07,3.02271e+07,4.29629e+07,4.19353e+07
Smp-342970.1_3837_H2N2F1,4.60362e+08,2.95104e+08,2.19858e+08,3.77812e+08,4.78275e+08,4.2125e+08
Smp-345440.1_1674_H2N2F1,9.9259e+07,8.25141e+07,8.265e+07,2.14998e+08,1.60322e+08,1.89794e+08
Smp-346970.1_150_H6N2,7.39154e+07,5.26816e+07,5.43187e+07,8.72881e+07,1.04651e+08,7.80024e+07
Smp-198890.1_117_H3N2F1,7.43828e+07,7.68692e+07,8.42808e+07,8.00946e+07,6.38154e+07,6.32508e+07
Smp-126140.1_724_H9N2,1.25124e+09,1.21679e+09,8.82429e+08,1.9694e+09,2.12188e+09,2.05662e+09
Smp-310170.1_2078_H9N2,2.35306e+08,4.33428e+08,4.31531e+08,1.29959e+09,1.33679e+09,1.61021e+09
Smp-311780.1_347_H3N3F1,5.64342e+07,6.1008e+07,4.50705e+07,7.72447e+07,7.06571e+07,8.36676e+07
Smp-310170.1_1869_H9N2,3.54422e+08,1.72884e+08,2.20318e+08,3.01708e+08,5.09828e+08,3.11792e+08
Smp-341660.1_143_H6N5F3,7.12672e+07,5.11852e+07,7.37958e+07,0,0,0
Smp-130520.1_349_H3N5F3,3.17985e+07,3.43746e+07,2.04484e+07,2.58335e+07,5.20545e+07,6.80012e+07
Smp-148790.1_225_H9N2,4.01785e+08,3.38399e+08,2.55102e+08,4.95335e+08,5.40061e+08,5.33124e+08
Smp-340630.1_225_H9N2,7.9863e+08,8.13939e+08,8.31869e+08,3.52482e+08,1.69519e+08,3.3766e+08
Smp-194910.1_81_H4N2,1.09841e+08,8.73494e+07,1.09167e+08,4.89799e+07,4.63368e+07,6.23104e+07
Smp-141450.1_59_H6N5F1,4.18539e+07,4.07541e+07,4.62341e+07,0,0,0
Smp-130520.1_349_H4N3,2.29047e+08,2.25542e+08,2.54463e+08,4.36501e+08,4.40267e+08,4.55922e+08
Smp-002600.1_118_H5N4F3,1.22083e+08,1.08162e+08,1.66165e+08,6.7062e+07,1.64056e+08,6.76078e+07
Smp-141450.1_59_H5N4F1,1.5708e+07,0,6.40722e+07,0,0,0
Smp-194910.1_81_H5N3F1,5.35112e+07,9.67441e+07,3.7163e+07,1.30875e+07,4.6446e+07,5.40702e+07
Smp-081900.1_69_H5N4F1,8.36262e+08,8.86775e+08,9.35012e+08,1.82604e+09,1.83792e+09,2.11906e+09
Smp-329030.1_105_H5N2,1.31076e+07,2.15914e+07,3.25122e+07,2.27236e+07,2.09061e+07,5.60892e+06
Smp-042020.1_119_H5N4F4,1.93666e+08,2.07021e+08,2.02983e+08,3.40316e+08,3.66194e+08,3.76692e+08
Smp-053900.1_491_H5N2,7.09634e+07,5.85776e+07,4.95757e+07,1.65646e+07,2.69486e+07,1.4681e+07
Smp-000755.1_310_H3N4F3,1.43582e+08,1.53559e+08,1.81232e+08,1.5269e+08,1.56575e+08,1.63572e+08
Smp-347550.1_394_H9N2,1.90093e+07,1.84215e+07,1.91682e+07,9.89441e+07,1.37665e+08,1.39538e+08
Smp-002600.1_296_H5N3,2.16708e+08,1.01776e+08,1.52206e+08,6.80499e+07,8.98533e+07,1.20739e+08
Smp-146720.1_1090_H6N2,5.33668e+07,5.56475e+07,5.24123e+07,3.47044e+07,4.78346e+07,4.39031e+07
Smp-053900.1_83_H6N2,6.15119e+07,2.86183e+07,6.92931e+07,3.15812e+07,5.88609e+07,6.55259e+07
Smp-053900.1_83_H3N4F2,2.29542e+07,7.28911e+07,2.3588e+07,2.19913e+07,1.66628e+07,2.37102e+07
Smp-130520.1_567_H6N2,3.14168e+08,5.13917e+07,7.20454e+07,2.79436e+08,2.94624e+08,3.63356e+08
Smp-089100.1_304_H5N2,4.38532e+08,1.28622e+08,1.35015e+08,9.93579e+08,1.50524e+08,7.78487e+08
Smp-089670.1_1808_H4N3F2Pen1,6.1861e+07,1.06837e+08,1.07025e+08,1.33738e+08,1.0585e+08,1.82241e+08
Smp-333600.1_71_H3N4F1,1.83423e+08,2.60459e+08,2.35463e+08,2.52662e+08,2.51532e+08,2.6966e+08
Smp-343260.1_317_H9N2,1.02253e+08,7.48336e+07,6.84407e+07,1.51376e+07,1.16091e+07,0
Smp-166530.1_138_H6N3,1.51599e+07,1.40123e+07,1.10862e+07,0,0,0
Smp-180240.1_465_H9N2,4.19091e+08,3.54524e+08,2.43915e+08,1.01387e+09,7.30192e+08,1.00935e+09
Smp-179660.1_528_H5N8,5.85848e+07,3.50006e+07,2.49313e+07,2.06414e+07,0,2.01934e+07
Smp-009830.1_92_H8N2,1.07289e+08,9.90083e+07,1.00974e+08,1.55885e+08,7.32934e+07,3.62145e+08
Smp-179660.1_528_H4N3F1,1.11773e+08,1.24207e+08,9.19891e+07,7.83666e+07,1.26745e+08,7.09655e+07
Smp-000260.1_484_H10N2,1.89182e+08,2.09812e+08,1.71988e+08,1.43724e+08,1.21694e+08,1.57307e+08
Smp-000260.1_484_H5N4F3,6.35728e+07,7.87465e+07,8.63028e+07,1.04313e+08,9.49321e+07,1.04352e+08
Smp-005230.1_205_H7N2,2.60732e+08,3.29103e+08,3.98196e+08,2.0667e+08,2.54117e+08,2.6705e+08
Smp-170280.1_748_H9N2,3.36856e+07,3.11837e+07,5.93982e+07,1.19956e+08,9.07077e+07,9.66706e+07
Smp-011680.1_221_H6N2,3.30971e+07,2.91461e+07,4.8365e+07,7.12339e+07,5.19491e+07,2.7955e+07
Smp-005230.1_205_H4N2,2.44838e+07,3.86578e+07,4.39411e+07,4.50377e+07,4.41102e+07,4.62806e+07
Smp-005230.1_225_H3N3F2Pen1,4.5682e+07,2.49412e+07,3.48142e+07,1.47023e+07,5.43691e+06,5.98818e+06
Smp-011680.1_221_H5N2,1.52166e+08,1.44086e+08,8.18787e+07,5.33671e+07,6.12751e+07,5.51434e+07
Smp-000260.1_484_H3N3F1,2.54749e+07,2.96861e+07,4.67623e+07,2.5583e+07,1.33425e+07,1.78497e+07
Smp-000260.1_484_H2N2F1Pen1,4.08702e+07,4.09272e+07,3.79098e+07,4.38021e+07,5.07774e+07,3.93121e+07
Smp-032250.1_293_H3N3F1,1.56629e+07,1.11567e+07,1.49241e+07,2.06283e+07,3.27014e+07,4.1354e+07
Smp-246650.1_626_H9N2,4.53986e+07,2.49428e+06,3.40348e+07,1.17976e+08,1.06872e+08,1.04938e+08
Smp-032250.1_317_H7N2,1.72754e+08,7.00328e+07,1.68082e+08,2.90484e+08,3.93824e+08,3.21116e+08
Smp-314750.1_218_H4N3A1,5.56021e+06,4.72723e+06,7.11089e+06,0,434875,0
Smp-166500.1_315_H6N2,3.62112e+08,3.45434e+08,3.19102e+08,4.73004e+08,3.75905e+08,4.37213e+08
Smp-030030.1_44_H7N2,2.60473e+07,1.18361e+07,2.81994e+07,1.59825e+07,2.78016e+07,1.99367e+07
Smp-156630.1_743_H4N5F1,1.29529e+08,8.6152e+07,5.58805e+07,9.60115e+07,6.89204e+07,8.23863e+07
Smp-302090.1_432_H5N4F2,1.20137e+08,1.21393e+08,1.17052e+08,1.32169e+08,1.96404e+08,1.49151e+08
Smp-302090.1_432_H4N5F1,4.38904e+07,2.78175e+07,4.2612e+07,2.50245e+07,3.97274e+07,2.56532e+07
Smp-051120.1_62_H3N5F1,1.23015e+08,1.90497e+08,9.35614e+07,1.6544e+08,1.67025e+08,1.3443e+08
Smp-089670.1_1707_H4N3F2Pen1,1.23507e+09,6.98814e+08,6.53652e+08,1.50416e+09,1.88883e+09,1.52399e+09
Smp-342830.1_235_H9N2,2.56329e+07,1.68225e+07,1.37518e+07,3.40241e+08,3.20557e+08,3.36212e+08
Smp-162770.1_259_H5N4F2,2.14192e+08,1.31621e+08,1.01038e+08,1.79731e+08,1.75284e+08,1.56422e+08
Smp-090080.1_325_H7N2,7.77272e+07,1.28455e+08,5.88522e+07,1.40869e+09,1.76788e+09,1.52159e+09
Smp-090080.1_325_H3N4,5.90979e+09,5.45317e+09,5.10239e+09,3.16721e+09,3.28092e+09,3.1585e+09
Smp-104450.1_57_H6N5A2,2.95518e+09,1.41281e+09,2.01165e+09,8.58873e+08,9.59992e+08,6.19615e+08
Smp-245490.1_451_H3N2F1,1.07803e+06,1.11875e+06,1.3128e+06,1.46411e+07,1.78094e+07,1.08518e+07
Smp-182620.1_75_H4N2F1,1.12701e+07,1.41415e+07,1.15836e+07,2.41297e+07,2.39682e+07,2.62813e+07
Smp-010550.1_64_H3N3F1,3.96583e+06,1.34978e+06,4.54186e+06,5.10881e+07,5.4124e+07,5.06003e+07
Smp-010550.1_64_H3N3,2.30124e+07,2.29196e+07,1.67714e+07,1.11187e+08,9.03033e+07,7.71425e+07
Smp-130950.1_59_H2N2F1,6.75465e+07,5.36876e+07,6.29596e+07,2.40182e+08,3.54403e+08,2.34659e+08
Smp-037960.1_236_H3N4F2,1.02816e+07,1.15831e+07,1.02908e+07,3.3813e+07,3.54981e+07,2.7942e+07
Smp-089670.1_882_H5N3F1,6.34109e+07,5.78848e+06,4.90769e+07,2.57859e+08,1.50542e+08,1.50068e+08
Smp-267090.1_286_H3N2F1,3.38133e+07,3.12946e+07,4.94554e+07,1.77537e+08,1.2486e+08,1.54189e+08
Smp-089670.1_882_H4N4F1,1.21895e+08,7.98714e+07,5.74655e+07,7.06936e+07,3.17135e+08,3.1821e+08
Smp-089670.1_882_H5N4F1,2.63511e+07,1.54349e+08,2.25772e+08,3.51425e+07,1.19104e+08,1.35403e+08
Smp-158320.1_368_H2N2F1,1.39853e+07,1.35103e+07,1.87671e+07,2.75964e+07,3.0354e+07,2.26887e+07
Smp-308820.1_484_H9N2,3.00365e+08,3.55299e+08,2.41769e+08,1.3243e+08,1.40896e+08,1.96255e+08
Smp-090080.1_249_H3N6F2,9.05879e+07,9.42679e+07,1.03054e+08,5.98902e+08,5.35158e+08,6.47428e+08
Smp-090080.1_249_H4N7F1,6.07639e+07,6.35898e+07,6.52828e+07,9.52322e+07,8.94754e+07,1.02637e+08
Smp-052160.1_295_H3N2F1,7.09414e+07,9.98633e+07,8.17611e+07,6.33051e+07,7.26402e+07,7.86377e+07
Smp-073400.1_137_H5N4F1,1.88697e+07,1.54467e+07,2.60489e+07,3.19146e+07,3.07099e+07,2.4793e+07
Smp-308820.1_484_H2N2,1.48702e+07,1.4797e+07,1.09745e+07,4.26619e+07,5.22399e+07,3.27721e+07
Smp-159780.1_1395_H2N2F1,3.46742e+07,4.75727e+07,4.68786e+07,1.4346e+08,1.30145e+08,9.40331e+07
Smp-073400.1_137_H4N4F1,4.93028e+07,8.13688e+07,8.10984e+07,6.95004e+07,7.67515e+07,7.31081e+07
Smp-308820.1_484_H4N3F1,6.23921e+08,3.8998e+08,6.90382e+08,2.50271e+08,3.38187e+08,3.28211e+08
Smp-140000.1_190_H5N4F1,0,0,4.77565e+07,1.08444e+08,1.42486e+08,1.33095e+08
Smp-127740.1_411_H2N2F1,1.75573e+07,4.11746e+07,4.71829e+07,4.80849e+07,3.4001e+07,3.70299e+07
Smp-073400.1_137_H4N4,1.92568e+07,1.26118e+07,1.65407e+07,2.36786e+07,2.95999e+07,2.74365e+07
Smp-073400.1_137_H3N3Pen1,1.57461e+08,1.70316e+08,1.14988e+08,1.91273e+08,2.2887e+08,2.65769e+08
Smp-180240.1_813_H3N2F1,1.96605e+08,1.03009e+09,2.47025e+09,4.78923e+08,5.09913e+08,4.77524e+08
Smp-073400.1_137_H4N5F1,5.89189e+07,5.71552e+07,6.75674e+07,1.28737e+08,8.54268e+07,7.27327e+07
Smp-127710.1_87_H4N5F3,3.16294e+07,2.96366e+07,1.77606e+07,2.51864e+08,2.58171e+08,2.46157e+08
Smp-144180.1_672_H3N2F1,5.47531e+07,6.84897e+07,8.52465e+07,7.6185e+07,1.17357e+08,7.4891e+07
Smp-180810.1_705_H3N2F1,2.01974e+06,3.51949e+07,943505,1.78053e+08,1.47214e+08,1.80983e+08
Smp-135540.1_231_H3N2F1,5.08805e+07,4.6416e+07,5.48264e+07,9.45693e+07,9.23985e+07,9.7056e+07
Smp-333880.1_330_H5N4F3,3.78166e+07,3.11546e+07,3.23186e+07,7.07333e+07,8.38425e+07,5.1316e+07
Smp-143260.1_702_H3N2,1.60857e+07,1.08135e+07,2.21429e+07,3.49146e+07,5.35083e+07,2.93977e+07
Smp-056990.1_51_H4N3F2,1.27589e+08,2.52986e+08,1.77753e+08,4.93899e+08,4.1494e+08,4.39672e+08
Smp-130520.1_205_H3N4F2,2.37676e+07,3.22474e+07,3.94489e+07,9.36031e+07,7.12878e+07,6.25432e+07
Smp-130520.1_205_H3N6F3,1.04299e+07,9.30339e+06,8.68483e+06,3.30469e+08,3.08674e+08,1.97541e+08
Smp-060030.1_228_H2N2F1,1.11339e+08,1.17597e+08,1.19433e+08,2.09802e+08,2.08516e+08,1.97891e+08
Smp-056990.1_51_H4N3F1,0,0,0,7.08548e+07,7.98039e+07,5.21171e+07
Smp-349520.1_6_H8N2,3.11824e+07,4.38453e+07,3.76521e+07,7.16249e+07,6.09196e+07,5.6093e+07
Smp-047460.1_281_H3N2,2.25395e+07,1.49762e+07,8.54934e+06,1.46989e+08,1.42148e+08,1.49681e+08
Smp-349520.1_6_H5N4F3,1.40452e+08,1.8164e+08,2.66526e+08,1.39663e+08,2.17456e+08,1.21497e+08
Smp-349520.1_6_H4N5F3,0,0,0,1.46689e+08,1.17948e+08,1.17395e+08
Smp-025830.1_194_H4N5F3Pen1,1.65297e+07,7.50235e+06,1.29517e+07,3.47602e+08,3.20481e+08,2.18363e+08
Smp-025830.1_194_H3N6F3Pen1,2.61299e+06,0,4.16485e+06,2.31496e+08,2.04332e+08,1.41373e+08
Smp-089670.1_488_H4N3F1,2.68158e+07,2.25141e+07,4.00281e+07,1.79086e+08,1.18321e+08,1.83235e+08
Smp-171020.1_953_H3N2F1,1.45497e+07,9.40966e+06,1.40625e+07,2.63214e+07,2.35372e+07,3.05991e+07
Smp-342880.1_255_H2N2F1,2.40839e+07,3.20866e+07,3.09837e+07,1.03949e+08,1.45085e+08,1.24532e+08
Smp-210250.1_184_H4N2,1.27616e+07,1.8174e+07,1.42325e+07,1.53263e+07,2.10556e+07,1.64413e+07
Smp-040360.1_201_H8N2,7.09942e+07,6.28733e+07,9.84765e+07,9.22349e+07,1.37046e+08,5.23154e+07
Smp-343650.1_2320_H9N2,5.26142e+07,3.9384e+07,7.856e+07,7.22353e+07,6.54784e+07,4.55315e+07
Smp-089700.1_549_H5N4F3,6.69848e+06,0,4.91462e+07,2.14194e+08,1.02195e+08,8.73371e+07
Smp-336730.1_684_H3N2F1,4.01774e+07,5.28507e+07,3.94651e+07,1.04293e+08,1.35922e+08,1.62657e+08
Smp-343680.1_1282_H3N2F1,4.78535e+06,5.85765e+06,8.21536e+06,1.30197e+08,4.00282e+07,4.13534e+07
Smp-089700.1_549_H4N3F2,1.51328e+07,7.16399e+07,5.09896e+07,1.36133e+08,1.37472e+08,7.65923e+07
Smp-308820.1_212_H2N2F1,3.07715e+08,3.46842e+08,2.95528e+08,8.22669e+08,1.16938e+09,1.4806e+09
Smp-089700.1_269_H3N2,2.39153e+07,3.6419e+07,3.08701e+07,4.84279e+07,3.51402e+07,7.21638e+07
Smp-089700.1_549_H4N3F1,2.75073e+07,3.92201e+07,3.22238e+07,3.31986e+08,2.36548e+08,2.92616e+08
Smp-149740.1_209_H4N3F4Pen1,8.25928e+06,1.34173e+07,4.1456e+06,1.10151e+07,1.28793e+07,1.03229e+07
Smp-128870.1_549_H2N2F1,2.08191e+07,2.28843e+07,1.23943e+07,3.13512e+07,3.80391e+07,4.51869e+07
Smp-089700.1_549_H3N4F1,0,0,2.37373e+07,2.60374e+08,1.74009e+08,2.2785e+08
Smp-073400.1_169_H3N6F3,1.12676e+08,8.76801e+07,1.20963e+08,3.09995e+08,3.3675e+08,3.57026e+08
Smp-149740.1_209_H3N2F1,6.85183e+07,5.38002e+07,2.8285e+07,9.59455e+07,1.13186e+08,1.55828e+08
Smp-040360.1_201_H3N6,8.49574e+07,1.74418e+07,1.35076e+07,7.73156e+07,3.55723e+07,6.24791e+07
Smp-073400.1_169_H4N4F2,2.52156e+07,3.02139e+07,2.95036e+07,3.94942e+07,2.79861e+07,3.06989e+07
Smp-343110.1_617_H3N2F1,3.70619e+07,3.66974e+07,4.65042e+07,3.29399e+07,1.50984e+07,1.0653e+08
Smp-027870.1_672_H6N2,1.55801e+08,1.48318e+08,1.70546e+08,2.39932e+08,3.46165e+08,2.61817e+08
Smp-129010.1_202_H9N2,2.9536e+07,2.43843e+07,2.88523e+07,1.26248e+08,1.29626e+08,1.09243e+08
Smp-040360.1_201_H3N4F1,4.18835e+07,4.76819e+07,4.94601e+07,3.05068e+06,7.37114e+07,7.55833e+07
Smp-170280.1_227_H4N3F1Pen1,0,4.49733e+07,0,1.35631e+06,7.37116e+07,6.32371e+07
Smp-180620.1_44_H7N2,1.99794e+07,1.95332e+07,2.1291e+07,4.51722e+07,4.98894e+07,3.25797e+07
Smp-073400.1_169_H3N6F1Pen1,0,8.95841e+06,1.53975e+07,5.15316e+07,6.99216e+07,4.6647e+07
Smp-027870.1_672_H6N2F1,2.6e+07,3.55733e+07,4.37932e+07,1.07876e+08,1.01873e+08,8.40785e+07
Smp-168730.1_74_H7N2,1.51469e+07,2.13334e+07,1.83051e+07,4.03603e+07,4.23613e+07,4.32889e+07
Smp-123670.1_193_H3N4F1,4.72659e+07,1.23926e+08,3.99802e+07,6.17721e+07,1.54022e+08,7.24903e+07
Smp-180620.1_44_H5N6F4,7.06241e+07,9.44246e+07,7.62717e+07,4.36946e+08,3.72936e+08,3.98757e+08
Smp-180620.1_44_H6N5F4,1.1799e+08,1.17366e+08,1.35596e+08,3.11237e+08,3.48089e+08,2.26235e+08
Smp-180620.1_44_H4N7F4,4.64734e+07,5.38788e+07,4.59834e+07,4.607e+08,4.37222e+08,3.84132e+08
Smp-089670.1_1585_H4N3F1,2.28656e+07,2.89661e+07,6.01411e+07,1.65876e+08,1.87537e+08,1.644e+08
Smp-156630.1_706_H6N3F1,6.94754e+07,1.15095e+08,4.05607e+07,1.32935e+08,1.66602e+08,1.04512e+08
Smp-168730.1_74_H3N4,1.09289e+07,0,1.19045e+07,3.90504e+08,6.37988e+08,5.95569e+08
Smp-168730.1_74_H3N3,1.01144e+09,1.01038e+09,1.06128e+09,2.90888e+08,3.23025e+08,3.19111e+08
Smp-168730.1_74_H3N2,3.06815e+07,6.09833e+07,4.28456e+07,1.4186e+09,1.35675e+09,1.11104e+09
Smp-180620.1_44_H3N8F4,0,5.7542e+08,4.83441e+08,2.0568e+08,2.12329e+08,1.54795e+08
Smp-156630.1_706_H5N4F1,9.07636e+06,3.39303e+07,1.82315e+07,2.51595e+08,1.69808e+08,1.43865e+08
Smp-180620.1_44_H3N7F3,1.83647e+07,5.50747e+07,8.31788e+07,1.02771e+08,9.12309e+07,1.45645e+08
Smp-180620.1_44_H4N6F3,8.64091e+07,6.20171e+07,8.19862e+07,8.25904e+07,7.44877e+07,6.98064e+07
Smp-143260.1_596_H3N2F1,6.98402e+07,6.57905e+07,9.64549e+07,1.71083e+08,1.44112e+08,1.94286e+08
Smp-194050.1_273_H4N6F1,3.08321e+07,3.3464e+07,2.16303e+07,5.27053e+07,4.69821e+07,2.98617e+07
Smp-168730.1_74_H3N2F1,1.19029e+07,4.05965e+07,4.17429e+07,1.79395e+09,9.72981e+08,9.44257e+08
Smp-089100.1_610_H7N2,1.36303e+08,1.36685e+08,8.25676e+07,1.08347e+08,1.31092e+08,5.9965e+07
Smp-308820.1_630_H4N3F2,8.86992e+07,6.30637e+07,6.95676e+07,1.24341e+08,1.37419e+08,1.33893e+08
Smp-147460.1_180_H3N6F1,3.45132e+07,4.32943e+07,3.96662e+07,5.16221e+07,5.34125e+07,3.79091e+07
Smp-180620.1_44_H3N6F4,0,6.40632e+06,0,6.35456e+07,4.03216e+07,2.65239e+07
Smp-000755.1_547_H9N2,7.34201e+07,0,2.00991e+07,2.07316e+08,2.45306e+08,2.23105e+08
Smp-123670.1_39_H3N6F3,9.8088e+07,2.19527e+07,6.38551e+07,2.39022e+08,4.41619e+08,3.41712e+08
Smp-123670.1_39_H3N4F3,0,1.05566e+07,4.58863e+06,1.82348e+07,6.91097e+07,4.68866e+07
Smp-180620.1_44_H5N4F2,2.41401e+07,3.55707e+07,1.64904e+07,2.09299e+08,2.78282e+08,1.08737e+08
Smp-123670.1_39_H4N5F2Pen1,3.16768e+07,1.06757e+07,4.16241e+07,4.44411e+07,6.7263e+07,3.57883e+07
Smp-302090.1_185_H3N6F3,8.33641e+07,1.05473e+08,1.35878e+08,3.88646e+08,3.20202e+08,4.76499e+08
Smp-180620.1_44_H3N4F2,1.15218e+08,1.07023e+08,1.41695e+08,6.33204e+08,7.19066e+08,4.10725e+08
Smp-180620.1_44_H4N5F2,2.97429e+07,2.97051e+07,0,2.7471e+08,2.60163e+08,1.78178e+08
Smp-194050.1_273_H4N2F1,0,3.94979e+06,5.65349e+06,9.46039e+06,8.05247e+06,1.01707e+07
Smp-331290.1_54_H6N6F1,5.42086e+07,2.07892e+08,5.88777e+07,2.86899e+08,1.57928e+08,1.56469e+08
Smp-194050.1_273_H4N3F1,1.47169e+08,1.45766e+08,1.37541e+08,4.36821e+08,4.67066e+08,4.7366e+08
Smp-180620.1_44_H3N6F2,1.14038e+07,7.4004e+06,1.68478e+07,2.18741e+08,2.32054e+08,2.097e+08
Smp-123670.1_39_H4N3F1Pen1,6.487e+07,5.19888e+07,8.3272e+07,1.64748e+08,1.4514e+08,9.7078e+07
Smp-180620.1_44_H5N4F1,4.34789e+07,6.48008e+07,5.51131e+07,2.01756e+08,2.09097e+08,1.83902e+08
Smp-331290.1_54_H6N3F1,1.78418e+07,6.56853e+07,4.81845e+07,2.408e+08,2.87322e+08,2.08636e+08
Smp-331290.1_54_H6N4F1,4.33801e+07,5.63856e+07,4.25275e+07,9.96735e+07,1.28329e+08,1.09555e+08
Smp-302090.1_185_H4N3F2,4.28212e+07,3.78927e+07,3.40833e+07,7.17819e+07,8.74491e+07,7.8343e+07
Smp-123670.1_39_H3N4F1Pen1,7.82511e+06,1.9563e+07,1.08162e+07,3.17406e+07,3.91575e+07,1.57689e+07
Smp-308820.1_630_H4N3F1,2.8991e+07,4.28564e+07,4.15507e+07,9.73974e+07,1.01497e+08,8.06956e+07
Smp-180620.1_44_H4N3F1,1.11288e+08,1.00133e+08,5.8424e+07,3.90536e+08,3.10547e+08,2.73556e+08
Smp-000755.1_547_H3N4F1,4.276e+07,8.83029e+07,8.72822e+07,1.44087e+08,1.25849e+08,1.44142e+08
Smp-123670.1_39_H2N2F1,7.88027e+07,9.62026e+07,8.06812e+07,1.32541e+08,8.77597e+07,1.13791e+08
Smp-064430.1_37_H3N6F3,1.40364e+08,1.68889e+08,2.11068e+08,5.77379e+08,4.87036e+08,6.0117e+08
Smp-331290.1_54_H5N5F1,6.2563e+07,6.9092e+07,5.58502e+07,4.53486e+08,4.94886e+08,4.33503e+08
Smp-064430.1_37_H3N8F2,2.21144e+08,2.33088e+08,3.60345e+08,8.04294e+08,8.27754e+08,8.23259e+08
Smp-172070.1_125_H4N2,6.85855e+07,4.06242e+07,7.67402e+07,1.43868e+08,1.64178e+08,1.21569e+08
Smp-000755.1_547_H4N4F2,6.97397e+07,1.03231e+08,8.11977e+07,1.8217e+08,2.00184e+08,1.57726e+08
Smp-047460.1_625_H3N2F1,5.4584e+07,8.97378e+07,9.67052e+07,2.51394e+08,3.20754e+08,2.19148e+08
Smp-170350.1_298_H5N4F2,3.39191e+07,1.59443e+07,1.09574e+07,7.35653e+08,7.74971e+08,6.50192e+08
Smp-089670.1_1529_H5N4F1,1.33189e+08,3.76619e+08,5.09677e+07,2.42174e+08,2.49493e+08,2.47567e+08
Smp-170350.1_298_H4N4F1,4.64437e+07,3.31923e+07,4.80741e+07,1.03867e+08,1.2471e+08,1.09184e+08
Smp-346900.1_158_H4N5F3,3.50044e+07,1.90443e+07,2.23338e+07,3.11939e+07,2.18831e+07,3.46338e+06
Smp-072190.1_115_H6N2,0,0,0,3.38087e+07,4.18656e+07,3.43173e+07
Smp-170350.1_298_H4N4,2.38965e+07,4.00221e+07,4.25551e+07,8.93535e+07,1.2592e+08,9.44053e+07
Smp-133250.1_326_H3N2F1,1.89954e+07,1.53409e+08,1.41777e+08,5.24627e+07,4.97672e+07,4.25401e+07
Smp-267090.1_941_H6N4F2,2.41022e+07,1.63915e+07,2.66543e+07,1.15168e+08,9.97833e+07,8.68373e+07
Smp-170350.1_298_H5N4F3,4.88611e+07,4.70808e+07,4.79591e+07,1.00411e+08,1.28247e+08,1.0998e+08
Smp-310880.1_70_H4N5F3,6.82779e+07,7.28041e+07,6.56758e+07,7.09725e+07,5.84314e+07,6.74882e+07
Smp-072190.1_115_H5N3,5.41854e+07,5.90202e+07,5.13197e+07,2.12347e+08,1.26058e+08,1.88531e+08
Smp-310880.1_70_H3N6F3,1.80101e+08,1.83771e+08,1.69375e+08,2.2332e+08,1.45858e+08,2.07827e+08
Smp-267090.1_941_H5N4F2,1.49078e+07,4.19012e+07,3.86988e+07,1.47128e+08,1.729e+08,1.62706e+08
Smp-180240.1_813_H9N2,1.12106e+09,4.76947e+07,3.5477e+07,2.11773e+08,2.29163e+08,2.42044e+08
Smp-125250.1_83_H5N2,2.06061e+07,8.8697e+06,1.97619e+07,9.66666e+07,9.83942e+07,1.10282e+08
Smp-125250.1_83_H4N2,1.33846e+07,2.81633e+07,1.77983e+07,9.18922e+07,7.36716e+07,7.74421e+07
Smp-170350.1_298_H4N4F2,7.37341e+06,1.76077e+07,1.01655e+07,3.18328e+07,5.21217e+07,4.50143e+07
Smp-342970.1_4218_H3N2F1,2.94407e+07,3.14718e+07,2.80125e+07,1.01542e+08,1.1405e+08,1.08756e+08
Smp-323580.1_1178_H8N2,5.49542e+07,5.13749e+07,4.39459e+07,1.82256e+08,1.34825e+08,1.66962e+08
Smp-153930.1_86_H10N2,0,0,0,1.91071e+08,2.1088e+08,1.77114e+08
Smp-020340.1_416_H9N2,3.38571e+07,4.93759e+07,4.70337e+07,1.06239e+08,9.12606e+07,8.3066e+07
Smp-346500.1_360_H3N2,9.74243e+06,5.79334e+06,9.32563e+06,3.09599e+07,4.17287e+07,2.38942e+07
Smp-346900.1_158_H3N6F2,1.91851e+08,2.19605e+08,1.83878e+08,4.23302e+08,3.08215e+08,2.57544e+08
Smp-090080.1_97_H5N2,6.23201e+07,6.08994e+07,4.15921e+07,9.96978e+07,1.04452e+08,9.60358e+07
Smp-072190.1_115_H4N4F1,9.79354e+07,3.56208e+08,2.60684e+08,6.31116e+08,6.38218e+08,6.19284e+08
Smp-072190.1_115_H5N4F1,8.40399e+07,8.74399e+07,9.65049e+07,1.91143e+08,1.81133e+08,1.35716e+08
Smp-333880.1_706_H3N2F1,2.01767e+08,2.40332e+08,2.41705e+08,5.04408e+08,5.71432e+08,5.16644e+08
Smp-043390.1_346_H3N2F1,5.39351e+07,6.44232e+07,5.3507e+07,7.35412e+07,7.00962e+07,6.71863e+07
Smp-125250.1_83_H4N3F1,1.34063e+08,1.24396e+08,2.53943e+07,2.23652e+08,1.71555e+08,2.24074e+08
Smp-018590.1_683_H7N2,2.7225e+07,2.24259e+07,2.94528e+07,1.11413e+08,9.56924e+07,8.53736e+07
Smp-034420.1_34_H10N2,2.77929e+08,2.16871e+08,2.50531e+08,1.71235e+08,1.34055e+08,1.42003e+08
Smp-303320.1_116_H7N4F2,4.15099e+08,7.4081e+07,3.48278e+08,9.49243e+07,9.62343e+07,6.45332e+07
Smp-020340.1_416_H6N2,3.88725e+07,1.78579e+07,3.02069e+07,6.01385e+07,6.05607e+07,6.2205e+07
Smp-171190.1_44_H5N4F2,1.71227e+08,1.95616e+08,1.973e+08,2.7431e+08,3.23051e+08,2.8098e+08
Smp-303320.1_116_H5N6F2,2.29557e+09,2.52837e+09,2.48641e+09,4.23044e+08,3.25752e+08,3.04065e+08
Smp-170350.1_298_H5N4F4,1.53809e+07,2.15436e+07,1.63754e+07,3.59839e+07,3.90481e+07,2.55322e+07
Smp-170630.1_120_H6N2,7.10216e+07,8.41718e+07,4.89865e+07,1.53679e+08,1.40553e+08,1.40212e+08
Smp-156630.1_293_H7N2,6.05297e+06,1.69285e+07,1.71109e+07,1.52481e+08,1.41058e+08,1.27822e+08
Smp-034420.1_34_H6N2,6.62536e+07,7.76569e+07,9.20931e+07,7.55643e+07,7.64456e+07,6.86523e+07
Smp-196020.1_445_H4N2,7.05339e+07,5.58016e+07,4.33739e+07,7.97409e+07,9.99582e+07,8.02878e+07
Smp-303320.1_116_H6N5F3,5.22422e+08,7.19308e+08,5.96002e+08,1.72931e+08,1.81141e+08,2.04741e+08
Smp-303320.1_116_H5N6F3,0,0,0,1.453e+08,1.92343e+08,1.81337e+08
Smp-154760.1_330_H4N6F1,5.72811e+07,1.04613e+08,7.85576e+07,9.24049e+07,8.82398e+07,1.06192e+08
Smp-170630.1_120_H5N2,5.63755e+07,7.93511e+07,1.08201e+08,1.87206e+08,9.59174e+07,2.00656e+08
Smp-156630.1_293_H5N2,5.995e+07,4.1921e+07,4.68937e+07,3.42727e+08,3.4869e+08,3.18858e+08
Smp-303320.1_116_H6N4F2,8.39553e+08,1.17329e+09,8.89819e+08,1.01513e+08,7.65855e+07,7.5365e+07
Smp-303320.1_116_H3N6F3,5.91654e+07,1.06522e+08,3.56379e+08,2.71348e+08,2.53622e+08,1.91606e+08
Smp-303320.1_116_H5N3,0,0,0,0,1.38332e+07,2.1086e+07
Smp-154760.1_330_H4N5F1,8.61368e+07,1.24898e+08,1.30579e+08,2.85731e+08,3.25231e+08,2.71153e+08
Smp-303320.1_116_H4N5F2,8.60347e+07,1.33565e+08,8.67969e+07,2.32387e+08,3.17433e+08,3.32983e+08
Smp-156630.1_516_H9N2,2.68293e+08,2.68761e+08,3.10054e+08,2.97383e+08,3.28569e+08,3.21465e+08
Smp-154760.1_330_H3N3F1,1.49241e+08,8.62145e+07,1.53206e+08,3.37811e+08,3.35417e+08,4.42099e+08
Smp-154760.1_330_H2N3F1,0,0,2.61766e+06,1.17834e+07,1.09341e+07,2.12199e+07
Smp-173550.1_233_H3N6F5,1.6081e+07,2.34787e+07,6.05468e+07,9.228e+07,7.5669e+07,9.96075e+07
Smp-303320.1_116_H3N6F1,0,3.67709e+07,0,1.04134e+08,9.81959e+07,0
Smp-165710.1_44_H5N4F3,1.78934e+08,2.38612e+08,2.87487e+08,2.20211e+08,2.28602e+08,1.8353e+08
Smp-020340.1_416_H2N2,1.37025e+07,1.9447e+07,1.96112e+07,3.23722e+07,3.52925e+07,2.366e+07
Smp-156630.1_516_H5N3F2,1.35379e+07,1.36026e+07,1.36316e+07,6.68082e+07,6.59591e+07,9.90237e+07
Smp-245815.1_1001_H3N6F2,5.24204e+07,6.3109e+07,1.64261e+08,3.56717e+07,2.27241e+07,2.91548e+07
Smp-100080.1_131_H3N6F2,5.0839e+07,5.78423e+07,5.85985e+07,8.26314e+07,1.14568e+08,9.00333e+07
Smp-243150.1_1716_H9N2,5.11502e+07,4.58714e+07,5.8717e+07,1.52269e+08,1.00961e+08,1.1982e+08
Smp-163810.1_370_H9N2,2.46184e+07,3.16381e+07,2.39913e+07,3.18275e+07,3.72272e+07,2.2513e+07
Smp-156630.1_516_H3N4F2,1.51759e+09,1.5095e+09,1.37005e+09,5.30925e+08,6.23481e+08,6.04211e+08
Smp-165710.1_44_H5N4F4,4.21582e+07,5.68588e+07,3.23512e+07,1.30975e+08,1.26327e+08,7.47788e+07
Smp-165710.1_44_H4N3F1,8.01337e+06,2.08355e+07,2.07802e+07,2.25493e+07,3.40868e+07,1.52757e+07
Smp-154760.1_330_H2N2F1,4.5179e+07,1.62102e+08,6.60442e+07,2.09284e+08,2.26283e+08,2.07314e+08
Smp-165710.1_44_H5N4F1,5.84702e+07,8.18229e+07,6.43358e+07,1.14384e+08,1.33853e+08,1.16685e+08
Smp-005720.1_147_H3N10F2,9.60229e+07,8.765e+07,8.63696e+07,2.3656e+08,2.37372e+08,2.96586e+08
Smp-342000.1_473_H4N4F2Pen1,1.21817e+08,7.21492e+07,8.92725e+07,2.01863e+08,2.47244e+08,1.66201e+08
Smp-248020.1_192_H9N2,3.13554e+07,4.319e+07,3.73735e+07,5.26365e+07,9.47491e+07,6.05057e+07
Smp-073220.1_84_H9N2,7.48787e+07,1.22518e+08,6.4984e+07,1.71529e+08,1.47192e+08,2.02808e+08
Smp-005720.1_147_H3N11F1,2.60766e+07,2.55307e+07,2.64469e+07,1.67898e+08,1.61929e+08,1.67968e+08
Smp-005720.1_147_H3N8F3,4.07439e+07,3.68701e+07,2.47423e+07,1.25983e+08,1.28056e+08,1.51896e+08
Smp-165710.1_44_H3N2F1,2.13653e+07,5.10825e+07,3.59156e+07,6.1556e+07,5.46304e+07,4.44351e+07
Smp-165710.1_44_H3N6F5,1.29295e+08,1.66709e+08,7.85172e+07,2.10091e+08,2.32038e+08,2.10289e+08
Smp-342880.1_327_H2N2F1,3.44357e+06,2.31807e+06,2.1063e+06,1.30871e+07,1.22768e+07,6.15358e+06
Smp-018440.1_40_H9N2,2.50449e+07,1.20261e+08,8.53168e+06,7.37905e+07,1.72633e+08,1.44408e+08
Smp-154180.1_114_H3N6F2,2.01277e+07,0,0,7.0004e+07,9.76444e+07,4.03261e+07
Smp-005720.1_147_H3N6F3,2.9984e+07,4.15103e+07,2.74398e+07,6.47732e+06,6.48581e+07,2.14613e+07
Smp-348070.1_81_H3N4F2,7.64205e+07,1.02606e+08,1.10459e+08,2.51794e+08,1.50044e+08,2.01555e+08
Smp-154180.1_114_H4N5F1,2.17267e+07,2.2004e+07,2.36329e+07,1.12124e+08,9.91193e+07,9.93594e+07
Smp-127820.1_496_H6N3F1,5.89834e+07,1.35888e+07,1.51634e+07,4.90699e+07,5.46828e+07,4.46031e+07
Smp-348070.1_81_H4N5F1,4.62716e+07,6.74216e+07,1.01596e+08,3.60557e+08,3.5831e+08,3.02832e+08
Smp-154180.1_114_H3N6F1,1.79403e+07,2.21807e+07,9.99453e+06,1.69674e+08,1.85004e+08,1.2777e+08
Smp-348070.1_81_H4N4F1,3.14283e+08,3.89547e+08,2.66702e+08,2.89976e+08,2.56441e+08,3.27675e+08
Smp-146720.1_1949_H9N2,1.73814e+07,2.50117e+07,6.92795e+06,4.13704e+07,4.77811e+07,2.11517e+07
Smp-005720.1_147_H4N6F1,6.17219e+07,6.18357e+07,5.39312e+07,2.9215e+07,4.59643e+07,3.23994e+07
Smp-127820.1_496_H3N6F2,3.37889e+07,3.51761e+07,4.38094e+07,2.18194e+08,2.11253e+08,1.39089e+08
Smp-337390.1_537_H9N2,3.29498e+07,8.37134e+07,6.60711e+07,1.04028e+08,1.0746e+08,2.09476e+07
Smp-127620.1_1178_H2N2,4.11968e+07,6.51998e+07,5.54606e+07,6.99755e+07,1.26257e+08,1.32508e+08
Smp-337390.1_537_H8N2,7.26833e+07,5.17261e+07,5.05656e+07,1.19779e+08,1.73996e+08,6.1443e+07
Smp-331290.1_40_H3N7,6.78707e+07,7.26159e+06,7.70053e+07,4.11347e+07,6.08843e+07,2.53613e+07
Smp-198020.1_101_H1N2F1,3.43137e+08,3.10099e+08,1.57891e+08,3.93318e+08,7.70272e+08,1.04541e+09
Smp-331290.1_40_H3N4,7.84356e+07,2.40825e+07,5.78101e+07,8.82067e+07,9.97479e+07,1.61337e+07
Smp-331290.1_40_H2N4,1.67692e+08,6.8963e+07,2.0953e+07,8.71304e+06,3.52116e+07,3.87904e+07
Smp-127820.1_496_H4N3,0,1.49031e+07,6.17081e+06,6.81225e+07,1.05936e+08,9.35143e+07
Smp-311780.1_129_H3N2F1,8.67664e+06,1.20329e+07,3.52634e+07,3.25823e+07,3.31183e+07,2.47233e+07
Smp-341660.1_129_H3N2F1,1.21609e+08,3.70682e+08,3.4875e+08,2.70517e+08,2.2949e+08,2.27463e+08
Smp-341160.1_483_H9N2,1.349e+07,6.73858e+07,4.87844e+07,1.53425e+08,1.64507e+08,1.65904e+08
Smp-180810.1_863_H8N2,6.19917e+07,8.50112e+07,8.24326e+07,7.99123e+07,9.43917e+07,7.58151e+07
Smp-143260.1_75_H4N3F1,1.68255e+08,0,1.9663e+08,9.78373e+07,6.56396e+07,6.30444e+07
Smp-342970.1_117_H3N2F1,3.47584e+07,1.5632e+07,5.47352e+07,2.40829e+08,1.48836e+08,2.46286e+08
Smp-196020.1_445_H6N2F1,5.62091e+08,5.49314e+08,5.65307e+08,1.23021e+08,8.68837e+07,1.08007e+07
Smp-246440.1_1019_H9N2,6.3924e+08,7.48279e+08,7.16615e+08,1.69774e+08,1.48154e+08,9.50754e+07
Smp-154760.1_314_H3N6F1,1.02819e+07,3.33891e+07,1.61616e+07,8.20926e+07,9.42436e+07,9.40687e+07
Smp-154760.1_314_H4N3F2,2.62643e+08,2.69643e+08,2.76232e+08,1.79801e+08,1.45493e+08,5.58515e+07
Smp-154760.1_314_H4N3F1Pen1,0,0,0,7.1279e+07,5.83275e+07,4.72544e+07
Smp-154760.1_314_H3N4F1,5.18932e+07,7.19843e+07,2.49455e+07,3.21714e+08,2.77496e+08,2.63117e+08
Smp-041370.1_263_H3N2,1.7084e+07,1.41944e+07,1.97556e+07,2.11083e+07,3.93797e+07,4.15266e+07
Smp-176350.1_255_H3N6F3,2.84367e+06,0,0,2.13088e+08,1.76312e+08,1.47069e+08
Smp-300580.1_428_H3N4F2,1.33964e+07,3.06534e+06,4.27803e+07,1.65951e+08,1.34968e+08,1.43031e+08
Smp-342970.1_4402_H6N2,0,0,0,6.34247e+07,1.2289e+08,4.62613e+07
Smp-343650.1_1947_H8N2,5.12859e+07,6.02568e+07,2.09604e+07,1.29835e+08,8.27841e+07,5.67129e+07
Smp-247190.1_214_H9N2,3.95146e+07,1.08521e+08,8.63777e+07,7.15398e+07,7.09096e+07,5.20323e+07
Smp-170550.1_391_H8N2,5.84025e+07,0,6.72003e+07,8.476e+07,9.55274e+07,3.14036e+07
Smp-164760.1_812_H3N2F1,5.64472e+07,0,3.28334e+07,9.36329e+07,7.34739e+07,8.81769e+07
Smp-154760.1_314_H3N2F1,0,0,0,3.80918e+07,5.45554e+07,4.65713e+07
Smp-017610.1_793_H2N2F1,0,0,0,9.2127e+06,2.27147e+07,4.59365e+06
Smp-017610.1_793_H3N2F1,0,0,0,5.02781e+07,6.38182e+07,3.39646e+07
Smp-043990.1_243_H8N2,7.11554e+07,6.21474e+07,1.06092e+08,2.76296e+08,2.32368e+08,2.9868e+08
Smp-247190.1_214_H5N4F3,6.20339e+07,8.46885e+07,6.86437e+07,8.69704e+07,7.81457e+07,6.99123e+07
Smp-017730.1_1118_H6N5F1,2.47162e+08,4.55865e+08,2.02248e+08,1.52218e+08,1.74062e+08,1.9363e+08
Smp-247190.1_214_H4N5F3,0,0,0,3.75798e+07,4.64607e+07,2.60791e+07
Smp-176350.1_255_H3N4F2,0,0,0,2.31655e+07,2.68926e+07,1.39128e+07
Smp-154760.1_314_H2N2F1,4.00582e+07,1.10579e+09,1.70782e+08,2.33816e+08,1.92271e+08,1.67928e+08
Smp-141610.1_330_H9N2,3.27873e+07,3.95781e+07,3.63227e+07,3.09576e+07,6.43632e+07,6.05379e+07
Smp-017730.1_1118_H5N6F1,1.56824e+08,2.14313e+08,2.24576e+08,7.48555e+08,7.62781e+08,7.84709e+08
Smp-141610.1_330_H8N2,4.3519e+07,3.05896e+07,2.8628e+07,4.6332e+07,5.04424e+07,5.36556e+07
Smp-173350.1_55_H7N2,1.1178e+07,3.78365e+07,6.01654e+07,7.11778e+07,6.82612e+07,8.11698e+07
Smp-156630.1_882_H9N2,0,0,1.59317e+07,6.86216e+07,7.15751e+07,7.00429e+07
Smp-308820.1_1378_H6N2,4.78829e+07,5.65624e+07,0,8.64303e+07,1.2085e+08,1.25046e+08
Smp-017730.1_1118_H4N6F1,5.94729e+07,1.04935e+08,1.43306e+08,3.56123e+08,2.88754e+08,4.97079e+08
Smp-180810.1_361_H3N2F1,1.11538e+08,1.91892e+08,1.66052e+08,1.82439e+08,3.22359e+08,2.55565e+08
Smp-156630.1_882_H7N2,1.93952e+07,0,1.05959e+07,1.13949e+08,2.07543e+08,1.42143e+08
Smp-242530.1_58_H9N2,1.10272e+08,9.27582e+07,1.11585e+08,3.34789e+08,2.80481e+08,2.97717e+08
Smp-080100.1_50_H3N6F3,0,0,9.81284e+06,2.90496e+08,2.52177e+08,2.67287e+08
Smp-156630.1_122_H4N5F3,6.95152e+07,1.26812e+08,2.31809e+08,7.11319e+08,7.84704e+08,7.09049e+08
Smp-156630.1_122_H3N6F3,2.24407e+07,5.54122e+07,1.42902e+08,5.84246e+08,6.1729e+08,4.46831e+08
Smp-172180.1_39_H4N4,3.6399e+08,3.4242e+08,4.59903e+08,1.12799e+09,1.04185e+09,1.21158e+09
Smp-148900.1_57_H3N2F1,1.56842e+08,1.34338e+08,1.33409e+08,7.36399e+07,8.97544e+07,7.06072e+07
Smp-017730.1_1118_H3N4,2.59435e+07,3.45708e+07,1.2296e+07,2.74246e+07,1.92811e+07,2.19323e+07
Smp-017730.1_1118_H2N4,1.13011e+08,8.44447e+06,5.39966e+07,3.13195e+08,3.29349e+08,4.939e+08
Smp-148900.1_57_H2N2F1,3.02089e+07,2.47615e+07,2.82652e+07,4.99942e+07,4.47216e+07,5.25612e+07
Smp-244080.1_328_H2N2,7.85334e+07,1.27155e+08,1.24477e+08,2.0657e+08,1.88012e+08,1.69236e+08
Smp-105450.1_103_H3N2F1,1.27342e+07,9.51543e+06,8.56049e+06,7.20883e+07,9.03045e+07,5.74522e+07
Smp-047460.1_262_H3N2F1,4.99706e+07,5.44396e+07,6.48378e+07,2.50389e+08,1.83828e+08,1.74969e+08
Smp-159780.1_1419_H10N2,9.46587e+07,1.32944e+08,1.51672e+08,3.14118e+08,2.85611e+08,3.19324e+08
Smp-085010.1_185_H8N2,1.21422e+08,1.3612e+08,5.42789e+07,7.22321e+07,9.11941e+07,8.79062e+07
Smp-089670.1_147_H9N2,3.35469e+06,2.07914e+07,4.88516e+07,1.59515e+08,1.42329e+08,1.28154e+08
Smp-089670.1_1182_H4N5G1,0,0,0,5.27328e+07,6.24504e+07,2.91584e+07
Smp-179660.1_362_H3N4F2,0,0,0,1.35335e+08,1.2572e+08,9.074e+07
Smp-179660.1_362_H4N3F1Pen1,2.12893e+08,2.03325e+08,1.93372e+08,2.02423e+08,2.66994e+08,1.94297e+08
Smp-179660.1_362_H4N3F2Pen1,5.54818e+08,5.00505e+08,4.10038e+08,1.56257e+08,1.76727e+08,1.64517e+08
Smp-130280.1_430_H9N2,6.46157e+07,9.5598e+07,5.29818e+07,1.18275e+08,1.33785e+08,1.57653e+08
Smp-089670.1_147_H6N5F1,1.72686e+08,2.54995e+08,5.43446e+07,5.02034e+07,4.90338e+07,5.5703e+07
Smp-089100.1_601_H6N2,3.15271e+07,5.31024e+07,4.92499e+07,1.20838e+08,1.12084e+08,1.11173e+08
Smp-089670.1_147_H5N4F1,6.42774e+07,1.28518e+08,1.50444e+08,4.84888e+08,5.50255e+08,4.57342e+08
Smp-089670.1_1182_H4N4F2,7.7184e+07,5.3175e+07,4.56803e+07,1.57717e+08,1.34833e+08,1.345e+08
Smp-179660.1_362_H4N3F2,1.42212e+08,9.24104e+07,1.09771e+08,2.46951e+08,2.30524e+08,2.00424e+08
Smp-089670.1_147_H5N4F2,2.43969e+09,2.29731e+09,2.60621e+09,5.72406e+08,5.95389e+08,5.47289e+08
Smp-130520.1_719_H3N2,4.19136e+07,2.57529e+07,4.22465e+07,1.4765e+08,1.62991e+08,1.83008e+08
Smp-172180.1_39_H3N3,9.27068e+07,9.29415e+07,1.17846e+08,6.49149e+08,5.81857e+08,6.24444e+08
Smp-089670.1_147_H4N5F2,1.87216e+08,1.35392e+08,1.38693e+08,2.25244e+08,2.1194e+08,1.42719e+08
Smp-089670.1_147_H4N3F2,7.71732e+07,1.25217e+08,1.9457e+08,2.98197e+08,3.8276e+08,2.92095e+08
Smp-130520.1_719_H2N2,4.67247e+08,4.67312e+08,1.74341e+07,1.87153e+08,2.42647e+08,2.16973e+08
Smp-034420.1_57_H4N3F2,3.28343e+08,2.58314e+07,3.26502e+07,1.9058e+08,2.59097e+08,1.86074e+08
Smp-156630.1_696_H6N3F1,1.56132e+08,1.6157e+08,1.96194e+08,2.03222e+08,1.78865e+08,1.23907e+08
Smp-089670.1_147_H3N4F2,3.29004e+08,1.0473e+08,3.00995e+08,1.9848e+08,3.06323e+08,2.88132e+08
Smp-130520.1_719_H2N2F1,5.08988e+07,1.14996e+08,1.81465e+08,7.61918e+07,9.53201e+07,7.31527e+07
Smp-156630.1_696_H6N2,1.07006e+08,7.47666e+07,1.38471e+08,6.52121e+08,6.83984e+08,6.85751e+08
Smp-179660.1_362_H2N2F1Pen1,3.50081e+07,2.18147e+07,1.60009e+07,7.57458e+07,7.26557e+07,7.58026e+07
Smp-156630.1_696_H5N4F2,2.34926e+08,3.65786e+08,3.91414e+08,2.24964e+08,2.53196e+08,2.44673e+08
Smp-342090.1_462_H2N2F1,1.56276e+07,1.5213e+07,2.87832e+07,1.80458e+07,3.93078e+07,2.54676e+07
Smp-034420.1_57_H4N3F1,0,1.10007e+07,3.38552e+07,9.8206e+07,1.28874e+08,1.36744e+08
Smp-156630.1_696_H5N2,5.38808e+06,0,3.40867e+07,5.12293e+08,4.84464e+08,4.98416e+08
Smp-020340.1_883_H2N2F1,0,1.12643e+07,2.35852e+07,6.39535e+07,1.1262e+08,1.3033e+08
Smp-142550.1_409_H9N2,6.04677e+08,6.20244e+08,1.1942e+09,2.57296e+08,3.1241e+08,1.48118e+08
Smp-170280.1_1096_H3N4F1,4.02854e+07,2.43668e+06,1.15538e+08,1.24521e+08,1.08904e+08,8.48977e+07
Smp-344180.1_283_H4N4F2,4.03451e+07,4.87216e+07,1.09209e+08,5.47964e+07,5.14343e+07,4.73366e+07
Smp-170280.1_1096_H3N2F1,4.02589e+06,1.74077e+07,1.63359e+07,3.18487e+07,2.61915e+07,3.05566e+07
Smp-153390.1_52_H3N6F2,8.40739e+07,9.94715e+07,6.61053e+07,1.22997e+08,1.02019e+08,8.92103e+07
Smp-346270.1_1176_H9N2,4.22151e+07,9.74661e+07,2.19129e+08,9.74302e+07,7.76628e+07,9.21977e+07
Smp-014570.1_93_H4N3,0,1.99366e+07,8.39627e+06,1.87738e+08,1.69729e+08,1.73104e+08
Smp-323580.1_101_H8N2,6.76996e+07,3.56608e+07,1.95096e+08,1.04833e+08,8.1157e+07,5.72024e+07
Smp-167190.1_160_H3N2F1,1.35298e+08,2.60093e+08,2.0163e+08,1.94017e+08,2.68103e+08,2.46784e+08
Smp-333650.1_1010_H3N2F1,7.97679e+06,9.3411e+06,3.51095e+06,2.36286e+07,3.81727e+07,3.16445e+07
Smp-132700.1_885_H2N2F1,4.22077e+07,3.2902e+07,3.00035e+07,1.13758e+08,1.09512e+08,1.00481e+08
Smp-197390.1_263_H3N2F1,2.2281e+07,7.89538e+08,1.51814e+08,6.76872e+07,5.99324e+07,4.67269e+07
Smp-019820.1_84_H9N2,4.82715e+07,2.91224e+07,1.68664e+07,8.99997e+07,7.68802e+07,5.75987e+07
Smp-128230.1_284_H4N3F3,2.08977e+07,2.03519e+07,1.64031e+07,1.42862e+08,1.87134e+08,1.30771e+08
Smp-144840.1_155_H5N4F3,1.2867e+08,1.16787e+08,1.72356e+08,1.39483e+08,1.6707e+08,1.82178e+08
Smp-133700.1_1114_H8N2,0,0,0,3.74221e+07,3.12902e+07,3.49633e+07
Smp-128230.1_284_H4N3F2,1.30125e+08,1.44714e+08,1.54227e+08,1.61928e+08,1.62725e+08,1.44787e+08
Smp-242530.1_470_H3N6F3,0,0,0,1.80294e+08,1.56471e+08,2.02387e+08
Smp-323580.1_101_H4N3F1,0,2.02178e+07,0,4.80188e+07,5.17112e+07,3.2087e+07
Smp-128230.1_284_H4N3F1Pen1,0,0,0,1.65927e+07,2.282e+07,2.14863e+07
Smp-175020.1_157_H3N2,6.65389e+07,7.19723e+07,7.60914e+07,7.2177e+07,7.25151e+07,7.19039e+07
Smp-128230.1_284_H4N3F1,1.3362e+07,1.73876e+07,0,6.23284e+07,9.76887e+07,8.61218e+07
Smp-143730.1_937_H5N2F1,1.33792e+08,7.78325e+07,7.97678e+07,2.30499e+08,2.03512e+08,2.13602e+08
Smp-146250.1_200_H3N2,2.67202e+07,2.03041e+07,2.2445e+07,2.29385e+07,1.96448e+07,1.61643e+07
Smp-341160.1_512_H9N2,6.31501e+07,7.44128e+07,7.20076e+07,1.18684e+08,1.10207e+08,6.43815e+07
Smp-128230.1_284_H2N2F1Pen1,8.4426e+06,8.50636e+06,0,9.06853e+07,8.54917e+07,4.49832e+07
Smp-242530.1_470_H3N2F1,4.85522e+07,9.21063e+06,4.56339e+07,2.0968e+08,1.4545e+08,1.90688e+08
Smp-131580.1_88_H6N2,6.74744e+08,7.19464e+08,7.65325e+08,8.33723e+08,6.6963e+08,7.12621e+08
Smp-310170.1_689_H3N4F1,1.0198e+08,9.02049e+07,1.35294e+08,4.43547e+08,3.77012e+08,3.2596e+08
Smp-350010.1_112_H3N6F3,4.70061e+07,4.6661e+07,3.70045e+07,4.94273e+07,5.42389e+07,8.31961e+07
Smp-041550.1_72_H4N3F2,5.52988e+07,1.04589e+08,8.22956e+07,1.25331e+08,1.2537e+08,1.02156e+08
Smp-127740.1_187_H3N2F1,5.70534e+08,5.31646e+08,4.03283e+08,1.19523e+09,1.30143e+09,1.0912e+09
Smp-213640.1_109_H8N2,1.12924e+08,9.2723e+07,7.99189e+07,1.61585e+08,1.62057e+08,1.66212e+08
Smp-332540.1_379_H3N2,5.46494e+07,4.78688e+07,4.6772e+07,3.36897e+08,3.54945e+08,4.34858e+08
Smp-346610.1_124_H3N2F1,1.1195e+08,4.55001e+07,5.46234e+07,1.6253e+08,1.26818e+08,1.74632e+08
Smp-332930.1_291_H9N2,0,4.11758e+07,1.61926e+07,1.03429e+08,7.88938e+07,6.5854e+07
Smp-332930.1_291_H3N6F3,2.05118e+07,2.66988e+07,1.69351e+08,2.09888e+07,2.0507e+07,2.74198e+07
Smp-144840.1_155_H4N3F1,6.64214e+06,1.15889e+07,5.56787e+06,1.66351e+07,2.51847e+07,1.72473e+07
Smp-130280.1_1189_H3N6F3,1.17952e+08,1.44812e+08,1.12067e+08,1.9533e+08,2.30029e+08,1.70628e+08
Smp-329010.1_97_H10N2,0,0,0,2.73628e+07,2.49902e+07,2.65322e+07
Smp-145300.1_242_H3N4F1,5.17996e+07,2.55965e+07,0,7.28626e+07,6.52139e+07,4.11663e+07
Smp-159780.1_1419_H9N2,6.14411e+07,1.16046e+08,8.57597e+07,9.07626e+07,1.16676e+08,7.54084e+07
Smp-131580.1_1102_H5N4F2,2.7086e+08,1.41077e+08,2.044e+08,3.14777e+08,3.60309e+08,3.05973e+08
Smp-329010.1_97_H7N2,1.51377e+08,4.60842e+08,3.53496e+08,6.82581e+08,5.42933e+08,6.0211e+08
Smp-144130.1_99_H3N2F1,4.72728e+07,9.3804e+07,5.47239e+07,4.43837e+08,5.50195e+08,4.91521e+08
Smp-131580.1_1102_H4N5F2,7.02344e+07,8.25331e+07,9.70977e+07,2.66274e+08,1.76433e+08,2.10079e+08
Smp-329010.1_97_H6N2,3.56801e+07,2.20661e+07,4.19422e+07,1.26757e+08,1.01555e+08,9.89423e+07
Smp-350010.1_112_H3N4F1,1.74041e+07,3.01198e+07,2.51898e+07,6.096e+07,6.33306e+07,6.40075e+07
Smp-131580.1_1102_H5N4F1,1.28795e+08,3.67962e+08,1.52243e+08,2.16954e+08,2.17379e+08,2.58373e+08
Smp-144130.1_99_H2N2F1,2.20033e+07,5.55515e+07,6.06346e+07,2.3733e+08,2.28809e+08,2.29011e+08
Smp-002600.1_99_H4N3F3,5.83383e+07,1.9162e+08,1.83127e+08,1.07917e+08,9.23613e+07,8.94047e+07
Smp-313560.1_398_H9N2,1.22799e+07,1.1452e+07,1.45299e+07,5.7052e+07,8.69445e+06,2.02599e+07
Smp-347550.1_1096_H2N2F1,0,0,0,1.80617e+07,1.65947e+07,1.02088e+07
Smp-347550.1_1168_H9N2,6.72393e+08,5.24929e+08,6.81857e+08,2.12871e+08,1.96346e+08,1.94677e+08
Smp-164760.1_230_H4N2F1,1.60414e+08,1.16402e+08,1.45709e+08,1.84738e+08,1.787e+08,2.39036e+08
Smp-176540.1_432_H2N2F1,4.42598e+07,4.75108e+07,2.94547e+07,6.65526e+07,6.88457e+07,5.57681e+07
Smp-159370.1_542_H3N2F1,2.48608e+07,2.73146e+07,2.51884e+07,4.32929e+07,6.12531e+07,5.54189e+07
Smp-000755.1_137_H7N2,1.38708e+08,2.06426e+08,1.32933e+08,6.64174e+08,6.11813e+08,5.38656e+08
Smp-180810.1_1603_H8N2,1.54933e+07,8.57454e+06,2.24225e+07,3.47788e+07,1.61728e+07,9.73575e+06
Smp-000755.1_137_H3N6F2,3.49963e+09,2.10612e+09,3.08633e+09,1.63211e+09,1.69392e+09,1.36081e+09
Smp-305430.1_583_H3N4F1,0,1.63592e+07,0,8.50527e+07,1.2211e+08,1.15988e+08
Smp-000755.1_137_H3N5F2,3.94758e+08,1.09806e+09,9.98036e+08,4.09362e+08,3.41896e+08,2.2907e+08
Smp-311780.1_442_H3N6F5,2.78626e+08,1.9724e+08,3.86221e+08,1.68119e+08,1.83008e+08,1.7469e+08
Smp-000755.1_137_H5N3,1.24081e+08,1.24423e+08,1.60976e+08,1.1087e+08,1.13128e+08,1.21159e+08
Smp-000160.1_260_H3N2F1,1.68628e+07,5.34612e+07,5.27486e+07,1.408e+08,1.82835e+08,1.71593e+08
Smp-342000.1_336_H8N2,1.00978e+08,9.93985e+07,6.61357e+07,1.52573e+08,2.02793e+08,1.5895e+08
Smp-133700.1_589_H6N2,3.22433e+07,3.55492e+07,3.5581e+07,1.89692e+07,5.43912e+07,3.35743e+07
Smp-242200.1_243_H2N2F1,1.06912e+07,1.05606e+07,3.5196e+06,1.93749e+07,1.99581e+07,1.85484e+07
Smp-247330.1_1030_H3N2F1,2.74547e+07,3.52715e+07,5.94219e+07,1.46922e+08,1.45586e+08,1.19317e+08
Smp-173380.1_100_H2N2F1,9.20833e+07,8.77421e+07,7.70838e+07,8.58247e+07,1.03156e+08,7.97904e+07
Smp-153390.1_166_H4N5F2,4.77448e+07,2.53881e+07,2.43905e+07,1.70457e+08,2.66777e+08,2.32676e+08
Smp-105450.1_58_H4N3F1,1.04997e+08,1.12335e+08,7.98014e+07,2.81694e+08,2.35203e+08,2.83245e+08
Smp-145420.1_688_H9N2,1.50213e+08,1.12893e+08,1.04377e+08,2.1725e+08,1.75404e+08,1.26715e+08
Smp-130280.1_1189_H2N2F1,3.14558e+07,2.58198e+07,7.85437e+07,7.79611e+07,9.04043e+07,9.86516e+07
Smp-006060.1_168_H5N4F1,1.69249e+08,1.73314e+08,4.23711e+08,1.39148e+08,1.27258e+08,1.29809e+08
Smp-153390.1_166_H5N4F1,2.54445e+08,2.32842e+08,2.73893e+08,3.66429e+08,4.46101e+08,3.94563e+08
Smp-143730.1_627_H9N2,1.44203e+08,1.25878e+08,1.10614e+08,1.79936e+08,1.88002e+08,1.81038e+08
Smp-153390.1_166_H4N4F2,5.81829e+08,2.54342e+08,5.4372e+08,1.09796e+09,1.13857e+09,1.06408e+09
Smp-006060.1_168_H5N4F2,2.68902e+08,1.4068e+08,8.70956e+07,1.59388e+08,1.55598e+08,1.41474e+08
Smp-092150.1_58_H3N2F1,2.43175e+08,2.2762e+08,2.6096e+08,5.54356e+08,4.77689e+08,5.61016e+08
Smp-006060.1_168_H4N4F1,1.70594e+08,8.04513e+07,1.05086e+08,2.29798e+08,1.85073e+08,2.11288e+08
Smp-143730.1_627_H7N2,3.49154e+08,6.41005e+08,3.29126e+08,1.47821e+08,1.21071e+08,1.56671e+08
Smp-342880.1_1388_H3N2,1.02055e+08,1.25242e+08,1.22899e+08,5.16514e+07,4.99858e+07,5.85873e+07
Smp-143730.1_627_H6N2F1,1.16204e+08,1.7067e+08,3.22682e+08,5.77232e+08,4.36772e+08,4.01701e+08
Smp-170280.1_822_H4N3F1,1.45179e+07,8.73995e+07,2.32854e+08,7.65551e+07,7.41508e+07,8.01092e+07
Smp-006060.1_168_H4N4F2,4.02136e+07,5.15139e+07,5.11186e+07,7.89323e+07,4.79067e+07,4.55781e+07
Smp-194980.1_117_H9N2,5.35917e+07,9.33706e+07,1.46563e+08,2.68308e+08,2.52185e+08,2.62615e+08
Smp-194980.1_117_H8N2,7.22357e+07,6.49446e+07,4.87098e+07,1.22247e+08,1.45305e+08,1.14498e+08
Smp-006060.1_168_H3N4F2,8.95453e+07,1.68353e+08,1.52999e+08,2.94331e+08,3.14166e+08,2.28138e+08
Smp-343630.1_775_H9N2,7.74435e+07,1.26438e+08,7.35447e+07,2.70886e+08,2.44886e+08,2.60908e+08
Smp-343630.1_775_H4N5F3,0,0,0,4.05995e+07,5.14031e+07,2.43206e+07
Smp-143730.1_627_H5N2,5.74619e+08,6.51593e+08,5.62644e+08,2.77866e+08,2.86584e+08,2.47397e+08
Smp-164590.1_169_H8N2,8.40164e+07,7.53398e+07,5.49421e+07,9.86705e+07,9.44079e+07,8.9372e+07
Smp-006060.1_168_H3N2,1.3274e+07,5.80646e+07,3.67103e+07,1.13683e+08,1.08552e+08,1.16332e+08
Smp-194980.1_117_H5N4,0,0,2.26348e+07,1.35785e+08,1.44633e+08,1.25584e+08
Smp-127740.1_378_H3N2F1,7.63365e+06,8.96471e+06,8.00001e+06,2.24502e+07,2.43872e+07,2.1418e+07
Smp-170280.1_822_H3N2F1,5.87731e+07,4.54946e+07,5.24087e+07,4.48018e+07,1.10713e+08,7.81321e+07
Smp-343630.1_775_H4N3F2,0,0,0,2.96654e+08,2.82985e+08,1.99844e+08
Smp-194980.1_117_H4N4,1.2184e+08,9.54515e+07,1.16389e+08,4.45447e+07,3.4285e+07,5.60482e+07
Smp-147680.1_67_H3N4F2,3.19858e+07,3.35949e+07,4.52938e+07,6.72778e+07,1.25415e+08,7.81051e+07
Smp-310170.1_6649_H2N2F1,1.63783e+07,2.14503e+07,1.15486e+07,4.68941e+07,5.26036e+07,4.17108e+07
Smp-093930.1_123_H5N4F3,7.89631e+07,1.23539e+08,4.00669e+08,1.6123e+08,1.56707e+08,2.78226e+08
Smp-147460.1_601_H4N4,2.97253e+07,1.08393e+07,2.94363e+07,7.93759e+07,5.98992e+07,5.23922e+07
Smp-336730.1_385_H3N2F1,3.01842e+07,1.90263e+07,2.68711e+07,1.76003e+08,1.48627e+08,1.13671e+08
Smp-093930.1_123_H3N6F3,4.51593e+08,5.20195e+08,4.87152e+08,1.98391e+08,1.9228e+08,2.50272e+08
Smp-340270.1_249_H7N2,1.04432e+07,8.37924e+06,2.31186e+07,2.46702e+07,3.07609e+07,1.89463e+07
Smp-147680.1_67_H2N2F1,1.94326e+08,1.64444e+08,1.29295e+08,1.31459e+08,1.53596e+08,1.43435e+08
Smp-156540.1_128_H6N2,4.56374e+07,2.74989e+07,4.96012e+07,2.21745e+08,2.15265e+08,1.46136e+08
Smp-123830.1_1446_H9N2,4.60992e+07,1.36027e+07,5.2699e+07,1.29953e+08,1.88557e+08,1.51922e+08
Smp-306910.1_1046_H7N2,8.14646e+07,9.79718e+07,8.28322e+07,1.42144e+08,1.58042e+08,1.55403e+08
Smp-347550.1_1108_H3N2F1,8.78614e+07,7.9389e+07,1.20364e+08,3.67927e+08,3.49812e+08,3.29101e+08
Smp-090080.1_249_H5N3Pen1,0,1.90421e+07,0,4.49957e+07,6.99956e+07,5.38821e+07
Smp-244250.1_308_H3N2F1,5.39479e+07,3.45945e+07,4.7192e+07,1.1246e+08,1.07658e+08,9.61582e+07
Smp-090080.1_249_H6N4F1,1.45353e+08,7.62339e+06,3.47881e+07,3.91361e+08,4.87174e+08,3.95239e+08
Smp-243150.1_2225_H9N2,0,4.3526e+06,2.65476e+07,1.4024e+08,1.25614e+08,1.49207e+08
Smp-146720.1_1010_H4N3F3,0,0,0,1.21964e+08,1.32097e+08,1.05527e+08
Smp-149400.1_264_H5N2,2.04798e+08,2.42355e+08,1.73792e+08,3.84789e+08,3.59615e+08,3.29201e+08
Smp-173380.1_59_H8N2,1.3285e+08,1.97728e+08,2.09097e+08,3.93789e+08,4.19245e+08,3.6777e+08
Smp-008710.1_382_H3N2F1,1.22114e+08,2.77606e+08,1.09204e+08,5.68933e+08,5.3811e+08,5.2628e+08
Smp-306910.1_1046_H4N2,3.78702e+07,4.86135e+07,0,3.92198e+07,5.5943e+07,4.10565e+07
Smp-093210.1_541_H3N2F1,1.47228e+07,1.93257e+07,2.49128e+07,5.02264e+07,6.77321e+07,7.39429e+07
Smp-090080.1_249_H5N3,1.37879e+08,9.4289e+07,1.88834e+08,1.10802e+08,1.29875e+08,1.04763e+08
Smp-090080.1_249_H5N2,0,2.65193e+06,8.83381e+06,4.06386e+07,3.64314e+07,1.40047e+07
Smp-302090.1_148_H3N4F3Pen1,5.42578e+07,4.27317e+07,4.65266e+07,8.86499e+07,9.02522e+07,7.93005e+07
Smp-302090.1_148_H3N6F3,5.10896e+07,3.91691e+07,7.30337e+07,1.21914e+08,1.31047e+08,1.03054e+08
Smp-176350.1_1081_H9N2,3.25553e+07,3.43686e+07,7.61999e+06,1.16329e+08,9.45084e+07,1.1259e+08
Smp-011680.1_307_H5N5F2,0,2.57627e+07,7.00655e+07,2.43815e+08,2.65471e+08,1.25794e+08
Smp-011680.1_307_H5N4F2Pen1,3.21402e+09,1.56354e+09,5.6749e+09,2.261e+09,3.08936e+09,2.95237e+09
Smp-088950.1_508_H5N4,9.45828e+07,8.57411e+07,1.01271e+08,2.1948e+08,2.27176e+08,1.64799e+08
Smp-245490.1_838_H8N2,1.34679e+08,1.34447e+08,2.11447e+08,3.62604e+08,3.32253e+08,2.74885e+08
Smp-168240.1_135_H3N2F1,6.18047e+07,8.40706e+07,3.08144e+07,1.15449e+08,1.21754e+08,1.66008e+08
Smp-011680.1_307_H4N5F1Pen1,2.60449e+08,1.54165e+08,3.90072e+08,5.60663e+08,5.41483e+08,5.19007e+08
Smp-245490.1_838_H7N2,2.48312e+08,1.92022e+08,2.96635e+08,4.72366e+08,5.44974e+08,5.3302e+08
Smp-089670.1_1612_H4N3F2,9.01313e+07,9.2375e+07,8.47423e+07,1.94229e+08,2.12316e+08,2.09284e+08
Smp-168240.1_135_H2N2F1,2.35008e+07,0,1.02555e+08,1.16729e+08,1.18958e+08,1.5646e+08
Smp-170550.1_544_H9N2,1.38109e+08,1.13209e+08,1.0378e+08,3.42216e+08,3.48299e+08,3.28189e+08
Smp-302090.1_148_H4N3F2,1.54835e+08,3.4672e+08,3.5119e+08,2.19088e+08,2.86802e+08,2.11334e+08
Smp-089670.1_1612_H4N3F1,7.2455e+07,5.32261e+07,4.22593e+07,3.02385e+08,3.28359e+08,3.31553e+08
Smp-345440.1_1674_H9N2,3.1571e+07,7.17464e+06,0,3.59696e+07,2.46429e+07,3.31342e+07
Smp-170350.1_263_H7N2,1.6947e+07,1.0736e+07,1.27294e+07,1.00214e+08,7.99835e+07,7.58729e+07
Smp-345440.1_1674_H8N2,4.82359e+07,4.72945e+07,4.12288e+07,4.80073e+07,3.81228e+07,4.9681e+07
Smp-159780.1_69_H9N2,1.67647e+07,3.72617e+07,1.53338e+07,1.70542e+08,1.80882e+08,1.67743e+08
Smp-245490.1_838_H3N3F1,0,1.61233e+07,1.03781e+07,7.26684e+07,7.92801e+07,6.62887e+07
Smp-090080.1_134_H4N5F2,1.20616e+08,1.15443e+08,1.19522e+08,3.16202e+08,3.01038e+08,2.68847e+08
Smp-167240.1_401_H4N3F1,3.69918e+07,6.1555e+07,4.744e+07,9.38424e+07,8.80014e+07,7.34653e+07
Smp-168730.1_43_H10N2,2.24822e+07,2.32108e+07,4.71365e+07,4.15717e+08,5.01664e+08,5.64066e+08
Smp-194910.1_102_H8N2,2.65993e+08,5.92974e+08,7.54652e+08,1.11166e+09,1.20847e+09,8.66903e+08
Smp-194910.1_102_H5N4F4,0,0,0,5.04533e+07,9.34721e+07,5.4903e+07
Smp-168730.1_43_H8N2,9.90137e+07,1.49585e+08,1.51559e+08,6.34966e+08,7.36802e+08,6.99229e+08
Smp-090080.1_134_H8N2,4.93093e+07,8.26846e+07,5.68081e+07,1.84899e+08,1.5174e+08,1.83146e+08
Smp-194910.1_102_H4N3F3,0,0,0,3.67326e+08,4.86008e+08,4.70762e+08
Smp-090080.1_134_H5N4F1,4.15684e+08,3.59984e+08,3.01798e+08,8.47072e+08,8.8905e+08,8.24378e+08
Smp-090080.1_134_H3N4F2,1.38948e+08,1.05014e+08,1.30091e+08,4.46793e+08,4.49588e+08,4.44008e+08
Smp-090080.1_134_H5N4,3.12057e+08,3.22649e+08,2.47644e+08,6.36926e+08,7.79896e+08,7.34074e+08
Smp-020340.1_514_H2N2,1.06431e+07,2.66069e+06,1.07679e+07,4.56313e+07,4.06832e+07,3.07915e+07
Smp-090080.1_134_H4N5,1.12949e+08,2.41709e+08,2.7307e+08,3.71775e+08,3.83321e+08,4.17038e+08
Smp-345440.1_1674_H3N3,7.1865e+07,1.83199e+08,1.68682e+08,1.86891e+08,1.9657e+08,1.99586e+08
Smp-090080.1_134_H4N5F1,5.15901e+08,3.38893e+08,4.50819e+08,8.07874e+08,8.71335e+08,9.48982e+08
Smp-090080.1_134_H4N4F1,1.2393e+08,1.05548e+08,1.52401e+08,3.1098e+08,3.11265e+08,3.02497e+08
Smp-130520.1_241_H2N2F1,1.06825e+08,6.02338e+07,4.36583e+07,4.44361e+08,4.53099e+08,4.94474e+08
Smp-090080.1_134_H3N4F1,4.95691e+08,5.62963e+08,5.61482e+08,2.07499e+09,2.28849e+09,2.41027e+09
Smp-090080.1_134_H4N4,5.17789e+07,1.96178e+07,5.61423e+07,1.67802e+08,1.52764e+08,1.45735e+08
Smp-127740.1_502_H3N2F1,1.13158e+07,2.37496e+06,0,1.894e+07,3.63038e+07,2.40894e+07
Smp-127740.1_502_H3N2,4.64577e+07,1.78546e+08,4.0263e+07,9.28618e+07,8.27983e+07,9.40989e+07
Smp-090080.1_134_H4N3F1,2.56618e+08,1.79633e+08,2.24762e+08,7.34973e+08,6.88528e+08,7.17036e+08
Smp-345440.1_1674_H2N2,5.37766e+07,2.39724e+07,5.0152e+07,1.40895e+08,1.60202e+08,1.60711e+08
Smp-311780.1_347_H4N3F2,1.66993e+07,1.4395e+07,0,3.56845e+07,2.3765e+07,2.97257e+07
Smp-311780.1_347_H4N5F3,1.35311e+08,1.09862e+08,1.76955e+08,2.13173e+08,2.06682e+08,2.76763e+08
Smp-127740.1_220_H3N2,1.20211e+07,1.74547e+07,7.21343e+06,4.32911e+07,6.64142e+07,9.4289e+07
Smp-090080.1_134_H4N2,6.62582e+07,6.39992e+07,7.66222e+07,2.40313e+08,2.29842e+08,1.86008e+08
Smp-311780.1_347_H3N6F4,2.26676e+08,2.96703e+08,3.22093e+08,1.50862e+08,1.48219e+08,1.8315e+08
Smp-311780.1_347_H5N4F2,2.30624e+07,2.42908e+07,5.12857e+07,7.06207e+07,8.96414e+07,9.64011e+07
Smp-158600.1_587_H9N2,2.76469e+08,3.04285e+08,3.42868e+08,8.65652e+07,1.96065e+08,1.44833e+08
Smp-311780.1_347_H3N6F5,4.59742e+08,3.20851e+08,3.31808e+08,7.04287e+08,6.50765e+08,6.00028e+08
Smp-311780.1_347_H4N3F2Pen1,7.36788e+07,5.51198e+07,4.36836e+06,2.52692e+08,3.0956e+08,2.37006e+08
Smp-103930.1_509_H6N2,7.23346e+06,1.36481e+07,0,3.108e+07,2.60811e+07,1.6678e+07
Smp-170280.1_46_H4N3F1Pen1,1.14431e+08,1.36553e+08,9.80835e+07,6.19407e+07,6.77835e+07,5.12806e+07
Smp-310170.1_2078_H6N2,1.21298e+08,7.35072e+07,1.89896e+08,1.35282e+08,1.46118e+08,1.42092e+08
Smp-311780.1_347_H3N4F1,3.62204e+07,1.56644e+07,0,1.62543e+08,1.56358e+08,1.05777e+08
Smp-170280.1_46_H4N3F1,1.14622e+07,6.85796e+06,1.22352e+07,1.16246e+08,1.20343e+08,1.23292e+08
Smp-130520.1_349_H5N4F3,1.35092e+08,1.02369e+08,1.44498e+08,1.11765e+08,1.63024e+08,1.63557e+08
Smp-130520.1_349_H3N6F2,5.25873e+07,6.05215e+07,6.79532e+07,6.50085e+08,6.60797e+08,6.65055e+08
Smp-017610.1_377_H3N2F1,0,0,0,2.46878e+08,2.52347e+08,2.43376e+08
Smp-130520.1_349_H5N3F2,0,0,4.55759e+07,2.45537e+07,3.91943e+07,4.12925e+07
Smp-017610.1_377_H2N2F1,0,6.60031e+07,4.69466e+07,3.25201e+08,3.68056e+08,3.98331e+08
Smp-310170.1_5340_H9N2,2.54019e+08,4.74875e+07,3.1685e+08,3.73168e+07,6.15917e+07,4.70194e+07
Smp-346890.1_204_H6N2,2.97792e+07,1.62261e+07,2.35222e+07,1.2538e+07,1.45837e+07,1.66554e+07
Smp-130520.1_349_H3N6F1,1.17985e+08,5.49887e+07,1.24988e+08,2.34708e+08,2.63866e+08,2.89444e+08
Smp-194050.1_289_H4N4F1,1.12461e+08,1.33239e+08,1.3559e+08,1.53213e+09,1.67054e+09,1.99951e+09
Smp-147680.1_173_H7N2,6.9967e+07,1.80018e+08,4.29955e+08,7.5967e+07,1.03794e+08,1.15425e+08
Smp-130520.1_349_H4N4F1,8.68822e+07,8.70439e+07,1.23789e+08,6.99155e+08,6.96759e+08,6.53286e+08
Smp-132700.1_235_H3N2F1,3.14955e+08,4.48099e+08,4.81465e+08,2.96132e+08,3.03496e+08,3.36085e+08
Smp-130520.1_349_H3N6,1.14588e+08,8.28401e+07,1.29208e+08,2.28483e+08,3.18666e+08,2.96244e+08
Smp-130520.1_349_H4N4,1.21809e+09,9.09201e+08,8.34842e+08,2.18135e+09,2.30305e+09,2.30664e+09
Smp-341660.1_143_H3N4F3Pen1,1.05725e+09,1.15068e+09,8.40761e+08,6.76822e+08,8.78749e+08,1.00412e+09
Smp-341660.1_143_H3N4F3,1.04963e+08,2.01801e+07,2.42981e+07,1.10856e+08,1.36262e+08,1.14962e+08
Smp-212710.1_488_H4N3F1,6.98738e+07,3.28491e+07,8.75386e+07,2.78456e+08,3.13462e+08,2.78236e+08
Smp-341660.1_143_H4N3F2Pen1,1.1917e+08,8.16491e+07,9.15403e+07,4.98543e+08,5.6454e+08,6.40714e+08
Smp-341660.1_143_H3N4F2Pen1,9.57593e+08,8.64376e+08,9.32419e+08,2.66146e+08,2.75619e+08,2.85941e+08
Smp-341660.1_143_H3N6F1,0,9.36974e+06,2.33267e+07,2.12241e+08,1.91103e+08,1.40406e+08
Smp-130520.1_349_H3N3,3.6326e+07,4.62216e+07,4.86334e+07,8.52299e+07,9.45046e+07,8.61904e+07
Smp-310170.1_5340_H3N3F1,1.88246e+08,1.31854e+08,1.22444e+08,6.36429e+07,8.64085e+07,6.35997e+07
Smp-147680.1_173_H3N3F1,0,3.31146e+07,2.06002e+07,1.93085e+07,2.67644e+07,2.8275e+07
Smp-171680.1_1485_H3N2F1,1.69999e+08,7.69853e+08,1.0853e+08,8.57367e+07,1.15709e+08,1.4788e+08
Smp-134300.1_324_H9N2,5.90524e+06,8.6582e+07,6.70279e+07,2.90779e+08,3.24019e+08,3.40023e+08
Smp-341660.1_143_H3N4F1,0,1.102e+07,4.91229e+06,1.22068e+08,1.36462e+08,1.23113e+08
Smp-127710.1_261_H5N4F3,1.64015e+08,1.25842e+08,3.10385e+08,1.57683e+08,1.47588e+08,1.13945e+08
Smp-127710.1_261_H3N6F3,0,0,1.10227e+07,1.01501e+08,1.38281e+08,9.58198e+07
Smp-081900.1_69_H3N6F1,8.20508e+07,1.1316e+08,7.12484e+07,2.24154e+08,2.34139e+08,2.30977e+08
Smp-093930.1_76_H4N5F2,1.26624e+08,6.16094e+08,3.78679e+08,1.91279e+08,1.25864e+08,1.79883e+08
Smp-093930.1_76_H3N6F2,2.28716e+08,1.12021e+09,1.14781e+09,1.9795e+08,1.88774e+08,2.87294e+08
Smp-134050.1_611_H9N2,1.26589e+08,8.88591e+07,4.7724e+07,9.88664e+07,1.17202e+08,6.74908e+07
Smp-146720.1_102_H8N2,1.07608e+08,1.34021e+08,1.09106e+08,2.73106e+08,2.18446e+08,2.32413e+08
Smp-081900.1_69_H6N3F1,0,0,0,2.40101e+08,2.83664e+08,2.95064e+08
Smp-330220.1_66_H6N3F1,3.00563e+08,2.91321e+07,2.91319e+08,6.791e+07,9.52407e+07,9.83115e+07
Smp-042020.1_119_H3N6F3,0,1.20324e+08,7.41139e+07,8.66929e+08,9.48709e+08,8.08769e+08
Smp-042020.1_119_H4N5F2,2.53949e+08,2.52314e+07,6.76158e+07,5.78725e+07,1.07775e+08,8.43733e+07
Smp-042020.1_119_H3N6F2,2.44062e+08,6.76737e+08,3.28967e+08,5.73109e+08,6.03634e+08,5.74745e+08
Smp-153930.1_282_H10N2,0,0,0,9.95317e+08,1.1854e+09,1.17812e+09
Smp-134050.1_611_H3N4F2,1.1872e+08,1.20349e+08,1.73232e+08,1.8704e+08,1.87487e+08,1.62265e+08
Smp-042020.1_119_H5N4F2,1.47055e+09,1.38091e+09,1.45669e+09,4.6354e+08,4.41816e+08,3.10444e+08
Smp-336730.1_368_H2N2F1,3.06733e+06,0,0,8.85566e+07,9.80574e+07,1.1438e+08
Smp-347550.1_394_H4N2F1,1.37892e+07,2.22985e+07,1.8353e+07,1.49869e+08,1.34137e+08,1.1778e+08
Smp-089670.1_1691_H5N4F1,3.36901e+07,6.59224e+07,5.90827e+07,2.00324e+08,2.19707e+08,1.7574e+08
Smp-025830.1_184_H9N2,8.56617e+08,6.64017e+08,6.69724e+08,3.76927e+09,4.48052e+09,4.60587e+09
Smp-025830.1_184_H8N2,2.51078e+08,2.68293e+08,1.80446e+08,1.28391e+09,1.54684e+09,1.41117e+09
Smp-025830.1_184_H7N2,4.78234e+07,1.07905e+08,4.03596e+07,2.05092e+08,3.15233e+08,2.6198e+08
Smp-134050.1_463_H9N2,2.12287e+07,0,0,5.97229e+07,4.50986e+07,5.34948e+07
Smp-347550.1_394_H2N2F1,0,0,0,7.37976e+06,2.16864e+07,1.90364e+07
Smp-134050.1_463_H7N2,7.05966e+06,0,0,1.3465e+08,1.86581e+08,1.24191e+08
Smp-020550.1_251_H3N2F1,0,0,8.19153e+06,2.36931e+08,2.03762e+08,2.28284e+08
Smp-146720.1_1090_H9N2,2.05832e+08,1.8762e+08,0,7.45101e+08,7.88421e+08,5.67864e+08
Smp-020550.1_251_H2N2F1,2.93929e+07,8.22459e+07,3.10147e+07,1.01093e+08,9.21778e+07,9.39554e+07
Smp-310170.1_2368_H2N2,4.00769e+07,2.35132e+07,2.36071e+07,5.17351e+07,5.27792e+07,4.72829e+07
Smp-144110.1_344_H9N2,9.5077e+07,2.6123e+07,0,3.52165e+08,2.89814e+08,4.34854e+08
Smp-194050.1_289_H6N5F1,6.11449e+07,3.61815e+07,6.14284e+07,5.64454e+07,6.75358e+07,5.22758e+07
Smp-144110.1_344_H8N2,0,0,0,1.56289e+07,2.90224e+07,3.75127e+07
Smp-194050.1_289_H9N2,1.20675e+08,5.92705e+07,1.46129e+08,5.14897e+08,5.64787e+08,6.34171e+08
Smp-194050.1_289_H4N6F1,0,0,0,3.26175e+08,3.8658e+08,4.09757e+08
Smp-194050.1_289_H3N7F1,1.8165e+08,7.05319e+07,2.65223e+08,1.01049e+09,8.82201e+08,9.52238e+08
Smp-194050.1_289_H8N2,1.23576e+09,1.50909e+09,1.92269e+09,6.55693e+08,6.79113e+08,6.91305e+08
Smp-194050.1_289_H7N2,8.56529e+07,8.92821e+07,7.33703e+07,1.04462e+09,9.16313e+08,1.06287e+09
Smp-013370.1_195_H3N6F2,0,0,0,4.55534e+07,6.64096e+07,0
Smp-194050.1_289_H6N2,1.21153e+09,7.88854e+08,8.06265e+08,1.3572e+09,7.19615e+08,5.28084e+08
Smp-194050.1_289_H5N4F1,5.4293e+07,6.17138e+07,1.61807e+08,7.21962e+08,6.33738e+08,6.46523e+08
Smp-130520.1_567_H8N2,3.61056e+07,2.87562e+07,1.97307e+07,4.22367e+07,4.4877e+07,3.15938e+07
Smp-340310.1_122_H3N4F3,1.41685e+08,1.95118e+08,8.64808e+07,1.95287e+08,1.64013e+08,1.73132e+08
Smp-018550.1_193_H8N2,6.76321e+06,2.89993e+07,1.22434e+07,2.50504e+08,2.21536e+08,2.09181e+08
Smp-053900.1_83_H3N2F1Pen1,0,3.10941e+07,3.14708e+07,1.27981e+08,1.4589e+08,1.09768e+08
Smp-194050.1_289_H3N3F1,2.30516e+06,2.57391e+07,3.7225e+06,7.42867e+08,8.67764e+08,8.35931e+08
Smp-194050.1_289_H3N5,7.09038e+08,5.99637e+08,6.66695e+08,4.86343e+08,5.18977e+08,5.35506e+08
Smp-194050.1_289_H5N3,0,2.04438e+07,1.00063e+07,8.65833e+07,9.63873e+07,1.119e+08
Smp-194050.1_289_H4N4,1.55735e+08,1.68339e+08,4.93381e+07,1.16062e+08,1.32332e+08,1.93277e+08
Smp-194050.1_289_H4N3F1,1.15297e+07,0,4.2955e+06,1.37443e+09,1.21902e+09,1.10683e+09
Smp-132700.1_501_H3N2F1,1.4073e+08,8.53615e+07,1.4936e+07,2.52642e+08,2.9461e+08,3.02067e+08
Smp-194050.1_289_H5N2,5.00194e+07,4.91263e+07,2.73123e+07,3.61877e+08,4.54396e+08,3.75036e+08
Smp-130520.1_567_H5N4,1.33086e+08,1.36409e+08,0,2.42925e+08,2.46726e+08,3.34149e+08
Smp-088950.1_251_H5N2,5.76268e+06,7.93483e+06,8.46178e+06,1.58222e+07,2.34231e+07,2.19004e+07
Smp-194050.1_289_H3N4,1.14572e+08,9.06141e+07,0,4.44744e+08,4.3603e+08,3.6305e+08
Smp-093210.1_566_H3N2F1,3.02605e+07,2.78613e+07,0,2.64289e+08,2.77515e+08,3.16342e+08
Smp-242530.1_340_H3N2F1,1.53821e+07,2.56441e+07,9.18e+06,9.2034e+07,7.07929e+07,7.19691e+07
Smp-144840.1_196_H5N4,3.39465e+07,5.94256e+07,7.92809e+07,6.40189e+07,9.54351e+07,7.56193e+07
Smp-148900.1_184_H3N2F1,3.42588e+07,1.51205e+07,4.13463e+07,4.81178e+07,4.84497e+07,5.81786e+07
Smp-130520.1_567_H3N2,4.20221e+07,2.5584e+07,3.43802e+07,5.26941e+07,4.9843e+07,4.72969e+07
Smp-130520.1_567_H2N2,2.63027e+06,1.65684e+06,5.81283e+06,9.09854e+06,1.0483e+07,9.90662e+06
Smp-346890.1_307_H9N2,6.94921e+07,3.92811e+07,7.16215e+07,1.77702e+08,1.62935e+08,1.58178e+08
Smp-099440.1_59_H2N2F1,0,0,0,1.41464e+08,1.31035e+08,1.87758e+08
Smp-142970.1_92_H3N2F1,0,0,0,1.78621e+07,2.50854e+07,3.28408e+07
Smp-148790.1_1459_H9N2,6.53001e+08,4.81465e+08,5.02652e+08,7.89464e+08,7.71607e+08,7.62603e+08
Smp-148020.1_347_H8N2,1.70912e+08,2.07342e+08,1.90587e+08,2.49518e+08,2.46757e+08,2.15879e+08
Smp-142970.1_92_H2N2F1,8.72788e+06,3.87667e+06,1.86814e+09,3.10419e+07,3.89188e+07,3.73664e+07
Smp-245490.1_376_H4N3F2,1.22967e+08,1.79491e+08,2.0004e+08,3.37215e+08,3.44153e+08,2.96948e+08
Smp-089670.1_1808_H4N3F1,1.91646e+06,8.40963e+06,8.47899e+06,5.97408e+07,7.19288e+07,7.0513e+07
Smp-245490.1_376_H4N3F1,1.71446e+08,2.30674e+08,1.3999e+08,4.89554e+08,5.65036e+08,6.31573e+08
Smp-307840.1_448_H4N3F2,8.36101e+06,4.26083e+07,2.56838e+07,2.07151e+07,1.35667e+07,2.12002e+07
Smp-245490.1_376_H3N4F1,1.26038e+08,2.11671e+08,2.18229e+08,3.03269e+08,3.3119e+08,4.34972e+08
Smp-194050.1_349_H5N4F1,6.11293e+07,6.17578e+07,7.31034e+07,1.25592e+08,1.01099e+08,2.07729e+08
Smp-343630.1_484_H6N2,8.54947e+07,5.97649e+07,6.93348e+07,1.97247e+08,1.99376e+08,2.21545e+08
Smp-093930.1_562_H4N3F3,6.89295e+07,0,3.32372e+07,4.13985e+07,4.43756e+07,5.38425e+07
Smp-179660.1_528_H4N5F2,4.36289e+08,4.41265e+08,2.98541e+08,6.40789e+08,5.03116e+08,5.68194e+08
Smp-179660.1_528_H3N6F2,1.48406e+08,2.51514e+07,0,1.30035e+09,1.17482e+09,8.97458e+08
Smp-346890.1_307_H3N4F1,4.16126e+07,1.57421e+07,2.01324e+07,4.08878e+07,3.31433e+07,3.9856e+07
Smp-179660.1_528_H5N4F1Pen1,2.4149e+07,0,0,2.32898e+08,2.30345e+08,1.22679e+08
Smp-020550.1_486_H3N2,7.96649e+07,1.33053e+08,1.40886e+08,4.32172e+08,5.55506e+08,5.20753e+08
Smp-179660.1_528_H4N5F1Pen1,5.14929e+07,0,0,6.78569e+07,1.39343e+08,1.88448e+08
Smp-093930.1_562_H3N4F1,7.10605e+07,3.35547e+07,8.44159e+07,8.1776e+07,7.94762e+07,8.4452e+07
Smp-020550.1_486_H2N2F1,1.30662e+08,1.2083e+08,2.88084e+07,1.1081e+08,1.29391e+08,1.50051e+08
Smp-179660.1_528_H4N4F1Pen1,2.07987e+08,1.94178e+08,5.7809e+07,1.82762e+08,1.35371e+08,1.4872e+08
Smp-090080.1_152_H4N5F4,4.43056e+07,8.64378e+07,2.97763e+07,1.0735e+09,1.66353e+09,1.42572e+09
Smp-090080.1_152_H4N5F3,7.27469e+08,7.86872e+08,8.47059e+08,3.12263e+09,3.57214e+09,2.89621e+09
Smp-093930.1_562_H3N2F1,8.99517e+07,6.71186e+07,6.87354e+07,1.02706e+08,9.71619e+07,1.08624e+08
Smp-058140.1_128_H6N2F1,7.23608e+07,8.94965e+07,7.77164e+07,1.07169e+08,1.32336e+08,6.8035e+07
Smp-201950.1_119_H3N2F1,6.34721e+07,6.07517e+07,8.06803e+07,6.93825e+07,5.89956e+07,4.79954e+07
Smp-155420.1_741_H9N2,4.04434e+07,9.48771e+07,8.37142e+07,1.47125e+08,1.1305e+08,9.54331e+07
Smp-090080.1_152_H4N5F2,9.74109e+08,9.25735e+08,9.60026e+08,4.84829e+09,5.51085e+09,4.97871e+09
Smp-013040.1_212_H8N2,7.65374e+07,4.87585e+07,4.34909e+07,1.85568e+08,1.69517e+08,1.76767e+08
Smp-266770.1_347_H3N4F1,2.65488e+08,2.52668e+08,2.75018e+08,4.34436e+08,3.95952e+08,4.23197e+08
Smp-266770.1_347_H3N2F1,3.22212e+06,2.23857e+06,0,5.12141e+06,1.05842e+07,7.1753e+06
Smp-010820.1_159_H3N4F2,2.85569e+07,1.66744e+07,0,4.30333e+07,4.09903e+07,2.7746e+07
Smp-090080.1_152_H5N4F2,2.76525e+08,2.97643e+08,4.08652e+08,1.31301e+09,1.42853e+09,1.30867e+09
Smp-090080.1_152_H4N5F1,0,0,0,1.75209e+08,2.02329e+08,2.14058e+08
Smp-090080.1_152_H3N6F2,4.01044e+07,4.28543e+07,6.22911e+07,2.70637e+08,2.6008e+08,2.51437e+08
Smp-013040.1_212_H6N2,0,7.77759e+06,0,1.07154e+08,1.15629e+08,9.67273e+07
Smp-132320.1_815_H2N2F1,2.58553e+07,5.8493e+07,2.64405e+07,4.58701e+07,4.70437e+07,3.67936e+07
Smp-003340.1_560_H6N2F1,0,0,0,2.24478e+08,2.6809e+08,8.91087e+07
Smp-005230.1_205_H5N2F1,2.74064e+08,2.44449e+08,1.40416e+08,2.15861e+08,2.72968e+08,2.24985e+08
Smp-170280.1_748_H6N2,7.93579e+06,1.29114e+07,2.04124e+07,4.52633e+07,4.54556e+07,5.07928e+07
Smp-090080.1_152_H3N2F1,0,0,0,4.22213e+08,4.52529e+08,3.54649e+08
Smp-005230.1_205_H3N3,2.67727e+08,3.81516e+08,4.52167e+08,2.70678e+08,4.13203e+08,3.02804e+08
Smp-032250.1_293_H6N2F1,6.72851e+07,2.69432e+07,2.29364e+07,2.8042e+07,4.15622e+07,5.03644e+07
Smp-128810.1_247_H6N2,4.59392e+07,0,3.86632e+07,5.95368e+06,3.29447e+07,2.43419e+07
Smp-090080.1_152_H3N4F1Pen1,3.65008e+07,4.03163e+07,7.04124e+07,1.71139e+08,2.00506e+08,2.02358e+08
Smp-306910.1_620_H10N2,1.82814e+07,8.13467e+06,5.36279e+06,1.35262e+08,1.52738e+08,1.24669e+08
Smp-090080.1_152_H3N3F1,1.69969e+07,3.43764e+07,2.22672e+07,1.40168e+08,1.33854e+08,1.53043e+08
Smp-306910.1_620_H9N2,2.05707e+07,4.60666e+07,2.73415e+07,2.77646e+07,5.60026e+07,3.89957e+07
Smp-194050.1_349_H9N2,2.29497e+07,9.95288e+07,8.85107e+07,2.34439e+08,2.91536e+08,2.25466e+08
Smp-194050.1_349_H4N3F2,8.47074e+06,1.04823e+08,4.26067e+07,1.23209e+08,1.24092e+08,1.61601e+08
Smp-005230.1_225_H3N2F1,7.72077e+08,8.17871e+08,7.634e+08,9.39313e+08,7.54717e+08,1.19076e+09
Smp-336730.1_450_H3N2F1,2.35882e+07,2.35161e+07,0,1.22929e+08,1.56842e+08,1.33687e+08
Smp-194050.1_349_H4N3F1Pen1,0,0,0,2.7575e+07,2.38072e+07,5.67134e+06
Smp-194050.1_349_H3N4F2,1.39604e+08,1.34377e+08,1.57408e+08,2.0739e+08,2.88014e+08,2.74995e+08
Smp-345440.1_2154_H2N2F1,0,1.65257e+08,1.34123e+08,1.65427e+08,2.18281e+08,2.26749e+08
Smp-266770.1_85_H3N2F1,1.51666e+08,1.24816e+08,2.86433e+07,3.55962e+08,3.08082e+08,3.53417e+08
Smp-043390.1_520_H5N2,9.14187e+06,0,3.45306e+06,1.82496e+08,1.53824e+08,1.79822e+08
Smp-090080.1_152_H1N2F1,4.08336e+06,0,2.45917e+06,7.08738e+06,8.68594e+06,8.63408e+06
Smp-043390.1_520_H4N2,1.34763e+07,0,1.07744e+07,3.30443e+08,3.59692e+08,3.32945e+08
Smp-346970.1_414_H8N2,5.74299e+07,0,9.69418e+07,6.80771e+07,4.65979e+07,5.75749e+07
Smp-307880.1_67_H3N2F1,2.77915e+08,1.52817e+08,4.51178e+07,1.41449e+09,1.784e+09,1.47853e+09
Smp-043390.1_520_H3N2,0,0,0,4.4563e+07,5.55198e+07,5.86708e+07
Smp-017730.1_1474_H3N4F2,1.0833e+08,8.46043e+07,6.90297e+07,3.05271e+08,2.82002e+08,3.34319e+08
Smp-088950.1_109_H3N3F1,0,0,0,1.2209e+08,7.9177e+07,7.06396e+07
Smp-017730.1_918_H5N4F1,3.92408e+08,2.50586e+08,3.63687e+08,1.18021e+09,9.67031e+08,9.73939e+08
Smp-336330.1_160_H10N2,6.83407e+07,0,4.51157e+07,6.56945e+07,4.60868e+07,3.48536e+07
Smp-017730.1_918_H2N2F1,3.75594e+09,3.71386e+09,4.36869e+09,1.07359e+10,1.3377e+10,1.2004e+10
Smp-043390.1_795_H6N2,1.00983e+07,5.038e+06,5.4663e+06,2.11442e+07,1.35288e+07,1.6429e+07
Smp-030030.1_44_H6N2,4.62779e+07,4.23121e+07,3.91308e+07,4.50124e+07,6.52147e+07,6.45096e+07
Smp-142550.1_1601_H3N4F1,1.72584e+07,1.09791e+07,1.67069e+07,1.87854e+07,9.81924e+06,2.04001e+07
Smp-347550.1_1580_H3N2F1,1.19286e+07,0,1.01882e+07,4.53835e+07,5.66655e+07,3.79718e+07
Smp-142550.1_1601_H3N3F1,0,0,0,4.80297e+07,2.09491e+07,0
Smp-156630.1_743_H4N4,1.38039e+07,1.08328e+07,1.22769e+07,1.2676e+08,1.48816e+08,1.22707e+08
Smp-348320.1_51_H7N2,1.76454e+07,1.60855e+07,0,3.55355e+07,2.49229e+07,4.28788e+07
Smp-089670.1_1107_H9N2,0,1.37629e+08,2.47588e+07,3.76916e+08,2.67457e+08,3.54744e+08
Smp-156630.1_743_H3N4,8.13635e+07,7.58691e+07,6.87853e+07,1.76038e+08,1.97259e+08,1.75086e+08
Smp-302090.1_432_H7N2,7.49077e+07,4.9003e+07,3.77383e+07,8.44173e+07,6.56496e+07,6.86132e+07
Smp-348320.1_51_H6N2,2.35569e+07,0,2.38006e+06,2.33386e+08,2.951e+08,2.9576e+08
Smp-056990.1_325_H7N2,1.69216e+08,9.7819e+07,1.00057e+08,1.08833e+09,7.37959e+08,9.8324e+08
Smp-056990.1_325_H6N3,1.49063e+07,8.88762e+06,1.23146e+07,5.97374e+08,6.48131e+08,5.12793e+08
Smp-056990.1_325_H5N4,0,0,0,5.70263e+08,3.30532e+08,4.44432e+08
Smp-056990.1_325_H6N2,5.07868e+06,1.95801e+07,2.72292e+07,1.1062e+09,1.26009e+09,1.13044e+09
Smp-056990.1_325_H5N3,0,0,0,3.10956e+07,3.45792e+07,4.79078e+07
Smp-179660.1_40_H5N4F2,2.94294e+07,0,1.53008e+07,3.30709e+07,1.49227e+07,1.84314e+07
Smp-179660.1_40_H3N6F2,0,0,0,5.39322e+07,1.69195e+08,1.22006e+08
Smp-056990.1_325_H5N2,0,0,0,4.87822e+08,6.47247e+08,5.02478e+08
Smp-126540.1_100_H9N2,531092,2.31985e+06,1.85079e+07,2.17472e+07,2.72893e+07,1.93162e+07
Smp-056990.1_325_H6N3F1,0,0,0,4.00433e+08,4.11171e+08,3.31561e+08
Smp-056990.1_325_H5N3F1,4.65641e+07,5.48331e+08,6.1185e+08,6.63029e+08,5.82542e+08,5.59319e+08
Smp-126540.1_100_H4N3,0,0,0,1.47939e+07,9.99566e+06,8.19591e+06
Smp-090080.1_325_H4N5F2,8.11865e+07,1.44715e+08,1.37021e+08,6.01794e+09,6.1914e+09,5.49291e+09
Smp-126540.1_100_H3N2,0,0,99531.2,8.04975e+07,7.26926e+07,9.96274e+07
Smp-089670.1_1707_H4N3F1,4.20194e+07,2.49643e+07,4.89257e+07,1.58632e+08,1.82674e+08,1.57659e+08
Smp-090080.1_325_H4N4F1,0,0,0,3.9238e+09,4.04107e+09,4.11769e+09
Smp-090080.1_325_H5N3F1,1.4068e+07,205832,9.1233e+06,2.36789e+09,2.2112e+09,2.16395e+09
Smp-174490.1_140_H3N2,1.7822e+07,1.89801e+07,1.72139e+07,1.36341e+08,1.54013e+08,1.19984e+08
Smp-182620.1_366_H7N2,4.19852e+07,2.15146e+07,3.03313e+07,7.13855e+07,9.13476e+07,8.94721e+07
Smp-163810.1_781_H7N2,4.59601e+07,4.21296e+07,2.31017e+07,6.06843e+07,3.23897e+07,2.75419e+07
Smp-158600.1_580_H9N2,2.71589e+07,3.62922e+07,1.993e+07,1.70714e+08,1.90521e+08,1.15253e+08
Smp-182620.1_366_H6N2,0,0,0,5.94852e+06,7.00549e+06,9.70582e+06
Smp-163810.1_781_H6N2,2.5829e+06,1.25288e+07,7.76035e+06,6.45e+07,6.66834e+07,5.19403e+07
Smp-162770.1_259_H6N5F1,2.4557e+08,2.88064e+08,1.34681e+08,1.64019e+08,1.8137e+08,2.59008e+08
Smp-144840.1_171_H3N5F2,2.94457e+07,0,0,3.99281e+07,4.04665e+07,2.53019e+07
Smp-144840.1_171_H4N4F2,4.33499e+07,4.33333e+07,9.43011e+07,2.54719e+07,4.38629e+07,2.22537e+07
Smp-025830.1_45_H3N4F3,2.43766e+08,3.08628e+08,1.20949e+08,3.829e+08,3.22957e+08,3.26925e+08
Smp-090080.1_325_H4N7F2,0,0,0,7.79434e+08,7.8857e+08,7.46735e+08
Smp-025830.1_45_H3N4F2Pen1,4.74667e+07,7.30017e+07,1.39747e+08,2.53988e+08,3.83379e+08,4.49293e+08
Smp-025830.1_45_H4N3F2,1.40293e+08,1.27597e+08,0,8.75165e+08,1.04032e+09,9.10119e+08
Smp-025830.1_45_H9N2,4.14747e+07,4.40821e+07,4.53865e+07,2.96785e+07,4.77536e+07,6.44185e+07
Smp-025830.1_45_H4N3F1Pen1,0,0,6.90453e+06,1.96079e+08,1.40792e+08,1.7655e+08
Smp-144840.1_171_H3N3F2Pen1,0,0,0,4.61914e+07,2.03853e+07,2.44883e+07
Smp-090080.1_325_H5N6F2,0,0,1.03175e+07,1.47125e+09,1.547e+09,1.68966e+09
Smp-090080.1_325_H4N7F1,1.69802e+08,0,0,2.07417e+09,2.21329e+09,2.39229e+09
Smp-090080.1_325_H6N5F2,0,0,0,2.04277e+08,3.04859e+08,2.67246e+08
Smp-090080.1_325_H3N6F2,0,0,0,3.46119e+09,3.67124e+09,2.99509e+09
Smp-090080.1_325_H5N4F2,1.07485e+09,1.29425e+09,7.60993e+08,2.2902e+09,2.24739e+09,2.20299e+09
Smp-090080.1_325_H5N5F1,0,0,0,3.41867e+08,5.06613e+08,4.20585e+08
Smp-090080.1_325_H5N4F1Pen1,2.11636e+07,8.78246e+07,1.62542e+07,9.46086e+08,7.4175e+08,9.04336e+08
Smp-090080.1_325_H5N5F2,6.04013e+08,4.66934e+08,0,2.20845e+08,2.67385e+08,2.35077e+08
Smp-090080.1_325_H5N5,0,8.17059e+06,0,4.58735e+08,4.69774e+08,5.11223e+08
Smp-090080.1_325_H4N3,3.10394e+07,2.87622e+07,1.86815e+07,3.9404e+09,3.7336e+09,3.95031e+09
Smp-348320.1_51_H5N3F1,7.12862e+07,1.35252e+08,8.15933e+07,2.96657e+08,3.83105e+08,2.74812e+08
Smp-025830.1_45_H3N2F1Pen1,2.50716e+07,2.17408e+07,4.02693e+06,4.66714e+08,5.99105e+08,8.45802e+08
Smp-090080.1_325_H6N3F1,2.72177e+07,0,4.57969e+06,2.1205e+09,2.15205e+09,1.81729e+09
Smp-090080.1_325_H6N4,0,0,0,3.56807e+08,4.03007e+08,3.79785e+08
Smp-090080.1_325_H8N2F1,0,0,0,1.74185e+08,1.87623e+08,1.66792e+08
Smp-090080.1_325_H6N3,3.07253e+07,2.19969e+07,5.2983e+06,2.00273e+09,2.08944e+09,2.02045e+09
Smp-144840.1_171_H3N2F1,1.55524e+06,1.98763e+06,2.85957e+06,2.34504e+08,1.96709e+08,1.56244e+08
Smp-348320.1_51_H5N2,6.67996e+06,0,2.39016e+06,1.41593e+08,1.67582e+08,1.19934e+08
Smp-090080.1_325_H3N4F2,1.56225e+07,0,0,9.22111e+08,9.16484e+08,8.55233e+08
Smp-090080.1_325_H4N4,7.29191e+08,6.04092e+08,3.8553e+08,1.40835e+09,1.44309e+09,1.55557e+09
Smp-090080.1_325_H4N3F1Pen1,0,0,0,6.16605e+07,5.57238e+07,6.98124e+07
Smp-144840.1_267_H3N4F1,135957,0,140878,3.04881e+07,2.82731e+07,2.39592e+07
Smp-090080.1_325_H3N4F1Pen1,5.29382e+07,5.12391e+07,4.7749e+07,1.12107e+08,1.58409e+08,1.11865e+08
Smp-160820.1_260_H7N2,3.85159e+07,3.9543e+07,4.06729e+07,2.29276e+07,3.04161e+07,7.92226e+06
Smp-010820.1_50_H6N2,1.23998e+07,7.4594e+06,4.75852e+07,2.46407e+08,2.76125e+08,3.24675e+08
Smp-053900.1_370_H7N2,4.33793e+06,174371,0,3.87021e+07,6.61956e+07,7.81257e+07
Smp-133700.1_305_H5N2,0,0,0,9.47113e+07,1.16906e+08,8.62816e+07
Smp-133700.1_305_H4N2,1.65618e+07,1.48969e+07,1.00574e+07,2.06495e+07,2.66525e+07,1.75723e+07
Smp-133700.1_1519_H8N2,0,0,3.06013e+06,1.12175e+08,1.50176e+08,1.42524e+08
Smp-133700.1_1519_H7N2,0,0,0,7.20143e+07,8.50145e+07,1.14658e+08
Smp-089670.1_882_H4N3F1,3.79783e+07,1.40148e+07,3.91108e+07,6.65133e+07,7.71391e+07,4.54519e+07
Smp-180810.1_705_H9N2,0,0,0,5.03376e+07,5.69955e+07,6.08781e+07
Smp-090080.1_249_H3N3,4.37553e+07,5.07803e+07,4.99259e+07,1.95161e+08,2.06247e+08,2.39831e+08
Smp-333520.1_666_H3N2F1,9.11857e+07,4.47668e+06,3.32564e+06,3.7023e+07,3.49494e+07,3.34497e+07
Smp-345440.1_1760_H2N2F1,2.49269e+07,3.03193e+07,2.64638e+07,4.84792e+07,4.734e+07,3.94258e+07
Smp-127710.1_87_H5N4F3,3.56542e+07,4.97645e+07,4.56245e+07,1.49634e+08,2.3887e+08,1.85158e+08
Smp-329090.1_162_H3N2F1,1.43351e+07,1.50843e+07,1.68829e+07,3.81735e+07,3.77384e+07,2.68389e+07
Smp-308820.1_484_H3N2F1,1.0679e+07,1.12777e+07,2.01621e+07,4.46541e+07,0,3.66655e+07
Smp-180810.1_705_H4N3F1,0,1.9306e+07,8.8967e+06,8.42124e+07,3.02296e+07,1.03707e+08
Smp-143730.1_668_H3N2F1,6.50106e+07,7.17207e+07,7.3139e+07,5.15824e+07,5.61209e+07,4.91445e+07
Smp-000260.1_57_H9N2,2.07057e+07,4.18573e+07,7.7677e+07,9.42058e+07,1.02922e+08,1.34401e+08
Smp-130520.1_205_H4N5F3,3.96248e+07,1.49329e+07,2.06944e+07,1.00624e+08,1.05348e+08,1.11219e+08
Smp-179660.1_770_H3N2F1,1.57811e+07,1.41831e+07,5.90834e+06,1.14523e+07,1.10227e+07,1.86825e+07
Smp-104890.1_36_H3N2F1,7.50086e+06,6.8127e+06,7.3036e+06,3.26211e+07,7.57459e+07,6.46121e+07
Smp-342880.1_255_H3N2F1,1.80573e+07,2.71366e+07,1.71639e+07,9.94521e+07,7.75507e+07,7.78695e+07
Smp-025830.1_194_H4N5F2Pen1,4.87623e+06,4.44081e+06,5.84836e+06,2.60831e+08,2.43056e+08,2.03791e+08
Smp-089700.1_549_H6N2,0,0,0,2.12661e+07,0,0
Smp-128870.1_384_H5N2,3.99382e+07,3.83309e+07,4.99928e+07,9.83116e+07,9.70438e+07,1.85406e+08
Smp-343680.1_1282_H2N2F1,7.6499e+06,1.47021e+07,5.13862e+06,4.75445e+07,4.66374e+07,2.24102e+07
Smp-135040.1_970_H3N2F1,2.07746e+06,0,0,1.2277e+07,8.16734e+06,0
Smp-040360.1_201_H3N5,4.7308e+06,5.47289e+06,7.46885e+06,2.58032e+07,1.44275e+07,7.86871e+06
Smp-170280.1_227_H4N3F2Pen1,4.50178e+06,3.00283e+06,7.98323e+06,3.75248e+07,1.79691e+07,3.14046e+07
Smp-047460.1_586_H3N2F1,4.46025e+07,1.53279e+07,5.70084e+07,9.17197e+07,1.47653e+08,1.06586e+08
Smp-123670.1_193_H3N6F3,3.04572e+07,0,2.11561e+07,4.70369e+07,0,5.25589e+07
Smp-073400.1_169_H3N6F1,6.47727e+07,6.7905e+07,7.85784e+07,1.46782e+08,2.72933e+08,2.49826e+08
Smp-089670.1_1585_H4N3F1Pen1,1.92347e+07,9.26801e+06,1.46018e+07,7.79025e+07,4.95258e+07,1.22484e+08
Smp-168730.1_74_H5N2,3.82927e+07,2.44969e+07,4.90076e+07,3.44481e+08,3.65769e+08,3.29505e+08
Smp-194050.1_273_H2N2,2.95132e+06,2.41411e+06,6.35018e+06,1.32183e+07,1.13153e+07,8.93549e+06
Smp-343650.1_2320_H4N3F1,1.68292e+07,9.00855e+06,1.35546e+07,3.96671e+07,4.17798e+07,2.09349e+07
Smp-180620.1_44_H5N5F3,5.75452e+07,4.3534e+07,6.17023e+07,1.59302e+08,1.53922e+08,1.59335e+08
Smp-170280.1_83_H3N2F1,5.00618e+07,7.93597e+07,1.05312e+08,1.51881e+08,1.31863e+08,1.14026e+08
Smp-343650.1_2320_H2N2F1,126846,1.55019e+06,1.0853e+07,8.76625e+07,4.54301e+07,1.19489e+08
Smp-194050.1_273_H5N6F1,6.92362e+07,5.14758e+07,4.14151e+07,5.46057e+07,4.32103e+07,5.86933e+07
Smp-180620.1_44_H6N2F1,0,5.54776e+06,7.22129e+06,2.42278e+07,8.83094e+06,2.31167e+07
Smp-156630.1_706_H4N4F1,5.1671e+06,5.20002e+06,3.0407e+06,7.14925e+07,8.43449e+07,4.62207e+07
Smp-123670.1_39_H4N5F3,5.68457e+07,1.0864e+07,4.47721e+07,1.35303e+08,8.27017e+07,7.34505e+07
Smp-000755.1_547_H8N2,4.94305e+06,0,1.40882e+07,2.30741e+07,2.29609e+07,2.91406e+07
Smp-123670.1_39_H5N4F2Pen1,2.63534e+07,1.82151e+07,2.31073e+07,3.52507e+07,5.92061e+07,5.71993e+07
Smp-000755.1_547_H7N2,8.33507e+07,1.73042e+08,1.07394e+08,8.94883e+07,1.12505e+08,8.98627e+07
Smp-213990.1_16_H4N3F1,5.90122e+06,4.34467e+06,3.49698e+06,4.01593e+07,4.00501e+07,6.33707e+07
Smp-180620.1_44_H3N2F1,1.51722e+07,1.23223e+07,2.51401e+07,2.9354e+08,2.73883e+08,2.66206e+08
Smp-073400.1_83_H6N4F2,2.18414e+07,1.71923e+07,2.24051e+07,5.61033e+07,6.18901e+07,7.67516e+07
Smp-123670.1_39_H4N3F1,8.63793e+06,2.38739e+07,2.05394e+07,3.82499e+07,4.05144e+07,7.83294e+07
Smp-331290.1_54_H5N3F1,3.46408e+07,2.92491e+07,2.23956e+07,1.00974e+08,1.0806e+08,9.84177e+07
Smp-000755.1_547_H4N4F3,6.30717e+06,1.67184e+07,1.69802e+07,5.93508e+07,6.30045e+07,5.18318e+07
Smp-343540.1_1738_H3N2F1,2.61637e+07,6.16126e+07,5.09504e+07,5.25412e+07,5.78503e+07,5.0148e+07
Smp-170350.1_298_H6N2,4.45889e+07,4.47557e+07,5.24461e+07,9.52606e+07,1.10229e+08,8.91701e+07
Smp-170350.1_298_H5N2,1.14307e+07,1.07783e+07,6.85194e+06,2.67315e+07,2.49493e+07,2.40031e+07
Smp-072190.1_115_H7N2,0,1.88845e+07,1.3218e+07,6.09687e+07,5.76295e+07,6.20906e+07
Smp-345440.1_2882_H2N2F1,2.32762e+07,2.63753e+07,2.00726e+07,5.95394e+07,1.98531e+07,7.66445e+07
Smp-172070.1_125_H3N2F1,5.89237e+07,4.61221e+07,4.6214e+07,8.60865e+07,8.62998e+07,1.26898e+08
Smp-310880.1_70_H5N4F3,6.17854e+07,7.09773e+07,6.44456e+07,1.02571e+08,7.40376e+07,9.11162e+07
Smp-267090.1_933_H2N2F1,1.20731e+08,4.11352e+08,4.19094e+08,2.23051e+08,2.02174e+08,1.96265e+08
Smp-267090.1_945_H5N4F2,9.09775e+07,1.25704e+08,1.11582e+08,4.23817e+08,4.48926e+08,4.56205e+08
Smp-267090.1_945_H3N2F1,2.32855e+07,1.20639e+08,2.97882e+07,7.71304e+07,8.55175e+07,2.2079e+08
Smp-153930.1_86_H9N2,1.36776e+08,7.33426e+07,1.72018e+08,8.9466e+07,7.65154e+07,8.0116e+07
Smp-332540.1_129_H2N2,6.9675e+06,0,0,8.68978e+06,1.66634e+06,5.15803e+06
Smp-170280.1_141_H8N2,4.45277e+07,4.20394e+07,4.50155e+07,1.02288e+08,9.32006e+07,1.15819e+08
Smp-041460.1_175_H4N4F4,3.17299e+07,8.01937e+06,9.08788e+06,5.9775e+07,5.52718e+07,5.532e+07
Smp-072190.1_115_H3N6F1,2.30186e+08,2.51828e+08,2.7528e+08,7.96394e+08,6.73871e+08,6.92458e+08
Smp-303320.1_116_H7N4F3,3.10071e+08,4.19785e+08,4.11671e+08,6.67594e+07,8.56103e+07,9.15107e+07
Smp-146840.1_386_H3N2F1,1.37793e+07,2.3709e+07,0,3.85375e+07,4.23865e+07,3.93863e+07
Smp-173550.1_233_H3N6F4,2.31775e+06,0,0,1.67599e+07,2.33929e+07,1.86704e+07
Smp-146840.1_386_H2N2F1,1.48279e+07,1.02899e+08,4.46891e+07,6.44674e+07,5.44193e+07,6.96153e+07
Smp-001100.1_688_H3N2F1,4.19945e+07,4.3538e+07,7.4253e+07,1.74843e+08,2.0205e+08,1.44956e+08
Smp-303320.1_116_H3N6F2,0,0,7.16448e+06,2.24296e+08,1.98014e+08,2.27025e+08
Smp-005210.1_225_H9N2,8.20647e+07,7.50397e+07,6.51105e+07,1.10279e+08,1.11034e+08,1.16232e+08
Smp-024660.1_680_H2N2F1,0,0,0,3.42589e+07,1.88477e+07,1.50381e+07
Smp-245815.1_1001_H3N8F1,2.32461e+07,4.8047e+07,3.575e+07,9.6285e+07,8.52315e+07,6.12479e+07
Smp-156630.1_516_H3N5F1,7.42554e+07,7.38906e+07,5.58502e+07,4.53573e+07,4.50135e+07,3.11373e+07
Smp-348070.1_81_H3N6F2,0,0,0,5.14687e+07,4.52595e+07,3.73036e+07
Smp-146720.1_1949_H10N2,1.73733e+07,2.30609e+07,7.5502e+06,4.23763e+07,4.29441e+07,2.64226e+07
Smp-331290.1_40_H5N5F1,1.46017e+07,1.23214e+07,1.18749e+07,4.08362e+07,3.41376e+07,4.93494e+07
Smp-005720.1_147_H3N7F1,1.15975e+07,1.22037e+07,7.45103e+06,2.22791e+07,2.14024e+07,5.67613e+07
Smp-331290.1_40_H3N4F2,3.8753e+07,3.93629e+07,2.90911e+07,8.86948e+07,7.9779e+07,6.71211e+07
Smp-145210.1_225_H3N2F1,0,0,3.55402e+06,3.42434e+07,1.46284e+07,2.55384e+07
Smp-198020.1_101_H2N2F1,7.62858e+08,9.05818e+08,1.27858e+09,3.50589e+09,2.78414e+09,2.24942e+09
Smp-005720.1_147_H3N5F1,0,0,0,4.35533e+07,3.234e+07,3.47305e+07
Smp-170280.1_1166_H3N6F2,9.45096e+06,9.37062e+06,3.02232e+07,3.36713e+07,2.35602e+07,4.68426e+07
Smp-127620.1_1178_H1N2F1,2.87163e+07,4.7141e+07,6.11695e+07,1.1011e+08,1.39034e+08,5.93094e+07
Smp-308820.1_783_H4N3F2Pen1,4.93041e+07,9.72188e+07,2.13404e+08,1.29024e+08,1.27831e+08,1.12008e+08
Smp-068280.1_284_H6N2,5.27639e+06,2.87837e+06,5.35614e+06,1.16747e+07,5.17352e+06,0
Smp-342970.1_117_H2N2F1,1.60871e+07,2.55711e+07,2.7543e+07,8.61718e+07,1.06726e+08,8.79283e+07
Smp-067060.1_183_H3N7F1,0,6.88701e+07,1.05468e+07,3.22452e+07,1.11416e+07,1.90949e+07
Smp-154760.1_314_H4N3F1,4.15781e+07,2.6449e+07,6.38787e+07,9.26143e+07,8.1544e+07,6.89626e+07
Smp-140800.1_824_H3N2F1,1.63929e+07,1.46121e+07,1.78584e+07,2.78962e+07,2.88893e+07,2.5748e+07
Smp-176350.1_255_H3N6F1,6.34854e+07,2.75261e+07,1.39213e+08,6.73301e+07,8.26595e+07,6.13369e+07
Smp-247190.1_214_H3N6F3,2.19736e+07,4.07613e+08,2.4367e+08,1.80258e+08,1.97949e+08,1.75008e+08
Smp-172180.1_39_H5N5F1,1.73407e+07,3.00056e+07,1.46751e+07,3.37203e+07,3.18223e+07,2.73327e+07
Smp-017730.1_1118_H5N4,7.88108e+07,8.76394e+07,7.71361e+07,2.33511e+08,2.33755e+08,2.29723e+08
Smp-247190.1_214_H3N4F3,2.60649e+07,2.53828e+07,2.00025e+07,3.87231e+07,2.16235e+07,4.20239e+07
Smp-062560.1_462_H3N2F1,1.68051e+07,0,0,2.40686e+08,1.8447e+08,1.89939e+08
Smp-043390.1_453_H2N2F1,2.38168e+07,1.25491e+07,2.65098e+07,3.07253e+07,3.82022e+07,5.39257e+07
Smp-156630.1_122_H5N4F2,1.39485e+07,0,0,2.73468e+07,2.67951e+07,2.81269e+07
Smp-242530.1_58_H4N5F3,2.01265e+07,2.58171e+07,1.0613e+07,4.86271e+07,0,0
Smp-130520.1_719_H5N4F2,1.48524e+07,1.16137e+07,2.09716e+07,4.4879e+07,5.7766e+07,4.36408e+07
Smp-242530.1_58_H3N6F3,0,0,0,7.27494e+07,7.19949e+07,1.26563e+08
Smp-179660.1_362_H3N6F3,2.64612e+07,4.36116e+07,2.4182e+07,1.05501e+09,7.40585e+08,6.46099e+08
Smp-089670.1_1182_H6N5F1,8.26264e+06,6.18238e+07,1.01169e+08,3.93205e+07,3.66656e+07,4.80503e+07
Smp-080100.1_50_H3N2F1,2.56676e+07,2.10124e+07,4.38959e+07,1.16178e+08,1.01379e+08,4.65059e+07
Smp-089670.1_147_H8N2,0,0,0,4.91073e+07,5.36067e+07,1.32643e+07
Smp-089670.1_1182_H4N5F2,2.16186e+07,4.677e+07,5.40839e+07,3.8421e+07,4.01259e+07,4.57044e+07
Smp-157070.1_241_H8N2,5.14132e+07,5.0803e+07,5.54454e+07,3.86373e+07,4.13072e+07,3.26527e+07
Smp-089670.1_147_H4N3F3,6.73857e+06,2.48192e+07,1.7411e+07,3.6161e+07,5.19249e+07,4.91219e+07
Smp-089670.1_147_H3N4F3,3.84182e+07,5.68827e+07,8.21482e+07,3.73214e+07,4.19353e+07,3.67463e+07
Smp-337390.1_218_H9N2,0,0,0,3.95611e+07,2.84043e+07,3.78913e+07
Smp-089670.1_1182_H5N4F1Pen1,7.96954e+07,6.17795e+07,4.59755e+07,5.03346e+07,5.54719e+07,6.80494e+07
Smp-156630.1_696_H6N3F2,6.20862e+07,3.4574e+07,4.02278e+07,9.32685e+07,9.67015e+07,7.95297e+07
Smp-089670.1_1182_H4N3F1,1.8906e+07,1.26354e+07,3.71138e+07,1.72424e+08,1.72843e+08,1.88235e+08
Smp-014570.1_93_H6N2,3.88476e+07,4.43313e+07,2.57921e+07,4.01115e+07,2.24948e+07,2.76379e+07
Smp-053430.1_55_H9N2,4.61027e+07,3.82394e+07,3.07591e+07,7.52897e+07,7.89688e+07,1.02241e+08
Smp-242530.1_470_H5N4F3,1.53523e+07,2.72749e+07,1.19322e+07,8.86214e+07,1.14397e+08,9.63173e+07
Smp-145300.1_242_H9N2,0,3.48082e+07,0,4.27898e+07,2.98047e+07,4.22859e+07
Smp-131580.1_88_H3N4F2,5.16958e+07,5.55637e+07,4.10626e+07,8.61764e+07,1.18571e+08,1.17769e+08
Smp-017730.1_227_H3N3,6.79457e+06,4.19225e+06,5.56046e+06,1.14972e+07,1.90903e+07,1.77594e+07
Smp-041550.1_72_H3N4F2,3.74526e+08,3.78498e+08,2.39376e+08,5.44638e+08,4.43716e+08,4.43533e+08
Smp-329010.1_97_H8N2,8.52592e+07,8.38448e+07,6.88253e+07,1.5098e+08,2.17286e+08,1.67347e+08
Smp-346610.1_322_H4N3F2,0,0,0,2.93526e+07,3.7919e+07,1.68227e+07
Smp-245815.1_632_H6N2,5.3686e+07,4.17814e+07,1.58535e+07,4.25852e+07,4.50641e+07,4.35287e+07
Smp-346610.1_322_H4N3F1,0,0,0,2.37777e+07,2.23849e+07,1.97998e+07
Smp-310170.1_4688_H3N2F1,9.43578e+06,8.35171e+06,8.43656e+06,2.34098e+07,2.17317e+07,2.55081e+07
Smp-342000.1_336_H10N2,1.14077e+07,3.85077e+07,3.94667e+07,2.31848e+07,3.38043e+07,2.7656e+07
Smp-153390.1_166_H9N2,3.97742e+07,3.09473e+08,6.00767e+06,1.0458e+08,1.112e+08,6.14234e+07
Smp-006060.1_168_H9N2,3.9363e+07,2.07641e+07,9.74016e+06,7.21057e+07,7.19892e+07,5.92867e+07
Smp-170280.1_822_H5N4F2,1.91605e+07,2.14799e+07,1.64426e+07,5.23689e+07,5.72256e+07,4.16814e+07
Smp-153390.1_166_H5N4F2,1.349e+07,3.94714e+07,3.50351e+07,1.57389e+08,1.7001e+08,1.15796e+08
Smp-313560.1_398_H4N3F1,2.97246e+07,1.80128e+07,2.05484e+07,8.44166e+07,9.25773e+07,6.90678e+07
Smp-170280.1_822_H4N4F2Pen1,2.50378e+07,1.41508e+07,2.40755e+07,3.78348e+07,3.2941e+07,3.28228e+07
Smp-089670.1_1182_H5N4F2,2.3021e+07,5.52223e+06,8.44521e+06,2.31877e+07,4.23464e+07,1.95708e+07
Smp-145420.1_688_H3N6F2,3.30322e+07,2.53721e+07,2.15862e+07,2.06509e+07,3.93926e+07,3.22708e+07
Smp-307840.1_480_H4N3F1,9.31745e+06,1.84715e+07,1.91802e+07,2.66706e+07,2.88375e+07,1.57634e+07
Smp-153390.1_166_H3N4F2,3.38674e+07,0,0,1.09536e+08,5.00289e+07,1.0526e+08
Smp-153390.1_166_H4N5F1,0,0,0,9.05194e+07,6.13606e+07,7.87491e+07
Smp-154760.1_479_H3N2F1,9.39464e+06,1.81451e+06,1.21319e+07,3.01992e+07,2.72455e+07,2.55522e+07
Smp-092950.1_842_H9N2,5.57787e+07,4.07831e+07,5.22907e+07,1.36622e+08,1.19336e+08,8.15729e+07
Smp-212900.1_733_H9N2,4.57267e+07,4.20516e+07,4.13149e+07,4.86841e+07,7.9809e+07,8.52862e+07
Smp-006060.1_168_H3N6F3,8.52118e+07,6.30219e+07,7.36448e+07,1.11677e+08,1.04521e+08,8.70515e+07
Smp-308820.1_1378_H4N3F2,0,0,0,3.95014e+07,2.16913e+07,1.42263e+07
Smp-194980.1_117_H6N3,1.7867e+08,1.7838e+08,2.31391e+07,3.06596e+07,3.33867e+07,4.41901e+07
Smp-156540.1_128_H10N2,5.76093e+07,5.75278e+06,0,2.33242e+08,1.47829e+08,1.37131e+08
Smp-343630.1_775_H3N4F3,0,9.93627e+06,3.13788e+07,2.81328e+07,2.70006e+07,4.28936e+07
Smp-090080.1_249_H5N6F2,3.32925e+07,3.25158e+07,3.0334e+07,2.55406e+08,2.81522e+08,2.92335e+08
Smp-343650.1_385_H7N2,1.60107e+07,2.85866e+06,1.92979e+07,1.32506e+07,2.4394e+07,2.3555e+07
Smp-306910.1_1046_H5N4F1,1.48916e+08,1.28473e+08,1.43746e+08,4.5197e+08,3.42602e+08,4.50846e+08
Smp-306910.1_1046_H5N4,3.48588e+07,3.48606e+07,6.0335e+07,1.0716e+08,9.64473e+07,9.80861e+07
Smp-173380.1_59_H7N2,9.45162e+07,4.22712e+07,1.84296e+08,1.74628e+08,1.82148e+08,1.61711e+08
Smp-243150.1_2225_H6N2,3.49191e+07,3.17364e+07,2.41565e+07,1.55007e+08,9.1575e+07,8.72628e+07
Smp-302090.1_148_H4N3F2Pen1,3.43036e+07,3.9825e+07,2.61845e+07,7.28973e+07,7.42943e+07,4.69267e+07
Smp-088950.1_508_H4N4F1,1.20649e+07,2.1451e+07,3.07638e+07,4.29617e+07,3.46495e+07,2.92539e+07
Smp-210500.1_194_H6N2,2.78216e+07,1.17237e+07,2.12072e+06,8.18416e+07,6.64091e+07,5.94423e+07
Smp-011680.1_307_H5N3F1,2.67086e+07,5.23193e+06,5.19369e+07,5.43221e+07,5.51804e+07,4.40009e+07
Smp-011680.1_307_H5N3F2,0,0,0,1.00038e+08,1.03749e+08,1.32929e+08
Smp-089670.1_1612_H4N3F1Pen1,0,0,3.17382e+07,1.04008e+08,7.06423e+07,1.01622e+08
Smp-245490.1_838_H6N2,4.1374e+07,5.87291e+07,6.40062e+07,6.7261e+07,0,2.65367e+07
Smp-130520.1_241_H3N6F2,6.15285e+07,3.20354e+07,4.37474e+07,8.12383e+07,5.20532e+07,8.38788e+07
Smp-130520.1_241_H4N3F2,3.38696e+07,6.99747e+07,7.11959e+07,1.87804e+08,1.77615e+08,1.45635e+08
Smp-099440.1_227_H3N2F1,9.99552e+07,1.01574e+08,8.6785e+07,1.82844e+08,1.59066e+08,1.32157e+08
Smp-130520.1_241_H3N6F1,0,1.07769e+07,1.60548e+07,3.70336e+07,5.56313e+07,4.12467e+07
Smp-130520.1_241_H3N4F2,6.20918e+07,2.55881e+07,2.33003e+07,1.06724e+08,1.09413e+08,9.25042e+07
Smp-090080.1_134_H9N2,9.01437e+07,6.30261e+07,1.3193e+08,1.45646e+08,1.22617e+08,1.36261e+08
Smp-134050.1_71_H3N2F1,1.77901e+07,1.5644e+07,1.0034e+07,2.61796e+07,3.2359e+07,2.89078e+07
Smp-164760.1_717_H3N3F1,2.36537e+07,2.18448e+07,1.50047e+07,3.8502e+07,3.55805e+07,3.3991e+07
Smp-247330.1_872_H3N2F1,6.19724e+06,5.78812e+07,0,4.67707e+07,3.76271e+07,4.57834e+07
Smp-153930.1_374_H9N2,0,0,0,3.7848e+07,9.35074e+06,4.04017e+07
Smp-127740.1_502_H5N2,5.10997e+07,5.19159e+07,2.53335e+07,4.07903e+07,4.20342e+07,3.64215e+07
Smp-194910.1_102_H4N3F2,2.33778e+08,2.18639e+08,1.84979e+08,3.74595e+08,3.63911e+08,2.52079e+08
Smp-090080.1_134_H3N6F1,1.08948e+08,7.79918e+07,1.05585e+08,7.3808e+07,6.79209e+07,8.00879e+07
Smp-319910.1_68_H3N5F1,1.82345e+08,1.86592e+08,2.10533e+08,7.53312e+07,7.05211e+07,7.65331e+07
Smp-126540.1_215_H4N3F1,1.92743e+07,7.4182e+06,1.31245e+07,5.44958e+07,5.81007e+07,6.54577e+07
Smp-342420.1_214_H3N2F1,6.51711e+07,4.31073e+07,3.1537e+07,4.66536e+07,3.55256e+07,4.08182e+07
Smp-303000.1_533_H2N2F1,5.31545e+07,2.56743e+07,1.71643e+08,6.23948e+07,9.09775e+07,7.64046e+07
Smp-319910.1_68_H3N2F1,1.72921e+07,3.91557e+07,2.63792e+07,1.07936e+08,9.18444e+07,1.07899e+08
Smp-158600.1_587_H5N2,2.29789e+06,9.34254e+06,0,4.52902e+06,0,7.01573e+06
Smp-020550.1_710_H3N2F1,8.46438e+06,1.81102e+07,1.2411e+07,4.55204e+07,2.96138e+07,1.91818e+07
Smp-311780.1_347_H4N3F3,4.78545e+07,3.5183e+07,3.28437e+07,4.75427e+07,6.11032e+07,4.92916e+07
Smp-056990.1_289_H9N2,0,3.18826e+07,0,1.59236e+08,1.13094e+08,1.07355e+08
Smp-310170.1_2078_H10N2,0,0,0,2.71423e+07,1.89948e+07,2.97498e+07
Smp-130520.1_349_H3N6F3,5.10631e+07,1.10773e+08,1.63277e+08,1.73571e+08,2.19282e+08,2.35188e+08
Smp-333880.1_763_H3N6F1,1.06941e+08,9.31318e+07,9.67731e+07,4.12868e+07,2.35561e+07,2.27504e+07
Smp-073400.1_192_H3N3F1,8.82504e+07,1.0178e+08,8.54177e+07,6.31821e+07,8.20753e+07,9.15007e+07
Smp-017610.1_377_H1N2F1,0,0,0,3.16227e+07,3.83857e+07,3.5161e+07
Smp-245815.1_632_H5N2,2.28298e+07,2.27038e+07,3.98157e+07,8.26169e+07,9.11459e+07,1.12625e+08
Smp-310170.1_5340_H3N4F1,0,8.96127e+06,0,5.77571e+07,5.68768e+07,5.62833e+07
Smp-130520.1_349_H3N2F1,5.07896e+07,2.7883e+07,2.95474e+07,7.00541e+07,6.27769e+07,6.57127e+07
Smp-341660.1_143_H3N3F2Pen1,0,0,4.08944e+06,2.57328e+07,3.36341e+07,2.2539e+07
Smp-212710.1_488_H3N2F1,1.07978e+08,6.93873e+07,7.31518e+07,1.26896e+08,1.31811e+08,1.23411e+08
Smp-133270.1_362_H9N2,2.68465e+07,5.97904e+07,0,7.74547e+07,7.10441e+07,1.14275e+08
Smp-053900.1_491_H4N3F3,3.83773e+07,3.08299e+07,1.60917e+07,3.39593e+07,2.20102e+07,2.23263e+07
Smp-330220.1_66_H4N6F1,2.96008e+07,1.26235e+07,3.29492e+07,4.76367e+07,2.8655e+07,3.87799e+07
Smp-242530.1_372_H7N2,2.22029e+08,1.68164e+08,2.27394e+08,4.15591e+07,1.89447e+07,3.27383e+07
Smp-081900.1_69_H4N5F1,4.48449e+07,6.00313e+07,2.26735e+07,1.20855e+08,1.25139e+08,1.27919e+08
Smp-081900.1_69_H3N4F1,2.64804e+07,4.40739e+06,3.12966e+07,4.43998e+07,3.79312e+07,4.49212e+07
Smp-093930.1_76_H2N2F1,9.52127e+06,1.39442e+07,2.33461e+07,4.10979e+07,1.45628e+07,3.61258e+07
Smp-194050.1_289_H3N6,2.84316e+08,3.51831e+08,1.52284e+08,2.48638e+08,2.31826e+08,2.27579e+08
Smp-194050.1_289_H5N3F1,3.58586e+06,0,0,2.66775e+08,2.78693e+08,3.98798e+08
Smp-053900.1_83_H2N2,2.34573e+07,2.46658e+07,2.37273e+07,3.53924e+07,2.858e+07,4.84992e+07
Smp-194050.1_289_H2N4F1,3.4565e+06,0,0,2.04727e+07,1.22243e+07,2.63712e+07
Smp-099440.1_59_H3N2F1,3.16939e+07,2.62807e+07,8.80633e+08,7.0819e+07,1.03318e+08,5.74573e+07
Smp-332600.1_219_H6N2,1.22202e+08,8.42473e+07,1.42756e+08,2.18412e+08,1.80636e+08,2.51401e+08
Smp-089670.1_1808_H4N3F2,4.44864e+07,5.79506e+07,5.13737e+07,1.7076e+08,2.21689e+08,2.08612e+08
Smp-245490.1_376_H4N3F3,0,1.1506e+07,2.26103e+07,4.15341e+07,5.42937e+07,5.55983e+07
Smp-333600.1_71_H5N2,2.12391e+06,1.12184e+07,6.26387e+06,5.5468e+07,4.29896e+07,4.99387e+07
Smp-148020.1_347_H5N2,8.16489e+07,1.12242e+08,1.07186e+08,1.33227e+08,1.48429e+08,1.82275e+08
Smp-093930.1_562_H5N4F3,9.86581e+07,4.91616e+07,4.56179e+07,5.57603e+07,8.1898e+07,1.11242e+08
Smp-266770.1_347_H3N6F2,4.76461e+07,3.56516e+07,3.98953e+07,8.31287e+07,9.62408e+07,9.01628e+07
Smp-093930.1_562_H3N3F1,0,0,0,1.68668e+07,1.63858e+07,2.01662e+07
Smp-266770.1_347_H3N4F2,0,0,2.50247e+06,3.2839e+07,2.5329e+07,2.19263e+07
Smp-058140.1_128_H6N2,3.0993e+07,4.76828e+07,3.90046e+07,5.51708e+07,3.39464e+07,3.43341e+07
Smp-090080.1_152_H5N3F2,1.88034e+07,1.454e+07,0,4.08347e+07,3.87717e+07,4.36122e+07
Smp-176310.1_195_H3N4,1.03914e+07,2.55604e+06,2.97484e+06,9.60803e+06,8.976e+06,6.48997e+06
Smp-000260.1_484_H5N2,2.21998e+08,1.39942e+08,3.38747e+08,6.8124e+07,6.52357e+07,8.19391e+07
Smp-340670.1_249_H5N4F1,1.97416e+07,3.33512e+07,2.23278e+07,5.44088e+07,5.86545e+07,5.32712e+07
Smp-090080.1_152_H2N4F1,497385,0,0,1.88001e+07,1.60974e+07,1.65671e+07
Smp-194050.1_349_H3N2,5.1165e+06,4.83723e+06,6.34279e+06,3.11556e+07,3.63807e+07,1.69243e+07
Smp-088950.1_109_H6N2F1,2.0284e+07,7.15015e+06,4.05306e+07,4.5342e+07,4.99528e+07,3.80217e+07
Smp-088950.1_109_H3N5F1,0,0,0,2.57064e+07,3.62345e+07,7.34311e+06
Smp-088950.1_109_H3N4F1,8.19031e+07,6.55506e+07,6.92758e+07,6.02585e+07,5.21312e+07,6.24988e+07
Smp-088950.1_109_H3N2F1,0,0,3.79011e+06,5.94936e+07,6.24062e+07,4.78716e+07
Smp-071610.1_311_H6N2,9.88686e+08,8.29444e+08,1.06022e+09,1.26105e+09,1.00561e+09,1.26686e+09
Smp-011680.1_249_H9N2,7.07548e+07,0,0,5.80328e+08,6.20729e+08,5.72606e+08
Smp-017730.1_918_H4N3F1,0,0,7.01329e+06,2.73375e+07,2.4584e+07,1.63146e+07
Smp-166500.1_267_H2N2F1,3.95429e+07,4.89155e+07,5.20783e+07,1.2109e+08,1.1272e+08,1.44055e+08
Smp-017730.1_1474_H3N2F1,7.41509e+06,8.14563e+06,1.36452e+07,3.97791e+07,5.67784e+07,4.19304e+07
Smp-156630.1_743_H9N2,2.48608e+07,2.443e+07,3.59371e+07,1.00896e+08,6.9884e+07,8.9721e+07
Smp-156630.1_743_H5N4F1,1.60118e+08,1.82067e+08,1.88091e+08,3.01471e+08,1.93992e+08,2.26871e+08
Smp-142550.1_1601_H6N2F1,0,0,0,2.66978e+08,2.26178e+08,1.9923e+08
Smp-156630.1_743_H3N6,3.1724e+07,3.26419e+07,3.63553e+07,8.37515e+07,8.21103e+07,8.34283e+07
Smp-156630.1_743_H5N3,5.79909e+07,2.03092e+07,4.10561e+07,4.69046e+07,5.38042e+07,5.29734e+07
Smp-000755.1_751_H3N6F2,1.16465e+07,4.69639e+07,1.30491e+07,2.13788e+07,2.81738e+07,2.60535e+07
Smp-013040.1_212_H9N2,6.12554e+07,7.30922e+07,6.10118e+07,1.6223e+08,2.56023e+08,1.45884e+08
Smp-179660.1_40_H6N5F2,0,0,0,4.57789e+07,1.09127e+08,7.73217e+07
Smp-056990.1_325_H4N4F1,0,5.45636e+06,0,4.95537e+07,4.26271e+07,5.64154e+07
Smp-089670.1_1707_H4N3F1Pen1,2.39451e+07,2.41019e+07,6.91989e+06,6.99115e+07,7.50521e+07,7.35772e+07
Smp-126540.1_100_H3N2F1,0,0,0,7.01635e+07,6.75463e+07,9.72657e+07
Smp-342830.1_235_H6N3F1Pen1,5.67709e+07,3.29494e+07,3.49402e+07,5.54375e+07,6.65356e+07,6.59131e+07
Smp-180810.1_494_H4N3F2,5.37276e+07,2.57846e+07,5.21079e+07,3.98214e+07,2.38129e+07,3.94606e+07
Smp-180810.1_494_H4N3F1,1.96632e+07,1.46736e+07,1.07304e+07,7.6046e+07,3.57308e+07,7.78762e+07
Smp-346910.1_74_H4N4F1,1.92406e+07,1.81175e+07,1.69367e+07,2.16032e+07,2.93869e+07,3.05443e+07
Smp-345440.1_2331_H9N2,0,0,0,2.01532e+07,2.62405e+07,2.94323e+07
Smp-243150.1_1576_H7N2,0,5.09352e+06,1.89371e+07,2.85883e+07,3.22006e+07,1.52158e+07
Smp-144840.1_267_H3N6F2,313113,2.02055e+06,688272,3.31922e+06,5.42111e+06,1.36631e+06
Smp-213900.1_1646_H3N2F1,5.63403e+07,5.38372e+07,4.77661e+07,3.75412e+07,3.77595e+07,3.98273e+07
Smp-144840.1_267_H5N4F1,0,1.55529e+06,0,1.38417e+07,2.046e+07,8.9723e+06
Smp-090080.1_325_H4N7F3,0,0,0,1.56807e+08,1.5985e+08,7.13037e+07
Smp-090080.1_325_H5N6F3,0,1.56452e+07,0,1.06578e+08,1.95587e+08,1.18384e+08
Smp-025830.1_45_H3N4F2,0,0,0,5.39051e+07,3.79269e+07,8.20793e+07
Smp-090080.1_325_H3N8F2,0,0,0,5.67602e+08,4.6389e+08,5.50439e+08
Smp-144840.1_171_H4N3F1,0,5.28557e+06,2.20048e+06,3.77665e+06,5.15902e+06,1.0654e+06
Smp-348320.1_51_H5N3F2,0,0,1.95892e+07,8.83808e+07,1.09183e+08,1.1635e+08
Smp-090080.1_325_H9N3,0,0,0,9.17176e+07,4.0284e+07,5.27207e+07
Smp-090080.1_325_H6N4F1,5.71182e+07,7.70277e+07,7.89734e+07,1.03145e+08,2.24471e+08,1.78801e+08
Smp-090080.1_325_H4N3A1,0,0,0,8.51451e+07,3.15743e+07,8.8001e+07
Smp-090080.1_325_H4N3Pen1,2.51338e+07,4.50186e+06,3.12804e+06,1.29987e+08,9.33624e+07,1.21624e+08
Smp-090080.1_325_H4N3F2,1.26611e+08,9.2686e+07,0,2.1687e+08,3.06055e+08,1.66456e+08
Smp-090080.1_325_H5N3,1.07589e+09,1.09357e+08,1.32208e+09,8.29916e+07,7.70379e+07,6.86049e+07
Smp-053900.1_370_H5N2,2.79697e+06,9.62189e+06,1.80602e+06,5.47671e+07,4.91677e+07,4.60886e+07
Smp-130520.1_186_H3N4,1.00667e+07,1.24423e+07,3.33639e+06,8.21189e+07,1.01816e+08,7.21853e+07
Smp-152940.1_473_H4N2F1,1.27813e+07,1.01844e+07,1.28962e+07,1.36648e+07,1.67785e+07,1.48763e+07
Smp-090080.1_249_H4N7F2,4.73314e+07,4.90477e+07,5.91729e+07,1.36075e+08,1.66118e+08,9.93112e+07
Smp-073400.1_137_H3N6F2,5.14029e+06,6.36646e+07,2.07176e+07,1.46903e+08,2.04149e+08,9.33257e+07
Smp-073400.1_137_H3N6,1.05633e+07,9.28853e+06,9.94331e+06,2.15609e+07,2.65949e+07,2.4544e+07
Smp-179560.1_351_H7N2,8.18216e+07,8.17148e+07,2.64698e+07,1.12659e+08,6.71774e+07,7.91412e+07
Smp-166500.2_394_H3N2F1,0,0,1.74544e+07,1.18415e+07,4.22777e+07,2.91871e+07
Smp-305430.1_308_H3N2,7.09691e+06,6.37234e+07,1.17686e+07,7.44266e+06,1.58514e+07,3.47669e+07
Smp-040970.1_510_H3N6F1,2.80835e+07,3.73539e+07,2.76834e+07,8.46443e+07,1.46005e+08,1.11798e+08
Smp-170280.1_227_H4N3F2,1.71087e+08,2.12157e+08,2.12012e+07,1.60449e+07,3.57141e+07,2.11784e+07
Smp-180620.1_44_H6N2,5.64492e+07,6.95474e+07,4.82782e+07,3.59274e+07,6.58473e+07,7.9752e+07
Smp-327360.1_161_H5N2,7.23946e+07,7.86015e+07,7.387e+07,4.27776e+08,2.66326e+08,3.55648e+08
Smp-194050.1_273_H5N4F2,2.5299e+07,7.18274e+07,1.96624e+07,3.63796e+07,3.72758e+07,5.1908e+07
Smp-148790.1_1136_H7N2,7.48711e+06,1.18372e+07,9.54711e+06,3.41402e+07,3.18081e+07,2.15828e+07
Smp-302090.1_185_H4N5F2Pen1,4.32545e+07,4.56548e+07,4.66863e+07,9.66807e+07,6.68742e+07,9.80656e+07
Smp-146720.1_1010_H4N3F2,3.47504e+07,3.5378e+07,3.24845e+07,4.40092e+07,4.38113e+07,5.91961e+07
Smp-064430.1_37_H3N7F1,2.48059e+07,2.88704e+07,3.65816e+07,4.73272e+07,4.19707e+07,2.67826e+07
Smp-072190.1_115_H6N4,8.82642e+06,6.95585e+06,0,6.41858e+07,5.2668e+07,5.48071e+07
Smp-267090.1_945_H6N4F2,4.82044e+07,4.35843e+07,4.83616e+07,2.36056e+08,1.91864e+08,1.75846e+08
Smp-171190.1_44_H6N3F2,4.68601e+07,4.39763e+07,1.65741e+07,8.11639e+07,9.37318e+07,7.66229e+07
Smp-346790.1_425_H3N2F1,1.51101e+07,0,0,5.3512e+07,5.98563e+07,6.3285e+07
Smp-170280.1_141_H7N2,7.12912e+06,1.07947e+07,3.90372e+07,3.22917e+07,2.60344e+07,3.42082e+07
Smp-152350.1_160_H3N3,7.18559e+07,9.97225e+07,6.31454e+07,2.69986e+08,2.11204e+08,2.32399e+08
Smp-072190.1_115_H3N2F1,3.57643e+07,4.37716e+07,2.68735e+07,7.35451e+07,5.3658e+07,5.3703e+07
Smp-171190.1_44_H5N3F2,3.25035e+08,3.10768e+08,3.13865e+08,4.61523e+07,4.85728e+07,4.28031e+07
Smp-154760.1_330_H4N3F1,7.71551e+06,1.06645e+08,8.92556e+07,6.43844e+07,1.14453e+08,3.91212e+07
Smp-152990.1_141_H3N6,1.71691e+08,2.6297e+08,2.48248e+08,2.42448e+08,2.6533e+08,2.18374e+08
Smp-165710.1_44_H3N6F3,2.09602e+07,9.34549e+06,1.67921e+07,3.9071e+07,4.39184e+07,2.28286e+07
Smp-167630.1_102_H3N8F1,1.83584e+07,2.22335e+07,2.05768e+07,3.49648e+07,5.14065e+07,6.04327e+07
Smp-342000.1_473_H9N2,4.50493e+07,4.92818e+07,5.92012e+07,1.12473e+08,7.7912e+07,8.8003e+07
Smp-246650.1_797_H2N2F1,9.6856e+06,1.21723e+07,7.54024e+06,1.74149e+07,1.82762e+07,2.35702e+07
Smp-167630.1_102_H3N6F1,2.24506e+07,2.03689e+07,2.27179e+07,4.80135e+07,4.5562e+07,3.46664e+07
Smp-343110.1_397_H10N2,6.89064e+07,1.1444e+08,6.34097e+07,8.54466e+07,8.23143e+07,1.04598e+08
Smp-348070.1_81_H4N3F1,4.89687e+07,3.49146e+07,7.85414e+07,3.88998e+07,2.7105e+07,5.5049e+07
Smp-126360.1_156_H2N2F1,1.0531e+07,0,0,0,0,6.57633e+07
Smp-160370.1_331_H1N2F1,7.71346e+07,9.75563e+07,8.93596e+07,7.12411e+07,3.87618e+07,8.22912e+07
Smp-143260.1_75_H4N3F1Pen1,3.43966e+07,2.70618e+06,2.14166e+07,1.63136e+07,1.62808e+07,1.55754e+07
Smp-005720.1_147_H2N4F1,0,0,6.23628e+07,0,0,2.23149e+07
Smp-000820.1_65_H9N2,2.75037e+07,3.23693e+07,3.06415e+07,2.86244e+07,2.95173e+07,4.63625e+07
Smp-138750.1_364_H9N2,0,1.89966e+07,0,0,0,1.42824e+07
Smp-311780.1_442_H5N4F3,8.57209e+06,1.32673e+07,2.29808e+07,1.51469e+07,1.93782e+07,2.56027e+07
Smp-180810.1_361_H4N3F1,4.13157e+07,6.79334e+07,5.32191e+07,7.16004e+07,6.92414e+07,7.70058e+07
Smp-043390.1_453_H4N3F1,0,0,0,3.89725e+07,3.20496e+07,4.35548e+07
Smp-173350.1_55_H6N2,0,0,0,5.20683e+07,3.90002e+07,4.79069e+07
Smp-043390.1_453_H3N3F1,1.03035e+07,1.07861e+07,9.76792e+06,2.60022e+07,2.82981e+07,3.19728e+07
Smp-062560.1_462_H2N2F1,0,0,0,2.15976e+07,2.44404e+07,1.60006e+07
Smp-089100.1_601_H8N2,6.10007e+07,6.93717e+07,9.82962e+07,6.08312e+07,5.1045e+07,4.95052e+07
Smp-089670.1_1182_H5N4F2Pen1,5.39922e+07,3.21459e+07,5.00758e+07,5.5292e+07,4.11448e+07,5.68271e+07
Smp-089670.1_147_H5N4F3,3.40033e+07,2.01052e+07,3.04823e+07,4.41515e+07,3.83252e+07,4.2578e+07
Smp-179660.1_362_H4N3F3,2.31196e+07,2.78658e+07,2.84016e+07,2.61384e+07,2.12129e+07,2.52457e+07
Smp-089100.1_601_H3N6,2.34087e+07,1.91792e+07,7.32879e+07,8.54667e+07,8.49562e+07,6.68864e+07
Smp-034420.1_57_H2N2F1,0,2.75099e+06,0,2.27313e+07,4.86827e+06,1.78555e+07
Smp-016640.1_180_H9N2,5.71752e+07,2.81904e+07,2.86783e+07,2.06936e+08,1.88102e+08,8.90785e+07
Smp-144840.1_155_H3N6F3,0,0,0,3.26744e+07,1.64258e+07,2.76927e+07
Smp-146250.1_200_H1N2F1,1.23005e+07,1.06609e+07,1.02262e+07,1.50138e+07,2.16018e+07,1.78427e+07
Smp-017730.1_227_H4N5F1,1.57917e+06,0,1.88516e+06,2.28795e+07,3.02554e+07,3.59101e+07
Smp-017730.1_227_H3N6,7.7565e+07,2.84447e+07,1.67658e+07,3.59766e+07,4.67406e+07,4.53639e+07
Smp-145300.1_242_H3N4F2,8.68236e+07,1.11679e+08,6.95733e+07,1.29787e+08,1.60885e+08,1.3406e+08
Smp-145300.1_242_H3N4F3,1.01177e+07,0,0,4.4625e+07,3.95975e+07,3.80309e+07
Smp-145300.1_242_H3N3F1,2.34471e+07,0,0,0,0,2.91919e+07
Smp-008610.1_154_H9N2,3.14053e+07,3.8386e+07,4.4054e+07,3.30536e+07,2.59321e+07,2.54834e+07
Smp-329010.1_97_H5N2,1.13655e+07,1.50017e+07,0,2.12057e+07,2.73473e+07,2.83101e+07
Smp-164760.1_230_H3N4F1,0,1.12304e+07,8.51267e+06,1.43211e+08,1.26687e+08,1.61915e+08
Smp-180810.1_1603_H9N2,6.09999e+07,6.43669e+07,5.47813e+07,4.21966e+07,6.22482e+07,4.8533e+07
Smp-000755.1_137_H3N6F1,5.65489e+07,8.18046e+07,2.7244e+07,9.97903e+07,1.03191e+08,7.74409e+07
Smp-307840.1_480_H3N6F2,4.83679e+07,6.75419e+07,6.07857e+07,6.40662e+07,5.22913e+07,4.8174e+07
Smp-247330.1_1030_H3N4F1,3.00817e+07,1.57354e+07,2.88547e+07,6.38847e+07,6.79882e+07,4.61021e+07
Smp-006060.1_168_H3N4F3Pen1,8.23325e+07,5.28514e+07,7.35423e+07,6.09869e+07,6.32037e+07,5.71526e+07
Smp-105450.1_58_H4N3F3,1.96881e+07,1.97251e+07,6.91189e+07,5.31273e+07,6.24199e+07,4.67304e+07
Smp-006060.1_168_H6N3F1,1.69914e+09,4.80163e+07,4.06969e+07,9.0732e+07,8.00235e+07,7.88609e+07
Smp-089700.1_688_H3N4F1,9.96501e+08,1.54634e+07,9.04909e+08,5.93586e+07,7.71576e+07,5.89961e+07
Smp-143730.1_627_H3N5F1,2.01131e+08,1.91529e+08,2.21783e+08,2.5464e+08,1.95726e+08,1.87651e+08
Smp-343630.1_730_H7N2,2.21138e+07,2.54824e+07,6.08765e+07,5.9065e+07,7.04081e+07,6.75232e+07
Smp-147460.1_601_H6N2,1.26146e+08,9.10018e+07,8.78392e+07,1.2101e+08,1.42683e+08,1.3564e+08
Smp-343330.1_320_H5N2,1.21561e+08,1.00674e+08,3.70658e+07,2.49775e+07,3.20983e+07,3.68279e+07
Smp-147460.1_601_H3N4,1.56316e+07,9.12597e+06,0,5.80688e+07,5.10542e+07,5.59943e+07
Smp-343650.1_385_H8N2,6.63843e+07,5.03433e+07,5.33796e+07,1.04231e+08,1.77387e+08,1.39068e+08
Smp-149400.1_264_H7N2,7.17253e+07,3.43021e+07,4.41538e+07,7.28583e+07,6.32185e+07,5.47037e+07
Smp-349490.1_51_H9N2,2.16956e+07,1.91005e+07,3.58399e+07,5.27632e+07,5.50364e+07,4.62043e+07
Smp-090080.1_249_H6N2,2.10896e+07,4.5134e+07,1.08843e+08,1.65772e+08,9.29263e+07,7.51287e+07
Smp-088950.1_508_H5N2,5.40282e+07,5.2257e+07,3.72637e+07,1.63295e+07,2.0045e+07,2.67352e+07
Smp-245490.1_838_H5N4F1,0,0,0,0,7.52119e+06,1.52299e+07
Smp-163810.1_1139_H8N2,2.03758e+07,1.74686e+07,1.89047e+07,1.8601e+07,2.11249e+07,3.55942e+07
Smp-345440.1_1674_H3N6,8.2159e+07,8.4325e+07,1.01584e+08,7.76278e+07,1.18276e+08,9.8991e+07
Smp-194910.1_102_H7N2,1.17372e+07,2.10482e+07,1.51136e+07,7.59192e+07,7.90298e+07,3.97563e+07
Smp-123830.1_1508_H2N2F1,2.74315e+06,0,0,2.54214e+07,3.25715e+07,2.87089e+07
Smp-090080.1_134_H3N6,1.1161e+08,8.82124e+07,8.07751e+07,1.00482e+08,8.84554e+07,1.04836e+08
Smp-090080.1_134_H3N5,1.44802e+07,1.64646e+07,1.64747e+07,5.20691e+07,3.86509e+07,3.58557e+07
Smp-131350.1_264_H3N4F1,0,4.94173e+06,4.40057e+07,6.21136e+07,6.01905e+07,8.83547e+07
Smp-342970.1_158_H7N2,7.41152e+07,6.02516e+07,4.06113e+07,6.72034e+07,5.1403e+07,4.21995e+07
Smp-311780.1_347_H3N6F3,1.60759e+08,1.2296e+08,2.48927e+08,1.76113e+08,1.19923e+08,1.46062e+08
Smp-158600.1_587_H8N2,1.13142e+09,5.82332e+08,8.11031e+08,2.78627e+08,2.91714e+08,2.77504e+08
Smp-140610.1_208_H9N2,0,0,0,5.2233e+07,0,3.68445e+07
Smp-130520.1_349_H4N4F2,5.07169e+07,5.96951e+07,8.46779e+07,5.6439e+07,6.99484e+07,6.55717e+07
Smp-346890.1_204_H2N2F1,3.68248e+07,1.96996e+06,0,9.53395e+07,1.18227e+08,1.07777e+08
Smp-341660.1_143_H4N3F1Pen1,1.68578e+07,0,0,3.52746e+07,5.4794e+07,4.3865e+07
Smp-341660.1_143_H4N3F2,4.07016e+06,8.48005e+07,0,2.06264e+07,3.13062e+07,2.71046e+07
Smp-093930.1_76_H3N5F2,4.72183e+07,4.14539e+07,2.61877e+07,4.21276e+07,3.62406e+07,4.75515e+07
Smp-042020.1_119_H4N5F3,1.52027e+08,1.88295e+08,1.69885e+08,2.0632e+08,1.68997e+08,1.85671e+08
Smp-042020.1_119_H3N6F4,2.35998e+08,9.14531e+07,7.85405e+07,1.18949e+08,1.21675e+08,1.36461e+08
Smp-153930.1_282_H9N2,0,4.27533e+07,0,1.89182e+08,1.54623e+08,1.65459e+08
Smp-153930.1_282_H8N2,1.23503e+07,0,0,3.33657e+07,5.1303e+07,2.94881e+07
Smp-330220.1_66_H4N4F1,2.21055e+07,3.48852e+07,6.09397e+07,3.877e+07,3.57045e+07,5.38328e+07
Smp-132700.1_957_H3N2F1,7.42793e+07,8.67262e+07,8.60595e+07,1.03891e+08,1.08087e+08,1.07858e+08
Smp-093210.1_566_H9N2,0,1.11929e+08,5.33873e+07,0,4.72544e+07,3.50711e+07
Smp-132700.1_1345_H4N2,8.88893e+07,1.5833e+08,8.63123e+07,2.43238e+07,2.49598e+07,3.96966e+07
Smp-081900.1_69_H2N2F1,0,0,0,1.9156e+07,1.81785e+07,2.18468e+07
Smp-146720.1_1090_H3N4F2,0,0,1.74558e+07,4.61515e+07,3.67924e+07,6.23244e+07
Smp-242530.1_340_H9N2,8.86382e+07,6.22642e+07,5.15807e+07,1.34352e+08,1.35246e+08,1.52706e+08
Smp-194050.1_289_H4N7F1,0,0,0,9.44953e+07,1.25629e+08,1.07891e+08
Smp-343740.1_1191_H2N2F1,0,0,1.8786e+07,5.97463e+07,7.49929e+07,8.94556e+07
Smp-333600.1_71_H9N2,5.13709e+07,5.20098e+07,5.27193e+07,1.33951e+07,1.59414e+07,3.34234e+07
Smp-130520.1_567_H5N4F1,6.83173e+06,1.64397e+06,2.91953e+06,2.65682e+07,3.05126e+07,2.56762e+07
Smp-332600.1_219_H9N2,5.42607e+07,6.20468e+07,7.48408e+07,1.05671e+08,1.00094e+08,8.69036e+07
Smp-053900.1_83_H2N2F1Pen1,6.27145e+07,3.18351e+07,4.73917e+07,5.56505e+07,6.21031e+07,5.93629e+07
Smp-180810.1_1791_H9N2,3.09317e+07,2.29658e+07,6.36546e+07,4.23024e+07,4.13431e+07,2.78894e+07
Smp-148790.1_1459_H5N2,2.81384e+07,3.38058e+07,9.90834e+06,2.18272e+07,2.58852e+07,2.69338e+07
Smp-176940.1_238_H3N6F1,5.96549e+07,2.6272e+07,9.17882e+07,1.12939e+08,9.55156e+07,1.51816e+08
Smp-245490.1_376_H3N3F1,1.07719e+08,9.38988e+07,1.00276e+08,6.25904e+07,6.96854e+07,5.98294e+07
Smp-093930.1_562_H3N4F3,3.09944e+06,9.54888e+06,5.16259e+06,2.7414e+07,2.41419e+07,1.56144e+07
Smp-242530.1_1427_H3N3F1,0,1.89723e+07,4.22668e+06,0,1.04762e+07,3.12237e+07
Smp-093930.1_562_H4N3F1,1.43174e+07,0,1.66624e+06,5.36043e+07,5.85031e+07,8.62523e+07
Smp-090080.1_152_H3N6F4,1.52289e+07,0,4.21365e+07,1.82204e+08,1.9565e+08,1.90037e+08
Smp-090080.1_152_H5N4F3,3.57502e+07,2.3313e+07,2.60919e+07,1.34089e+08,2.12275e+08,1.53763e+08
Smp-332540.1_114_H3N4F1,0,4.49962e+06,3.54105e+06,4.44716e+07,3.23474e+07,2.09754e+07
Smp-090080.1_152_H4N5F3Pen1,5.00251e+07,4.85265e+07,4.35072e+07,8.28741e+07,7.33e+07,7.1559e+07
Smp-090080.1_152_H3N6F3,3.10081e+07,3.34435e+07,5.42774e+07,2.52564e+08,2.51894e+08,2.51301e+08
Smp-090080.1_152_H3N5F2,4.21857e+07,3.88223e+07,3.3428e+07,4.09146e+07,4.9281e+07,4.85283e+07
Smp-090080.1_152_H2N4F3Pen1,3.09285e+07,3.58035e+07,3.8069e+07,3.32102e+07,3.06676e+07,2.34387e+07
Smp-090080.1_152_H4N3F2Pen1,0,1.31336e+08,1.60566e+08,2.06522e+07,1.85338e+07,2.80694e+07
Smp-090080.1_152_H8N2,1.88189e+07,2.18618e+07,2.068e+07,3.52134e+07,2.91215e+07,3.24265e+07
Smp-306910.1_648_H8N2,0,0,0,2.25573e+07,1.52852e+07,2.06675e+07
Smp-306910.1_648_H7N2,1.80282e+06,0,1.77163e+06,3.2426e+07,2.5678e+07,2.85376e+07
Smp-090080.1_152_H2N4F2,2.9047e+07,3.03118e+07,3.82596e+07,1.29543e+07,4.09591e+06,2.91898e+07
Smp-043390.1_520_H7N2,3.34339e+07,0,2.37992e+07,2.75854e+07,4.87753e+07,2.99351e+07
Smp-017730.1_1474_H3N4F1,6.57646e+07,7.92453e+07,8.27704e+07,1.93053e+08,1.43506e+08,1.72654e+08
Smp-017730.1_918_H3N6F3,0,0,0,3.5351e+08,2.71263e+08,3.68418e+08
Smp-343630.1_953_H3N4F1,4.66555e+07,3.75748e+07,8.81209e+07,6.49112e+07,7.68083e+07,5.41087e+07
Smp-017730.1_918_H4N4F2,3.52834e+07,2.60602e+07,2.96993e+07,7.1758e+07,4.21521e+07,7.28562e+07
Smp-336330.1_160_H9N2,2.48416e+07,2.53104e+07,2.91195e+07,7.5689e+06,6.16938e+06,2.76895e+07
Smp-011990.1_433_H9N2,0,0,0,6.36738e+07,9.22576e+07,4.8709e+07
Smp-041370.1_494_H3N4F1,2.8275e+07,1.73773e+07,1.29134e+07,9.76518e+07,5.94153e+07,8.11734e+07
Smp-156630.1_743_H3N6F1,0,0,0,7.44066e+07,7.30138e+07,7.53206e+07
Smp-156630.1_743_H6N2,2.41759e+07,1.42271e+07,2.68605e+07,6.91499e+07,3.92588e+07,6.56942e+07
Smp-056990.1_325_H8N2,0,0,0,1.24033e+08,7.25741e+07,1.25176e+08
Smp-179660.1_40_H3N6F1,0,0,0,0,0,7.51771e+07
Smp-127820.1_552_H3N6F1,1.08472e+07,7.34729e+07,1.31871e+08,4.11308e+08,3.33106e+08,3.58625e+08
Smp-144840.1_267_H5N4F3,0,2.21087e+06,0,5.0994e+06,8.38809e+06,1.6239e+07
Smp-025830.1_45_H3N4F3Pen1,0,0,0,7.70161e+07,5.73454e+07,6.42347e+07
Smp-025830.1_45_H4N3F2Pen1,0,1.17825e+07,0,6.5664e+07,1.88287e+08,1.15385e+08
Smp-348320.1_51_H6N3F1,2.31996e+08,1.70207e+08,1.72614e+08,8.90864e+07,1.78075e+08,1.85016e+08
Smp-025830.1_45_H4N3F1,0,1.37845e+07,0,1.11461e+08,1.38463e+08,1.1855e+08
Smp-090080.1_325_H3N8F1,0,0,0,1.50886e+08,1.13031e+08,1.30798e+08
Smp-153390.1_166_H4N4F2HexA1Pen1,4.04674e+08,4.32034e+08,4.52487e+08,4.35224e+08,3.86696e+08,3.25382e+08
Smp-152940.1_473_H6N5F1,8.67022e+06,8.27316e+06,6.97039e+06,1.61172e+07,1.3253e+07,9.29677e+06
Smp-075800.1_268_H1N2,3.6854e+09,4.13562e+09,4.59537e+09,2.29756e+09,1.30284e+09,1.89676e+09
Smp-075800.1_268_H3N2F2,1.13292e+09,1.79701e+09,1.51426e+09,1.65945e+08,1.03519e+08,1.2132e+08
Smp-146720.1_1044_H3N2F2,2.96785e+07,2.21464e+07,3.62802e+07,1.78968e+07,2.2783e+07,1.30141e+07
Smp-075800.1_268_H4N2F1HexA1,3.72713e+08,4.23167e+08,4.31275e+08,6.144e+07,6.3922e+07,4.74429e+07
Smp-075800.1_268_H3N2F1HexA1,7.15065e+08,6.24276e+08,9.53671e+08,2.21621e+08,2.27969e+08,1.62549e+08
Smp-031730.1_108_H4N2F1HexA1,9.35224e+07,2.42341e+08,7.1905e+07,1.98235e+07,1.92772e+07,9.32202e+06
Smp-075800.1_268_H4N2F2,3.88578e+07,2.81007e+07,3.55115e+07,0,0,0
Smp-133700.1_398_H7N2F1HexA1,1.52475e+07,2.20962e+07,1.16516e+07,1.7594e+07,2.55003e+07,3.10526e+07
Smp-089670.1_488_H3N2F2,2.82812e+08,2.78624e+08,2.85937e+08,8.28457e+07,9.58214e+07,6.68857e+07
Smp-149370.1_143_H7N2F1HexA1,1.43036e+08,2.10804e+08,2.42942e+08,3.14466e+08,2.28043e+08,1.88059e+08
Smp-089100.1_610_H7N2F1HexA1,5.27002e+06,4.46132e+06,5.51772e+06,7.93318e+06,2.13373e+06,6.14002e+06
Smp-308820.1_212_H3N2F2,7.00626e+08,5.95911e+08,6.085e+08,1.37155e+09,1.90945e+08,9.91465e+08
Smp-014570.1_117_H3N3F2,1.68061e+07,3.07711e+06,6.54939e+06,2.29147e+06,5.14025e+06,2.52611e+06
Smp-089700.1_549_H3N2F2Pen1,5.5672e+07,8.11363e+07,6.92934e+07,0,0,9.86136e+06
Smp-073400.1_169_H3N6F2Pen1,3.52443e+08,3.77324e+08,3.10619e+08,1.60558e+08,1.57933e+08,2.60511e+08
Smp-170280.1_227_H3N2F2Pen1,3.93233e+08,4.10188e+08,4.29762e+08,2.66401e+08,2.81015e+08,2.95869e+08
Smp-000755.1_547_H3N2F2,3.60516e+09,5.04843e+09,3.32797e+09,4.36074e+09,5.12953e+09,4.22478e+09
Smp-246770.1_292_H3N6F2Pen1,1.00589e+08,1.22384e+08,1.25011e+08,9.27522e+07,5.50469e+07,6.54522e+07
Smp-194050.1_273_H3N7F1,9.33167e+08,1.07905e+09,1.01897e+09,9.25239e+08,1.36936e+09,1.01522e+09
Smp-194050.1_273_H3N8F1,1.58176e+09,1.20654e+09,2.37578e+09,1.35935e+09,1.1628e+09,1.38919e+09
Smp-194050.1_273_H3N6F1,7.81971e+09,8.82168e+09,8.71409e+09,1.02106e+10,1.12268e+10,1.41105e+10
Smp-123670.1_39_H3N2F2Pen1,1.22614e+09,1.40926e+09,1.11934e+09,3.08694e+08,2.84486e+08,1.86002e+08
Smp-180790.1_432_H4N5F2HexA1,2.90875e+07,2.91898e+07,4.57111e+07,0,0,0
Smp-000755.1_547_H2N2F2,5.35555e+08,6.65331e+08,5.26324e+08,7.24624e+08,8.74229e+08,6.99981e+08
Smp-000755.1_547_H1N2F2,1.69214e+08,1.92366e+08,1.97283e+08,2.41532e+08,2.64365e+08,2.23784e+08
Smp-071610.1_144_H2N2F2,9.3618e+07,1.11573e+08,1.2399e+08,5.52052e+07,9.83926e+07,5.36521e+07
Smp-165710.1_44_H6N5F3,5.29792e+07,5.36025e+07,4.34024e+07,3.87111e+06,0,0
Smp-165710.1_44_H3N4F3,1.83689e+07,0,4.0878e+07,1.49626e+08,4.03666e+07,0
Smp-309250.1_40_H5N4F2,4.71435e+07,3.81907e+07,5.53336e+07,3.46716e+07,3.8721e+07,1.04371e+07
Smp-246770.1_308_H3N6F2Pen1,1.53349e+08,6.74464e+07,1.1085e+08,1.11842e+08,1.61691e+08,6.12416e+07
Smp-246770.1_308_H3N5F2Pen1,2.10879e+08,2.24497e+08,1.99178e+08,1.27644e+08,8.77715e+07,8.21328e+07
Smp-067060.1_183_H3N3F3,8.63637e+07,3.81004e+07,3.8845e+07,1.18742e+08,3.49963e+08,3.96372e+08
Smp-067060.1_183_H3N2F2,1.99182e+11,2.1433e+11,1.76071e+11,5.24374e+10,4.42949e+10,4.12416e+10
Smp-067060.1_183_H4N2F2,3.51343e+10,4.78074e+10,4.11446e+10,4.64645e+09,6.07573e+09,4.06987e+09
Smp-067060.1_183_H2N2F2,7.61287e+09,7.91847e+09,9.69724e+09,1.08464e+10,1.71073e+10,1.15117e+10
Smp-067060.1_183_H3N2F2Pen1,1.07259e+08,1.07758e+08,1.1892e+08,2.87477e+06,0,0
Smp-067060.1_183_H4N5F2HexA1Pen1,7.9971e+08,8.57341e+08,1.90869e+09,8.93778e+07,1.31187e+08,6.8555e+07
Smp-179660.1_528_H4N4HexA1Pen1,1.1683e+09,7.32491e+08,5.04193e+08,6.9319e+08,8.2399e+08,1.16919e+09
Smp-067060.1_183_N2F2,4.07839e+08,4.23256e+08,4.79363e+08,1.37889e+08,1.67736e+08,5.1439e+08
Smp-067060.1_183_N2F1,4.02333e+08,3.93261e+08,4.95495e+08,2.53041e+08,3.38299e+08,2.87447e+08
Smp-075800.1_268_H3N2F2HexA1,2.77068e+07,1.09688e+07,6.8433e+06,0,41853,1.12012e+06
Smp-174490.1_148_H3N2F2Pen1,3.13606e+08,2.89777e+08,2.29302e+08,1.14395e+08,2.04512e+08,1.5223e+08
Smp-302980.1_299_H4N2HexA1Pen1,2.33869e+07,4.79731e+07,6.61283e+07,6.08957e+07,6.76522e+07,4.61514e+07
Smp-105450.1_103_H4N2F2,1.35338e+09,8.94871e+08,9.86148e+08,2.6205e+08,2.73579e+09,2.58931e+08
Smp-018760.1_184_H3N2F2Pen1,3.82423e+08,2.88963e+08,3.89186e+08,1.40772e+08,1.53323e+08,1.06219e+08
Smp-018760.1_184_H3N2F2,8.05077e+08,8.27903e+08,7.36625e+08,1.64527e+08,3.60446e+08,3.66653e+08
Smp-179660.1_362_H2N2F2Pen1,1.64737e+08,1.58423e+08,1.42534e+08,4.1727e+07,5.00805e+07,8.53098e+07
Smp-153390.1_166_H2N6F2HexA1Pen1,0,0,0,2.34592e+08,2.80656e+08,2.18995e+08
Smp-088950.1_508_H6N2F1HexA1,1.02789e+07,8.90674e+06,5.07625e+06,2.87644e+07,8.08501e+06,7.87004e+06
Smp-105450.1_103_H3N4F1HexA1Pen1,5.71397e+08,6.24061e+08,4.09291e+08,1.03295e+08,1.39925e+08,1.72674e+08
Smp-128230.1_284_H3N2F2Pen1,1.07308e+08,9.91574e+07,1.11653e+08,3.62653e+07,3.17634e+07,1.11558e+07
Smp-128230.1_284_H3N2F2,3.60812e+08,4.3028e+08,3.72297e+08,2.90856e+08,2.96349e+08,3.36127e+08
Smp-128230.1_284_H2N2F2Pen1,1.0801e+08,1.18906e+08,1.13451e+08,0,3.10135e+07,1.53829e+07
Smp-146250.1_200_H2N2F2,1.01308e+08,9.11233e+07,7.14707e+07,5.46412e+07,5.93489e+07,4.29989e+07
Smp-128230.1_284_H2N2F2,3.34357e+08,2.82386e+08,2.95596e+08,1.99142e+08,2.55156e+08,2.59666e+08
Smp-143730.1_937_H3N2F2Pen1,1.62031e+08,1.3564e+08,1.5636e+08,5.17916e+07,7.87032e+07,3.43321e+07
Smp-041550.1_72_H3N2F2,1.99794e+08,2.6072e+08,2.19638e+08,2.26643e+08,2.6129e+08,2.18579e+08
Smp-179660.1_362_H3N3HexA1Pen1,7.58839e+07,9.08474e+07,5.66032e+07,1.28005e+08,1.68109e+08,1.51972e+08
Smp-067060.1_183_H3N2F4A2,4.32181e+07,5.21197e+07,6.5965e+07,2.88813e+07,0,2.90522e+07
Smp-041550.1_72_H3N2F2Pen1,1.26969e+09,1.167e+09,1.13335e+09,1.3291e+08,1.50157e+08,1.27616e+08
Smp-084890.1_56_H7N2F1HexA1,1.05244e+07,1.1061e+07,1.75452e+07,7.15055e+06,4.38111e+06,1.2224e+07
Smp-011680.1_307_H3N5F1HexA1Pen1,2.05045e+08,1.89085e+08,2.5842e+08,7.56069e+08,8.93997e+08,1.15268e+09
Smp-105450.1_103_H4N4F1HexA1Pen1,3.56741e+08,3.4083e+08,1.80799e+08,1.64864e+08,4.79068e+08,4.95919e+08
Smp-105450.1_58_H4N4HexA1Pen1,2.82123e+08,2.45389e+08,2.33843e+08,0,0,3.74547e+07
Smp-335620.1_570_H7N2F1HexA1,2.83216e+07,3.75388e+07,1.99858e+07,2.84107e+07,6.23507e+06,2.64522e+07
Smp-160830.1_337_H7N2F1HexA1,0,6.77056e+06,0,7.68323e+06,5.62612e+06,0
Smp-146720.1_1010_H3N2F2Pen1,3.38054e+08,4.29371e+08,2.23044e+08,2.30371e+08,1.54425e+08,2.71412e+08
Smp-146720.1_1010_H3N2F2,4.026e+08,2.65295e+08,2.69526e+08,4.37688e+08,4.71642e+08,3.80755e+08
Smp-194050.1_273_H2N4F2HexA1,9.25388e+06,9.011e+06,8.17424e+06,0,1.37237e+06,0
Smp-040080.1_49_H12N4F1Pen1,1.49242e+08,9.97363e+07,7.60315e+07,4.6683e+08,2.64325e+08,3.20881e+08
Smp-011680.1_307_H3N6F2Pen1,2.09702e+08,1.91258e+08,1.91656e+08,2.4923e+08,3.00977e+08,3.02374e+08
Smp-302090.1_148_H3N2F2Pen1,1.56958e+08,9.4016e+07,1.21328e+08,7.31088e+07,4.72099e+07,5.60525e+07
Smp-210370.1_183_H4N2F2,9.32649e+07,7.37345e+07,5.48371e+07,8.06908e+07,4.66976e+07,4.47545e+07
Smp-210370.1_183_H3N2F2,1.08661e+09,1.12308e+09,1.2535e+09,3.95236e+08,4.51409e+08,6.06375e+08
Smp-311780.1_347_H7N4F4,2.92235e+07,2.27238e+07,5.06672e+07,1.42925e+07,0,8.55278e+08
Smp-311780.1_347_H3N2F2Pen1,2.01157e+08,2.11261e+08,1.9107e+08,3.65538e+08,3.95505e+08,3.40054e+08
Smp-194910.1_81_H3N2F2,9.04663e+08,8.19231e+08,6.1947e+08,6.19255e+08,6.73066e+08,6.73592e+08
Smp-067060.1_183_H3N4F2HexA1,6.06716e+06,2.82697e+07,2.73338e+07,1.8001e+07,2.29875e+07,1.3831e+07
Smp-340630.1_512_H3N4F1,5.36606e+07,4.83403e+07,7.24479e+07,1.95427e+07,7.88856e+06,2.20082e+07
Smp-340630.1_512_H4N3,4.16003e+07,5.5121e+07,5.83438e+07,6.13008e+07,6.92989e+07,7.06717e+07
Smp-053900.1_83_H3N2F2Pen1,6.28588e+08,1.00041e+09,1.15359e+09,5.54929e+08,6.26849e+08,6.31136e+08
Smp-053900.1_83_H2N2F2Pen1,2.26475e+08,3.01695e+08,3.06246e+08,2.74433e+08,3.02381e+08,3.40546e+08
Smp-042020.1_119_H3N3F1HexA1Pen1,3.81516e+07,3.85742e+07,2.17986e+07,2.02256e+07,2.78528e+07,1.21084e+07
Smp-053900.1_83_H3N2F2,2.44777e+08,7.78821e+08,3.93071e+08,1.10458e+09,1.11858e+09,1.07443e+09
Smp-053900.1_83_H2N2F2,8.61128e+07,1.79066e+08,8.69023e+07,4.1937e+08,5.15713e+08,5.31546e+08
Smp-075800.1_268_H2N2F1HexA1,2.21686e+07,2.51586e+07,2.40784e+07,4.18594e+06,7.75893e+06,1.49909e+07
Smp-245490.1_376_H3N2F2,1.06885e+08,9.9991e+07,1.1596e+08,1.05046e+08,1.12647e+08,1.25245e+08
Smp-093930.1_562_H2N2F2Pen1,2.01918e+07,3.72474e+06,1.47825e+07,2.79047e+07,1.5763e+07,2.81865e+07
Smp-210370.1_183_H4N2F1HexA1,1.24953e+08,2.19389e+07,1.6326e+07,2.99927e+07,2.95506e+07,5.51413e+07
Smp-000260.1_484_H2N2F2,4.96931e+08,4.89307e+08,5.37495e+08,2.89341e+08,3.08423e+08,3.0655e+08
Smp-031730.1_108_H5N2F1HexA1,2.24775e+07,2.67092e+07,1.97342e+07,6.7792e+07,0,5.19783e+07
Smp-090080.1_152_H3N2F2Pen1,1.91639e+08,1.33744e+08,1.67574e+08,8.29177e+07,1.19161e+08,1.06866e+08
Smp-005230.1_205_H3N2F2Pen1,5.08776e+08,6.07074e+08,5.20155e+08,1.54034e+08,1.03725e+08,1.08842e+08
Smp-067060.1_183_H4N3HexA1Pen1,1.44144e+07,7.85194e+07,4.15816e+07,7.59629e+07,5.79205e+07,2.45376e+07
Smp-005230.1_205_H3N2F2,2.23193e+08,2.09467e+08,2.05554e+08,2.48345e+08,1.17463e+08,2.19592e+08
Smp-000260.1_484_H1N2F2,9.44948e+07,6.00049e+07,8.85985e+07,3.94141e+07,1.16645e+08,8.59513e+07
Smp-180620.1_44_H2N3F2HexA1,1.88773e+08,2.61288e+08,2.6186e+08,4.15975e+08,3.71205e+08,2.62865e+08
Smp-090080.1_152_H3N2F2,6.07386e+07,7.15685e+07,8.93739e+07,1.73068e+08,1.75407e+08,1.25674e+08
Smp-000260.1_484_H2N2F2Pen1,4.25297e+08,3.95235e+08,3.91443e+08,3.64417e+08,4.5674e+08,5.21285e+08
Smp-084890.1_56_H2N4F2HexA1,7.45705e+07,2.01675e+08,1.45214e+08,2.55044e+08,2.31877e+08,1.82359e+08
Smp-077890.1_220_H3N4HexA1Pen1,8.53375e+07,6.68493e+07,9.33652e+07,1.71887e+08,1.74662e+08,1.95485e+08
Smp-105450.1_58_H6N2F1HexA1,3.80421e+06,3.08371e+06,4.96556e+06,5.2568e+06,0,1.0521e+07
Smp-158600.1_591_H7N2F1HexA1,9.25662e+06,3.73874e+07,3.82911e+07,5.28265e+06,5.99085e+06,7.38203e+06
Smp-090080.1_325_H3N6Pen1,4.56903e+08,4.01062e+08,2.28979e+08,3.15045e+08,6.28284e+08,6.91188e+08
Smp-131580.1_559_H3N2F2Pen1,1.93672e+07,0,0,6.90457e+06,0,2.16983e+07
Smp-136730.1_348_H2N2F2,9.40501e+06,9.63415e+06,9.31534e+06,0,768559,1.17356e+06
Smp-146720.1_102_H6N2G1HexA1,4.94698e+07,3.7944e+07,3.81224e+07,0,0,0
Smp-090080.1_249_H3N5HexA1Pen1,5.08315e+08,4.884e+08,6.55914e+08,7.04539e+08,2.23979e+08,1.48216e+08
Smp-005720.1_147_H3N7HexA1Pen1,1.12445e+08,1.09859e+08,2.78308e+07,7.03881e+07,7.91309e+07,1.75731e+08
Smp-335620.1_570_H3N2F1HexA1,2.13434e+07,1.79822e+07,1.60916e+07,1.92855e+07,1.10973e+07,1.92427e+07
Smp-067060.1_183_H2N3F2HexA1Pen1,1.79691e+08,1.47676e+08,1.20628e+08,3.76255e+07,2.97375e+07,1.38573e+07
Smp-343650.1_2320_H7N2F1HexA1,1.51213e+07,1.96215e+06,2.47329e+07,0,0,4.07594e+06
Smp-027870.1_672_H1N6,1.61392e+08,1.62461e+08,1.58371e+08,2.21181e+08,4.14373e+08,2.71028e+08
Smp-000755.1_547_N2F2,2.17678e+07,5.89631e+07,7.01223e+07,6.61052e+07,8.83603e+07,9.4447e+07
Smp-342870.1_2109_H3N6F1,4.14417e+08,6.73973e+08,6.39513e+08,1.11942e+09,1.00206e+09,8.49483e+08
Smp-071610.1_144_H3N2F2,2.25598e+08,2.67333e+08,1.73119e+08,1.63314e+08,1.54491e+08,1.42479e+08
Smp-342000.1_473_H3N2F2Pen1,6.75485e+07,6.97867e+07,5.24509e+07,8.13217e+07,9.56634e+07,1.73451e+08
Smp-343630.1_775_H4N4F2HexA1Pen1,3.78788e+07,3.75768e+07,4.33592e+07,1.75405e+08,1.44943e+08,1.27121e+08
Smp-105680.1_270_H6N2HexA1Pen1,1.51084e+07,1.61176e+07,2.14229e+07,0,0,0
Smp-147460.1_601_H5N2F1HexA1,5.76179e+06,1.04031e+07,5.00234e+06,9.20092e+06,4.15862e+07,1.02033e+07
Smp-125460.1_163_H2N4F3HexA1,9.11509e+06,3.30667e+07,2.67074e+07,1.77095e+07,1.63243e+07,1.15921e+07
Smp-146720.1_102_H4N3A1HexA1,7.52931e+07,3.11122e+07,4.06397e+07,5.63498e+07,5.23747e+07,6.1939e+07
Smp-067060.1_183_H1N2,3.64715e+08,3.48052e+08,5.51628e+08,2.08797e+08,2.42126e+08,2.37994e+08
Smp-002600.1_99_H2N4F3HexA1,1.14633e+09,1.16002e+09,1.07009e+09,2.75132e+09,2.84919e+09,2.54832e+09
Smp-031730.1_108_H1N3F2HexA1,118121,0,3.52642e+06,3.68134e+06,4.50484e+06,2.57881e+06
Smp-067060.1_183_H6N3HexA1Pen1,1.217e+08,1.45584e+08,1.59091e+08,1.04703e+08,1.03669e+08,7.29764e+07
Smp-104270.1_379_H4N3F1HexA1,1.11935e+08,1.11495e+08,1.20243e+08,8.42474e+07,3.6275e+07,5.03057e+07
Smp-308820.1_484_H2N3F1HexA1,0,1.38861e+06,2.47378e+06,884301,1.58459e+06,0
Smp-105450.1_103_H4N3F1HexA1,8.80734e+07,1.01363e+08,1.08115e+08,6.7736e+07,7.93853e+07,6.32941e+07
Smp-105450.1_103_H3N2F2,2.35268e+08,3.09067e+08,2.25936e+08,1.25816e+09,1.13738e+09,8.87759e+08
Smp-090080.1_249_H4N5HexA1Pen1,3.1175e+07,5.63061e+07,5.31153e+07,1.65388e+08,1.99599e+08,1.27866e+08
Smp-067060.1_183_H3N4F1HexA1Pen1,2.64975e+08,2.59959e+08,3.00695e+08,2.30453e+08,2.38845e+08,0
Smp-164760.1_230_H2N4HexA1Pen1,2.51245e+07,3.13782e+07,1.68418e+07,7.46693e+07,6.0653e+07,7.99499e+07
Smp-090080.1_249_H3N3F1HexA1Pen1,2.24611e+07,1.61365e+07,2.33986e+07,3.9839e+07,6.29314e+07,3.47407e+07
Smp-143730.1_937_H3N2F2,1.48619e+08,1.29231e+08,1.26639e+08,9.52167e+07,1.00842e+08,9.07745e+07
Smp-067060.1_183_H3N3HexA1Pen1,5.20283e+08,6.87063e+08,6.72281e+08,1.33247e+08,1.42264e+08,1.11538e+08
Smp-034420.1_57_H2N3F3HexA1,1.35518e+07,1.13208e+07,8.43834e+06,1.13672e+07,1.267e+07,1.39294e+07
Smp-002600.1_99_H3N2F2,3.90691e+07,6.11956e+07,7.0106e+07,2.7497e+07,3.15903e+07,3.14288e+07
Smp-143730.1_627_H2N2HexA1Pen1,1.34233e+08,1.37823e+08,1.22e+08,1.34491e+08,1.23994e+08,1.20776e+08
Smp-067060.1_183_H2N3F2HexA1,1.61339e+07,8.34584e+06,2.24228e+07,3.6458e+07,4.11581e+06,1.09337e+07
Smp-147430.1_414_H2N2HexA1Pen1,2.81176e+06,6.72833e+06,2.0268e+07,2.05495e+06,0,2.11485e+06
Smp-143730.1_627_H3N2F2,6.7762e+06,3.72141e+07,4.0639e+07,0,0,0
Smp-105450.1_58_H1N2F4A1HexA1Pen1,2.22791e+07,6.48122e+07,5.36613e+07,1.29028e+07,9.53471e+06,1.1696e+07
Smp-089670.1_1612_H4N3F2Pen1,1.47671e+08,1.76422e+08,1.93845e+08,1.00742e+08,8.14219e+07,2.33795e+07
Smp-067060.1_183_H1N2F3HexA1,3.04203e+07,2.37434e+07,2.74388e+07,4.96694e+06,3.11927e+06,2.2766e+06
Smp-128870.1_549_H2N2HexA1Pen1,1.34324e+08,4.9922e+06,1.02273e+08,5.71042e+07,8.46175e+07,7.90217e+07
Smp-090080.1_325_H3N3F1A1Pen1,1.67146e+08,1.3207e+08,1.83507e+08,6.12003e+07,6.01599e+07,9.93681e+07
Smp-067060.1_183_H2N2F1HexA1Pen1,1.93729e+08,2.07906e+08,2.41833e+08,5.47291e+08,8.22784e+08,5.15372e+08
Smp-089670.1_1182_H2N3F3HexA1Pen1,2.59027e+06,6.95986e+06,1.02396e+07,0,0,7.71244e+06
Smp-170280.1_83_H2N2HexA1Pen1,1.09962e+08,9.85209e+07,1.23693e+08,7.95046e+07,3.07939e+07,1.19533e+08
Smp-067060.1_183_H5N3HexA1Pen1,1.91747e+08,4.28253e+08,3.57913e+08,2.39018e+08,3.49293e+08,2.0808e+08
Smp-310170.1_2078_H4N2F1HexA1,2.31359e+07,1.15949e+07,8.72185e+07,1.7272e+07,2.50625e+07,2.76134e+07
Smp-158150.1_194_H5N2F1HexA1,3.13309e+07,5.56172e+07,0,0,0,0
Smp-053900.1_491_H6N3HexA1Pen1,1.81131e+08,1.12248e+08,1.21399e+08,8.16829e+07,5.18829e+07,3.1509e+07
Smp-000260.1_484_H1N2F2Pen1,4.35878e+08,4.21094e+08,3.84952e+08,2.87352e+08,4.02893e+08,3.19538e+08
Smp-011680.1_307_H2N6HexA1Pen1,1.42238e+08,1.11226e+08,5.0138e+07,2.19617e+08,2.61191e+08,2.76673e+08
Smp-333880.1_706_H2N2HexA1Pen1,1.08535e+08,1.35713e+08,1.16944e+08,1.90488e+08,1.84324e+08,1.91144e+08
Smp-092150.1_58_H2N2HexA1Pen1,8.03104e+07,7.42624e+07,8.61297e+07,1.83081e+08,1.5776e+08,1.8528e+08
Smp-245580.1_841_H1N2F2HexA1,2.03724e+07,1.43158e+07,2.1756e+07,9.31158e+07,9.48374e+07,7.94452e+07
Smp-090080.1_325_H4N5Pen1,2.61194e+08,1.20931e+08,1.06291e+08,3.38123e+09,3.80142e+09,3.25114e+09
Smp-149400.1_264_H3N2F1HexA1,1.06342e+07,5.27574e+06,9.37186e+06,1.9163e+07,1.31459e+07,4.85012e+07
Smp-136730.1_348_H3N2F2,1.73e+07,1.25636e+07,1.62308e+07,8.54046e+06,1.88102e+07,1.04316e+07
Smp-067060.1_183_H2N3HexA1Pen1,1.86035e+09,2.39308e+09,2.40717e+09,8.90311e+08,1.09221e+09,4.45793e+08
Smp-042020.1_119_H4N4F1HexA1Pen1,8.18457e+07,1.21595e+08,1.43264e+08,2.56593e+07,5.85851e+07,3.88817e+07
Smp-067060.1_183_H1N3F3HexA1,1.85215e+07,1.60969e+07,2.3079e+07,0,0,0
Smp-067060.1_183_H1N3F2HexA1,6.82397e+07,1.12492e+08,1.25782e+08,3.97161e+06,3.45638e+06,6.94335e+07
Smp-340540.1_202_H4N2F1HexA1,1.53961e+07,1.05479e+07,1.08556e+07,7.35161e+06,1.2119e+07,1.17827e+07
Smp-075800.1_268_N2F1,2.21168e+07,2.15145e+07,3.37092e+07,0,2.02622e+07,2.17939e+07
Smp-067060.1_183_H3N2F1HexA1,2.24623e+07,2.05433e+07,4.8693e+07,5.40466e+06,1.12389e+07,9.44628e+06
Smp-143730.1_937_H1N2F3HexA1,1.97472e+07,2.76622e+07,2.43597e+07,2.37072e+06,8.24661e+06,1.36426e+07
Smp-084890.1_344_H2N4F2HexA1,6.59021e+07,9.07572e+07,6.62889e+07,2.09512e+07,2.83609e+07,1.20605e+07
Smp-246770.1_292_H3N7F2Pen1,6.21531e+07,4.04262e+07,7.89843e+07,1.42732e+08,6.26946e+06,1.18847e+08
Smp-005230.1_205_H2N2F1HexA1Pen1,7.65571e+07,8.19107e+07,6.9935e+07,9.15199e+07,5.20243e+07,8.04106e+07
Smp-090080.1_325_H3N2F1A2Pen1,8.42501e+07,1.01592e+08,8.65488e+07,1.12457e+08,8.3183e+07,1.05419e+08
Smp-041460.1_175_H3N4F4,2.71404e+07,3.88016e+07,3.83321e+07,9.67486e+06,1.19437e+07,1.62838e+07
Smp-309250.1_40_H6N5F2,1.06342e+08,9.36878e+07,9.14246e+07,3.49089e+06,0,0
Smp-075800.1_268_N2F2HexA1,1.11603e+06,5.06175e+06,4.36061e+06,2.48191e+06,2.79466e+06,1.75762e+06
Smp-152940.1_473_H1N3F2HexA1,659081,758579,619763,1.28844e+06,2.67033e+06,584640
Smp-090080.1_249_H2N6HexA1Pen1,1.21241e+08,1.85531e+08,1.20502e+08,2.38525e+08,2.61552e+08,2.27981e+08
Smp-170550.1_699_H6N2F1HexA1,3.14738e+06,7.17999e+06,7.02926e+06,1.0933e+07,9.79615e+06,1.05913e+07
Smp-005720.1_147_H1N4F2HexA1,0,1.10095e+07,0,2.36642e+07,1.4752e+07,9.87214e+06
Smp-146720.1_1010_H2N3F3HexA1,3.28865e+07,3.08145e+07,3.27429e+07,1.97523e+07,2.73142e+07,2.41512e+07
Smp-179660.1_362_H2N2F2,2.06295e+07,2.85116e+07,3.03986e+07,1.88688e+07,3.08227e+07,1.75635e+07
Smp-034420.1_57_H3N2F2Pen1,7.82175e+06,2.59733e+07,4.53001e+07,1.50042e+07,2.24265e+07,3.4054e+07
Smp-210370.1_183_H3N2F1HexA1,6.95192e+07,3.03726e+07,5.229e+07,4.22214e+07,3.84317e+07,4.66093e+07
Smp-348070.1_81_H2N2F4Pen1,1.43835e+08,1.21945e+08,1.49144e+08,4.11934e+08,3.69454e+08,3.73639e+08
Smp-146250.1_200_H3N2F2Pen1,6.04776e+07,4.70447e+07,5.77073e+07,4.98306e+07,1.53576e+07,1.83938e+07
Smp-146250.1_200_H3N2F2,4.19422e+08,3.66034e+08,3.718e+08,2.18967e+08,2.79327e+08,2.20817e+08
Smp-025830.1_45_H2N4F1HexA1Pen1,1.18712e+08,1.0231e+08,0,7.7087e+07,7.50186e+07,8.13264e+07
Smp-025830.1_45_H3N3HexA1Pen1,1.2775e+07,3.95714e+07,0,1.35279e+08,1.82039e+08,1.26908e+08
Smp-105450.1_103_H4N4F2HexA1,2.41228e+08,1.45064e+08,9.84176e+07,1.50233e+08,1.50322e+08,8.16988e+07
Smp-134050.1_71_H2N2HexA1Pen1,1.76265e+07,1.70027e+07,1.49616e+07,2.76363e+07,3.44267e+07,3.87323e+07
Smp-041550.1_72_H3N6F2Pen1,1.98029e+07,4.45893e+07,2.04858e+07,0,0,0
Smp-143730.1_937_H2N4HexA1Pen1,1.90572e+07,2.43432e+08,2.36298e+08,4.53024e+07,7.41161e+07,5.19391e+07
Smp-034420.1_57_H2N4HexA1,0,5.61979e+06,2.78201e+06,2.37257e+07,2.89194e+06,4.01564e+06
Smp-167240.1_401_H1N2F2HexA1,5.31974e+07,1.94161e+07,2.59269e+07,7.88125e+07,6.02035e+07,9.4866e+07
Smp-127820.1_496_H2N6HexA1Pen1,1.05904e+08,1.15014e+08,1.0356e+08,2.64749e+08,2.5912e+08,2.24959e+08
Smp-000755.1_137_H2N6F1HexA1Pen1,1.04917e+08,1.32157e+08,1.73613e+08,1.53607e+08,1.16908e+08,1.75794e+08
Smp-089670.1_1182_H3N2F2Pen1,4.58755e+07,4.68273e+07,6.44352e+07,0,0,0
Smp-146250.1_200_H1N2F2HexA1,9.74037e+06,1.38424e+07,1.95802e+07,2.34935e+07,4.85003e+07,3.77502e+07
Smp-105450.1_58_H3N5F4HexA1,1.18775e+07,1.73163e+07,1.42224e+07,1.80824e+07,9.51853e+06,7.88943e+06
Smp-306910.1_1046_H2N2F1HexA1,0,0,0,3.13613e+06,1.33189e+07,6.65837e+06
Smp-090080.1_325_H2N2F1A2Pen1,0,0,0,4.74278e+07,7.81697e+07,5.94558e+07
Smp-146720.1_1010_H2N2F2Pen1,4.26922e+08,3.48533e+08,2.91812e+08,1.1297e+08,8.45847e+07,1.18823e+08
Smp-067060.1_183_H3N4F2HexA1Pen1,9.22911e+07,1.03425e+08,1.3966e+08,1.28648e+08,1.03329e+08,9.58864e+07
Smp-343280.1_224_H2N4HexA1Pen1,8.15554e+06,0,9.67505e+06,4.80041e+07,3.40509e+07,2.91553e+07
Smp-173940.1_148_H1N2F2HexA1,6.53522e+06,3.13105e+06,1.78585e+07,1.35247e+07,6.0062e+06,9.41238e+06
Smp-341660.1_129_N2F2HexA1,1.42608e+06,5.36767e+06,0,4.25104e+06,4.74375e+06,5.94198e+06
Smp-170350.1_263_H2N2F1HexA1,9.17136e+07,7.84786e+07,9.92616e+07,1.14625e+08,1.47052e+08,1.20666e+08
Smp-210370.1_183_H2N2F1HexA1,7.21522e+06,6.12112e+06,1.23455e+07,0,0,0
Smp-128230.1_284_H1N2HexA1Pen1,2.03169e+08,3.21529e+08,2.23975e+08,1.25001e+08,1.28159e+08,1.0243e+08
Smp-005230.1_225_H3N2F2,1.41664e+08,2.22286e+08,2.18511e+08,1.2865e+08,1.35491e+08,1.81716e+08
Smp-146720.1_1377_H3N2F2Pen1,3.05243e+07,1.69774e+07,3.59505e+07,0,0,0
Smp-090080.1_325_H2N3F2HexA1,0,0,9.27774e+06,3.48494e+07,3.02656e+07,4.63269e+07
Smp-088950.1_759_H1N2F1HexA1,2.11066e+06,0,1.05187e+06,1.57729e+06,3.81701e+06,0
Smp-143730.1_937_H4N2F1HexA1,6.24861e+06,1.32753e+07,1.52062e+07,6.42289e+06,1.39443e+07,1.28035e+07
Smp-050270.1_281_H3N4A2HexA1,7.50303e+07,6.13927e+07,6.82532e+07,0,0,1.86019e+07
Smp-125250.1_83_H3N3F1HexA1Pen1,1.44122e+08,1.4259e+08,1.53464e+08,4.83262e+08,3.95846e+08,3.5822e+08
Smp-025830.1_194_H3N6F2Pen1,2.49347e+09,1.76014e+07,2.1238e+07,2.72751e+08,2.56008e+08,3.01924e+08
Smp-327360.1_253_N2F2HexA1,3.31431e+06,4.34366e+06,2.26784e+06,593546,0,0
Smp-308820.1_630_H3N2F2,4.65247e+08,5.62688e+08,1.1566e+08,1.76369e+08,2.01883e+08,1.77168e+08
Smp-170350.1_298_H8N5F2,4.85961e+07,3.49509e+07,4.75435e+07,5.8231e+07,5.87882e+07,4.37488e+07
Smp-000755.1_547_H4N2F2,5.14462e+07,7.27766e+07,1.3863e+08,2.68863e+08,3.22242e+08,2.66798e+08
Smp-156630.1_516_H3N6F1,1.33612e+07,2.13567e+07,3.53199e+07,6.38186e+08,7.06554e+08,3.51665e+08
Smp-067060.1_183_H1N3F1HexA1Pen1,7.37332e+08,7.14042e+08,7.91694e+08,1.67168e+08,1.76587e+08,1.87711e+06
Smp-302090.1_148_H3N3F1HexA1Pen1,5.29833e+07,5.13495e+07,6.42797e+07,6.47739e+07,8.69018e+07,5.1439e+07
Smp-147680.1_67_H1N2F1HexA1,5.46792e+06,5.59139e+06,2.97265e+06,3.82608e+06,0,0
Smp-017730.1_1118_H1N4F2HexA1,2.31408e+07,3.69692e+07,6.41915e+06,1.30749e+07,1.62981e+07,1.20111e+07
Smp-245050.1_197_H3N4F1,1.05986e+09,7.45128e+08,1.46679e+09,3.76143e+09,2.82487e+09,2.19331e+09
Smp-127620.1_1178_N2F1,3.43384e+08,4.05607e+08,1.51951e+08,4.90972e+08,8.63091e+08,1.01508e+09
Smp-313560.1_398_H1N6F4HexA1,7.33718e+07,5.65818e+07,5.05781e+07,3.86769e+07,5.48513e+07,5.109e+07
Smp-092150.1_58_H3N2F2,6.68347e+08,6.24015e+08,4.40609e+08,1.83068e+09,1.352e+09,8.27329e+08
Smp-153390.1_166_H3N6F1,0,0,0,7.22692e+07,6.75706e+07,6.1507e+07
Smp-090080.1_249_H1N10F1,3.65787e+07,3.11001e+07,8.48393e+06,4.09728e+07,3.79983e+07,1.46985e+07
Smp-194910.1_102_H3N2F2,4.33554e+07,9.29996e+07,4.34861e+07,2.01903e+08,1.80228e+08,2.04106e+08
Smp-341660.1_143_H3N2F2,842361,9.14687e+06,0,1.42672e+07,1.88354e+07,1.23328e+07
Smp-179660.1_528_H5N4F2Pen1,0,2.05194e+07,2.25068e+07,3.53903e+07,5.65821e+07,5.2426e+07
Smp-090080.1_152_H3N2F3,0,0,5.52005e+06,8.56539e+07,1.86047e+08,7.83378e+07
Smp-156630.1_743_H6N3,6.24775e+06,0,914309,7.03156e+07,7.44755e+07,7.88868e+07
Smp-025830.1_45_H4N3F3Pen1,0,0,0,7.29583e+07,5.20548e+07,7.3324e+07
Smp-025830.1_45_H3N2F2Pen1,0,2.39489e+06,0,8.26677e+08,7.57711e+08,7.64063e+08
Smp-127710.1_87_H3N6F3,0,0,0,1.36041e+08,1.15005e+08,1.47029e+08
Smp-123670.1_39_H4N3F3Pen1,4.27898e+07,2.72558e+07,3.60651e+07,1.19842e+08,3.19968e+07,6.05943e+07
Smp-332540.1_129_H1N2F1,0,8.98097e+06,1.029e+07,2.26391e+07,1.73307e+07,1.94368e+07
Smp-146720.1_1114_H7N3F1Pen1,1.24101e+07,2.49623e+07,1.2713e+07,1.94394e+07,1.33281e+07,0
Smp-342130.1_741_H2N2F1,3.02215e+07,3.05959e+07,1.67244e+07,4.92013e+07,4.36638e+07,3.84729e+07
Smp-017730.1_1118_H2N5F1,4.78019e+07,1.98457e+07,1.57683e+07,3.73119e+08,4.53201e+08,3.40119e+08
Smp-170280.1_903_H5N4F2,2.00308e+07,1.30362e+07,1.51716e+07,4.91209e+07,5.12182e+07,4.89425e+07
Smp-089100.1_601_H2N4F3Pen1,2.64472e+07,4.04988e+07,5.25297e+07,1.49424e+08,1.17485e+08,8.70875e+07
Smp-041550.1_72_H3N4F1,2.37666e+07,2.40439e+07,1.33367e+07,4.81901e+07,5.47556e+07,7.61569e+07
Smp-153390.1_166_H3N6F3,0,0,0,2.45137e+08,2.83264e+08,2.25937e+08
Smp-000755.1_137_H3N2F2,1.60033e+07,3.18416e+07,3.13537e+07,3.72668e+07,4.05283e+07,3.50416e+07
Smp-212710.1_488_H4N3F2,1.16733e+08,7.46274e+07,5.73859e+07,1.29423e+08,1.3342e+08,1.04624e+08
Smp-005230.1_225_H3N5F1,3.05547e+08,2.59071e+08,3.05806e+08,1.68816e+08,1.66514e+08,1.94793e+08
Smp-090080.1_152_H4N3,0,5.66183e+06,0,3.54401e+07,2.91182e+07,3.27212e+07
Smp-005720.1_147_H2N6F1,2.02089e+07,1.75138e+07,0,5.11687e+07,2.63678e+07,4.68605e+07
Smp-172180.1_39_H4N4F2,0,2.32693e+07,2.38448e+07,5.68919e+07,5.53051e+07,6.98416e+07
Smp-153390.1_166_H3N6F2,0,0,4.39972e+08,3.42995e+08,3.55325e+08,3.43618e+08
Smp-130520.1_241_H4N3F1,1.46275e+08,1.57875e+08,1.53586e+08,6.17172e+07,3.99631e+07,6.26547e+07
Smp-194050.1_289_H3N2F1,0,0,0,3.9254e+07,4.0811e+07,3.67021e+07
