ID,AD_Hipp_1,AD_Hipp_2,AD_Hipp_3,AD_PFC_1,AD_PFC_2,AD_PFC_3,AD_SN_1,AD_SN_2,AD_SN_3,AD_Str_1,AD_Str_2,AD_Str_3,Old_Hipp_1,Old_Hipp_2,Old_Hipp_3,Old_PFC_1,Old_PFC_2,Old_PFC_3,Old_SN_1,Old_SN_2,Old_SN_3,Old_Str_1,Old_Str_2,Old_Str_3,PD_Hipp_1,PD_Hipp_2,PD_Hipp_3,PD_PFC_1,PD_PFC_2,PD_PFC_3,PD_SN_1,PD_SN_2,PD_SN_3,PD_Str_1,PD_Str_2,PD_Str_3,Young_Hipp_1,Young_Hipp_2,Young_Hipp_3,Young_PFC_1,Young_PFC_2,Young_PFC_3,Young_SN_1,Young_SN_2,Young_SN_3,Young_Str_1,Young_Str_2,Young_Str_3
P97300_196_H5N2,11274.3,15099,3633.86,10765.1,10923.1,9017.06,2501.62,739,31641.2,17992.3,3892.71,5807.66,16045,10604.5,11166.9,32152.4,19856.6,5196.27,2482.72,7235.59,1192.56,10717.3,14490.5,24220.4,37520.7,57596,26288.5,22994.8,13878.4,6243.1,6547.75,4705.41,19303.5,64464.3,52803.7,13193.7,26725.7,17991.9,26096.9,15597.2,20931.2,10638.1,6450.26,7668.84,6337.01,47256.5,46170.3,36049.8
P15209_241_H5N2,68869,73730.1,23422.2,9078.26,365318,121290,17616.4,23429.5,101487,53426.1,19698,17301.7,101317,57703.7,101987,171841,202710,139215,17020.3,48326,26397.5,31339.3,38449.7,26339.5,71071.7,198540,97343.3,89009.7,140318,21915.8,34281,27675.8,68959.3,45170.9,50965.5,17858.4,178242,87889.3,91281,176173,158798,128194,51445.1,55343.3,33574.2,80203.6,62389.1,73543.9
P15209_241_H3N2,3102.44,4223.77,1752.29,7518.68,11159.7,7846.88,1118.47,1223.86,6607.69,3849.88,1006.75,679,4495.36,3087.77,4455.13,9316.93,7541.82,9408.21,1214.34,6123.47,1723.99,2222.15,1290.95,2813.8,6185.96,13794.5,7117.56,16635.1,1847,3737.13,2089.82,2545.83,6957.68,4992.73,6991.71,1944.1,13875.6,5364.29,6199.45,19906.2,13207.8,8402.4,5756.65,10033.8,3897.01,11109.9,7994.41,2885.75
P13595_348_H4N5F2,4738.78,3039.74,5440.28,0,0,0,154,197,303,0,0,0,977,1547.75,714,0,0,0,2440.25,3886.03,3088.41,0,0,0,2377.11,10268.9,5839.95,0,0,0,4594.05,7675.45,6504.86,1903.71,3326.68,1128.08,1527.5,1486.47,1722.15,0,0,0,243,225,301,1591.47,409,1076.81
P97797_92_H5N2,59529.5,17778.6,43818.5,99814.4,142997,226517,2719.41,59.6,190,3846.76,1231.06,23251.8,203786,179341,298023,364997,36741,14990.3,30689.1,60531.7,30903.6,24950.5,5671.46,26866.9,239878,272783,185051,179587,261538,122628,13257.4,32304.8,149672,170763,129607,117912,142000,89323.6,145182,159628,464269,302362,131807,92458.4,90410.6,265508,344971,432421
P22723_246_H5N2,2475,4212.9,649,3117.35,2156.76,4197.88,426,156,1358.3,0,0,0,2714.8,2798.14,8304.58,793,3563.73,2927.49,328,327,164,0,0,0,5991.76,3354.25,2081.71,12748.3,13224.2,2120.49,1883.97,3288.59,15197,5680.02,3604.58,2927.13,7553.53,7545.55,10869.7,8788.96,8695.76,10017.5,4028.54,3103.89,1648.64,5852.3,5261.33,7983.43
O08530_30_H6N5F4,2257.56,838,384,620,325,807,0,0,0,0,0,0,3486.27,1229.84,1603.52,510,814,1823,60.5,320,156,0,0,0,3430.47,4450.24,2252.77,1247.55,1177.58,588,0,0,0,1913.11,1388.05,845,2370.14,1919.03,3768.29,957,2090.06,1023.19,316,388,316,1875.05,1383.56,2819.18
P97300_196_H4N2,2362.32,1994.22,610,0,0,0,781,156,1173.99,5709.93,1049.85,1651.81,4618.16,3885.73,3310.4,3282.96,3583.84,4153.4,1276.56,1338.33,236,0,0,0,1088,4041.16,1711.93,4046.5,5839.99,1839.61,1477.45,1121.02,1389.82,17026.6,17828.7,4519.77,5002.56,3675.34,5889.25,4983.41,6406.16,5091.91,5618.02,1709.23,810,11364.1,12310.4,11886.7
P97300_196_H6N3F2,8443.23,3429.46,1117.15,3782.6,1648.48,2234.81,365,713,4533.6,0,0,0,1355.59,1031.06,4472.74,4383,2619.85,11129.4,179,3136.16,410,0,0,0,7290.91,20338.7,9096.78,10615.4,10654.7,2778.31,2623.1,1827.42,9636.2,7123.34,6382.35,4021.86,6894.88,5371.69,4833.08,7101.05,9970.8,9178.68,3281.35,3709.14,2453.04,0,0,0
P15209_241_H9N2,670,334,338,300,433,827,0,0,0,0,0,0,525,671,683,14163.9,883,1384.16,77.7,259,97,0,0,0,0,0,0,286,282,672,0,0,0,0,0,0,396,197,188,226,348,378,430,843,313,0,0,0
P97300_196_H6N4F2,24059.9,8798.31,3590.19,34887.1,24848.8,26775.9,1374.52,1323.14,16782,15300.1,7096.43,4721.51,18956.1,21880.3,31632.3,29332.3,51601.1,83470.7,2103.7,8278.22,3095.54,3300.73,6787.97,4393.14,56797.6,101910,73756.9,52739.8,94219.4,32283.4,6102.25,240,825,17685.2,5549.09,57706.6,23313.7,20890.4,35228.8,46877.9,49225.3,54593.6,18323.8,5035.19,6002.55,13110.7,16191.3,60368.7
P15209_241_H6N3F1,805,744,333,738,656,782,0,0,0,0,0,0,0,0,0,6138.88,1094.92,1352.55,0,0,0,0,0,0,0,0,0,313,213,666,0,0,0,0,0,0,0,0,0,413,381,585,0,0,0,0,0,0
P15209_241_H6N2,1008.66,1128.47,1143.13,2561.54,862,1458.24,691,96.6,2006.84,0,0,0,629,1390.02,832,2845.34,2024.84,2320.74,693,1837.08,684,0,0,0,1026.36,2392.32,1141.59,1166.47,96.3,676,912,763,1103.85,294,602,2071.15,694,1333.93,715,1161.34,1128.32,925,355.2,1642.7,1307.9,0,0,0
P15209_241_H4N2,2866.09,3288.11,1323.56,3976.84,11578,14997.2,1148.58,603,6082.47,3664.26,1255.89,1036.47,4140.67,3141.07,3885.36,7522.39,6896.33,5706.17,1469.39,4454.5,1666.37,542,1364.34,2587.77,4793.76,11173,5199.04,9414.67,16747.7,3105.09,3986.13,2458.55,7897.18,184,2602.92,2148.32,9269.78,5033.87,7811.92,24239.3,26361.9,7515.87,7528.56,6470.54,3232.38,6010.74,6088.62,1961.61
P15209_241_H5N3,468,783,241,1180.36,1405.94,1877.96,0,0,0,0,0,0,412,533,473,1727.03,1497.85,1918.58,0,0,0,0,0,0,0,0,0,318,423,231,0,0,0,0,0,0,0,0,0,557,337,360,192,109,351,0,0,0
P15209_241_H6N3F2,721,599,193,1020.39,359,1030.3,0,0,0,0,0,0,518,715,718,1778.42,2898.6,1551,0,0,0,0,0,0,0,0,0,753,1076,800,0,0,0,0,0,0,996,1056,870,1054,1288,1563,0,0,0,0,0,0
P15209_241_H5N4,390,445,256,393,729,697,0,0,0,0,0,0,406,309,567,1246.39,1319.4,1135.72,0,0,0,0,0,0,0,0,0,322,377,237,0,0,0,0,0,0,0,0,0,0,0,0,509,291,523,0,0,0
P97300_196_H4N4F2,5190.49,3476.43,686,2896.65,4581,11503.4,0,0,0,4547.99,3963.38,3053.13,1582.95,1741.94,2910.97,682,1202.09,3564.44,389,2213.52,204,1413.03,8981.03,772,0,0,0,0,0,0,0,0,0,9269.04,9178.14,3448.41,0,0,0,0,0,0,2803.31,2556.15,1831.45,0,0,0
P02468_1437_H5N2,2038.45,3101.9,695,626,920,1226.84,73.9,119,1124.97,1877.65,106,46.7,362,140,181,0,0,0,0,0,0,0,0,0,0,0,0,0,0,0,0,0,0,0,0,0,0,0,0,0,0,0,0,0,0,500,417,1076.81
P13595_348_H3N5F1,455,1980.77,913,0,0,0,270,239,2468.7,0,0,0,603,646,613,0,0,0,496,1441.57,370,0,0,0,0,0,0,0,0,0,0,0,0,0,0,0,0,0,0,0,0,0,813,5061.17,765,0,0,0
P15209_241_H5N4F1,1812.68,1631.42,477,1895.8,581,1108.03,160,86.4,5023.56,0,0,0,1034,805,1563.51,2281.41,4360.46,2101.9,268,499,225,0,0,0,1227.61,1992.85,1405.99,785,1256.89,507,1144.96,333,347,0,0,0,0,0,0,979,704,828,592,844,241,0,0,0
Q80TS3_676_H5N2,1702.83,1534.35,624,2312.79,2692.76,4869.28,716,286,699,1004.62,1032.33,833,2094.02,1179.63,930,2179.45,4663.71,2162.14,783,273,636,625,1275.92,3290.38,2093.08,400,6317.68,3205.52,4753.06,1227,1519,1390,2783.78,5250.95,2913.57,2185.42,923,1934.3,2567.26,4285.23,4668.99,1439,2133.99,575,1286.39,6135.48,3539.79,7667.37
P15209_241_H4N2F1,2933.01,841,29,1426.24,1908.34,998,0,0,0,0,0,0,158,490,1016.21,389,688,1331.81,0,0,0,0,0,0,238,241,359,255,292,467,0,0,0,0,0,0,0,0,0,0,0,0,0,0,0,0,0,0
P15209_241_H3N2F1,77.8,271,142,591,319,448,0,0,0,0,0,0,164,227,280,0,0,0,0,0,0,0,0,0,0,0,0,0,0,0,0,0,0,0,0,0,0,0,0,251,166,113,0,0,0,0,0,0
P15209_241_H4N4F1,1940.84,889,408,1859.26,2343.95,1801.11,0,0,0,0,0,0,2541.93,889,1128,1779.52,1868.43,1608.58,68.3,528,154,0,0,0,0,0,0,2724.94,1216,1299,0,0,0,227,499,717,896,895,822,2417.95,2054.78,413,0,0,0,0,0,0
P97300_196_H4N5F2,8490.89,7736.8,4732.91,0,0,0,642,2070.42,10693.8,15611.4,13174.6,7580.8,6463.31,4726.44,12447.8,13288.3,5904.75,2742.92,1495.34,3425.2,2213.18,14500.8,31279.4,15431.1,1026.2,3301.15,2787.02,9466.14,15977.8,3885.61,0,0,0,12721.2,10072.8,2896.21,17567.5,12441,8564.38,18950.5,2465.92,9160.99,7863.67,9390.94,5283.74,6376.72,10879.9,6809.56
P26049_163_H6N2,2624.1,167,89,0,0,0,0,0,0,0,0,0,476,271,511,464,3241.52,2431.97,166,379,95.5,0,0,0,0,0,0,3505.01,2165.05,1822.31,0,0,0,0,0,0,0,0,0,0,0,0,0,0,0,0,0,0
Q810U4_217_H9N2,679,210,351,520,362,246,0,0,0,0,0,0,293,345,131,1161.89,763,1791.86,233,348,221,0,0,0,0,0,0,301,239,305,0,0,0,0,0,0,0,0,0,0,0,0,207,711,222,0,0,0
Q810U4_217_H8N2,2198.55,1816.14,2028.86,1330.73,4321.34,1587.83,2153.36,2258.28,4199.36,1449.65,1530.52,1104.25,1984.84,2795.87,3589.2,3242.56,3954.11,4639.33,2340.99,1829.55,939,356,919,562,5538.22,9511.62,4474.44,2082.97,3160.07,4631.61,6668.77,5090.54,15330.4,1783.76,517,4980.39,2572.58,2338.5,2437.7,4472.31,3491.64,2393.38,7138.06,6581.52,5485.83,1482.92,2217.61,2331.66
Q810U4_217_H7N2,2637.25,4189.53,3073.94,5637.77,6655.76,6315.65,1667.31,2377.95,8508.42,2950.51,1005.53,1186.67,9246.5,4981.56,6129.21,6793.35,5682.95,12994.3,4111.95,6603.1,2784.1,3503.73,2390.08,3126.47,15588.7,22874.9,6265.53,13403.1,15650.2,5329.67,8487.99,7192.05,11571.9,2410.83,4236.3,4894.11,8605.84,15161.6,9881.98,11033.5,13349.2,18083.9,12109.9,9808.66,5880.12,6449.77,6729.93,5953.2
Q810U4_217_H6N2,15986.2,29127.6,9454.32,20329.8,48556.8,29617.3,3916.04,7143.59,64694.4,34323.2,5841.41,7784.23,28110.2,24465.5,63873.1,24041,38966.2,26937.2,5141.44,21437.8,5215.7,13042.9,12072.7,61463.6,51211.1,106103,153804,56146.3,56603.1,17305.7,22430.2,33350.6,58277.6,30660,28876.3,51593.6,64598.8,45268.9,39767.5,73418.5,84780.5,80485.4,37538.3,21673.2,19234.1,32573.5,38335.1,43191
P97300_196_H3N4F1,524,543,257,444,241,346,128,83.9,1589.82,0,0,0,912,556,1653.11,9382.7,4788.35,6084.73,2014.42,6685.18,2268,11479.5,15019.2,12167.7,14287.4,36481.1,6643.25,21106.9,17595,2155.07,770,635,1901,3036,2427.43,2115.86,13057.2,14185.2,38062.4,2559.71,2441.03,2029.55,1057,1514,795,3651.61,3406.01,5173.06
Q810U4_217_H5N2,240504,14735,28862.3,212531,344317,292669,23148.1,19791.6,664496,282001,102851,93137.4,717269,303378,516491,503689,157057,156158,45537,71628.4,23018,99325.9,125574,141366,3948.54,62408.1,369021,208169,2842.56,59875.3,37203.7,51998.4,178816,310902,225810,39708,158842,297862,18726.9,268806,275198,300808,0,0,0,1793.96,631,937
Q810U4_217_H4N2,3974.65,3724.51,636.7,1123,8165.02,4638.88,260,421,8336.04,5846.19,840,2143.81,4213.68,4435.57,11049.1,6357.36,3134.81,1832.52,260,239,72.6,1405.62,2085.23,1189.56,7776.13,2562.55,8143.54,300.2,7366.84,109.7,1277.36,558,279,6180.54,1551.35,1723.27,10887.4,7432.18,8097.95,226,765,473,1319.03,1039.19,864,8719.39,9250.3,6401.22
Q810U4_217_H3N2,189,108,56.1,484,999,468,231,25.4,370,421,139.9,271,991,1032,626,0,0,0,0,0,0,194,400,541,1980.43,768,1454,1759.8,1518.3,227,1243.2,337.7,2717.95,1160,1033,194.8,1476.46,2182.69,2436.67,1596,1860.6,1041.6,288.9,370,406,1338,6917.96,1978.25
Q64676_442_H8N2,188,214,271,0,0,0,74.5,83.1,771,0,0,0,433,189,313,802,218,359,1149.82,988,525,481,1376.71,764,324,296,2178.57,211,74.4,221,1194.04,503,2566.12,764,221,561,0,0,0,0,0,0,1676.29,1580.73,872,0,0,0
P26048_138_H6N2,153861,357971,121301,258421,238342,264630,122867,43036.3,216486,146387,51828.1,126114,155528,162023,273722,146899,213981,133004,66027.9,228255,58238.7,44582.4,55910.6,53641,88756,167736,161711,67019.4,285569,139561,107981,107434,54539.9,29156.2,16723.8,51631,275924,169093,132816,346534,354194,190750,102584,85383.5,92173.8,42642.7,50298.6,87212
P26048_138_H5N2,3942.49,5184.48,1796.34,3597.47,12024.7,5162.05,1033,804,3191.84,1287.39,2013.49,1064.97,2144.28,2264.72,3017.47,2230,2724.54,3728.46,442,2642.81,894,125,413,279,2256.46,3485.37,1312.55,5237.68,7509.88,4315.63,4479.47,3682.02,4717.33,1286.14,1809.36,2646.47,6282.23,2283.16,3202.36,5786.72,12701.1,3067.11,4878.93,8534.35,1853.86,1797.57,488,1142.5
P26048_138_H3N2,1763.69,810,402,1017,2413.38,1934.64,110,46.9,1079.28,103,200,278,665,351.9,657,2986.69,1529,1597.72,162.5,464.2,121.5,0,0,0,679,578.5,1021,1977.96,797,1014,477,259.8,672,544.9,594.6,553.7,1103,704.7,343,1413.22,1940.03,617,1385,1984,701,317,365,297
P26048_138_H4N2,8958.43,6623.91,2453.36,8826.77,6224.59,11550,2181.16,2198.04,10505.7,11368.4,2093,1339,8256.9,2340,3391.78,24891.7,6468.84,5732.16,2749.69,3322.83,1710,810,1676.95,858,2805.26,2364.42,2028.06,5621.87,3953.12,1587.2,2024.75,1463,4256.91,1013,446,1201,4560.73,3706.01,3213.88,8761.48,8287.51,4613.57,2897.95,5587.38,2193.08,1948,1351,5100.3
P16305_128_H8N2,6436.07,1926.26,456,969,314,1650.09,0,0,0,0,0,0,10644.1,9151.45,12776.1,6364.88,1810.14,4522.92,0,0,0,0,0,0,20112.7,19909,8437.45,5795.44,2007.98,2121.02,476,88.9,1275.06,915,925,1902.88,15736.3,16630.1,7825.21,843,1857.97,3162.06,0,0,0,0,0,0
Q9QZC2_717_H9N2,445,451,119,0,0,0,0,0,0,0,0,0,227,346,920,1317.84,1293.29,511,201,259,70.8,0,0,0,0,0,0,0,0,0,331,211,356,217,245,109,0,0,0,940.3,1534.71,1311.1,502,449,331,574,359,1514.97
Q9QZC2_717_H8N2,2343.02,654,472,3108.52,3736.22,6166.7,244,612,1818.7,4454.26,317,494,2640.46,1812.2,2259.87,4778.38,3919.24,4825.78,0,0,0,664,934,1049.2,0,0,0,315.8,734,795,1201.69,449,1822.53,1162.69,1394.7,1223.73,2608.06,986,2514.21,167,403,379,2857.27,1791.49,714,2102.82,1888.09,12379.9
Q9QZC2_717_H7N2,1186.23,865,598,1891.66,2829.34,1142.4,0,0,0,0,0,0,542,1067.78,789,2549.76,1422.77,1604.27,415,557,205,0,0,0,0,0,0,1749.98,1535.5,761,947,662,1023.84,1706.44,237,1271.93,3050.25,373,421,1055.72,4826.89,1475.85,1008.74,678,603,0,0,0
Q9QZC2_717_H6N2,392,964,121,958,3256.28,646,56.2,275,644,0,0,0,449,702,304,1388.84,1359.84,1760.7,96.7,179,53,0,0,0,765,920,856,603,657,626,530,113,323,1170,147,215,0,0,0,919,953,568,900,776,130,583,466,1246.55
Q9CPW0_436_H9N2,468,174,79.3,0,0,0,0,0,0,0,0,0,900,463,743,0,0,0,0,0,0,0,0,0,0,0,0,949,617,1136.25,0,0,0,619,1305.03,330,890,703,699,0,0,0,330,136,177,795,1147.63,4480
P97300_228_H3N2,692,997,162,895,2182.82,2299.86,192,74.4,4366.08,4252.65,1651.81,1610.44,1022.24,1469.2,2970.98,685,1780.08,491,0,0,0,2425.22,1521.63,1452.53,10887.8,15056.1,12209.7,23476,22974.9,2497.62,3145.17,2123.59,30787.3,19353.1,43114.1,1918.68,12072.4,6261.49,15479,26862.2,33656.2,20208.6,4365.68,1725.54,1427.51,20087.3,34402.3,42714.1
P11881_2503_H4N2,569,541,227,143,363,475,598,151,6562.03,2180.51,791,545,393,202,370,0,0,0,134,127,234,820,1384.78,322,1414.08,133,791,3118.68,3136.91,2004.82,625,1380.39,1259.6,663.1,3979.61,27508.7,874,529,615,1983.69,1243.41,1788.79,3053.25,1208.43,989,2153.26,3205.85,664
P97300_228_H8N2,633,1484.07,111,2143.46,1860.1,2055.65,80.6,33.9,1570.25,1419.51,478,1004.66,737,1570.55,1419.17,637,2205.61,1107.28,59.4,206,53.3,1546.78,887,3143.67,7423.35,8192.8,4367.22,6985.05,9891.02,833,821,693,2139.83,20176,23674.2,214,9323.58,5303.16,5485.36,6695.36,7924.99,5505.3,1657,985,875,16717.1,10934.3,17645.5
P97300_228_H4N2,1596.01,1463.46,415,2901.9,5456.7,7120.31,499,161,2733.59,1476.34,1298.57,2060.08,3275.79,3145.52,2708.43,751,4311.77,1744.77,0,0,0,2160.8,2966.29,3671.52,14604.1,19901.5,8882.04,72314.4,66608,4266.19,4057.8,2257.14,27457.5,30404.8,38292.7,2506,7658.4,11768.2,14005.2,11862.2,37265.5,18637.6,3645.36,2917.22,2338.87,54388.1,33890.6,120777
P11881_2503_H5N2,593,579,533,0,0,0,1170.13,263,498,1315.95,2570.55,867,245,1045.15,814,0,0,0,611,769,455,1760.02,3576.63,2731.6,990,161,2065.65,3219.92,4875.92,3525,3023.24,2242.63,5030.35,1110.37,1635.19,40543.7,1817.93,1468.88,595,4598.68,2596.69,2741.47,4196.5,2895.57,2511.14,3843.6,4920.17,13422.7
P11881_2503_H3N2,207,1670.9,110,85,103,229,166,70.5,4564.74,561,132,156,0,0,0,0,0,0,88.6,78.5,168,499,462,220,294,687,275,598,467,331,340,198,205,1090.81,574,33684.9,451,332,285,478,972,679,475,482,427,667,1406.22,2780
P15209_121_H3N2,283,4885.84,533,352,124,6956.96,0,0,0,0,0,0,677,740,1183.85,97471.6,10135.2,5412.47,0,0,0,0,0,0,0,0,0,12980,8778.62,7769.97,5720.33,4266.11,6190.63,0,0,0,0,0,0,12229.3,629,525,0,0,0,765,2673.44,5549.68
Q3TDQ1_638_H9N2,3336.21,1237.36,378,1440.92,1469.42,1013.99,0,0,0,3034.46,1151.04,692,1462.57,1308.19,1434.95,2627.85,2152.13,3131.91,420,917,392,946,1588.88,937,0,0,0,1957.88,2042.05,1180.57,1425.51,622,2086.31,1708.39,1752.22,1187.64,0,0,0,1946.79,2395.28,1888.69,1374.1,1114.88,713,0,0,0
Q3TDQ1_638_H7N2,252,141,307,111,727,221,0,0,0,0,0,0,0,0,0,1756.13,101,514,0,0,0,0,0,0,0,0,0,0,0,0,0,0,0,0,0,0,0,0,0,411,488,605,0,0,0,0,0,0
P02468_1105_H5N2,9895.54,11282.4,9911.92,12665.9,26373.3,16041.1,4355.52,4860.53,1509.34,6165.01,11675.5,43337.7,6837.59,10662.6,25802.3,14959.4,21392,14519.6,4497.88,5352.5,4457,10775.7,13352.4,18143.8,28527.3,5425.46,19108,43635.4,52369.5,33784.8,132725,32362.2,16988.8,35498.3,35218.5,47449.9,51041,54052.9,48679.9,56713.1,39327.4,70461.3,18804.9,52159.1,27421,45365.3,19224.6,33609.9
P02468_1105_H4N2,2542.83,137,69.8,200,229,63.5,89.8,42.5,354,2024.17,229,28.4,58.2,85.6,241,818,356,150,59.4,65.4,59.4,176,179,125,0,0,0,602,297,609,2479.8,586,307,332,669,486,292,238,774,477,222,285,371,699,519,399,206,560
Q9CPW0_436_H5N2,19599.6,38178.6,45118.5,10668.4,40640,12568.1,42496.3,33782.6,112303,81941.1,22551.1,59248.8,15835,34207.6,33004.5,10537.3,16604.3,14750.7,18306.4,36301.5,24720.7,20194.1,42261.9,45459.8,58965.2,3490.38,59860.5,52707,42593.6,105847,86215.4,62685.1,25105.7,81517.4,112062,86287.9,64258.3,41643,45421.6,31712.3,37643.8,100050,181742,73299.7,93961,75647.6,103573,91002
Q9CPW0_436_H5N4,695,694,1232.5,0,0,0,208,333,2387.62,548,188,329,0,0,0,0,0,0,465,1020.2,693,162,143,144,674,3602.19,292,0,0,0,1350.15,1111.36,2231.94,480,832,1194.75,1128.89,1198.8,1456.4,0,0,0,2164.34,1719.35,2367.03,1597.85,1157.35,1370.28
Q9CPW0_436_H4N2,489,189.6,1312.99,434,303,212,1324.9,216.6,1627.1,2144.6,965.3,798.8,181.5,403,377,0,0,0,221.1,114.7,312.9,639,1879.83,876.5,1203.05,3439.81,604,530,575.4,1532.2,3102.92,1545.18,522,732,679,1020,713.6,450.3,485.4,470,272.3,330.2,2019.69,2273.77,2396.43,362,1341.57,1444.09
P97300_228_H4N5F1,2103.05,278,222,7912.72,32074,4841.57,221,186,379,310,83.2,365,245,433,456,1321.29,362,477,1751.08,7217.19,3035.17,192,219,137,15109.9,2618.69,6360.85,25521.8,11605.1,8514.88,7080.48,8681.82,17834.7,9719.51,26739.8,10315.2,6530.38,22220.7,6146.85,33141.5,22749.3,44188.6,11750.5,9269.8,6843.22,10887,11554.9,26064.2
P97300_228_H5N2,1985.13,1499.22,1048.83,429,2561.16,3021.7,510,922,3503.4,695,769,605,2803.92,2529.11,3605.27,1767.64,2570,533,342,995,883,2727.08,2070.05,1449.32,14176.6,10855.2,11948.4,23938.7,17769.7,2376.29,4008.59,4692.1,4753.57,14414.2,22675.8,16930,13415.8,7288.47,4467.38,16257.8,8037.13,14878.3,2609.29,4099.88,4080.38,14551.5,19365.1,76890.5
Q62443_193_H4N5F2,17480.3,14299.2,10223.3,4111.67,7514.77,5651.66,0,0,0,0,0,0,10371.7,7259.27,21186.8,182323,4643.19,5071.29,0,0,0,0,0,0,12854.6,42114.7,12222.3,2460.71,1463.25,540,1213.04,1319.17,2460.04,0,0,0,557,485,431,5495.01,4270.15,6442.32,1862.69,2626.25,494.7,0,0,0
P97300_228_H4N6F1,2213.93,9384.52,4565.27,25324.9,17212,16578.5,6715.16,2904.58,13584.7,6908.35,7799.62,5579.36,8145.49,4847.86,12453.7,6289.78,20034.5,7617.25,7295.98,25644.2,9117.99,3453.76,3797.88,3702.78,31002.2,43587.6,23702.7,96998,79254.4,66198.7,320,336,2220.82,13896.5,891,2565.21,34853.1,24520.4,21668,35188.1,42724.5,36119.6,71286.8,48804.8,34016.9,20169.1,20980.2,18781.6
Q640R3_189_H5N3F2,4058,3610.05,3455.16,1849.52,3432.69,2308.79,1786.48,1477.34,4462.78,4804.15,4856.65,7020.83,6633.05,7627.44,10670.2,8381.27,6069.08,7262.94,2096.89,8741.11,2056.93,1927.01,2357.92,4125.73,14459.7,7839.32,10692,0,0,0,0,0,0,0,0,0,3941.39,12472.9,12845.6,6989.58,6904.21,9387.82,0,0,0,2215.04,12890.1,9430.05
P97300_228_H3N6,566,688,443,0,0,0,0,0,0,213,450,227,119,436,689,0,0,0,678,2489.1,476,66.9,420,444,0,0,0,0,0,0,0,0,0,0,0,0,0,0,0,0,0,0,0,0,0,0,0,0
P97300_228_H4N4F1,249,1145.17,113,622,384,508,152,404,867,511,439,156,2332.68,1100.28,2048.62,728,806,342,116,241,180,237,482,1088.81,4220.85,2432.32,4720.75,803,2113.01,1082.19,1322.88,716,1146.79,2994.54,1643.21,2247.4,2420.68,2839.39,3554.25,1522.81,1920.8,2004.65,989,520,814,2775.29,2160.19,4480.58
P02468_1105_H3N4F1,736,1592.02,745,0,0,0,0,0,0,0,0,0,1973.76,771,2160.55,0,0,0,0,0,0,409,509,771,0,0,0,0,0,0,0,0,0,0,0,0,0,0,0,0,0,0,0,0,0,0,0,0
Q62443_193_H3N5F1,5456.81,1868.5,53.9,506,670,968,41.7,226,939,2379.9,1640.59,1760,3859.08,1896.21,4621.81,910,1294.32,511,0,0,0,181,754,553,3032.95,10515.4,1754.12,2972.61,12134.3,2758.04,0,0,0,129,414,801,39499.7,27713,20713,10729.1,12693.9,16546.5,419,400,302,0,0,0
Q62443_193_H3N4F1,2159.39,3821.62,1287.54,1180.28,2207.85,1547.2,0,0,0,0,0,0,5188.77,3261.29,10477.8,1332.61,486,318,0,0,0,548,889,862,10223.8,13363.3,10349,0,0,0,0,0,0,221,188,1184.54,5648.88,5560.4,6746.97,881,931,1031.26,0,0,0,0,0,0
P15209_254_H4N5F2,837,198,311,2013.22,1090.11,1815.57,0,0,0,773,465,261,656,748,746,868,440,604,0,0,0,0,0,0,0,0,0,744,466,357,2641.58,1581.62,1584.31,121,933,1236.99,0,0,0,0,0,0,1627.28,1275.42,1497.99,0,0,0
P02468_1437_H3N4F1,290,189,170,2205.9,6676.61,3722.09,558,127,2878.47,616,96.5,79.2,301,120,177,713,3832.51,1136.54,1422.05,1999.18,1002.87,0,0,0,0,0,0,0,0,0,0,0,0,0,0,0,0,0,0,0,0,0,0,0,0,0,0,0
P70207_163_H5N2,846,2687.61,582,2494.26,7108.78,4585.49,0,0,0,2179,3270.96,992,281,898,1304.77,158,559,990,0,0,0,2347.41,5161.74,3379.57,2839.43,3213.47,3135.56,7539.26,7820.77,430,374,255,6670.91,10433.9,7064.79,5570.63,2773.08,3761.16,3932.99,5856.04,6757.24,6223.07,193,275,291,10898,8369.52,9358.73
P26048_138_H8N2,9167.51,3505.54,1038.38,14826.2,18878.6,11358.9,358,785,8284.44,8594.84,13068.6,8653.66,7012.92,10453.1,21086.4,99103.7,9677.63,6115.52,384,1453.04,216,4194.46,14993.4,6928.4,10817,14636.9,13023.6,3080.07,7281.9,5145.11,2494.62,2026.23,10281.2,25424.5,24301,34959.4,8407.14,6016.58,6400.77,3427.59,10010.6,4538.03,3479.22,2630.39,1970.36,35197.3,27809.2,4605.43
Q80T79_2711_H5N2,2364.57,948,331,2100.46,4605.37,3393.49,305,137,1693.17,2978,1778.16,834,1207.13,1357.15,943,561,3160.11,2309.62,73.2,612,128,2897.85,4077.92,5276.71,4480.3,1045.5,2019.68,7540.96,6029.41,1786.69,941,335,5109.89,9675.23,4829.94,3253.43,4374.45,7172.39,2804.88,3174.26,5454.6,2706.58,306,1461.38,283,6702.88,6328.29,4322.83
P97300_228_H3N4,338,427,98.6,477,477,647,88.1,139,925,335,355,422,645,598,346,2436.07,327,632,0,0,0,305,469,719,1548.49,1370.12,160,1693.21,1203.11,819,1115.48,1153.31,1140.42,1451.29,1394.32,6709.48,1384.5,1265.27,2168.28,870,312,1137.16,1265.03,1824.58,1371.77,944,2052.29,2109.07
P15116_651_H6N2,434,178,881,0,0,0,0,0,0,0,0,0,0,0,0,846,266,546,0,0,0,0,0,0,0,0,0,0,0,0,0,0,0,0,0,0,878,369,489,278,844,1236.45,0,0,0,0,0,0
P15116_651_H5N2,573,130,1366.57,0,0,0,0,0,0,0,0,0,0,0,0,526,136,973,0,0,0,0,0,0,0,0,0,0,0,0,0,0,0,0,0,0,906,611,408,669,899,523,0,0,0,0,0,0
P29533_225_H3N4F1,2833.23,2352.16,712,4838.72,3631.69,3210.72,536,356,3602.34,2322.5,819,1106.19,1417.46,2208,4080.35,4128.61,4492.33,1382.3,348,102,495,1173.58,1218.45,2028.52,0,0,0,6533.47,8264,1203.49,1771.45,1102.86,5090.7,3035.79,1237.32,2576.73,2674.21,6964.09,1373.67,0,0,0,1432.64,1897.8,1432.08,2192.94,2854.22,4250.76
P02468_1378_H5N2,655,570,213,277,518,394,109,192,787,1625.07,154,413,0,0,0,642,147,158,45.4,49.9,151,0,0,0,0,0,0,347,279,246,0,0,0,481,825,619,268,513,543,432,396,371,286,404,264,657,971,1059.34
Q61739_284_H5N2,380,1397.28,219,0,0,0,95.9,50.9,2146.45,0,0,0,602,374,486,0,0,0,0,0,0,328,104,131,0,0,0,200,279,228,0,0,0,402,418,274,0,0,0,186,221,453,260,208,121,598,536,2013.39
P35438_440_H5N2,11718.6,6366.76,7351.87,6793.19,7464.54,11196.3,0,0,0,3506.51,2642.55,1683.99,7820.8,8114.92,7653.59,16428.7,10397.9,7080.56,0,0,0,3146.11,3259.65,4070.25,10313.2,5568.25,21991.4,5144.2,8276.13,1499.43,151,738,8802.15,1939.56,12239.5,502,8622.08,14659.3,15197.2,6997.2,6534.61,7841.17,1291.56,966,821,6548.32,12548.3,4364.34
Q8BYI9_55_H4N4F2,1844.51,3206.98,305,808,886,1770.33,498,310,19138.7,397,893,1228.25,2551.01,1527.01,2376.82,654,2165.9,1894.3,527,905,449,1245.17,2070.63,1072.7,3385.61,4392.79,1956.46,2076.81,1793.85,1337.63,734,786,2546.32,1367.11,945,559,1615.8,1179.74,1372.1,1016.24,2883.29,2488.86,2706,1709.67,1249.45,923,1936.88,2989.69
Q640R3_189_H5N3F1A1,629,3156.84,1276.88,0,0,0,2472.22,3531.45,3278.11,0,0,0,0,0,0,0,0,0,2373,19553,825,0,0,0,10303.7,8464.78,4401.37,3200.5,1304.86,1746.95,12853,11477,11824.5,6410.19,4632.46,10286.3,1845.37,8100.54,1780.81,1106.73,1059.92,1667.45,0,0,0,12698.8,4885.1,15053.7
Q8BYI9_55_H4N4F1,254,255,165,0,0,0,0,0,0,0,0,0,530,778,969,1130.22,254,509,206,425,203,238,436,1211.7,0,0,0,396,1258.22,363,935,563,564,344,521,219,0,0,0,0,0,0,965,342,452,897,617,1039.17
Q60675_1806_H5N2,382,629,382,261,2416.39,513,1790.51,362,507,1251.86,471,1131.17,0,0,0,920,1108.52,772,0,0,0,0,0,0,200,2434.37,304,292,299,680,0,0,0,0,0,0,342,1030.35,166,186,430,836,0,0,0,0,0,0
Q8BYI9_55_H3N4F1,1003.17,776,181,338,614,521,0,0,0,0,0,0,263,103,637,0,0,0,486,280,345,816,806,366,1407.47,1328.76,3553.63,673,267,1357.07,770,606,859,1054.28,519,687,895,796,613,739,588,649,1048.45,890,718,826,1787.66,1970.72
P02468_1378_H3N4F1,5192.6,1493.17,2968.17,1375.44,3548.64,1352.18,606,333,4480.81,3553.93,865,2538.36,0,0,0,1178.88,1620.28,1103.57,0,0,0,1204.39,1906.72,1518.68,0,0,0,0,0,0,2083.33,1377.92,3281.88,1164.72,505,743,0,0,0,0,0,0,1337.37,541,1531.51,2126.78,3051.59,856
P02468_1378_H3N5F1,338,621,565,0,0,0,0,0,0,432,177,298,0,0,0,0,0,0,180,1024.49,268,0,0,0,0,0,0,699,670,948,1665.31,1502.68,8897.15,298,312,1440.87,659,669,472,0,0,0,1061.3,937,473,1305.48,629,2700.5
Q91ZX7_2128_H3N2F1,1174.47,1139.48,128,2917,1810.51,2803.28,0,0,0,832,254,404,472,504,340,221,321,205,115,99,133,166,216,227,1864.83,3539.97,3041.79,3229.44,2711.68,885,520,633,2646.33,2595.76,2739.72,242,0,0,0,1126.31,1662.55,1268.35,645,699,553,1460.76,2193.78,3063.89
Q9CQF9_323_H4N2,240,402,122,0,0,0,0,0,0,0,0,0,382,441,271,195,411,191,0,0,0,0,0,0,342,1797.57,403,374,344,234,353,146,266,257,508,228,444,514,131,430,436,332,272,488,143,566,400,1076.81
Q91ZX7_1512_H9N2,363,550,88.8,0,0,0,0,0,0,1579.02,217,266,0,0,0,468,243,462,0,0,0,0,0,0,0,0,0,0,0,0,667,458,1385.53,455,352,1010.13,0,0,0,0,0,0,828,828,650,476,761,7366.49
P35438_440_H6N2,1094.07,339,646,706,555,865,0,0,0,0,0,0,1415,436,3203.39,1671.33,514,333,0,0,0,462,421,247,3915.09,2053.61,3508.66,1851.6,3280.19,606,0,0,0,519,2029.9,1107.64,2461.12,2464.86,1803.69,1423.83,1214,1674.67,0,0,0,695,448,150
Q3V3R4_459_H9N2,905,750,354,686,1583.91,2192.76,479,1113.05,593,977,823,628,710,660,1271.42,5716.15,3918.65,1561.52,203,956,461,569,715,1297.68,1257.84,3382.37,1111.66,2573.45,1796.72,1056.18,6795.88,3624.26,1361.07,2204.88,2789.18,2938.32,1141.65,2020.32,861,1548.62,1489.09,1714.36,1801.06,4086.7,1007.86,1366.12,3274.55,905
P35438_440_H4N2,3340.15,2623.18,13.9,6114.41,3497.42,5503.71,0,0,0,602,1444.13,1556.55,4503.72,6500.5,4368.11,1261.98,3290.72,1824.22,0,0,0,1496.77,1368.89,698,175,4597.39,12195.3,7285.3,10921.4,917,119,467,12428.4,4647.11,10619.2,286,3024.11,3007.62,6391.56,5479.83,7401.2,4514.97,527,89.8,195,3550.07,6431.88,2905.72
P35438_440_H3N2,603,760,1332.83,720,551,495,0,0,0,249,196,597,446,422,400,392,516,371,0,0,0,87.2,187,102,2227.27,594,3407.74,1718.92,2678.37,37.5,813,92.5,2479.96,788,1319.33,212,941,818,1453.07,614,1477.55,880,0,0,0,239,646,757
Q9CPW0_1117_H8N2,11372.9,3650.31,10775.5,5757.46,4539.06,5135.44,9423.25,11306.2,45266,1102.82,6183.97,6635.63,7201.58,3920.72,14685.4,7859,6084.58,14207.9,7796.7,25633.6,6237.1,6112.58,18000,13472.6,1531.69,13606.2,8615.48,8368.81,2462.51,9843.25,18763.1,15895.2,7312.32,18879.5,21955.4,8007.47,8967.89,12684.4,10023.8,8072.22,13785.4,5605.08,29228.1,23164.6,14431.3,26048.2,13862.3,14230.9
Q9CPW0_1117_H9N2,472,128,535,0,0,0,0,0,0,1179.04,618,1084.27,619,88.9,874,195,420,426,101,1893.76,69.1,500,610,1198.92,0,0,0,0,0,0,1310.7,794,597,1751.63,1047.94,5139.69,557,355,339,0,0,0,2488.84,2362.16,952,0,0,0
Q91ZX7_1512_H5N2,29271.6,30707.2,7904.42,43346.2,29589.2,26391,6020.88,6009.68,57847.6,16156.9,10731.9,13212.5,20999.5,28579.7,24129.9,38065.4,27243.7,21614.3,4320.42,7400.7,4523.34,10374.9,17563.5,19903.4,110561,33051.6,75689.1,74728,45979.4,29462.7,9707.16,8610,70781.8,30084.4,38485.6,23816.7,65026.5,37070.5,69779,55312.9,49792,55021.7,14860.1,19251.1,12349.3,54176.5,28452,61319.5
Q91ZX7_1512_H4N2,362,254,332,805,819,972,66.6,35.8,801,563,79,141,441,421,169,620,628,738,172,56.2,87.8,0,0,0,180,131,4584.36,274.7,637,108.2,143,437,237,262,153,145,519,362.6,290,1009,357,635,169,166,466,548,305.3,1135.57
Q91ZX7_1512_H3N2,115,108,55,308,93.6,232,0,0,0,317,55.7,52.4,123,115,209,209,258,911,0,0,0,127,620,165,0,0,0,34.6,101,831,0,0,0,0,0,0,0,0,0,115,105,290,0,0,0,62.5,98.5,681
Q9CPW0_1117_H7N2,496,947,2883.8,898,2115.42,2198.5,2595.01,4071.63,3031.56,3175.62,3070.11,3005.63,1127.05,2517.89,5156.75,5716.15,1502.64,1525.04,1828.11,10344.9,2927.3,616,1731.29,1483.55,0,0,0,6382.1,3585.01,5637.49,6419.97,5020.91,6751.9,3597.05,3278.47,1285.27,3207.21,1812.07,2723.36,2249.53,10180.7,1810.24,4580.3,4697.53,2981.62,4442.7,4672.99,12390.1
Q9JKR6_931_H6N2,4170.82,8631.77,1321.3,5135.83,8383.34,4163.8,113,1726.57,10204.9,5771.07,5523.3,3780.38,3597.65,4494.73,10061.1,2446.71,5039.69,1630.7,655,4162.54,913,4171.45,6015.39,4497.88,14604.5,15251.1,13217.3,10044.6,8432.73,3494.8,3094.56,3295.75,4306.91,6143.53,7572.56,11422.7,7513.22,7621.38,9606.44,7513.83,9674.06,7138.18,3088.59,2369.08,3331.19,5654.21,4438.27,5068.55
Q9CPW0_1117_H6N2,812,3094.27,5200.19,4477.5,5487.64,3635.71,3586.25,3651.92,9321.13,13480.9,1754.65,6035.75,1570.73,3887.92,7317.58,0,0,0,2228.65,8613,1969.34,2230.47,3497.66,934,0,0,0,16144.3,6773.68,6933.04,13360.5,8856.27,9362.2,7593.64,9785.44,5504.55,8480.62,2836.33,5528.79,10637.6,11557,11680.6,23623.7,15486.2,11162.9,406,696,8662.61
Q91ZX7_1512_H5N4F1,2740.85,483,471,0,0,0,0,0,0,0,0,0,1427.54,543,942,725,590,1275.35,428,1466.7,366.8,0,0,0,3774.88,2905.15,1955.79,5251.25,4055.43,1678.9,1926.69,2934.28,3878.08,2567.99,2812.33,4093.44,2951.93,3145.91,1868.71,2497.69,3424.66,2711.24,4276.47,6013.13,3345.23,1665.66,2318.07,24054.4
Q9JKR6_931_H5N2,11597.5,10984.6,2006.68,7768.07,17989.5,6868.02,975,1614.27,14573.1,18705.7,6310.5,5657.73,6980.68,8603.16,12306.2,11501.2,7904.15,4893.88,1510.41,3173.07,1464.39,6332.13,8882.35,9476.68,27403.7,2561.34,28072.7,15253.1,15726.5,7333.78,7613.26,8830.31,12746.4,10979.6,24785,3980.24,19596.4,31745,6766.63,17042.3,15190.8,12313.3,7903.09,7362.7,6386.67,13420.2,7631,21500.3
Q91ZX7_1826_H7N2,380,967,702,768,1206.83,823,232,597,3255.9,0,0,0,876,923,1059.23,14163.9,870,287,332,421,310,0,0,0,0,0,0,1276.23,934,517,1430.3,1080.96,4283.61,1018.73,1688.64,386,1234.32,853,490,1174.81,1004.51,616,2239.64,3255.79,1444.57,0,0,0
Q9JKR6_931_H4N2,1147.15,3273.47,651,1646.78,2897.47,2366.53,167,542,2214.65,2188.69,808,2191.76,419,2323.4,4915.78,649,1533.32,1014.88,40.9,846,243,1302.07,7034.48,2916.5,2777.59,695,7498.35,12125.2,7415.23,2059.9,731,1126.77,4576,5060.41,12117.7,2002.08,4887.13,6933.22,1047.44,5416.92,6121.47,2161.73,3557.74,822,1490.55,7077.67,5261.66,10768.8
Q91ZX7_1826_H6N2,2553.66,5132.2,1510.91,5027.9,8060.69,4583.68,614,825,6547.16,0,0,0,1427.49,3601.31,2566.16,2205.37,11036.1,2737.8,959,312,1232.79,1551.63,563,913,1122.48,1390.85,7569.23,7757.46,10269.3,4881.7,4782.3,4726.89,7203.25,1672.85,2283.69,9149.75,2621.64,4191.69,1973.76,6305.94,6731.11,7071.26,10333.1,3870.13,2529.6,3443.4,1369.15,593
Q91ZX7_1826_H5N2,7780.87,18874.6,3614.77,8090.19,59347.6,19127.5,4356.63,6408.57,27522.5,12993.5,10071.5,13767.5,10048.2,15180.5,55.9,9934.79,6168.96,5683.06,3022.15,1935.74,2359.06,9180.85,4599.96,2268.6,17337.5,11720.5,17361.9,17560.2,25631.7,5412.06,8710.53,4614.71,11447.4,11134.6,19376.4,4640.72,17766.4,12684.7,16915.5,9272.9,22215.4,20329.4,5171.51,6014.77,1468.81,7553.25,15380.2,8538.55
O08532_324_H8N2,46825.5,27249,4498.17,69868.6,62331.3,55533.5,6554.34,6272.36,7837.92,4112.4,7638.22,17283.9,45071.7,43377.6,40102.5,76656.7,62758.2,24015.9,3885.07,18658.2,9393.14,24114.9,13720.2,36811.2,21516.4,59729.2,18502.8,79634.4,32002.4,7357.1,11073.6,8948.32,11395,14566.5,10668.4,2234.15,24437.1,39213.2,2132.35,72215.9,37038.3,28728.2,16437,12530.6,8294.88,27431.8,31331.3,15776.1
Q810U3_866_H5N2,1681.99,1097.12,408,39182.5,17406.1,43734.7,1568.13,1230.65,22751.9,1365.09,501,1162.8,2058.13,1443.37,85,193894,12225.5,11278.8,22266.2,5108.87,4128.97,0,0,0,0,0,0,0,0,0,354,277,2727.77,265,345,375,0,0,0,0,0,0,0,0,0,0,0,0
O89001_1067_H5N2,1132.06,648,65,371,634,250,34.5,1691.98,248,368,151,338,440,380,273,418,313,1355.63,368,337,102,312,510,391,505,1121.22,1175.68,253,324,450,0,0,0,0,0,0,0,0,0,688,714,599,295,176,120,0,0,0
Q91ZX7_1826_H4N2,2412.67,6145.77,540,4603.37,6135.72,4345.78,288,60.8,3704.45,1739.44,931,2248.85,3189.13,2678.48,3068.02,338,2230.3,3516.52,283,394,345,932,476,520,5254.8,3578.82,6142.44,8264.95,9825.51,1256.96,864,2096.31,4903.7,3659.7,4231.05,1921.59,2281.63,2637.1,2640.39,3981.21,5021.33,6845.53,1907.43,2501.05,997,4214.09,3160.27,2912.64
Q07409_489_H5N2,1966.7,468,167,199,79.5,217,0,0,0,416,79.3,167,455,170,357,195,410,494,0,0,0,302,265,359,598,1378.69,1667.21,2382.08,1588.54,114,573,556,1821.75,1092.2,1970.58,739,0,0,0,1245.74,7761.96,1451.13,162,527,463,1121.96,428,611
O08545_38_H6N2,214,665,265,148,648,758,0,0,0,819,511,729,366,230,780,503,520,997,60.8,1381.49,74.1,0,0,0,1495.36,1895.21,16725.3,1122.19,989,1401.74,1059.68,544,701,0,0,0,2314.35,1406,1520.25,547,1574.49,696,1573.92,1718.79,183,0,0,0
P43006_205_H5N2,974,778,850,2527.04,2552.84,1687,2026.66,1488.77,4226.15,1069,501,472,847,1022,1051,493,590,103,1227.56,1088,482,0,0,0,2755.06,6391.02,2176.61,2893.25,1906.55,1712.4,2005.81,1559,3669.59,1272,3926.73,4881.98,2279.81,3214.82,2246.59,3257.79,5193.36,3365.39,2539.59,3156.8,2518.39,1270.89,2188.1,3939.32
P01831_42_H6N2,940177,441694,220401,702691,496749,777708,335409,40755.3,349020,812646,136355,678412,320553,486907,306853,425712,1.03421e+06,1.17033e+06,121780,395136,147744,370984,530036,600545,261967,335244,9099.67,129716,74136.9,10379.1,99497,20115.2,9890.01,69273.6,37014.3,18674.7,267629,246187,171564,300153,367369,251730,138342,118069,48502.2,87690.8,233853,24596.5
Q810U3_881_H3N4F1,42539.1,15872.1,18075,35449.6,44737.9,41110.2,7342.71,10668.6,8232.98,17443.2,12192.9,19591.2,38308,37633.4,64872.1,46908.7,41159.5,29178.5,9747.14,12060.1,15650.5,23753,46321.6,33022.2,63218.6,32722.5,93521,31281.9,65759.6,36141.4,3285.59,2031.27,15833.9,41557.7,49848.8,22061.9,37811.7,42692,51709.6,45519.2,43178.7,38226.9,78527.2,45862.1,52116.1,37692.4,58859.4,93958.8
O35136_445_H4N4F2,6775.08,2989.1,889,7246.04,21328.3,24093.7,180,157,1186.84,613,522,305,0,0,0,16921.8,12313.6,7212.48,857.7,2058.09,366.5,1690,4012.58,3563.94,1119.2,576,784,8539.78,6126.21,2287.48,1405,28177.9,5825.77,2024,2287.05,738,1494.76,2167.07,2157.52,3828.23,5586.74,3475.87,895,567,431,2696.9,3439.84,2328.03
P02468_1239_H3N4F1,496,943,569,954,2202.72,1616.61,0,0,0,445,4225.64,567,1348.73,418,1524.26,0,0,0,326,709,271,0,0,0,0,0,0,0,0,0,2772.56,821,2398.53,267,267,373,798,885,1172.09,0,0,0,1384.84,2625.9,1513,0,0,0
O08532_324_H9N2,30350.3,13736.1,2980.06,47680.9,34139.4,37804.6,7284.68,3853.03,6493.15,4730.41,4761.71,10326.7,25139.1,16590.4,38167.1,57951.4,42339.7,40667.7,6114.54,13856.2,6465.94,14502,6912.54,12412.7,24610.1,52395.5,20572,27789.8,18330.9,5669.1,10434.5,11127.3,9094.19,28461.5,18078.9,6053.69,24183.6,24221.1,29626,54676.8,35000.7,26548.4,19322.3,12378.2,9114.67,52745.9,38111.2,20625.3
Q9Z1M0_202_H9N2,10944.2,2919.19,5195.67,2431.33,5532.81,1978.22,2460.01,1060,1859,14971.7,2658.24,6840.12,4394.82,3874.33,3539.92,2627.85,2108.78,3952.4,5183.57,10489.1,4999.42,1088.11,3370.38,903,604,2941.23,937,1883.63,1865.4,992,7894.44,2697.86,4275.03,6757.23,4100.55,3934.38,5141.56,4038.72,4028.58,4723.29,3074.73,2834.13,13191.2,14065.2,5498.77,6477.77,11543.8,3463.73
O08532_324_H7N2,2741.11,8665.9,318,19918.1,14703.2,4280.67,1792.04,565,5762.37,3213.9,3057.18,3878.1,10556.2,7879.29,13423.6,18709.1,16158.8,8699.52,1095.11,1245.68,1535.77,8157.37,2899.91,3707.61,4688.76,4323.94,1213.81,11004.3,13237.7,1576.39,1191.18,1143.19,1128.7,3280.59,2182.02,804,8810.26,4886.2,8215.46,13539.4,5565.44,11928.7,3154.42,1232.82,1278.66,2886.58,5375.33,3640.1
Q9CS84_125_H9N2,736,755,490,1666.9,2064.29,506,0,0,0,0,0,0,419,478,728,0,0,0,0,0,0,0,0,0,0,0,0,1272.79,540,282,0,0,0,447,255,179,629,542,389,0,0,0,0,0,0,0,0,0
Q99JP7_198_H4N2,1850.39,5218.85,528,0,0,0,0,0,0,0,0,0,0,0,0,0,0,0,889,1763.17,599,0,0,0,0,0,0,0,0,0,0,0,0,0,0,0,0,0,0,0,0,0,0,0,0,0,0,0
Q99JP7_198_H3N2,1331.38,1604.92,146,1890.86,258,1393.69,0,0,0,0,0,0,0,0,0,0,0,0,0,0,0,0,0,0,0,0,0,0,0,0,0,0,0,0,0,0,0,0,0,0,0,0,0,0,0,0,0,0
Q99JP7_198_H9N2,14139.6,9257.62,3666.53,8250.58,11717.8,8441.14,0,0,0,0,0,0,6849.83,6955.54,8068.78,4221.16,12826.1,24948,3697.19,16311.7,2744.68,0,0,0,0,0,0,4626.89,3742.29,1863.09,3318.9,700,1486.54,4987.5,4469.98,6196.77,8274.56,5808.77,7370.33,10251.6,9028.72,6158.05,4973.53,4087.18,1685.8,6680.44,4617.6,5890.32
Q99JP7_198_H8N2,7353.98,7736.82,4134,1079.01,6984.87,2120.91,2445.81,1128.28,5461.98,5188.97,10572,4395.41,0,0,0,3146.47,2544.41,16058.8,1811.47,3885.43,2257.37,1802.63,2556.7,4030.2,0,0,0,0,0,0,3588.49,565,1426.67,2585.21,4621.24,3995.08,0,0,0,0,0,0,4437.31,3722.06,1213.89,5649.38,5536.59,12927.1
Q8BYI8_239_H5N2,154,146,117,0,0,0,0,0,0,0,0,0,0,0,0,0,0,0,0,0,0,118,747,323,0,0,0,723,826,95.4,0,0,0,665,978,1047.11,487,717,400,849,1320.77,667,0,0,0,0,0,0
O35136_445_H3N4F1,15622.5,7489.35,15055.1,35504.6,74004.7,39092.1,9626.23,6905.52,21717.7,6871.98,8657.36,11052.2,10494.6,5497.93,6497.63,57375,83838.3,26664.3,13972.1,15593.8,11979.8,6779.13,2975.04,1403.07,30977.8,41704,83572.5,11000,27887.3,43194.4,23009.6,2274.76,3442.27,26910.9,24274,22872.4,31620.1,22351,34090.3,43823.1,59307.4,62148.3,12247.2,21423.5,25957.5,9629.83,5313.67,12927.1
O35136_445_H3N3F1,1364,3714.58,999,10259.1,18532.2,10781.1,497,888,17094.1,739,201,188,1003.52,995,1478.1,4426.75,1986.19,2359.89,1213,957,829,1919.67,1878.27,2390.85,1782,3327.6,5703.52,3787.14,10593.3,2531.47,1302.96,1065.84,6118.36,0,0,0,2315.73,951,1154.66,10107.9,8327.47,9826.96,1454.99,1525.67,1525.6,7144.41,10653.2,33392.2
O08532_324_H5N2,584,884,292,0,0,0,0,0,0,0,0,0,0,0,0,4283.66,1394.69,897,0,0,0,0,0,0,5534.65,5624.78,6058.69,7445.93,10080.1,3280.57,0,0,0,6124.77,4099.73,1410.47,3574.52,4317.85,4677.36,5507.78,5238.92,4991.57,0,0,0,8503,11320.8,10556.6
Q91ZX7_4076_H9N2,158,288,330,211,230,170,100,381,627,284,66.8,52,470,72.8,231,1380.22,309,340,62,117,179,147,52.9,131,0,0,0,0,0,0,549,329,594,372,198,530,374,457,396,271,379,147,447,355,372,0,0,0
Q9CS84_125_H5N2,3054.57,3100.29,1205.79,16058.8,9652.82,8621.34,1374.91,107,3509.5,3893.04,1535.12,2604.41,4465,4326.34,1573.55,4905.64,6390.67,6076.37,0,0,0,4269.47,4044.1,5272.23,12625,9094.02,15986.3,15380.7,9725.86,4826.84,3418.89,3399.69,5214.37,8704.09,8705.24,1747.09,8317.82,6455.94,8339.9,0,0,0,4050.72,5793.65,3788.45,15970.1,10444.6,13781.9
Q8C129_215_H5N2,15819.2,10893,3328.19,15569.8,26081.6,13561.5,2886.25,58.8,13936,4064.91,2155.82,2324.64,14576.3,13019.1,4243.19,5783.7,20840.1,16237,0,0,0,5565.7,7647.99,7040.74,18709.6,17852.4,13161.6,17031.4,7573.49,8047.19,7042.83,7543.55,17490.3,6976.89,8317.57,784,14824,12396.7,16135,17933.5,14881.5,12744,8042.53,6919.73,9085.89,3671.18,8568.4,9004.09
Q64487_724_H5N2,1556.97,990,393,567,1467.28,1179.23,747,281,1913.51,2503.04,800,381,1081.71,1388.3,785,6672.62,2400.23,1647.59,363,370,318,0,0,0,3090.73,6208.89,3621,1083.8,1859.39,1446.65,1151.51,1610.62,3079.92,1401.41,1514.59,1542.61,2298.2,1579.63,2617.87,2821.57,1528.38,2031.33,2043.23,1980.62,3032.69,4135.31,1132.11,3379.3
Q8C129_215_H3N2,4687.84,2248.17,796,2974.01,3341.71,4287.62,562,92.4,487,1233.02,1306.8,742,0,0,0,998,3250.24,2762.1,147,152,223,814,870,881,6685.97,9430.67,4688.31,6633.8,5983.97,3252.72,2756.57,3512.1,7361.21,2843.42,3469.54,5159.47,3524.17,5110.74,5959.14,6121.51,5536.24,6225.24,2962.68,4317.79,3003.98,7283.28,7517.36,3443.68
Q99J85_42_H9N2,498,101,89,327,292,160,0,0,0,0,0,0,119,148,76.8,122,205,392,0,0,0,0,0,0,363,600,218,470,350,330,0,0,0,0,0,0,349,217,170,570,353,100,0,0,0,0,0,0
Q8C129_215_H4N2,9188.63,7572.16,2143.35,5618.67,13092.6,7132.87,0,0,0,0,0,0,8265.23,6704.81,2283.54,99103.7,9993.38,7575.63,1013.73,711,751,1610.97,2111.62,2870.47,11324.3,27356.8,11179.4,16233,15187.5,5624.47,0,0,0,5095.45,6111.92,9063.53,4591.65,8400.42,5120.63,10491.4,9018.29,5483.57,6658.18,5240.87,2745.49,6408.37,6555.58,6371.68
Q99J85_42_H8N2,147,541,894,765,737,623,0,0,0,0,0,0,472,216,411,1189.84,190,529,0,0,0,0,0,0,715,1165.61,569,1028.01,779,1709.02,0,0,0,0,0,0,633,251,461,724,694,515,0,0,0,0,0,0
Q91ZX7_4076_H6N2,4990.12,8229.21,5905.91,4443.94,8386.85,7235.02,3617.18,1355.02,14115,5309.29,3593.04,2445.05,4606.36,6215.13,9122.24,4150.28,5932.49,8307.65,2366.07,4728.77,3814.22,3229.68,4801.4,4900.12,615,977,11775.3,9736.38,8904.27,10498.9,5302.5,6999.22,12663,2792.51,6050.32,13298.5,8308.67,7103.11,9942.95,8338.19,15707.5,13086.9,10705.4,4726.54,7702.98,6663.4,3621.57,3851.35
Q91ZX7_4076_H5N2,34296,34475.8,11548.9,81752.1,76862.9,75984.5,11707,5421.25,87817.4,48958.5,43822.3,26831.1,27419,48845,13012.9,23829.8,46022.8,17224.7,8467.29,2217.47,5826.69,25581.9,40831.9,25587.2,58325.7,51047.5,95844,52936.2,134527,31393.2,8827.76,15375.2,50866.3,29397,53287.4,19335.6,80949.6,46082.7,64026.8,35595.2,49601.1,71170.2,23904.9,17131.2,14356.5,28481.7,21031.4,41561.8
P12960_494_H6N4F1,1830.26,67.3,143,84.4,152,230,79.8,103,108,0,0,0,127,248,288,913,294,709,173,287,109,272,256,205,168,784,383,663,404,57.7,238,236,284,383,183,1275.9,350,336,391,225,265,116,844,525,169,330,312,1505.92
Q9Z218_112_H3N4F1,45892,37017.5,23167.9,30967.1,29184.8,29145.7,18808.6,18916.6,37105,48740.3,8291.75,12815.2,28267.4,31127.5,28743.1,12123.5,4023.88,20025.9,12791.1,6304.72,8321.3,29863.6,29360,27901,57139.3,42128,77041.7,75432.6,68007.5,54394.8,26696,30183.1,39429,51061.6,5101.82,10321,73936.3,58717.3,88339.7,41676.3,54466.5,48857.6,36278,27419.1,26806.2,49306.4,76215.4,96594.4
Q9CQF9_196_H5N2,5774.09,2132.25,1419.19,0,0,0,0,0,0,0,0,0,6881.96,2560.96,2049.48,0,0,0,0,0,0,2375.39,7967.24,4780.36,0,0,0,0,0,0,0,0,0,0,0,0,0,0,0,0,0,0,0,0,0,1473.35,2565.59,1831.28
P12960_494_H4N5F2,4359.16,2134.19,1116,2627.05,3830.25,3308.69,1842.02,998,2204.53,1092.94,1355.47,530,5558.05,3652.66,3874.06,4187.95,3524.08,9872.04,1134.95,2788.89,780.7,1226.2,5022.62,2972.15,4904.16,6534.54,5018.88,6389.87,6433.35,2266.24,4250.05,4830.69,4075.25,2760.93,1173,5125.58,4886.81,3627.28,4096.72,7480.63,7832.44,4796.82,6589.1,4530.97,2347.71,3557.53,3235.32,3172.85
P12960_494_H5N3,3565.03,4276.52,3455.86,8810.07,4105.52,2885.45,4000.16,3901.91,7258.84,4860.87,612,1945.43,5484.25,4450.94,13412,5095.75,7966.85,6345.81,6820.64,9283.53,5617.31,5770.32,4362.54,7768.51,13173.9,30295,17434,14841.2,11415.1,6089.38,9046.7,9706.58,14707,4574.42,3483.76,14662.1,9732.17,14443.2,13070.7,8282.55,6600,7535.23,14066.5,11375.8,8697.52,5870.83,12738.2,2663.87
P12960_494_H5N4F1,3429.62,1539.74,417,2075.54,807,1125.11,576,784,2986.41,1340.56,552,874,3386.75,3040.26,3355.54,4140.68,1121.71,1364.14,1112.54,2866.21,1324.36,1169.98,764,1068.96,2067.2,5349.81,7967.14,3418.75,3010.33,1103.1,1974.63,1588.22,2556.72,1596,2130.47,3763.65,2535.07,2829.31,2890.68,2501.86,2502.96,1744.95,2926.43,2630.59,1339,1185,1211,2094.97
P12960_494_H5N2,26526.5,16714.4,8177.98,34334.6,17714.9,13487.7,10072.1,9774.85,24826.7,9831.92,9898.56,8406.03,20163.9,12247.3,19098.4,23939.1,8568.82,10033.3,8790.78,9206.73,9352.17,15168.6,13892.6,12386.8,22649.2,12560.4,21374.4,27412,18813.6,11698,17225.2,9593.59,18894.7,16372.8,12706.4,14320.3,23328.7,16387.8,34081.2,20914,14949.8,15103.1,17932.1,22419.9,22334.6,10422.7,36027.4,19562.7
P12960_494_H5N4,562,747,447,696,749,386,1782.78,797,1071.12,0,0,0,840,545,697,195,421,1026.77,1373.86,4351.83,1181.14,0,0,0,1741.77,7225.05,1192.62,668,826,602,3446.86,2970.23,3007.63,385,234,8664.17,2327.7,1932.61,2043.55,470,1151.36,1443.83,4044.18,6105.59,2162.72,534,2426.57,3327.08
O35136_445_H3N5F1,670,690,716,0,0,0,0,0,0,0,0,0,283,517,193,1221.72,1012.13,810,632,480,497,0,0,0,1321.03,1798.63,2024.09,1994.66,3109.46,2238.28,0,0,0,1039.39,1681.56,1244.05,1340.91,1936.11,1060.22,780,1953.06,1443.89,684,305,467,475,1259.08,702
P12960_494_H4N4F1,3834.74,3332.42,1314.09,1800.32,1766.68,3241.8,3065.19,1134.81,21587.2,4055.99,855,2167.2,5208.83,2423.88,5795.92,434,766,2041.21,1258.44,3818.48,1218.35,3285.75,1830.82,10349.7,4253,12690.4,2991.36,7827.74,2570.83,1040.4,2194.01,6359.47,1145.9,4627.78,4094.39,2562.77,4136.28,4128.16,4088.21,6234.46,3284.65,2418.57,2363.92,2974.14,2256.16,4566.04,4681.56,3161.41
P12960_494_H4N3F2,14303.9,7029.23,2948.54,57992.7,32173.1,41125.8,2270.68,993,7809.1,11310.6,8776.73,995,7511.39,3714.96,17209.1,23706.5,9199.85,7431.05,0,0,0,9123.97,3174.93,26605.9,21372.5,38011.5,13171.9,51325,22848.9,1640.87,2695.33,3000.71,19983.4,13564.4,16132.9,1832.43,22086.6,7057.38,17185.3,28112.3,24071.5,20443.2,2557.87,4650.38,3095.93,29145.6,20213.1,12059.1
P12960_494_H4N4F2,8423.05,10211.1,3595.1,7157.56,11955.6,12994.1,3764.31,3554.08,4784.41,2978.06,6378.58,3099.43,8444.22,3765.77,16647.8,17270.9,11602,28644.3,3429.88,8031.4,3089.29,4692.83,12389.8,12097.8,9863.31,55947.9,14672,35646.5,21162.2,3329.29,8318.14,9641.44,24327.2,13945.3,9817.26,7658.61,15147.5,12935.3,15193.6,20170.6,22976.7,17860.8,8556.94,7262.12,5281.22,12126.1,21660.4,9818.95
P12960_494_H4N5F1,3740.42,781,1670.8,623,822,1679.4,2363.48,698,5344.3,13647.7,1395.46,1307.52,2851.52,2154.67,3441.16,1737.68,172,1448.91,884,3123.37,647,1646.56,2054.86,2470.36,3154.66,5948.61,1538.4,846,1110,1069,1697.74,2006.08,455,2450.07,1379.47,468,2116.99,1632.11,2332.87,1433.58,1497.92,683,3029.64,2245.11,1781.63,1441.44,3884.36,1300.35
P12960_494_H5N3F1,1407.59,419,191,0,0,0,265,196,2468.7,0,0,0,876,496,658,251,886,1067.18,417,238,180,220,367,355,271,5934.62,567,982,559,385,964,1138.47,606,443,560,3510.45,1274.22,846,889,549,627,591,519,1111.09,693,0,0,0
Q922P8_67_H5N2,1592,486,474,2689.19,4191.42,3393.17,0,0,0,1030.03,329,1085.52,743,716,902,5060.39,3048.02,2126.63,95,393,145,2394.24,1868.35,3011.95,0,0,0,8356.99,5907.32,1362.43,1032.39,753,2723.56,5576.41,8498.22,3877.32,1647.46,2584.23,3181.01,1107.53,5640.94,7368.48,684,1035.64,660,5252.49,3719.39,310
P12960_494_H4N3,2652.94,1365.82,1258.65,3102.8,875,1192.64,3474.74,1551.93,1018.69,1643.48,795,787,3951.29,2899.24,4776.93,3231.61,2876.65,489,2509.96,1789.68,2453.21,1236.21,1315.51,4338.02,5350.62,1706.63,6855,5765.21,5486.14,4076.55,1276.43,3433.23,2383.15,1826.27,1457.44,2767.41,2816.71,2199.69,6543.67,5442.11,4379.43,3963.39,4146.85,1990.41,1612.1,7398.99,3752.87,2521.14
P12960_494_H5N4F2,402,402,148,418,282,360,221,89.1,662,0,0,0,831,734,526,862,278,1750.54,74.1,557,357,369,376,83.8,604,2419.05,513,905,626,111,214,231,754,0,0,0,635,819,690,497,705,238,462,232,337,0,0,0
P12960_494_H4N4,1000,793,1829.39,0,0,0,0,0,0,0,0,0,0,0,0,0,0,0,1329.06,2929.12,1826.76,0,0,0,0,0,0,1160.17,782,3270.45,1854.19,2375.5,4203.16,0,0,0,1054.24,1615.96,1723.64,0,0,0,3133.67,4896.56,2883.65,0,0,0
P12960_494_H3N5F2,2398.86,727,24.9,225,693,333,0,0,0,146,101,190,277,189,339,1332.61,489,337,114,110,51.2,256,205,458,537,1348.87,491,277,762,74.4,242,141,1077.97,531,282,717,666,373,421,186,1151.1,682,0,0,0,617,430,1075.48
P12960_494_H4N2,1947.34,824,582,4223.38,2558.4,1059.5,1009,564,2235.24,1596,871,536,3311.4,2058.06,2952.95,5559.3,2066.93,1412.54,944,200,600,738,1723.88,2801.79,3761.56,1282,6202.28,5071.87,4392.41,2438.5,945,1447.68,3669.81,2447.91,984,220,3625.77,3561.73,4555.45,2778.97,3509.27,2430.5,1660.08,2157.54,1869.08,4601.99,8366.68,2998.04
P12960_494_H3N4,173133,65738,48659.5,87105.6,79760.6,62237.3,94907.7,55881.2,83732.3,105362,42985.3,56943.8,146162,102233,204270,83762.8,50405.7,11523.6,47567.6,81010.3,48721.6,81975.2,108936,149511,128961,68932,154482,57305.9,53077.8,83073.5,42083,51684.1,46091,73744.5,66301.5,16456.8,73428.3,119416,145787,65329.5,64777.3,45069.8,53928.3,58238.6,47617.1,76629.4,99930.1,52248.4
P12960_494_H4N3F1,1572.36,942,498,3157.78,1029.49,2336.01,818,277,591,1818.09,511,294,1555.39,5739.73,2046.13,737,2180.54,1064.67,585,710,1231.65,1375.19,1393.23,917,1721.66,3918.49,1805.79,841,2462.02,1448.72,1066.62,1489.1,2296.25,1391.18,1306.6,1747.92,991,1574.43,1288.33,2041.54,1585.63,948,2046.09,1751.36,882,1363.22,1915.49,12379.9
P12960_494_H3N5,5013.38,11175.9,18355.6,6975.56,4716.4,3628.88,13875.5,24873,13624.3,6601.5,7189.17,13469.2,7270.51,12405.5,13440.5,2989.1,2328.48,834,25763.8,24476.6,11068.2,10083.6,15961.7,20342.1,14354.7,24098.8,15159.7,7070.89,9915.31,30946.3,24777.6,21693.3,20783.6,21237.5,19467.8,14204,11132.9,13377.5,22000.7,9319.97,7211.27,5348.81,27785.6,28000.9,23517.2,21360.8,25267.8,16553.8
P12960_494_H3N3,5552.62,7776.89,2212.36,1461.62,4613.12,9118.65,5280.93,2681.17,8731.6,4886.62,3067.49,2238.98,11047.9,6546.69,7400.52,2537.58,2538.54,838,1495.41,755,2010.98,2412.2,6420.34,5085.54,8767.89,3422.79,6606.05,5325.99,4747.79,2370.83,1152.9,2056.42,1908.4,2833.72,6147.02,5973.5,7363.81,7490.55,9876,6653.09,4421.06,3722.49,1275.54,2387.18,1394.81,5052.55,6180.94,2517.51
Q8R180_276_H9N2,1473.51,1657.23,199,858,1380.07,2236.43,677,268,783,13837.3,1500.17,1174.95,2598.31,1520.27,2242.85,1184.08,2326.43,5406.94,425,3103.73,248,1770.79,2430.74,2671.13,1249.45,3432.57,1197.03,0,0,0,3260.46,2324.48,1788.03,4431.11,2880.1,2283.71,2793.21,2224.87,2377.26,2861.35,3216.58,2005.91,3148.7,2763.71,1930.62,2106.97,3836.84,1530.3
P24638_92_H3N2F1,6318.11,1529.35,1351.1,2661.54,922,5144.79,767,2175.85,1561.05,1011.49,2148.92,770,1793.55,1744.18,1561.66,2627.85,2150.28,5719.5,889,2274.34,610,0,0,0,825,594,3132.68,427,115,201,0,0,0,0,0,0,0,0,0,0,0,0,586,576,1159.21,0,0,0
P12960_494_H3N4F1,236438,454523,81144.8,251242,327159,535578,77556.7,102845,140198,235283,95797.7,67125.5,140161,426442,613543,437082,429541,223690,152855,188207,127745,261416,193400,283702,455022,313255,258889,218596,352649,67358.9,126932,78343.5,238108,101144,51640.6,30729.4,298848,98265.2,260093,257272,273170,132134,92098.9,156843,100388,124637,179556,108191
P12960_494_H3N2,37054.9,9930.01,941,41316.9,18634.8,38998.3,1993.05,383,1754.71,14431.7,4957.03,8962.1,8113.7,5365.81,3164.79,1222.67,4130.97,2699.08,529,505,1720.78,8786.62,10360.4,20829.8,22654,14342.3,17410.4,13686.5,15265.7,4375.46,556,2445.49,4680.51,11383.5,11927.8,2030.23,23236.1,14569.3,21281.1,29808.1,17491.6,16341.4,1578.57,1367.6,2050.98,14217,29375.8,15427
P29416_157_H8N2,1723.1,1770.59,1259.14,4075.51,6518.18,8394.01,844,562,4843.99,918,471,1302.46,3918.73,2423.83,1878.03,692,2832.99,1019.91,1073.09,1295.05,667,0,0,0,0,0,0,0,0,0,0,0,0,0,0,0,0,0,0,0,0,0,728,664,727,0,0,0
P12960_494_H3N2F1,174852,100206,9262.51,225790,192433,252797,6632.72,12914.6,46456.7,65031.2,50118.2,55853.9,69500.6,60940.7,91879.4,106038,81808.1,98689.8,14330.8,6850.87,12530.7,74108.1,116089,87521,242016,76862.6,222189,382768,367700,66892.4,26844,40961.9,263297,117302,299075,572,163670,125479,211243,414923,343517,391652,35796.8,33414.2,42853.9,149080,275961,209180
P12960_494_H3N5F1,5206.98,9103.4,4152.42,4020.72,4381.86,6440.36,5464.47,5556.73,3864.62,1678.73,1710.44,3264.42,11544.1,11197.5,9744.6,10973,15408.7,9122.14,4752.48,10779.5,6010.87,2992,3808.41,7707.56,6420,31082.4,7120.02,7182.84,12916.1,7315.7,9379.04,12403.6,7806.03,6132.13,5085.56,12219.3,13163.2,12051.5,11506.1,9505.38,9671.98,7018.6,12293,12201.5,7300.01,4807.01,6640.81,12851.3
Q8R180_276_H6N2,9800.66,7660.45,2817.55,6993.72,5927.28,16541.3,2655.16,4430.76,1909.04,18988.9,6162.72,8149.32,4374.61,8628.57,20787.1,3512.79,17288.6,15595,2683.83,1401.69,1776.06,2939.25,7594.65,6325.5,13390.6,4055.99,14526,16291,13607.9,5340.87,9400.34,6949.94,14682.8,10596.3,16532.8,8467.39,14972.5,13031.8,12705.5,11222,13049.4,13069.1,0,0,0,10224,9661.77,5779.86
P43006_205_H6N5F4,21289.2,3864.25,2296.38,4507.91,6099.85,9865.62,140.4,674,17196.8,5923.32,2002.64,2795.54,8787.61,8266.11,19946.7,4331.55,4193.15,9232.1,446,1656.36,556,1405.62,11772.6,1574.33,31419.9,129661,24908.4,45289,25998.4,5977.23,7189.02,6675.25,28143.9,9930.51,12217.9,6759.28,29970.8,22952.7,25091.2,29952.5,33898.8,31934,9799.78,9941.54,6326.46,23656.4,29392.3,24166.5
P43006_205_H5N4F2,4573.98,1039.15,219,882,2045.23,189,0,0,0,1911.79,623,573,3367.61,2103.02,3388.94,0,0,0,0,0,0,90.4,2086.39,1241,11601.5,18206.5,2613.24,10045.4,444,927,907,2384.54,16609.9,10600.8,4425.75,4145.12,6028.16,4593.79,4248.63,6524.92,8596.18,6266.42,1808.34,1804.87,1865.44,9501.45,1300.39,1856.34
P43006_205_H5N4F3,3138.99,812,271,6558.38,6523.86,11182.8,455,355,9150.24,9357.13,3608.23,3012.91,1799.41,4451.77,6812.57,4371.04,5457.46,4491.2,327,1913.75,694,938,10691.8,1462.96,23975.5,50625.8,18343.4,16622.2,27705.4,4482.56,5527.69,2783.3,18588.8,9358.39,8786.88,2394.03,22279.1,12031.2,31612.6,20784,34173.9,28169.9,7552.89,7406.05,6089.66,12081.5,25431.4,24212.6
P43006_205_H8N2,549,1236.89,411,1249.98,1962.71,1786.04,375,365,1765.08,1790.11,559,741,797,1239.48,1511.33,1105.1,304,462,0,0,0,1190.43,836,1114.88,502,840,1777.03,2264.85,1976.39,227,368,698,2090.24,2381.56,2212.54,549,473,1905.22,1893.34,1666.48,1606.37,1229.51,971,287,974,1477.2,943,2681.43
P01831_42_H5N2,608197,293530,91985.4,240978,377974,296631,110098,10331.2,283008,473705,134066,148712,205962,209462,368997,145859,325162,596713,80490,212063,60119,190948,190740,408717,123866,447274,4190.09,113566,87367.9,3020,57448.1,8708.89,8390.82,72254.9,29300.6,9197.93,132330,199309,106711,163489,236839,115031,63575.2,7212.46,19223.8,343128,100156,12217
P01831_42_H9N2,3540.5,1019.91,233,1208.35,1274.87,1347.97,79.7,399,787,1010.56,697,420,1051.16,376,1624.79,434,1222.68,3326.71,245,767,498,730,2988.46,1317.89,0,0,0,398,293,689,0,0,0,463,273,88,1079.93,906,463,992,1529.78,349,781,687,64.4,1021.71,980,871
P01831_42_H8N2,3847.65,2204.55,382,1555.92,1284.85,1339.94,0,0,0,1611.86,714,1429.97,1852.59,1382.94,1842.2,962,2897.29,3107.94,195,800,390,1214.06,4192.65,1351.6,1399.69,2081.29,2258.75,652,614,585,655,167,871,801,316,403,1253,1597.82,1364.92,1312.4,1185.45,1138.56,1575.49,876,202,901,1171.86,1466.14
P01831_42_H7N2,791285,224001,60823.9,43530.5,165928,75631.6,57448.2,9963.97,127638,194157,60241.1,44155.2,231904,167731,246793,33525.5,166815,247444,40099.1,204097,56746.8,92613,260722,154214,85549.9,26422.4,6073.48,43687.7,30576.7,3327.64,41834,7604.26,2856.32,35073,36037.3,10663.2,111316,102776,11837.3,78408.7,68476.9,6785.04,127138,110614,14634.5,15571.6,81158.2,4963.08
P01831_42_H6N3F1,392,308,118,440,509,675,0,0,0,165,100,241,338,187,287,887,660,1086.94,41.8,221,113,307,454,207,0,0,0,174,144,70.8,0,0,0,0,0,0,255,141,188,463,502,172,207,384,226,320,429,883
P01831_42_H3N2,214993,108930,30153.1,105291,186785,141016,30929.5,8552.8,89779.3,224029,68378.1,75618.6,77164.8,57056.3,30884.5,28536.7,87861.6,270075,27353.1,66659.2,21806.9,89049.8,48187.6,99813.5,96750.8,217629,2114.11,30547.2,31736.2,1226.45,51675.6,3168.36,2891.91,78757.2,42192.4,4251.31,107856,81553.1,77288,89091.2,125049,133621,77827.4,39302.2,10610.6,111894,159574,8963.53
P01831_42_H4N2,174165,115248,35272.2,128328,203881,102021,31016.5,3472.63,70174.9,250659,101790,102594,96355,73140.5,80841.4,34424.8,86678.3,172836,22704.8,91976.1,31890.8,39907,145288,96721.5,53049.1,243060,2267.8,29477.7,26680.9,1214,11551.4,2797.84,925,32541.2,18953,5694.91,44041.9,52811,43509,59104.3,78040,50317.8,57493.8,39212.5,7967.8,37563.3,72323.9,1981.8
P01831_42_H7N3,1113,751,472,441,779,652,165,49.5,1526.89,251,120,493,1466.86,507,965.3,663,682,943,343,563,142,336,1110.61,360,890,1065.08,389,212,225,1216.52,0,0,0,264,93.9,143,650,729,1089.47,528,976,518,1225,1866.47,1526,622,500,953
P01831_42_H6N3,17145.7,11821.1,2888.08,4773.7,10426.5,7899.68,3337.35,452,6649.41,5451.85,3677.76,3645.98,11236.3,5487.25,10967.8,9440.55,6683.74,8875.59,1704.79,9733.93,3673.32,4195.42,13406.2,7285.16,1177,12446.4,2588.08,2623.8,3662.15,489,2022.08,1136.59,199,1576.8,604,2028.42,9387.55,4559.39,5395.17,8799.72,5816.73,5041.9,4837.45,3699.57,1414.63,4768.73,4040.12,809
P97797_271_H5N2,20800.6,16533.7,13707.7,27504.1,19059.1,57381.6,12388.8,12307.5,48517.7,28191.2,24866.5,10161,10093.5,31636.4,33748.9,1092.47,641,731,8638.68,10955,9233.68,20635.8,49522.4,4835.33,75685.8,11606.9,193112,140875,223860,55572.7,46377.2,9985.86,89236.3,83472.9,143562,83285.6,60160.6,104637,97181.5,141184,150068,120495,38535.3,38686.2,36081.3,42518.3,105089,135197
P01831_42_H5N3,7989.97,3227.05,1106,2994.28,4016.64,2699.57,889,235,2549,3224.46,2099.26,2971.68,1815.85,1842.26,4032.88,750,5525.88,5484.14,678,1661.36,740,504,1589.05,2262.97,2640.84,5122.22,2051.37,1854.08,1309.04,942,761,199,94.5,864,582,157,2744.32,4125,3084.95,2321.37,4268.69,3918.83,963,309,121,3793.41,1030.07,2632.73
Q9WV54_258_H6N2,4029.9,7173.72,2713.38,10844.4,15109.7,13219.3,3113.74,4102,4644.52,7595.32,1786.38,3291.25,7790.95,8529.87,8948.42,17499.9,11977,13607.1,4081.53,4318.01,4776.67,5085.44,6268.61,9334.08,7836.41,3175.38,8078.28,13172.5,12443.7,7412.8,4834.99,7395.41,12500.2,7140.17,8167.15,5042.21,7012.25,11149,7782.76,10368.2,10477.1,21719.6,5579.34,5511.91,6134.35,8760.69,11256.4,8329.41
P57716_44_H9N2,6920.41,13586,6643.94,7495.61,12887,2624.67,561,1762.86,6912.73,8484.78,2635.34,4416.55,1806.2,2306.5,4048.6,1239.43,3447.93,5460.22,1200.56,3754.14,2299.91,3206.91,3581.49,7452.36,1816.83,8562.63,2986.95,3255.82,2155.93,2059.07,2791.24,1730.37,2984.79,3892.95,3389.14,3080.06,3126.31,1251.38,10422.2,2577.71,1294.12,5592.69,0,0,0,1325.78,6970.14,1336.29
P57716_44_H8N2,1672.31,1171.75,1369.37,1523.83,6100.45,6214.3,0,0,0,1191.52,1136.73,1619.35,0,0,0,0,0,0,0,0,0,0,0,0,0,0,0,0,0,0,1010.25,312,920,1870.51,1568.49,845,523,1581.78,2467.1,1610.67,1716.58,2156.1,2849.56,2673.77,745,0,0,0
Q810U3_881_H4N4F2,4040.35,2805.57,928,1943.36,3279.04,1724.13,751,624,3679.52,1235.86,1905.7,993,0,0,0,598,1428.12,277,0,0,0,1437.69,2012,1543.82,2815.64,2327.26,4786.72,3000.27,2862.17,2496.23,1539.54,1652.72,2911.56,3508.92,1951.59,652,3282.42,3959.03,2880.28,2192.64,1286.48,3498.56,2477.64,2385.71,1131.9,2815.6,1662.07,1050.24
P17439_289_H3N2F1,1283.19,1221.57,1114.96,0,0,0,607,514,2351.19,743,477,483,1340.5,353,907,0,0,0,334,251,626,0,0,0,0,0,0,0,0,0,0,0,0,0,0,0,0,0,0,0,0,0,0,0,0,0,0,0
Q91ZX7_3090_H3N5F1,684,1495.97,698,2059.09,1571.31,1408.05,0,0,0,0,0,0,1170.66,1400.38,991,1296.15,2368.72,1812.77,364,503,314,156,1191.88,1857.68,1176.08,2956.85,1546.85,3158.8,1480.9,513,1572.53,1098.47,766,1892.92,951,1653.38,2137.86,2324.12,1638.78,2930.98,2188.74,2546.14,0,0,0,2336.74,1190.82,1856.34
P97797_168_H5N2,107592,35561.3,18867.1,89856.5,113279,113155,51315.4,33418.9,8362.54,17284.1,67887.3,24754.4,77248.1,76847.6,57764.5,228171,121938,68435.4,39795.8,9463.84,35771.5,97228.1,105567,178065,91168.5,64314.1,285707,126531,509750,235176,41114.4,125829,96467.8,198712,107921,93335,191440,121864,206802,481154,181450,212943,52311.3,42565.4,49275.3,283316,250936,138519
P97797_168_H5N3,628,140,214,625,233,951,0,0,0,2295.94,507,449,0,0,0,0,0,0,0,0,0,241,1261.63,1921.53,0,0,0,899,2766.75,614,0,0,0,969,1929.28,1270.37,0,0,0,1856,588,692,0,0,0,537,1986.25,14894.9
Q8C7X2_917_H9N2,1401.73,5433.68,546,3010.38,2800.33,3724.17,1599.55,1520.79,5166.75,2503.87,3541.35,1977.3,4782.81,4167.15,5949.81,4719.6,4074.31,3136.97,2136.33,4658.47,1815.63,5930.12,4989.94,8393.84,4035.05,6644.86,7221.2,9523.16,8804.34,4383.11,6029.17,2943.96,5648,7037.9,7819.05,7079.19,6791.97,4945.07,8496.73,7292.17,6124.96,12088.4,6733.5,5979.93,3155.93,6725.87,11191.5,7919.56
Q8C7X2_917_H8N2,672,808,132,1101.61,982,1608.16,461,324,650,0,0,0,208,290,947,270,484,1451.89,425,412,239,102,403,479,1417.38,2420.78,1246.69,1324.61,1416.79,794,1240.66,1984.88,1679.84,1058.94,893,1709.6,1840.04,1084.3,1586.26,833,1870.78,765,3851.19,2130.47,755,1066.29,1567.57,2851.08
Q8C7X2_917_H7N2,723,555,442,0,0,0,468,316,1417.11,0,0,0,361,922,1077.05,1221.72,1000.28,804,215,1241.39,369,849,2859.08,1164.73,0,0,0,2603.89,971,604,747,1153.26,2674.68,2208.83,1735.78,1494.5,0,0,0,1930.51,1533.75,2860.3,1427.42,1529.16,1020.28,0,0,0
Q810U3_881_H3N3F1,1693.72,2834.43,1315,257,861,464,0,0,0,4099.13,2221.19,1308,301,1446.46,2635.91,370,643,1473.95,83.8,656,268,1503.33,1545.2,1049.82,1157.9,2956.85,2715.63,3065.21,2228.4,1792.69,1526.36,1508.04,3856.8,1552.6,2155.19,549,520,2586.05,912,615,2011.36,1416.68,3450.48,3945.54,2224.83,2455.92,1184.44,989
Q810U3_881_H3N5F1,3956.43,5160.06,6712.73,1275.19,3272.61,2795.44,2974.88,2194.01,17030.3,2309.8,2760.14,2193.22,4085.27,4154.33,6980.79,3253.15,4726.71,8134.6,2991.8,4861.65,2294.98,0,0,0,7511.06,4542.83,12008,6200.19,7904.18,8469.42,4960.6,11986.3,11257.2,9132.81,7413.56,23195.6,7158.93,7792.07,6775.17,0,0,0,17395.8,15565.3,7858.11,12307.2,3049.57,10262.6
Q01097_348_H9N2,4499,19846.5,131.1,18285.5,7699.44,24411.7,172,256,245,108,5828.47,2575.06,47492.4,33050.6,50430.6,9344.55,23989.4,21068.2,200,3183.23,213,14624.8,13165.3,11940.9,16595.3,30262,14739.2,19962.1,14353.7,430.4,2713.61,809,13564.1,16233.6,10809.5,2466.05,33167.2,21972.6,34926.3,24862.4,25739.7,20103.1,1196.23,1771.65,862,21980.4,23076.3,3321.76
Q9Z218_112_H4N5F2,1144.84,3698.87,373,275,986,1991.66,335,485,2035.85,992,640,414,2507.17,1481.2,5438.47,461,794,509,428,1848.37,248,596,366,1714.79,904,5914.75,1299.38,1581.52,2928.2,728,2564.76,3816.99,8063.46,4307.44,4336.7,339,3003.79,3606.38,3344.25,1736.21,1638.03,1031.56,7178.85,6332.9,3716.48,2120.31,7269.41,9194.22
B0V2N1_720_H5N2,289,165,61.5,354,423,186,0,0,0,0,0,0,0,0,0,798,97.6,385,0,0,0,476,1051.08,315,0,0,0,475,507,532,603,363,717,275,723,361,307,774,1790.8,294,527,1266.84,336,307,232,734,928,1224.78
P97797_209_H9N4,29957.4,15618.6,3882.93,8219.96,16590.9,29766,6640.25,3333.69,6919.1,11620.8,13629.8,6919.78,5962.18,13478.4,26835,14171.9,25020.4,55258.2,3903.14,19481.1,5156.54,7944.4,50791.7,26355.2,27650.9,67912,23439.9,99661.4,60524,14125.3,23028.4,15086.4,53061,27810.1,25340,262,16919.6,37224.1,21507.8,45986.3,43416.2,50757,23314.5,12825.4,12338.1,29881.6,106537,93833
P57716_434_H8N2,4717.45,3599.4,6524.9,6491.36,2367.02,4258.35,1199,913,2440.73,1091,1697.11,1074,2270.87,2101.71,3463.67,2291.1,3641.61,3416.65,1098,1810.64,1267,2655.34,2148,1941,3523.35,6749.12,1388,1476.98,438,103,6247.54,3043.13,4571.58,800,437,1307.51,4815.48,2937.77,2918.14,887,1686.11,765,5819.1,8381.12,1633.37,6144.81,9900.07,7152.32
P97797_209_H7N4,2492.2,1099.51,776,868,1110.59,1829.03,0,0,0,2351.2,1791.64,2665.39,535,821,2335.33,218146,1684.01,10686.5,511,3263.64,474,1082.3,3979.33,2649.27,4679.52,10262.4,3125.62,15070.3,5436.37,1036.21,1994.52,1475.78,8810.13,4051.9,4356.21,1701.91,5579.75,2318.64,5437.3,4244.6,6174.8,3967.09,2438.27,1654.31,1452.8,4712.17,10084.1,8829.65
Q9Z218_112_H5N4F1,397,1063.08,143,0,0,0,840,212,2138.22,0,0,0,2010.86,1380.66,1300.14,6679.62,1808.61,376,219,1435.05,93.7,0,0,0,2607.42,6066.21,1037.58,1494.98,812,1204.12,0,0,0,0,0,0,2189.35,2838.24,706,327,717,370,0,0,0,0,0,0
Q9Z218_112_H4N4F2,1806.78,1687.8,454,767,462,396,629,438,2864.01,608,825,247,2037.8,1112.97,1050.41,0,0,0,266,627,254,698,2779.54,1736.7,0,0,0,2537.33,1980.09,1349.55,3183.87,1712.52,2519.56,2590.07,3705.95,2134.16,2104.87,3371.77,3602.33,2657.5,2541.67,696,1162.99,1653.72,1395.91,1938.4,4564.96,5532.18
P97797_209_H6N4,280,220,34.7,277,1374.87,1218.87,136,83.3,760,461,130,114,0,0,0,1820.56,559,1884.37,0,0,0,113,3064.67,398,603,2434.37,820,2261.68,1395.23,241,1717.57,668,1445.52,938,847,809,420,328,487,665,966,2259.64,1069.52,1057.76,599,1269.74,1395.21,1979.62
Q9Z218_112_H5N4F2,1373.89,1870.83,1120.54,637,939,2140.76,171,360,4525.39,1167.06,368,403,2496.67,2003.85,4757.42,6879.44,4949.04,1603.2,808,1845.8,873,740,1444.77,1795.41,5111.79,5652.45,5458.77,7099.06,7453.51,1372.3,1888.28,2441.42,7377.16,2064.74,2359.61,6489.22,5568.67,3540.7,7523.83,3816.19,4285.05,4052.91,2488.18,1941.26,2516.42,3204.01,5446.94,2045.98
Q9Z218_112_H4N4F1,387,982,368,0,0,0,269,171,2026.16,0,0,0,1162.66,2426.49,1106.08,581,423,927,169,314,284,0,0,0,0,0,0,259,134,814,950,1083.18,2936.05,0,0,0,1357.98,1011.02,911,0,0,0,1071.9,1399.59,915,625,385,1514.93
Q9Z2G6_604_H9N2,1684.06,1432.61,308,2363.25,3643.05,2744.97,535,304,4158.58,1826.99,425,590,1147.41,891,2890.11,1065.93,1583.92,2016.56,269,1268.32,237,789,632,1601.29,4392.23,11670.1,3991.2,5834.66,5245.47,499,2947.57,1102.17,6834.46,3594.2,3219.91,3396.61,5721.6,5650.72,5044.39,4056.7,3146.32,5241.7,1610.72,2603.81,890,3369.75,4082.77,4824.69
Q9Z218_112_H3N5F1,49602.4,29281.8,18221.6,6788.69,11423.6,17836.4,16497.4,12168.8,26834.6,15704.7,14324.4,9650.47,65564.5,33424.6,58034.2,10911.2,29304.4,11807.4,13555.4,7392.09,13255.6,21704.2,34048.7,37084.3,131908,9081.46,92827.3,20336.6,31256.6,45179.5,26598.1,24815.3,40375.6,61527.1,46967.4,23918.6,74326.8,52382.6,59425.4,28086.3,33308.6,26777.1,27999.8,24426.4,26049.9,29602.5,75798.2,72550.7
P43006_205_H6N5F3A1,23868.9,13851.5,15109.7,3840.44,2078.83,5136.9,0,0,0,2313.36,3678.56,1190.14,11474.1,15267.9,20314,1472.2,108,526,169,329,79.6,8538.01,21732.8,11026.5,14131.1,55838.6,15275.5,27923.4,17063.6,3191.26,7376.24,4987.65,29397.8,23405.1,19511.3,28887.7,20276.7,10707.6,17303.2,14370.2,24127,17270.7,5664.27,6064.56,2189.39,28053.1,17759.5,20099
P21995_118_H3N5F1,666,356,159,0,0,0,238,151,1321.74,0,0,0,222,426,962,0,0,0,113,787,235,0,0,0,809,2040.84,986,1064.88,410,183,1547.74,523,1272.29,0,0,0,922,1179.89,719,211,409,104,833,588,410,0,0,0
P43006_205_H5N4F2A1,24902.3,4422.12,993,6914.62,5645.5,8127.11,0,0,0,9891.11,3166.86,2692.46,4860.7,9881.34,19325.3,1976.11,2260.52,15586.4,75,1577.01,125,2156.57,14112.2,5485.26,18207.9,41269.1,8274.78,13840.9,14213.9,1024.6,2325.21,888,20859.5,28566.6,36648.9,12526.9,24656.7,24710.9,25847.4,9430.84,12877.5,20373.4,1551.34,3562.31,1469.5,79069.6,63713.8,18814.3
P43006_205_H5N4F1A1,632,966,455,0,0,0,0,0,0,0,0,0,3834.51,891,1470.08,523,863,3373.32,0,0,0,666,2452.11,2066.13,2197.06,17501.8,593,7001.7,5207.32,4416.52,104,308,3872.83,3905.86,14594.9,3608.74,1665.3,5152.72,3255.32,5678.76,17325.7,2207.12,0,0,0,4438.48,4783.48,17105.1
Q9WTS5_1702_H9N2,9198.55,5145.54,2712.29,4434.49,6164.04,4602.37,0,0,0,3319.47,1285.31,262,10847.7,9174.58,10996,188411,5022.65,9458.51,0,0,0,0,0,0,8810.38,29098.2,6817.83,322,4698.32,505,3628.33,2128.81,6077.12,10564.2,3501.44,501,9303.37,8212.01,11419.7,5155.93,9116.31,7769.3,3082.99,3401.58,858,4626.2,5456.98,13958.7
O89023_442_H5N2,87576.4,90148.8,34737.1,229786,141324,159018,24676.5,21718.2,101354,119197,49297.5,24541.5,92014.8,82081.2,107122,172348,174120,139180,27141.5,29061.5,25685.7,38988.5,87470.4,105067,94355,3983.22,33586.9,146024,162496,66195.6,31385.6,34235.3,60559.2,45778.7,57953.6,85208.3,51654.7,76365.2,55894.8,148745,115517,252469,48144.5,29470.1,48389.2,209347,127003,15883.3
O89023_442_H6N2,1600.79,491,2384.03,444,1957.3,3422.16,798,904,2779.32,988,274,170,0,0,0,0,0,0,389,1046.15,975,0,0,0,0,0,0,0,0,0,1374.5,736,2048.84,2529.49,2379.46,4994.96,0,0,0,0,0,0,2512.59,2371.58,1686.93,0,0,0
Q61885_59_H3N4F1,283715,530344,1.19299e+06,53112,47729.3,55311.4,1.54516e+06,969634,168191,421144,888068,460162,541601,191977,152727,79759.7,133140,114346,1.48407e+06,713729,953288,986310,691450,1.46064e+06,347493,247080,63501.3,98821.5,100367,1.46217e+06,1.23569e+06,1.83042e+06,448024,901990,1.04773e+06,432913,216980,254463,245790,68678.9,104561,99915.8,520273,427567,2.19387e+06,1.51701e+06,353616,254069
O89023_442_H4N2,53515.1,72021,28146,145165,164149,134277,11655.2,14819.7,83547,65839.5,14785.1,14092,54855.4,48915.1,71109.7,126943,120812,70133.6,15784.5,8628.26,16600.9,45849.5,27994.8,37086.2,51180,42093.7,33731.5,236379,83734.1,26433.9,30148.3,36259.7,37759.1,25366.4,71062.6,28776.6,101325,68913.9,81599.5,43655.2,123599,118619,13525,57004.3,24379.8,54249.5,53295.8,34392
Q91ZX7_447_H5N2,28167.4,15555.1,18830.8,42147.2,46261,33370.9,4754.86,7387.69,39635.6,33107.9,8914.69,8877.4,26119.2,20539.7,8977.19,25532.1,19432.4,17184.8,4972.21,35470.3,4939.91,20050.3,8287.67,21741.1,15208.2,10592.5,16680.9,13304.8,12775.5,8994.24,4684.58,5656.39,12875.6,11597.7,5040.26,4491.31,20216.1,18052.7,16356.6,21401,13890.4,13556.5,7470.37,7189.18,9954.28,17387,17833.2,40053.8
O89023_442_H3N2,22616.8,39191.3,7838.06,53886.4,66185.6,35638.7,3497.29,3037.13,36157.5,48942.8,16119.7,13508.3,42489.2,12805.2,5941.2,94703.9,104584,27757.3,4243.33,2559.29,8986.72,12710.8,8576.03,3074.84,31561.4,14361.1,38514.9,41286.7,50547,10230.8,19233.8,12079.7,15521.9,31485.6,44630.7,23609.1,10181.9,11574.9,60357.2,100331,35126.3,66272.9,1835.84,24797,13067.3,2226.44,8899.66,32587.2
Q61282_333_H3N4F1,4436.84,6625.07,406,0,0,0,3071.61,3165.89,6434.76,328,226,416,8490.68,7536.58,12352.1,2227.19,6130.46,9001.67,4339.9,4294.91,5109.39,1577.6,1745.32,3042.6,8510.9,1085.1,2479.2,6033.81,3940.67,22931.3,19211.2,13174.5,6411.2,0,0,0,12090,11906.1,6515.51,3143.95,4152.63,6660.61,16054.2,18881.1,15992.4,5272.59,4620.34,11728.7
Q61885_59_H3N2F1,262719,910544,2.62488e+06,493966,127073,164639,2.07779e+06,2.91025e+06,680909,1.93627e+06,3.01802e+06,3.40725e+06,509265,298692,175091,48355.1,95241.6,20025.4,1.76206e+06,715982,2.14367e+06,1.86402e+06,627439,220276,3682.68,1033.46,11638.1,1107,2873.38,10333.3,44839.6,31471.9,50259.4,83338.3,52531.8,31396.7,4408.74,1307.02,4390.54,20980.4,2641.68,688,11959.7,5165,37376.4,8775.36,25819.7,98525.5
O89023_442_H3N2F1,9481.13,2689.4,4196.69,19613.1,7004.99,9594.15,840,884,4568.97,3869.11,1550.03,2837.59,4478.17,11488,3795.97,647,6740.14,15403,473,812,4064.56,3897.84,5828.12,6824.84,16884.7,3070.47,3982.62,14549,33776.9,5621.33,5528.08,5766.8,2134.76,11792.5,10305.7,4896.13,7548.53,10609.5,2428.14,6210.44,19252.9,11265.1,3702.23,7272.65,5733.45,13661.5,9873.92,21160.8
Q61282_333_H3N2F1,19732.5,26183.6,7630.32,10904.8,3006.02,937,8701.99,11462.6,41344.3,7564.61,5823.98,5908.75,29233.1,38624.3,7388.41,1750.41,3596.64,918,12741.5,28687.2,16454.4,12148.6,11610.3,7057.25,7850.16,13123.7,20519.7,14246.9,6951.13,20505.8,9585.15,11403.9,21678.7,21720.4,16271.6,2759.7,20689.2,30678.9,33990.7,6021.28,6433.61,7773.86,13050.8,19558.4,25333.3,6097.81,19057.3,41699.1
Q8BRH0_546_H6N2,582,857,244,672,1376.62,1588.4,0,0,0,0,0,0,641,1299.63,1047.87,1346.38,1493.24,584,0,0,0,0,0,0,0,0,0,1540.3,726,586,0,0,0,0,0,0,0,0,0,0,0,0,0,0,0,0,0,0
P13595_348_H3N4F1,2754.21,1512,7628.62,1558,876,2065.16,5816.14,3897.5,9278.46,8065.91,1044,5881.93,2146.15,1673.59,1761,1238,2106.98,647,5691.19,1361,3157.11,4636.49,1791.7,2809.17,0,0,0,203,60.1,1114.08,2403.96,2024.46,3168.62,2698.12,545,1497.95,1420,1154,1462.57,508,318,300,7597.2,7285.97,6738.89,6180.47,6384.22,8142.71
P57716_434_H7N2,1725.57,1083,2125.65,2475.6,668,726,0,0,0,808,335,3407.69,203,142,7434.14,0,0,0,3690.5,2879.66,4697,394,1283,988,0,0,0,0,0,0,1852.24,1438.82,3329.21,1661.1,694,308,1953.07,1623.08,1032,959,1920.87,2520.45,2245.16,1801.37,977,1257.41,1789.59,1273.45
Q3UUQ7_558_H9N2,577,656,1031.2,870,2240.76,1447.98,480,438.4,2038.82,2289.37,924.9,656,2467.47,787,985,1893.99,2791.93,3176.68,679,3477.27,875,1310.26,3241.84,2018.21,1184.27,3434.26,403,2509.28,1821.24,551,1610.14,2657.69,1703.97,2382.12,1806.45,1179,1469.66,1319.86,1075,2008.97,2099.84,2456.19,3658.6,3174.76,1954.48,3290.39,2954.74,1071.89
Q3UUQ7_558_H8N2,1254.48,3184.82,1737.47,4049.95,7038.31,7112.96,682,983,5373.5,8881.2,1985.89,3048.23,1307,2633.97,2854.42,3693.64,5838.44,3694.46,1031,4152.49,1424.51,4936.56,4670.85,6554.59,1388,9903,3750.82,10902.4,9025.39,1627.89,8444.45,5200.43,6015.21,7978.44,7304.84,2220.79,4142.58,4565.96,3727.02,19152.1,8977.71,11034.5,10913.8,8324.55,3233.48,6881.36,13339.4,27347.8
Q9CQF9_353_H9N2,4931.98,10433.3,1814.77,7502.04,7158.07,9951.79,2149.6,2033.15,19006,3189.99,6245.44,3030.1,4778.26,11109.6,15565.6,14047.7,14587.1,30091.9,1556.73,18136.9,3207.74,10729.8,14895.5,19588.4,19343.6,46557,11930.8,15704,10368.6,3914.5,10975.1,11914.7,6345.78,20935.2,22123.5,6056.18,13986.2,19913.6,38460.7,9402.98,19971,24988.6,15418.2,11687.3,5679.89,24477.7,21946.1,15771.9
Q91ZX7_3954_H5N2,6303.35,4870.49,1453.67,9731.3,8151.12,8808.41,0,0,0,573,3401.25,2561.19,593,5636.36,573,4721.64,9782.27,10030.8,595,1735.89,1091.93,0,0,0,13297.8,8357.72,6308.97,11289.4,16341.9,4286.57,5638.22,5089.93,11551.5,13311,10904.3,8524.68,4322.01,4032.9,10362,13758.5,9943.95,20325.2,3156.72,5187.36,6236.49,1889.01,3574.16,2339.41
Q3UUQ7_558_H6N2,2535.95,2463.28,1096,4060.23,6408.76,3351.44,618,435,4782.12,1468.22,972,1268,1694.36,1722,4022.16,1828.41,4479.78,4219.56,592,426,1007,1067,2747.24,1455,1917.59,1178.21,1932.64,1969.44,6532.61,2556.51,4146.95,3736.37,4473.05,1455.56,694.4,2291.12,2103.42,2471.41,2419.4,5578.57,5053.7,3209.56,4422.69,3002.14,2055.95,1468.78,2703.25,2367.89
Q9CQF9_353_H8N2,8343.94,5896.99,988,2978.83,3886.89,3190.95,0,0,0,1796.57,3707.12,1354.11,3684.61,5536.27,6473.97,1602.59,3400,2160,1034.74,3880.91,1606.45,3016.12,3934.89,6170.01,7877.86,9113.62,13169.1,14646.4,8115.97,6109.29,5853.61,9598.62,4432.72,13180.9,18788.2,5272.35,4932.31,9646.05,10507.4,0,0,0,4403.1,4862.08,4808.23,18512.5,19507.3,6398.85
Q9CQF9_353_H6N2,7542.16,9367.83,1360.23,7157.12,5023.01,9553.28,2029.66,3492.09,12954.9,1958.7,8305.95,2215.18,4363.75,12334.9,32386.6,4107.3,6626.49,9553.86,1896.81,1222.59,2833.31,6564.06,21605.7,9300.63,22194.5,3111.58,43132.2,33726.2,7379.16,14333.8,15442.1,13396.2,9010.84,28154.5,41444.9,10988.7,6566.65,23150.1,23485.4,26638.2,27628,22290.4,15533.9,14971.8,10534.2,27700.2,35838.8,15987.1
Q63912_103_H8N2,88586.1,68378.4,27234.1,50102.5,40798.5,42463.6,59864.8,59884.1,44262.8,57793.5,66378.5,53466.4,69348.2,82155,74910.4,115650,79656.6,59879.7,73905.4,64236.4,58842.7,111484,144123,168172,155803,29024.5,61496.2,110600,146840,71010.8,62267.2,53112,63448,118879,98895.9,22632.2,99347.5,93012.4,108098,141284,131463,91695.7,91223.2,77562.2,56698,146366,177178,125889
P35436_380_H3N5F1,9999.3,19280.7,6732.12,12806.1,14001.7,3431,0,0,0,0,0,0,15072.1,11330.5,25427.4,0,0,0,0,0,0,0,0,0,17939,4610.71,17368.9,11815.8,7185.52,554,1718.6,545,6880.32,7434.75,4333.13,2718.13,23979.5,25786.4,18957.2,7532.07,10337.7,7112.14,1040.4,871,1512.51,3012.17,3564.47,2915.87
P43406_74_H5N2,8247.96,6629.6,1189.86,2928.36,10196.3,6076.14,883,1139.62,1843.63,6290.94,3737.86,2805.82,9382.76,4675.24,4094.52,1991.33,4628.72,11082.3,1158.6,1294.19,1923.12,3136.01,4735.46,1681.23,6962.3,3541.3,10712.7,7745.35,6038.11,7528.35,3834.81,4072.1,7898.09,6605.27,6164.27,4395.44,8458.34,8893.35,11477.3,7942.5,9744.85,6764.59,12831.9,7862.74,4288.42,5021.73,8362.08,9708.99
P19137_1935_H3N4F1,771,892,805,494,587,3487.27,857,835,4080.31,543,965,232,0,0,0,4828.64,1586.15,1280.62,1351.55,309,874,1615.12,469,755,0,0,0,1385.38,1611.66,2324.16,4164.45,3682.11,849,695,1884.51,3879.88,2464.96,3065.91,3187.38,0,0,0,2518.14,3192.4,1368.93,163,3051.77,1201.6
Q9CPW5_88_H8N2,1211.94,353,399,0,0,0,0,0,0,1412.03,762,326,2699.42,1662.54,2963.33,1305.83,10009.8,648,218,2787.54,124,1100.74,997,714,0,0,0,19939,8904.03,5458.42,15272.8,13236.7,13614.1,13026.6,11137,11805.6,18284.8,15145.6,15562.9,8841.05,18758.8,14610.9,1553.39,8522.23,2597.87,0,0,0
P97797_271_H4N2,2566.3,1397.75,797,6662.77,3113.86,10365.2,557,1583.18,1891.1,1740.67,2081.05,2550.15,707,2570.47,4203.52,1308.58,2627.12,812,770,770,962,1834.43,4219.58,2783.15,7295.71,2970.91,14062.2,20053.3,21552.7,9098.23,4196.99,5573.3,29026.7,10578,24568.8,10604.3,9502.69,8123.57,11154.5,11856.3,8252.87,10784.4,5628.64,4553.39,4382.9,6764.53,18612.5,24333.5
Q61490_361_H4N5F2,1142.22,387,1189.87,711,415,1085.04,1013.67,305,3220.45,1383.31,1219.17,1247.22,1235.3,1632.22,626,402,1841.97,742,870,1526.94,597,1109.66,2630.94,1500.1,0,0,0,2889.95,7731.11,1281.7,1954.85,1723.61,2313.59,3432.73,3310.55,2445.41,1817.5,1587.14,720,0,0,0,1197.39,1951.09,1679.05,4140.93,776,9379.01
P43006_205_H7N6F3A2,10208.7,7001.69,7752.81,8350.38,4771.25,10797.2,1737.93,711,2873.92,13597.6,13490.3,2881.79,411,1299.37,19743.9,2534.8,6492.8,6230.53,0,0,0,3434.39,28252.1,7749,12964.1,41275.6,1354.85,14338.6,5335.42,4427.55,5204.66,5980.71,12321.1,21206.8,29394.1,7578.36,11347.3,4480.02,20561.7,10240.6,1585.37,9490.43,14276.9,16445.3,8519.08,14096.4,43470.3,11420.4
Q80V42_38_H5N2,558,1820.55,3918.49,319,265,302,6974.45,5219.23,6578.34,2049.58,2035.18,4332.9,1793.19,1643,2322.18,0,0,0,6569.89,1713.37,6588.7,3943.17,5268.77,7519.96,1982.45,1497.25,2057.26,450,238,5368.9,8497.8,2872.42,4438.13,5334.42,4917.14,3136.94,995,1219.55,2014.52,312,412,539,7765.7,12362.3,15301.9,5410.8,10565.5,4433.69
Q80T41_388_H5N3F1,1283.19,1234.43,396,2180.96,3112.88,1802.56,0,0,0,0,0,0,1490.03,2067.68,1147.37,2686.38,1076.7,3886.65,0,0,0,0,0,0,2383.34,872,2190.91,8319.59,4256.63,1483.22,288,4382.95,3517.06,605,1583.22,696,2962.6,3879.62,4628.25,2092.69,5587.69,3512.19,1073.44,3982.3,2308.94,919,1254.33,729
Q80T41_388_H4N4F2,1018.45,1033.48,174,672,3309.23,2780.49,0,0,0,0,0,0,0,0,0,0,0,0,0,0,0,0,0,0,0,0,0,2893.78,2494.2,243,412,552,1621.68,842,414,185,594,1055.36,1060.85,981,1809.87,1980.58,1174.84,1203.54,268,634,761,8211.63
Q9WV18_439_H3N4F1,1514.81,1834.86,667,3975.53,1912.22,7753.82,0,0,0,541,306,253,3595.67,2528.88,659,6485.87,4006.2,2665.67,99.7,393,144,403,941,1043.81,5578.66,5405.15,6914.53,10510.5,9641.84,1056.6,731,1889.98,5250.33,1610.17,3633.69,423,4209.46,4820.17,3678.61,12767.3,9209.54,16352.1,2359.21,2379.88,2130.21,2220.7,218,1779.61
Q01097_348_H8N2,20473.3,16254.7,10432.8,19293.8,9751.63,26478.1,189,161,224,281,5482.35,2429.99,17884.4,16813.1,21372.3,9920.17,20714.4,8992.46,199,2067.2,347,7969.43,8578.12,10160.1,22333.4,70898,15502.2,30540.9,24377.3,3039.12,1028.1,1292.4,17633.1,12732.8,12034,15885.7,31520.2,32196.4,30688.7,29947.2,30720.3,23021.6,3433.48,1222.81,1045.24,4277.31,10959.3,3670.95
Q80T41_388_H4N3F1,1131.62,1515.45,74.2,1621.66,2335.15,1628.09,46.5,235,803,0,0,0,1881.59,2564.54,1052.34,3585.95,2526.64,895,198,247,236,156,229,124,2342.7,2838.39,2552.02,4958.18,7262.64,626,1239.82,1031.43,7880.61,0,0,0,3257.7,3076.72,3616.04,2812.76,2730.38,6637.84,2830.01,2589.34,1299.93,0,0,0
Q80T41_388_H4N4F1,1280.84,1367.06,273,0,0,0,0,0,0,0,0,0,983,1292.37,1910.63,1760.32,2021.72,1529.07,175,753,366,0,0,0,2698.22,3065.47,2276.59,2624.15,2850.41,1247.52,780,689,2673,588,1021.34,1188.94,2041.18,2589.7,2666.02,1539.68,1932.37,2113.96,526,1032.47,1194.37,0,0,0
Q61490_361_H3N4F1,12567.2,10340.1,13390.1,14283.6,29265.3,18872.3,5736.18,3833.81,6709.78,22912.1,6754.26,11679.4,7496.27,5024.5,10970.3,9361.2,15013.7,10158.6,4606.01,4139.57,6685.67,20782.1,9941.86,14957.9,11054.7,3426.44,17304.3,13204.6,14460.7,9518.21,3769.49,8127.29,4051.69,31438.5,11308.7,2087.14,9863.44,10914.2,7428.51,36532.9,31955.6,13960.4,117,378,108,2569.65,40985.3,17296.5
Q61490_361_H3N5F1,1499,4858.18,6328.17,1995.15,3506.51,3639.76,2537.27,2883.38,3031.56,4829.07,6008.67,3486.66,3036.96,3359.89,1736.88,2361.52,7110.65,5317.92,1587.55,2202.4,2723.66,4252.37,4581.8,7909.04,3333.29,1887.4,1725.14,6464.97,5307.5,4350.24,5337.5,4452.85,7718.09,6807.89,1528.15,3439.23,1096.41,2494.52,2839.66,3843.3,2011.1,2688.74,0,0,0,6926.04,13391.8,4016.69
Q80T41_388_H5N2,2028.78,3604.77,590,3779.91,2338.72,4708.55,297,238,1554.03,134,123,311,3639.67,4621.02,272,2225.43,3651.47,4151.72,215,983,503,809,988,650,12092.9,5559.28,7558.99,8839.75,9880.76,1689.67,0,0,0,6003.42,7857.43,7828.08,2870.05,4697.78,12879.8,9063.79,3967.59,6072.67,0,0,0,0,0,0
Q01097_348_H7N2,6397.07,3580.37,1380.83,4292.93,3987.76,13839.1,0,0,0,1234.44,1943.4,772,6240.55,5184.69,6610.6,2170.68,3392,3576.39,0,0,0,2509.77,4734.54,3230.67,5448.44,2081.07,5208.47,7882.18,8474.62,2477.43,0,0,0,0,0,0,5816.11,8235.88,5538.6,8057.51,8118.24,4916.28,0,0,0,451,2610.53,805
Q80T41_388_H3N4F1,9530.18,4915.85,3233.22,15538.6,27722.3,21253.7,3504.99,1216.51,8243.18,3925.68,3763.74,2206.04,13508.4,18361.4,2550.37,10729.9,13700,6692.57,3217.41,1998.19,2343.34,4005.7,6264.3,5219.4,23713.5,27362.5,31589.7,60279.4,30907.2,7795.46,6234.72,10525.8,7526.23,11097.8,12857.8,3724.24,19941.1,25629.5,23016.8,31221.9,24526.8,32462.7,14910.5,18237.2,8657.12,6677.19,12518.5,18625
Q01097_348_H6N2,1807.18,1052.43,240,458,675,859,0,0,0,1942.42,580,99.4,1837.06,839,2171.97,2863.52,946,442,0,0,0,339,1029.58,273,1644.44,1955.65,1439.76,3656.92,3042.24,2350.68,0,0,0,875,1397.35,832,2765.71,1187.41,1511.1,1470.35,2059.45,922,0,0,0,1220.17,1869.05,12379.9
B9EKR1_501_H4N5F2,2492.87,2259.09,698,0,0,0,0,0,0,0,0,0,900,1133.46,1515.39,0,0,0,0,0,0,0,0,0,2438.14,3504.16,1855.04,4952.77,3031.98,3996.69,4967.05,7142.79,10613.6,0,0,0,4175.46,2513.04,2526.59,4774.56,5024.63,10163.2,4747.4,4287.45,2492.27,0,0,0
Q80T41_388_H3N5F1,5829.92,7766.13,1381.22,4427.01,5248.06,10175.2,907,2353.22,4188.12,1680,1056.92,612,6614.68,10075.6,10084.6,4886.33,7477.82,4753.01,1368.16,2025.53,1243.56,0,0,0,16837.4,19119.1,12647,19841.5,14852.5,5376.39,2676.47,4878.56,19328,4845.66,9011.94,14352.5,12824.4,18489.5,24315.7,15241.7,12948.1,4172.6,7500.87,9539.08,5395.25,5650.07,6582.63,4810.37
P35438_368_H7N2,12415.3,6359.22,1437.9,6615,7947.74,8968.93,65.3,29.4,3347.91,2752.48,1507,1340,11976.9,7197.18,16730.5,8266.47,6558.12,7534.84,1279.33,462,255.7,805,2564.18,1639,12863.6,27238.1,19897.8,13576.3,6449.09,1455.68,1887,1043,5012.09,3432.64,4616.77,4121.4,20233.5,23331,20994.8,16521,14948.9,11228.2,1412,2342.1,1511,1624.5,3666.03,24671.4
P35438_368_H8N2,21422.8,21412.2,11002.9,6649.39,10848.9,8852.15,265.8,415.6,8949.59,1922,2604.66,2471,33996.9,19654.8,31323.1,16413.2,21771,19655.9,160.9,1112,213.7,4025.87,12081,10456.3,20978.5,48898.3,15860.8,22910.6,16527,1243,4049.1,2959.63,12239.7,5297.68,3348.89,4914.22,29720.9,37436.7,34954.7,20969.1,23119.1,23855.3,3861.83,3369.78,2074.22,6583.51,5690.04,15614.7
B9EKR1_501_H3N4F1,6979.91,9450.51,6207.43,8364.55,18872.3,12439.2,4295.96,5631.25,26470.2,12897.6,3640.54,3660.04,8644.99,8435.76,11867.1,26195.1,14486.2,10610.7,2935.72,4158.68,3950.19,3642.49,7231.72,5579.57,9634.86,12422.9,9158.07,28303.2,21930,9100.55,8929.23,13398.8,25744.3,9132.5,11856.5,10401.2,15903.3,15199.8,17566.2,16131.6,22588.1,16967.9,11428.8,13480.9,7454.81,11760.7,15308.1,32318.3
B9EKR1_501_H3N2F1,7843.92,6209.13,1144,8863.2,14394.5,13028,1288.46,1117.1,3178.75,3124.79,3479.22,2821.72,2072.63,3664.91,6463.95,2298.86,1586.82,3556.28,1058.79,634,968,2061.1,3665.48,4643.86,4356.68,3319.23,10610.5,10807.4,6405.23,3173.08,1544.91,1648.9,10169.8,5857.8,4898.73,140,6383.17,6139.57,7689.93,5598.27,5430.46,6803.37,2883.28,1380.82,2478.98,7329.83,7679.51,6546.65
P55066_121_H3N2,502,278,226,179,322,326,0,0,0,0,0,0,852,1073.87,470,493,226,125,0,0,0,387,775,678,755,801,3943.56,609,630,371,1529.91,113,366,633,725,426,949,1238.2,2900.98,1343.37,416,676,0,0,0,505,1180.56,422
P11438_159_H5N2,1528.09,2738.73,985,3720.67,1430.39,2191.91,3795.31,1011.11,842,888,911,1707.29,3487.37,1864.52,1478.54,1513.22,692,447,5197.82,27808.9,2799.74,0,0,0,0,0,0,0,0,0,0,0,0,0,0,0,0,0,0,0,0,0,0,0,0,0,0,0
P35438_368_H5N2,61312.8,69996.7,20277.8,42767.4,89579.6,72237.9,95.8,127,19806.2,22476.6,10914,7741.67,81844.9,58639.7,58820.3,54680.4,23302,24427.7,177.6,612,198.6,19661.7,20883.8,14997,108682,47929.1,58641.7,77663.2,67189.7,12424.6,1888.04,2509.07,53473.7,42392.9,44625.9,8701.28,60612.1,89200.4,103144,58260.9,50151.4,63604.9,1271,3283.53,1519,21840.1,24183.1,32066.9
P15209_205_H3N5F1,1192.04,777,719,2499.02,1420.23,2461,248,954,1818.33,0,0,0,530,1370.75,1211.09,5838.29,1746.76,1530.39,525,346,480,573,806,1159.08,0,0,0,0,0,0,2780.75,2453.05,7921.35,0,0,0,0,0,0,2309.58,4393.55,2403.31,2545.01,2730.99,2033.06,0,0,0
P18242_261_H4N2,1337.05,5048.99,2076.99,9741.53,4969.28,3935.04,827,3649.37,11009.5,5061.77,2199.03,1908.24,5332.81,1075,2162.49,1504.71,1573.69,799,1502.62,1980.09,2398.51,167,1423.64,318,0,0,0,1743.63,444,433,0,0,0,907,212,1813.06,284,88.2,269,739,311,829,234,1641.43,252,185,266,994
P11627_978_H5N4F1,522,686,248,959,1072.85,621,317,170,850,937,202,128,586,489,876,2350.14,4010.75,1511.42,207,1566.62,274,396,860,509,1163.62,1524.89,838,3718.15,1560.46,561.7,783.8,1008,3565.9,1662.38,704,4637.82,1541.13,1267.56,1939.17,1946.77,2174.58,3264.76,1183.17,569.7,983,66.5,1226.22,274
P11627_978_H5N3F1,2670.69,196,68.8,930,665,417,0,0,0,634,211,46.3,738,600,433,694,201,618,97.3,257,143,504,446,443,977,171,1368.29,2018.27,1744.61,179,2209.01,944,3292.63,1160.67,1069.45,1024.35,1162.48,617,839,1382.87,772,3294.76,335,832,291,0,0,0
P18242_261_H3N2,1256.25,1431.76,1079.11,0,0,0,0,0,0,1544.3,1240.01,606,1703.3,745,1682.35,0,0,0,0,0,0,0,0,0,0,0,0,445,338,379,0,0,0,258,108,116,0,0,0,0,0,0,0,0,0,1203.21,493,1296.06
P18242_261_H5N2,18162.5,29664.9,16849.2,27571,41439.6,23932.4,9715.41,11981.8,53626,31424.9,12523,14646.7,21720.5,31768.7,8363.37,27728.1,45424.3,21962.5,8752.07,13830.1,8987.3,15376.2,12422.6,4029.06,13280.9,26332,79613.3,5320.52,18905.4,4928.09,43043.4,9978.62,11927.7,26265.1,12330.3,9397.68,4801.79,4997.88,9084.84,21940.5,2808.34,24242.3,5217.64,7262.11,14798.1,5413.19,6413.46,60480
P14231_118_H9N2,1511.64,478,121,0,0,0,170,470,4564.74,487,160,163,422,170,649,626,275,178,85.8,937,105,44.3,192,155,537,1748.23,169,0,0,0,849,1865.81,1298.95,380,866,2571.35,121,206,388,0,0,0,1018.31,1007.1,861,243,459,386
P14231_118_H7N2,15799.2,27964.2,9924.39,15000.4,18327.8,11306.5,8974.02,20007.9,33293,17454.1,10458.9,8810.96,22665.2,26506.8,39568.3,9648.78,20746.6,34015.6,13067.8,19816.4,29002.3,9824.23,26573.6,12944,47787.4,30175.3,51227.6,32418.4,39840.6,25956.9,56655.7,66216.7,43927.4,25332.1,47105.3,51323.2,38922,48026.8,46297.4,27778.3,30776.7,46402.6,45177.1,84503.1,39752.1,21281.7,23870.8,22470.7
P14231_118_H6N2,12140.3,45401.2,38067.9,32794.4,43708.8,40251.3,20018.4,50895.4,40748.6,18144.7,28430.5,27564,44772.9,61363.3,19845.6,4142.73,60859,59581.9,36827.3,105367,54339.8,13674.2,34804.2,25894.6,51999.5,40532.7,47319.9,37004.5,57622.6,191786,116689,163399,209453,22358.7,29649,119865,16167.8,29361.8,61149.9,41728.2,29148.9,50351.2,98535.4,122787,101478,14700.8,22643.3,79055.2
P14231_118_H6N3F1,3158.06,3698.94,722,1858.8,879,1244.14,908,1485.6,1292.57,1457.62,1287.43,1857.41,1260.62,1538.73,2477.2,1689.62,2183.49,3537.05,536,1923.04,1461.8,557,3191.66,2284.97,6871.65,842,5110.53,1871.3,4203.46,5286.09,5895.24,8284.1,6250.62,2529.96,4809.91,21269.5,2433.62,5523.97,7392.64,2067.13,2316.19,4682.44,7063.89,4154.4,5668.12,4141.38,4677.59,3811.84
P11627_978_H5N4F2,388,214,232,831,1412.63,911,161,99.2,561,601,333,201,308,599,831,839,1185.35,549,340,1134.82,256,602,2011.88,914,313,1245.27,95.5,1493.86,1098,615,904,496.1,778,854,394,326,409,421,804,686,843,1004.08,1150,809.6,389,1161.14,755,7273.97
P14231_118_H5N2,248536,1.10762e+06,797678,808051,531208,802933,899285,1.0775e+06,881802,605122,777763,417043,563431,1.0678e+06,166477,228130,700776,282114,524929,1.19454e+06,887800,403713,344630,101326,198246,71588.9,538180,48988.6,252196,201688,957769,649930,259407,29470.7,86120.3,195374,94273.7,53585.5,132423,246977,65164.5,296356,231454,443158,777875,36112,54681.5,28905.5
P11627_978_H4N5F2,375,329,974,1257.6,2182.97,1720.85,1532.89,897,1448.47,1246.24,772,466,440,1151.26,1378.97,1413.59,769,551,1014.48,4295.66,1138.49,715,1492.91,1884.31,747,3966.39,229,1479.13,1139,1022,1725.4,1142,1671.46,990,1268,2039.88,1050.56,1338.65,1659.76,2040.34,1550.01,2168.93,1986.01,1903.32,1205.05,1139,1283,2135.76
P23818_363_H9N2,1374.71,2643.39,232,0,0,0,0,0,0,0,0,0,1550.67,3038.12,1266.85,0,0,0,0,0,0,0,0,0,1511.52,4686.29,779,749,610,261,0,0,0,518,445,944,4584.42,3414.81,1947.26,695,681,764,0,0,0,1273.4,1225.52,1731.4
P11627_978_H4N4F1,3739.76,4395.44,1813.52,7979.73,12012.9,6717.15,2302.6,1617.24,3405.85,4473.68,1248.64,1505.41,4008.27,6370.72,8664,13846.9,13752.8,16309.4,3638.14,2036.17,3666.69,3861.56,15378.3,3691.47,6606.76,5284.51,7700.6,20205.5,22634.2,6985.8,3562.01,8168.03,8862.57,9080.99,7179.5,3192.19,6925.38,5792.26,7902.41,14768.6,15785.6,18739.9,5867.18,10822.4,3551.07,3674.88,8036.31,5203.99
P14231_118_H4N2,34342.3,326250,91655.1,191292,99397.5,197051,66989.1,272878,277362,77850.2,188779,143102,118412,203060,70260.5,39398,183197,91419.1,171090,277286,211713,99458.8,177860,9607.6,39950.9,37364.6,234721,16083.5,129158,15772.5,162757,159221,91308.9,66101,34549.2,89313.7,9371.2,10837.6,24902.6,68814.3,43505.4,40617.4,31108,106879,165184,1348.5,18485.9,112484
P14231_118_H3N2,5532.89,42363,19345.8,22042.1,21289,23922.3,7937.72,58143.5,15579.9,17363.2,18450.2,11509.6,15913.9,36124.9,11908.5,3646.1,6866.04,8229.64,13190.2,82833,31680.3,9611.27,16572.8,206,9521.35,4871.14,59955.9,5380.44,11804.6,2267.84,3309.82,30973.9,13397.4,9499.03,12928.1,25655,2699.91,2430.24,5713.29,14367.2,4534.02,11047.9,5918.03,17496,27034.8,228,3481.46,27789.1
P14231_118_H5N4,555,3590.44,1871.04,2043.48,5504.58,2523.48,1656.11,2711.09,610,0,0,0,1806.2,2305.29,4489.27,2445.74,1836.76,1105.74,1598.67,4707.91,1011.13,0,0,0,2488.24,2489.14,5407.3,4428.05,3619,7605.97,10647.5,22291.1,11034.1,4949.78,4341.25,18176.2,605,2944.46,2432.35,1679.08,2992.27,3339.06,6051.37,2171.57,2944.59,3567.58,3965.57,1101.68
P11627_978_H5N2,3540.78,2584.96,13066.2,2463.78,4365.07,20763.5,7695.57,3613.72,1336.46,2156.02,756,837,5312.99,1527.96,1533.72,4002.6,35777.6,48803.8,4121.64,4518.4,7527.12,981,3771.36,2740.46,1712.07,3498.82,2207.15,3879.37,3541.4,7920.94,8730.02,4510.44,5211.38,2208.64,2041.44,7934.96,1300.13,2135.55,2236.04,6733.83,3367.47,6197.74,7867.95,9458.38,12687.1,1445.85,3790.77,2056.25
Q91ZX7_1764_H7N2,1618.96,1785.22,1960.31,0,0,0,423,332,189,0,0,0,492,1011.56,1351.61,217447,1652.37,2517.1,536,1467.06,572,0,0,0,0,0,0,317,290,795,1219.2,917,1859.86,0,0,0,948,1961.85,872,455,728,481,3173.13,1901.28,1058.57,0,0,0
Q91ZX7_1764_H6N2,5058.76,7795.59,3149.43,10322.8,3357.99,10172.6,2536.89,2523.17,2353.14,4000.09,3038.68,7404.62,3170.47,4439.95,2326.84,7349.64,17930.3,17483.2,0,0,0,1897.38,4877.69,2980.85,5594.31,12809,4762.37,5716.3,3742.04,4853.47,9806.62,7779.73,9571.4,0,0,0,9116.51,9468.28,8583.07,10534.8,4983.44,7959.45,11278.2,11324.5,4187.17,0,0,0
P14231_118_H5N3,881,449,344,1025.65,569,631,205,861,234,198,288,131,0,0,0,1064.41,451,514,655,1558.9,111,0,0,0,574,1314.55,1094.56,2270.86,1872.66,2738.37,2634.63,1401.68,1572.04,464,1026.45,3531.93,1022.2,152,214,421,565,1006.47,1113.6,2767.42,1353.78,0,0,0
P11627_978_H3N5F1,10883,8184.2,14072.2,11765,17665.7,20047.5,15529.6,9336.68,16647.5,11486.3,6541.51,4714.14,9899.81,10941.5,18001.8,17730.7,14808.8,12245.6,9323.78,9146.13,13092.2,9134.35,20938.4,14452.1,35082.1,1726.5,14196,50217.8,39338.3,33680.8,25188.6,22205.5,58824.8,19345,11453.4,3764.54,28048.9,29105.3,34505.7,40509,42533.3,24476.7,48691.1,22048.2,30515.1,797,651,233
P21661_523_H6N2,1486.19,1919.34,1897.04,2578.16,14751.2,6584.15,2067.26,2131.38,14795.9,3229.82,3029.67,2088.17,1116.91,810,754,2201.89,1385.1,1470.8,1178.83,563,595,295,2318.67,1239,0,0,0,5803.87,3288.27,2740.71,11162.2,11180,11596.3,0,0,0,2461.28,2695.28,1785.33,3181.84,4406.9,2856.42,9713.44,5448.78,1428.26,6187.28,5795.05,17295.3
P11627_978_H3N4F1,9635.72,2702.18,5383.28,15938.2,19254,8232.37,7356.75,5722.13,7737.57,17875.9,10510.3,6394.98,2855.08,3354.76,6311.56,4390.41,5644.45,1747.32,3140.78,2253.03,2664.56,3558.15,15704.5,6210.47,7251.63,17864.7,7798.02,28473,11703.4,8713.25,9868.77,11660.5,27130.9,10735.2,11733.5,896,4975.18,9002.52,7390.02,8447.64,17321.2,7647.02,14047.1,8099.04,13128.4,3034.51,19459.5,9751.57
Q91ZX7_1764_H5N2,17822.6,27589.7,6098.79,14994.7,10029.7,41553.7,2326.05,1365.86,11011.2,13015.9,10860.9,10679.9,7455.45,26045.2,2327.69,5141.96,15119.1,9954.44,1359.19,4326.77,2039.96,0,0,0,30463.5,13203.4,56700.4,24043.8,35037.2,9649.74,14711.5,10708,24060.7,38289.4,33575.7,10961,8075.75,7221.82,29507,0,0,0,4220.43,10714.8,10299,15433.3,9928.73,38789.2
Q61885_59_H6N4F1,6699.14,6725.13,17589,0,0,0,40894.4,18444.7,3348.29,7024.87,9776.46,16093.9,2499.08,4365.74,11050.8,0,0,0,53175.9,86522.3,45720.4,29370.1,43864.4,84884.9,2416.53,2611.78,2987.19,0,0,0,76484.6,92583.9,60361.3,56529.5,28678.4,15137.5,2728.86,4167.62,4817.42,399,973,1801.22,119303,102705,29338.3,66704.1,39280.6,1280
Q61885_59_H4N4F2,516,2236.2,3464.4,236,924,434,1751.84,1968.77,1175.9,769,1792.29,1716.12,696,1872.82,2593.55,1105.1,302,475,2824.57,2973.32,2433.44,1971.91,2183.65,1999.7,0,0,0,0,0,0,1518.28,2555.14,3490.13,659,1165.43,139,679,1311.28,301,0,0,0,6609.42,5160.97,3593.87,2239.14,2179.43,1864.3
Q61885_59_H5N3F1,9131.28,9400.89,63440.7,860,2799.15,747,55635.7,36306.9,5985.65,10805.5,12326.3,36445.2,32255.6,15994.2,26364.4,1701.72,5870.29,6193.58,100111,32337.3,77682,65640,20944.5,73680.7,88812.7,14434.8,73281.9,3165.71,8246.72,59523,83355.1,326708,36710.2,48257.2,54172.4,93353.9,35590.6,86654.3,64689.5,6300.69,10111.2,6535.53,19205.2,211295,178158,6434.83,84232.2,22105.7
Q61885_59_H5N2F1,31011.6,44055.7,230017,18582.1,4289.5,3223.23,250089,271355,83002.4,92924.5,154673,241259,70472,73925.3,35776.6,5823.33,11949.4,9614.77,381384,176620,277149,340764,238430,437182,42253.7,69480.2,120053,5918.92,4989.22,362482,194745,221853,7727.62,48030.3,211827,42161.8,38898,90419.2,57520.2,4299.23,13820.7,4807.28,500122,307527,255867,285689,353289,125967
Q61885_59_H4N5F2,366,1216.93,1683.84,0,0,0,978,889,1985.98,249,531,1486.7,725,670,446,0,0,0,1377.91,2262.12,1579.16,1340.72,723,1256.43,0,0,0,0,0,0,0,0,0,0,0,0,0,0,0,0,0,0,0,0,0,0,0,0
Q61885_59_H5N4F1,57565.1,15545.2,313038,31131.8,8843.92,6200.12,393171,329641,104104,91238.7,213922,390790,58981.1,50734.5,189781,9456.04,19838.5,15815.6,675916,326983,617231,466061,507851,400592,45579.7,13771,62097.8,12475.4,9930.84,91888.3,369260,372177,18885.9,215423,199525,67643.4,42378.6,87780.9,108694,15130.9,10016.3,14107.8,214215,38441.5,157608,145334,327848,45800.2
Q61885_59_H4N4F1,20448.2,38628.9,112961,9399.66,5589.87,3638.65,48478.6,81840,19712.3,18502.7,39381.5,59403.2,19639.2,6212.72,22145,2732.05,3787.78,12701.3,141512,32807.8,75189.3,51596.1,62135.7,53135.9,5824.9,3554.59,18741,4454.94,2796.3,72473.7,163935,125095,11383.6,54795.6,49549.4,24295.5,14800.2,27806.1,7531.65,2346.73,3489.9,2475.44,207076,187048,155196,85598.5,113291,10357.5
Q8BYI9_581_H5N2,10670.2,14052.1,737,5552.05,6761.43,6937.99,564,1357.94,16974.4,5752.92,1793.01,475,7520.28,4508.25,23971.3,1422.62,5407.15,5208.34,146,983,249,3685.33,12568.7,2840.7,22169.8,3069.04,14082.9,14816,13572.5,4367.76,8028.24,4798.89,11811.4,8765.3,10951,5662.34,13883.7,22320.9,22702.7,5975.31,15864.9,14743.8,3134.88,2390.12,1964.27,13476.7,17021,5632.84
Q61885_59_H4N3F1,47858,47316.8,165394,13071.6,3801.89,7641.23,154055,99081.7,27181.4,71518.2,88275.1,162583,25256.1,22943.4,11270.7,1892.65,3748.8,6452.29,125420,99149.4,76518.4,112360,88607.8,155097,15979,8058.71,19454.9,2065.88,729,63179.2,133476,149810,11259.1,94800.1,60633.2,24510,8888.33,33569.5,25439.3,2063.23,1706.48,2402.44,116447,157777,143231,167249,226373,44727.2
Q61885_59_H4N5F1,11649.7,7406.61,60692.9,6063.31,1274.42,1312.04,84929.1,23410.3,6281.48,14904.2,20067.2,58606.5,24427.6,12089.2,8468.14,2977.4,1943.21,5274.87,63843.4,15719,43357,72031.2,36017.9,53173.7,5575.72,556,13072,0,0,0,45049.2,72042,3730.15,37556.3,34657.5,12495.1,9997.33,6086.2,10016.1,1826.12,2287.48,2828.64,34636,50083.9,46170.4,86311.3,95153.7,53550.6
Q61885_59_H4N2F1,45852,80202.2,315192,30624.3,8241.78,14330.8,303282,305848,97453.9,179672,171730,378622,116055,109029,17358.4,11705.8,12592.4,8350.72,455885,507802,275002,440659,157612,70920.3,73491.4,101677,77937.3,9468.11,17401.2,128750,285897,175551,18638.6,136519,98306.1,47788.1,16083.5,13723.1,28077,29894.6,9784.73,13100.6,114892,207345,364168,12878.1,60334.2,219709
Q61885_59_H3N3F1,25517,71998.4,480381,21038.1,4152.7,10045.9,270086,233031,89614,60983,157370,267699,62546,51890.1,9044.53,9096.62,16091.8,12597.4,228994,114755,266218,157858,90656.6,61996.8,66349.6,21014.1,260871,11306.1,12584.4,276437,241775,224356,24526.2,206777,124716,49882.6,27267.2,25224.7,73884.5,21937.1,12391.1,13627.5,128407,303442,315730,25695.7,123288,136616
Q61885_59_H3N5F1,2876.24,6120.4,19483.6,1612.57,672,689,13224.5,11759.5,6764.51,4703.2,8872.52,8975.55,4574.8,2996.78,6034.73,1240.44,2388.12,2921.66,15026.1,8696.05,14903.9,15852.9,19142.9,21189.2,6915.95,5544.99,10255.5,3411.5,3145.15,11852.2,26967.9,24909.6,3414.28,18002.8,13043.4,15641.4,4139.86,4880.94,5899.23,4306.57,2042.15,2214.05,46371.8,38726.9,27088.5,12090.7,22953.5,5224.78
Q8BYI9_581_H4N3F1,204,1945.03,644,280,1667.29,1186.73,57.3,597,2305.17,302,270,242,187,413,4029.19,736,3187.69,2479.49,143,1419.29,954,374,2011.39,792,3919.49,1467.62,4873.12,8186.9,2222,2555.68,1266.83,1172.25,8254.91,1734.58,3679.24,2132.26,5591.31,2712.15,9314.77,1882.15,3513.29,6042.41,3063.38,1937.07,1071.34,4488.57,4511.49,4105.5
Q8BYI9_581_H3N4F1,33355.1,24504,5907.71,12855.9,28370.7,21509.1,2610.21,8224.52,24693.1,28344.3,15362.5,11066.4,17299,14206.2,50976,13478.5,9062.62,25395.8,8779.96,12956.3,11428.6,9845.1,63815.7,49888.6,59760.4,15481.2,66333.5,71504.4,28544.7,33576.4,19340.2,22165,46575.7,35747.2,28802.6,8409.27,51524.1,61247.7,84091.8,40158,55718.7,55801.2,21955.3,9317.29,12635.3,55998.6,60021.3,38994.5
Q9WV54_258_H7N2,1866.66,1244.72,635,2652.36,5239.12,3878.48,700,587,1269.84,2099.13,1353.17,1366.79,1346.38,1543.14,1679.72,3248.74,3342.5,2943.09,926,2014.27,783,1514.14,2646.9,2236.95,1668.21,828,1034.53,3754.95,3009.15,1457,1927.85,1533.19,2367.69,2561.52,3010.37,672,1647.52,1669.63,3338.08,4750.91,2730.93,2635.16,2505.61,2521.38,3086.53,1926.37,3576.93,2638.64
Q00493_139_H9N2,9933.25,3801.14,51.7,12691.9,573,13469.7,4120.32,3595.73,6021.63,2313.36,5949.48,1187.25,10070.9,10506.1,17074.6,2709.72,9979.14,14831.6,4154.84,11936,5573.68,4950.12,8394.83,10707.7,6565.32,21025.4,2260.81,11362.7,3532.24,550,8499.11,4223.55,4046.33,6700.63,3330.79,2928.87,13425,15632.5,23028.7,9054.9,4500.05,8969.51,15360.1,11909.7,4459.08,5907.18,6008.58,2909.9
Q61330_78_H5N2,19605.9,15004.8,13677.6,16032.1,16384.3,13563.7,32822.8,22522.7,12332.2,20387,8662.79,9425.92,22870.5,23357,14079.1,16206.3,16757.1,11066.3,33298.4,12272.3,31764.7,19244.4,14764.5,59277.6,8611.31,3028.03,9551.22,11046,8207.12,18835.1,29233.4,26584.5,7241.52,22540.8,9950.33,16585.5,10104.7,9906.06,8101.54,14816.9,12008.5,7233.39,32716.3,33331.7,40732.7,27685.8,39300.9,5308.64
Q9WV54_258_H5N2,12731.3,10992.9,3740.23,17654.9,35063.3,21406.4,5151.95,4806.12,8305.82,15426.6,6722.6,3830.05,14980.3,10953.2,2859.14,27667.8,22796.7,19683.6,5443.19,6612.35,7945.26,12130,14321.3,16421.8,9830.01,12212.3,13017.7,17516,14627.9,9859.62,8058.4,11472.3,9573.07,16138,11155.6,7913.25,5948.23,11903.7,7774.31,19258.2,13716.3,19235.5,7120.66,7919.03,10275.4,29526.8,29705.8,24713.7
P14231_238_H9N2,6074.29,6775.98,3810.95,13473.6,5989.31,6760.68,5284.47,4979.61,5762.76,3753.29,3858.34,2962.59,8178.83,9643.2,17579.4,4661.56,8130.93,4868.86,6736.86,9067.15,6275.47,2509.22,2590.1,5469.54,10292.6,38940.2,4216.52,11941.9,5941.53,6460.02,13616,8241.21,14758,8831.5,7528.97,31889.1,14036.3,11870.5,19368.4,7945.96,10436.3,10013.7,6857.23,14168.4,12699.8,7776.73,6688.89,4810.37
Q63912_152_H9N2,8595.8,271,226,9944.42,3971.19,9955.71,10225.1,4986.58,9597.86,0,0,0,12892.7,21848,11430,2208.76,12131.9,1661.27,8992.2,26800.1,8705.48,16995.2,22077.3,24537.1,41224.7,155164,30734.6,74811.6,51867.7,29553.9,44342.7,51125.9,106426,108176,58210.2,37310.9,45787.3,43273.6,47629.6,19863.8,57337.2,52873.5,33900.6,41007.3,13366.5,20914.9,8187.42,10720.3
P14231_238_H8N2,144949,167374,27744.7,105373,104757,110749,34147.8,46553.4,75175.3,34860,56809.8,95268.4,216710,172786,355860,53743.7,323730,176460,102541,156497,113003,72610.2,176420,118204,376981,46549.8,83624.3,217396,93398.2,71178.5,111529,178127,150402,208575,116723,127169,169700,436719,117019,141061,130242,132612,174683,20011.4,132800,142065,120731,32993.8
P14231_238_H7N2,907021,839696,499393,1.25734e+06,1.24903e+06,816109,753604,825868,528368,310549,1.14673e+06,503941,856578,1.23714e+06,1.22798e+06,388017,1.36262e+06,2.24067e+06,806523,408695,1.22877e+06,926964,1.35511e+06,874294,879463,592353,216543,608449,262866,1.09313e+06,660475,645573,641091,656210,729204,1.5576e+06,874350,915103,1.03273e+06,847620,522621,789040,652108,932554,527304,860775,516040,775665
P14231_238_H5N2,19053.2,25170.4,29606.9,22007.6,9245.23,22249.2,30124.5,31606.2,20628,6163.95,7882.16,9849.47,28578.8,53343.6,54568,16030.4,35990.5,52637.6,33620.4,45982.3,30798.4,13671.4,34339.7,27259,51560.9,43656.6,23890.2,79824.3,37084.6,96113.5,88724.2,58510.9,46299.4,31786.9,31188.9,160822,80314.3,66777.3,58847.9,69667.6,58699,64582.9,124416,133282,68039.9,35101.7,39579.6,30719.1
P35438_350_H8N2,5052.01,5778.28,1692.39,6225.12,6469.11,4059.43,44.9,15.9,387,1280,1101,650.8,2599.28,4237.06,15416.2,217796,4287.17,2021.47,0,0,0,703,3876.57,550.9,15391.1,5835.51,8609.43,15830.7,7290.52,971,663,951,5745.72,2786.11,2913.37,1828.79,14039.9,22885.7,15289.4,6797.43,10390.4,11434.4,1252,2611.97,1398,7632.65,4992.74,2365.1
P14231_238_H6N2,565593,380556,612445,606229,224472,465363,742750,806790,90843.5,180317,339783,188508,481479,598202,404582,101387,636130,578487,677369,983957,510926,266638,328268,439214,925000,641024,465002,771435,854008,1.69617e+06,504009,718540,161414,487429,819972,2.6339e+06,1.01345e+06,959117,731197,444830,525860,753544,1.36486e+06,1.19811e+06,1.07815e+06,246408,412523,256072
P14231_238_H4N2,22145.3,15611.2,24692,12360.4,2234.31,23385.8,34242.8,25235.6,7057.59,5375.1,7676.7,10207,14346.7,15138.8,32619,3997.56,16052.3,44489.3,43124.6,40238,37760,7205.88,19885.4,30970.5,28737.7,12487.7,20210.1,37797.5,33775,82547.3,81709.3,80466,35070.1,26999,37477.7,143718,36330.6,34927.3,29448.7,30239.7,16958.5,43865.1,67195,133644,54484.7,40930.9,27543,58111
P14231_238_H3N2,6576,2540.65,3916.55,3692.95,965.8,2555.74,5152.74,4457.06,6478.85,1933.16,2567.37,1447.27,2541.92,7209.33,7628.76,14038.1,5390.27,5488.11,7589.32,7682.92,5953.41,1347.03,5266.05,7490.81,24826.9,3991.38,17523.8,11570.7,6020.18,20294.6,25921.6,11013.8,5701.77,7903.04,8475.93,63985.6,8827.03,21129.4,22955.7,8967.63,7586.2,23548.3,29621.2,34892.3,20909.6,11309.1,685,2481.86
P35438_350_H7N2,4407.95,7279.87,2285.99,5608.27,3066.99,8985.1,0,0,0,2336.51,1319,2708.15,807,4988.42,9577.08,3609.78,5244.75,2620.51,0,0,0,1650.55,2575.66,3773.62,29087,3571.46,27425.9,24069.4,19335.9,3213.85,0,0,0,9880.16,3098.21,1331,12288.6,28450.7,20220.5,11737.8,13153.6,24697.9,0,0,0,8289.22,8807.03,8842.77
Q00493_139_H6N2,55372.5,27382.4,553,31341.8,1767.1,35124.6,7166.45,15355.1,63956.7,3651.53,2082.25,1715.84,26805,75440.8,111309,6807.85,28762,34985.1,6570.42,6694.68,12397.5,4826.92,22494.1,13640.1,129867,34663.6,70734.4,75716.5,38471.7,25045.6,30457.1,12333,61581.9,28734.6,31744.6,13419.9,122900,121118,163692,27164,34046.3,51824.1,36500.9,30772,15158.1,23565.3,12498.3,12512.3
Q6V4S5_1461_H5N2,214,668,554,1537.7,2308.48,1142,0,0,0,1164,604,423,284,426,970,7534.65,1612.14,2526.74,45.7,65.9,63.7,0,0,0,212,926,823,3441.48,3170.57,1335.46,437,393,2793.08,1234.89,1132.69,1406.42,996,608,934,3224.83,5574.43,2889.4,1729.84,969,1930.49,858,552,1142.5
P35438_350_H6N2,4602.65,6555.32,2802.56,258,823,893,0,0,0,1865.03,552,482,2492.73,1406,3773.97,4230.77,1062,1920.25,0,0,0,410,501,583,8340.06,5252.21,6843.63,7236.15,6746.63,5689.73,0,0,0,613,676,1689.37,4884.56,10024.1,9474.74,2630.31,2537.87,4829.58,0,0,0,3456.96,1433.11,2918.45
Q00493_139_H5N2,112404,53323.4,3506.92,120377,12056.1,101552,19987.1,69475.4,485,158,29830.3,12119.2,84522.4,148817,28898.5,102244,93325.5,46461.1,37680.2,25001.5,38074.8,32217.4,38766.8,34574.5,211641,125998,40292.4,34195.2,110610,61768.5,24189.4,26978.1,147705,58811.6,48312.4,32591.7,118810,173459,64104.2,69509.5,19173,85267.2,81080.5,20505.8,418,39235.4,23342.4,77143.9
Q00493_139_H4N2,977,1078,319,1090.7,198,312,1099.33,765,8787.85,2122.86,373,139,684,2235.82,304,983,1173.6,658,179,357,409,91,157,411,12770,5315.99,4170.91,3564.19,4204.94,2916.78,2906.19,854,4897.66,551,1073.08,334,7764.81,7787.8,4014.26,1557.93,1633.48,4925.79,2949.84,1036.15,2205.2,516,764,1067.11
Q9DBX3_159_H7N2,740,162,419,378,795,954,42.6,161,786,878,865,233,320,161,180,1015.52,766,223,194.9,1697,107.4,143,1191.04,983,0,0,0,1792.89,1125.9,210,1104,768,1388,639,1179.75,48.9,377,424,254,1908.11,2448.93,1677.62,2010.67,1543.55,475,0,0,0
Q8BXZ1_261_H8N2,499,140,214,1099.94,1515.39,925,172,250,4564.74,1015.41,1564.51,185,147,1817.6,827,1318.4,2083.81,1156.41,236,835,234,317,2847.82,1071.85,2883.38,1151.38,1507.53,4389.84,1543.7,894,2212.49,4378.37,2187.73,4895.34,3847.79,6277.01,2727.67,3523.54,2579.12,4024.94,3514.73,4270.71,2463.87,1738.82,1068.51,1056.37,1703.68,754
P46978_548_H9N2,3744.58,11767.6,1756.26,16462.7,14824.1,11515.9,4438.51,1579.49,21278.6,9412.28,5007.73,3475.47,8362.11,8363.95,7709.47,4596.81,11278.7,7945.05,3982.57,6293.75,2468.06,6090.81,5491.77,8804.36,5387.04,25251.9,3243.03,4980.72,4452.75,1201.37,4862.92,4861.11,6920.99,11083.7,3392.77,2149.6,10275,10542.6,13838.1,5832.7,10070.1,5297.92,4751.63,5291.74,1494.12,4658.75,9223.55,3283.77
P46978_548_H8N2,1092.81,929,182,1716.03,1165.6,911,403,253,1548.14,1545.75,701,494,975,1296.03,925,351,1118.83,1997.39,208,442,252,0,0,0,994,2363.17,374,1302.14,977,1436.43,921,1427.75,1879.01,756,523,2950.77,1464.76,1454.1,1323.6,1307.08,1224.04,954,1470.8,1646.28,634,1502.15,1869.64,1855.3
P35438_368_H6N2,3007.34,3799.82,1291,4653.84,11932.4,4267.25,0,0,0,5428.16,294,170.9,6104.9,4195.87,8373.24,3370.95,2602.45,4768.58,0,0,0,457.3,1017,988,6894.82,9550.14,8452.34,9563.73,5192.51,3026.76,477,219,108,1378,1654,859,6840.52,13469.2,14220.5,6796.16,6881.85,9615.14,1422,1213,1008,0,0,0
P18242_261_H7N2,254,259,599,532,968,909,229,192,612,879,231,248,0,0,0,0,0,0,118,154,98.7,0,0,0,0,0,0,799,417,177,994,823,1686.62,508,995,1160.22,351,450,653,392,274,415,798,833,736,1000.73,498,1142.5
P18242_261_H6N2,7769.87,28010.1,8719.69,17721,24240.2,20169.6,7686.46,7004.64,25076.3,16899.8,10831.2,11911.6,4987.46,20254.5,3099.91,4033.41,20000.2,28101.3,6273.33,16450.1,6297.88,11203.6,13789.4,9093.73,20891,19212,34544.7,28967.1,30606.5,17014.7,19175.9,16415.4,15420.3,13780.5,27684.9,27865,16445,25002.5,30990.7,15846.2,18720.5,30099.9,13113.5,15939.7,12545.7,9771.32,11882.3,17518.1
Q8JZM4_223_H3N5F1,450,834,82.2,0,0,0,0,0,0,0,0,0,0,0,0,2334.69,931,371,525,431,350,0,0,0,1754.61,1398.59,3590.78,1333.82,3605.19,1814.38,1402.02,1536.89,1641.88,584,594,12152.1,858,1219.11,1178.32,1452.1,1159.26,1416.67,1253.73,895,929,0,0,0
Q9JKR6_869_H8N2,1456.59,1876.72,594,1512.23,9135.15,2286.43,442,650,1003.86,1096.24,746,1475.14,1596.13,1437.03,3058.35,4719.6,4300.79,3247.41,515,2778.66,449,1314.91,1767.07,2567.73,0,0,0,3896.83,1952.07,249,1771.65,1888.48,161,4158.76,2383.19,6141.57,6347.2,3960.91,4695.96,3877.05,3707.39,3109.28,2052.45,2371.66,1066.36,7175.67,4824.76,5890.32
Q61885_59_H4N5F1A1,13524.5,15493.1,39028.1,1091.75,628,936,39107.9,34311.3,33348.1,11427.7,17947,41590.7,10378.8,9444.55,15594.8,937,774,880,35595.5,54328.3,28510.3,30215.2,47474.9,74133.4,1905.36,1508.54,3174.96,1378,1410.02,21201.6,39550,37377.7,4676.67,61555.2,22809.9,16488.2,7717.69,9158.32,13300.5,2862.57,3349.43,3591.47,74428.5,62992.1,35785.5,50665.5,75885.5,8458.96
Q6VNS1_79_H5N2,770,1151.23,586,1177.43,444,997,0,0,0,455,544,293,1825.73,1694.82,373,0,0,0,59.4,392,69.9,528,398,433,1588.69,2541.36,3948.82,830,1568.01,202,0,0,0,1478.88,909,447,488,447,2296.59,2360.01,875,794,0,0,0,0,0,0
P18242_261_H5N2F1,3333.44,1975.66,1348.19,2749.55,1590.45,2045.91,1211.07,905,3524.66,1593.12,1740.33,1754.13,2475.9,2674.75,220,1985.64,2451.2,2036.68,306,1656.02,1234.5,0,0,0,4941.85,5191.12,10670,4855.05,4420.68,4158.03,5662.62,455,6726.01,3784.84,6766.34,8874.82,2354.24,1155.6,5188.16,3387.46,1686.75,8812.57,1568.7,3425.65,1649.62,0,0,0
O08532_985_H5N2,656,247,232,342,3192.25,681,0,0,0,1331.34,443,195,432,985,847,14163.9,947,1693.48,0,0,0,263,955,147,582,964,6939.63,2124.47,8775.16,999,947,1014.85,6040.72,995,5664.71,333,1483.43,1887.4,1566.78,2815.84,1933.63,1608.25,751,488,729,1652.1,4828.53,1163.34
P18242_261_H4N2F1,1382.59,425,132,608,1141.15,115,196,176,739,0,0,0,0,0,0,0,0,0,0,0,0,0,0,0,0,0,0,0,0,0,0,0,0,0,0,0,0,0,0,0,0,0,0,0,0,0,0,0
Q9JKR6_869_H6N2,3943.9,2662.44,1237.67,1414.18,4528.39,2483.62,0,0,0,324,67.8,137,1196.4,1106.84,1363.48,6364.88,1797.6,2143.54,154,238,435,1311.23,2681.99,1834.27,0,0,0,2285.61,2198.77,2610.03,2843.66,1974.27,118,3604.2,1982,1666.87,2269.69,2836.77,1956.52,1726.4,2475.47,2588.09,2172.75,2427.88,1928.31,4879.84,5517.3,2209.68
Q6VNS1_388_H5N2,19420.5,24269.1,1443.91,12911.9,32911.1,14165.6,1277.59,1239.92,41557.7,8071.39,11999.5,12643.6,25970.8,22516,3551.81,99103.7,9963.42,13946,949,1035.85,1174.2,10313,13792.1,11383.8,41835.4,35899.5,37177,44342.4,30800,4245.82,6793.16,3574.27,52768.9,21333.2,36571.6,11337.8,44017.2,44963.9,40780.4,20656.4,30006.2,35786.6,3460.46,2503.47,1883.14,12730.2,16478.7,63567.1
Q63912_103_H9N2,33494.7,36761.6,16965,36842.4,26610.6,28390.4,40987.2,24767,38607.8,49845.1,48914.6,40923.2,45132,36798.5,46584,55222.9,47731.2,21846.6,31494,69573,28751.9,72349.4,82090.1,106050,40724,72713.9,30992.3,73431,45737.8,17805.2,33063.8,38323.6,52412.9,72718.4,70366.7,15732.4,60859.8,58462.9,80200.9,64566.5,65597.1,55337.4,58518.1,44398.1,38804.7,78957.1,139778,169542
Q63912_103_H7N2,17813.4,16213.5,7434.92,16929.6,12896.1,20143.7,12896,10157.5,7945.2,13625.7,16272,22045.4,19181.8,17073.5,17515.2,23282.5,10137.2,17501.2,11254.1,10847.2,9610.83,22453.5,20764.2,27026.2,35073.6,9536.69,92190.9,54782.1,32186.6,24661.2,43063.9,28318.5,18120.5,43821.2,34453.7,11306.2,37393.2,45154,55002.9,42311.1,40101,27508.4,41353.2,14398.1,25773,42244.1,75798.4,69916.3
B2RXS4_735_H5N2,4919.8,2232.5,1001,0,0,0,760,868,12688,0,0,0,3355.19,1531.18,713,7094.35,5239.64,5088.88,748,712,753,538,606,1161.84,6811.11,4393.86,5592.98,2917.56,2103.53,832,2067.09,2946.96,5200.17,3403.51,2373.91,1046.62,5415.23,5667.35,5107.18,3942.3,6542.43,7346.94,2255.15,7632.41,3684,4090.66,3455.78,3218.79
Q63912_103_H6N2,2422.12,3678.73,1724.29,3271.17,2152.46,8434.52,1817.62,2867.09,469,2871.62,10532.2,17456.6,1746.21,5281.48,4399.07,2510.04,1552.83,2037.13,2977.31,1991.25,1959.23,9540.2,3571.12,6275.74,9323.65,661,6113.77,10338.7,4504.07,5994.21,4913.47,15766.3,10050.9,10058.5,6932.61,1913.76,7366.66,9917.22,9209.36,3178.09,7360.05,3059.98,18109.6,14638.1,7742.87,9257.84,22117,18107.5
Q61885_59_H4N4F1A1,5639.21,12683,30409.4,0,0,0,20876.6,23998.9,2794.43,10300.5,16474.9,21100,1218.01,4736.01,11730.4,702,237,440,16196.1,6954.63,21431.7,13079.5,30811,38256.1,788,483,494,485,232,314,7948.08,10821,1435,8612.54,7521.81,2635.05,620,632,609,351,525,120,15762.8,11517.6,12672.9,9264.17,12525.5,256
Q3UHK6_1886_H3N4F1,258,618,154,230,896,270,21.5,76.9,858,285,233,212,625,432,356,1101.76,400,503,0,0,0,226,168,220,0,0,0,961,631,273,0,0,0,1441.16,1348.29,1190.51,436,1611.21,429,517,368,484,436,396,255,2440.82,3547.75,2156.4
Q810U3_778_H4N3F2,5441.97,7791.34,1911.93,5423.95,4890.41,4351.02,600,274,11765.8,11013.6,4083.38,2155.48,2091.68,3538.27,7785.49,652,607,3744.9,540,628,913,3307.72,3067.99,4880.61,4435.88,10957,2223.7,3711.66,2916.69,1625.22,610,1252.94,1594.2,5584.77,4655.24,7919.83,2516.33,4622.88,4732.66,1168.62,3425.47,3471.83,3571.94,1979.96,1656.4,3849.29,7816.29,35969.2
Q810U4_796_H3N4F1,7283.84,5969.42,1596.71,7264.67,8980.07,10553.6,0,0,0,3500.09,2258.01,1485.06,7651.87,5984.47,10579.4,11403.2,10758.4,5330.57,943,3389.76,1093.17,3567.12,5892.15,8201.25,8467.98,5383.34,6151.23,9560.93,5470.35,902,2058.77,2881.29,10677.5,9266.45,5886.13,1330.5,5039.68,9870.76,24441.8,9756.26,8876.84,11995.4,3129.28,4036.15,870,11800.7,6601.62,4810.37
Q0VBD0_456_H8N2,3737.01,1944.19,366,996,764,410,0,0,0,773,529,329,880,1172.54,3153.11,0,0,0,112,1048.21,598,433,2213.13,712,4409.57,2165.73,1315.1,4287.57,742,2209.43,2635.55,1751.66,5278.54,2462.83,1908.32,699,1379.91,5691.63,5748.35,920,2168.56,975,4772.54,4178.94,3495.48,671,1959.28,514
Q0VBD0_456_H7N2,377,2661.37,205,431,947,615,90.5,632,2531.63,1457.37,734,1163.57,1860.58,763,3294.89,14163.9,882,1824.29,245,326,372,104,834,463,0,0,0,4242.34,3513.2,2977.78,3585.89,1258.2,1654.23,989,1435.21,1764.95,2549.16,3182.39,4330.22,1638.43,2602.17,2792.35,2096.56,1735.08,1727.13,1135.52,2160.59,1086.17
P97798_501_H3N4F1,464,643,631,590,1714.07,1725.83,737,749,1229.16,1412.03,758,761,0,0,0,1019.07,745,714,758,423,829,695,1266.56,1096.66,2232.2,2961.26,1565.83,3524.11,2603.21,1787.17,2462.58,2304.47,2193.76,2716.43,1724.71,1502.31,1592.13,1921.08,2661.56,1936.28,2809.78,1247.94,2205.08,1235.11,1084.98,2143.83,2465.05,12266.8
Q0VBD0_456_H6N2,1579.77,13721.9,463,3424.21,11910.4,2141.92,968,2284.67,857,1065.38,634,4485.32,1022.05,5092.81,7159.7,1976.11,2187.92,9080.95,512,2154.07,1253.25,683,5781.03,3329.48,13661.4,14955.4,20653.3,16092.1,11274.5,4300.68,2340.58,2398.18,14825.8,8864.26,11401.6,4178.55,14998.3,19724.9,23891.3,5587.69,14997.5,18551.2,3395.17,3745.19,3242.91,5429.24,11024.9,6626.96
Q99J85_211_H3N5F1,462,2095.12,1283.11,183,217,166,0,0,0,0,0,0,1253.55,1756.06,2617.76,0,0,0,0,0,0,0,0,0,0,0,0,1008.02,625,462,0,0,0,0,0,0,662,1330.38,3806.41,0,0,0,0,0,0,0,0,0
Q810U3_1047_H5N4F1,856,2656.63,51.7,1671.3,885,1013.79,0,0,0,1242.79,244,361,1805.56,1404.7,2827.51,982,4681.16,6588.79,807,1176.77,1351.76,344,824,12066.6,0,0,0,0,0,0,0,0,0,0,0,0,0,0,0,0,0,0,974,880,1203.24,0,0,0
Q810U3_1047_H4N5F2,10877.9,4885.11,2418.23,6305.23,3510.95,2774.56,0,0,0,1670,706.5,1193.49,4297.22,4003.24,12440.7,22022.9,6956.83,21466.2,1665.19,6909.82,2946.1,4217.22,16759,6518.27,0,0,0,265,157,793,4287.13,513,3730.09,52.4,97,171,2527.29,5631.29,5846.5,3196.41,5890.19,7907.5,4910.11,802,681,1584.99,273,1622.72
Q810U3_1047_H4N4F2,6334.47,3293.86,969,7995.25,2627.69,4192.31,369,365,1060.62,7229.25,3989.11,3506.7,3455.67,2855.27,2804.86,2436.72,1821.98,7404.54,746,2765.5,1100.66,2162.46,9524.44,3017.72,642,3501.06,4689.64,1093,1000,698,456,301,216,598,388,319,3229.72,1728.75,2576.12,1720.49,5856.83,2629.04,0,0,0,0,0,0
Q810U3_778_H3N4F1,9276.06,8093.92,6691.21,1929.53,3606.61,2124.83,2679.66,5000.5,19825.5,3769.14,4149.76,4377.16,4019.27,2911.67,617,6869.17,3485.61,920,4275.9,9264.44,7086.89,3179.28,1667.12,2772.54,8623.35,3703.32,6697.51,6416.72,4052.97,6552.14,288,9199.53,3419.59,0,0,0,2339.67,6331.35,7807.33,5551.47,3892.13,5235.79,3579.93,3471.01,5247.25,237,4172.9,4116.66
Q810U3_1047_H5N4F2,4067.09,1495.67,3211.67,1155.49,591,1760.94,0,0,0,0,0,0,1800.73,363,2023.04,2430.93,1467.01,13374.1,2023.22,2584.82,1757.83,3223.79,12158.8,3701.86,0,0,0,0,0,0,0,0,0,0,0,0,207,167,765,788,3418.84,502.4,0,0,0,0,0,0
P35438_771_H9N2,30698.2,9715.31,227,6549.03,10715.4,8319.4,0,0,0,3093.05,1463.93,1925.79,26690.6,10383.1,6503.28,7076.94,10958.9,15009.7,0,0,0,2146.82,3353.55,6342.44,3280.15,3711.42,4127.1,0,0,0,0,0,0,1202.21,437,1035.93,6495.99,11059.8,7368.97,2374.49,2067.44,1698,194,191,163,5196.55,2650.24,2084.03
P35438_771_H8N2,34384.6,22263.5,9326.03,26274.9,18635.4,21880,0,0,0,1594.99,243,519,28657.7,14767.8,15353.3,8850,7950.91,10494.2,0,0,0,1518.91,1881.21,902,6027.81,2922.52,3921.67,149,105,67.2,0,0,0,0,0,0,9720.9,9899.88,13421.4,523,396,449,0,0,0,418,820,11350
P21995_70_H5N2,2286.3,4587.77,4721.81,3725.2,6191.55,3690.26,3945.45,1784.89,2672.89,2025.89,1312.79,851,2591.85,4968.61,851,4448.79,3038.16,6039.25,4583.3,1897.91,4966.49,1312.07,1527.47,1953.98,4177.08,5103.17,4861.98,12834.8,5002.09,11879.2,20862.1,6283.2,17564.9,2621.04,5536.53,3766.51,14034.6,9165.71,2385.47,6804.4,5758.45,7969.46,13869.2,17554.9,3484.36,2356.05,3995.02,789
P35438_771_H7N2,340,3555.11,1367.12,3091.91,4684.5,2977.02,0,0,0,0,0,0,2855.27,307,3029.49,364,1730.87,1122.14,0,0,0,0,0,0,0,0,0,0,0,0,0,0,0,0,0,0,2277.62,1873.61,1589,1671,774,692,0,0,0,0,0,0
Q05186_47_H5N2,710,2247.37,664,2062.68,6051.51,3321.14,2000.93,1059.74,964,27385.8,35989.7,17383.4,534,1354.2,250,1541.67,2116.17,2619.37,626,2245.72,364,10184.6,21945.8,46025.8,0,0,0,0,0,0,0,0,0,303,2858.94,1279.34,0,0,0,0,0,0,0,0,0,298,365,258
P21995_70_H4N2,309,231,43.4,0,0,0,425,135,74.1,0,0,0,0,0,0,0,0,0,275,47.8,125,0,0,0,318,1069.18,279,1443.64,282,1174.26,920,1397.77,973,387,508,497,983,342,191,295,754,418,724,986,209,325,145,590
Q810U3_1047_H5N2,6219.17,9605.98,3843.74,4198.55,4326.11,2207,3112.02,3646.5,3858.99,4158.21,3005.99,5954.53,5044.46,5048.73,7814.89,1869.64,3668.69,854,1349,6914.57,2877.15,2719.2,4587.23,5037.72,4671.6,11110.3,5431.89,677,259,269,8639.58,1469,1104,6534.23,2799.39,9891.19,8260.59,12779,5675.47,512,1543.55,1143.51,11370.1,10906.1,2668.12,5103.74,2549.06,19566.2
Q3TCN2_520_H4N2,1026.67,388,91.2,1165.54,272,430,139,36.6,517,522,107,91.7,889,325,521,765,558,1388.75,181,60.8,233,407,76.8,408,0,0,0,0,0,0,0,0,0,0,0,0,0,0,0,0,0,0,0,0,0,0,0,0
P23818_401_H3N5F1,3011.13,2230.91,290,0,0,0,0,0,0,0,0,0,4242.12,2728.36,5451.05,0,0,0,0,0,0,0,0,0,0,0,0,449,617,881,0,0,0,468,313,911,4715.91,4042.67,4981.89,638,1361.8,1597.18,0,0,0,647,1582.04,1636.34
Q61490_167_H4N2,1382.33,244,350,0,0,0,254,371,952,188,646,717,0,0,0,0,0,0,195,446,230,986,377,303,1075.66,362,2837.43,1221.39,4526.47,619,1429.51,660,916,3894.38,2245.96,677,97.4,268,889,2510.17,1375.87,513,163,166,869,993,1046.25,4457.43
P35438_350_H9N2,1998.99,1226.57,755,1532.69,805,627,78.8,24,213,892.4,478.7,431,516,2010.62,6109.61,1662,1342,1309,0,0,0,85.7,999,355,3391.83,5988.09,56984.2,2528.34,1451.78,131,0,0,0,1646.62,1165.6,823,3791.04,5442.76,3090.8,1470.51,1391.29,2685.03,334,580,234,3807.35,1640.34,2503.35
Q07409_65_H5N2,700,902,538,1845.13,1986.94,987,159,318,453,425,572,640,1570.21,2034.25,1729.07,1178.88,1616.99,1144.71,299,541,121,293,1284.37,438,2964.68,7181.69,4058.74,4827.08,2213.97,901,668,794,2063.53,2126.66,3926.83,1905.2,1112.81,1400.17,3726.53,3071.87,1821.89,3726.89,1272.02,1516.84,548,214,2563.69,4858.05
P11627_725_H5N4F1,627,327,203,0,0,0,0,0,0,0,0,0,731,169,237,711,241,451,177,165,62.2,106,234,172,0,0,0,1795.28,620,1094,0,0,0,0,0,0,879,881,145,838,375,400,0,0,0,0,0,0
P11627_725_H3N4F1,1287.67,2788.45,3755.45,5418.08,6350.11,2970.39,2174.75,2781.71,28246.4,2106.08,4531.18,3374.38,2324.09,3451.86,4658.41,1820.02,195,1627.9,1976.9,2640.07,2222.38,4178.62,7011.42,13218.4,1455.42,6462.32,4886.26,13904.4,8987.85,1416.09,9647.64,11668.6,8044.68,4373.99,8521.06,5447.72,1732.14,7213.62,1206.63,2833.9,14913.9,459,14692.8,7947.87,5264.59,4487.7,6576.53,4810.37
P11627_725_H3N5F1,262,4061.95,3239.22,3342.89,4498.37,2554.56,1763.06,2389.83,3668.35,1858.19,3066.27,2452.67,3978.64,3100.97,4374.82,6173.58,1862.76,5089.21,1261.48,1539.07,2440.42,4117.93,6238.66,4596.14,2346.75,2119.36,3622.23,6941.51,6079.77,4787.71,5628.89,6849.3,6956.1,245,168,140,6153.95,7868.49,2528.8,9706.39,8234.35,3673.18,17208.2,5326.07,4937.29,0,0,0
P70699_470_H6N2,2500.99,262,83.5,0,0,0,0,0,0,298,141,128,437,1151.18,826,0,0,0,0,0,0,0,0,0,1414.75,1705.02,3270.82,675,1000.84,883,657,1442.54,682,0,0,0,137,773,1173.41,816,194,929,1115.01,632,355,0,0,0
O70354_260_H5N2,55.6,661,125,1579.02,1757.35,1799.77,131,627,1025.54,1791.41,2113.56,680,793,771,641,1237.38,2011.17,470,214,519,546,834,291,81.4,0,0,0,0,0,0,0,0,0,0,0,0,0,0,0,0,0,0,0,0,0,0,0,0
O09117_72_H6N3F2,549,579,248,0,0,0,321,525,1738.17,494,292,126,782,208,1443.8,0,0,0,211,635,254,451,990,707,852,827,563,867,438.1,730,2199.98,2525.76,3140.22,254,468,477,2206.73,2370.15,2057.83,541.4,1037,1297,2012.14,2563.48,1563,0,0,0
Q61330_942_H5N2,2207.27,4827.59,12970,16056.7,4120.67,9951.1,22453.4,23703.3,1701.54,4418.06,14593.8,10962.9,9005.63,11200.3,3216.96,5165.32,7426.18,2437.38,17764.3,25581.1,20639.3,17292.5,15461.5,1869.94,15693.8,3110.44,38436.9,2903.08,13956.4,18627.6,34994.1,19899.8,3112.3,22800.9,5083.36,32131.1,1494.79,1178.83,5083.48,17941.3,1614.94,15020.6,4778.8,14335.7,16998.9,375,5160.27,31654.7
Q0PMG2_331_H9N2,534,1477.98,79.2,0,0,0,0,0,0,0,0,0,991,827,1046.63,728,800,344,0,0,0,0,0,0,0,0,0,0,0,0,0,0,0,0,0,0,291,516,875,0,0,0,0,0,0,0,0,0
Q810U3_1047_H4N4F1A1,1250.44,1081.03,229,155,425,858,0,0,0,828,965,327,797,635,442,0,0,0,0,0,0,0,0,0,0,0,0,0,0,0,0,0,0,898,101,106,0,0,0,0,0,0,0,0,0,597,2245.74,24054.4
Q3TDQ1_624_H8N2,903,329,236,489,1049.47,535,0,0,0,0,0,0,412,458,711,0,0,0,0,0,0,0,0,0,0,0,0,0,0,0,244,433,320,440,170,293,0,0,0,0,0,0,276,456,153,0,0,0
P02468_1221_H3N4F1,399,305,218,405,353,197,118,26.9,457,502,292,256,0,0,0,0,0,0,52.6,283,125,124,175,61.6,159,803,213,214,123,417,682,209,1441.13,0,0,0,104,109,167,232,106,161,559,455,244,0,0,0
Q6PHU5_404_H10N2,812,3099.13,3073.08,4723.81,7483.23,6306.31,2162.86,3567.89,37595,7089.31,688,2418.3,18751.8,2352.22,4268.93,28222.1,4535.49,4475.64,0,0,0,2582.75,1086.39,2577.49,0,0,0,1658.82,854,500,229,605,1210.71,819,286,209,146,134,480,805,738,936,225,302,476,1709.87,3828.29,23240.3
Q6PHU5_404_H9N2,2744.71,969,1100.48,2361.82,4499.37,1664.66,1182.14,437,12538.8,0,0,0,7968.53,1436,2565.99,5786.18,1528.29,888,1417.16,1334,1065.7,0,0,0,1356.36,4269.32,1004,1751.74,885,267,974,886,1152,477,264,326,1840,2275.65,3611.15,1350,1833.94,2589.1,1256,821,593,1310,2865.91,14431
O54991_805_H10N2,1421.78,10101.4,5790.4,0,0,0,0,0,0,4478.92,3669.04,4964.46,7670.13,11838.3,23428.2,2334.69,976,361,11234.6,23306.4,3950.61,4881.78,2902.36,13582.2,651,379,315,2825.02,38.3,241,2662.88,2119.92,5708.64,3055.64,666,719,13350.9,7811.63,2385.54,709,3180.33,213,4075.37,2458.01,1316.89,0,0,0
O54991_805_H9N2,26272.4,53893.4,28876.1,23226.3,9529.68,12578.5,36271.1,875,1717.55,432,19403.7,62628.5,44197.7,60012.8,59069.1,1767.64,2664.51,570,37716.3,38561.5,26391.2,34748,7335.8,30346.6,3631.88,5089.4,1434.64,2501.14,795,749,24407.2,6535.72,6262.77,0,0,0,71815.8,43108.8,4747.15,780,14018.5,1456.82,13445.6,23523.1,1319.21,0,0,0
O35136_474_H5N2,1431.17,1511,689,30876.8,51521.7,48700.1,429,395,1608.28,2432.43,833,541,1169,957,1092,53124.8,10627.1,20096.8,1400.5,1933.85,2001.35,1202,1353,1165,674,1669.94,2295.23,8471.13,13557.6,5718.01,2567.95,3961.2,3890.61,2275.2,2225.93,510,522,688,398,7982.77,5710.42,5347.57,2578.34,1821.93,1644,3991.23,4523.17,15975.7
Q9D7N9_159_H5N2,1470.36,4755.9,1073.74,2036.73,3314.58,2036.85,725,4153.13,738,895,1941.72,2868.06,2080.95,2650.83,2131.17,806,3888.96,261,705,1056.85,1167.82,1511.8,1830.34,1146.68,835,1408.61,21992.2,1335.67,1865.78,1364.78,1361.9,776,1527.27,328,532,1411.23,57.6,216,112,533,130,780,272,334,556,1121.87,268,1875.16
Q9D7N9_159_H4N2,231,1156.75,114,394,3374.53,332,135,237,515,717,871,642,644,419,421,15692.4,899,372,139,107,119,505,240,685,640,2173.81,9054.24,0,0,0,0,0,0,602,309,553,0,0,0,0,0,0,289,352,436,0,0,0
Q6V4S5_1579_H5N2,2331.04,1482.77,64.3,2884.19,4807.37,2403.03,0,0,0,313,336,757,302,296,732,217514,1654.39,842,153,293,162,0,0,0,1291.48,1407.41,3591.68,0,0,0,0,0,0,2095.16,1024.08,2395.4,509,669,570,0,0,0,724,904,2123.72,0,0,0
Q99PH1_387_H5N2,21.6,3477.34,843,2043.48,12990.4,2536.3,318,39.7,509,1046.52,3314.29,5484.89,5853.89,893,2894.55,831,8856.84,181,468,127,112,0,0,0,0,0,0,394,920,520,0,0,0,447,423,222,0,0,0,0,0,0,0,0,0,0,0,0
O35114_122_H8N2,757,858,708,1007.78,1335.49,1035.11,732,318,10452,824,542,380,2205.42,1163,1410.9,1161.89,748,944,599.4,1133,964,664,867,922,2850.22,1876.75,1925.45,1270,1228,1718.96,2642.8,3148.13,5271.82,1342.18,443,996,628,799,429,1099,880,1409,1705.82,1231.21,1262.54,1360.4,2243.52,24054.4
O35114_122_H7N2,103,1481.46,1325.36,1325.89,722,1265.24,445,201,1514.85,1853.01,1243.17,1093.91,1169.47,669,1007.51,911,2263.33,8126.67,493,520,462,522,740,496,1398,3099.58,1327,1896.7,550,1991.76,2298,1762,5616.81,1407.94,358,344,1771,1822.8,1783.09,59.4,115,1054.94,2396.46,2070.79,1166,1809.79,840,1166.73
Q3UHK6_1707_H9N2,157,1453.81,489,1542.44,1783.64,661,306,240,1288.83,1312.86,305,352,1293.56,346,1030.04,0,0,0,95.6,1832.61,413,0,0,0,1430.46,4200.63,1538.37,1743.15,1314.21,216,382,1208.65,1383.85,0,0,0,0,0,0,1359.53,586,1953.84,487,656,328,587,2188.02,888
O35114_122_H5N2,188,5851.08,1959.78,4653.9,18384.9,6580.8,1599.19,1245.21,3887.48,5307.65,1152.99,703,3126.88,691,1004.05,1274.02,6419.16,1042.28,1138.65,205,1441.71,0,0,0,0,0,0,730,676,30397.1,4068.74,3425.1,35429.5,0,0,0,0,0,0,0,0,0,358,323,836,0,0,0
Q9R0M0_1741_H5N2,344,563,767.5,1920.36,1384.63,1159.82,0,0,0,907,454.2,386.2,0,0,0,0,0,0,0,0,0,57.1,85.1,180,564,98.4,691,634,760,36.6,0,0,0,1124.47,320,2987.97,93.1,411,721,295,230,696,0,0,0,800,154,4480
P02468_1203_H5N2,530,193,900,3281.31,8067.36,1077.2,474,912,4684.24,5468.91,2748.39,2157.94,157,183,95,164,6492.23,3847.99,199,1317.48,1500.34,0,0,0,0,0,0,0,0,0,14573.8,3528.05,121,0,0,0,0,0,0,1493.42,1740.15,1030.78,118,641,851,0,0,0
P02468_1203_H3N5,1955.99,402,593,332,632,208,297,509,222,0,0,0,0,0,0,0,0,0,457,543,385,0,0,0,0,0,0,0,0,0,1981.02,3569.36,313,319,245,1760.23,0,0,0,0,0,0,567,1350.86,274,0,0,0
Q9WU60_427_H7N2,1052.09,361,44.8,0,0,0,0,0,0,0,0,0,0,0,0,0,0,0,0,0,0,0,0,0,0,0,0,906,615,674,299,314,350,327,244,40.3,0,0,0,117,190,259,0,0,0,0,0,0
B2RXS4_1005_H8N2,47.3,1285.05,1849.33,0,0,0,0,0,0,461,167,116,473,166,321,1767.64,2212.97,567,495,135,253,321,252,1055.06,0,0,0,0,0,0,841,262,156,956,575,960,0,0,0,0,0,0,0,0,0,1267.79,667,406
P08113_217_H8N2,2920.09,3516.55,2756.89,1024.93,665,754,298,390,1736.65,11991,1204.52,1552.71,359,447,3887.22,211,1845.92,6028.33,281,386,276,4012.63,2147.01,2517.64,438,1473.57,456,1428.77,753,554,1665.25,3265.47,831,2198.28,560,230,1431.88,1823.59,1343.43,1498.68,2020.72,1900.9,2873.4,55.2,42.7,3450.4,6156.37,2487.95
P08113_217_H7N2,1244.91,2622.51,418,1492.55,2242.66,4029.32,268,204,2911.25,2915.62,614,651,909,566,2450.17,544,2605.22,6426.49,335,829,308,907,1230.25,1893.31,685,6384.98,443,1257.36,580,23.9,1082.66,705,760,2400.66,374,560,2337.76,1034.27,1472.79,978,2298.24,2280.89,1028.39,1798.56,167,2823.6,5970.42,11253.3
P43006_215_H6N5F4,2039.11,12436.1,163,5713.59,6536.86,5253.36,158,470,9278.11,1120.96,4495.89,2447.53,1939.83,6714.77,3058.59,2913.42,5943.54,9072.42,0,0,0,3199.06,344,871,24259.1,68225.4,13645.3,23721,15812.2,5528.16,6101.04,5568.27,13544.7,23311.7,9418.43,31064.6,22030.6,21483.8,23089.6,30814.7,7908.34,21433.9,8501.57,3242.96,2174.07,19943.7,32758.2,25907.8
P08113_217_H6N2,55917,75976.5,11812.5,30978.4,43602.9,56977.4,14988.3,3389.41,238806,109034,32540.8,17594.9,22553.1,67296.3,105568,29595.4,43019.7,47096.3,9690.88,38937.3,13459.3,53414.5,31568.6,21237.5,15602.6,86546.2,4827.46,24583.2,10599.4,1832.27,55327,26369.1,40006.4,55020.8,32178.4,50886.3,61541.9,23402.8,31563.6,33967,45984.3,37663.3,52653.6,73833.8,7495.79,100311,117671,2953.21
P43006_215_H6N5F3,128,981,526,284,299,309,0,0,0,0,0,0,1178.94,485,1423.76,0,0,0,0,0,0,287,371,447,414,9331.51,1287.23,0,0,0,0,0,0,0,0,0,1455.88,2191.14,1952.14,3291.45,1373.53,2047.24,695,763,596,4178.05,2756.2,21060.9
P08113_217_H5N2,70504.4,62179.4,8282.82,31911.5,60324.8,90200.8,4871.13,728,124996,197087,33904.6,27651.7,21390,26151.6,86044.6,30587.3,64186.7,38125.2,2678.16,11574.3,5397.51,49193.6,36927.5,83086.4,13724.7,19383.9,4762.22,26203.2,20802.2,3814.65,21590.5,13064.6,46724.5,125146,64972.3,13636.6,45830.6,25420.1,26366.6,34364.5,32895.9,36259.1,27026,11899.4,7436.94,110286,86233.9,3454.29
P08113_217_H4N2,898,392,98.9,695,587,1325.01,73.9,1062.67,417,473,286,207,96.6,381,752,510,816,615,62.2,243,80.7,350,101,664,1597.4,2804.32,3249.69,1399.71,180,25.8,42227.2,21622.3,68896.8,168195,114202,1742.61,1358.63,39711.6,47545.8,939,1163.87,908,50465.2,60627.3,19013.6,0,0,0
Q8VEB4_273_H3N2F1,1682.08,1260.46,700,3057.08,2023.42,1907.38,151,457,585,1507.66,1040.11,283,408,746,1443.98,0,0,0,164,269,100,0,0,0,0,0,0,0,0,0,0,0,0,702,534,736,0,0,0,0,0,0,0,0,0,0,0,0
Q9DB72_307_H8N2,870,528,255,855,1244.59,1097.95,0,0,0,0,0,0,4996.88,1020.96,952,2755.68,1860.43,5340.52,764,5608.05,5473.17,3838.07,10059.3,12144.4,4923.64,5800.1,4481.99,12584.1,11479.8,11313.6,8857.92,10896.1,9652,18274.7,21684.1,7216.33,4409.78,5987.87,3651.38,9576.5,6842.73,4991.58,10347.5,33114.3,13932,15214.9,12656.3,1547.02
Q3UUQ7_234_H6N2,307,1275.95,2254.66,4853.78,8907.99,4624.12,627,636,18307.8,1304.47,3724.15,2466.7,0,0,0,2534.8,6383.61,8447.74,1199.83,1858.75,2124.15,1081.3,1087.61,935,0,0,0,0,0,0,2117.11,3648.3,5434.75,6683.1,3821.32,3323.56,0,0,0,2343.82,1306.28,1950.21,1719.3,4326.32,1666.45,671,730,6284.19
P97952_135_H6N2,16683.8,32772.5,20088.9,15751.1,22084.6,8347.69,10022.1,8881.62,24166.1,21673,13618.6,11393.5,9912.1,15155.1,9175.97,2429.72,5882.03,6988.47,11400,16441.1,11422,8405.75,8730.88,623,11832.8,6817,26513.5,6653.76,15094.4,8760.52,22725.4,12869.4,10527.7,13041.3,11673.4,15048,8430.79,11996.5,15804.7,12702.2,7846.94,8210.21,8884.02,23048.2,13689.3,5704.24,8535.97,50687.7
O35598_279_H9N2,6066.79,6817.27,10850,3247.37,1892.08,778,3666.83,3996.82,15465,18914.5,5924.62,7755.17,8335.8,5293.4,7586.2,2395.08,4794.18,19736,4705.11,17828.3,5063.9,5332.27,16320.6,13369.1,1521.98,5752.63,1803.56,2306.11,1130,1420.62,8442.53,6957.57,1969,1331.66,853,323,3890.43,4291.58,5647.69,1755.4,2097.32,2635.58,8112.62,9529.77,3367.99,7637.94,14174.5,2874.53
Q3UUQ7_234_H5N2,5164.35,2024.02,2047.57,5373.07,1354.74,3438.45,503,1068.43,38783.7,1573.03,3075.19,2125.76,0,0,0,1767.64,7369.42,606,274,280,761,1251.39,285,247,0,0,0,0,0,0,0,0,0,0,0,0,0,0,0,0,0,0,0,0,0,0,0,0
O35598_279_H8N2,387,989,1986.08,1024.5,2860.06,786,472,907,1920.9,882,317,1510.75,605,1256.98,1243.39,4244.2,1181.5,1218.46,453,1523.8,515,972,1023.37,739,579,1494.28,910,1515.06,830,353,1756.9,1243.47,408,2813.66,1284,1377,1567,1206,1558,850,740,666,2053.66,1838.52,725,813,614,1410.26
Q9Z218_752_H9N2,163974,32453.6,17786.4,53885.9,42087.8,46810.2,10573.4,14692.2,85543.9,22862.2,35269.2,11346.1,61779.4,66889,84098.6,13602.2,66813.5,64835.5,23361.7,67175.4,16859.3,39863,79783,44182,44815.3,84553.9,21224.1,23348,12834.5,6076.02,65244,19004.8,34481.6,95837.9,60579.9,25951.7,80187.8,83395.3,81400.8,38990,46566.3,54486.2,89215.8,52344.9,16895.7,104971,102131,25837.9
Q61735_109_H5N2,1583.75,10906.9,10594,13938.9,30136.3,12930.3,7919.04,10483.3,38745.2,39315.4,19279.1,14581.4,9761.49,13332.9,2480,4388.45,14164.1,5232.73,4627.63,8933.84,16289.6,16469.1,19705.8,3548.87,10055.4,6971.13,62025.2,4858.42,29891,3750.62,26936.4,7778.6,13396.2,13951.3,3372.76,5011.43,1078,1869.66,5873.94,13319.6,5296.54,15818.6,0,0,0,7764.39,8362.87,59656.2
Q61735_109_H4N2,1108.43,2994.14,3258.78,3685.23,6602.53,5892.28,1958.14,3509.09,7011.84,13153.3,6709.14,5153.7,2868.75,2404.9,1039,717,6420.56,1362.66,1298.34,2009.73,966,5063.63,2652.11,848,3094.45,7373.55,16612.9,2118.49,11159.6,718,4943.7,3194.84,1474.7,18401.3,13450.8,2081.53,388,309,1291.76,6283.02,2801.85,5408.16,126,547,773,1679.63,4328.45,13003.6
P97952_135_H5N2,565,3092.73,3004.65,5301.89,7422.37,1699.87,2071.62,4790.89,1426.19,0,0,0,3005.3,606,980,0,0,0,1417,2181.35,2012.6,111,871,174,2279.97,236,1062.59,0,0,0,1490.14,2050.15,1335,921,912,333,0,0,0,0,0,0,1293.65,765,584,0,0,0
Q9Z218_752_H8N2,31037.7,11134.7,597,16931.7,14280.7,10489.2,6957.5,990.5,3665.52,1294.99,7552.04,2596.29,20692.4,23881,42059.5,101209,18193.1,17206.9,3748.01,13181.6,4456.16,8354.65,8248.04,13990.9,14091.5,36324.5,16402.5,12523.5,5654.99,1690.67,19434.4,8897.6,12344.4,26503.9,16867,5437.77,24349.7,32952.1,32883.3,11719.5,12436.4,13153.3,21595.1,14371.9,4563.91,18435.4,12502.8,18452.5
Q61735_109_H3N2,600,315,673,912,859,414,297,659,1703.48,2399.52,1458.01,1604.53,493,427,311,0,0,0,166,301,199,584,1141.95,1257.2,0,0,0,373,123,39.2,945,530,778,1390.69,2379.98,97.3,0,0,0,0,0,0,0,0,0,0,0,0
Q8BLQ9_51_H4N5F2,4078.56,4504.65,3529.13,1480.05,5093.69,2981.74,873,1660.51,3038.83,2821.56,2803.51,660,3818.6,4715.15,4920.2,806,6323.27,2488.44,3669.81,19317,2065.53,2504.53,7998.35,1924.86,1688.96,15501.6,1311.54,2106.2,1583.64,1287.48,0,0,0,7935.69,1617.37,882,5044.6,2587.03,2610.21,2911.77,4181.4,4534.48,4340.64,4373.01,1328.89,3970.51,13579,16227.2
Q8BLQ9_51_H4N4F2,690,1047.55,615,1528.8,1032.83,578,0,0,0,2669.98,1084.53,1218.82,742,1230.55,1780.37,937,792,675,385,1929.91,490,753,2683.83,5069.95,826,5302.63,1148.22,0,0,0,0,0,0,0,0,0,1420.68,2006.74,1595.87,2979.41,1138.45,1232.15,0,0,0,0,0,0
P12960_457_H5N2,4595.07,1014,11315.8,4284.46,5426.79,11332.2,14749.1,14562.1,346864,150834,327,271,106668,1779.87,3574.48,434129,2015.64,1516,7232.77,5425.66,2377.56,10972.3,12256.6,3910.93,6643.25,5545.41,13893.5,10420.6,10174.1,5955.13,4295.94,5202.1,12258.5,6383.26,8342.09,3630.72,3162.11,3227.23,7575.7,9251.06,6896.86,13800.8,4134.63,6459.92,2798.6,610,4574.94,5735.05
Q8BLQ9_51_H3N5F1,2591.17,2053.1,2111.01,0,0,0,461,791,2193,1899.6,975,873,4598.63,2112.78,3051.03,1318.7,2033.65,1738.54,1154.63,2967.42,990,4979.2,2990.42,2756.2,992,1460.36,1249.49,1328.87,1171.27,1406.52,631,2827.14,960,0,0,0,3562.37,2407.98,1442.36,2058.62,1317.75,1204.58,0,0,0,0,0,0
Q8BLQ9_51_H3N4F1,2727.56,1973.22,266,1616.22,2127.66,1087.18,482,551,1509.07,2066.57,949,996,1386.29,1579.75,2283.52,0,0,0,0,0,0,1627.52,3077.37,2556.4,1199.16,1794.81,2516.59,1022.72,1673.42,1007.79,1500.53,3037.11,2248.53,0,0,0,1069.58,990,1751.26,2350.93,1217.48,829,0,0,0,0,0,0
Q01097_491_H5N2,627,2127.69,1276.88,0,0,0,0,0,0,0,0,0,1341,1630.29,1224,0,0,0,0,0,0,0,0,0,0,0,0,0,0,0,0,0,0,0,0,0,0,0,0,0,0,0,0,0,0,0,0,0
O35405_385_H3N4F1,587,324,292,813,3377.92,368,0,0,0,0,0,0,0,0,0,1874.05,1697.12,319,0,0,0,0,0,0,0,0,0,0,0,0,0,0,0,167,138,1296.7,0,0,0,245,1053.29,668,0,0,0,0,0,0
P06797_221_H4N2,131,343,189,1128.06,532,1313.67,300.7,506.9,1939.82,657,223,117,670,207,216,1050.2,1054.42,328,0,0,0,0,0,0,0,0,0,0,0,0,0,0,0,0,0,0,0,0,0,0,0,0,0,0,0,0,0,0
O35405_385_H3N2F1,9073.13,43620.2,4369.76,115023,153076,121205,2881.9,10740.2,8269.53,13755,31305.3,13752.6,44555.6,2794.21,18633.1,3179.32,55458.8,14568.2,5334.45,5363.24,14175.4,17239.2,16388.8,8629.97,0,0,0,0,0,0,0,0,0,0,0,0,0,0,0,0,0,0,0,0,0,0,0,0
P06797_221_H3N2,7190.62,440,157,2392.96,2852.24,1114.13,151,140,371,0,0,0,937,398,110,0,0,0,0,0,0,0,0,0,0,0,0,0,0,0,0,0,0,0,0,0,0,0,0,0,0,0,0,0,0,0,0,0
Q61207_80_H5N2,2251.64,143,81.8,1574.68,533,1010.48,790,485,4942.87,447,555,235,1623.99,2409.34,2187.78,713,2507.4,1035.16,248,1065.93,779,1646.51,848,1203.36,5652.96,5570.82,4579.91,2468.94,10848.9,4479.59,728,1884.21,901,4129.21,10262.1,14136.4,3415.65,9228.34,3302.3,3759.38,4510.93,5347.2,2537.6,3819.77,1239.77,1498.5,4486.13,8450.25
Q9QZC2_877_H9N2,4869.43,642,80.5,703,1499.6,474,0,0,0,411,101,239,1016.11,689,1754.52,4933.46,861,2403.92,0,0,0,0,0,0,0,0,0,0,0,0,0,0,0,0,0,0,0,0,0,1780.7,864,354,0,0,0,402,1017.77,6560.02
Q6AXF6_83_H5N2,290,1137.97,2405.76,3646.96,13595.1,3001.55,0,0,0,265,82.9,248,474,539,181,179,1260.98,906,0,0,0,188,110,73.5,0,0,0,0,0,0,0,0,0,2851.64,2255.11,1338.66,0,0,0,0,0,0,0,0,0,0,0,0
Q61207_80_H4N2,108,134,214,6086.48,4105.12,3601.61,160,853,4768.32,3594.02,552,109,737,1017.76,1482.45,0,0,0,187,130,470,0,0,0,0,0,0,0,0,0,0,0,0,0,0,0,0,0,0,0,0,0,0,0,0,0,0,0
P14094_193_H6N5F2A2,5572.41,221,34.7,12551,19622.7,8140.03,3500.45,1154,12844.6,0,0,0,10131.5,5771.76,1532,960,1529.1,534,1293.06,826,851,7253.78,6189.45,9454.32,0,0,0,0,0,0,0,0,0,0,0,0,0,0,0,0,0,0,0,0,0,0,0,0
Q80Z24_269_H5N2,1812.24,5246.01,528,23595,37903.9,19470,4473.38,2335.77,402,4624.56,4971.71,3714.97,2198.4,12778.3,3050.92,56590.3,30652.9,3676.86,1262.97,2673.28,2350.58,12408.8,2612.16,736,4931.09,11910.1,43389.3,2009.3,1608.17,1863.65,5427.96,2553.13,3981.12,12914.4,8865.11,2490.74,0,0,0,10973.4,4148.23,6527.49,1394,1574.7,1897.09,2229.37,4667.7,26851.5
Q80Z24_269_H4N2,2312.76,1467.7,265,1911,5281.47,2248.53,1141.61,287,3106.56,2004.84,242,525,2204.65,2928.6,531,7071.15,4409.41,784,137,271,262,2901.02,275,288,0,0,0,0,0,0,0,0,0,0,0,0,0,0,0,0,0,0,0,0,0,0,0,0
Q810U4_501_H10N2,2545,3505.88,1767.52,9961.75,7014.02,19041.9,960,400,6543.29,2108.11,2172.59,1580.69,4116.56,2974.12,4575.25,9839.41,9306.51,11795.9,2259.57,3104.91,1197.37,2493.4,680,6459.56,1510.13,8921.47,16725.3,1922.53,999,270,1437.65,3799.93,2615.54,5676.59,890,2673.76,4662.42,3944.07,4592.35,5520.83,2711.1,3005.93,2082.95,1282.5,195,0,0,0
Q810U4_501_H8N2,1710.01,2986.62,402,2892.68,3027.06,2291.86,563,131,1972.71,1923.9,2064.34,598,3555.4,1243.29,1260.01,2204.42,3558.99,2091.69,566,1290.76,387,1446.6,953,1729.51,1976.9,3670.49,6310.05,2670.37,908,333,1019.52,1246.48,4380.29,3737.1,1937.93,2831.13,0,0,0,0,0,0,2546.43,2242.97,316,5171.34,2810.92,21060.9
Q810U4_501_H9N2,6186.24,6846.1,1892.31,12926.7,15206.4,17738.9,1649.15,332,6617.33,7298.19,2663.63,1056.83,17244.3,11466.3,5254.91,4448.79,3131.56,14436.5,1934.7,2057.32,1761.04,2177.35,2012.51,3120.56,3374.97,9800.75,537,3926.96,1244.42,525,9162.69,4127.71,3899.04,3786.67,4880.14,2630.46,5685.49,6901.37,4089.25,7053.48,3642.81,3778.89,4724.32,8043.29,442,11237,7624.78,30700.8
P35438_471_H5N2,4248.21,8698.91,2500.1,3931.36,48579.9,10090.5,0,0,0,2433.39,1092.64,1226.71,6545.13,16099.1,2001.04,746,1733.22,714,0,0,0,0,0,0,11306.8,12669.1,82964.9,4488.02,7273.77,1847.1,1603.22,544,5812.82,9160.2,6152.35,11735.1,5044.35,4527.16,11979.9,9951.94,3449.21,20933.1,0,0,0,0,0,0
Q810U4_501_H7N2,1773.72,1314.79,101,486,641,850,118,44.1,1616.86,147,101,179,940,732,844,626,610,238,132,126,146,83.6,236,471,0,0,0,0,0,0,487,136,1063.61,476,1272.51,349,0,0,0,0,0,0,470,220,77.5,1623.31,1862.73,12379.9
P43006_215_H7N6F4A1,3339.07,2099.43,751,592,1289.69,778,667,473,5003.56,0,0,0,1131.92,1446.14,2309.29,592,532,2013.24,478,843,583,603,388,519,1260,5103.36,5135.13,1713.41,1654.47,961,4546.78,5281.05,4201.23,0,0,0,1852.49,1050.32,713,0,0,0,7861.87,4302.44,1878.1,3118.85,2394.72,962
Q9Z218_410_H4N4F2,1717.63,540,894,526,372,778,427,135,304,828,164,211,830,1289.73,1520.95,0,0,0,438,617,264,480,700,2031.85,0,0,0,0,0,0,275,297,1364.62,820,580,242,0,0,0,0,0,0,1024.9,945,176,0,0,0
Q810U4_501_H6N2,1123.39,821,74.1,749,628,678,69.4,148,899,273,140,97.2,1319.8,1258.24,775,954,986,885,86.5,177,138,954,381,848,967,613,1229.76,1408.33,819,483,2045.18,741,5315.75,1334.62,1200.39,1436.4,3039.38,2570.64,2974.65,1506.04,1585.29,1775.49,1237.12,1199.33,414,2875.53,1992.66,12379.9
Q810U4_501_H5N3,174,224,47.9,226,459,160,20.5,48.3,300,1116.45,123,64.5,342,442,504,448,656,524,49.2,26.8,63.1,468,195,273,696,188,623,1108.21,223,187,127,109,1839.27,407,435,585,832,474,387,0,0,0,307,142,60.8,732,477,2812
Q810U4_501_H5N2,23071.8,37098.5,3145.03,18547.9,41348.9,21460.5,2168.75,2944.75,42132.9,16559.7,7213.37,4443.72,72748,48226.5,11805.6,28469.3,30119.6,30267.6,3154.13,3561.73,3111.79,15783,9377.71,15922.8,28112.7,27756.4,31160.6,36466.3,18728.4,7731.76,15631.3,9994.95,70333.4,34893.8,40649.7,6940.79,31964.4,32217.3,26339.6,30265.9,27691,34830.6,14187.8,14351.6,7228.76,50058.7,1884.63,10976.3
Q810U4_501_H4N2,343,1062.37,128,494,1858.71,605,136,134,1049.06,581,235,251,1456.32,1994.46,483,1642.21,1925.42,662,1590.17,219,217,762,299,556,1981.82,1314.37,1900.14,3432.26,1595.59,513,940,473,6258.7,2498.83,4197.08,3413.71,2074.81,2859.7,2440.59,4214.77,2056.26,3678.69,1180.78,721,196,2388.31,2930.06,303
Q9Z218_410_H3N4F1,19148.3,5357.02,4117.6,2803.89,6020.93,4834.73,4036.19,798,4317.93,7145.49,3122.59,2900.74,5706.11,5842.58,6869.83,5797.79,4106.07,2036.85,3650.72,5423.79,1350.32,4129.32,5506.35,5968.68,2580.28,5372.03,17509.3,0,0,0,1871.81,2682.64,8960.17,10458.7,9845.15,658,7387.42,4191.07,4100,0,0,0,14486.4,3735.87,2434.93,15587.6,9832.75,18817.4
Q810U4_501_H3N2,75,35.7,44.4,0,0,0,0,0,0,0,0,0,0,0,0,589,89.4,171,0,0,0,95.1,70.5,112,430,359,456,528,226,311,190,72,1011.85,299,454,2889.77,512,555,373,373,652,614,162,136,62.9,556,425,1076.81
Q7TNR6_407_H5N2,5244.65,3274.46,1229.67,8224.27,9720.7,9086.81,1516.6,1609.83,968,5388.26,2498.54,1526.5,2999.87,1725.74,1000.53,4424.75,8629.69,3191.46,387,757,541,2688.84,697,1135,0,0,0,0,0,0,0,0,0,0,0,0,0,0,0,0,0,0,0,0,0,0,0,0
Q9Z218_410_H3N2F1,1523.75,468,306,773,1328.47,1742.83,125,95.1,204,1111.95,514,737,700,463,526,142,121,143,91.8,81.7,191,640,4715.55,1431.96,0,0,0,0,0,0,181,72.3,576,0,0,0,490,727,1375.3,569,782,239,539,292,523,0,0,0
Q80UG2_441_H5N2,2442.34,4040.31,1050.68,2312.28,5931.13,2154.33,1164.83,420,398,1405.08,518,709,6434.02,4347.73,2575.03,2679.12,2248.92,1689.13,732,489,958,1732.97,399,472,237,1225.76,288,0,0,0,861,600,1907.94,2195.93,716,1209,272,319,541,3959.98,555,677,475,275,304,0,0,0
Q9Z218_752_H10N2,2590.36,629,1138,1014.54,856,1306.72,499,458,38783.7,5322.71,1490.01,387,1475.24,2680.51,3283.65,535,1135.56,2959.14,432,5691.25,420,1296,3478.61,2357.6,2098.17,10788.7,2190.17,3009.22,342,119,6531.75,2853.81,7187.97,8894.65,4976.33,1679.47,3814.22,4397.96,3750.11,1590.78,2753.22,3166.18,9281.51,6665.68,3847.06,6545.94,2126.22,23842
Q9Z218_752_H6N2,357,272.3,533.1,473,401,177,222,233,417,0,0,0,431,563.7,488,2202.68,318,422.5,221.5,266.9,117.8,104,361,210,2203.37,5359.23,963,2103.8,954,787,1589.37,912,2122.09,948,1644.51,2011.31,2117.94,2978.52,3576.53,1457.48,2498.21,1752.97,3280.98,3297.22,1110.4,913,1100.56,3584.49
Q9Z218_752_H7N2,723,450,310,451,423,174,312,492,4873.18,662,579,280,536,1237,2734.41,759,707,706,225,571,330,528,1088,1269,2101.65,2969.64,57620.6,1724.04,529,472,2057.06,2127.36,2394,1606.87,1216,282.9,4703.98,4131.02,5135.7,1110.92,1885.75,1350.06,3480.92,3598.05,1441.6,1359.35,569,1142.5
Q9Z218_752_H5N2,425,95.4,89,222,231,267,110,96,487,0,0,0,291.9,216.9,411,1049.45,195,234,70.2,78.6,74.6,171,265,205,522,1801.85,435,1257.28,472,135,1794.48,2392.78,3014.71,2478.61,672.9,317.2,4043.19,4095.68,3960.66,912,1188.58,601,2906.96,1903.73,331.1,901,274,2353.86
Q9Z218_752_H4N2,344,62.7,104,161,339,110,0,0,0,0,0,0,1320,311,391,1820.02,190,61.9,71.5,81.9,63.4,124,162,222,424,1135.18,442,535,273,40.7,894,296,1722.79,1073,681.7,619,661,694,1081,582,863,406,989.7,657.7,724,0,0,0
P15116_402_H3N4F1,147,706,411,545,207,896,116,28.8,1902.23,100,262,39.7,231,401,60.4,1401.11,461,539,78,69.5,36.2,258,239,680,1283.03,3235.7,2901.03,7098.83,617,267,2745.91,1101.1,18203.6,2637.87,5786.64,1502.31,4003.55,2850.27,1962.5,4740.98,2899.95,2640.99,1884.64,2564.82,196,2517.31,1538.95,4127.63
P08113_62_H6N2,1240.3,2379.72,1290.15,461,2842.04,946,266,349,5333.98,3594.01,1240.21,2134.7,784,752,1111.31,6364.88,1791.85,2578.49,228,1318.78,410,1058.46,4528.66,1019.72,730,971,747,0,0,0,5092.87,2434.64,3248.15,7913.92,5863.87,4544.31,2625.99,2901.66,3086.66,1934.64,3793.1,2081.69,4876.8,5075.74,1120,8071.38,5710.3,14417.6
P08113_62_H5N2,2403.35,2980.53,854,923,6501.55,1202.35,250,426,6191.96,7448.52,2678.43,3507.47,1052.97,814,1479.11,888,1314.7,3985.1,320,639,336,2119.76,5205.65,3917.69,3204.45,9991.47,1944.15,3367.59,3598.64,1691.92,6860.98,4719.57,6795.36,16498,9585.18,3927.53,5137.22,6646.01,6231.27,5701.95,3483.64,5149.14,6651.25,5992.83,2274.22,10406.3,9811.13,17298.2
Q08890_117_H5N2,164,115,115,1906.32,2132.6,1245.52,0,0,0,0,0,0,192,117,57.8,589,137,96.1,0,0,0,32.8,840,120,5807.24,2879.55,2836.31,14330.7,6104.09,1962.94,1130.18,519,17213.6,1856.66,6118.25,2241.07,671,928,4646.27,916,3843.58,4519.58,454,424,497,483,3014.43,1228.89
P70232_767_H3N4F1,530,2990.34,683,2945.99,2947.2,2584.68,0,0,0,1920.78,644,594,0,0,0,0,0,0,0,0,0,0,0,0,0,0,0,0,0,0,1217.88,1327.43,3982.33,0,0,0,0,0,0,0,0,0,1794.98,1661.14,750,0,0,0
P11438_115_H5N2,449,1309.21,607,2532.86,1280.39,1156.28,0,0,0,0,0,0,0,0,0,2575.29,1283.62,492,208,705,202,652,327,371,0,0,0,0,0,0,15989,7092.95,14184.8,6419.77,5371.88,4415.23,1795.76,683,420,0,0,0,6338.58,12173.1,1358.27,0,0,0
Q61207_459_H4N2F1,398,921,1625.38,963.8,2288.75,1081,228,132,9985.35,6518.61,320.1,309.7,921,1630,1099,234,379,136,242.9,280.5,304.8,946,1714.55,785,0,0,0,0,0,0,0,0,0,0,0,0,0,0,0,0,0,0,0,0,0,0,0,0
Q61207_459_H4N2,1931.85,6813.93,258.9,12884.4,1841,7312.67,2122,1606,8704.34,1835,1962,787.2,5358.44,6609.2,2481.2,2819.21,4302.43,1798,3118.05,579.1,4872.15,3623.03,480,1813.21,0,0,0,84.5,131,912,2555.44,594,1918.78,915,2367.03,812,0,0,0,0,0,0,127,495,1201.07,0,0,0
Q61207_459_H5N2,2834.13,5013.49,156,8734.75,1458,5118.27,670,771,4552.97,745,907,667,6209.34,4515.33,724,1286,6767.37,1083,1234,2422.74,2339.96,4637.77,1413,1186.4,0,0,0,2745.85,2063.85,855,2128.29,1191,6537.94,1663.81,1638.18,1684.74,0,0,0,4205.12,945,925,0,0,0,0,0,0
Q61207_459_H6N2,1442.28,2355.92,77.3,4024.46,2527.49,3908.34,1073.94,557,9277.6,268,1139.03,743,2796.61,3414.4,593.1,1982.41,6176.54,1334.95,871,674,1833.28,1921.63,130,1085.31,719,620,873,2859.42,335,380,1979.27,1192,1225.05,2925.95,7927.28,4460.94,9948.45,4264.14,2778.5,9333.14,8985.69,7372.24,3771.15,4250.3,1787.13,0,0,0
O54991_277_H9N2,6482.52,1875.77,2079.77,1405.15,2407.09,1941.22,32.1,339,1554.31,1153.67,1736.88,1179.27,2701.72,6055.35,2156.38,14698.2,897,2265.52,1496.21,7017.31,1603.84,2247.19,7153.43,4326.21,902,436,55788.8,1386.8,109,126,6379.56,2794.23,1417.59,2788.29,3248.94,1608.46,6832.55,2066.76,2865.5,1943.04,3240.33,1068.71,2609.63,7295.17,118,2238.67,4539.49,3472.86
Q9WTR5_638_H5N2,1629.03,2252.65,312,14326.2,17045.5,10310,1493.19,3356.93,5925.79,1821.96,4749.03,654,4902.7,9280.61,2892.32,22546.3,19575.2,25885.8,2464.04,12066.6,5102.92,8056.34,20204.4,6622.72,84016.9,37544.9,189627,162427,209192,55464.2,106951,43821,398344,113668,83314.7,3212.12,39627,62376.2,40176.3,50872.4,98632.7,107135,35623.1,94374.1,45455.1,16995.8,21251.9,59085
O54991_277_H8N2,886,589,239,186,160,156,246,50.6,236,259,366,273,338,541,774,798,65.6,419,137,316,155,212,360,454,0,0,0,0,0,0,619,290,121,338,545,193,1394.93,595,259,0,0,0,895,801,332,0,0,0
P14094_158_H3N5F1,101,350,109,0,0,0,0,0,0,0,0,0,0,0,0,0,0,0,211,79,159,64.4,146,131,1678.24,3878.19,1639.84,2328.61,3181.22,2518.73,6414.6,11459.1,9123.91,6476.8,17408,8564.12,2097.4,2704.04,1596.83,1192.32,1249.95,1089.02,5577.12,3530.23,5398.77,2452.07,4258.89,7580.01
P43006_215_H6N5F2A2,1870.64,795,1067.26,190,1622.24,744,0,0,0,381,724,151,52693.7,1023.12,2002.56,801,548,1110.76,0,0,0,531,2421.22,720,4547.38,18354.1,4271.82,3785.52,2179.73,268,1011.76,403,734,11631.8,3993.57,16548.6,4424.43,5877.4,7543.17,4872.99,7103.26,6016.86,2246.79,1382.74,335,0,0,0
Q8BLQ9_211_H4N4F2,2289.83,2319.74,931,3305.47,4899.9,2360.69,726.9,1263.44,2417.82,3050.16,2199.93,1931.39,2195.1,2625.29,4675.37,983,1389.88,1983.68,473.5,1021,631.3,2289.38,6614.8,1333.92,4334.45,368,2176.91,6680.22,2665.65,1428.03,9323.25,7188.27,8789.14,0,0,0,4695.91,4318.33,2538.61,6067.61,9115.59,2451.08,15592.2,8475.65,4376.86,17050.7,24808.7,44598.3
Q8BLQ9_211_H4N5F2,1927.33,866,477,1012.82,741,965,498,110,397,522,414,392,1270.11,890,1302.25,0,0,0,0,0,0,0,0,0,0,0,0,117,278,34.5,6844.13,10061.3,4681.27,22001.6,8403.4,1745.23,0,0,0,0,0,0,5177.98,4020.49,3142.86,11941.3,9304.65,20374.7
P12960_935_H5N2,3866.26,12834,5323.99,5205.51,5558.75,7432.92,558,4303.34,9050.84,9727.81,174,45,13050.4,9221.54,17976.8,0,0,0,0,0,0,0,0,0,4262.64,10187.3,52078.6,0,0,0,4836.73,1757.09,967,13616.5,6742.44,1583.05,0,0,0,0,0,0,1861.17,4911.54,2179.12,0,0,0
Q810U3_752_H3N5F1,2045.42,3189.24,1385.25,2027.05,1601.54,1064.88,0,0,0,4276.42,1125.34,2107.97,2628.37,2326.39,4125.19,713,4027.3,1017.12,939,773,1187,0,0,0,9592.89,31026.1,19587.3,7951.88,8759.9,15603.1,15354,14484.4,10529.5,33138.1,28269.4,7708.67,6327.92,7180.56,9003.01,3513.14,8466.74,6978.12,1592.81,1395,5526.06,22396.4,24321.2,11301.3
Q8BLQ9_211_H3N4F1,771,1488.87,805,2649.83,799,1096,397,779,1057,1199.29,711,1207,1886.46,1965.31,1225,298,210,211,1574.81,472,279,821,1204,691,10995.5,12646.6,9093.12,8465.02,5609,4145.18,6809.11,4058.6,10259.4,2408.25,24916.1,5236.72,4469.35,3607.84,5462.94,7139.34,4873.46,7236.72,10823.9,4510.78,9154.49,9643.91,39853.5,2150.85
Q8BLQ9_211_H3N5F1,1315.65,1883.26,741,0,0,0,31.5,91.3,110,0,0,0,1951.26,2034.08,1586.94,0,0,0,0,0,0,216,122,69.3,375,431,55788.8,3000.69,3002.03,4184.25,4466.25,16778.1,17168.2,11267.8,16963,11196,612,1033.69,1131.54,411,359,266,7904.93,2225.22,5929.34,22503.9,23639,2199.08
Q99JR5_160_H5N2,1838.64,815,254,791,395,1209.99,0,0,0,802,314,366,0,0,0,0,0,0,0,0,0,469,421,441,0,0,0,0,0,0,2612.79,2495.05,3846.75,1793.57,2703.4,385.5,0,0,0,0,0,0,455,480,74.4,0,0,0
P50571_105_H5N2,504,998,236,835,2458.14,1377.26,0,0,0,0,0,0,0,0,0,0,0,0,0,0,0,0,0,0,0,0,0,0,0,0,0,0,0,0,0,0,0,0,0,0,0,0,0,0,0,0,0,0
P50429_280_H6N2,438,1794,239,1049,2239.63,694,0,0,0,0,0,0,840,1096.15,1088.07,0,0,0,0,0,0,0,0,0,0,0,0,0,0,0,0,0,0,863,1182.49,508,0,0,0,0,0,0,383,534,190,499,1592.45,710
Q810U4_77_H5N2,290,1506.93,60.7,1365,2277.1,706,0,0,0,1099,290,492,2966.86,3029.74,4233.08,1321,846,1142,0,0,0,418,1021,483,0,0,0,0,0,0,1582,596.5,9170.77,834,5237.72,550,10811.1,1274,1031,783,5003.84,698,475.4,1413.51,422,537,184,4046.56
Q9Z2W9_260_H8N2,1786.53,879.3,1140.47,2191.57,1693.47,1639.06,0,0,0,770,858,643,1063.01,1071.87,2330.55,1282.52,1319.14,3490.37,0,0,0,939,2051.44,1419.25,0,0,0,0,0,0,1088.8,326,10831.1,4159.83,9226.9,3125.42,0,0,0,0,0,0,1724.97,1755.23,701.8,0,0,0
O88531_197_H3N2F1,254,255,161,1259,1977.23,1291,0,0,0,481,632,538,2884.66,1347,446,1022.05,1082.63,338,0,0,0,0,0,0,0,0,0,0,0,0,0,0,0,0,0,0,0,0,0,0,0,0,0,0,0,0,0,0
Q61207_80_H3N2F1,3608.46,2154.48,30.3,75986.6,2941.83,44634,6143.11,10172.1,16665,384,8257.83,555,61096.5,9180.34,2812.12,4224.74,13303.4,3885.34,7190.62,2412.93,9327.68,6004.22,2747.72,21377,0,0,0,0,0,0,0,0,0,0,0,0,0,0,0,0,0,0,107,809,202,0,0,0
Q8C419_215_H3N4F1,200,1485.54,370,1624.96,508,410,1476.15,189,2799.14,561,972,1434.94,1060.86,753,435,323,1680,285,1853.03,877,879,1284.14,139,1116.31,0,0,0,0,0,0,0,0,0,0,0,0,0,0,0,0,0,0,0,0,0,0,0,0
Q8VEK0_297_H5N2,1508.67,757,344,982,452,1197.6,742,98.5,1168.26,0,0,0,1377.96,908,469,771,433,233,381,966,216,0,0,0,0,0,0,0,0,0,2410.48,543.6,3977.09,0,0,0,0,0,0,0,0,0,83.1,224,263,0,0,0
O54991_764_H5N2,12753.2,22913.5,24903.6,33640.7,20596.7,10205.7,20686.2,8309.36,17795.9,17384.3,17703.7,19166.3,54017.2,50102,5839.87,4388.45,8956.95,5010.17,49404.2,23302.4,3289.96,25641.6,12473.6,25035.5,5648.93,364,15768.4,5993.62,3752.65,18059.3,49400.1,57949.4,4236.09,19822.9,3310.89,853,69787.7,24155,14737.8,10965.3,19193.6,20823.8,114109,120738,28509.8,16806.8,422,1076.81
Q8BXA5_101_H8N2,360,422,134,54.3,311,296,0,0,0,313,352,428,195,59.2,333,812,46.1,892,53.1,92.2,20.2,342,195,231,0,0,0,0,0,0,0,0,0,0,0,0,0,0,0,0,0,0,0,0,0,0,0,0
P14231_220_H5N2F1,306,200,111,0,0,0,0,0,0,447,159,235,2888.45,356,290,665,142,238,130,155,57.6,0,0,0,0,0,0,0,0,0,0,0,0,54.7,294,133,0,0,0,236,448,545,190,173,260,0,0,0
P14231_220_H5N3F2,332,804,174,0,0,0,0,0,0,0,0,0,433,677,783,2643.5,317,304,0,0,0,0,0,0,0,0,0,0,0,0,218,160,204,0,0,0,0,0,0,720,807,409,751,339,385,0,0,0
P14231_220_H5N2,5415.83,5479.83,9592.79,10932.1,7491.07,5899.45,5537.82,987,6711.6,6135.96,4929.37,5500.21,10543.9,7146.61,3267.08,9413.57,5676.03,4550.68,13858.6,9237.32,10216.5,3278.46,4602.2,3070.24,0,0,0,0,0,0,13173.8,2177.5,2217.97,3946.51,13083.4,1197,2320.32,1190,2424.47,1795.87,1902.06,3553.48,28160.4,29262.2,2264.41,2140,130,1136.4
Q3UHK6_1987_H5N2,667,1140.11,205,410,1032.25,557,127,85.1,1128.09,1242.5,483,292,387,725,526,0,0,0,101,109,91.3,349,354,372,0,0,0,0,0,0,0,0,0,0,0,0,0,0,0,703,470,58.1,0,0,0,0,0,0
P14231_220_H4N2,932,540,618,138,182,323,289,100,464,2008.07,198,142,3593.89,570,132,1254.14,277,358,1023.13,508,774,0,0,0,0,0,0,0,0,0,1045.81,114,314,56.6,630,272,0,0,0,580,325,2743.27,947,1672.98,1379,0,0,0
Q99KW9_480_H9N2,7194.14,450,275,0,0,0,0,0,0,0,0,0,759,288,579,0,0,0,129,283,201,0,0,0,0,0,0,0,0,0,36.6,22.9,208,0,0,0,0,0,0,0,0,0,66.2,131,88.5,0,0,0
Q8VBZ3_241_H9N2,749,898,1018,1175,1322,955,0,0,0,936,1007,594,242,265,72,548,673,331,815,72,174,0,0,0,0,0,0,0,0,0,0,0,0,0,0,0,1712.39,489,461,746,1546.47,2177.47,0,0,0,0,0,0
Q62086_254_H8N2,627,328,190,0,0,0,0,0,0,0,0,0,0,0,0,0,0,0,0,0,0,0,0,0,0,0,0,0,0,0,0,0,0,0,0,0,0,0,0,0,0,0,0,0,0,0,0,0
P14231_220_H3N2F1,1343.05,431,277.7,0,0,0,174,56.2,4564.74,3782.67,270.3,544,534,1247,860,0,0,0,402,1183.6,634,167,212,349,0,0,0,0,0,0,0,0,0,99.6,475,499,0,0,0,0,0,0,14.5,154,144,0,0,0
P97798_520_H5N2,399,309,17.2,320,143,559,0,0,0,445,178,188,0,0,0,0,0,0,0,0,0,224,615,531,0,0,0,0,0,0,0,0,0,0,0,0,0,0,0,212,488,291,0,0,0,0,0,0
Q8C419_143_H3N4F1,421,495,815,0,0,0,0,0,0,0,0,0,0,0,0,965,113,398,449,636,559,682,1570.2,436,0,0,0,0,0,0,0,0,0,0,0,0,0,0,0,0,0,0,0,0,0,0,0,0
Q8BLF1_270_H8N2,452,544,128,584,325,810,120,24.9,291,2098.26,514.5,381,2200.16,1784,1836.58,1015,1345.8,1416.57,342,303,107,517,2514.65,1499.38,0,0,0,4409.12,2765.95,1046.46,6238.86,4920.87,13250.3,4608.63,6893.04,4356.93,2703.22,3083.43,1443.72,3363.86,4868.97,5613.35,5742.55,4923.52,3078.38,9590.24,10461.9,57404.1
Q61361_129_H5N2,32910.3,20639.1,1985.02,1340,13741.9,11700.5,143,109,3232.85,1147,13621.4,1621.43,20671.7,6174.66,12357.8,1520.2,1610.39,2018.64,2549.18,591,752,951,1229.29,870,0,0,0,0,0,0,0,0,0,173,333,766,0,0,0,8187.09,525,127,25.8,541,1724.66,0,0,0
Q80V42_235_H5N2,964,677,982,0,0,0,0,0,0,0,0,0,836,290,1052.41,0,0,0,533,1627.87,724,0,0,0,974,2939.48,1388.38,0,0,0,2491.72,3489.56,8060.43,2133.58,1292.64,1035.77,657,716,734,0,0,0,3320.32,3554.08,2198.69,3088.88,3969.23,22697.3
P11627_293_H3N4,4097.86,5097.29,3678.9,224,733,260,2847.19,2045.8,32449.8,0,0,0,460,809,563,1189,2105.79,1135,2144.96,3101.92,3383.79,0,0,0,1608.93,1456.81,2550.55,23027.1,39192.2,15567.5,14338.5,19182.9,18006.5,18049.8,18326.6,5120.65,644,736,1327.57,25361.7,61126.8,19362.2,18639.5,19583,13741.2,1549.75,2156.74,2962.46
P13595_348_H3N2F1,759,509,757,290,5866.81,461,0,0,0,0,0,0,551,950,298,0,0,0,223,905,433,0,0,0,0,0,0,0,0,0,1545.58,1173.82,668,0,0,0,0,0,0,0,0,0,626,1886.11,492,0,0,0
P97300_196_H6N4F1,11797.4,3868.58,604,5816.16,4153.51,6909.56,0,0,0,2453.95,917,1462.69,2523.94,3651.31,4649.71,0,0,0,250,883,379,1238.1,1593.6,1206.72,0,0,0,1200.93,5607.2,489,873,547,9745.02,4405.84,3296.25,5509.9,1136.72,2281.1,1581.74,0,0,0,0,0,0,0,0,0
P97300_196_H5N4F3,1135.52,1170.55,348,1879.18,1904.93,1918.53,0,0,0,2449.09,2334.58,1186.58,0,0,0,0,0,0,0,0,0,0,0,0,0,0,0,1513.81,2024.79,614,0,0,0,0,0,0,0,0,0,3246.28,2536.41,2479.99,0,0,0,4060.59,5508.37,3094.94
O88307_1895_H5N2,233,692,94.2,0,0,0,123,68.7,179,0,0,0,425,264,382,0,0,0,150,895,87.7,0,0,0,0,0,0,1629.13,1240.84,2092.69,0,0,0,663,227,593,0,0,0,685,703,785,0,0,0,543,437,1076.81
P15209_241_H4N3F1,1464.22,1650.47,207,1521.71,3468.61,6207.87,0,0,0,0,0,0,1386.08,1581.43,1004.1,0,0,0,0,0,0,0,0,0,0,0,0,1786.98,1824.53,975,0,0,0,0,0,0,0,0,0,121,190,177,174,772,254,0,0,0
P97300_196_H3N3F1,471,325,54.5,185,273,600,0,0,0,0,0,0,0,0,0,0,0,0,0,0,0,0,0,0,331,1235.76,559,0,0,0,0,0,0,564,634,272,450,357,366,358,496,635,368,126,154,0,0,0
P13595_348_H4N5F1A1,1325.37,240,163,0,0,0,0,0,0,0,0,0,0,0,0,0,0,0,198,549,215,0,0,0,0,0,0,0,0,0,0,0,0,0,0,0,0,0,0,0,0,0,0,0,0,0,0,0
O54991_844_H9N2,666,348,147,0,0,0,0,0,0,242,114,328,393,202,683,0,0,0,41.5,383,134,0,0,0,518,259,644,220,171,552,345,231,518,245,690,177,0,0,0,0,0,0,1054,777,681,510,764,354
Q640R3_189_H5N2F1,191,125,68.4,0,0,0,0,0,0,0,0,0,0,0,0,0,0,0,0,0,0,0,0,0,131,409,532,154,161,161,238,242,293,44.9,46.6,388,107,144,275,0,0,0,248,179,216,0,0,0
Q9CPW0_436_H4N4,695,714,2339.45,0,0,0,480,1567.81,1844.21,0,0,0,0,0,0,0,0,0,749,1466.51,679,0,0,0,0,0,0,3225.5,1885.95,2092.51,0,0,0,0,0,0,0,0,0,0,0,0,0,0,0,0,0,0
P14426_110_H9N2,575,476,58.9,0,0,0,0,0,0,28,134,125,0,0,0,0,0,0,0,0,0,0,0,0,0,0,0,0,0,0,0,0,0,0,0,0,0,0,0,0,0,0,0,0,0,0,0,0
P14426_110_H10N2,1008.51,434,394,652,712,660,320,170,2131.69,383,202,268,0,0,0,0,0,0,0,0,0,0,0,0,0,0,0,0,0,0,0,0,0,0,0,0,0,0,0,0,0,0,0,0,0,0,0,0
Q9R1V6_517_H5N2,249,175,166,0,0,0,0,0,0,0,0,0,215,300,258,0,0,0,0,0,0,0,0,0,1588.51,9305.21,5162.26,2648.51,18385.6,3397.66,0,0,0,3407.18,6397.72,8331.68,1191.03,1669.54,1721.06,1142.23,1402.55,2175.4,1642.33,3531.9,2182.27,5929.11,1939.38,2727.98
P97300_228_H3N5,2284.96,2238.22,245,0,0,0,613,658.2,8691.62,0,0,0,2504.92,1992.41,1841.89,0,0,0,101,259,83.5,1210.42,1858.55,1817.08,8607.49,11609.4,7683.43,3167.63,3486.98,2157.49,3201.94,2010.45,7197.32,5317.19,4277.78,41081.8,5062.68,5730.85,6864.37,1848.39,3789.04,2214.56,2811.97,3646.16,2704.92,0,0,0
Q640R3_189_H6N3F1A1,4674.67,11320.2,4331.51,0,0,0,1454.84,2457.07,9166,1518.02,1125.54,2945.09,3017.21,2726.86,13453.6,0,0,0,1261.78,5971.45,1223.1,0,0,0,4353.53,9178.17,7515.51,3449.95,1991.96,8583.29,0,0,0,18657,4353.06,9058.84,2229.62,8465.07,4483.01,1248.41,3787.36,3039.41,10087.9,12690,8107.17,6556.14,13302.1,3908.03
Q9CQF9_323_H5N2,303,550,137,0,0,0,0,0,0,2146.25,209,71.3,676,181,163,0,0,0,0,0,0,0,0,0,0,0,0,0,0,0,0,0,0,495,388,84.9,0,0,0,0,0,0,298,328,292,0,0,0
Q9CQF9_323_H3N2,263,110,89.7,170,544,69.9,0,0,0,0,0,0,151,65.3,63.3,0,0,0,0,0,0,227,633,190,76.9,159,108,75.6,88.3,156,0,0,0,160,118,99.2,165,123,150,82.6,126,885,239,219,65.1,162,340,1514.97
Q61072_231_H5N2,1620.01,2397.98,941,4250.56,1318.53,511,0,0,0,0,0,0,0,0,0,0,0,0,0,0,0,0,0,0,0,0,0,2444.42,2167.87,3114.95,0,0,0,1698.82,371,929,0,0,0,0,0,0,0,0,0,0,0,0
Q91ZX7_1826_H9N2,559,176,244,0,0,0,0,0,0,447,64.3,233,90.2,461,185,0,0,0,131,122,161,0,0,0,0,0,0,548,286,415,449,544,393,219,186,464,0,0,0,0,0,0,537,511,175,0,0,0
Q91ZX7_3789_H3N4F1,74.9,172,62.8,266,207,270,0,0,0,298,36.7,31.3,0,0,0,0,0,0,0,0,0,0,0,0,256,210,909,1110.09,978,300,1140.36,747,1079.98,294,1381.35,193,0,0,0,346,349,250,262,190,323,449,252,151
O54991_1148_H9N2,8975.19,16510.3,9230.89,0,0,0,16636.6,9638.9,22531.5,1699.16,2082.82,1151.08,20475.2,15977.3,11230.4,0,0,0,6079.94,28001.2,11759.5,9454.11,20834.4,10560.3,4565.31,6398.57,2933.61,2450.64,1854.91,2454.47,12117.5,14778.4,5492.51,18750.1,11825.2,7688.19,21848.7,27793.2,30391.2,5265.87,7714.43,5968.63,12670.6,6680.08,7284.5,17422.1,32229.8,93188.2
O08545_38_H4N2,254,259,55.8,0,0,0,0,0,0,437,79.1,205,688,267,738,0,0,0,0,0,0,0,0,0,0,0,0,481,412,206,493,136,194,193,209,420,789,318,545,423,204,904,722,301,105,606,231,1779.61
O08545_38_H5N2,530,1143.33,416,0,0,0,0,0,0,878,755,793,0,0,0,0,0,0,96.2,259,89.6,0,0,0,0,0,0,867,691,7371.91,0,0,0,0,0,0,0,0,0,0,0,0,0,0,0,0,0,0
Q9JIS5_573_H6N2,337,660,491,410,306,822,0,0,0,324,274,577,746,883,671,0,0,0,477,146,709,286,480,554,0,0,0,0,0,0,1391.53,854,1527.17,680,887,1037.43,0,0,0,0,0,0,1028.33,1060.89,814,599,1015.49,1767.55
Q99JP7_198_H6N2,13951.1,834,1164.17,0,0,0,0,0,0,1803.25,3225.24,570,4467.47,4454.89,6888.57,0,0,0,0,0,0,2330.46,1229.08,2130.31,0,0,0,0,0,0,0,0,0,1875.81,2084.27,5549.3,664,568,1572.28,0,0,0,358,269,1534.26,0,0,0
Q99JP7_198_H7N2,3676.27,12164.5,4493.94,3653.18,5355.4,13507.2,3326.75,359,3220.45,0,0,0,981,6327.96,4321.49,3949.89,6232.63,11270.1,1566.78,7067.26,2014.52,6784.05,10499.7,9467.69,7016.53,10406.4,7194.68,6492.77,8907.02,7037.86,0,0,0,297,301,787,0,0,0,5223.28,4969.14,12366.9,0,0,0,0,0,0
Q8BGN3_100_H3N4F1,932,540,1171.1,0,0,0,2162.81,2175.1,28246.4,1651.33,1762.4,1062.68,738,1176.67,1042.41,0,0,0,7824.89,1288.08,4041.25,4901.62,2129.29,10315.9,0,0,0,0,0,0,3294.17,4650.49,9647.19,3093.64,2507.19,493,0,0,0,0,0,0,6197.04,4673.19,4785.73,6449.77,6838.71,3667.53
P12960_494_H5N2F1,490,883,114,1015.38,160,652,141,97.1,1591.36,0,0,0,1202.33,418,1019.07,0,0,0,123,358,269,0,0,0,1268.21,1851.67,841,769,371,351,301,643,1468.38,783,607,847,1253.86,850,713,870,705,247,0,0,0,0,0,0
P43006_205_H5N3F2,2245.55,853,661,0,0,0,238,374,1285.18,0,0,0,1483.83,1154.91,3997.14,0,0,0,630,565,481,0,0,0,2243.3,2225.56,1566.44,0,0,0,990,1770.68,1228.26,487,901,1218.67,3226.97,4625.44,5792.04,220,591,221,622,1246,1256.4,0,0,0
Q04857_211_H3N4F1,1382.33,244,166,0,0,0,0,0,0,0,0,0,0,0,0,0,0,0,0,0,0,0,0,0,0,0,0,0,0,0,0,0,0,0,0,0,0,0,0,0,0,0,0,0,0,0,0,0
P97797_168_H5N4,2660.38,2488.24,1020.44,5845.68,4882.4,5312.61,1048.47,1026.78,6555,1425.72,891,913,0,0,0,0,0,0,934,744,1234.92,4581.63,2217.62,3084.12,2660.19,395,4235.73,6069.52,20327.4,2144.51,819,5104.38,5039.01,7855.33,7877.01,8906.38,4105.97,1425.28,2741.28,0,0,0,4314.48,2492.28,1290.31,9516.51,8727.58,6719.81
Q810U3_881_H3N2F1,143,397,34.2,880,1156,424,0,0,0,0,0,0,83.3,443,1800.17,0,0,0,0,0,0,0,0,0,0,0,0,0,0,0,0,0,0,209,286,1397.75,0,0,0,0,0,0,0,0,0,0,0,0
Q810U3_881_H3N4,177,281,125,0,0,0,0,0,0,381,271,81.5,488,391,269,0,0,0,91.1,296,136,0,0,0,0,0,0,1484.61,1401.31,692,0,0,0,0,0,0,1064.31,1225.37,713,957,792,1021.3,0,0,0,1217.52,1456.85,3206.07
Q8BYI9_1261_H4N4F2,559,178,200,0,0,0,0,0,0,0,0,0,0,0,0,0,0,0,0,0,0,0,0,0,3426.48,12763.1,3302.13,1073.11,531,102,1984.64,921,5663.15,2985.8,3492.54,1078.7,819,483,847,783,429,678,2652.07,1626.62,1291.07,558,584,1247.98
Q9QZC2_149_H5N2,299,543,56.9,0,0,0,0,0,0,0,0,0,0,0,0,0,0,0,0,0,0,0,0,0,0,0,0,3240.97,2339.55,396,335,354,3101.43,906,535,469,1216.36,503,1074.32,0,0,0,469,681,484,1737.03,1225.65,1856.34
Q8BYI9_1261_H3N4F1,1019.22,1748.94,558,0,0,0,498,1014.48,1616.76,1711.6,1030.57,1490.26,216,822,260,0,0,0,105,307,259,0,0,0,1241.16,620,854,6152.13,3610.23,2283.26,4988.16,2829.51,7496.52,3342.24,4061.62,3641.11,5759.8,7037.14,6334.42,1322,1683.57,4299.41,1271.07,2216.23,1178.16,3600.17,6634.86,6177.81
P21995_118_H4N5F2,929,126,45.2,0,0,0,0,0,0,0,0,0,0,0,0,0,0,0,0,0,0,0,0,0,0,0,0,541,273,117,275,116,1117.88,0,0,0,0,0,0,143,285,872,301,196,188,0,0,0
Q9Z2G6_604_H8N2,274,702,231,859,3808.68,2844.92,119,122,1714.12,1001.07,565,355,115,352,1703.9,1127.94,854,734,163,301,234,309,626,272,1532.09,6792.45,1933.69,4439.36,2861.12,174,323,643,3500.35,1695.49,569,864,4303.01,1626.06,1662.68,2414.16,2313.61,2484,0,0,0,1819.69,1780.67,2169.44
Q9Z2G6_604_H7N2,255,1710.73,2033.28,0,0,0,0,0,0,0,0,0,1251.9,1127.42,139,0,0,0,0,0,0,0,0,0,472,1376.41,975,269,393,471,0,0,0,625,402,293,833,1447.29,1026.63,429,749,1127.86,0,0,0,0,0,0
P21995_118_H3N4F1,1838.64,815,289,0,0,0,0,0,0,437,307,210,2858.39,402,379,0,0,0,132,405,178,0,0,0,480,969,458,648,382,862,0,0,0,718,1585.39,575,452,871,1148.36,588,419,620,0,0,0,977,1772.7,1710.8
P43006_205_H5N3F1A1,2702,765,140,0,0,0,142,109,2978.63,556,191,81.8,1309.63,1248.68,1347.43,0,0,0,0,0,0,222,957,646,4482.64,4957.79,3643.52,341,582,398,405,1163.63,382,724,1374.8,1380.58,1753.8,2024.29,2834.71,0,0,0,550,561,336,738,2063.8,13940.3
Q61282_333_H3N3F1,1382.33,246,774,0,0,0,0,0,0,0,0,0,239,222,562,0,0,0,446,1044.24,2130.34,0,0,0,0,0,0,606,871,379,2504.58,1742.94,2482.93,0,0,0,1393.23,1799.79,1455.53,0,0,0,2149.06,2339.06,25697.3,0,0,0
Q9JKR6_515_H8N2,1131.92,1215.6,118,575,1049.73,661,0,0,0,1335.34,828,529,824,706,774,0,0,0,0,0,0,425,1727.12,2531.4,2028.19,2750.4,2487.13,4407.12,3988.19,1189.31,0,0,0,0,0,0,1591.07,1709.42,1713.67,1256.11,2434.32,2987.56,0,0,0,0,0,0
P13595_348_H3N3F1,84.2,131,1265.63,0,0,0,266,598,139,0,0,0,246,95.6,55.5,0,0,0,281,37.1,352,164,325,191,0,0,0,317,595,986,687,1087.13,1352,834,1256.01,209,38,76,114,0,0,0,2331.31,1508,1879.58,630,875,1851.4
P57716_434_H6N2,178,901,262,0,0,0,326,389,2129.76,548,193,573,0,0,0,0,0,0,0,0,0,0,0,0,0,0,0,430,576,414,0,0,0,550,557,147,514,1503,1641,7264.19,1484,1286,844,475,168,490,383,491
P43006_205_H7N6F2A2,2480.83,163,231,205,1559.17,688,0,0,0,0,0,0,0,0,0,0,0,0,0,0,0,295,10810.6,1211.7,9725.09,10751,10002.5,3173.64,1364.7,1394.53,747,1167.13,3811.64,6221.6,6935.56,5206.55,24558.8,200,128550,584,1020.75,1802.75,2211.79,2055.16,1006.82,0,0,0
Q61490_361_H4N4F2,3421.73,1539.26,909,2031.05,2167.87,4787.46,0,0,0,3383.31,3021.72,2274.05,803,1599.36,1046.56,0,0,0,0,0,0,2787.15,2855.15,5286.15,0,0,0,6332.64,4694.95,1280.62,1933.41,1102.14,1202.6,4084.94,1229.47,2662.5,3317.56,3519.89,759,5355.58,3699.66,3395.65,0,0,0,6035.52,11392.7,4768.77
Q80V42_38_H4N2,499,228.6,296,0,0,0,950,465,4553.72,392.5,461.3,668,176,140,127,0,0,0,466,227.4,524,657,542,673,290.7,1261.37,292.9,0,0,0,1307,1625.41,3310.78,653,1030,627,342.3,216.4,388,0,0,0,1010,1761.58,1583.42,974,1834.88,2277.27
Q80V42_38_H3N4F1,971,919,1856.09,0,0,0,1864.72,2882.87,8793.96,743,1236.62,1959.5,474,852,1531.66,0,0,0,2172.01,2640.05,2715.76,1592.34,3296.07,1852.36,0,0,0,215,166,2296.18,1193.17,1601.71,2769.98,3549.4,1373,1363,288,807,541,0,0,0,3859.7,3579.18,3670.58,3538.02,7279.24,1837.17
Q80V42_38_H3N2F1,1382,1303,2218.56,0,0,0,2260.27,1447.26,26358,638,1421,2884.62,0,0,0,0,0,0,947.4,991,938,1158,809,491,270,307,732,41,111,329,528,575,678,814,984,146,101,259,519,0,0,0,874,1240.16,1380.65,683.9,1443.09,3240.86
B9EKR1_501_H4N3F2,719,186,22.6,359,131,324,0,0,0,0,0,0,0,0,0,0,0,0,97.6,229,46.2,0,0,0,0,0,0,0,0,0,0,0,0,0,0,0,0,0,0,0,0,0,0,0,0,0,0,0
B9EKR1_497_H4N4F2,781,1492.82,793.8,0,0,0,0,0,0,0,0,0,944,195,120,0,0,0,0,0,0,0,0,0,442,971,288,0,0,0,0,0,0,0,0,0,0,0,0,0,0,0,0,0,0,1288.49,1897.76,1378.94
B9EKR1_501_H4N4F2,410,1294.5,197,1189.73,3245.91,1677.91,714,117,8239.45,0,0,0,2204.06,1607.16,1664.5,0,0,0,1813.79,6622.29,1440.4,0,0,0,0,0,0,5346.58,4593.35,2384.65,3633.55,3593.03,5217.59,1468.38,1260.83,5447.48,293,279,157,4246.11,4758.12,6199.97,6359.82,5579.1,3416.99,321,812,7216.88
B9EKR1_497_H3N3F1,212,125,51.9,0,0,0,0,0,0,0,0,0,0,0,0,0,0,0,0,0,0,0,0,0,0,0,0,0,0,0,0,0,0,0,0,0,0,0,0,0,0,0,0,0,0,0,0,0
B9EKR1_497_H3N4F1,6376.91,2554.86,1792.81,4157.06,14997.6,7207.13,1844.66,1032.19,5815.48,0,0,0,6961.3,2075.53,2152.84,0,0,0,554,2222.29,3225.04,0,0,0,0,0,0,0,0,0,116,133,675,0,0,0,0,0,0,3617.94,320,300,0,0,0,0,0,0
P11438_159_H3N5F1,2312.76,1473.4,898,0,0,0,0,0,0,0,0,0,0,0,0,0,0,0,0,0,0,0,0,0,0,0,0,0,0,0,0,0,0,5439.94,2014.56,4046.28,0,0,0,0,0,0,3510.32,5772.65,3347.28,448,1627.97,805
Q8BYI9_1261_H5N2,1600.79,494,369,0,0,0,0,0,0,257,351,240,1066.48,35.3,325,0,0,0,0,0,0,0,0,0,517,944,342,805,851,300,106,94.9,763,493,824,803,1054,1337,2309.56,537,714,1020,163,117,206,655,1954.19,858
Q61885_59_H6N3F1,1008.66,1131.81,4396.02,0,0,0,4379.29,3687.17,3747.14,4762.2,2780.92,3325.78,3206.62,1920.49,4982.72,0,0,0,5565.35,7265.43,4807.36,6951.8,6214.73,10114.1,0,0,0,0,0,0,9542.09,12759.6,17587.8,9562.93,6834.29,2301.43,1700.39,1954.51,1543.27,0,0,0,23646.7,11326,6925.29,10106.1,11993.5,12646.7
Q61885_59_H5N5F1,254,260,2823.28,0,0,0,1180.8,1965.35,4822.5,187,1279.13,1538.17,453,266,194,0,0,0,3018.06,2585.93,1173.8,1201.27,1037.68,2050.71,0,0,0,0,0,0,1199.26,1674.22,2646.72,1087.05,1059.73,989,0,0,0,0,0,0,4304.83,1683.64,1427.75,1359.2,743,9379.01
Q61885_59_H4N3F2,4040.35,2739.94,3010.09,778,854,794,1766,1342.78,857,1387.08,2230.34,4638.52,853,1672.94,1061.75,0,0,0,1391.57,1107.95,2084.1,1790.63,2261.38,2153.27,0,0,0,0,0,0,0,0,0,865,611,1666.55,0,0,0,0,0,0,3215.65,1591.52,899,825,1201.27,1265.91
Q61885_59_H5N2,472,129,2374.78,0,0,0,1919.78,1935.05,914,2158.47,848,1662.88,0,0,0,0,0,0,2500.02,3020.34,4271.59,2737.07,1321.63,2453.03,238,133,1507.19,0,0,0,1264.1,6921.37,4293.73,1838.73,2705.27,509,275,228,386,0,0,0,6160.99,5849.14,3272.47,280,4745.58,461
Q8BYI9_1261_H3N2F1,2710.91,933,4132.11,0,0,0,326,596,5226.62,2042.26,967,3681.15,830,389,1052.5,0,0,0,261,243,69,74.1,1645.43,350,6555.52,2789.3,3513.86,2325.21,3014.93,1945.13,1676.36,1763,6591.71,4577.32,6942.17,2243.49,1350,3501.64,5093.28,767,779,3242.09,2680.27,3037.08,3013.43,2825.39,7884.33,12405.5
P23818_363_H3N5,7067.17,33513.3,480,2019.25,12449.3,2394.61,0,0,0,13073.2,10828.3,7000.34,43084,57547.1,46652.8,0,0,0,0,0,0,4976.77,4805.78,6531.7,59304.4,32914,33949.9,25238.9,21231.4,1144,0,0,0,22990.9,20827.8,4226.75,55110.7,76127.1,80544,7261.53,17854.8,5088.93,0,0,0,19138.1,27590.1,55511.2
Q8BYI9_581_H4N2F1,350,892,122,227,365,686,276,220,716,93.2,282,180,345,190,1673.92,0,0,0,88.6,94,127,104,133,381,1777.5,556,1770.06,965,1588.8,827,1985.52,1518.27,5130.86,697,1714.77,368,2506.47,1454.45,3699.41,388,1779.41,578,647,942,1673.44,802,4020.98,3621.64
Q8BYI9_581_H3N3F1,274,221,171,95.7,247,588,0,0,0,189,123,95.9,357,323,839,0,0,0,0,0,0,703,282,345,2582.58,329,2207.24,3258.09,887,893,1170.09,1660.18,3698.33,721,2342.4,604,785,1013.15,2145.8,1024.41,1670.77,1832.74,776,989,1048.33,1451.13,3123.91,3485.28
Q8BYI9_581_H3N2F1,468,816,203,0,0,0,211,179,2185.21,1152.63,321,150,352,178,83.5,0,0,0,114,112,117,166,339,278,2848.45,2528.87,1613.12,1292.75,1120.93,920,529,456,368,0,0,0,2108.15,837,1445.07,397,1051.67,1599.62,711,474,1139.99,2157.4,3870.93,5041.29
P13595_450_H4N4F2,271,212,78,410,1106.49,385,0,0,0,109,114,102,1116.91,796,814,0,0,0,0,0,0,335,679,309,0,0,0,1657.25,1295.22,734,562,465,1422.75,1450.18,1050.38,1582.88,1852.95,2433.53,1986.43,648,2062.55,1402.64,1268.11,845,657,939,586,888
P70302_171_H8N2,315,1158.09,548,0,0,0,245,531,475,671,1530.93,1557.54,0,0,0,0,0,0,175,160,138,768,597,1407.47,0,0,0,0,0,0,1664.22,5028.26,8897.15,8570.06,5727.83,3805.69,0,0,0,0,0,0,0,0,0,4949.85,5457.01,3073.14
Q9DBX3_159_H6N2,61,37.9,170,118,368,182,0,0,0,637,186,189,0,0,0,0,0,0,0,0,0,48.7,692,282,0,0,0,1221.94,596,160,0,0,0,471,1097.38,1406.42,0,0,0,441,1348.81,802,0,0,0,0,0,0
P43006_205_H7N6F2A3,1936.3,1650.46,750,0,0,0,253,323,5933.4,688,517,305,0,0,0,0,0,0,0,0,0,2037.4,10122.7,1607.53,0,0,0,2215.2,1221.83,955,1021.82,423,715,7562.07,4814.55,5236.09,642,2563.3,2727.43,2106.89,1778.81,1557.3,5845.98,3406.52,820,7209.97,5826.02,16277
P11627_848_H5N2,3148.08,1968,2334.64,0,0,0,0,0,0,1015,1068,1297,2049.9,398,289,0,0,0,2130.03,1229.14,166,0,0,0,0,0,0,0,0,0,0,0,0,0,0,0,0,0,0,0,0,0,0,0,0,0,0,0
Q61885_59_H6N4F1A1,1151,640,2916.58,0,0,0,4539.22,1986.68,50998.4,1406.73,1258,1045,1032.29,613,947,0,0,0,5765.56,8450.4,5586.51,4895.02,1969.73,2717.3,231,969,3698.68,0,0,0,11598.3,11108.1,3391.22,9342.99,3556.75,810,494.4,787,2368.08,0,0,0,48625.8,23004.8,12360.8,10481,13587.2,35808.9
Q61885_59_H6N3F1A1,328,520,1630.1,0,0,0,1033,958,159,14409.5,1553.41,1865.22,583,477,1424.45,0,0,0,1581.94,3489.24,1341.77,1543.97,1787.94,2641.35,315,723,167,93.6,1367.19,659,1549.85,2908.7,5376.75,2671.79,1597.07,518,411,346,693,0,0,0,3661.59,3063.54,1941.45,5602.08,3830.57,34683.8
Q61885_59_H5N4F1A1,3418.52,1894.46,3195.67,0,0,0,2374.44,2412.8,234,194,2411.44,3404.84,820,989,2031.05,0,0,0,2570.2,4906.43,2484.29,2247.62,1508.34,4001.74,0,0,0,0,0,0,3172.59,6167.49,6172.66,2643.67,2338.85,1390.8,190,102,231,0,0,0,12178,6753.74,5594.86,3439.87,1845.81,3946.15
Q61885_59_H5N3F1A1,2566.3,1396.95,9373.73,0,0,0,4012.01,5105.56,561,725,2760.09,4990.84,977,906,2154.28,0,0,0,4770.13,3643.35,4346.73,5892.87,6921.63,6494.73,916,6713.37,1320.05,136,79.9,4243.72,4452.76,3979.77,5419.18,6537.88,2904.77,1681.33,859,905,1739.72,0,0,0,5002.65,7629.87,3373.63,9159,9200.02,37381.7
Q61885_59_H4N3F1A1,822,7312.93,11737,0,0,0,9396.09,9366.16,524,6612.11,8727.38,12667.9,674,1553.25,3959.82,0,0,0,8722.26,5843.63,8463.98,12317.8,12125.3,16792.1,338,2438.78,660,0,0,0,4735.8,1668.12,3470.2,3214.3,3359.06,2359.68,975,697,769,0,0,0,8929.83,5343.1,4216.96,11518.3,5284.38,12927.1
Q810U3_778_H4N4F2,5122.41,4963.37,2191.36,801,1408.86,1792.68,1267.05,930,2671.5,3903.14,804,1461.85,3129.27,957,5749.8,1532.41,2543.19,2892.56,690,1212.45,1513.7,981,983,2231.52,1281.5,436,1039.19,4553.49,1905.3,1422.26,2752.79,2114.25,1496.41,3359.33,1857.87,2307.49,2731.02,6880.84,1443.72,0,0,0,4477.61,1930.02,3192.68,3497.78,3938.59,31240.3
Q810U3_778_H3N4F2,592,604,141,0,0,0,0,0,0,511,170,82.2,528,170,191,0,0,0,0,0,0,0,0,0,0,0,0,0,0,0,0,0,0,0,0,0,0,0,0,0,0,0,476,528,266,279,293,2353.86
Q810U3_1047_H5N4F3,251,175,544,0,0,0,0,0,0,0,0,0,0,0,0,0,0,0,1121.26,1689.87,166,922,1223.8,568,0,0,0,0,0,0,0,0,0,0,0,0,0,0,0,1436.11,221,560,0,0,0,659,263,1381.04
Q810U3_1047_H6N3F2,3573.21,2073.38,869,139,981,840,156,1693.31,259,415,623,585,923,1742.66,613,0,0,0,688,2207.65,859,172,2580.95,458,340,76.9,532,36.8,153,30.6,0,0,0,0,0,0,574,877,333,1300.67,2027.84,1746.41,793,249.8,628,0,0,0
Q810U3_778_H3N5F1,5987.53,13648.9,7009.08,0,0,0,10278.3,8070.21,14576.8,9761.32,5976.71,6439.63,19480.3,15400.5,15428.2,0,0,0,8108.07,8957.2,12803.5,16686.7,11263.4,15696.2,0,0,0,30242.8,16751.9,57343,0,0,0,0,0,0,36177.8,33573.4,27903.7,0,0,0,0,0,0,3029.65,1760.46,3375.49
Q810U3_1047_H5N3F2,3392.09,4666.24,1370.1,1314.36,5834.62,433,703,149,866,3142.02,936,1607.57,2152.6,2656.06,2950.5,0,0,0,898,808,1489.96,2708.77,4698.68,4201.6,0,0,0,0,0,0,0,0,0,0,0,0,1026,2676.38,1662,1302.51,1415.33,2521.22,3690.8,905,876,0,0,0
P11627_848_H4N2,530,195,116,0,0,0,0,0,0,0,0,0,0,0,0,0,0,0,615,679,170,307,1642.11,47.3,0,0,0,0,0,0,0,0,0,0,0,0,0,0,0,0,0,0,0,0,0,0,0,0
Q3TCN2_520_H4N2F1,661,595,397,485,124,727,0,0,0,782,542,463,0,0,0,0,0,0,298,362,352,0,0,0,0,0,0,0,0,0,226,380,296,806,551,115,0,0,0,0,0,0,158,302,559,1048.94,417,1368.96
Q61490_167_H3N5F1,2677.88,676,5087.35,1071.36,3262.21,655,4678.5,6075.33,15610.1,381,9009.92,5615.2,5422.79,1034.06,869,0,0,0,1970.44,3712.61,3021.44,7941.92,3479.66,3698.55,7515.74,3154.8,10226,7673.53,17188.4,12489.9,8174.08,8071.92,5596.71,24525.2,16104.9,2335.93,6047.81,5714.82,7194.23,7878.33,11412.1,9187.12,7343.88,9041.83,3353.64,15009.4,13590.6,19031.7
P14426_200_H9N2,1841.73,35.9,25.9,395,316,38.2,79.9,140,165,0,0,0,0,0,0,0,0,0,0,0,0,0,0,0,0,0,0,0,0,0,0,0,0,0,0,0,0,0,0,0,0,0,0,0,0,0,0,0
P14426_200_H8N2,472,127,83.6,0,0,0,0,0,0,0,0,0,0,0,0,0,0,0,0,0,0,0,0,0,0,0,0,0,0,0,0,0,0,0,0,0,0,0,0,0,0,0,0,0,0,0,0,0
Q9Z2G6_427_H9N2,898,252,243,492,315,140,0,0,0,365,401,607,227,56.3,277,120,735,1465.45,135,499,55.8,119,413,162,0,0,0,774,335,253,0,0,0,0,0,0,790,1057.57,1247.03,167,462,91.3,240,893,209,0,0,0
P11627_670_H5N2,1357.53,753,635,0,0,0,92.3,481,393,0,0,0,0,0,0,719,193,3001.89,153,598,319,0,0,0,0,0,0,0,0,0,0,0,0,1014.14,495,220,0,0,0,2840.92,800,736,0,0,0,0,0,0
P11627_670_H3N4F1,165,978,1564.19,1778.26,1833.67,376,1202.8,912,4036.32,692,1192.39,342,2129.82,2585.68,1537.3,1044.07,666,184,1040.37,1554.36,1521.68,2403.96,966,1258.78,2806.56,4340.27,4520.07,8395.81,16317.9,6156.47,624,2451.07,1675.12,3126.2,2850.85,1728.99,2875.92,4997.56,4027.96,9438.58,10514.6,5578.09,4949.6,4432.27,1146,3601.38,6513.26,2070.17
Q9Z2G6_427_H5N2,2687.57,2260.96,154,0,0,0,0,0,0,0,0,0,343,531,725,0,0,0,0,0,0,0,0,0,715,2618.54,930,500,103,171,231,191,560,130,270,88.6,360,1141.87,708,486,666,221,209,479,281,256,781,1347.8
P01831_94_H4N5F2,2111.98,1478.11,467,0,0,0,620,567,19598.4,2070.92,1324.71,635,478,299,657,0,0,0,0,0,0,0,0,0,0,0,0,5126.9,5457.75,3090.31,10550.3,7780.5,43401.3,11261.8,11863.8,1495.79,4586.92,14332.6,5810.55,9802.17,9522.41,9076.74,2045.63,2004.25,3065.63,10789.4,14473.8,13002.4
Q3TDQ1_620_H9N2,1358.35,1399.36,449,0,0,0,0,0,0,659,110,270,382,462,1470.33,0,0,0,1358.47,2579.97,1027.19,1056.6,2284.41,2301.8,0,0,0,0,0,0,153,286,273,0,0,0,0,0,0,0,0,0,0,0,0,0,0,0
O54991_805_H8N2,822,2728.61,1185.52,0,0,0,0,0,0,1212.92,613,2083.01,295,1438.22,5665.9,0,0,0,1033.32,1093.26,456,598,743,1793.73,0,0,0,344,436,75.9,970,853,3077.67,0,0,0,4138.8,3531.74,3113.47,282,954,886,6512.2,3984.04,2599.35,0,0,0
Q80X71_184_H6N2,1325.37,233,137,431,965,934,317,123,235,0,0,0,0,0,0,0,0,0,0,0,0,0,0,0,1282.42,1997.13,1996.39,619,1319.08,703,0,0,0,0,0,0,0,0,0,277,313,534,0,0,0,109,787,337
Q80X71_184_H4N2,2016.55,90.5,31.6,0,0,0,0,0,0,0,0,0,0,0,0,0,0,0,0,0,0,0,0,0,0,0,0,0,0,0,0,0,0,0,0,0,0,0,0,0,0,0,0,0,0,0,0,0
O35114_122_H6N2,1942.81,253,1847.1,2589.02,2650.06,1476.46,0,0,0,1948.67,617,1159.51,1848.06,149,185,0,0,0,132,714,179,0,0,0,264,44.4,1046.19,787,685,659,3210.83,3772.09,1179.1,513,261,1194.02,0,0,0,0,0,0,4624.53,7014.56,3681.93,0,0,0
P08113_217_H9N2,1863.3,1223.62,569,153,122,292,0,0,0,1882.33,627,434,0,0,0,0,0,0,352,464,367,248,1091.11,1040.38,0,0,0,0,0,0,0,0,0,243,567,236,0,0,0,0,0,0,0,0,0,676,1040.5,2652.28
Q62059_330_H3N2F1,188,207,357,0,0,0,323,2008.48,377,928,2177.6,627,0,0,0,0,0,0,190,1431.1,696,0,0,0,0,0,0,0,0,0,0,0,0,0,0,0,0,0,0,0,0,0,0,0,0,0,0,0
O09117_72_H6N3F1A1,472,131,358,0,0,0,205,263,1378.29,437,671,211,0,0,0,0,0,0,294,1631.97,1149.69,961.1,4586.75,1903.62,0,0,0,0,0,0,1636.66,3397.41,8897.15,5440.49,2501.25,960,0,0,0,0,0,0,539,377,545,4213.83,8242.44,1397
P97798_670_H3N5F1,740,160,393,0,0,0,93.4,59,625,0,0,0,0,0,0,0,0,0,0,0,0,0,0,0,0,0,0,0,0,0,532,618,627,0,0,0,0,0,0,0,0,0,261,180,222,0,0,0
P97798_670_H3N4F1,535,734,117,0,0,0,0,0,0,686,265,291,0,0,0,0,0,0,0,0,0,0,0,0,0,0,0,0,0,0,1980.28,474,1057.61,0,0,0,0,0,0,0,0,0,0,0,0,0,0,0
P23819_370_H5N2,3009.66,2183.08,471,1955.25,4383.47,1487.86,0,0,0,0,0,0,0,0,0,0,0,0,0,0,0,0,0,0,0,0,0,0,0,0,0,0,0,0,0,0,0,0,0,0,0,0,0,0,0,0,0,0
Q91ZX7_4126_H5N2,1237.37,3837.6,555,0,0,0,0,0,0,7618.11,1203.45,2413.67,701,1251.71,960,0,0,0,321,1132.39,290,0,0,0,0,0,0,4134.1,2402.31,1505.76,2262.39,1789.14,7041.46,8565.12,14183.7,4520.28,5170.27,9242.19,6521.64,0,0,0,3328.03,3640.52,1648.04,6950.06,4939.44,632
P14231_96_H6N2,1825.07,1260.78,1294,231,924,428,519,1179,3970.4,0,0,0,1061,1267.91,3311.48,0,0,0,2370.36,2413.81,2465.31,329,130,1871.38,1618.19,907,1104.96,6605.09,5863.25,3684.71,19959,17754.1,31634.4,7306.91,8160.2,36408.5,28862.3,10296.8,9695.15,7122.01,10137.2,7211.4,40076.6,21753.6,11401.4,17978.3,36470.1,48229.1
P14231_96_H5N2,1076.85,396.1,999,0,0,0,0,0,0,0,0,0,0,0,0,0,0,0,292.9,376.8,680.1,0,0,0,0,0,0,3046.39,3079.72,1954.63,5032.4,3994.57,6818.25,5229.95,5609.24,10337.7,9504.34,6351.69,3386.96,1370.06,2554.65,2031.27,8394.77,4234.3,624,11574.8,9578.88,20964.1
O54991_277_H7N2,461,98.7,50.1,0,0,0,0,0,0,298,47.1,21.1,156,116,101,0,0,0,144,75.8,44.8,0,0,0,0,0,0,0,0,0,0,0,0,0,0,0,0,0,0,0,0,0,96.6,159.2,771,0,0,0
P43006_215_H7N6F3A2,4587.15,186,70.6,1033.72,186,336,0,0,0,214,635,265,609,682,1652.77,0,0,0,364,989,168,558,7633.57,730,0,0,0,1525.8,3676.68,417,830,1519.07,9050.05,5552.79,1666.36,799,0,0,0,399,599,3208.23,2396.26,2838.11,460,9651.23,16050.7,705
Q8BXQ2_331_H5N2,380,974,207,773,1400.74,1659.53,0,0,0,313,339,348,1929.65,782,1213.6,588,620,996,292,541,375,0,0,0,4341.29,2537.38,4754.27,2396.06,2322.76,1659.24,679,1889.69,1533.2,0,0,0,1909.67,2828.43,2968.85,1693.57,1329.49,3920.09,1015.42,989,804,0,0,0
Q810U3_752_H3N4F1,498,992,320,1550.8,793,1824.06,502,540,17485,0,0,0,1896.27,1623.62,680,0,0,0,0,0,0,557,1510.78,606,3982.99,9469.21,9725.68,5825.28,2631.27,2503.31,2582.72,619,1443,4005.77,4581.13,2439.44,3825.36,6718.79,6627.08,9200.77,5336.89,7979.11,935,750,2749.58,0,0,0
P35438_203_H5N2,2104.44,19879.7,1363,978,2324.28,1439.56,0,0,0,0,0,0,35102.5,16472.7,14993.1,0,0,0,0,0,0,739,3172.41,880,437,423,111216,0,0,0,351,75.9,232,449,86.8,283,0,0,0,0,0,0,0,0,0,233,325,2832.57
P15209_95_H8N2,811,160,105,0,0,0,0,0,0,276,81.3,78.9,0,0,0,0,0,0,0,0,0,0,0,0,0,0,0,3358.31,2577.9,632,0,0,0,0,0,0,0,0,0,2074.91,2077.86,2761.35,458,811,286,0,0,0
P15209_95_H7N2,344,309,63,0,0,0,0,0,0,251,221,80.3,0,0,0,0,0,0,0,0,0,0,0,0,0,0,0,1150.13,763,1709.02,276,207,1356.95,0,0,0,218,419,526,438,207,739,211,173,286,0,0,0
P15209_95_H6N2,666,46.9,48.6,0,0,0,0,0,0,123,155,41.8,0,0,0,0,0,0,0,0,0,0,0,0,0,0,0,135,343,184,0,0,0,0,0,0,0,0,0,0,0,0,0,0,0,0,0,0
Q7TS74_430_H5N2,2642.92,4201.51,2588.33,0,0,0,17061.7,21843.3,65219.2,4906.77,19991.1,4382.17,1841.17,2399.08,2866.66,0,0,0,9009.68,7753.28,5901.19,3973.8,5919.12,6821.12,0,0,0,0,0,0,3942.82,1841.05,2338.04,217,188,177,0,0,0,0,0,0,1254.21,7335.46,1460.76,0,0,0
Q9JKR6_830_H6N2,5231.15,1405,357,17941.7,1087.22,12199,1139.66,485,4558.82,527,2993.78,1554.96,6389.65,7743.01,3063.83,2936.17,7855.15,936,1878.41,2653.88,1592.24,1660.85,1411.29,690,0,0,0,0,0,0,1248.34,139,23.3,0,0,0,0,0,0,0,0,0,0,0,0,0,0,0
Q9JKR6_830_H5N2,520,832,383,0,0,0,0,0,0,132,629,531,0,0,0,1483.71,354,535,0,0,0,322,105,77.8,0,0,0,0,0,0,0,0,0,0,0,0,0,0,0,0,0,0,0,0,0,0,0,0
P63137_104_H5N2,1649.32,928,208,3684.19,3011.04,596,0,0,0,639,399,417,0,0,0,0,0,0,0,0,0,0,0,0,0,0,0,0,0,0,0,0,0,0,0,0,0,0,0,0,0,0,0,0,0,0,0,0
Q8VEK0_297_H3N5,286,412,167,537,749,381,0,0,0,835,135,197,0,0,0,0,0,0,305,656,263,0,0,0,0,0,0,0,0,0,3093.86,540,4944.87,0,0,0,495,407,208,0,0,0,639,848,661,0,0,0
P14231_220_H5N4F3,658,197,178,0,0,0,344,34.4,1888.79,0,0,0,0,0,0,0,0,0,113,241,94.7,0,0,0,0,0,0,0,0,0,0,0,0,0,0,0,554,78.5,250,0,0,0,288,110,353,0,0,0
P14231_220_H6N3F1,153,502,140,0,0,0,0,0,0,1833.26,115,149,0,0,0,0,0,0,99.8,492,129,0,0,0,0,0,0,0,0,0,0,0,0,0,0,0,0,0,0,0,0,0,429,349,170,0,0,0
Q8VBZ3_241_H8N2,2926.39,222,48.6,0,0,0,0,0,0,0,0,0,0,0,0,0,0,0,0,0,0,0,0,0,0,0,0,0,0,0,0,0,0,0,0,0,0,0,0,0,0,0,0,0,0,0,0,0
Q924Z4_19_H6N2,365,38.9,235,0,0,0,0,0,0,0,0,0,0,0,0,0,0,0,175,265,366,0,0,0,0,0,0,0,0,0,0,0,0,0,0,0,0,0,0,0,0,0,0,0,0,0,0,0
P09470_514_H9N2,1704.79,1032.93,585,0,0,0,0,0,0,0,0,0,0,0,0,0,0,0,133,233,53.3,715,1468.33,2974.33,0,0,0,197,98.9,1546.24,2688.28,4105.83,7935.36,699,854,585,250,1512.82,477,0,0,0,758,4117.26,413,0,0,0
Q64676_442_H9N2,567,1246.77,427,0,0,0,1289,600,12399.5,1651.33,1360.53,1100.91,0,0,0,0,0,0,1804.3,1770.12,1536.09,1780.18,4401.47,1623.01,695,1676.09,1429.6,277,304,409,0,0,0,734.9,1078,808.7,225,394,718,207,314,92.7,2905.13,3792.5,1421.65,971,2326.81,964
Q62443_193_H5N5F3,4835.87,3415.38,2209.21,0,0,0,0,0,0,1023.64,715,364,0,0,0,0,0,0,0,0,0,0,0,0,7138.68,17873,3542.46,0,0,0,0,0,0,0,0,0,2689.37,3008.87,2088.68,2700.2,3913.18,2754.59,0,0,0,0,0,0
Q62443_193_H4N4F2,8443.88,3326.49,1173.41,0,0,0,0,0,0,0,0,0,3259.48,2207.91,5346.83,0,0,0,0,0,0,0,0,0,6301.13,3757.64,3305.11,0,0,0,0,0,0,1274.17,615,2028.42,2634.27,2867.59,2571.31,0,0,0,0,0,0,0,0,0
P43006_205_H6N5F3,1813.96,1066.63,357,1113,2921.04,3179.37,0,0,0,0,0,0,2744.77,1333.19,913,0,0,0,0,0,0,0,0,0,6023.15,24144.6,5079.97,7816.44,7207.66,607,468,1240,2479.8,4912.86,4502.85,4024.55,3253.69,3523.23,7555.67,8546.19,3919.3,7024.32,2483.48,1651,2206.5,1019.7,673,2408.73
Q9D6F4_144_H6N2,324,383,361,0,0,0,0,0,0,1319.84,376,554,943,1744.41,1108,1603.57,1637.45,2267.5,0,0,0,1325,3970.14,2480.23,1577.15,5987.44,4417.67,0,0,0,490,253,3728.28,3650.84,2744.36,1644.59,3258.62,2166.25,1836.66,5609.18,5277.51,6472.2,0,0,0,399,296,2353.86
P21661_523_H7N2,109,3744.28,373,1797.03,990,2774.51,0,0,0,21474.2,2395.58,1852.7,0,0,0,0,0,0,0,0,0,0,0,0,0,0,0,351,648,528,6088.08,10069.5,5987.97,4567.43,5501.41,6978.16,472,2746.34,440,833,546,684,0,0,0,0,0,0
Q91X78_108_H9N2,391,254,163,514,576,682,0,0,0,447,1291.48,242,1168.86,779,1441.72,0,0,0,151,404,203,1128.59,1681.99,1973.21,843,3632.09,541,1694.51,712,143,171,459,811,2991.32,2210.07,742,1002.84,1447.93,1527.21,1108.05,1612.69,2906.72,572,411,481,1512.84,651,933
Q64455_398_H5N2,200,576,142,172,1024.11,207,1140.34,88,769,415,170,285,366,232,798,0,0,0,0,0,0,138,312,365,0,0,0,405,207,355,85.6,74.5,377,314,449,394,768,895,450,0,0,0,441,55.7,182,0,0,0
Q810U3_752_H4N5F2,777,384,641,0,0,0,0,0,0,1015.22,232,476,3733.32,575,359,0,0,0,0,0,0,124,664,222,0,0,0,983,566,522,2128.84,975,3030.92,805,842,196,1540.18,649,749,540,1298.41,822,3737.47,2401.95,370.4,1965.49,70.9,1136.4
Q9Z218_258_H3N4,538,814,271,0,0,0,554,162,3145.78,1782.2,740,487,4436.41,233,298,0,0,0,425,1409.42,488,0,0,0,2604.41,2099.96,3138.72,2644.66,1948.26,1278.55,1609.48,1092.95,1587.71,1292.28,433,1463.11,1235.52,1516.83,2809.71,902,464,2014.01,1369.59,3089.52,2145.54,869,1351.41,5244.18
P14094_193_H7N6F1A5,8078.39,330,236,4172.42,5095.03,4761.2,382,117,1471.34,1840.34,795,218,1703.95,914,1199.03,0,0,0,813,3430.98,447,0,0,0,0,0,0,0,0,0,0,0,0,0,0,0,0,0,0,0,0,0,0,0,0,0,0,0
Q8VEK0_297_H5N4,186,296,373,0,0,0,0,0,0,0,0,0,341,826,401,0,0,0,0,0,0,0,0,0,0,0,0,0,0,0,0,0,0,0,0,0,0,0,0,0,0,0,0,0,0,0,0,0
P23818_363_H3N4,41637.5,18657.6,1039.59,4873.02,9609.98,7698.84,0,0,0,15038.5,1501.42,1382.03,32597.6,26844.2,20034.6,0,0,0,0,0,0,0,0,0,380,567,413,0,0,0,440,123,3809.49,1114,746,1002,40024.9,20912.3,42339.3,433,657,1712.63,0,0,0,0,0,0
Q810U3_877_H3N4F1,3704.57,278,226,0,0,0,0,0,0,0,0,0,0,0,0,0,0,0,0,0,0,0,0,0,0,0,0,213,946,1216.52,0,0,0,0,0,0,0,0,0,0,0,0,0,0,0,0,0,0
P18242_261_H3N2F1,290,456,310,5265.14,1798.65,946,0,0,0,0,0,0,0,0,0,0,0,0,0,0,0,0,0,0,0,0,0,0,0,0,0,0,0,0,0,0,0,0,0,0,0,0,0,0,0,0,0,0
P43006_215_H6N5F2A1,2340.61,380,641,0,0,0,0,0,0,0,0,0,669,392,1709.67,0,0,0,0,0,0,0,0,0,0,0,0,0,0,0,1718.6,548,784,1395.55,1640.74,1257.93,0,0,0,0,0,0,0,0,0,1174.08,2321.33,5100.55
Q9Z218_410_H4N5F2,2938.76,914,398,0,0,0,0,0,0,0,0,0,1860.58,757,2018.39,0,0,0,0,0,0,2218.01,342,1409.67,0,0,0,0,0,0,120,844,235,0,0,0,1367.64,824,1393.45,0,0,0,0,0,0,0,0,0
Q810U4_501_H5N4,64.3,172,679,73.9,230,96.8,0,0,0,0,0,0,198,327,165,617,511,240,0,0,0,0,0,0,0,0,0,0,0,0,0,0,0,254,92,171,0,0,0,0,0,0,0,0,0,0,0,0
P14094_193_H6N5F2A3,8448.64,857,302,515,719,632,814,851,9501.58,0,0,0,10206.9,10043.6,8862.57,2051.57,326,498,1248.17,2799.25,661,2181.91,4080.25,5794.19,0,0,0,0,0,0,0,0,0,0,0,0,0,0,0,0,0,0,0,0,0,0,0,0
P97300_196_H5N4F2,465,631,415,20059.4,47211.3,72803.6,6966.45,9344.4,81456.6,0,0,0,26221,28212.5,28656,0,0,0,3000.28,11233.9,5532.42,10237.2,10642.2,12676.1,45878.5,53719.3,47038.7,104509,114515,28442.7,0,0,0,0,0,0,0,0,0,0,0,0,0,0,0,84924.9,12096.7,80775.9
P15209_241_H5N3F1,1506.99,389,641,1382.61,678,794,0,0,0,0,0,0,1371.35,724,431,0,0,0,0,0,0,0,0,0,0,0,0,277,885,78.4,0,0,0,0,0,0,0,0,0,318,439,1118.03,0,0,0,0,0,0
P35438_440_H8N2,291,612,353,214,398,422,0,0,0,0,0,0,850,628,1143.19,0,0,0,0,0,0,0,0,0,1326.87,5061.09,2159.39,852,1889.21,386,283,213,1712.74,367,710,1068.38,1805.42,1759.39,1694.29,494,764,1330.92,0,0,0,0,0,0
Q01097_348_H5N2,684,179,881,164,575,1010.35,0,0,0,0,0,0,692,840,191,0,0,0,0,0,0,251,155,178,900,925,1662.92,947,1196.69,1331.42,0,0,0,677,439,957,976,842,868,802,1309.7,250,0,0,0,0,0,0
Q810U3_1047_H5N3F1,1243.03,710,1489.34,1057.36,1100.99,1061.68,0,0,0,0,0,0,731,288,1147.73,0,0,0,0,0,0,0,0,0,193,1940.14,198,0,0,0,87.1,164,76,0,0,0,712,537,397,71.6,304,202,1279,772,550,743,784,7285.6
O88307_1895_H9N2,1280.85,781,114,607,1067.09,1274.6,0,0,0,0,0,0,0,0,0,0,0,0,0,0,0,0,0,0,0,0,0,0,0,0,0,0,0,0,0,0,410,1051.18,859,0,0,0,239,522,265,0,0,0
Q62443_193_H8N2,10097.9,2033.09,1364.77,1187.78,2325.93,1392.57,0,0,0,0,0,0,5419.65,2555.16,3095.08,0,0,0,0,0,0,0,0,0,1772.81,1389.78,5580.45,0,0,0,0,0,0,0,0,0,1843.83,1400.94,1207.35,0,0,0,0,0,0,0,0,0
P23818_363_H3N3,1770.94,1337.44,392,248,133,181,0,0,0,0,0,0,1135.4,277,876,0,0,0,0,0,0,0,0,0,0,0,0,512,502,623,0,0,0,160,354,1444.65,0,0,0,449,633,525,0,0,0,183,393,596
P35438_368_H9N2,2373.58,234,103,0,0,0,0,0,0,0,0,0,332,218,759,1294.32,101,731,0,0,0,0,0,0,0,0,0,427,855,674,0,0,0,971,1004.3,1303.51,1676.61,1493,2034.24,1054.21,429,1438.9,0,0,0,0,0,0
P35438_771_H6N2,231,2008.97,335,940,2650.52,1249.23,0,0,0,0,0,0,1561.65,482,1519.83,0,0,0,0,0,0,0,0,0,0,0,0,1000,1204,1028,0,0,0,0,0,0,3474.44,2128.29,4277.31,0,0,0,0,0,0,0,0,0
P55066_121_H4N2,646,989,1152.95,1973.71,2407.51,2210.25,0,0,0,0,0,0,861,644,928,0,0,0,0,0,0,1190.44,1858.55,2284.34,3846.23,1264.75,3553.63,3171.74,724,2792.34,0,0,0,1041.21,1472.93,1751.49,3965.16,4023.71,5147.02,0,0,0,0,0,0,2836.22,4480.67,5890.32
Q6AXF6_83_H8N2,996,446.3,410.5,0,0,0,0,0,0,0,0,0,586,691,399,0,0,0,0,0,0,0,0,0,262,326,885,353,404,183,0,0,0,0,0,0,282,255,202,784,310,324,0,0,0,0,0,0
P35436_443_H3N5F1,1547.11,5801.7,176,0,0,0,0,0,0,0,0,0,3162.67,1687.43,4599.36,0,0,0,0,0,0,0,0,0,5768.71,4651.57,9600.9,5309.67,4308.91,411,345,319,2753.19,0,0,0,10137.1,7203.25,9516.19,579,3534.77,3183.29,297,668,853,0,0,0
Q8BHJ7_145_H6N2,370,133,224,0,0,0,0,0,0,0,0,0,1056.68,385,675,0,0,0,0,0,0,0,0,0,0,0,0,0,0,0,0,0,0,0,0,0,0,0,0,0,0,0,0,0,0,0,0,0
P23818_363_H8N2,754,193,489,0,0,0,0,0,0,0,0,0,721,946,1301.47,0,0,0,0,0,0,0,0,0,776,1963.01,802,823,244,345,0,0,0,0,0,0,2955.92,3190.84,2979.08,474,490,373,0,0,0,0,0,0
Q8K2C7_177_H6N2,613,315,1497.08,0,0,0,0,0,0,0,0,0,0,0,0,0,0,0,0,0,0,0,0,0,0,0,0,0,0,0,0,0,0,0,0,0,0,0,0,0,0,0,0,0,0,0,0,0
P09470_514_H8N2,350,328,236,0,0,0,0,0,0,0,0,0,0,0,0,0,0,0,0,0,0,0,0,0,0,0,0,0,0,0,836,2051.24,7928.73,1098.36,1204.07,3148.22,0,0,0,0,0,0,215,3132.1,257,0,0,0
P57716_44_H10N2,121,213,251,0,0,0,0,0,0,0,0,0,0,0,0,0,0,0,0,0,0,0,0,0,0,0,0,0,0,0,0,0,0,0,0,0,0,0,0,0,0,0,0,0,0,0,0,0
P35438_771_H5N2,1873.38,1797.93,1232,0,0,0,0,0,0,0,0,0,0,0,0,0,0,0,0,0,0,0,0,0,0,0,0,0,0,0,0,0,0,0,0,0,0,0,0,0,0,0,0,0,0,0,0,0
P97300_196_H7N4F3,0,0,0,424,845,436,0,0,0,0,0,0,0,0,0,6181.18,1058.26,1509.61,0,0,0,0,0,0,0,0,0,1175.57,801,917,0,0,0,0,0,0,0,0,0,0,0,0,0,0,0,0,0,0
P17047_280_H5N2,0,0,0,296,5941.37,446,267,170,3162.16,0,0,0,0,0,0,0,0,0,135,140,119,0,0,0,0,0,0,1009.4,1836.11,1071.82,1182.38,2430.83,1427.79,2070.57,1083.82,980,1158.24,817,1494.92,826,729,1833.86,883,1551.18,1226.6,0,0,0
P97797_92_H4N2,0,0,0,133,327,463,0,0,0,0,0,0,27763.5,27754.7,38969.2,1514.37,293,1800.61,239,164,57.9,20836.5,19713,74741.2,0,0,0,4144.8,3916.73,810,1693,2187.06,5569.38,2194.08,4750.19,3781.29,22469.6,29046.7,48124.7,17771.7,97741.9,20553,1001,819,1060,2372.46,1499,4940.38
P97300_196_H3N2,0,0,0,166,391,164,0,0,0,0,0,0,255,316,405,316,379,373,83.1,122,36.6,0,0,0,424,585,442,0,0,0,0,0,0,406,956,278,359,244,301,0,0,0,0,0,0,0,0,0
P97300_196_H5N3F2,0,0,0,1382.73,181,165,0,0,0,3556.95,1319.96,1781.86,357,320,612,0,0,0,0,0,0,2616.79,11924.5,3500.85,609,1147.05,999,1011.14,862,611,0,0,0,2396.68,2339.44,2530.73,763,600.7,1146,979,891,617,3812.5,3702.47,3203.95,0,0,0
P26049_163_H8N2,0,0,0,6301.66,11838.7,12058.7,0,0,0,1617.67,822,856,0,0,0,11436.3,10645.9,37478.4,0,0,0,607,3730.81,734,0,0,0,27293.7,2863.03,1380.23,1665.87,3265.47,16963.5,3063.04,3628.54,1093.89,12227.5,6192.35,5280.19,12362,21645.5,8462.28,1072.47,1799.06,1014.4,0,0,0
Q80TS3_676_H4N2,0,0,0,141,44,304,0,0,0,0,0,0,241,120,124,1105.1,305,73.6,0,0,0,41.8,43.5,66.8,0,0,0,162,110,70.4,0,0,0,0,0,0,168,35,62.9,79.8,55.3,686,0,0,0,92.8,292,127
Q2WF71_343_H5N2,0,0,0,1533.27,5083.15,1504.04,0,0,0,0,0,0,0,0,0,0,0,0,0,0,0,0,0,0,0,0,0,0,0,0,0,0,0,0,0,0,0,0,0,0,0,0,0,0,0,0,0,0
Q80TS3_676_H5N4F2,0,0,0,380,753,918,0,0,0,0,0,0,0,0,0,0,0,0,0,0,0,0,0,0,0,0,0,532,240,184,0,0,0,0,0,0,0,0,0,0,0,0,0,0,0,0,0,0
Q80TS3_676_H4N3F1,0,0,0,234,924,238,0,0,0,0,0,0,0,0,0,0,0,0,0,0,0,0,0,0,0,0,0,203,398,407,0,0,0,0,0,0,0,0,0,0,0,0,0,0,0,0,0,0
Q61220_56_H8N2,0,0,0,2263.19,5979.61,2994.03,0,0,0,0,0,0,2207.76,1655.02,1541.12,0,0,0,0,0,0,0,0,0,0,0,0,0,0,0,0,0,0,0,0,0,2151.58,1412.69,2753.3,0,0,0,0,0,0,0,0,0
Q61220_56_H9N2,0,0,0,337,1549.05,872,0,0,0,0,0,0,0,0,0,725,577,584,0,0,0,0,0,0,0,0,0,0,0,0,0,0,0,0,0,0,0,0,0,0,0,0,0,0,0,0,0,0
P15209_241_H3N5F1,0,0,0,533,453,775,0,0,0,0,0,0,1068.71,359,431,819,1028.14,1012.35,0,0,0,0,0,0,0,0,0,0,0,0,0,0,0,0,0,0,0,0,0,0,0,0,0,0,0,0,0,0
P97300_196_H6N3F1A1,0,0,0,1324.65,1653.52,495,0,0,0,0,0,0,0,0,0,14163.9,948,3861.49,0,0,0,0,0,0,1692.05,8285.48,5193.29,2028.77,4882.12,2092.03,0,0,0,0,0,0,0,0,0,1771.39,3652.23,1926.02,0,0,0,1908,2074.65,1555.65
Q80TS3_676_H3N4F1,0,0,0,1142.13,448,1587.41,423,137,119,337,146,329,0,0,0,237,410,342,0,0,0,0,0,0,0,0,0,1093.58,3212.97,482,0,0,0,349,307,459,0,0,0,2367.24,1278.99,987,555,875,484,1695.55,1443.92,4127.63
Q810U4_217_H5N4F1,0,0,0,597,549,572,0,0,0,0,0,0,0,0,0,713,1371.77,1023.23,0,0,0,445,306,365,0,0,0,919,1282.75,414,435,258,1192.43,767,474,235,0,0,0,509,1384.64,744,0,0,0,0,0,0
Q810U4_217_H4N4F1,0,0,0,368,381,522,0,0,0,0,0,0,767,207,283,0,0,0,0,0,0,0,0,0,0,0,0,861,815,2077.75,209,556,294,436,243,596,0,0,0,0,0,0,0,0,0,0,0,0
O89023_209_H5N2,0,0,0,72.2,143,135,0,0,0,0,0,0,123,170,94.8,665,146,242,0,0,0,65.6,216,147,0,0,0,152,132,76.6,0,0,0,0,0,0,0,0,0,0,0,0,0,0,0,0,0,0
P11881_2503_H6N2,0,0,0,605,331,209,0,0,0,432,864,852,0,0,0,0,0,0,0,0,0,0,0,0,0,0,0,0,0,0,0,0,0,4081.99,6017.29,22517.7,2106.75,962,595,1310.81,2016.73,1492.57,0,0,0,0,0,0
Q9QZC2_717_H5N2,0,0,0,468,1185.95,706,0,0,0,0,0,0,602,379,432,663,675,612,0,0,0,0,0,0,508,454,1175.68,692,473,541,408,226,759,318,275,756,902,624,565,571,1716.15,762,436,556,418,0,0,0
P97300_228_H7N2,0,0,0,1060.82,503,590,0,0,0,237,107,50.5,143,291,407,428,858,2010.85,0,0,0,131,244,447,2256.63,3510.3,1133,2823.07,3822.1,3149.84,0,0,0,5920.78,5211.91,1273.33,1417,568,980,4132.73,2063.03,1142,0,0,0,6027.51,4390.35,5128.89
Q9ER58_225_H8N2,0,0,0,87.7,166,326,0,0,0,0,0,0,329,173,349,480,302,598,58.6,302,67.9,196,420,379,0,0,0,364,314,989,66.1,43.5,1530.12,578,415,552,0,0,0,220,278,868,173,155,241,485,161,1136.4
O88307_1608_H4N2,0,0,0,184,632,347,0,0,0,0,0,0,0,0,0,0,0,0,0,0,0,0,0,0,0,0,0,0,0,0,0,0,0,0,0,0,0,0,0,0,0,0,122,99.5,136,0,0,0
P97300_228_H6N2,0,0,0,298,250,1315.77,38.9,281,127,202,41.4,186,141,122,513,818,339,170,0,0,0,461,333,263,2444.4,3060.4,14527.3,2281.71,2185.88,444,720,550,2775.3,3336.39,4308.04,1983.42,1001,727.7,1037,2366.37,1813,2454.97,532,572,341,3291.19,3693.12,4877.52
P24638_167_H9N2,0,0,0,481,1290.88,1374.33,0,0,0,0,0,0,0,0,0,869,481,865,0,0,0,530,674,547,1064.09,1635.09,1006.55,783,710,686,490,491,421,720,1040.14,477,1039.19,774,855,0,0,0,810,602,625,0,0,0
Q640R3_189_H6N3F2,0,0,0,7186.38,9247.49,2713.04,4062.97,6321.5,46025,13480.9,1936.57,7635.67,0,0,0,188411,4919.42,17729,0,0,0,5325.71,15916.8,7466.66,0,0,0,0,0,0,0,0,0,0,0,0,21957.2,13407.6,12011.2,6869.79,12171.5,4622.38,590,371,545,0,0,0
P70207_163_H6N2,0,0,0,1046.32,1061.98,646,0,0,0,137,465,270,527,530,571,1113.83,1308.89,408,0,0,0,108,372,249,1043.52,1454.66,2234.04,2691.59,4268.5,348,375,456,3931.62,1070.04,967,530,1804.36,170,216,3236.58,2755.3,2525.49,258,434,396,285,145,1136.4
P26048_138_H7N2,0,0,0,10569.7,13082,13059.2,0,0,0,5851.29,3857.96,3202.88,2799.7,6167.02,9705.07,4874.59,5821.75,4904.53,0,0,0,3754.93,4523.75,1343.18,4497.53,8870.08,2933.61,8994.14,7140.02,1566.28,1324.82,1587.72,5423.58,6183.12,5986.93,11839,9580.87,6668.32,4129.26,4947.19,9181.88,6893.08,4358.92,2877.16,969,17205,10092.1,21160.8
O35684_321_H8N2,0,0,0,264,1478.98,564,0,0,0,0,0,0,0,0,0,701,1131.11,3222.41,0,0,0,0,0,0,706,3199.41,1222.47,3040.78,3021.64,7603.81,264,256,3362.95,0,0,0,209,646,527,1839.95,2214.72,2338.15,699,493,341,0,0,0
P15209_254_H3N5F1,0,0,0,817,1146.1,627,0,0,0,0,0,0,0,0,0,0,0,0,0,0,0,0,0,0,0,0,0,908,2784.87,443,545,303,1885.06,969,1070.71,458,1342,777,601,2212.93,1303.74,966,946,510,331,0,0,0
Q8BXA5_91_H5N2,0,0,0,795,1269.41,625,275,131,949,0,0,0,0,0,0,1058.44,746,458,0,0,0,733,798,1041.46,0,0,0,1807.27,1188.94,757,0,0,0,1408.04,1333.72,333,580,517,1032.3,1229.09,621,879,538,533,283,1784,1144.75,1789.7
P29533_225_H3N2F1,0,0,0,1458.02,1702.56,892,0,0,0,791,321,191,0,0,0,303,133,159,0,0,0,0,0,0,0,0,0,624,927,361,0,0,0,517,509,498,300,424,1562.36,1018.7,713,427,0,0,0,223,171,658
Q8BYW9_354_H6N2,0,0,0,523,416,568,0,0,0,0,0,0,0,0,0,0,0,0,0,0,0,0,0,0,0,0,0,1033.86,710,193,341,213,766,414,309,328,320,254,203,574,1164.05,673,0,0,0,0,0,0
Q9JKR6_922_H6N2,0,0,0,143,654,280,56.6,266,214,0,0,0,0,0,0,0,0,0,0,0,0,0,0,0,0,0,0,0,0,0,0,0,0,0,0,0,0,0,0,0,0,0,0,0,0,0,0,0
Q91ZX7_2128_H3N4F1,0,0,0,3125.06,5025.73,2556.18,0,0,0,0,0,0,2615.98,3538.26,11810.8,0,0,0,0,0,0,0,0,0,0,0,0,10524.5,22978.6,3233.71,3699.53,3655.41,11886.2,6274.81,7641.57,3954.48,6307.48,5445.54,9707.65,7390.8,9037.65,7554.13,4255.98,3171.64,3637.45,7893.08,10960.2,7992.39
P35438_440_H7N2,0,0,0,325,499,502,0,0,0,0,0,0,385,1849.83,1046.35,663,666,21.9,0,0,0,0,0,0,2225.39,7007.91,1267.93,1235.29,3030.38,410,636,388,4006.83,158,474,332,3889.51,1892.72,1677.73,199,1276.44,506,570,515,353,0,0,0
Q9R0M0_2061_H7N2,0,0,0,710,425,178,0,0,0,979,71.4,47.5,0,0,0,413,270,257,0,0,0,0,0,0,206,1019.92,265,428,297,467,0,0,0,287,772,604,268,307,274,366,266,358,0,0,0,473,378,446
Q9R0M0_2061_H5N2,0,0,0,354,422,1530.29,0,0,0,0,0,0,0,0,0,0,0,0,145,807,92.3,0,0,0,0,0,0,3264.94,1634.7,244,572,681,2414.21,2666.8,1650.74,743,3028.03,2494.27,3012.4,2624.43,2020.26,761,1085.9,982,866,0,0,0
Q99JP7_523_H5N2,0,0,0,764,907,399,226,926,920,0,0,0,709,853,1275.61,0,0,0,583,632,472,236,949,328,1483.73,6971.46,16725.3,3762.06,2297.73,880,2182.77,1677.21,5751.61,2467.29,3271.17,3304.78,5367.8,437,1306.44,2155.43,1598.92,1392.56,5107.63,3737.46,1209.51,529,687,245
P43006_205_H5N5F3,0,0,0,2725.78,7665.73,5511.11,0,0,0,4285.2,1523.71,1151,7478.17,5033.83,5423.63,19362.9,5202.45,9546.22,327,1287.31,700,2420.88,5196.5,3573.34,17097.7,27989,7388.24,19952.2,22265.4,2029.1,1631.99,2124.63,19027.1,7521.9,8028.58,11997.1,11560.4,15656.4,17042.3,13055.2,16878.4,17297.7,2482.56,3256.55,3687.51,10426.2,11341.3,36636.4
Q3UVX5_377_H3N4F1,0,0,0,1341.54,1195.72,2063.81,0,0,0,1157.12,708,752,1162.64,1986.38,1697.02,217188,1668.71,1087.76,0,0,0,0,0,0,3626.71,6517.36,3247.74,3575.52,2448.02,1068.18,0,0,0,2493.55,997,3158.96,3137.33,1888.18,3519.71,0,0,0,0,0,0,4311.97,1205.18,1856.34
Q8BYI8_239_H7N2,0,0,0,1560.03,450,1941.86,0,0,0,0,0,0,2528.95,1686.66,3860.38,0,0,0,138,737,369,0,0,0,1221.45,2358.58,3372.28,2239.19,1578.93,548,477,486,1181.1,833,613,843,2093.52,1635.85,1522.65,1536.63,1331.94,2012.66,638,673,642,0,0,0
O35136_445_H4N5F1,0,0,0,393,542,565,0,0,0,0,0,0,0,0,0,0,0,0,0,0,0,0,0,0,0,0,0,0,0,0,0,0,0,0,0,0,0,0,0,762,1085.66,1842.85,0,0,0,0,0,0
O35136_445_H4N4F1,0,0,0,831,3851.78,3350.3,0,0,0,657,1298.45,280,0,0,0,3161.11,2094.16,2873.9,0,0,0,1712.09,348,413,0,0,0,3306.54,4171.37,1352,0,0,0,1650.73,1545.94,4279.94,440,353,290,1029.62,1423.28,1729.79,0,0,0,640,293,2353.86
Q9CS84_125_H8N2,0,0,0,319,523,299,0,0,0,0,0,0,0,0,0,0,0,0,0,0,0,0,0,0,0,0,0,0,0,0,0,0,0,0,0,0,0,0,0,236,203,694,0,0,0,0,0,0
Q99P47_287_H5N2,0,0,0,189,955,375,0,0,0,264,167,78.2,0,0,0,494,843,367,0,0,0,0,0,0,2296.4,1359.89,6832.22,0,0,0,0,0,0,1151.65,1314.6,2895.78,0,0,0,0,0,0,434,769,445,1041.67,1718.48,3437.79
O08532_324_H6N2,0,0,0,1153.95,327,1000.15,272,104,1487.71,0,0,0,0,0,0,3099.01,1284.43,511,0,0,0,628,359,278,0,0,0,1792.52,3132.14,757.4,746,404,742,1409.53,1721.31,1747.92,1383.62,1716.67,1253.64,2237,1546.31,2379.72,0,0,0,0,0,0
Q9CS84_125_H4N2,0,0,0,124,749,388,0,0,0,0,0,0,0,0,0,0,0,0,0,0,0,131,132,180,0,0,0,743,1355.02,288,0,0,0,0,0,0,491,522,1562.14,377,471,515,0,0,0,0,0,0
O35136_445_H3N2F1,0,0,0,3920.64,7341.46,2974.83,0,0,0,0,0,0,0,0,0,0,0,0,0,0,0,0,0,0,0,0,0,0,0,0,0,0,0,0,0,0,0,0,0,0,0,0,0,0,0,0,0,0
P12960_494_H3N3F1,0,0,0,16168.2,25409.5,38058.1,0,0,0,0,0,0,15106.7,20922.5,40475.6,12326.8,6908.65,29871.9,7127.21,10757.1,9288.79,0,0,0,42013.1,10141.3,46281.4,77308.3,72982.3,26962.6,13834.7,16092.7,54291.9,23989.9,24246.3,3435.75,50971,43986.8,36740,43941.7,70598.4,47210.9,21194.4,17089.5,15743.1,29354.7,35190.9,16823
P43006_205_H9N2,0,0,0,564.7,654,425,0,0,0,152,93.3,181,761,503,716,579,325,668,0,0,0,172,337,422,1610.03,1036.32,672,910,792,1325.52,1005.41,449,1972.44,1055,923,1630.73,1378.22,651,1890.79,1895.41,951,560,0,0,0,1501.74,718,658
P43006_205_H4N4F2,0,0,0,1361.5,2642.59,2064.01,0,0,0,0,0,0,0,0,0,195,402,1937.45,0,0,0,145,328,1128.24,5939.73,5151.84,5411.47,8717.23,11223.3,3287.36,1445.8,1396.67,11332.4,5514.1,7254.3,5136.94,5276.54,5221.92,5250.07,10078.9,2791.52,9747.44,949,1038.85,1068.06,8193.85,7469.88,29926
Q9WV54_258_H4N2,0,0,0,146,344,254,0,0,0,0,0,0,0,0,0,217,254,308,66.1,111,27,235,627,267,3768.42,1523.27,3283.8,5717.97,3547.16,1727.23,1464.79,2294.24,5668.17,1701.15,754,718,2323.45,923,833,865,2434.9,3608.47,1306.9,1466.72,677,1535.74,836,405
Q810U3_881_H4N5F2,0,0,0,583,391,2484.59,420,586,189,5691.4,853,1438.4,767,555,2349.18,0,0,0,147,1532,136,600,393,650,1676.44,4450.55,2199.75,954,951,197,1334.59,528,2189.25,1523.02,935,625,1639.93,2593.39,1736.61,2047,3669.61,4307.42,2956.93,607,2080.78,0,0,0
Q9Z218_112_H4N6F2,0,0,0,403,595,583,0,0,0,0,0,0,0,0,0,0,0,0,0,0,0,0,0,0,0,0,0,1061.79,681,94.6,0,0,0,0,0,0,0,0,0,723,249,809,0,0,0,0,0,0
Q8C129_145_H7N2,0,0,0,249,133,457,0,0,0,0,0,0,0,0,0,0,0,0,0,0,0,0,0,0,34.3,605,412,624,173,139,922,709,1556.8,0,0,0,472,370,564,458,639,474,1217.71,1018.09,587,0,0,0
P43006_205_H4N4F1A1,0,0,0,539,441,113,0,0,0,252,179,68.5,410,555,875,0,0,0,0,0,0,0,0,0,1764.58,2845.48,2480.37,6190.87,5497.31,2049.45,0,0,0,0,0,0,1088.73,2613.88,1390.6,4949.19,3188.74,3500.52,0,0,0,4202.5,2328.01,24054.4
P57716_434_H9N2,0,0,0,209,245,784,0,0,0,0,0,0,96.2,281,155,217,260,1514.69,0,0,0,0,0,0,502,560,1175.68,441,331,233,440,281,158,312,339,263,629,524,133,366,352,634,178,322,110,531,795,7141.28
Q3UUQ7_558_H7N2,0,0,0,1504,2923.05,1293,0,0,0,240,343,405,0,0,0,897,720,997,259,504,254,107,915,742,0,0,0,5809.24,4226.14,1870.14,2064.92,1321,3016.13,2907.94,2017.36,1001,0,0,0,2548.82,2290.94,3478.11,3235.88,1593,1030,2321.51,2053.11,12134.6
Q99J85_211_H8N2,0,0,0,739,6231.91,5148.77,0,0,0,0,0,0,1918.51,2881.51,1719.87,2532.23,2748.84,4739.64,0,0,0,0,0,0,1303.22,4845.67,1429.86,2337.72,4951.16,2489.03,336,190,2984.69,0,0,0,1726.16,1413.57,1602.84,4105.76,3532.24,2537.31,0,0,0,0,0,0
Q9CPW5_88_H9N2,0,0,0,37231.7,856,52561.2,799,2653.22,1561.05,4433.53,8232.71,2215.42,243,17214.6,981,806,48656.2,323,660,8179.52,1817.31,19301.8,8226.07,5929.01,26898.3,99938.9,16473.6,50330,54402,7206.29,45151.4,27062.1,54868.1,36857.9,27705.9,31953,57907.1,52022.8,60976.3,56996.6,71862.1,76030.6,9772.35,45573.8,3330.63,43380.1,24248.8,14330.7
Q9WV18_439_H5N4F2,0,0,0,179,632,344,0,0,0,0,0,0,0,0,0,0,0,0,0,0,0,0,0,0,0,0,0,1326.4,808,396,748,407,549,0,0,0,436,394,429,1080.12,846,780,381,470,418,0,0,0
Q9WV18_439_H4N2,0,0,0,346,823,595,0,0,0,0,0,0,221,618,595,0,0,0,0,0,0,0,0,0,1554.05,928,1718.02,2215.12,1494.86,185,206,163,1709.23,182,461,803,681,453,1334.31,912,1314.06,1217.84,166,258,259,68.4,124,89.7
Q9WV18_439_H3N2,0,0,0,75.4,254,194,0,0,0,0,0,0,164,321,725,1105.1,304,119,0,0,0,0,0,0,476,293,374,345,543,40.7,213,97,438,89.2,195,107,357,181,314,141,555,246,71.5,211,431,0,0,0
Q80T41_388_H4N5F2,0,0,0,1032.73,720,553,0,0,0,0,0,0,0,0,0,0,0,0,0,0,0,0,0,0,0,0,0,439,204,82.4,273,224,333,0,0,0,297,161,361,481,250,143,317,219,434,0,0,0
B9EKR1_501_H3N3F1,0,0,0,196,370,539,0,0,0,180,27.9,61.5,776,468,704,0,0,0,0,0,0,275,98.1,183,1518.47,706,1081.06,2923.29,3468.1,999,1000.52,831,1303.25,794,1180.8,523,1202.2,1503.34,1607.66,1996.29,1939,1837.97,1423,1028.23,711,0,0,0
P11627_978_H4N3F1,0,0,0,2964.2,3631.13,2128.48,300,290,827,1875.01,843,746,777,309,904,1379.1,1440.78,1984.58,109,203,260,1152.76,2406.43,1419.55,1984.01,737,1892.75,5883.66,4711.97,2602.22,1724.04,1676.56,4686.41,4995.3,3416.91,437,462,1729.39,1378.78,2618.71,3041.46,5205.69,2281.21,1673,436,2840.16,3200.83,1388.93
P21661_523_H8N2,0,0,0,572,1839.21,1012.76,0,0,0,1080.04,1910.26,1244.2,1227.34,1845.72,3239.91,0,0,0,164,1336.27,276,461,1257.9,527,440,3508.09,780,2586.24,1632.16,537,0,0,0,0,0,0,3554.69,2658.15,858,1926.8,1674.56,510,0,0,0,0,0,0
Q9QZC2_86_H5N2,0,0,0,1032.3,2395.4,1814.4,0,0,0,0,0,0,3579.1,15473.4,1155,11780.2,2746.4,2272.68,542,308,173,0,0,0,52444.1,27537.2,69864.6,48355.9,86619.4,22636.5,31809.2,42290.7,144316,0,0,0,44565.3,42112.1,42433.7,49975.7,47228.2,43255.3,36984.2,17063.8,9852.96,0,0,0
Q9JI18_443_H5N2,0,0,0,1097,2339.44,1644,0,0,0,1239,946,415,0,0,0,0,0,0,0,0,0,72.8,222,953,2641.47,799,1907.15,1812,4306.96,1533.22,451,229,3525.18,2479.6,2554.52,3413.71,754,596,2675.38,2500.16,1408,3296.13,0,0,0,0,0,0
Q63912_234_H3N4F1,0,0,0,1676.51,1480.19,1294.4,2076.3,467,4558.82,425,3069.37,374,1040.96,883,2170.92,0,0,0,0,0,0,3324.73,3565.9,5438.7,3415.26,3772.86,8047.59,6877.97,8432.37,4637.86,4281.31,4772.72,9647.19,12588.9,9251.06,1828.62,5802.96,6183.87,2839.21,0,0,0,9817.29,8184.93,2545.13,11126.7,1556.15,4127.63
Q8BYI9_581_H3N5F1,0,0,0,219,253,171,0,0,0,0,0,0,406,306,286,2442.05,340,211,138,57.2,66.2,0,0,0,1266.33,1356.77,722,1048.89,374,308,218,470,699,0,0,0,1093.62,638,808,691,969,746,0,0,0,466,671,526
Q00493_139_H8N2,0,0,0,358,100,1225.42,0,0,0,0,0,0,450,952,2117.48,0,0,0,0,0,0,370,540,576,1167.38,3050.46,8601.66,1428.57,756,554,0,0,0,356,151,375,1874.7,1935.53,1483.66,198,523,1000.29,1373.45,776,1782.78,0,0,0
Q00493_139_H7N2,0,0,0,3142.18,3591.25,3608.31,333,112,974,223,235,40,11665.3,6012.46,2570.66,14163.9,874,351,511,1714.57,475,261,2067.57,523,9924.77,4507.56,2345.14,5209.57,3153.14,967,29390,23810.9,51360.8,3005.13,248,126,5251.82,2499.9,8465.91,4889.09,2825.01,3685.21,35263.7,34540.7,24759.8,4605.67,291,2353.86
Q63912_152_H8N2,0,0,0,1948.92,7447.53,3056.68,1956.34,901,2836.65,0,0,0,1793.55,4193.28,1242.44,1800.48,1947.54,304,1843.49,6730.62,2990.37,5436.6,7859.08,7342.39,6618.38,44361.4,5646.02,23746,13908,5058.58,15401.6,12201.8,9157.97,8834.26,9785.82,5149.73,13941.9,5261.37,11094.4,8337.87,8266.24,9536.21,10922,8688.44,4334.54,6323.43,2847.22,3378.48
Q63912_152_H7N2,0,0,0,676,186,350,622,485,20515.4,0,0,0,1156.16,1947.8,585,0,0,0,777,3725.11,765,1518,3070.86,4682.69,10568.6,30441.3,9914.09,2923.15,7186.32,5254,5024.92,8473.17,7494.67,6026.75,9916.11,3668.37,6574.59,2333.58,3869.67,4564.81,9828.05,13519.5,11502.5,6732.73,1761.23,3294.76,1941.7,1216.53
Q8BG39_516_H4N5F2,0,0,0,444,487,381,0,0,0,0,0,0,4072.68,3787.96,2940.3,2499.23,2710.59,1738.47,0,0,0,0,0,0,4841.25,2581.45,2724.21,2280.04,2601.86,699,0,0,0,1726.34,1044.91,1942.51,3759.89,3457.97,3624.02,2025.57,1326.25,2974.14,0,0,0,3397.72,1592.43,2918.45
P46978_544_H8N2,0,0,0,1356.58,2524.84,1862.51,0,0,0,790,387,807,0,0,0,0,0,0,0,0,0,0,0,0,0,0,0,0,0,0,0,0,0,0,0,0,0,0,0,0,0,0,0,0,0,0,0,0
Q9Z2W9_374_H3N5,0,0,0,10169.7,7569.36,10718.6,0,0,0,7586.2,4200.68,3275.13,3191.08,2170.51,2980.51,1018.49,2481.07,797,0,0,0,0,0,0,5560.08,6038.94,8101.58,11017.5,12691.1,4242.84,0,0,0,4974.65,2043.16,1826.63,3528.39,4572.59,3328.82,13698.7,9032.11,12415.9,0,0,0,0,0,0
P14231_238_H7N6F1,0,0,0,945,2200.08,966,0,0,0,0,0,0,0,0,0,0,0,0,24300.7,5606.92,3871.19,0,0,0,0,0,0,0,0,0,0,0,0,0,0,0,0,0,0,0,0,0,0,0,0,0,0,0
Q61490_167_H5N2,0,0,0,232,924,98.7,313,161,1104.3,243,342,483,0,0,0,0,0,0,0,0,0,0,0,0,0,0,0,614,1903.7,1433.52,1049.25,267,1232.57,0,0,0,0,0,0,1067.62,418,2474.15,352,122,1041.27,7094.04,795,14037.5
Q6V4S5_952_H5N2,0,0,0,1218.48,1752.33,1275.72,0,0,0,534,292,160,174,410,721,2291.36,1287.02,529,0,0,0,0,0,0,863,1231.27,2297.56,1035.19,2551.52,531,414,176,691,582,289,616,0,0,0,1950.6,331,3117.7,498,293,903,0,0,0
Q9D8C2_113_H5N2,0,0,0,911,549,620,0,0,0,291,344,304,1745.67,520,612,725,566,1040.01,0,0,0,207,329,379,3020.84,2068.99,5812.93,7388.09,3878.11,1850.64,1536.77,956,3810.07,2743.6,2179.64,794,2547.39,6921.3,7441.79,1708.74,3560.56,4228.9,1729.89,825,516,4803.36,3292.17,1125.11
Q5SZV5_742_H5N2,0,0,0,5429.58,4095.2,2472.11,0,0,0,0,0,0,0,0,0,0,0,0,0,0,0,809,221,740,364,683,1405.54,126,900,25.1,0,0,0,0,0,0,0,0,0,163,472,704,0,0,0,0,0,0
P01831_94_H5N4F2,0,0,0,5043.85,8484.34,4488.96,929,2200,2872.63,4962.16,2449.94,2260.56,2658.9,5877.53,2412.75,2534.8,6388.02,3705.01,3976.75,2893.2,3465.49,3963.79,6932.82,2364.93,17517,9506.05,15569.9,107003,63008.3,16974.3,17862.2,16342.2,82502.7,32120.7,59036.1,6604.69,6326.7,7266.78,8349.43,19010.4,49880.1,57337.6,12116.8,17058.1,10153.4,44634.7,33505.3,76019.3
Q8C4U2_35_H8N2,0,0,0,764,501,425,0,0,0,0,0,0,0,0,0,0,0,0,244,402,285,0,0,0,0,0,0,0,0,0,0,0,0,0,0,0,0,0,0,0,0,0,0,0,0,0,0,0
P14094_193_H8N2,0,0,0,686,1364.84,730,0,0,0,0,0,0,763,550,482.8,0,0,0,0,0,0,0,0,0,0,0,0,0,0,0,0,0,0,0,0,0,0,0,0,0,0,0,0,0,0,0,0,0
P14094_193_H5N2,0,0,0,1124.77,701,313,0,0,0,0,0,0,840,191,267,0,0,0,102,326,35.1,0,0,0,0,0,0,0,0,0,0,0,0,0,0,0,0,0,0,0,0,0,0,0,0,0,0,0
Q9WV18_439_H5N2,0,0,0,520,971,2000.59,0,0,0,0,0,0,4971.38,1190.52,738,8220.72,1284.01,102,0,0,0,0,0,0,2201.85,2821.75,2126.68,1159.58,1503.66,1055.44,3429.7,557,633,345,473,578,540,940,992,852,829,1179.14,163,380,1215.75,0,0,0
Q9WU60_382_H3N5F1,0,0,0,317,622,222,0,0,0,755,302,383,0,0,0,0,0,0,119,135,124,0,0,0,1649.35,165,1675.2,509,2391.17,228,642,164,1528.81,1709.07,595,610,0,0,0,0,0,0,0,0,0,0,0,0
P02468_1203_H3N4,0,0,0,92.1,1552.06,239,20.9,216,2976.6,1811.46,814,1265.43,0,0,0,0,0,0,0,0,0,0,0,0,0,0,0,0,0,0,0,0,0,0,0,0,0,0,0,0,0,0,0,0,0,0,0,0
Q9D1H9_139_H5N4F1A1,0,0,0,272,4920.68,481,0,0,0,0,0,0,0,0,0,1206.67,727,951,0,0,0,0,0,0,0,0,0,0,0,0,0,0,0,0,0,0,0,0,0,0,0,0,0,0,0,0,0,0
Q9WU60_427_H5N2,0,0,0,157,199,355,163,106,1305.25,895,810,354,1021.95,420,253,0,0,0,64.5,163,37.6,0,0,0,0,0,0,0,0,0,0,0,0,0,0,0,0,0,0,0,0,0,0,0,0,0,0,0
Q9DB72_307_H9N2,0,0,0,5593.42,6495.24,3830.41,389,888,1496.82,1512.36,1012.84,4110.92,11881.8,13305.5,14022.7,3967.45,11550.8,17789.2,13443.1,10991.5,10574.4,7817.28,43334.2,40306.1,2551.39,2117.03,9588.81,10243.4,2167.63,6538.82,6958.68,12876.2,8802.96,7061.59,234,10148.2,7466.32,5636.6,4520.69,12954.3,7923.32,10675.1,3409.13,23469.1,2403.71,13657.1,796,7677.26
Q9Z2G6_427_H6N2,0,0,0,499,227.8,379.5,0,0,0,0,0,0,504,156,104,1360.1,841,2522.51,0,0,0,0,0,0,0,0,0,0,0,0,2914.39,891,1686.05,598,421,266,154,125,273,0,0,0,0,0,0,315,172,1040.16
Q9Z247_174_H8N2,0,0,0,651,718,842,216,249,555,968,270,786,0,0,0,1391.59,1340.89,735,237,386,227,411,925,592,0,0,0,0,0,0,0,0,0,0,0,0,0,0,0,0,0,0,0,0,0,0,0,0
Q61735_109_H6N2,0,0,0,898,1763.39,420,0,0,0,733,1213.99,331,0,0,0,340,258,1242.8,0,0,0,312,337,409,1875.34,1476.5,3045.86,2441.26,1187,1219.16,315,2608.33,8678.92,2125.69,4147.79,487,1131.3,385,1038.09,1652.18,1317.16,1443.29,2159.65,1031.75,545,2697.03,3832.39,1043.58
Q8BG39_441_H5N6F4,0,0,0,606,359,742,0,0,0,0,0,0,0,0,0,2178.66,209,1873.17,0,0,0,0,0,0,0,0,0,0,0,0,0,0,0,0,0,0,0,0,0,0,0,0,0,0,0,0,0,0
Q01097_491_H3N5F1,0,0,0,1679.91,1185.2,1154.1,0,0,0,0,0,0,1397.46,1319.64,1337.94,0,0,0,0,0,0,602,825,592,0,0,0,1734.16,1767.43,267,0,0,0,271,316,1247.29,0,0,0,0,0,0,0,0,0,4584.3,3086.43,14607.2
Q3UZV7_690_H5N2,0,0,0,675,824,687,0,0,0,263,202,103,0,0,0,0,0,0,0,0,0,0,0,0,0,0,0,0,0,0,0,0,0,373,336,108,0,0,0,0,0,0,0,0,0,0,0,0
P06797_221_H6N2,0,0,0,1439.56,993,1316,0,0,0,86.7,108,58.9,0,0,0,1308.58,959,733,147,72.9,37.1,277.9,1979.11,463.8,0,0,0,0,0,0,183,131,403,138,152,277,0,0,0,0,0,0,0,0,0,0,0,0
P06797_221_H5N2,0,0,0,1012.99,971,1030.3,0,0,0,0,0,0,0,0,0,0,0,0,0,0,0,0,0,0,0,0,0,0,0,0,110,222,514,0,0,0,0,0,0,0,0,0,196,284,91.9,0,0,0
Q61207_80_H6N2,0,0,0,1415.73,2091.13,1261.57,224,345,1471.38,0,0,0,0,0,0,1504.71,1584.3,835,264,37.4,289,0,0,0,0,0,0,617,368,313,0,0,0,391,259,214,0,0,0,0,0,0,1864.57,1240.49,578,0,0,0
O09159_767_H3N2F1,0,0,0,85,201,361,0,0,0,323,136,39.2,143,124,385,0,0,0,0,0,0,0,0,0,0,0,0,110,166,123,0,0,0,0,0,0,83.3,175,486,133,121,108,196,200,86.8,0,0,0
P43406_941_H5N2,0,0,0,1132.7,914,1048.45,0,0,0,505,635,198,0,0,0,0,0,0,237,1087.89,156,0,0,0,1375.43,1705.02,1760.58,0,0,0,506,358,362,0,0,0,214,265,1047.16,0,0,0,0,0,0,0,0,0
P14094_193_H7N6F2A2,0,0,0,5770.1,14964.7,5697.24,0,0,0,0,0,0,516,578,1254.97,0,0,0,526,468,620,1309,1579.11,2329.04,0,0,0,0,0,0,0,0,0,0,0,0,0,0,0,0,0,0,0,0,0,0,0,0
Q923L3_1184_H5N2,0,0,0,1118.17,1137.46,371,0,0,0,0,0,0,0,0,0,0,0,0,0,0,0,0,0,0,0,0,0,0,0,0,0,0,0,0,0,0,0,0,0,0,0,0,0,0,0,0,0,0
P14094_193_H6N6F2A2,0,0,0,2302.51,325,833,308,121,974,0,0,0,3666.87,405,399,0,0,0,335,1662.51,532,0,0,0,0,0,0,0,0,0,0,0,0,0,0,0,0,0,0,0,0,0,0,0,0,0,0,0
Q07113_1649_H5N2,0,0,0,1122.96,493,503,0,0,0,0,0,0,148,728,695,0,0,0,0,0,0,0,0,0,0,0,0,0,0,0,0,0,0,1014.06,1014.77,435,0,0,0,0,0,0,0,0,0,0,0,0
P43006_215_H6N5F3A1,0,0,0,12092,5566.62,7571.47,0,0,0,1257,823,986,5153.87,8631.93,8949.64,5450.42,4126.71,8620.6,1781.46,584,752,3187.64,1159.14,16318,4228.44,66249.8,5793.8,12677.9,5303.01,1248,5086.8,5307.71,18487.2,4935.12,14639.9,5226.44,19752.5,23214.8,11540.6,8657.34,16620.4,10374,8481.45,5819.74,2354.11,21493.5,30692.2,31869
Q80UG2_441_H4N2,0,0,0,93,297,259,0,0,0,0,0,0,281,247,209,0,0,0,0,0,0,0,0,0,0,0,0,0,0,0,0,0,0,0,0,0,0,0,0,0,0,0,0,0,0,0,0,0
P14094_193_H7N6F5A2,0,0,0,4892.04,7499,5604.1,357,641,8284.44,0,0,0,0,0,0,0,0,0,844,356,347,663,3811.9,1602.99,0,0,0,0,0,0,0,0,0,0,0,0,0,0,0,0,0,0,0,0,0,0,0,0
P14094_193_H7N7F4A2,0,0,0,1747.8,660,552,0,0,0,0,0,0,0,0,0,0,0,0,0,0,0,0,0,0,0,0,0,0,0,0,0,0,0,0,0,0,0,0,0,0,0,0,0,0,0,0,0,0
P14094_193_H7N6F3A2,0,0,0,2068.31,2051.21,1979.19,280,538,1851.09,0,0,0,480,589,498,881,424,1091.3,235,1319.84,881,0,0,0,0,0,0,0,0,0,0,0,0,0,0,0,0,0,0,0,0,0,0,0,0,0,0,0
P14094_193_H6N6F1A3,0,0,0,2218.06,799,396,405,172,2799.14,0,0,0,2277.35,3988.6,1277.08,1151,1226,4008.26,1006,2089.53,994,1101.38,1008.47,1681.28,0,0,0,0,0,0,0,0,0,0,0,0,0,0,0,0,0,0,0,0,0,0,0,0
O89001_810_H5N2,0,0,0,2863,2178.03,1849.4,0,0,0,1734.51,1398.14,877,1020.72,1747.35,212,0,0,0,0,0,0,0,0,0,0,0,0,0,0,0,0,0,0,0,0,0,0,0,0,0,0,0,0,0,0,0,0,0
P14094_193_H6N5F1A3,0,0,0,1172.61,1311.32,572,685,135,9985.35,0,0,0,3279.1,1979.23,867,0,0,0,0,0,0,0,0,0,0,0,0,0,0,0,0,0,0,0,0,0,0,0,0,0,0,0,0,0,0,0,0,0
P14094_193_H7N6F4A3,0,0,0,6506.61,9596.68,6787.55,0,0,0,0,0,0,0,0,0,7949.92,1372.34,1460.73,0,0,0,1667.11,3283.33,2306.58,0,0,0,0,0,0,0,0,0,0,0,0,0,0,0,0,0,0,0,0,0,0,0,0
P11438_115_H6N2,0,0,0,544,572,543,0,0,0,381,312,398,0,0,0,1066.83,640,413,464,522,393,0,0,0,308,320,862,108,1355.02,288,7597.89,2740.95,3346.34,2770.1,1828.51,1776.41,0,0,0,0,0,0,5478.78,7209.37,1653.11,0,0,0
Q61207_459_H3N2F1,0,0,0,1913,2032.38,976,0,0,0,390,69.5,83.6,0,0,0,0,0,0,358,267,165,56.5,215,280,0,0,0,0,0,0,0,0,0,0,0,0,0,0,0,0,0,0,0,0,0,0,0,0
Q69Z26_65_H5N2,0,0,0,2084.48,1725.43,1543.94,0,0,0,1922.56,395,1251.82,1385.87,618,491,0,0,0,307,580,358,0,0,0,0,0,0,0,0,0,0,0,0,0,0,0,0,0,0,0,0,0,0,0,0,0,0,0
Q61207_459_H7N2,0,0,0,920,141,461,0,0,0,223,245,41.6,155,432,825,868,435,66.4,153,317,252,294,778,432,0,0,0,0,0,0,0,0,0,0,0,0,0,0,0,159,345,313,0,0,0,0,0,0
P14094_193_H7N6F1A4,0,0,0,11173.8,8002.42,11499,0,0,0,0,0,0,4140.07,4244.98,87.5,98717.8,10105.1,11441.4,5007.29,8049,1969.19,4186.8,11855.1,6392.71,0,0,0,0,0,0,0,0,0,0,0,0,0,0,0,0,0,0,0,0,0,0,0,0
P24668_58_H6N2,0,0,0,131,452,356,0,0,0,0,0,0,884,191,217,1766.53,302,297,0,0,0,0,0,0,0,0,0,0,0,0,0,0,0,0,0,0,0,0,0,0,0,0,0,0,0,0,0,0
P24668_58_H5N2,0,0,0,275,299,300,0,0,0,0,0,0,1791.79,1877.77,152,1481.45,200,671,97.4,305,63.3,252,104,135,0,0,0,0,0,0,0,0,0,0,0,0,0,0,0,0,0,0,0,0,0,0,0,0
Q9WTR5_671_H5N2,0,0,0,872,316,353,0,0,0,0,0,0,0,0,0,0,0,0,128,115,145,0,0,0,4874.65,4814.79,13512.9,7084.94,18491.8,4768.82,10568.2,9436.7,59569.8,21949.4,9080.34,15162.2,1852.22,1589.74,969,10704.2,4731.01,6693.38,3517.34,5155.49,3311.88,0,0,0
O35136_177_H3N4F1,0,0,0,783,1210.3,390,0,0,0,0,0,0,0,0,0,0,0,0,0,0,0,0,0,0,0,0,0,1034.27,420,226,958,427,344,0,0,0,0,0,0,0,0,0,147,878,67.5,0,0,0
Q9Z218_258_H5N2,0,0,0,798,499,507,671,249,498,1410.87,253,300,0,0,0,0,0,0,208,53.6,366,274,920,541,978,151,2461.18,743,912,277,215,794,325,0,0,0,1695.43,1563.54,797,1557.7,852,712,530,756,281,0,0,0
P11627_875_H5N2,0,0,0,4191.98,13227.7,3868.23,1277,144.3,5650.45,0,0,0,3372.31,1990.24,653,7816.6,4927.18,2454.9,912,2238.81,1382,1333.63,216,226,0,0,0,0,0,0,0,0,0,0,0,0,0,0,0,1707.84,1783.35,832,809,842,577,0,0,0
Q9Z2W9_260_H7N2,0,0,0,1502.5,472,1720.55,0,0,0,658,112,279,0,0,0,1058.44,721,906,0,0,0,0,0,0,0,0,0,0,0,0,207,217,2936.59,941,1690.4,477,272,708,545,0,0,0,81.6,945,35.8,2482.49,100,1136.4
O08532_824_H7N2,0,0,0,1398.2,2524.84,2620.88,0,0,0,0,0,0,0,0,0,0,0,0,0,0,0,114,1507.43,137,15186,16485.3,23161.1,20910.4,23738,21379.7,3235.92,6130.43,44984.9,14466.7,9395.68,2987.15,4661.66,18559.1,12872.6,6385.94,1973.58,1749.51,5771.52,4624.48,6604.64,0,0,0
Q61207_80_H3N2,0,0,0,4660.03,9247.49,2647.01,478,2181.74,1218.53,0,0,0,3891.07,651,291,0,0,0,792,312,811,0,0,0,0,0,0,0,0,0,0,0,0,0,0,0,0,0,0,0,0,0,0,0,0,0,0,0
O54951_463_H5N2,0,0,0,122,236,142,0,0,0,264,57.8,79.4,0,0,0,0,0,0,0,0,0,0,0,0,0,0,0,0,0,0,0,0,0,0,0,0,0,0,0,0,0,0,0,0,0,0,0,0
Q8C419_215_H4N5F2,0,0,0,1155.88,186,331,794,36.4,268,493,505,485,951,615,139,1047.13,1035.11,164,493,1864.77,121,737,161,1077.07,0,0,0,0,0,0,2902.26,415,419,89.8,417,153,0,0,0,0,0,0,1009.52,2697.73,929,0,0,0
P55288_540_H7N2,0,0,0,344,195,733,0,0,0,0,0,0,0,0,0,0,0,0,0,0,0,0,0,0,0,0,0,0,0,0,0,0,0,389,98.5,171,0,0,0,633,526,127,0,0,0,0,0,0
P15116_692_H5N2,0,0,0,1473.38,584,1133.1,0,0,0,4903.69,141,45.4,4392.99,1045,686,811,1494.99,151,344,2489.1,476,0,0,0,0,0,0,0,0,0,0,0,0,0,0,0,0,0,0,0,0,0,0,0,0,0,0,0
Q9DAU1_153_H6N2,0,0,0,938,1220.45,357,0,0,0,169,57,60.6,0,0,0,0,0,0,131,70.9,44.4,0,0,0,0,0,0,0,0,0,0,0,0,0,0,0,0,0,0,0,0,0,0,0,0,0,0,0
Q9DAU1_153_H5N2,0,0,0,1694.22,728,1170.09,0,0,0,494,223,129,0,0,0,0,0,0,0,0,0,0,0,0,0,0,0,0,0,0,0,0,0,0,0,0,0,0,0,0,0,0,0,0,0,0,0,0
P97798_940_H5N2,0,0,0,1033.99,485,252,0,0,0,696,196,89.4,0,0,0,0,0,0,0,0,0,0,0,0,0,0,0,0,0,0,0,0,0,0,0,0,0,0,0,0,0,0,0,0,0,0,0,0
Q61361_129_H4N2,0,0,0,438,2220.38,738,0,0,0,807,714,168,938,693,555,1022.05,1001.25,365,270,2177.79,442,0,0,0,0,0,0,0,0,0,0,0,0,0,0,0,0,0,0,0,0,0,0,0,0,0,0,0
P55302_271_H6N2,0,0,0,240,914,335,0,0,0,0,0,0,0,0,0,0,0,0,0,0,0,0,0,0,0,0,0,0,0,0,0,0,0,0,0,0,0,0,0,0,0,0,0,0,0,0,0,0
P19137_672_H7N2,0,0,0,180,523,295,0,0,0,0,0,0,0,0,0,0,0,0,0,0,0,0,0,0,0,0,0,0,0,0,0,0,0,0,0,0,0,0,0,0,0,0,0,0,0,0,0,0
Q9D1T0_287_H10N2,0,0,0,116,214,80.2,0,0,0,298,43.7,11.4,104,90.6,486,798,68.3,129,0,0,0,53.9,245,85.2,0,0,0,0,0,0,0,0,0,0,0,0,478,31.5,1228.44,0,0,0,0,0,0,0,0,0
Q99JP7_394_H5N2,0,0,0,153,278,321,0,0,0,0,0,0,0,0,0,0,0,0,180,345,113,0,0,0,0,0,0,0,0,0,0,0,0,0,0,0,0,0,0,0,0,0,0,0,0,0,0,0
P97300_196_H4N3F1,0,0,0,472,594,58.7,0,0,0,0,0,0,0,0,0,0,0,0,0,0,0,0,0,0,206,1860.08,219,632,699,241,0,0,0,464,414,104,90.4,171,486,0,0,0,751,784,379,986,433,1076.81
P97300_196_H5N3F1,0,0,0,3756.74,2546.52,2193.45,0,0,0,0,0,0,1660.5,1637.76,3907.56,0,0,0,328,2589.32,1010.12,870,1601.55,727,4063.74,11484.6,4866.34,216,215,1216.52,0,0,0,4957.09,4041.54,4110.89,153,204,188,0,0,0,252,348,235,0,0,0
P43006_205_H7N6F4A1,0,0,0,1787.18,4518.72,3787.39,2924.42,1462.08,23366.9,4927.99,5086.77,3185.81,6963.44,2416.38,5653.1,0,0,0,0,0,0,2266.99,2541.8,952,14321.1,19626.3,42758.3,1878.43,1767.42,1384.16,0,0,0,11244.6,6657.77,2564.67,17123.7,8862.89,12081.6,433,656,2470.51,0,0,0,19435.1,14540.7,38101
P12960_457_H4N2,0,0,0,1018.51,845,1040.73,941,1013.33,1885.19,716,676,837,2010.37,1707.94,1561.66,0,0,0,409,460,504,0,0,0,15453.4,14679.6,32361.7,30734.7,16580.5,17441.4,8337.39,13178.3,19181.9,16483.9,13904.3,7320.08,5065.94,6097.34,11568.8,20217,12482.8,24079.8,4757.77,7992.67,8713.15,1698.52,10366.4,16762.3
P11627_978_H4N4F2,0,0,0,129,801,840,200,153,465,97.2,384,308,0,0,0,0,0,0,133,402,110,146,304,113,0,0,0,0,0,0,487,363,565,0,0,0,301,259,268,0,0,0,0,0,0,0,0,0
Q9DBX3_159_H5N2,0,0,0,385,1046.2,408,0,0,0,1188,315,359.1,0,0,0,0,0,0,0,0,0,277,1418.41,329,0,0,0,529,665,30770.2,0,0,0,798.5,494.9,357,0,0,0,277,741,328,0,0,0,271,1288.09,901
P21995_70_H6N2,0,0,0,263,1380.57,811,0,0,0,0,0,0,0,0,0,0,0,0,58.6,64.3,142,0,0,0,0,0,0,1080.77,575,607,1739.24,1131.53,1363.85,233,341,925,1147.93,868,1494.92,465,728,490,969,2011.73,442,266,377,375
P14231_220_H5N3F1,0,0,0,214,276,111,0,0,0,0,0,0,0,0,0,0,0,0,320,219,193,0,0,0,0,0,0,0,0,0,440,160,204,0,0,0,0,0,0,0,0,0,996.1,950.3,1195.12,0,0,0
P09470_514_H5N2,0,0,0,128,562,245,0,0,0,751,362,320,609,102,139,0,0,0,98.1,146,76.5,0,0,0,0,0,0,316,344,309,243,459,126,1199.64,1367.29,120,293,140,134,501,166,177,471,795,376,1250.95,942,1955.08
O88307_1608_H5N2,0,0,0,1111.3,3110.3,1505.32,0,0,0,0,0,0,342,813,391,0,0,0,0,0,0,0,0,0,0,0,0,0,0,0,0,0,0,0,0,0,0,0,0,0,0,0,0,0,0,0,0,0
Q8BYI9_55_H4N3F2,0,0,0,308,472,514,0,0,0,0,0,0,0,0,0,0,0,0,80.4,297,69.6,0,0,0,576,474,910,0,0,0,0,0,0,277,318,2987.97,0,0,0,0,0,0,0,0,0,0,0,0
Q5RKR3_365_H3N5F1,0,0,0,480,300,764,0,0,0,667,464,286,1001.31,1097.24,1123.73,0,0,0,0,0,0,0,0,0,480,1680.39,2283.39,1928.8,1570.85,859,526,322,1039.36,0,0,0,0,0,0,0,0,0,498,566,462,0,0,0
Q9CPW0_1117_H5N2,0,0,0,1265.21,562,257,0,0,0,0,0,0,1860.58,759,2480.87,0,0,0,0,0,0,0,0,0,0,0,0,3660.65,2838.31,2079.95,701,372,1756.73,3344.05,3118.26,1937.03,1371.05,803,1124.28,0,0,0,9325.19,3504.94,2071.73,6054.4,2097.27,12134.6
Q91ZX7_1512_H5N3F1,0,0,0,145,538,258,0,0,0,0,0,0,0,0,0,0,0,0,0,0,0,0,0,0,0,0,0,0,0,0,0,0,0,0,0,0,557,2372.52,956,892,2593.47,1210.49,2984.2,2587.68,1777.48,0,0,0
Q9JIS5_573_H8N2,0,0,0,309,1731.9,901,0,0,0,0,0,0,0,0,0,0,0,0,0,0,0,0,0,0,0,0,0,0,0,0,712,471,1002.58,0,0,0,0,0,0,0,0,0,980,355,279,0,0,0
Q01097_74_H3N5F1,0,0,0,2581.99,182,218,0,0,0,922,754,425,4817.38,5970.06,990,0,0,0,0,0,0,793,1033.93,417,15681.5,7877.03,8706.66,8324.73,8499.77,3148.34,0,0,0,2926.89,3209.97,1728.78,10307.4,8283.94,12263.5,5816.62,6469.72,6368.65,0,0,0,2450.59,3553.97,2612.94
Q01097_74_H3N4F1,0,0,0,1845.99,782,1162.44,0,0,0,238,341,261,2235.96,2127.02,2152.84,0,0,0,0,0,0,791,339,871,3734.95,1123,3456,2210.05,2980.33,38348.4,0,0,0,1278.28,2393.88,1702.61,1628.18,969,2353.77,1766.51,2597.09,2933.42,0,0,0,0,0,0
Q0V8T9_282_H5N2,0,0,0,703,241,262,0,0,0,84.5,181,131,0,0,0,0,0,0,0,0,0,0,0,0,483,493,562,1135.04,1874.56,939,779,393,693,371,578,1461.36,694,737,405,288,918,615,465,775,533,303,965,563
Q99PH1_362_H5N2,0,0,0,588,861,676,0,0,0,851,429,89.9,0,0,0,0,0,0,0,0,0,0,0,0,0,0,0,0,0,0,0,0,0,0,0,0,0,0,0,0,0,0,0,0,0,0,0,0
Q80TR1_526_H5N2,0,0,0,4023.34,345,641,0,0,0,650,320,206,278,203,274,0,0,0,0,0,0,714,380,451,2832.22,1194.99,4859.62,3578.57,6025.61,1368.88,0,0,0,1113.71,513,28.8,2834.81,1835.94,3041.46,3065.51,2022.39,2254.36,171,233,324,0,0,0
P43006_215_H8N2,0,0,0,232,192,263,0,0,0,0,0,0,2340.18,181,304,0,0,0,0,0,0,0,0,0,0,0,0,0,0,0,1194.45,106,521,227,976,686,0,0,0,0,0,0,0,0,0,0,0,0
P23819_370_H8N2,0,0,0,4286.69,2988.08,976,0,0,0,0,0,0,0,0,0,0,0,0,0,0,0,0,0,0,0,0,0,0,0,0,0,0,0,0,0,0,0,0,0,0,0,0,0,0,0,2080.61,1120.9,2579.51
Q61627_498_H5N2,0,0,0,81,230,173,0,0,0,548,193,360,179,179,237,0,0,0,0,0,0,88.4,124,109,517,845,458,473,361,306,103,32.2,421,0,0,0,0,0,0,0,0,0,154,81.4,78.3,0,0,0
Q810U4_852_H3N4F1,0,0,0,997,1368.13,1782.71,0,0,0,582,871,850,0,0,0,0,0,0,108,357,136,0,0,0,5129.48,4158.28,9121.15,2513.31,8865.06,1941.9,776,1237.06,7852.2,5239.35,362,279,1204.55,1525.89,4680.81,3392.75,2809.51,10109.7,0,0,0,1105.25,1623.03,4861.91
Q61207_459_H5N2F1,0,0,0,509,401,178,46.8,23.5,291,4925.61,49.6,43.4,815,266,273,467,114,77.2,44.2,156,374,91.6,840,120,0,0,0,0,0,0,475,195,713,659,192,81.2,0,0,0,0,0,0,0,0,0,0,0,0
P63080_105_H5N2,0,0,0,1313.43,2764.45,2068.69,0,0,0,13635.1,1435.47,619,873,726,967,0,0,0,0,0,0,0,0,0,0,0,0,0,0,0,0,0,0,0,0,0,0,0,0,0,0,0,0,0,0,0,0,0
Q8C419_215_H4N4F2,0,0,0,309,384,270,0,0,0,0,0,0,0,0,0,0,0,0,435,828,187,0,0,0,0,0,0,0,0,0,380,142,900,67.1,697,527,0,0,0,0,0,0,369,1139.56,190,0,0,0
O54991_764_H4N2,0,0,0,364,206,300,264,116,2312.68,619,437,267,0,0,0,0,0,0,820,440,542,361,490,249,64.9,332,545,329,268,725,2109.62,739,1201.05,1232.02,1246.77,3041.46,1669.84,410,498,141,458,411,5501.31,4737.11,1398.95,988,88.8,1710.8
P97300_196_H5N3F1A1,0,0,0,1652.77,2542.2,3791.5,0,0,0,2973.62,212,55.2,1491.37,776,2062.95,1457.44,151,5393.64,0,0,0,0,0,0,0,0,0,168,911,231,1337.42,782,2274.63,381,2273.82,1130.29,0,0,0,0,0,0,1608.56,1412.16,1110.8,0,0,0
Q61220_56_H3N5F1,0,0,0,1127.93,1628.97,1432.29,0,0,0,0,0,0,0,0,0,0,0,0,0,0,0,757,489,407,0,0,0,0,0,0,0,0,0,0,0,0,0,0,0,0,0,0,0,0,0,0,0,0
O89001_854_H3N5F1,0,0,0,3159.54,2444.11,4015.17,0,0,0,0,0,0,0,0,0,0,0,0,0,0,0,857,8199.47,1594.43,0,0,0,0,0,0,0,0,0,0,0,0,0,0,0,0,0,0,0,0,0,0,0,0
P12960_494_H3N4F2,0,0,0,1480.3,700,2411.7,0,0,0,1074.71,240,343,0,0,0,0,0,0,0,0,0,612,1601.55,705,318,1485.26,303,1411.44,2647.41,432.4,0,0,0,552,735,1029.02,496,500,454,1366.15,1244.22,718,0,0,0,0,0,0
P43006_205_H7N2,0,0,0,267,345,818,0,0,0,0,0,0,1266.87,463,249,0,0,0,0,0,0,0,0,0,0,0,0,0,0,0,0,0,0,0,0,0,0,0,0,0,0,0,0,0,0,0,0,0
P97797_168_H6N4F1,0,0,0,527,327,243,0,0,0,0,0,0,0,0,0,0,0,0,0,0,0,0,0,0,0,0,0,335,761,561,0,0,0,0,0,0,0,0,0,1570.16,840,863,0,0,0,0,0,0
P97797_168_H3N5,0,0,0,187,1150.88,215,225,584,3808.55,0,0,0,0,0,0,0,0,0,0,0,0,0,0,0,0,0,0,422,1025.67,2484.58,0,0,0,0,0,0,0,0,0,0,0,0,0,0,0,0,0,0
P43006_205_H6N5F2A2,0,0,0,427,1185.67,1276,0,0,0,0,0,0,0,0,0,0,0,0,0,0,0,0,0,0,5663.01,10519,5078.44,5531.34,2548.66,945,1434.93,3660.25,15836.3,5260.36,12939.4,7295.86,5457.68,9171.97,9556.44,4443.24,4569.48,8086.87,1427.1,2363.19,2758.29,15751.2,11486,7344.63
O35604_1063_H9N2,0,0,0,393,1807.67,349,0,0,0,0,0,0,2746.54,386,298,0,0,0,193,443,227,0,0,0,0,0,0,719,209,288,776,1153.64,1450.84,360,941,134,0,0,0,0,0,0,1393.8,1480.67,585,320,1402.61,288
Q71M36_57_H4N3F2,0,0,0,552.8,1086,853,0,0,0,0,0,0,0,0,0,0,0,0,0,0,0,0,0,0,0,0,0,2137.09,1051,604,0,0,0,0,0,0,0,0,0,1430.73,2136.53,688,0,0,0,0,0,0
Q61490_95_H3N4F1,0,0,0,385,1594.21,593,200,221,2201.43,0,0,0,0,0,0,0,0,0,200,73.6,44.6,0,0,0,0,0,0,0,0,0,0,0,0,0,0,0,0,0,0,0,0,0,0,0,0,717,315,3666.21
Q61207_459_H3N2,0,0,0,396,470,530,165,70.2,4564.74,0,0,0,474,391,72.5,0,0,0,0,0,0,133,750,242,0,0,0,0,0,0,0,0,0,0,0,0,0,0,0,0,0,0,0,0,0,0,0,0
Q7M6Z0_93_H5N2,0,0,0,783,1237.31,349,0,0,0,0,0,0,0,0,0,0,0,0,0,0,0,0,0,0,0,0,0,0,0,0,0,0,0,0,0,0,0,0,0,0,0,0,0,0,0,0,0,0
Q80TS3_676_H5N3F1,0,0,0,347,52.6,322,0,0,0,0,0,0,0,0,0,0,0,0,0,0,0,0,0,0,0,0,0,337,489,135,0,0,0,0,0,0,0,0,0,633,437,535,0,0,0,0,0,0
Q5RKR3_365_H4N5F2,0,0,0,447,435,510,0,0,0,0,0,0,0,0,0,0,0,0,0,0,0,0,0,0,0,0,0,0,0,0,0,0,0,0,0,0,0,0,0,0,0,0,455,297,329,0,0,0
P24668_84_H5N4F3,0,0,0,362,148,830,0,0,0,0,0,0,0,0,0,0,0,0,0,0,0,0,0,0,0,0,0,0,0,0,0,0,0,325,64.4,292,0,0,0,0,0,0,0,0,0,0,0,0
P43006_205_H5N5F2,0,0,0,740,910,925,0,0,0,0,0,0,119,439,1836.35,0,0,0,0,0,0,0,0,0,340,4800.61,532,2891.05,2095.28,1462.54,125,182,2647.89,933,1450.53,1183.19,1427.86,1384.55,1567.63,500,1404.85,1299.02,0,0,0,1251.91,762,1167.95
P43006_205_H4N5F2,0,0,0,345,6120.81,589,0,0,0,0,0,0,0,0,0,0,0,0,0,0,0,0,0,0,0,0,0,4806.76,8147.24,83.1,622,253,4207.42,1422.38,2096.23,1747.92,1881.96,1797.04,1701.68,7002,7189.53,3907.69,309,215,278,2370.68,383,5303.3
Q91ZX7_3090_H3N4F1,0,0,0,2487.97,2887.72,1073.13,0,0,0,0,0,0,0,0,0,0,0,0,0,0,0,0,0,0,888,862,382,841,1278.74,410,548,711,2277.18,982,992,292,1606.14,1055.78,1106.16,1654.92,2137.33,849,1741.7,1555.73,707,928,1249.58,715
Q3TCN2_520_H5N2F1,0,0,0,520,291,629,0,0,0,0,0,0,447,134,339,0,0,0,0,0,0,0,0,0,0,0,0,120,278,588,1038.66,572,697,0,0,0,294,479,307,301,259,513,0,0,0,0,0,0
Q6AXF6_83_H7N2,0,0,0,1130.27,1317.86,151,0,0,0,0,0,0,202,89.9,185,0,0,0,0,0,0,0,0,0,0,0,0,0,0,0,0,0,0,0,0,0,0,0,0,0,0,0,0,0,0,0,0,0
P14094_193_H6N6A4,0,0,0,1134.16,214,82.2,0,0,0,0,0,0,0,0,0,0,0,0,0,0,0,0,0,0,0,0,0,0,0,0,0,0,0,0,0,0,0,0,0,0,0,0,0,0,0,0,0,0
P17047_280_H4N2,0,0,0,1259.95,212,480,112,109,307,0,0,0,0,0,0,0,0,0,76.3,242,63.3,0,0,0,0,0,0,0,0,0,0,0,0,0,0,0,0,0,0,0,0,0,0,0,0,0,0,0
P15209_241_H5N2F1,0,0,0,896,917,1087.83,0,0,0,0,0,0,0,0,0,0,0,0,0,0,0,0,0,0,0,0,0,0,0,0,0,0,0,0,0,0,0,0,0,197,1061.86,378,0,0,0,0,0,0
P97300_196_H5N4F1,0,0,0,3792.58,4336.31,4490.54,0,0,0,0,0,0,9749.5,1719.82,6403.39,0,0,0,1363.9,5157.54,1492.04,0,0,0,4405.9,10392.2,10846.9,0,0,0,0,0,0,1005.94,6443.21,2146,0,0,0,0,0,0,0,0,0,0,0,0
P15209_241_H3N4F1,0,0,0,269,444,566,0,0,0,0,0,0,0,0,0,0,0,0,0,0,0,0,0,0,0,0,0,0,0,0,0,0,0,0,0,0,0,0,0,0,0,0,0,0,0,0,0,0
Q8BGU2_110_H3N2F1,0,0,0,1382.84,1613.77,1027.34,0,0,0,0,0,0,0,0,0,0,0,0,0,0,0,0,0,0,0,0,0,0,0,0,0,0,0,0,0,0,0,0,0,0,0,0,0,0,0,0,0,0
Q9R0M0_2043_H3N5F1,0,0,0,2061.82,2051.21,1339.18,0,0,0,0,0,0,0,0,0,0,0,0,0,0,0,0,0,0,0,0,0,0,0,0,723,447,2375.75,990,1862.96,372,2674.18,3731.85,659,0,0,0,722,1394.17,428,0,0,0
P97300_228_H5N5F2,0,0,0,1376.43,2524.84,2265.52,0,0,0,0,0,0,0,0,0,0,0,0,0,0,0,0,0,0,0,0,0,6243.47,2216.96,898,0,0,0,1133.08,1485.08,5363.39,0,0,0,0,0,0,1480.21,1220.9,1065.82,0,0,0
P60755_237_H3N4F1,0,0,0,225,223,729,0,0,0,0,0,0,0,0,0,0,0,0,0,0,0,0,0,0,0,0,0,0,0,0,0,0,0,0,0,0,0,0,0,0,0,0,0,0,0,0,0,0
P97300_228_H3N5F1,0,0,0,229,424,179,0,0,0,0,0,0,0,0,0,0,0,0,0,0,0,0,0,0,197,451,132,1273.82,930,600,541,663,2048.19,1291,974,6127.42,282,288,223,649,901,951,1144,1462,1420,0,0,0
Q9QZC2_717_H4N2,0,0,0,341,777,528,0,0,0,0,0,0,0,0,0,0,0,0,0,0,0,0,0,0,0,0,0,0,0,0,0,0,0,0,0,0,0,0,0,0,0,0,0,0,0,0,0,0
P15209_254_H5N5F3,0,0,0,86.4,876,108,0,0,0,0,0,0,0,0,0,0,0,0,0,0,0,0,0,0,0,0,0,0,0,0,83.7,75.7,195,0,0,0,0,0,0,0,0,0,387,187,145,0,0,0
Q9ER58_225_H3N5F1,0,0,0,86.6,876,138,0,0,0,0,0,0,0,0,0,0,0,0,0,0,0,0,0,0,0,0,0,0,0,0,199,72.3,576,83.2,62.3,240,0,0,0,0,0,0,282,179,140,0,0,0
Q8CIF6_27_H5N2,0,0,0,625,304,81.9,0,0,0,0,0,0,0,0,0,0,0,0,0,0,0,0,0,0,0,0,0,0,0,0,0,0,0,0,0,0,0,0,0,0,0,0,0,0,0,0,0,0
P10852_166_H3N2F1,0,0,0,318,660,553,0,0,0,0,0,0,0,0,0,0,0,0,0,0,0,0,0,0,189,1024.37,201,251,1044.95,224,0,0,0,523,646,381,0,0,0,154,408,157,0,0,0,0,0,0
Q99P47_287_H3N2,0,0,0,662,881,663,0,0,0,0,0,0,0,0,0,0,0,0,0,0,0,0,0,0,0,0,0,0,0,0,0,0,0,0,0,0,0,0,0,0,0,0,0,0,0,0,0,0
Q9CS84_125_H7N2,0,0,0,133,257,103,0,0,0,0,0,0,0,0,0,0,0,0,0,0,0,0,0,0,0,0,0,300,178,118,0,0,0,0,0,0,239,456,1762.79,445,728,490,0,0,0,0,0,0
O35136_445_H4N3F1,0,0,0,125,411,467,0,0,0,0,0,0,0,0,0,0,0,0,0,0,0,0,0,0,0,0,0,0,0,0,0,0,0,0,0,0,0,0,0,0,0,0,0,0,0,0,0,0
P29416_157_H9N2,0,0,0,952,1734.15,2233.91,0,0,0,0,0,0,0,0,0,0,0,0,0,0,0,0,0,0,0,0,0,0,0,0,0,0,0,0,0,0,0,0,0,0,0,0,0,0,0,0,0,0
Q9WTS5_1702_H8N2,0,0,0,371,372,726,0,0,0,0,0,0,435,720,708,0,0,0,0,0,0,0,0,0,730,3307.82,627,1105.37,587,199,280,383,723,751,373,2478.93,1029.04,1493.48,1412.49,730,1384.4,650,186,251,181,1302.15,903,1062.53
Q07797_398_H3N2F1,0,0,0,237,960,300,0,0,0,0,0,0,0,0,0,0,0,0,0,0,0,0,0,0,0,0,0,0,0,0,0,0,0,0,0,0,0,0,0,0,0,0,0,0,0,0,0,0
Q99J85_211_H7N2,0,0,0,198,256,73.6,0,0,0,0,0,0,0,0,0,0,0,0,0,0,0,0,0,0,111,442,232,529,124,47.2,0,0,0,0,0,0,222,77.9,141,128,522,136,0,0,0,0,0,0
O35136_219_H3N4F1,0,0,0,1985.6,7456.9,3450.04,0,0,0,0,0,0,0,0,0,0,0,0,0,0,0,0,0,0,0,0,0,6189.38,5077.66,3610.13,2527.01,2677.67,9561.04,6556.8,6905.11,5935.61,3466.53,5364.43,2183.61,5672.01,4866.7,5126.41,6315.96,4631.68,3959,5616.55,8376.7,14111.9
Q80T41_388_H4N2F1,0,0,0,459,655,296,0,0,0,0,0,0,0,0,0,0,0,0,0,0,0,0,0,0,0,0,0,236,228,336,0,0,0,0,0,0,0,0,0,209,395,377,0,0,0,0,0,0
Q80T41_388_H3N3F1,0,0,0,359,575,885,0,0,0,0,0,0,0,0,0,0,0,0,0,0,0,0,0,0,0,0,0,0,0,0,0,0,0,0,0,0,0,0,0,0,0,0,0,0,0,0,0,0
Q80T41_388_H3N2F1,0,0,0,1146.36,1341.99,594,0,0,0,0,0,0,0,0,0,0,0,0,0,0,0,0,0,0,0,0,0,0,0,0,0,0,0,0,0,0,0,0,0,0,0,0,0,0,0,0,0,0
P14231_118_H3N3F2,0,0,0,13487.7,9343.08,3173.26,0,0,0,0,0,0,0,0,0,0,0,0,0,0,0,0,0,0,0,0,0,0,0,0,0,0,0,0,0,0,0,0,0,0,0,0,0,0,0,0,0,0
Q8VCC9_214_H5N2,0,0,0,655,1810.68,873,0,0,0,0,0,0,0,0,0,0,0,0,0,0,0,0,0,0,0,0,0,0,0,0,0,0,0,0,0,0,0,0,0,0,0,0,0,0,0,0,0,0
B9EKR1_497_H4N5F2,0,0,0,2507.34,1314.1,398,138,160,751,0,0,0,0,0,0,0,0,0,0,0,0,0,0,0,0,0,0,0,0,0,0,0,0,0,0,0,1056.54,755,2921.16,0,0,0,0,0,0,0,0,0
Q71M36_57_H3N2F1,0,0,0,720,1119.08,606,0,0,0,0,0,0,0,0,0,0,0,0,0,0,0,0,0,0,0,0,0,618,422,306,0,0,0,0,0,0,0,0,0,338,558,388,0,0,0,0,0,0
Q62443_154_H3N5F1,0,0,0,228,223,63.7,0,0,0,0,0,0,0,0,0,0,0,0,0,0,0,0,0,0,0,0,0,0,0,0,1970.02,1027.3,900,0,0,0,688,1001,2117.75,188,230,380,2951.44,2136.84,1034.54,0,0,0
Q62443_154_H3N4F1,0,0,0,631,186,326,0,0,0,0,0,0,0,0,0,0,0,0,0,0,0,0,0,0,1627.37,903,1905.08,0,0,0,0,0,0,0,0,0,1084,1232,1269,0,0,0,0,0,0,0,0,0
Q810U4_796_H3N2F1,0,0,0,1444.74,691,561,0,0,0,0,0,0,0,0,0,0,0,0,0,0,0,0,0,0,750,4016.48,344,772,1073.73,507,0,0,0,731,720,1017.21,369,357,814,0,0,0,0,0,0,413,1019.67,6560.02
Q3TCN2_520_H6N2,0,0,0,214,264,153,0,0,0,0,0,0,0,0,0,0,0,0,0,0,0,0,0,0,0,0,0,180,174,220,0,0,0,0,0,0,199,134,510,0,0,0,0,0,0,0,0,0
Q3TCN2_520_H5N2,0,0,0,164,339,91.1,0,0,0,0,0,0,0,0,0,0,0,0,0,0,0,0,0,0,0,0,0,0,0,0,0,0,0,0,0,0,0,0,0,0,0,0,689,211,406,259,424,247
P18242_261_H4N3F1A1,0,0,0,4997.76,2116.37,1128.17,0,0,0,0,0,0,0,0,0,0,0,0,0,0,0,0,0,0,0,0,0,436,814,941,1342.55,1085.87,1023.56,626,610,1736.59,1206.12,688,624,1816.42,931,968,0,0,0,0,0,0
P35438_350_H5N2,0,0,0,266,207,174,0,0,0,0,0,0,257,589,88,0,0,0,0,0,0,0,0,0,777,213,1529.34,2225.3,1000.65,1401.74,0,0,0,0,0,0,800,1620.46,1173.85,298,459,307,0,0,0,0,0,0
Q8BGT0_234_H5N2,0,0,0,125,240,142,0,0,0,0,0,0,0,0,0,0,0,0,0,0,0,0,0,0,0,0,0,0,0,0,619,496,4670.53,65.6,113,157,0,0,0,188,88.6,23.2,609,370,131,0,0,0
P55066_121_H5N2,0,0,0,325,223,122,0,0,0,0,0,0,354,137,346,0,0,0,0,0,0,0,0,0,0,0,0,0,0,0,0,0,0,0,0,0,0,0,0,0,0,0,0,0,0,0,0,0
P26049_63_H4N4F2,0,0,0,443,347,414,0,0,0,0,0,0,0,0,0,0,0,0,0,0,0,0,0,0,0,0,0,679,249,813,0,0,0,0,0,0,0,0,0,454,174,176,0,0,0,0,0,0
P14094_193_H6N6F2A3,0,0,0,2066.21,1266.03,1108.68,0,0,0,0,0,0,1957.5,501,134,0,0,0,0,0,0,0,0,0,0,0,0,0,0,0,0,0,0,0,0,0,0,0,0,0,0,0,0,0,0,0,0,0
P14094_193_H9N8F1,0,0,0,1421.84,1938.26,766,0,0,0,0,0,0,0,0,0,0,0,0,0,0,0,0,0,0,0,0,0,0,0,0,0,0,0,0,0,0,0,0,0,0,0,0,0,0,0,0,0,0
O35136_474_H4N2,0,0,0,301,123,79.7,0,0,0,0,0,0,0,0,0,0,0,0,0,0,0,0,0,0,0,0,0,2369.01,912.8,439.6,177,283,259,198.6,260.5,548,0,0,0,374.5,311,836,189.1,146.1,722,42.2,54.1,1136.4
P23819_370_H4N4F1,0,0,0,11054.4,24232.9,11777,0,0,0,0,0,0,0,0,0,0,0,0,0,0,0,0,0,0,10095.7,6136.32,6714.26,7436.56,3027.21,2182.81,0,0,0,0,0,0,5442.65,5712.85,6905.02,5832.9,4003.81,7180.5,0,0,0,0,0,0
O35405_385_H3N5F1,0,0,0,1178.7,3914.06,1135.63,0,0,0,0,0,0,612,453,3205.6,0,0,0,0,0,0,0,0,0,0,0,0,0,0,0,0,0,0,0,0,0,0,0,0,0,0,0,0,0,0,0,0,0
Q6AXF6_67_H3N2F1,0,0,0,859,2962.28,1426.75,0,0,0,0,0,0,0,0,0,0,0,0,0,0,0,0,0,0,177,193,3724.26,0,0,0,38.6,46.2,58.5,120,228,130,0,0,0,0,0,0,0,0,0,0,0,0
Q810U4_501_H6N5F2,0,0,0,419,845,560,0,0,0,0,0,0,0,0,0,0,0,0,0,0,0,0,0,0,0,0,0,0,0,0,0,0,0,0,0,0,0,0,0,0,0,0,0,0,0,0,0,0
Q810U4_501_H4N3,0,0,0,199,64.2,70.2,0,0,0,0,0,0,0,0,0,0,0,0,0,0,0,0,0,0,0,0,0,0,0,0,0,0,0,117,118,1088.49,0,0,0,0,0,0,0,0,0,136,121,1136.4
P14094_193_H7N6F4A2,0,0,0,35801.4,27137.9,24278.2,0,0,0,0,0,0,945,936,333,0,0,0,0,0,0,0,0,0,0,0,0,0,0,0,0,0,0,0,0,0,0,0,0,0,0,0,0,0,0,0,0,0
P14094_193_H6N5F1A4,0,0,0,508,266,349,0,0,0,0,0,0,2029.36,595,1008.12,0,0,0,0,0,0,441,215,182,0,0,0,0,0,0,0,0,0,0,0,0,0,0,0,0,0,0,0,0,0,0,0,0
P12960_473_H3N4F1,0,0,0,1413.55,2714.88,795,0,0,0,0,0,0,0,0,0,0,0,0,0,0,0,0,0,0,0,0,0,0,0,0,0,0,0,0,0,0,0,0,0,0,0,0,0,0,0,0,0,0
P43006_215_H7N6F4A2,0,0,0,772,5911.57,451,0,0,0,0,0,0,881,136,240,0,0,0,0,0,0,664,4558.95,1602.99,0,0,0,132,198,222,0,0,0,0,0,0,432,453,924,471,512,316,0,0,0,809,10517,1410.26
Q9JKR6_830_H7N2,0,0,0,724,198,315,0,0,0,0,0,0,0,0,0,0,0,0,0,0,0,0,0,0,0,0,0,0,0,0,0,0,0,0,0,0,0,0,0,0,0,0,671,508,558,0,0,0
Q9WV18_481_H5N2,0,0,0,110,562,260,0,0,0,0,0,0,261,181,55.9,0,0,0,0,0,0,0,0,0,0,0,0,0,0,0,0,0,0,0,0,0,2375.27,220,149,73.7,61.6,686,0,0,0,0,0,0
Q91ZX7_1576_H5N2,0,0,0,163,564,560,0,0,0,0,0,0,151,387,675,0,0,0,0,0,0,0,0,0,0,0,0,0,0,0,865,896,2839.45,827,1991.78,914,0,0,0,646,693,361,0,0,0,0,0,0
Q64455_267_H5N2,0,0,0,141,660,271,0,0,0,0,0,0,0,0,0,0,0,0,0,0,0,0,0,0,0,0,0,0,0,0,0,0,0,0,0,0,0,0,0,766,661,1822.31,0,0,0,0,0,0
P43006_215_H5N4F2A1,0,0,0,66.4,85.1,168,0,0,0,0,0,0,0,0,0,0,0,0,0,0,0,0,0,0,0,0,0,0,0,0,0,0,0,1110.31,335,719,0,0,0,0,0,0,0,0,0,0,0,0
P29533_225_H4N3F2,0,0,0,304,560,392,0,0,0,0,0,0,0,0,0,0,0,0,0,0,0,0,0,0,0,0,0,178,292,351,0,0,0,0,0,0,0,0,0,0,0,0,0,0,0,0,0,0
P29533_225_H3N3F1,0,0,0,160,113,560,0,0,0,0,0,0,0,0,0,0,0,0,0,0,0,0,0,0,0,0,0,0,0,0,0,0,0,0,0,0,0,0,0,0,0,0,0,0,0,0,0,0
Q99P47_287_H4N2,0,0,0,452,639,213,0,0,0,0,0,0,0,0,0,0,0,0,0,0,0,0,0,0,0,0,0,0,0,0,0,0,0,0,0,0,0,0,0,0,0,0,0,0,0,0,0,0
O35136_445_H4N3F2,0,0,0,234,1656.21,336,0,0,0,0,0,0,0,0,0,0,0,0,0,0,0,0,0,0,0,0,0,0,0,0,0,0,0,0,0,0,0,0,0,0,0,0,0,0,0,0,0,0
Q9Z2W8_371_H5N2,0,0,0,745,1388.08,1136.18,0,0,0,0,0,0,0,0,0,0,0,0,0,0,0,0,0,0,0,0,0,0,0,0,0,0,0,0,0,0,0,0,0,0,0,0,0,0,0,0,0,0
Q07409_765_H5N2,0,0,0,1104.29,2120.47,1215.4,0,0,0,0,0,0,0,0,0,0,0,0,0,0,0,0,0,0,0,0,0,0,0,0,0,0,0,0,0,0,0,0,0,0,0,0,0,0,0,0,0,0
P43406_941_H6N2,0,0,0,0,0,0,96.1,123,974,1955.55,205,331,459,516,1416.17,0,0,0,90,94,209,0,0,0,1640.8,4446.93,6264.08,152,519,520,584,508,2178.54,0,0,0,628,544,497,589,361,1417.91,399,911,89.6,995,912,808
P02468_1437_H3N5F1,0,0,0,0,0,0,152,259,585,0,0,0,0,0,0,1767.64,3368.04,611,375,942,391,0,0,0,0,0,0,0,0,0,0,0,0,0,0,0,0,0,0,0,0,0,0,0,0,0,0,0
P97300_228_H5N6F2,0,0,0,0,0,0,946,243,2153.63,1555.91,690,719,2711.69,1269.26,2514.38,2826.12,5142.68,10169.1,835,2574.74,1395.15,0,0,0,5698.87,9981.42,4579.91,14778.5,10831.4,5945.99,5006.64,4192.47,10940.9,5714.33,6104.71,238,4542.9,3793.26,4848.55,14694.6,14093.8,13174.8,8278.73,9097.17,9884.83,6886.89,6713.52,11535.4
P29533_225_H4N4F2,0,0,0,0,0,0,793,144,1551.73,0,0,0,0,0,0,1318.52,452,351,0,0,0,0,0,0,0,0,0,1335.14,856,250,456,237,1870.71,665,982,1047.11,807,1227.63,1227.38,1172.51,1632.29,1094.86,637,876,247,137,560,1142.5
P10852_166_H3N4F1,0,0,0,0,0,0,112,346,9315.15,317,77.9,119,0,0,0,0,0,0,254,1114.68,321,0,0,0,1781.64,3767.62,1306.44,1871.76,2302.56,1042.38,0,0,0,1570.98,1384.49,730,2139.48,1143.97,1156.95,944,928,1259.38,0,0,0,948,1112.2,1121.33
Q99JP7_523_H6N2,0,0,0,0,0,0,228,337,920,0,0,0,632,1070.69,1313.13,0,0,0,389,2215.4,210,0,0,0,2987.45,3645.22,1301.83,1484.63,1687.84,2040.94,1424.53,566,2966.29,1479.34,1109.26,3391.48,1739.82,914,1516.1,811,984,1536.08,1370.34,2783.31,960,0,0,0
Q61282_333_H4N5F2,0,0,0,0,0,0,61.6,64.1,6284.44,0,0,0,0,0,0,682,1213.24,2135.08,52.3,607,230,0,0,0,0,0,0,0,0,0,0,0,0,0,0,0,0,0,0,0,0,0,567,212,298,0,0,0
Q61503_335_H3N4F1,0,0,0,0,0,0,1147.37,992,1224.2,4898.95,6223.54,4387.49,0,0,0,806,651,2426.8,1946.34,721,1289.44,7490.78,12448.4,7247.12,652,736,315,422,637,2476.67,516,3815.48,574,13990.8,17003.8,687,269,1186.03,375,0,0,0,2373.14,1934.57,1726.14,11252.9,14532.8,6280.5
Q63912_234_H5N2,0,0,0,0,0,0,1260.2,438,3263.29,1212.92,634,315,2011.72,951,814,894,1498.81,630,729,171,1322.2,1543.07,15041.3,7684.91,274,1023.94,396,387,1550.07,1998.06,0,0,0,1304.96,1604.27,300,2336.05,1047.35,1680.52,0,0,0,2348.46,4315.43,1421.07,1407.06,1750.82,2034.47
B9EKR1_497_H3N5F1,0,0,0,0,0,0,43.8,30,341,0,0,0,0,0,0,0,0,0,0,0,0,0,0,0,0,0,0,0,0,0,0,0,0,0,0,0,300,399,1122.11,0,0,0,0,0,0,0,0,0
Q3TDQ1_624_H9N2,0,0,0,0,0,0,179,537,2626.03,0,0,0,1860.58,753,2165.67,27071.7,1350.63,1064.88,0,0,0,0,0,0,0,0,0,2050.31,1681.51,341,715,1034.35,1524.85,2707.79,1401.68,1210.63,1899.97,3544.97,1905.68,3854.2,2142.83,2667.24,1829.54,1859.26,951,5339,4930.86,9701.92
P02468_1221_H5N2,0,0,0,0,0,0,321,109,527,793,258,212,0,0,0,0,0,0,123,149,120,0,0,0,42.3,94.5,635,252.8,1061.1,497,7237.98,812,1106,0,0,0,0,0,0,361,336,24,0,0,0,0,0,0
P14094_193_H6N7F1A3,0,0,0,0,0,0,644,582,6144.29,0,0,0,0,0,0,0,0,0,1042.25,4194.81,1365.26,459,1743.05,506,0,0,0,0,0,0,0,0,0,0,0,0,0,0,0,0,0,0,0,0,0,0,0,0
Q9WTR5_598_H5N2,0,0,0,0,0,0,357,97.4,6119.69,0,0,0,304,826,1297.63,755,135,190,400,685,857,0,0,0,1975.86,2113.45,2980.1,9887.55,2197.82,2571.3,10707.4,8238.08,32212.7,6482.95,9803.92,9061.17,7563.15,5019.89,5094.98,7504.88,4306.05,9830.53,6119.05,3584.02,2151.02,3211.38,2124.07,12134.6
P14094_193_H7N6F2A4,0,0,0,0,0,0,175,825,4564.74,0,0,0,1508.39,1447.06,757,827,2542.36,1175.17,886,3439.1,702,761,4626.31,1576.24,0,0,0,0,0,0,0,0,0,0,0,0,0,0,0,0,0,0,0,0,0,0,0,0
Q61207_80_H4N2F1,0,0,0,0,0,0,692,394,1229.51,0,0,0,5825.69,8153.57,292,0,0,0,157,265,1818.42,0,0,0,0,0,0,0,0,0,1294.56,476,1079.9,243,983,1509.69,0,0,0,0,0,0,376,531,243,0,0,0
Q64676_442_H5N2,0,0,0,0,0,0,277,108,1012.71,0,0,0,0,0,0,0,0,0,479,450,249,0,0,0,0,0,0,0,0,0,0,0,0,0,0,0,0,0,0,0,0,0,789,937,352,0,0,0
Q640R3_189_H5N2,0,0,0,0,0,0,2197.27,2894.13,1939.89,0,0,0,0,0,0,0,0,0,0,0,0,0,0,0,5019.45,3999.57,5406.65,2999.79,3078.63,11559.4,10191.7,7380.44,21762.3,3924.77,5903.25,32383.5,3293.24,3062.64,3301.99,2627.49,2407.11,2674.82,11802.7,9835.23,8556.59,4642.71,2873.89,6132.3
Q9CPW0_436_H3N4,0,0,0,0,0,0,30.4,50.3,179,2196.8,1041.51,1575.95,0,0,0,0,0,0,256.3,925.1,277.9,542,519,239,0,0,0,1625.59,837.9,1549.76,2455.39,1012,5371.92,173,147,237,111,56.4,880,376,145,90.7,225,552,331,0,0,0
Q7M729_71_H4N2,0,0,0,0,0,0,186,110,3219.28,4925.61,208,43.7,0,0,0,0,0,0,0,0,0,0,0,0,0,0,0,0,0,0,0,0,0,0,0,0,0,0,0,0,0,0,1997.24,691,480,571,1032.2,1550.69
Q8BGN3_100_H3N2F1,0,0,0,0,0,0,70.5,110,771,2109.93,217,469,0,0,0,0,0,0,532,482,216,819,292,1009.31,0,0,0,0,0,0,0,0,0,0,0,0,0,0,0,0,0,0,253,230,119,604,1968.95,324
P43006_205_H6N3F2,0,0,0,0,0,0,144,112,1011.02,0,0,0,0,0,0,0,0,0,210,382,229,0,0,0,11763.3,54449.9,966,0,0,0,0,0,0,0,0,0,74388.7,25870.5,40184.6,0,0,0,1048.56,4298.17,595,0,0,0
P43006_205_H4N2,0,0,0,0,0,0,569,36.5,368,0,0,0,0,0,0,0,0,0,0,0,0,0,0,0,1956.84,2180.06,275,0,0,0,0,0,0,1108.49,406,405,1922.99,936,754,595,666,1148.57,0,0,0,0,0,0
Q810U3_881_H5N4F1,0,0,0,0,0,0,1648.68,1493.39,2776.37,1651.33,1700.5,1096.82,209,1644.04,119,0,0,0,2052.05,2639.77,2054.59,1659.93,1895.58,2306.58,894,781,509,0,0,0,2530.72,3824.64,7524.04,2658.01,1815.37,1231.71,1188.03,1393.7,2107.47,0,0,0,4470.41,3496.66,2674.55,2074.78,3673.45,2334.59
P41234_1776_H9N2,0,0,0,0,0,0,145,104,2121.93,298,82.6,295,0,0,0,0,0,0,0,0,0,0,0,0,316,653,331,319,204,107,435,480,297,483,602,242,597,409,786,374,438,1235.93,908,459,259,624,310,1807.28
Q8BY89_187_H3N4F1,0,0,0,0,0,0,184,232,1176.1,0,0,0,0,0,0,0,0,0,231,216,444,0,0,0,0,0,0,0,0,0,990,950,2435.9,534,900,1029.02,0,0,0,0,0,0,759,1158.53,772,903,2115.7,1466.14
Q80V42_38_H5N2F1,0,0,0,0,0,0,304,169,2350.95,0,0,0,0,0,0,0,0,0,148,1123,180,413,509,324,0,0,0,0,0,0,0,0,0,475,132,61.2,0,0,0,0,0,0,0,0,0,468,631,611
Q80V42_38_H4N2F1,0,0,0,0,0,0,274,331,526,0,0,0,0,0,0,0,0,0,97.2,172,306,119,796,688,0,0,0,0,0,0,0,0,0,1274.17,634,74.5,0,0,0,0,0,0,32.2,1220.1,950,1053.72,1431.84,1296.55
Q80V42_38_H3N3F1,0,0,0,0,0,0,133,135,900,0,0,0,0,0,0,0,0,0,156,314,110,0,0,0,0,0,0,0,0,0,713,768,880,0,0,0,0,0,0,0,0,0,0,0,0,500,701,2700.5
Q61503_335_H3N2F1,0,0,0,0,0,0,288,272,900,1472.63,355,563,0,0,0,0,0,0,0,0,0,0,0,0,0,0,0,0,0,0,0,0,0,380,215,376,0,0,0,0,0,0,0,0,0,0,0,0
Q61885_59_H6N4,0,0,0,0,0,0,339,73.8,1750.35,0,0,0,0,0,0,0,0,0,277,264,473,0,0,0,0,0,0,0,0,0,512,730,1823.74,748,497,93,0,0,0,0,0,0,2510.33,736,1492.75,0,0,0
Q61885_59_H5N4F2,0,0,0,0,0,0,163,306,6941.1,586,277,259,1066.48,279,325,0,0,0,441,932,175,0,0,0,0,0,0,0,0,0,506,461,1069.92,0,0,0,0,0,0,0,0,0,270,130,254,0,0,0
Q61885_59_H4N2,0,0,0,0,0,0,2642.15,3251.73,1940.75,0,0,0,0,0,0,0,0,0,2309.93,3601.12,2858.93,0,0,0,0,0,0,0,0,0,0,0,0,0,0,0,0,0,0,0,0,0,0,0,0,0,0,0
Q61330_78_H6N2,0,0,0,0,0,0,423,373,189,0,0,0,0,0,0,0,0,0,267,2861.46,232,0,0,0,0,0,0,0,0,0,0,0,0,0,0,0,0,0,0,0,0,0,670,1464.67,569,0,0,0
Q61885_59_H3N4A2,0,0,0,0,0,0,455,470,2193,0,0,0,0,0,0,0,0,0,0,0,0,0,0,0,0,0,0,0,0,0,0,0,0,0,0,0,0,0,0,0,0,0,1097.77,319,1107.68,0,0,0
Q61885_59_H4N3F1A2,0,0,0,0,0,0,862,407,3296.78,0,0,0,0,0,0,0,0,0,317,634,304,368,405,326,0,0,0,0,0,0,0,0,0,0,0,0,0,0,0,0,0,0,0,0,0,0,0,0
Q61330_942_H6N4F1,0,0,0,0,0,0,624,949,16976.6,688,526,307,0,0,0,0,0,0,0,0,0,0,0,0,0,0,0,229,740,436,475,454,170,521,586,190,140,276,665,0,0,0,1227.11,1278.29,443,0,0,0
O09117_72_H5N3F1A1,0,0,0,0,0,0,99,738,393,0,0,0,0,0,0,0,0,0,281,883,1181.32,369,2134.92,1079.74,0,0,0,0,0,0,300,1831.29,588,0,0,0,0,0,0,0,0,0,414,420,85.8,0,0,0
Q6PHS9_627_H6N2,0,0,0,0,0,0,2462.06,1660.17,2923.99,3953.37,1024.08,1661.63,0,0,0,0,0,0,1379.36,697,1288.26,0,0,0,0,0,0,0,0,0,0,0,0,0,0,0,0,0,0,0,0,0,0,0,0,0,0,0
Q7TS74_430_H6N2,0,0,0,0,0,0,1023.88,1101.3,6555,0,0,0,0,0,0,0,0,0,1311.28,955,1044.56,0,0,0,0,0,0,0,0,0,8969.73,4806.72,9647.19,0,0,0,0,0,0,0,0,0,916,13452.3,5619.42,0,0,0
Q7TS74_430_H3N2,0,0,0,0,0,0,2397.89,2368.67,2847.94,0,0,0,0,0,0,0,0,0,977,946,1016.24,752,1020.96,667,0,0,0,0,0,0,0,0,0,0,0,0,0,0,0,0,0,0,0,0,0,0,0,0
Q7M729_113_H5N2,0,0,0,0,0,0,1210.5,897,4625.9,14493.3,1901.48,1426.86,0,0,0,0,0,0,695,1756.5,1241.61,0,0,0,0,0,0,0,0,0,1752.82,539,3019.71,15485,26002.4,22603.6,0,0,0,0,0,0,136.5,1839.85,206.7,8151.36,12256.2,2203.45
O35409_722_H5N2,0,0,0,0,0,0,155,135,281,561,62.6,155,0,0,0,0,0,0,281,355,340,0,0,0,0,0,0,0,0,0,0,0,0,0,0,0,0,0,0,0,0,0,0,0,0,0,0,0
Q9CPW0_436_H4N5F1,0,0,0,0,0,0,781,459,1448.03,3953.37,1075.63,1677.35,0,0,0,0,0,0,541,2057.5,579,1098.01,1032.51,1261.36,0,0,0,4068.68,2214.69,1266.01,2427.08,2141.63,2329.12,0,0,0,0,0,0,0,0,0,3195.48,3318.65,2094.56,0,0,0
P43006_205_H7N6F3A1,0,0,0,0,0,0,302,190,2154.4,391,495,1543.52,0,0,0,0,0,0,889,1124.33,595,0,0,0,7955.94,13244.6,14002.1,0,0,0,2599.88,4134.32,16083.7,441,327,1150.79,7046.1,1335.34,2101.02,1450.23,1002.1,3347.82,0,0,0,0,0,0
Q06890_327_H9N2,0,0,0,0,0,0,59.5,139,6320.95,0,0,0,0,0,0,0,0,0,0,0,0,0,0,0,449,1189.59,917,425,873,288,1087.79,693,2727.01,824,940,810,0,0,0,348,391,266,681,1017.09,671,504,893,2747.1
Q80V42_38_H5N3F1,0,0,0,0,0,0,306,311,1721.61,0,0,0,0,0,0,0,0,0,823,821,426,239,532,613,0,0,0,0,0,0,1343,1149,6230.47,1359,522,373,0,0,0,0,0,0,1862.32,1423,1323,776,1666,7904.26
B9EKR1_497_H4N3F2,0,0,0,0,0,0,66.3,49.8,6509.55,169,109,60.5,248,409,219,0,0,0,0,0,0,0,0,0,0,0,0,0,0,0,0,0,0,0,0,0,59.1,288,190,268,266,69.5,0,0,0,0,0,0
Q61330_78_H7N2,0,0,0,0,0,0,2096.5,737,28246.4,0,0,0,0,0,0,0,0,0,858,170,574,0,0,0,0,0,0,0,0,0,0,0,0,0,0,0,0,0,0,0,0,0,1289.87,811,377,0,0,0
Q61885_59_H3N2,0,0,0,0,0,0,289,192,1230.28,244,71.6,289,0,0,0,0,0,0,112,948,167,0,0,0,0,0,0,0,0,0,0,0,0,0,0,0,0,0,0,0,0,0,0,0,0,0,0,0
Q8BXZ1_261_H6N2,0,0,0,0,0,0,37.1,429,187,841,102,199,1363.97,2593.63,943,0,0,0,197,1132.19,151,0,0,0,4701.37,106,128,8567.04,3212.14,962.4,3983.75,3694.88,6965.29,5608.19,4690.29,12861.4,1658.87,4438.36,2884.57,109,2351.52,4174.52,4350.89,3272.85,1275.29,3601.61,544,1079.82
Q63912_103_H5N2,0,0,0,0,0,0,510,1178.8,38783.7,245,468,544,0,0,0,0,0,0,0,0,0,772,293,1507.61,0,0,0,1591.7,588,1415.78,7345.85,3794.18,1354.59,3730.14,2590.8,1518.79,580,1321,763,183,277,527,0,0,0,3124.28,4470.75,3570.35
P11627_670_H3N5F1,0,0,0,0,0,0,308,471,1721.61,548,193,134,0,0,0,0,0,0,677,1747.48,710,0,0,0,574,2174.71,910,1437.5,3297.64,177,6251.17,6923.22,19527.8,708,820,327,1058.86,598,1784.01,0,0,0,1404.53,673,611,0,0,0
Q3TDQ1_620_H8N2,0,0,0,0,0,0,259,221,478,194,300,229,0,0,0,0,0,0,109,334,92.2,266,1127.81,400,0,0,0,633,945,70.8,96.1,141,119,0,0,0,584,484,365,286,585,1610.34,58,96.9,48.6,0,0,0
O54990_291_H3N4F1,0,0,0,0,0,0,128,26.8,1858.82,0,0,0,0,0,0,0,0,0,0,0,0,0,0,0,234,605,706,0,0,0,520,644,2484.36,348,523,397,0,0,0,0,0,0,312,461,321,898,419,543
P14231_220_H4N4F2,0,0,0,0,0,0,425,133,189,1371.1,255,197,0,0,0,0,0,0,1040,1886.13,792,0,0,0,0,0,0,0,0,0,1178.5,93,276,0,0,0,0,0,0,0,0,0,3109.21,3903.83,798,0,0,0
Q9Z218_505_H5N2,0,0,0,0,0,0,193,74.4,2076.93,0,0,0,9722.62,15799.9,18791.9,0,0,0,5508.84,50458.9,4714.83,1583.57,3165.42,2408.71,12630.5,30571.7,8461.39,3492.54,9559.58,1044,9478.29,11253.3,18310.5,9824.55,24424.1,9161.57,14912.9,11835.5,15492,880,2496.66,1484.72,11362.3,5272.83,3956.95,8580.11,10551.9,9082.86
Q63912_152_H6N2,0,0,0,0,0,0,279,81.6,1012.71,0,0,0,68.3,109,129,0,0,0,235.2,814,284,450,1023,1231,2068.86,12065.4,4987.15,5761.74,6748.11,1243,5221.1,4839.43,5853.21,8098.14,8712.76,3114.25,8103.9,9053.74,10811.4,6719.69,4394.25,12869.6,3358.92,3446.51,1456,0,0,0
P14094_193_H6N5F3A1,0,0,0,0,0,0,253,172,2404.36,0,0,0,1774.56,491,421,0,0,0,695,3164.52,946,3568.43,1899.36,6330.88,0,0,0,0,0,0,0,0,0,0,0,0,0,0,0,0,0,0,0,0,0,0,0,0
Q8BLQ9_51_H5N5F3,0,0,0,0,0,0,232,320,3609.29,0,0,0,230,1135.14,697,0,0,0,0,0,0,1038.68,3772.08,1610.34,1155.46,2863.23,2166.03,1250.31,842,358,696,1433.56,1269.15,4355.67,1333.36,313,1375.83,1212.86,1381.09,1543.92,1285.36,2097.19,799,527,163,2591.32,5645.21,12201
Q61220_56_H5N2,0,0,0,0,0,0,324,167,3413.08,0,0,0,0,0,0,994,25019.9,328,0,0,0,383,706,428,0,0,0,1587.8,2084.29,1442.21,1468.4,797,1794.59,283,1922.22,351,0,0,0,0,0,0,0,0,0,0,0,0
P41234_627_H9N2,0,0,0,0,0,0,109,57.2,359,0,0,0,0,0,0,0,0,0,0,0,0,0,0,0,0,0,0,0,0,0,0,0,0,0,0,0,0,0,0,0,0,0,0,0,0,0,0,0
Q64676_442_H7N2,0,0,0,0,0,0,400,151,1455.01,0,0,0,0,0,0,0,0,0,319,473,168,227,760,301,0,0,0,0,0,0,0,0,0,401,312,224,0,0,0,0,0,0,718,1048.42,451,1013.35,291,1183.98
Q64676_442_H6N2,0,0,0,0,0,0,375,190,1412.85,0,0,0,0,0,0,0,0,0,404,411,218,438,929,1049.2,0,0,0,0,0,0,0,0,0,0,0,0,0,0,0,0,0,0,1873.81,1059.88,491,606,1006.73,3112.49
Q9CPW0_436_H3N5F1,0,0,0,0,0,0,733,480,2132.42,0,0,0,0,0,0,0,0,0,0,0,0,0,0,0,0,0,0,1425.46,1186.14,1284.74,3504.22,4268.59,1094.26,1195.54,1791.05,490,0,0,0,0,0,0,1624.58,2712.2,1448.17,979,1288.79,2035.81
O35598_440_H8N2,0,0,0,0,0,0,718,162,4798.88,0,0,0,0,0,0,0,0,0,0,0,0,0,0,0,0,0,0,0,0,0,631,356,2550.7,0,0,0,0,0,0,0,0,0,755,558,418,0,0,0
Q80W14_295_H3N3F1,0,0,0,0,0,0,378,540,1927.29,0,0,0,0,0,0,0,0,0,0,0,0,0,0,0,0,0,0,0,0,0,0,0,0,0,0,0,0,0,0,0,0,0,0,0,0,0,0,0
P14231_238_H10N2,0,0,0,0,0,0,95.5,132,10425.9,0,0,0,0,0,0,0,0,0,116,382,138,0,0,0,0,0,0,0,0,0,0,0,0,0,0,0,0,0,0,0,0,0,0,0,0,0,0,0
Q64689_206_H5N2,0,0,0,0,0,0,34.2,132,179,0,0,0,0,0,0,0,0,0,0,0,0,0,0,0,0,0,0,0,0,0,0,0,0,527,490,292,0,0,0,0,0,0,0,0,0,0,0,0
Q810U3_778_H4N5F3,0,0,0,0,0,0,71.1,155,888,0,0,0,0,0,0,0,0,0,0,0,0,0,0,0,0,0,0,0,0,0,0,0,0,0,0,0,0,0,0,0,0,0,0,0,0,0,0,0
Q60841_3016_H8N2,0,0,0,0,0,0,101,24.1,420,0,0,0,0,0,0,0,0,0,0,0,0,0,0,0,0,0,0,0,0,0,0,0,0,0,0,0,0,0,0,0,0,0,155,350,108,0,0,0
P56528_223_H5N2,0,0,0,0,0,0,850,657,24451.7,0,0,0,0,0,0,0,0,0,97.9,265,255,0,0,0,0,0,0,0,0,0,4588.37,3370.21,5921.96,163,184,2470.14,0,0,0,0,0,0,6380.05,4775,3679.4,0,0,0
P14094_193_H6N7F2A2,0,0,0,0,0,0,257,114,1554.89,0,0,0,0,0,0,1445.1,1166.72,463,1405,4208.17,1622,0,0,0,0,0,0,0,0,0,0,0,0,0,0,0,0,0,0,0,0,0,0,0,0,0,0,0
P14094_193_H5N6F3A1,0,0,0,0,0,0,740,205,2135.32,0,0,0,0,0,0,0,0,0,1322.38,2094.15,775,0,0,0,0,0,0,0,0,0,0,0,0,0,0,0,0,0,0,0,0,0,0,0,0,0,0,0
Q61330_777_H3N5F1,0,0,0,0,0,0,311,312,1069.56,0,0,0,0,0,0,0,0,0,212,417,205,0,0,0,0,0,0,0,0,0,0,0,0,438,867,2768.68,0,0,0,0,0,0,0,0,0,0,0,0
Q7TS74_430_H7N2,0,0,0,0,0,0,142,121,3105.74,0,0,0,0,0,0,0,0,0,127,84.6,66.5,0,0,0,0,0,0,0,0,0,2806.18,2918.37,5173,611,429,3066.04,0,0,0,0,0,0,1385.06,9285.54,1909.64,0,0,0
Q9Z1M0_74_H5N2,0,0,0,0,0,0,1399,3251.73,254,0,0,0,0,0,0,0,0,0,0,0,0,0,0,0,0,0,0,0,0,0,1873.55,3181.59,8308.58,1869.1,865,2637.83,380,313,204,0,0,0,2968.33,3538.19,3141.88,2266.68,4021.11,4066.43
Q3V3R4_459_H8N2,0,0,0,0,0,0,0,0,0,535,1095.56,277,0,0,0,713,2527.45,1063.16,219,319,165,0,0,0,0,0,0,600,655,271,2148.02,1787.56,729,730,678,846,567,490,344,622,371,159,1092.54,1402.13,336,766,783,534
Q9JKR6_931_H3N2,0,0,0,0,0,0,0,0,0,918,407,167,636,455,372,2442.05,351,103,0,0,0,221,574,511,36.4,147,160,876,627,117,0,0,0,645,1218.22,149,339,522,136,138,590,692,0,0,0,864,942,533
P01831_42_H5N3F1A1,0,0,0,0,0,0,0,0,0,330,76.4,374,0,0,0,1087.5,185,637,0,0,0,0,0,0,0,0,0,164,258,265,0,0,0,0,0,0,353,200,237,119,283,2133.69,246,213,367,0,0,0
O88998_103_H3N5F1,0,0,0,0,0,0,0,0,0,3394.71,3596.95,2584.44,618,469,154,1138.3,243,499,0,0,0,854,152,222,1228.95,744,2506.74,21895.4,11491.6,2952.59,0,0,0,1280.92,1739.05,373,1551.55,2170.93,818,1718.45,1213.44,978,0,0,0,2114.69,1536.27,2954.12
Q9JKR6_869_H7N2,0,0,0,0,0,0,0,0,0,4272.3,221,952,2175.55,83,501,0,0,0,0,0,0,0,0,0,0,0,0,0,0,0,556,490,1741.95,1116.86,335,290,1061.17,913,1784.01,0,0,0,688,1589.78,319,1040.49,1352.9,4127.63
Q6NXK7_749_H9N2,0,0,0,0,0,0,0,0,0,918,602,185,1168.7,1909.29,458,1066.94,7966.23,9069.88,449,1337.98,468,3565.04,877,3669.71,525,768,1263.79,3169.8,495,268,1833.21,1163.7,4636.32,4772.14,343,386,1525.23,764,1374.41,5129.26,3667.07,5002.17,1632.87,2277.1,156,0,0,0
Q9D7N9_159_H6N2,0,0,0,0,0,0,0,0,0,1064.51,968,871,425,1039.22,635,1767.64,2537.28,476,218,1837.1,421,1242.72,657,859,7153.48,648,9936.3,4165.53,5396.51,3073.43,3653.4,4848.09,5025.14,3584.81,2171.44,4039.21,575,1410.84,1856.87,886,1185.46,2646.06,816,3537.73,3608.69,0,0,0
Q8BGN3_341_H3N4F1,0,0,0,0,0,0,0,0,0,5027.43,6159.96,9755.31,0,0,0,0,0,0,13976.9,4607.72,10312.8,7343.71,1134.22,615,1169.88,2956.85,15656.5,0,0,0,11327.2,13411.8,17124.1,1782.53,712,2896.97,0,0,0,0,0,0,4471.27,3656.17,17672.3,0,0,0
Q9QYS2_439_H3N4F1,0,0,0,0,0,0,0,0,0,1942.42,90.1,103,0,0,0,376,80.6,243,48,146,70.8,0,0,0,723,3530.41,1690.55,1488.12,2431.94,90.5,0,0,0,0,0,0,0,0,0,375,471,1956.44,0,0,0,0,0,0
Q8VBZ3_295_H6N2,0,0,0,0,0,0,0,0,0,581,874,323,0,0,0,0,0,0,357,160,218,129,1078.31,138,1270.34,3235.7,5291.01,483,1760.2,251,398,344,2084.92,2719.4,4628.48,47.6,0,0,0,86.8,987,1151.51,41.2,227,61.3,132,143,3464.82
P43006_215_H7N6F2A3,0,0,0,0,0,0,0,0,0,979,159,48.2,853,556,48.3,927,446,189,0,0,0,0,0,0,4862.88,4307.19,1485.15,836,1188.7,278,419,726,1644.38,2521.42,1816.84,2941.69,306,130,1936.75,839,1489.93,1933.27,3441.66,1173.5,1004.31,2131.46,5011.26,2075.93
P14231_220_H4N5F2,0,0,0,0,0,0,0,0,0,4676.17,267,500,0,0,0,0,0,0,1112.4,3745.72,1147,0,0,0,0,0,0,0,0,0,1824.3,443,12666.5,0,0,0,0,0,0,0,0,0,1174,681,264.2,0,0,0
Q61361_129_H6N2,0,0,0,0,0,0,0,0,0,2559.93,216,66.7,0,0,0,0,0,0,463,246,339,0,0,0,0,0,0,0,0,0,0,0,0,196,161,313,0,0,0,0,0,0,0,0,0,0,0,0
Q9CPW0_436_H3N2,0,0,0,0,0,0,0,0,0,79.6,106,45.6,0,0,0,0,0,0,37.2,30,17.5,0,0,0,0,0,0,75.1,84.6,103,0,0,0,314,202.6,297,50.3,45.8,1700.1,749,78.5,101,166,285,265,73.7,98.6,681
Q640R3_189_H5N4F1,0,0,0,0,0,0,0,0,0,313,334,911,0,0,0,0,0,0,1011.18,2308.62,1655.54,0,0,0,0,0,0,0,0,0,283,3037.82,765,0,0,0,0,0,0,0,0,0,0,0,0,0,0,0
Q8BXA5_91_H6N2,0,0,0,0,0,0,0,0,0,636,864,240,0,0,0,0,0,0,0,0,0,0,0,0,0,0,0,607,1264.14,470,0,0,0,0,0,0,0,0,0,0,0,0,0,0,0,1504.04,1142.23,3394.54
Q7M729_71_H5N2,0,0,0,0,0,0,0,0,0,237,77.8,121,0,0,0,0,0,0,0,0,0,0,0,0,0,0,0,0,0,0,1382.19,851,881,606,1693.3,1809.46,0,0,0,0,0,0,2335.75,1954.07,966,1299.51,1320.98,1650.24
Q80V42_38_H5N4F1,0,0,0,0,0,0,0,0,0,494,316,130,0,0,0,0,0,0,398,837,218,0,0,0,0,0,0,0,0,0,2889.85,2587.16,5173,0,0,0,0,0,0,0,0,0,3854.28,3118.96,2383.36,0,0,0
Q80V42_38_H4N3F1,0,0,0,0,0,0,0,0,0,676,139,221,0,0,0,0,0,0,466.7,498,556.4,160,243,385,0,0,0,0,0,0,1642.31,1793.27,3739.23,410,446,1055.33,0,0,0,0,0,0,2391.14,1744,1948.68,203,705,2700.5
Q61885_59_H5N5F1A1,0,0,0,0,0,0,0,0,0,1232.03,857,1008.67,0,0,0,0,0,0,1007,2359.41,704,62.3,840,114,0,0,0,0,0,0,841,1503.4,7354.71,0,0,0,0,0,0,0,0,0,2733.34,3775.69,1842.96,5440.44,6149.68,17718.8
Q6NXK7_91_H4N5F2,0,0,0,0,0,0,0,0,0,1101.63,889,599,0,0,0,0,0,0,0,0,0,0,0,0,0,0,0,1235.86,3866.66,1332.17,622,1072.47,4651,0,0,0,683,1517.67,1160.55,2328.4,280,2183.03,2061.95,989,463,0,0,0
Q61490_167_H3N4F1,0,0,0,0,0,0,0,0,0,1560.6,1686.38,6705.76,0,0,0,0,0,0,190,948,383,5972.05,2833.97,12066.6,184,394,372,24062.6,25164.4,5853.55,6564.83,2244.82,14527.7,20383.1,22203.4,7636.26,1663.19,1106.38,8812.61,12625.2,8898.24,12379.1,255,98.2,305,32897.2,15929.7,57170.3
Q61885_59_H5N5F1A2,0,0,0,0,0,0,0,0,0,1132.27,610,1429.56,0,0,0,0,0,0,3417.65,2610.2,2218.7,0,0,0,0,0,0,0,0,0,3968,3492.17,38487.8,0,0,0,0,0,0,0,0,0,1621.96,1800.37,2888.26,0,0,0
Q80X71_184_H7N2,0,0,0,0,0,0,0,0,0,273,25.4,81.6,0,0,0,0,0,0,0,0,0,0,0,0,94.5,395,359,0,0,0,2081.6,931,1006.93,0,0,0,0,0,0,0,0,0,176,297,537,418,118,1136.4
Q7TS74_430_H4N2,0,0,0,0,0,0,0,0,0,3060.7,5535.9,2472.57,0,0,0,0,0,0,3829.85,2016.21,5345.19,2134.57,4521.32,4643.4,0,0,0,0,0,0,1264.34,196,245,0,0,0,0,0,0,0,0,0,2113.41,2057.51,569,0,0,0
Q7M729_113_H6N2,0,0,0,0,0,0,0,0,0,663,898,1528.44,0,0,0,0,0,0,672,2497.84,510,905,66.2,1218.67,0,0,0,0,0,0,28833.4,10258.3,3832.91,25638.4,26789.7,3931.5,0,0,0,270,156,357,33280.4,29421.5,7873.76,31460.3,20332,7842.72
P11881_2503_H8N2,0,0,0,0,0,0,0,0,0,548,192,29.7,0,0,0,0,0,0,0,0,0,0,0,0,0,0,0,217,123,1167.68,0,0,0,413,678,2218.7,0,0,0,0,0,0,0,0,0,366,834,362
Q32M26_26_H8N2,0,0,0,0,0,0,0,0,0,270,101,96.5,0,0,0,0,0,0,0,0,0,0,0,0,0,0,0,0,0,0,0,0,0,695,552,871,0,0,0,0,0,0,0,0,0,0,0,0
Q8BYI9_55_H3N2F1,0,0,0,0,0,0,0,0,0,688,411,302,0,0,0,0,0,0,204,415,177,263,1242.31,503,0,0,0,307,41.9,220,451,734,353,758,877,3997.25,0,0,0,0,0,0,857,500,742,782,1437.29,1786.34
P02468_1378_H3N3F1,0,0,0,0,0,0,0,0,0,251,108,56.7,0,0,0,0,0,0,0,0,0,0,0,0,0,0,0,0,0,0,0,0,0,0,0,0,0,0,0,0,0,0,82.7,197,70.3,0,0,0
P24668_58_H7N2,0,0,0,0,0,0,0,0,0,13647.7,1418.85,1861.07,256,107,219,763,163,1552.03,73.6,764,75.1,373,204,210,0,0,0,0,0,0,0,0,0,0,0,0,0,0,0,0,0,0,0,0,0,0,0,0
P02468_1378_H6N4F1A1,0,0,0,0,0,0,0,0,0,157,129,121,0,0,0,0,0,0,0,0,0,0,0,0,0,0,0,0,0,0,0,0,0,0,0,0,0,0,0,0,0,0,0,0,0,0,0,0
O08545_38_H3N2,0,0,0,0,0,0,0,0,0,326,120,84.5,0,0,0,0,0,0,0,0,0,0,0,0,0,0,0,0,0,0,0,0,0,291,99.6,769,0,0,0,0,0,0,169,187,121,0,0,0
Q8BGN3_100_H3N3F1,0,0,0,0,0,0,0,0,0,383,149,261,0,0,0,0,0,0,0,0,0,878,553,959,0,0,0,0,0,0,0,0,0,0,0,0,0,0,0,0,0,0,0,0,0,0,0,0
Q6P9K9_757_H3N4F1,0,0,0,0,0,0,0,0,0,1843.39,222,355,0,0,0,0,0,0,0,0,0,0,0,0,0,0,0,0,0,0,622,379,833,1551.28,1567.43,530,0,0,0,779,1024.02,2068.69,1195.48,443,834,1386.57,441,1076.81
Q9Z218_505_H3N5,0,0,0,0,0,0,0,0,0,511,206,132,0,0,0,0,0,0,0,0,0,0,0,0,0,0,0,1663.72,2486.91,1479,0,0,0,0,0,0,774,773,660,412,707,1083.83,0,0,0,0,0,0
Q9QUR8_256_H6N2,0,0,0,0,0,0,0,0,0,4870.33,241,494,0,0,0,0,0,0,0,0,0,0,0,0,3021.14,11596.2,4726.2,1971.24,2028.26,857,929,1616.69,2529.47,2855,6172.54,4557.97,884,2110,2618.55,1322.07,3400.9,2190.11,2644.66,4895.44,762,3349.52,2889.05,2839.04
Q9QUR8_256_H5N2,0,0,0,0,0,0,0,0,0,5091.16,682,111,0,0,0,0,0,0,0,0,0,1341.55,559,236,0,0,0,0,0,0,1718.6,542,3009.41,862,7795.13,608,0,0,0,274,705,779,0,0,0,1141.38,1339.5,3264.07
Q8BXA5_230_H8N2,0,0,0,0,0,0,0,0,0,688,1105.83,311,0,0,0,0,0,0,0,0,0,0,0,0,0,0,0,0,0,0,0,0,0,0,0,0,1064.58,1052.43,647,1108.27,2412,1518.8,0,0,0,0,0,0
Q69Z26_893_H3N4F1,0,0,0,0,0,0,0,0,0,1753.61,223,168,0,0,0,0,0,0,0,0,0,0,0,0,0,0,0,1756.13,1838.09,267,0,0,0,1002.49,555,702,0,0,0,743,1038.03,959,0,0,0,793,879,565
Q91ZX7_447_H4N2,0,0,0,0,0,0,0,0,0,509,180,118,0,0,0,0,0,0,0,0,0,0,0,0,764,699,1055.55,826,1216.52,387,279,174,1164.55,968,1022.55,1196.68,375,390,883,410,525,744,239,244,194,0,0,0
Q61503_335_H3N5F1,0,0,0,0,0,0,0,0,0,605,727,595,0,0,0,0,0,0,0,0,0,2017.76,1064.79,1115.06,0,0,0,0,0,0,0,0,0,1945.51,2017.25,5276.84,0,0,0,0,0,0,0,0,0,0,0,0
Q61490_361_H3N3F1,0,0,0,0,0,0,0,0,0,548,195,176,0,0,0,0,0,0,0,0,0,0,0,0,0,0,0,0,0,0,0,0,0,0,0,0,0,0,0,0,0,0,0,0,0,0,0,0
P70302_171_H7N2,0,0,0,0,0,0,0,0,0,358,493,562,262,105,86.3,0,0,0,0,0,0,344,460,557,0,0,0,274,192,77.3,0,0,0,3796.96,947,1312.06,114,1044.53,149,0,0,0,661,1093.03,755,2995.15,1614.56,4309.84
P70302_171_H6N2,0,0,0,0,0,0,0,0,0,1714.75,101,142,0,0,0,0,0,0,0,0,0,486,213,99.2,0,0,0,180,2730.94,2090.64,0,0,0,735,874,1957.92,3314.77,1534.48,2843.6,0,0,0,1087.36,1450.31,432,337,784,7149.66
Q91X78_108_H8N2,0,0,0,0,0,0,0,0,0,662,615,285,0,0,0,0,0,0,0,0,0,440,2206.06,1500,394,2005.82,553,1563.87,706,8239.01,0,0,0,3482.22,2557.28,701,1533.7,1224.34,769,619,1204.27,1551.58,0,0,0,2327.82,1076.79,2632.73
Q8CJH3_31_H5N2,0,0,0,0,0,0,0,0,0,390,184,84.5,0,0,0,0,0,0,0,0,0,204,448,129,141,733,1431.77,4391.1,1736.91,1544.49,3638.34,1240.78,7382.85,3513.25,2362.04,1615.79,684,1112.72,476,478,1263.71,666,3008.63,1829.33,3435.86,2782.36,888,1705.92
P60755_92_H5N2,0,0,0,0,0,0,0,0,0,3871.8,1348.62,3904.46,0,0,0,0,0,0,0,0,0,243,490,2603.77,0,0,0,0,0,0,1256.36,1281.62,3374.95,10596.2,5072.05,555,947,2676.88,2093.47,1797.58,2793.65,2817.15,1133.87,2124.4,1032.53,7681.41,9315.25,23896.6
Q05186_47_H6N2,0,0,0,0,0,0,0,0,0,4500.41,1411.51,821,0,0,0,0,0,0,0,0,0,0,0,0,0,0,0,0,0,0,0,0,0,0,0,0,0,0,0,0,0,0,0,0,0,0,0,0
Q05186_47_H5N2F1,0,0,0,0,0,0,0,0,0,268,152,84.3,0,0,0,0,0,0,0,0,0,0,0,0,0,0,0,0,0,0,0,0,0,0,0,0,0,0,0,0,0,0,0,0,0,0,0,0
Q05186_47_H3N2F1,0,0,0,0,0,0,0,0,0,440,154,174,0,0,0,0,0,0,0,0,0,0,0,0,0,0,0,0,0,0,0,0,0,0,0,0,0,0,0,0,0,0,0,0,0,0,0,0
P70699_470_H5N2,0,0,0,0,0,0,0,0,0,686,296,223,0,0,0,0,0,0,0,0,0,0,0,0,525,906,2185.71,54.5,549,416,0,0,0,0,0,0,69.2,48,160,127,140,279,0,0,0,0,0,0
Q810U3_1047_H4N5F1A1,0,0,0,0,0,0,0,0,0,1241.65,482,407,3443.77,2855.27,1698.07,0,0,0,967,1350.58,496,551,927,683,1572.45,2034.63,2467.38,0,0,0,0,0,0,376,55.8,316,0,0,0,1967.49,1815.41,1654.64,0,0,0,0,0,0
P39087_412_H3N5F1,0,0,0,0,0,0,0,0,0,642,44.4,414,0,0,0,0,0,0,0,0,0,0,0,0,0,0,0,322,96.5,252,0,0,0,0,0,0,349,198,333,0,0,0,0,0,0,0,0,0
O09117_72_H3N2F1,0,0,0,0,0,0,0,0,0,1942.42,138,103,0,0,0,0,0,0,170,139,154,0,0,0,0,0,0,0,0,0,0,0,0,0,0,0,0,0,0,0,0,0,0,0,0,0,0,0
Q9WU60_382_H3N4F1,0,0,0,0,0,0,0,0,0,837,279,322,0,0,0,0,0,0,0,0,0,0,0,0,0,0,0,0,0,0,0,0,0,0,0,0,0,0,0,0,0,0,0,0,0,0,0,0
Q3UUQ7_234_H4N2,0,0,0,0,0,0,0,0,0,1541.86,201,67.7,0,0,0,0,0,0,0,0,0,0,0,0,0,0,0,0,0,0,0,0,0,0,0,0,0,0,0,0,0,0,0,0,0,0,0,0
Q61627_498_H3N5F1,0,0,0,0,0,0,0,0,0,264,105,78.6,383,209,150,0,0,0,0,0,0,0,0,0,336,258,638,399,361,416,0,0,0,554,627,1096.07,0,0,0,659,140,587,187,184,181,0,0,0
Q9WTS6_1211_H5N2,0,0,0,0,0,0,0,0,0,654,274,272,0,0,0,0,0,0,0,0,0,0,0,0,0,0,0,0,0,0,0,0,0,0,0,0,0,0,0,0,0,0,0,0,0,0,0,0
P11627_968_H3N4F1,0,0,0,0,0,0,0,0,0,461,109,115,0,0,0,0,0,0,0,0,0,0,0,0,0,0,0,0,0,0,0,0,0,0,0,0,0,0,0,0,0,0,0,0,0,0,0,0
P14094_158_H4N6F1A1,0,0,0,0,0,0,0,0,0,311,76.3,157,0,0,0,0,0,0,368,165,104,258,610,114,0,0,0,0,0,0,2312.29,3913.43,6984.62,2142.03,3543.26,8510.28,1635.35,1218.52,1475.53,0,0,0,2534.77,6987.14,1958.15,1312.34,2175.41,1779.36
O08532_824_H8N2,0,0,0,0,0,0,0,0,0,739,197,234,580,1665.2,845,0,0,0,0,0,0,0,0,0,10910.8,6556.96,4484.08,6943.1,7914.26,3089.37,5784.6,4535.88,25005.4,9051.06,8312.88,2394.03,8446.54,10717.1,7696.73,11456.9,7950.93,18820.3,2931.82,7947.52,1619.44,0,0,0
O54991_764_H6N2,0,0,0,0,0,0,0,0,0,788,415,403,0,0,0,0,0,0,0,0,0,0,0,0,0,0,0,0,0,0,0,0,0,482,416,80,0,0,0,0,0,0,1452.42,632,1117.85,0,0,0
Q91ZX7_1646_H5N2,0,0,0,0,0,0,0,0,0,1097.54,44.7,50.4,0,0,0,0,0,0,0,0,0,0,0,0,0,0,0,0,0,0,0,0,0,0,0,0,0,0,0,0,0,0,0,0,0,0,0,0
Q8C129_695_H9N2,0,0,0,0,0,0,0,0,0,169,107,58.8,453,268,203,0,0,0,0,0,0,0,0,0,0,0,0,0,0,0,0,0,0,0,0,0,0,0,0,0,0,0,0,0,0,0,0,0
P70407_535_H5N2,0,0,0,0,0,0,0,0,0,223,37.6,37.7,0,0,0,0,0,0,0,0,0,0,0,0,0,0,0,0,0,0,0,0,0,0,0,0,0,0,0,0,0,0,0,0,0,0,0,0
P14231_220_H5N3F1A1,0,0,0,0,0,0,0,0,0,264,60.4,79.5,0,0,0,0,0,0,0,0,0,0,0,0,0,0,0,0,0,0,0,0,0,0,0,0,0,0,0,0,0,0,0,0,0,0,0,0
Q9WV18_481_H9N2,0,0,0,0,0,0,0,0,0,223,64.2,41.8,0,0,0,0,0,0,0,0,0,21.7,66.2,36.1,0,0,0,0,0,0,0,0,0,0,0,0,0,0,0,0,0,0,0,0,0,0,0,0
Q8BYI9_1261_H4N3F2,0,0,0,0,0,0,0,0,0,966,734,736,0,0,0,0,0,0,0,0,0,47.6,1069.89,115,3605.22,12249.3,3933.94,3463.12,1356.32,55.8,40.8,45.1,1941.68,2051.08,3807.59,1776,3715.78,4387.57,7400.43,0,0,0,448,122,611,2762.34,4093.64,1646
Q05186_47_H3N3F1,0,0,0,0,0,0,0,0,0,253,264,326,0,0,0,0,0,0,0,0,0,236,69.7,327,0,0,0,0,0,0,0,0,0,0,0,0,0,0,0,0,0,0,0,0,0,0,0,0
Q9CPW0_436_H3N5,0,0,0,0,0,0,0,0,0,7154.59,4155,2409.07,0,0,0,0,0,0,7735.7,6647.5,3704.98,0,0,0,0,0,0,19179,23908.9,35850.4,0,0,0,27154.6,19827.2,3242.56,8773.88,9829.75,6238.45,0,0,0,0,0,0,0,0,0
Q9JI18_220_H5N2,0,0,0,0,0,0,0,0,0,351,97,118,0,0,0,0,0,0,0,0,0,0,0,0,0,0,0,0,0,0,0,0,0,0,0,0,372,85.9,114,0,0,0,0,0,0,0,0,0
P97797_92_H3N2,0,0,0,0,0,0,0,0,0,0,0,0,270,401,676,1149,699,1050,133,226,110,0,0,0,602,3276.99,3760.48,5108.49,4041.6,1520,289,382,1250.68,1281.04,1538.56,2523.52,2598.78,3234.85,2923.82,3401.17,3419.08,5787.26,2249.39,1728.65,1168,885,634,2203.41
Q61490_306_H3N5F1,0,0,0,0,0,0,0,0,0,0,0,0,129,561,259,0,0,0,0,0,0,0,0,0,1354.58,1704.63,1122.03,964,709,1999.36,1583.23,1433.68,1930.36,0,0,0,0,0,0,0,0,0,0,0,0,0,0,0
P43406_869_H8N2,0,0,0,0,0,0,0,0,0,0,0,0,209,72.7,123,993,499,1193,41.5,301,20.7,86.4,398,475,0,0,0,250,233,525,145,93.7,170,368,97.2,232,0,0,0,398,599,394,169,187,63.2,215,228,561
Q8BYW9_354_H5N2,0,0,0,0,0,0,0,0,0,0,0,0,122,196,339,0,0,0,0,0,0,684,615,849,282,1995.17,1189.45,0,0,0,1163.09,605,2205.37,2422.74,362,285,0,0,0,1822.24,2026.09,1945.14,123,965,499,0,0,0
Q9R0M0_2061_H6N2,0,0,0,0,0,0,0,0,0,0,0,0,339,172,149,0,0,0,0,0,0,0,0,0,359,860,973,545,523,362,0,0,0,425,388,115,279,293,390,590,625,393,0,0,0,263,307,399
O35598_440_H6N2,0,0,0,0,0,0,0,0,0,0,0,0,324,247,521,0,0,0,0,0,0,253,424,445,0,0,0,389,213,677,0,0,0,477,284,185,51.8,181,496,655,194,66.7,0,0,0,512,659,517
P24668_84_H4N5F2,0,0,0,0,0,0,0,0,0,0,0,0,731,156,238,0,0,0,0,0,0,0,0,0,100,372,229,308,119,47.7,0,0,0,0,0,0,0,0,0,0,0,0,0,0,0,0,0,0
Q99JP7_198_H5N2,0,0,0,0,0,0,0,0,0,0,0,0,482,1195.94,1515.05,0,0,0,745,2128.7,1316.07,0,0,0,0,0,0,2282.02,6374.6,1643.5,0,0,0,6228.18,4053.24,1282.66,1316.77,6558.33,634,10299.2,19476,20561.8,0,0,0,0,0,0
P97797_168_H4N2,0,0,0,0,0,0,0,0,0,0,0,0,123,242,74.4,572,158,577,0,0,0,89.8,317,471,124,344,729,1158,2253.95,1066,259,553,50.2,605,734,704,415,469,469,733.9,769,701,526,272,557,953,582,846
Q9Z218_112_H5N3F1,0,0,0,0,0,0,0,0,0,0,0,0,760,288,579,0,0,0,0,0,0,0,0,0,2026.7,3092.33,407,815,860,933,1394.78,600,1669.68,0,0,0,219,939,1225.5,601,397,738,1330.84,606,412,0,0,0
Q9JKR6_515_H9N2,0,0,0,0,0,0,0,0,0,0,0,0,987,1865.55,2362.59,0,0,0,0,0,0,705,1639.01,1535.87,3274.07,3505.61,1027.31,5471.26,3040.68,1303.92,0,0,0,0,0,0,5115.39,3426.47,4209.49,2642.64,3444.5,2247.02,1135.38,187,325,0,0,0
Q91ZX7_3954_H5N2F1,0,0,0,0,0,0,0,0,0,0,0,0,555,783,91.2,0,0,0,0,0,0,0,0,0,0,0,0,6362.99,3801.27,3576.8,0,0,0,0,0,0,2623.85,1589.12,4055.67,4572.27,3864.55,3398.18,3122.87,1205.17,3164.76,0,0,0
Q80T41_388_H5N4F1,0,0,0,0,0,0,0,0,0,0,0,0,1185.74,725,1297.64,779,644,1252.33,0,0,0,0,0,0,0,0,0,1715.15,617,267,2040.78,4700.21,7482.98,0,0,0,1705.15,2012.26,1634.34,842,1320.54,1920,4786.9,4709.46,3362.49,0,0,0
Q9Z2W9_374_H3N5F1,0,0,0,0,0,0,0,0,0,0,0,0,1568.86,2068.08,2152.84,0,0,0,0,0,0,0,0,0,1446.37,6150.98,942,2699.94,3150.16,661,0,0,0,909,761,843,2454.5,1814.1,1937.27,0,0,0,0,0,0,0,0,0
Q6P9K9_1287_H3N4F1,0,0,0,0,0,0,0,0,0,0,0,0,759,289,579,0,0,0,0,0,0,782,280,1297.28,0,0,0,283,668,665,0,0,0,0,0,0,1019.26,592,391,1177.72,396,492,0,0,0,0,0,0
P01831_94_H6N4F2,0,0,0,0,0,0,0,0,0,0,0,0,1969.06,1354.83,2024.38,2400.6,3547.14,4823.51,0,0,0,419,3630.36,909,0,0,0,14252.6,11898,1511.1,1312.92,5793.41,92668.1,3300.6,15750.3,1912.16,2239.44,2166,1721.18,0,0,0,295,229,150,0,0,0
Q3UHK6_1707_H8N2,0,0,0,0,0,0,0,0,0,0,0,0,192,116,1083.21,698,1135.25,136,0,0,0,0,0,0,0,0,0,0,0,0,0,0,0,0,0,0,0,0,0,0,0,0,0,0,0,1430.58,382,197
Q61735_109_H7N2,0,0,0,0,0,0,0,0,0,0,0,0,538,333,568,1110.21,642,737,0,0,0,0,0,0,0,0,0,0,0,0,125,695,3502.67,943,1841.89,888,0,0,0,0,0,0,0,0,0,1788.73,845,7677.26
Q60805_91_H5N2,0,0,0,0,0,0,0,0,0,0,0,0,430,169,59.5,0,0,0,430,131,40.3,0,0,0,0,0,0,0,0,0,0,0,0,0,0,0,0,0,0,0,0,0,0,0,0,0,0,0
P14094_193_H6N6F1A4,0,0,0,0,0,0,0,0,0,0,0,0,1973.4,2263.58,3677.87,2220.57,1689.58,2288.19,2191.8,5219.97,696,585,2413.95,1757.75,0,0,0,0,0,0,0,0,0,0,0,0,0,0,0,0,0,0,0,0,0,0,0,0
P14094_193_H6N5F4A1,0,0,0,0,0,0,0,0,0,0,0,0,232,7126.5,467,0,0,0,4691.79,3639.5,1618.04,0,0,0,0,0,0,0,0,0,0,0,0,0,0,0,0,0,0,0,0,0,0,0,0,0,0,0
Q6GQT9_361_H5N2,0,0,0,0,0,0,0,0,0,0,0,0,1032,407.8,125,0,0,0,0,0,0,140,1565.52,160,3422,3794.62,5159.67,9720.47,2934.54,1361.46,1092.9,526,4787.97,3237.06,5765.42,2178.28,1636.14,2448.21,2412.5,1602.7,1191.77,3352.9,1024.67,907,586,974,714,4390.37
Q9Z218_258_H4N3,0,0,0,0,0,0,0,0,0,0,0,0,650,423,970,618,876,295,0,0,0,0,0,0,0,0,0,0,0,0,0,0,0,203,205,34.1,893,655,1034.13,1015.99,461,564,78.3,81.5,40.1,0,0,0
Q61207_80_H5N2F1,0,0,0,0,0,0,0,0,0,0,0,0,3426.08,4325.66,2251.46,0,0,0,912,3289.07,1050.49,0,0,0,0,0,0,633,945,1609.58,36.9,75,358,1578.27,2406.64,831,0,0,0,0,0,0,0,0,0,0,0,0
Q80V42_38_H3N5F1,0,0,0,0,0,0,0,0,0,0,0,0,453,453,356,0,0,0,731,1138,844,1031.08,2250.03,876,0,0,0,0,0,0,599,456,368,1274.07,176.1,438,346,479,456,0,0,0,506,567,506,0,0,0
Q3UHK6_1886_H3N5F1,0,0,0,0,0,0,0,0,0,0,0,0,2269.97,81.1,293,0,0,0,0,0,0,0,0,0,238,487,429,275,154,312,527,229,416,324,367,756,329,321,357,464,147,278,680,361,183,367,834,277
Q810U3_778_H4N5F2,0,0,0,0,0,0,0,0,0,0,0,0,222,425,978,0,0,0,170,535,153,0,0,0,0,0,0,0,0,0,0,0,0,0,0,0,0,0,0,0,0,0,1067.57,974,1560.22,0,0,0
Q00493_390_H5N2,0,0,0,0,0,0,0,0,0,0,0,0,1552.85,1126.94,827,0,0,0,0,0,0,0,0,0,1148.13,511,209,0,0,0,0,0,0,0,0,0,293,200,774,0,0,0,0,0,0,0,0,0
P26048_138_H9N2,0,0,0,0,0,0,0,0,0,0,0,0,615,1192.96,2277.05,0,0,0,0,0,0,928,4077.69,1049.81,0,0,0,0,0,0,890,584,952,2104.61,2937.99,148,0,0,0,0,0,0,1696.95,986,290,4805.21,3411.88,2171.95
Q01097_444_H3N5F1,0,0,0,0,0,0,0,0,0,0,0,0,4162.33,3348.75,4241.27,0,0,0,0,0,0,445,1356.97,880,18193.2,3045.88,8905.21,12365.2,6707.47,699,434,289,10255.2,8518.91,8038.62,8227.49,11566.5,17382.6,18108,1894.44,7737.02,5211.45,260,652,252,6930.34,4095.17,11178.5
Q9D6F4_144_H8N2,0,0,0,0,0,0,0,0,0,0,0,0,972,686,939,0,0,0,0,0,0,1953.79,3888.34,1688.45,0,0,0,2187.53,528,642,0,0,0,9518.12,10028.3,3769.06,0,0,0,1052.16,1248.18,1584.47,848,590,404,698,1353.54,4127.63
Q810U4_270_H3N4F1,0,0,0,0,0,0,0,0,0,0,0,0,902,903,2466.05,0,0,0,0,0,0,0,0,0,1029.74,612,1202.92,1893.9,2225.8,1325.09,1751.3,541,3030.01,1201,1539,2059.39,4188.31,4188.47,6418.04,3366.9,6067.61,3137.88,692.2,5463.07,972,2930.16,1951.76,4290.31
Q9JKF6_202_H5N2,0,0,0,0,0,0,0,0,0,0,0,0,961,679,918,0,0,0,0,0,0,0,0,0,0,0,0,225,922,151,0,0,0,336,82.9,141,1235,939,1141,289,119,290,430,774,402,198,219,1020.39
O09117_72_H6N3F1,0,0,0,0,0,0,0,0,0,0,0,0,538,332,816,0,0,0,0,0,0,896,2231.59,1042.65,655,400,325,311,166,1274.92,3181.25,1712.83,3306.56,546,194,8.95,481,401,690,0,0,0,2505.69,1895.23,1308.03,0,0,0
P12960_494_H9N2,0,0,0,0,0,0,0,0,0,0,0,0,87,90.3,98.2,0,0,0,0,0,0,0,0,0,0,0,0,0,0,0,0,0,0,0,0,0,211,115,653,0,0,0,0,0,0,0,0,0
Q9WV18_439_H9N2,0,0,0,0,0,0,0,0,0,0,0,0,1079.9,178,167,0,0,0,0,0,0,0,0,0,428,1124.18,442,805,766,191,0,0,0,709,1328.12,223,560,511,328,821,1331.12,346,308,354,272,514,868,1192.07
Q9WV18_439_H3N5F1,0,0,0,0,0,0,0,0,0,0,0,0,5140.53,5112.63,4990.68,0,0,0,0,0,0,0,0,0,0,0,0,3226.95,1372.58,691,0,0,0,0,0,0,2742.71,3584.22,1916.55,0,0,0,0,0,0,0,0,0
P14094_193_H6N6F3A1,0,0,0,0,0,0,0,0,0,0,0,0,4635.33,1918.03,2319.7,0,0,0,2209.22,3232.88,983,1895.3,2124.89,5818.13,0,0,0,0,0,0,0,0,0,0,0,0,0,0,0,0,0,0,0,0,0,0,0,0
P43006_215_H7N5F3A1,0,0,0,0,0,0,0,0,0,0,0,0,633,390,276,0,0,0,0,0,0,0,0,0,0,0,0,0,0,0,0,0,0,0,0,0,0,0,0,0,0,0,0,0,0,0,0,0
P14094_193_H5N6F1A2,0,0,0,0,0,0,0,0,0,0,0,0,1634.66,2573.06,4050.59,0,0,0,211,378,232,355,1601.21,677,0,0,0,0,0,0,0,0,0,0,0,0,0,0,0,0,0,0,0,0,0,0,0,0
P14231_96_H7N2,0,0,0,0,0,0,0,0,0,0,0,0,1032.29,600,676,0,0,0,197,489,1232.21,0,0,0,0,0,0,659,601,308,4082.63,3885.08,2988.75,762,1013.1,4680.65,2711.8,1347.02,799,0,0,0,821,3552.25,398,1896.66,1835.55,12104.9
O54991_519_H9N2,0,0,0,0,0,0,0,0,0,0,0,0,537,242,556,0,0,0,138,657,249,0,0,0,0,0,0,0,0,0,869,786,5399.78,3449.57,5557.23,2398.82,0,0,0,0,0,0,764,237,181,0,0,0
P97797_92_H5N4F1,0,0,0,0,0,0,0,0,0,0,0,0,116,203,322,0,0,0,557,894,548,0,0,0,0,0,0,0,0,0,0,0,0,1124.44,956,183,1609.45,1521.73,1578.96,0,0,0,1465.63,700,590,0,0,0
P97797_92_H6N2,0,0,0,0,0,0,0,0,0,0,0,0,3857.54,2684.69,8304.58,7319.46,7389.35,4981.83,0,0,0,0,0,0,0,0,0,0,0,0,0,0,0,0,0,0,0,0,0,0,0,0,0,0,0,0,0,0
P16305_128_H7N2,0,0,0,0,0,0,0,0,0,0,0,0,6698.75,6735.18,6319.74,0,0,0,0,0,0,0,0,0,0,0,0,0,0,0,0,0,0,0,0,0,5247.88,6166.36,9045.24,0,0,0,0,0,0,0,0,0
Q8R0A6_175_H3N5F1,0,0,0,0,0,0,0,0,0,0,0,0,181,864,116,0,0,0,0,0,0,0,0,0,0,0,0,0,0,0,1059.82,219,258,0,0,0,0,0,0,0,0,0,914,240,111,0,0,0
Q810U3_1047_H4N4F1,0,0,0,0,0,0,0,0,0,0,0,0,278,491,48.6,0,0,0,0,0,0,0,0,0,828,1405.97,12791.9,0,0,0,0,0,0,0,0,0,609,811,911,793,1259.95,724,900.9,1136,930,0,0,0
P43006_215_H5N4F3,0,0,0,0,0,0,0,0,0,0,0,0,160,425,970,0,0,0,0,0,0,0,0,0,348,5913.99,526,2244.61,849,74.1,0,0,0,1285.63,423,667,2023.27,1681.91,2511.35,1320.95,2017.81,1503.96,0,0,0,1655.35,1818.43,12379.9
P43006_215_H5N4F2,0,0,0,0,0,0,0,0,0,0,0,0,176,86.6,211,0,0,0,0,0,0,0,0,0,0,0,0,270,144,76.7,0,0,0,0,0,0,0,0,0,162,511,430,0,0,0,0,0,0
P12960_935_H4N5F2,0,0,0,0,0,0,0,0,0,0,0,0,1116.91,796,1578.86,0,0,0,0,0,0,0,0,0,191,3848.83,300,0,0,0,2071.78,420,10601.2,2757.25,1507.33,1810.49,198,177,783,0,0,0,0,0,0,0,0,0
P97300_196_H6N4F3,0,0,0,0,0,0,0,0,0,0,0,0,898,222,534,0,0,0,0,0,0,0,0,0,0,0,0,1316.22,1868.3,2092.51,0,0,0,0,0,0,0,0,0,0,0,0,552,329,499,0,0,0
Q01097_74_H4N4F2,0,0,0,0,0,0,0,0,0,0,0,0,732,253,733,0,0,0,0,0,0,0,0,0,562,366,1177.07,1210.96,832,246,0,0,0,0,0,0,821,414,765,899,718,1077.12,0,0,0,0,0,0
Q01097_74_H4N5F2,0,0,0,0,0,0,0,0,0,0,0,0,530,292,807,0,0,0,0,0,0,0,0,0,666,267,279,478,924,376,0,0,0,124,278,143,883,926,399,1054.74,1002.65,465,0,0,0,0,0,0
P11627_875_H3N5F1,0,0,0,0,0,0,0,0,0,0,0,0,551,325,521,0,0,0,226,207,160,0,0,0,0,0,0,0,0,0,610,248,206,165,86.7,1428.25,0,0,0,0,0,0,101,640,131,0,0,0
Q9Z2W9_260_H6N2,0,0,0,0,0,0,0,0,0,0,0,0,862,192,194,0,0,0,0,0,0,0,0,0,0,0,0,0,0,0,0,0,0,435.7,903,247.6,98.7,288,508,0,0,0,0,0,0,0,0,0
P57716_579_H5N2,0,0,0,0,0,0,0,0,0,0,0,0,232,678,455,0,0,0,0,0,0,0,0,0,0,0,0,0,0,0,0,0,0,0,0,0,0,0,0,0,0,0,0,0,0,0,0,0
P97797_92_H5N4,0,0,0,0,0,0,0,0,0,0,0,0,52440.2,1025.79,962,0,0,0,0,0,0,0,0,0,0,0,0,0,0,0,0,0,0,0,0,0,0,0,0,0,0,0,0,0,0,0,0,0
P11627_293_H4N5F2,0,0,0,0,0,0,0,0,0,0,0,0,488,717,723,0,0,0,0,0,0,0,0,0,1437.59,2522.69,2497.6,0,0,0,0,0,0,0,0,0,0,0,0,0,0,0,0,0,0,0,0,0
Q8BME9_85_H3N4F1,0,0,0,0,0,0,0,0,0,0,0,0,547,256,514,0,0,0,0,0,0,0,0,0,0,0,0,0,0,0,0,0,0,985,1475.19,856,479,537,626,0,0,0,0,0,0,0,0,0
P97797_92_H3N5F1,0,0,0,0,0,0,0,0,0,0,0,0,10187.9,2400.66,2512.26,0,0,0,0,0,0,0,0,0,0,0,0,0,0,0,0,0,0,0,0,0,0,0,0,0,0,0,0,0,0,0,0,0
Q80TS3_676_H3N5F1,0,0,0,0,0,0,0,0,0,0,0,0,366,235,210,0,0,0,0,0,0,0,0,0,0,0,0,0,0,0,0,0,0,0,0,0,0,0,0,0,0,0,273,246,78.8,0,0,0
Q3TVI8_455_H5N2,0,0,0,0,0,0,0,0,0,0,0,0,625,46.4,140,0,0,0,0,0,0,0,0,0,0,0,0,0,0,0,243,192,438,270,435,212,450,658,386,0,0,0,464,385,221,0,0,0
Q62443_154_H4N5F2,0,0,0,0,0,0,0,0,0,0,0,0,1196.4,1107.22,4333.44,0,0,0,0,0,0,0,0,0,5047.24,14506.6,2469.35,851,1859.02,2092.51,0,0,0,684,387,1076.51,3241.31,3061.96,883,0,0,0,361,234,585,0,0,0
P16305_128_H6N2,0,0,0,0,0,0,0,0,0,0,0,0,5045.77,5510.12,2781.6,0,0,0,0,0,0,0,0,0,10319,18626.7,38774,885,4862.93,167,0,0,0,546,195,45281.8,8646.14,7923.16,6948.12,0,0,0,0,0,0,0,0,0
Q03137_235_H4N4F2,0,0,0,0,0,0,0,0,0,0,0,0,234,83.8,313,0,0,0,0,0,0,0,0,0,0,0,0,0,0,0,0,0,0,460,506,215,0,0,0,0,0,0,0,0,0,0,0,0
P35436_443_H3N4F1,0,0,0,0,0,0,0,0,0,0,0,0,262,103,351,0,0,0,0,0,0,0,0,0,228,290,237,0,0,0,0,0,0,0,0,0,320,159,328,113,107,282,0,0,0,0,0,0
Q9JKF6_202_H5N4,0,0,0,0,0,0,0,0,0,0,0,0,230,1030.72,544,2754.2,1697.06,1303.84,0,0,0,0,0,0,4132.5,10187.3,4177.62,7494.17,4759.48,1647.64,1796.1,927,6704.68,2468.73,2425.73,3027.73,3709.29,2159.1,774,2191.07,3697.53,1982.96,1590.45,922,769,0,0,0
Q01097_444_H3N4F1,0,0,0,0,0,0,0,0,0,0,0,0,338,186,817,0,0,0,0,0,0,0,0,0,1332.2,620,892,2505.1,1812.08,1353.19,0,0,0,2282.94,2800,5073.05,2880.65,2629.74,3906.52,837,4253.05,494,0,0,0,743,655,440
P12960_494_H6N4,0,0,0,0,0,0,0,0,0,0,0,0,283,362,195,0,0,0,0,0,0,0,0,0,284,452,977,0,0,0,0,0,0,0,0,0,164,307,280,0,0,0,0,0,0,0,0,0
P43006_205_H7N6F5,0,0,0,0,0,0,0,0,0,0,0,0,452,1368.48,1148.83,0,0,0,0,0,0,0,0,0,919,2658.35,992,0,0,0,0,0,0,1593.07,2451.16,916,1327.57,1954.59,955,1859.17,470,697,179,369,906,0,0,0
Q61282_333_H4N3F2,0,0,0,0,0,0,0,0,0,0,0,0,393,205,368,0,0,0,0,0,0,0,0,0,0,0,0,0,0,0,0,0,0,0,0,0,0,0,0,0,0,0,0,0,0,0,0,0
Q61282_333_H4N4F2,0,0,0,0,0,0,0,0,0,0,0,0,585,266,352,0,0,0,42.5,262,35.2,0,0,0,778,1320.86,733,0,0,0,0,0,0,0,0,0,0,0,0,0,0,0,0,0,0,0,0,0
P35436_380_H5N2,0,0,0,0,0,0,0,0,0,0,0,0,1372.36,1708.97,2362.54,0,0,0,0,0,0,0,0,0,2524.77,2207.43,2195.4,0,0,0,0,0,0,0,0,0,2440.19,1840.33,2744.93,0,0,0,0,0,0,0,0,0
Q9CPW5_88_H7N2,0,0,0,0,0,0,0,0,0,0,0,0,761,85.4,257,0,0,0,0,0,0,0,0,0,1716,8004.74,1202,3632.68,4148.28,932,1080,2758.52,2199.89,1927.09,1611,1782.5,3420.02,2446.17,2026.77,1677,3788.86,2219.47,1657.98,2185.93,902,564,832,7677.26
Q63912_234_H5N3F1,0,0,0,0,0,0,0,0,0,0,0,0,951,546,901,0,0,0,1248,1331,1294,0,0,0,0,0,0,0,0,0,2100.65,1413.5,1040.15,7444.31,6505.9,7136.18,621,964,711,944,1509.57,536,5712.19,7738.96,3785.24,0,0,0
P23818_363_H4N5,0,0,0,0,0,0,0,0,0,0,0,0,4783.54,2872.32,2352.23,0,0,0,0,0,0,0,0,0,0,0,0,0,0,0,0,0,0,0,0,0,0,0,0,0,0,0,0,0,0,0,0,0
Q8BYI9_581_H5N3F1,0,0,0,0,0,0,0,0,0,0,0,0,1161.39,128,186,0,0,0,0,0,0,0,0,0,1058.26,4790.38,758,845,398,401,353,745,1392.01,521,514,661,704,974,1115.4,444,1075.23,552,505,499,386,1156.22,926,606
P35438_368_H4N2,0,0,0,0,0,0,0,0,0,0,0,0,946,327,598,0,0,0,0,0,0,0,0,0,2447,3908.14,1493,1782,784,1007,0,0,0,67.6,212,425,1673,3158.94,2443.91,422.6,746,1654,0,0,0,0,0,0
P43006_205_H5N4F1A2,0,0,0,0,0,0,0,0,0,0,0,0,214,230,389,0,0,0,0,0,0,0,0,0,0,0,0,1201.24,425,364,0,0,0,1401,1453.71,362,1351.78,934,770,0,0,0,0,0,0,1350.04,1555.73,1259.33
Q7TT15_50_H8N2,0,0,0,0,0,0,0,0,0,0,0,0,195,60.2,205,0,0,0,0,0,0,0,0,0,0,0,0,0,0,0,0,0,0,0,0,0,0,0,0,0,0,0,0,0,0,0,0,0
Q62443_154_H8N2,0,0,0,0,0,0,0,0,0,0,0,0,721,280,232,0,0,0,0,0,0,0,0,0,0,0,0,0,0,0,0,0,0,0,0,0,93.2,137,685,0,0,0,0,0,0,0,0,0
Q8BFZ9_106_H9N2,0,0,0,0,0,0,0,0,0,0,0,0,267,98.7,388,0,0,0,0,0,0,0,0,0,0,0,0,135,132,55.3,885,520,7266.5,776,190,233,741,375,480,235,461,128,333,737,100,0,0,0
P23818_406_H8N2,0,0,0,0,0,0,0,0,0,0,0,0,89.5,58.3,266,0,0,0,0,0,0,0,0,0,0,0,0,0,0,0,0,0,0,0,0,0,0,0,0,0,0,0,0,0,0,0,0,0
P23818_401_H3N4F1,0,0,0,0,0,0,0,0,0,0,0,0,192,119,539,0,0,0,0,0,0,0,0,0,0,0,0,0,0,0,0,0,0,0,0,0,743,443,821,0,0,0,0,0,0,0,0,0
P70206_1041_H3N5F1,0,0,0,0,0,0,0,0,0,0,0,0,430,175,55.7,0,0,0,0,0,0,0,0,0,0,0,0,779,578,24.3,0,0,0,0,0,0,655,875,156,255,449,585,0,0,0,0,0,0
O88998_288_H4N4F2,0,0,0,0,0,0,0,0,0,0,0,0,156,195,283,0,0,0,0,0,0,104,323,262,241,87.4,419,0,0,0,0,0,0,0,0,0,0,0,0,0,0,0,0,0,0,0,0,0
O88998_288_H3N4F1,0,0,0,0,0,0,0,0,0,0,0,0,443,578,316,0,0,0,0,0,0,0,0,0,0,0,0,0,0,0,0,0,0,1598.73,2166.95,170,0,0,0,0,0,0,0,0,0,0,0,0
P08113_217_H4N6,0,0,0,0,0,0,0,0,0,0,0,0,635,1000,1539.46,0,0,0,0,0,0,0,0,0,0,0,0,0,0,0,0,0,0,0,0,0,0,0,0,0,0,0,0,0,0,0,0,0
Q810U4_77_H7N2,0,0,0,0,0,0,0,0,0,0,0,0,342,172,346,0,0,0,0,0,0,0,0,0,0,0,0,0,0,0,0,0,0,0,0,0,0,0,0,114,189,194,0,0,0,0,0,0
Q9WTS5_915_H5N2,0,0,0,0,0,0,0,0,0,0,0,0,807,625,249,0,0,0,0,0,0,0,0,0,0,0,0,0,0,0,0,0,0,0,0,0,0,0,0,0,0,0,0,0,0,0,0,0
Q8VEK0_297_H6N4,0,0,0,0,0,0,0,0,0,0,0,0,1879.23,405,199,0,0,0,0,0,0,0,0,0,0,0,0,0,0,0,0,0,0,0,0,0,0,0,0,0,0,0,0,0,0,0,0,0
P14231_220_H4N2F1,0,0,0,0,0,0,0,0,0,0,0,0,544,245,276,1279.22,278,187,0,0,0,0,0,0,0,0,0,0,0,0,0,0,0,0,0,0,0,0,0,0,0,0,132,229,1026.33,0,0,0
P43006_215_H7N6F5,0,0,0,0,0,0,0,0,0,0,0,0,425,631,560,0,0,0,0,0,0,0,0,0,0,0,0,0,0,0,0,0,0,1495.32,1152.19,1848.5,815,884,985,0,0,0,0,0,0,0,0,0
O08532_604_H5N4F1,0,0,0,0,0,0,0,0,0,0,0,0,0,0,0,419,514,684,0,0,0,0,0,0,0,0,0,0,0,0,0,0,0,0,0,0,0,0,0,0,0,0,0,0,0,0,0,0
O88531_212_H7N2,0,0,0,0,0,0,0,0,0,0,0,0,0,0,0,14163.9,889,619,0,0,0,0,0,0,0,0,0,0,0,0,0,0,0,0,0,0,0,0,0,0,0,0,0,0,0,0,0,0
O88531_212_H5N2,0,0,0,0,0,0,0,0,0,0,0,0,0,0,0,1186.11,1254.68,540,0,0,0,0,0,0,2109.42,5990.83,3973.05,0,0,0,0,0,0,2587.34,2779.31,1332.24,0,0,0,2909.88,1964.53,2110.99,986,1237.68,1491.72,0,0,0
P97797_92_H5N3,0,0,0,0,0,0,0,0,0,0,0,0,0,0,0,2214.2,2080.82,1644.65,0,0,0,0,0,0,0,0,0,0,0,0,0,0,0,0,0,0,0,0,0,0,0,0,0,0,0,0,0,0
P11627_293_H4N5F1,0,0,0,0,0,0,0,0,0,0,0,0,0,0,0,3347.75,1904.3,2789.4,0,0,0,0,0,0,0,0,0,0,0,0,0,0,0,0,0,0,0,0,0,0,0,0,0,0,0,0,0,0
P97300_196_H6N3F1,0,0,0,0,0,0,0,0,0,0,0,0,0,0,0,2181.14,3717.46,1295.7,0,0,0,0,0,0,0,0,0,1145.38,2251.64,532,0,0,0,2714.33,3086.08,4573.42,0,0,0,0,0,0,901,840,278,3810.11,3727.74,30235.2
Q61292_1500_H5N4F1,0,0,0,0,0,0,0,0,0,0,0,0,0,0,0,349,1465.88,1491.58,0,0,0,0,0,0,0,0,0,0,0,0,0,0,0,0,0,0,0,0,0,0,0,0,0,0,0,0,0,0
Q3TDQ1_638_H8N2,0,0,0,0,0,0,0,0,0,0,0,0,0,0,0,693,533,349,0,0,0,0,0,0,0,0,0,613,278,301,345,214,459,371,444,943,0,0,0,0,0,0,399,470,98.1,0,0,0
P97300_228_H5N6F1,0,0,0,0,0,0,0,0,0,0,0,0,0,0,0,1892.84,1307.11,1891.75,0,0,0,0,0,0,0,0,0,0,0,0,0,0,0,0,0,0,0,0,0,0,0,0,0,0,0,0,0,0
Q9ER58_225_H6N2,0,0,0,0,0,0,0,0,0,0,0,0,0,0,0,798,90.4,347,0,0,0,0,0,0,0,0,0,0,0,0,0,0,0,0,0,0,0,0,0,0,0,0,0,0,0,0,0,0
P97300_228_H5N7F2,0,0,0,0,0,0,0,0,0,0,0,0,0,0,0,14163.9,953,1711.67,0,0,0,0,0,0,0,0,0,1020.57,790,175,644,393,1343.75,1093.22,675,1036.3,939,486,365,0,0,0,458,392,417,593,581,2865.94
P97300_228_H5N7F1A1,0,0,0,0,0,0,0,0,0,0,0,0,0,0,0,234,391,1848.33,131,234,60.4,0,0,0,0,0,0,0,0,0,287,652,746,0,0,0,0,0,0,0,0,0,595,862,847,0,0,0
P10852_166_H4N4F2,0,0,0,0,0,0,0,0,0,0,0,0,0,0,0,722,367,735,146,818,250,0,0,0,0,0,0,939,563,485,1229.51,875,880,362,602,356,721,521,774,0,0,0,1351.76,1371.58,730,0,0,0
O35684_321_H3N5F1,0,0,0,0,0,0,0,0,0,0,0,0,0,0,0,1359.94,716,422,0,0,0,0,0,0,1214.58,1070.29,1569.71,0,0,0,349,392,3750.04,0,0,0,550,879,375,1303.52,1179.38,1547.68,1303.94,653,288.9,0,0,0
P35436_687_H8N2,0,0,0,0,0,0,0,0,0,0,0,0,0,0,0,944,1073.43,1165.12,0,0,0,0,0,0,12594.3,16515.5,5402.05,0,0,0,620,402,8507.77,0,0,0,0,0,0,0,0,0,329,1341.67,343,0,0,0
P01872_280_H3N4F1,0,0,0,0,0,0,0,0,0,0,0,0,0,0,0,1767.64,5744.67,581,0,0,0,386,693,498,0,0,0,0,0,0,0,0,0,0,0,0,0,0,0,0,0,0,0,0,0,0,0,0
P01872_280_H3N3F1,0,0,0,0,0,0,0,0,0,0,0,0,0,0,0,1941.07,1705.77,767,0,0,0,0,0,0,0,0,0,0,0,0,0,0,0,0,0,0,0,0,0,0,0,0,0,0,0,0,0,0
O08545_38_H8N2,0,0,0,0,0,0,0,0,0,0,0,0,0,0,0,868,430,2210.97,0,0,0,0,0,0,0,0,0,0,0,0,0,0,0,0,0,0,0,0,0,0,0,0,0,0,0,0,0,0
O35136_445_H5N2,0,0,0,0,0,0,0,0,0,0,0,0,0,0,0,713,6775.29,1042.22,0,0,0,0,0,0,0,0,0,0,0,0,0,0,0,0,0,0,0,0,0,864,1231,1347,0,0,0,0,0,0
Q61627_422_H5N2,0,0,0,0,0,0,0,0,0,0,0,0,0,0,0,806,2639.02,2400.44,0,0,0,0,0,0,0,0,0,0,0,0,0,0,0,0,0,0,0,0,0,0,0,0,374,1126.12,963,0,0,0
O35136_445_H4N2,0,0,0,0,0,0,0,0,0,0,0,0,0,0,0,673,1144.35,287,0,0,0,0,0,0,0,0,0,0,0,0,0,0,0,0,0,0,0,0,0,0,0,0,0,0,0,0,0,0
O35136_445_H5N4F1,0,0,0,0,0,0,0,0,0,0,0,0,0,0,0,2498.54,1378.04,1040.09,0,0,0,0,0,0,0,0,0,0,0,0,0,0,0,0,0,0,0,0,0,0,0,0,0,0,0,0,0,0
P97300_283_H8N2,0,0,0,0,0,0,0,0,0,0,0,0,0,0,0,523,859,648,0,0,0,0,0,0,0,0,0,0,0,0,0,0,0,0,0,0,0,0,0,0,0,0,0,0,0,0,0,0
P04925_196_H6N2F1,0,0,0,0,0,0,0,0,0,0,0,0,0,0,0,663,670,907,0,0,0,0,0,0,0,0,0,0,0,0,0,0,0,0,0,0,0,0,0,0,0,0,0,0,0,0,0,0
P01831_42_H6N4F1,0,0,0,0,0,0,0,0,0,0,0,0,0,0,0,1105.1,311,354,0,0,0,0,0,0,0,0,0,0,0,0,0,0,0,0,0,0,0,0,0,316,338,752,0,0,0,0,0,0
Q9Z218_112_H4N3F1,0,0,0,0,0,0,0,0,0,0,0,0,0,0,0,604,639,1010.45,241,209,262,0,0,0,0,0,0,537,193,1254.19,745,1428.1,2549.53,619,1375.27,958,213,921,732,0,0,0,695,1164.41,1271.64,1650.91,1556.49,3236.08
P13595_348_H5N2,0,0,0,0,0,0,0,0,0,0,0,0,0,0,0,6487.24,14170.1,3982.12,0,0,0,0,0,0,0,0,0,0,0,0,0,0,0,0,0,0,0,0,0,560,305,668,0,0,0,0,0,0
P13595_348_H4N2,0,0,0,0,0,0,0,0,0,0,0,0,0,0,0,1694.92,565,712,0,0,0,0,0,0,0,0,0,0,0,0,0,0,0,0,0,0,0,0,0,0,0,0,0,0,0,0,0,0
P13595_348_H3N2,0,0,0,0,0,0,0,0,0,0,0,0,0,0,0,965,112,99,0,0,0,0,0,0,0,0,0,0,0,0,0,0,0,0,0,0,0,0,0,0,0,0,0,0,0,0,0,0
P11627_978_H5N4,0,0,0,0,0,0,0,0,0,0,0,0,0,0,0,494,834,407,0,0,0,0,0,0,0,0,0,0,0,0,0,0,0,0,0,0,0,0,0,0,0,0,0,0,0,0,0,0
P11627_293_H5N2,0,0,0,0,0,0,0,0,0,0,0,0,0,0,0,979,287,289,0,0,0,0,0,0,0,0,0,0,0,0,0,0,0,0,0,0,0,0,0,0,0,0,0,0,0,0,0,0
Q8BXZ1_261_H7N2,0,0,0,0,0,0,0,0,0,0,0,0,0,0,0,1262.76,186,156,0,0,0,146,333,771,1298.85,29.3,635,1518.16,143,8.06,1609.8,1471.93,1451.62,683,1685.63,2192.64,2526.85,1192,1338,405,700,2207.54,1048.14,1137.69,419,1054.3,566,1228.7
Q810U3_877_H3N5F1,0,0,0,0,0,0,0,0,0,0,0,0,0,0,0,713,150,1579.84,0,0,0,0,0,0,0,0,0,0,0,0,0,0,0,0,0,0,0,0,0,0,0,0,0,0,0,0,0,0
O08842_357_H3N4F1,0,0,0,0,0,0,0,0,0,0,0,0,0,0,0,467,121,1131.44,0,0,0,0,0,0,0,0,0,0,0,0,0,0,0,0,0,0,0,0,0,0,0,0,470,408,481,522,516,1029.32
Q62087_323_H6N2,0,0,0,0,0,0,0,0,0,0,0,0,0,0,0,920,1101.99,794,0,0,0,0,0,0,0,0,0,0,0,0,0,0,0,0,0,0,0,0,0,0,0,0,0,0,0,0,0,0
Q810U3_1047_H6N4F2,0,0,0,0,0,0,0,0,0,0,0,0,0,0,0,968,463,226,0,0,0,0,0,0,0,0,0,0,0,0,0,0,0,0,0,0,0,0,0,0,0,0,0,0,0,0,0,0
Q61490_167_H4N4F1,0,0,0,0,0,0,0,0,0,0,0,0,0,0,0,683,411,737,0,0,0,0,0,0,0,0,0,2755.97,2918.25,1677.06,492,1237.03,1354.71,0,0,0,1063.68,1605.26,1784.01,780,2846.22,1489.36,0,0,0,0,0,0
P11627_725_H5N4F2,0,0,0,0,0,0,0,0,0,0,0,0,0,0,0,444,300,995,223,82.6,92.4,0,0,0,0,0,0,0,0,0,369,81.9,393,201,143,336,0,0,0,2219.46,678,158,853,3209.32,126.3,0,0,0
P11627_725_H5N2,0,0,0,0,0,0,0,0,0,0,0,0,0,0,0,14214.1,9367.78,9851.93,0,0,0,0,0,0,0,0,0,0,0,0,0,0,0,0,0,0,0,0,0,889,1849.46,488,0,0,0,0,0,0
P11627_725_H4N4F1,0,0,0,0,0,0,0,0,0,0,0,0,0,0,0,312,298,697,0,0,0,0,0,0,0,0,0,1165.27,1054.81,409,0,0,0,0,0,0,475,525,270,925,996,703,1892.46,762,515,0,0,0
Q6P9K9_1189_H3N5F1,0,0,0,0,0,0,0,0,0,0,0,0,0,0,0,798,77.5,147,0,0,0,0,0,0,0,0,0,263,402,79.4,0,0,0,204,457,347,0,0,0,0,0,0,897,384,171,0,0,0
P26049_63_H3N4F1,0,0,0,0,0,0,0,0,0,0,0,0,0,0,0,135,84.1,854,0,0,0,0,0,0,0,0,0,1187.66,368,841,0,0,0,0,0,0,0,0,0,165,209,140,0,0,0,0,0,0
B2RXS4_1005_H7N2,0,0,0,0,0,0,0,0,0,0,0,0,0,0,0,1262.76,196,172,0,0,0,0,0,0,0,0,0,0,0,0,0,0,0,0,0,0,0,0,0,0,0,0,0,0,0,0,0,0
P35438_350_H3N6,0,0,0,0,0,0,0,0,0,0,0,0,0,0,0,423,2050.59,1666.77,0,0,0,0,0,0,0,0,0,0,0,0,0,0,0,0,0,0,0,0,0,0,0,0,0,0,0,0,0,0
P14094_193_H7N6F5A1,0,0,0,0,0,0,0,0,0,0,0,0,0,0,0,217514,1659.88,846,656,185,105,822,1345.93,344,0,0,0,0,0,0,0,0,0,0,0,0,0,0,0,0,0,0,0,0,0,0,0,0
P43006_215_H5N4F4,0,0,0,0,0,0,0,0,0,0,0,0,0,0,0,663,682,1907.16,0,0,0,0,0,0,0,0,0,0,0,0,0,0,0,0,0,0,0,0,0,0,0,0,0,0,0,0,0,0
P08113_62_H8N2,0,0,0,0,0,0,0,0,0,0,0,0,0,0,0,454,371,437,0,0,0,0,0,0,0,0,0,0,0,0,0,0,0,972,451,519.3,0,0,0,0,0,0,0,0,0,531,580,571
P14094_193_H7N6F2A3,0,0,0,0,0,0,0,0,0,0,0,0,0,0,0,454,365,878,0,0,0,0,0,0,0,0,0,0,0,0,0,0,0,0,0,0,0,0,0,0,0,0,0,0,0,0,0,0
P14094_193_H6N6F3A2,0,0,0,0,0,0,0,0,0,0,0,0,0,0,0,1518.24,3475.99,1850,4638.58,5856.66,2222.11,695,500,1180.11,0,0,0,0,0,0,0,0,0,0,0,0,0,0,0,0,0,0,0,0,0,0,0,0
O09114_78_H8N2,0,0,0,0,0,0,0,0,0,0,0,0,0,0,0,13980.2,894,1049.63,0,0,0,0,0,0,0,0,0,0,0,0,7749.22,5437.29,721,322,410,1117.81,0,0,0,0,0,0,412,3703.19,1093.13,0,0,0
Q3UVK0_724_H9N2,0,0,0,0,0,0,0,0,0,0,0,0,0,0,0,798,52.5,70.1,0,0,0,0,0,0,0,0,0,0,0,0,0,0,0,0,0,0,0,0,0,0,0,0,0,0,0,0,0,0
O35114_412_H9N2,0,0,0,0,0,0,0,0,0,0,0,0,0,0,0,731,118,317,0,0,0,0,0,0,0,0,0,0,0,0,0,0,0,0,0,0,0,0,0,0,0,0,0,0,0,0,0,0
P14231_220_H5N3F3,0,0,0,0,0,0,0,0,0,0,0,0,0,0,0,843,225,307,0,0,0,0,0,0,0,0,0,0,0,0,0,0,0,0,0,0,0,0,0,0,0,0,0,0,0,0,0,0
P43006_215_H7N6F2A4,0,0,0,0,0,0,0,0,0,0,0,0,0,0,0,730,129,317,0,0,0,0,0,0,0,0,0,0,0,0,0,0,0,0,0,0,0,0,0,0,0,0,0,0,0,0,0,0
P13595_348_H5N6F3,0,0,0,0,0,0,0,0,0,0,0,0,0,0,0,0,0,0,144,554,211,0,0,0,0,0,0,725,994,931,793,902,2073.78,669,565,438,640,316,1192.7,513,800,1115.91,1402.56,926,676,0,0,0
Q61292_1500_H4N3F1,0,0,0,0,0,0,0,0,0,0,0,0,0,0,0,0,0,0,342,443,225,0,0,0,0,0,0,0,0,0,0,0,0,0,0,0,0,0,0,0,0,0,0,0,0,0,0,0
Q61739_284_H6N2,0,0,0,0,0,0,0,0,0,0,0,0,0,0,0,0,0,0,64.2,81.8,155,0,0,0,0,0,0,0,0,0,0,0,0,0,0,0,0,0,0,0,0,0,0,0,0,0,0,0
P11627_725_H5N3F1,0,0,0,0,0,0,0,0,0,0,0,0,0,0,0,0,0,0,73.4,26.1,56.1,0,0,0,0,0,0,2020.38,1082.61,186,900,1185.47,907,0,0,0,187,239,157,0,0,0,1702.56,337,351,0,0,0
P02468_1221_H3N5F1,0,0,0,0,0,0,0,0,0,0,0,0,0,0,0,0,0,0,113,232,97.4,0,0,0,0,0,0,204,170,190,480,563,909,0,0,0,169,144,321,416,608,388,184,518,196,0,0,0
B2RXS4_1005_H9N2,0,0,0,0,0,0,0,0,0,0,0,0,0,0,0,0,0,0,81.9,181,172,0,0,0,0,0,0,0,0,0,0,0,0,0,0,0,0,0,0,0,0,0,0,0,0,0,0,0
Q61490_499_H3N5F1,0,0,0,0,0,0,0,0,0,0,0,0,0,0,0,0,0,0,217,1434.7,64.7,451,409,557,0,0,0,397,2255.58,447,427,812,920,869,581,124,0,0,0,0,0,0,613,375,170,967,485,1142.5
Q9DB72_307_H7N2,0,0,0,0,0,0,0,0,0,0,0,0,0,0,0,0,0,0,175,723,429,0,0,0,1060.75,467,548,1268.62,589,796,1116.59,1135.72,985,1526.79,2806.79,3538.5,199,212,499,874,689,629,976,2726.98,1337.04,0,0,0
P24668_58_H8N2,0,0,0,0,0,0,0,0,0,0,0,0,0,0,0,0,0,0,162,329,268,0,0,0,0,0,0,0,0,0,0,0,0,0,0,0,0,0,0,0,0,0,0,0,0,0,0,0
P14094_193_H7N7F1A4,0,0,0,0,0,0,0,0,0,0,0,0,0,0,0,0,0,0,192,596,69.5,250,697,479,0,0,0,0,0,0,0,0,0,0,0,0,0,0,0,0,0,0,0,0,0,0,0,0
O88531_232_H7N2,0,0,0,0,0,0,0,0,0,0,0,0,0,0,0,0,0,0,53.7,21.4,55.4,0,0,0,0,0,0,0,0,0,0,0,0,0,0,0,0,0,0,0,0,0,0,0,0,0,0,0
Q9R1V6_632_H5N2,0,0,0,0,0,0,0,0,0,0,0,0,0,0,0,0,0,0,118,159,119,0,0,0,0,0,0,2648.39,4528.7,1469.25,879,1737.02,7117.18,1450.14,2686.01,5311.36,1515.21,998,1268.05,1083.46,2068.1,1058.79,1721.23,2028.28,1029.86,979,2002.85,1385.79
Q9JIS5_573_H9N2,0,0,0,0,0,0,0,0,0,0,0,0,0,0,0,0,0,0,390,840,320,0,0,0,980,4440.27,450,1209.95,1945.15,564,1074.75,788,966,1555.83,659,670,869,597,1399.57,1034.84,1677.39,3131.5,921,819,579,1336.99,923,1739.19
Q8CJH3_1251_H4N4F2,0,0,0,0,0,0,0,0,0,0,0,0,0,0,0,0,0,0,1355.2,219,45.9,101,486,217,0,0,0,15753.4,15916.4,4440.67,0,0,0,395,363,226,0,0,0,0,0,0,0,0,0,0,0,0
Q80V42_38_H3N2,0,0,0,0,0,0,0,0,0,0,0,0,0,0,0,0,0,0,31.5,192,87.4,175,95.8,29,0,0,0,0,0,0,315,329,827,156,326,20.4,0,0,0,0,0,0,389,326,226,163,312,2353.86
P13595_450_H3N4F1,0,0,0,0,0,0,0,0,0,0,0,0,0,0,0,0,0,0,241,589,579,0,0,0,0,0,0,0,0,0,1171.32,1513.52,1267.83,2120.33,1036.75,1265.35,0,0,0,0,0,0,0,0,0,1124.39,664,834
O09117_72_H5N2,0,0,0,0,0,0,0,0,0,0,0,0,0,0,0,0,0,0,369,364,347,0,0,0,118,576,566,0,0,0,587,1851.13,5096.32,0,0,0,0,0,0,0,0,0,617,433,706,0,0,0
Q810U3_778_H4N5F1A1,0,0,0,0,0,0,0,0,0,0,0,0,0,0,0,0,0,0,567,277,453,0,0,0,0,0,0,0,0,0,0,0,0,0,0,0,0,0,0,0,0,0,1067.35,420,977,0,0,0
Q3UVK0_724_H6N2,0,0,0,0,0,0,0,0,0,0,0,0,0,0,0,0,0,0,62.4,173,47.7,0,0,0,0,0,0,0,0,0,0,0,0,0,0,0,0,0,0,0,0,0,205,104,262,0,0,0
P14231_220_H4N4F1,0,0,0,0,0,0,0,0,0,0,0,0,0,0,0,0,0,0,219,1750.77,183,0,0,0,0,0,0,0,0,0,0,0,0,0,0,0,0,0,0,0,0,0,890,1346.53,308,0,0,0
P14231_220_H4N3F1,0,0,0,0,0,0,0,0,0,0,0,0,0,0,0,0,0,0,381,585,106,0,0,0,0,0,0,0,0,0,0,0,0,0,0,0,0,0,0,0,0,0,89.2,84,91.2,0,0,0
Q7M729_113_H4N2,0,0,0,0,0,0,0,0,0,0,0,0,0,0,0,0,0,0,44.2,156,239,0,0,0,0,0,0,0,0,0,447,92.7,1327.23,0,0,0,0,0,0,0,0,0,224,135,62.4,0,0,0
P15209_121_H4N2,0,0,0,0,0,0,0,0,0,0,0,0,0,0,0,0,0,0,1295.51,1597.15,1824.4,0,0,0,0,0,0,0,0,0,0,0,0,5680.5,1703.31,1682.2,9190.21,6393.8,7372.89,9799.66,18749.4,16135,0,0,0,0,0,0
Q9D8B7_192_H6N3F1,0,0,0,0,0,0,0,0,0,0,0,0,0,0,0,0,0,0,9.94,328,164,156,280,178,0,0,0,0,0,0,0,0,0,0,0,0,0,0,0,0,0,0,0,0,0,0,0,0
Q61490_499_H5N2,0,0,0,0,0,0,0,0,0,0,0,0,0,0,0,0,0,0,75.6,167,39.4,247,476,520,0,0,0,391,344,151,0,0,0,543,526,175.2,0,0,0,0,0,0,375,464,137,1163,1890.36,442
P14231_220_H6N3F2,0,0,0,0,0,0,0,0,0,0,0,0,0,0,0,0,0,0,465.8,710,352.5,0,0,0,0,0,0,0,0,0,800,125,287,0,0,0,0,0,0,0,0,0,0,0,0,0,0,0
Q6GQU6_323_H9N2,0,0,0,0,0,0,0,0,0,0,0,0,0,0,0,0,0,0,114,152,86.7,0,0,0,0,0,0,0,0,0,0,0,0,0,0,0,0,0,0,0,0,0,0,0,0,0,0,0
Q9EPK6_197_H6N2,0,0,0,0,0,0,0,0,0,0,0,0,0,0,0,0,0,0,43.9,156,29.6,1995.09,342,332,620,342,606,624,762,590,0,0,0,0,0,0,520,924,501,0,0,0,0,0,0,0,0,0
P43406_74_H4N2,0,0,0,0,0,0,0,0,0,0,0,0,0,0,0,0,0,0,110,200,247,532,1034.22,274,2856.96,1783.73,3703.86,1984.5,1322.01,1558.67,0,0,0,3810.01,3887.87,3104.14,2605.71,2192.62,2276.34,0,0,0,1199.24,217,989,976,4981.09,2605.31
Q61885_59_H7N4F1,0,0,0,0,0,0,0,0,0,0,0,0,0,0,0,0,0,0,450,429,375,291,1601.55,710,0,0,0,0,0,0,0,0,0,610,181,1800.53,0,0,0,0,0,0,3475.22,1779.86,1380.7,0,0,0
Q63912_234_H3N5F1,0,0,0,0,0,0,0,0,0,0,0,0,0,0,0,0,0,0,391,1209.7,327,116,1006.88,197,0,0,0,1090,1115,460.5,1013.04,424,703,1906.83,1717.71,2127.88,704,949,372,327,748,128,2176.28,1419,950,0,0,0
Q8BLQ9_211_H5N5F3,0,0,0,0,0,0,0,0,0,0,0,0,0,0,0,0,0,0,129,474,213,291,304,620,0,0,0,0,0,0,2029.46,2089.85,1371,0,0,0,0,0,0,0,0,0,2348.8,1805.69,513,467,30.8,805
P14094_193_H7N6F3A4,0,0,0,0,0,0,0,0,0,0,0,0,0,0,0,0,0,0,223,4083.3,437,3326.52,19869.5,1977.99,0,0,0,0,0,0,0,0,0,0,0,0,0,0,0,0,0,0,0,0,0,0,0,0
Q7M729_142_H5N2,0,0,0,0,0,0,0,0,0,0,0,0,0,0,0,0,0,0,1369.53,218,139,531,641,498.7,0,0,0,0,0,0,1524.39,3171.08,2106.87,1229.8,7471.24,697,0,0,0,0,0,0,642.1,37498.4,607.4,0,0,0
Q7M729_113_H7N2,0,0,0,0,0,0,0,0,0,0,0,0,0,0,0,0,0,0,280,63,232,270,655,385,0,0,0,0,0,0,6767.16,3657.68,4820.97,9874.14,8979.52,3950.97,0,0,0,0,0,0,10870.3,4098.96,1908,6607.13,10392.5,14764.7
Q61361_129_H8N2,0,0,0,0,0,0,0,0,0,0,0,0,0,0,0,0,0,0,1243.93,197,165,118,550,476,0,0,0,0,0,0,0,0,0,0,0,0,793,149,693,530,859,365,1323.02,431,523,0,0,0
Q99JP7_586_H8N2,0,0,0,0,0,0,0,0,0,0,0,0,0,0,0,0,0,0,140,407,49.9,0,0,0,0,0,0,0,0,0,0,0,0,0,0,0,0,0,0,0,0,0,0,0,0,0,0,0
P97300_196_H6N2,0,0,0,0,0,0,0,0,0,0,0,0,0,0,0,0,0,0,252,127,53.5,0,0,0,375,418,361,0,0,0,161,184,225,0,0,0,0,0,0,0,0,0,427,171,216,0,0,0
P09470_514_H7N2,0,0,0,0,0,0,0,0,0,0,0,0,0,0,0,0,0,0,80.9,146,127,224,470,472,0,0,0,233,158,771,1194.94,1262.63,2027.12,1174.85,1813.44,863,181,548,200,0,0,0,504,1600.8,293,0,0,0
Q61292_1500_H3N4F1,0,0,0,0,0,0,0,0,0,0,0,0,0,0,0,0,0,0,502,1111.78,519,0,0,0,0,0,0,0,0,0,0,0,0,0,0,0,0,0,0,0,0,0,0,0,0,0,0,0
Q61885_59_H5N3,0,0,0,0,0,0,0,0,0,0,0,0,0,0,0,0,0,0,1468.99,984,902,0,0,0,0,0,0,0,0,0,1260.36,5077.17,3568.92,859,450,1059.12,197,195,188,0,0,0,2642.97,2689.64,1927.73,732,1587.65,2471.87
Q61885_59_H6N7,0,0,0,0,0,0,0,0,0,0,0,0,0,0,0,0,0,0,132,1652.04,187,78,4325.81,465,0,0,0,0,0,0,0,0,0,0,0,0,0,0,0,0,0,0,0,0,0,0,0,0
P14231_238_H4N4,0,0,0,0,0,0,0,0,0,0,0,0,0,0,0,0,0,0,301,312,92.2,0,0,0,0,0,0,0,0,0,0,0,0,0,0,0,0,0,0,0,0,0,965,1275.53,1962.26,0,0,0
Q61490_499_H4N5F2,0,0,0,0,0,0,0,0,0,0,0,0,0,0,0,0,0,0,138,360,66.6,0,0,0,0,0,0,0,0,0,499,577,362,0,0,0,404,405,484,0,0,0,539,485,121,0,0,0
Q6PHS9_789_H10N2,0,0,0,0,0,0,0,0,0,0,0,0,0,0,0,0,0,0,158,194,86.1,0,0,0,0,0,0,0,0,0,224,638,177,0,0,0,0,0,0,0,0,0,549,215,95.3,0,0,0
P14094_158_H3N4F1,0,0,0,0,0,0,0,0,0,0,0,0,0,0,0,0,0,0,357,745,217,0,0,0,2052.5,2955.13,1061.74,2314.82,3775.29,3322.6,1246.24,1785.75,2768.07,2627.97,4583.65,3362.66,0,0,0,0,0,0,3934.87,2268.7,1486.6,2246.14,3160.28,2876.43
P14231_220_H5N5F3,0,0,0,0,0,0,0,0,0,0,0,0,0,0,0,0,0,0,416,1228.16,537,0,0,0,0,0,0,0,0,0,0,0,0,0,0,0,0,0,0,0,0,0,0,0,0,0,0,0
O88531_212_H6N2,0,0,0,0,0,0,0,0,0,0,0,0,0,0,0,0,0,0,280,1009.12,403,0,0,0,1849.53,5603.44,2986.95,0,0,0,0,0,0,0,0,0,0,0,0,0,0,0,0,0,0,0,0,0
Q61361_336_H3N4F1,0,0,0,0,0,0,0,0,0,0,0,0,0,0,0,0,0,0,372,739,1007.91,0,0,0,0,0,0,0,0,0,0,0,0,0,0,0,0,0,0,0,0,0,0,0,0,0,0,0
O88307_1895_H6N2,0,0,0,0,0,0,0,0,0,0,0,0,0,0,0,0,0,0,172,347,115,0,0,0,0,0,0,0,0,0,0,0,0,0,0,0,0,0,0,0,0,0,0,0,0,0,0,0
Q9Z1M0_202_H8N2,0,0,0,0,0,0,0,0,0,0,0,0,0,0,0,0,0,0,96,204,105,0,0,0,0,0,0,0,0,0,108,27.8,371,0,0,0,0,0,0,0,0,0,316,176,89.6,0,0,0
Q61885_59_H6N4A1,0,0,0,0,0,0,0,0,0,0,0,0,0,0,0,0,0,0,118,204,24.1,0,0,0,0,0,0,0,0,0,0,0,0,0,0,0,0,0,0,0,0,0,803,579,160,0,0,0
Q9DB72_100_H3N4F1,0,0,0,0,0,0,0,0,0,0,0,0,0,0,0,0,0,0,139,142,297,0,0,0,0,0,0,0,0,0,0,0,0,0,0,0,0,0,0,0,0,0,0,0,0,0,0,0
O09117_72_H5N3F1,0,0,0,0,0,0,0,0,0,0,0,0,0,0,0,0,0,0,134,109,114,0,0,0,0,0,0,0,0,0,206,903,325,0,0,0,0,0,0,0,0,0,1342.56,483,729,0,0,0
P14094_193_H6N7F1A2,0,0,0,0,0,0,0,0,0,0,0,0,0,0,0,0,0,0,419,632,687,0,0,0,0,0,0,0,0,0,0,0,0,0,0,0,0,0,0,0,0,0,0,0,0,0,0,0
P14094_193_H6N5F4,0,0,0,0,0,0,0,0,0,0,0,0,0,0,0,0,0,0,74,331,249,0,0,0,0,0,0,0,0,0,0,0,0,0,0,0,0,0,0,0,0,0,0,0,0,0,0,0
Q9JIA1_422_H5N2,0,0,0,0,0,0,0,0,0,0,0,0,0,0,0,0,0,0,276,995,503,0,0,0,0,0,0,0,0,0,10521.9,5712.52,6729.86,12614.1,10555.7,5417.49,0,0,0,0,0,0,2566.92,9506.7,9654.6,0,0,0
P14094_193_H8N7A1,0,0,0,0,0,0,0,0,0,0,0,0,0,0,0,0,0,0,1033.41,403,650,0,0,0,0,0,0,0,0,0,0,0,0,0,0,0,0,0,0,0,0,0,0,0,0,0,0,0
P14094_193_H7N7F3A2,0,0,0,0,0,0,0,0,0,0,0,0,0,0,0,0,0,0,96.8,529,169,0,0,0,0,0,0,0,0,0,0,0,0,0,0,0,0,0,0,0,0,0,0,0,0,0,0,0
P14094_193_H6N7F3A1,0,0,0,0,0,0,0,0,0,0,0,0,0,0,0,0,0,0,248,227,314,0,0,0,0,0,0,0,0,0,0,0,0,0,0,0,0,0,0,0,0,0,0,0,0,0,0,0
O54991_1148_H10N2,0,0,0,0,0,0,0,0,0,0,0,0,0,0,0,0,0,0,180,540,165,0,0,0,0,0,0,0,0,0,0,0,0,0,0,0,0,0,0,0,0,0,0,0,0,0,0,0
P14094_193_H6N7F1A4,0,0,0,0,0,0,0,0,0,0,0,0,0,0,0,0,0,0,278,1690.88,246,0,0,0,0,0,0,0,0,0,0,0,0,0,0,0,0,0,0,0,0,0,0,0,0,0,0,0
P14094_158_H4N6F2,0,0,0,0,0,0,0,0,0,0,0,0,0,0,0,0,0,0,204,710,339,0,0,0,0,0,0,2764.37,5007.96,2340.95,1994.87,6914.88,8564.16,7001.2,8572.84,7056.13,0,0,0,0,0,0,7131.12,5569.96,1872.51,6160.59,8720.77,14111.9
P14094_193_H6N5F3A3,0,0,0,0,0,0,0,0,0,0,0,0,0,0,0,0,0,0,309,799,225,0,0,0,0,0,0,0,0,0,0,0,0,0,0,0,0,0,0,0,0,0,0,0,0,0,0,0
P14231_220_H6N2,0,0,0,0,0,0,0,0,0,0,0,0,0,0,0,0,0,0,365,512,228,0,0,0,0,0,0,0,0,0,0,0,0,0,0,0,0,0,0,0,0,0,734,1162.2,313,0,0,0
Q60928_510_H5N2,0,0,0,0,0,0,0,0,0,0,0,0,0,0,0,0,0,0,153,129,146,0,0,0,0,0,0,0,0,0,0,0,0,0,0,0,0,0,0,0,0,0,190,607,239,0,0,0
Q63912_234_H4N4F2,0,0,0,0,0,0,0,0,0,0,0,0,0,0,0,0,0,0,113,152,149,0,0,0,0,0,0,0,0,0,616,573,4455.74,4907.52,3475.47,2099.59,0,0,0,0,0,0,1587.74,222,171,0,0,0
Q61361_336_H3N2F1,0,0,0,0,0,0,0,0,0,0,0,0,0,0,0,0,0,0,292,891,366,0,0,0,0,0,0,0,0,0,0,0,0,0,0,0,0,0,0,0,0,0,0,0,0,0,0,0
P14231_238_H7N4F1,0,0,0,0,0,0,0,0,0,0,0,0,0,0,0,0,0,0,292,891,373,0,0,0,0,0,0,0,0,0,0,0,0,0,0,0,0,0,0,0,0,0,0,0,0,0,0,0
Q61885_59_H5N5F3A2,0,0,0,0,0,0,0,0,0,0,0,0,0,0,0,0,0,0,330,285,69.6,0,0,0,0,0,0,0,0,0,0,0,0,0,0,0,0,0,0,0,0,0,0,0,0,0,0,0
Q9DB72_307_H6N2,0,0,0,0,0,0,0,0,0,0,0,0,0,0,0,0,0,0,80.3,251,105,0,0,0,0,0,0,0,0,0,0,0,0,0,0,0,0,0,0,0,0,0,0,0,0,0,0,0
P14231_220_H4N6F2,0,0,0,0,0,0,0,0,0,0,0,0,0,0,0,0,0,0,338,1328.96,509,0,0,0,0,0,0,0,0,0,0,0,0,0,0,0,0,0,0,0,0,0,0,0,0,0,0,0
P11627_1107_H6N3F1A1,0,0,0,0,0,0,0,0,0,0,0,0,0,0,0,0,0,0,0,0,0,151,183,174,0,0,0,0,0,0,0,0,0,0,0,0,0,0,0,0,0,0,0,0,0,640,738,1636.34
Q61361_129_H7N2,0,0,0,0,0,0,0,0,0,0,0,0,0,0,0,0,0,0,0,0,0,164,92.1,613,0,0,0,0,0,0,0,0,0,0,0,0,0,0,0,789,739,1247.39,0,0,0,0,0,0
Q9QUR8_256_H8N2,0,0,0,0,0,0,0,0,0,0,0,0,0,0,0,0,0,0,0,0,0,898,1206.76,455,0,0,0,328,195,321,908,526,400,606,1906.57,1000.59,440,189,401,114,279,250,900,597,477,409,561,601
Q9Z218_112_H3N3F1,0,0,0,0,0,0,0,0,0,0,0,0,0,0,0,0,0,0,0,0,0,455,347,246,870,412,1327.69,1150,1206,2074.75,800,770,970,2099.68,3172.25,2131.8,986,1319.15,1275.32,377,763,805,828,1641,1461,896,707,3199.66
Q810U3_1047_H4N3F1,0,0,0,0,0,0,0,0,0,0,0,0,0,0,0,0,0,0,0,0,0,335,195,302,0,0,0,0,0,0,0,0,0,0,0,0,423,736,398,950,992,649,449.8,551,502,0,0,0
O09117_72_H5N2F1,0,0,0,0,0,0,0,0,0,0,0,0,0,0,0,0,0,0,0,0,0,174,36.6,43.3,0,0,0,0,0,0,0,0,0,0,0,0,0,0,0,0,0,0,314,769,342,0,0,0
P09470_700_H3N4F1,0,0,0,0,0,0,0,0,0,0,0,0,0,0,0,0,0,0,0,0,0,90.8,410,248,0,0,0,0,0,0,0,0,0,292,202,23361.3,0,0,0,0,0,0,0,0,0,0,0,0
Q80XG9_126_H4N5F2A1,0,0,0,0,0,0,0,0,0,0,0,0,0,0,0,0,0,0,0,0,0,285,645,486,0,0,0,0,0,0,0,0,0,0,0,0,0,0,0,0,0,0,0,0,0,0,0,0
Q80T79_2711_H4N2,0,0,0,0,0,0,0,0,0,0,0,0,0,0,0,0,0,0,0,0,0,115,279,76.9,0,0,0,87.1,144,163,0,0,0,0,0,0,0,0,0,0,0,0,0,0,0,0,0,0
P97797_205_H7N4,0,0,0,0,0,0,0,0,0,0,0,0,0,0,0,0,0,0,0,0,0,706,951,4064.35,0,0,0,0,0,0,0,0,0,0,0,0,0,0,0,0,0,0,0,0,0,0,0,0
P43006_205_H8N6F3A2,0,0,0,0,0,0,0,0,0,0,0,0,0,0,0,0,0,0,0,0,0,1768.75,5217.71,1161.66,0,0,0,0,0,0,0,0,0,0,0,0,0,0,0,0,0,0,0,0,0,0,0,0
P97797_271_H3N2,0,0,0,0,0,0,0,0,0,0,0,0,0,0,0,0,0,0,0,0,0,47.9,38.3,90.2,729,900,1037.12,2123.4,4094,1445,626,1090.69,915,999,2396.82,1065.88,231,576,471,1063.96,490,365,0,0,0,1570.7,1151.76,2913.86
Q61490_361_H4N5A1,0,0,0,0,0,0,0,0,0,0,0,0,0,0,0,0,0,0,0,0,0,163,178,97.7,0,0,0,0,0,0,0,0,0,0,0,0,0,0,0,0,0,0,0,0,0,0,0,0
P09470_719_H5N2,0,0,0,0,0,0,0,0,0,0,0,0,0,0,0,0,0,0,0,0,0,878,2275.43,669,0,0,0,904,394,671,0,0,0,1424.68,5593.7,1195.45,280,461,280,0,0,0,1713.61,1954.31,387,1328.59,1032.89,2670.34
Q63912_234_H4N3F1,0,0,0,0,0,0,0,0,0,0,0,0,0,0,0,0,0,0,0,0,0,110,195,109,809,5962.02,1264.87,1305.82,2058.31,3098.55,2569.81,2131.62,1750.48,2949.45,2379.56,1234.47,1942.95,1425.84,1379.24,2233.28,1871.92,2246.39,4080.5,2943.95,2070.76,0,0,0
Q63912_152_H4N2,0,0,0,0,0,0,0,0,0,0,0,0,0,0,0,0,0,0,0,0,0,500,409,636,456,5243.1,606,2214.68,887,766,1318.55,1721.72,2446.31,27662.9,5858.59,3038.26,782,675,382,889,731,621,0,0,0,0,0,0
Q91X78_108_H6N2,0,0,0,0,0,0,0,0,0,0,0,0,0,0,0,0,0,0,0,0,0,1242.34,1854.1,1243.53,0,0,0,153,286,108,0,0,0,2850.6,1760.01,251,738,1119.85,729,0,0,0,0,0,0,1145.44,585,1972.15
O09126_419_H9N2,0,0,0,0,0,0,0,0,0,0,0,0,0,0,0,0,0,0,0,0,0,364,369,154,0,0,0,116,543,311,0,0,0,478,548,680,390,88.3,203,192,344,470,0,0,0,0,0,0
Q64689_206_H6N2,0,0,0,0,0,0,0,0,0,0,0,0,0,0,0,0,0,0,0,0,0,126,459,750,0,0,0,188,83,193,358,570,404,0,0,0,0,0,0,0,0,0,0,0,0,557,238,1779.61
P14094_193_H7N6F4A1,0,0,0,0,0,0,0,0,0,0,0,0,0,0,0,0,0,0,0,0,0,173,1839.47,997,0,0,0,0,0,0,0,0,0,0,0,0,0,0,0,0,0,0,0,0,0,0,0,0
P97797_209_H5N3,0,0,0,0,0,0,0,0,0,0,0,0,0,0,0,0,0,0,0,0,0,142,122,154,606,872,575,510,498,393,307,270,1146.32,0,0,0,682,328,799,284,299,827,0,0,0,804,585,1194.01
P14094_193_H6N5F3A2,0,0,0,0,0,0,0,0,0,0,0,0,0,0,0,0,0,0,0,0,0,249,2215.48,380,0,0,0,0,0,0,0,0,0,0,0,0,0,0,0,0,0,0,0,0,0,0,0,0
Q9Z218_410_H3N5F1,0,0,0,0,0,0,0,0,0,0,0,0,0,0,0,0,0,0,0,0,0,421,590,1990.47,0,0,0,0,0,0,944,1982.54,3864.34,4337.5,2676.45,4380.19,4062.66,1745.52,1458,0,0,0,1684.3,523,531,4070.33,1988.21,12379.9
P14094_193_H6N6F3A3,0,0,0,0,0,0,0,0,0,0,0,0,0,0,0,0,0,0,0,0,0,812,2637.35,2495.11,0,0,0,0,0,0,0,0,0,0,0,0,0,0,0,0,0,0,0,0,0,0,0,0
P14094_193_H7N6F2A5,0,0,0,0,0,0,0,0,0,0,0,0,0,0,0,0,0,0,0,0,0,124,696,126,0,0,0,0,0,0,0,0,0,0,0,0,0,0,0,0,0,0,0,0,0,0,0,0
Q3TDQ1_613_H9N2,0,0,0,0,0,0,0,0,0,0,0,0,0,0,0,0,0,0,0,0,0,185,327,413,0,0,0,0,0,0,0,0,0,0,0,0,0,0,0,0,0,0,777,315,650,0,0,0
P43006_215_H7N6F4A3,0,0,0,0,0,0,0,0,0,0,0,0,0,0,0,0,0,0,0,0,0,119,319,111,0,0,0,0,0,0,0,0,0,0,0,0,0,0,0,0,0,0,0,0,0,0,0,0
P13595_348_H4N6F2,0,0,0,0,0,0,0,0,0,0,0,0,0,0,0,0,0,0,0,0,0,0,0,0,1371.16,1503.87,785,2860.95,2084.29,1503.67,1029.94,1792.75,1536.64,378,492,2915.84,573,362,333,0,0,0,1672.27,1193.21,800,0,0,0
O08532_324_H4N2,0,0,0,0,0,0,0,0,0,0,0,0,0,0,0,0,0,0,0,0,0,0,0,0,252,504,440,786,838,80.5,314,287,992,420,297,382,158,168,253,222,584,300,202,429,244,267,704,552
P10852_166_H4N5F2,0,0,0,0,0,0,0,0,0,0,0,0,0,0,0,0,0,0,0,0,0,0,0,0,217,483,736,328,225,139,366,265,400,0,0,0,178,217,308,0,0,0,816,346,190,0,0,0
Q91ZX7_3789_H3N5F1,0,0,0,0,0,0,0,0,0,0,0,0,0,0,0,0,0,0,0,0,0,0,0,0,151,152,544,365,289,326,0,0,0,135,524,342,257,117,129,265,186,211,0,0,0,0,0,0
Q9JKF6_202_H5N4F1,0,0,0,0,0,0,0,0,0,0,0,0,0,0,0,0,0,0,0,0,0,0,0,0,1848.75,6328.15,2932.1,1518.04,1674.83,917,1169,598,3223.94,792,1077.87,1097.88,1344.64,646,850,1407.03,1164.29,764,716,327,226,0,0,0
P70232_87_H3N5F1,0,0,0,0,0,0,0,0,0,0,0,0,0,0,0,0,0,0,0,0,0,0,0,0,1550.02,1092.78,2172.33,1754.97,1671.54,557,768,598,2528.88,799,336,1408.39,1520.19,1265.68,1353.98,0,0,0,766,650,560,0,0,0
Q9JIS5_573_H5N2,0,0,0,0,0,0,0,0,0,0,0,0,0,0,0,0,0,0,0,0,0,0,0,0,1611.85,1283.12,4159.17,2242.47,3951.65,1676.49,1165.07,1519.08,1543.87,769,1665.28,1481.28,276,224,540,890,1105.45,766,746,765,2284.14,5134.69,1301.41,3011.09
P43006_205_H7N6F4,0,0,0,0,0,0,0,0,0,0,0,0,0,0,0,0,0,0,0,0,0,0,0,0,1557.04,1552.82,17983.6,0,0,0,499,430,2963.05,0,0,0,0,0,0,0,0,0,0,0,0,0,0,0
P43006_205_H5N4F4,0,0,0,0,0,0,0,0,0,0,0,0,0,0,0,0,0,0,0,0,0,0,0,0,575,3259.9,1203.38,1509.75,608,775,733,614,2554.27,0,0,0,1160.31,1077.42,1782.93,1764.46,2243.68,1765.87,596,617,627,1107.99,2586.92,3202.2
P12960_494_H4N2F1,0,0,0,0,0,0,0,0,0,0,0,0,0,0,0,0,0,0,0,0,0,0,0,0,2221.05,2253.18,1450.37,5060.29,2470.51,885,769,882,3662.42,650,885,334,1266.33,1888.77,2437.36,1950.97,3850.06,638,590,295,295,2243.3,825,673
Q61330_78_H4N2,0,0,0,0,0,0,0,0,0,0,0,0,0,0,0,0,0,0,0,0,0,0,0,0,769,178,671,581,659,981,513,938,836,898,1426.95,3228.9,253,344,359,474,406,434,1432.38,1090.21,407,768,1312.13,1635.52
P43006_205_H6N6F3A1,0,0,0,0,0,0,0,0,0,0,0,0,0,0,0,0,0,0,0,0,0,0,0,0,3292.26,4241.49,1358.37,4807.52,614,648,3273.69,3960.87,1136.68,0,0,0,3619.57,2400.44,1231.85,0,0,0,605,264,288,0,0,0
Q8C129_145_H8N2,0,0,0,0,0,0,0,0,0,0,0,0,0,0,0,0,0,0,0,0,0,0,0,0,349,1185.95,526,434,223,130,1724.34,474,1799.02,0,0,0,686,503,817,564,767,724,461,290,196,0,0,0
P12960_494_H4N4F1A1,0,0,0,0,0,0,0,0,0,0,0,0,0,0,0,0,0,0,0,0,0,0,0,0,602,658,382,283,315,114,0,0,0,0,0,0,332,217,285,362,329,253,180,218,208,0,0,0
Q8C129_145_H6N2,0,0,0,0,0,0,0,0,0,0,0,0,0,0,0,0,0,0,0,0,0,0,0,0,496,591,1175.68,714,478,557,3188.24,653,1169.28,321,562,669,438,473,459,548,582,716,0,0,0,0,0,0
P12960_457_H3N2,0,0,0,0,0,0,0,0,0,0,0,0,0,0,0,0,0,0,0,0,0,0,0,0,3564.16,2209.65,3933.94,2877.13,3751.5,1653.98,1585.33,2732.93,4556.6,2663.2,2983.72,1919.58,1252.83,1336.07,2419.15,1008.53,1257.23,2548.99,1974.05,2796.66,2509.81,572,882,1317.03
Q68FM6_371_H5N2,0,0,0,0,0,0,0,0,0,0,0,0,0,0,0,0,0,0,0,0,0,0,0,0,1432.82,4200.63,1243.64,1000.27,4445.4,114,232,90.3,1064.52,383,662,320,355,487,1324.77,293,1137.38,392,67.5,59.7,172,0,0,0
Q91ZX7_447_H3N2,0,0,0,0,0,0,0,0,0,0,0,0,0,0,0,0,0,0,0,0,0,0,0,0,447,110,767,468,421,143,327,116,341,258,292,132,86.3,2521.75,3954.32,116,2932.05,301,128,210,134,0,0,0
P97797_271_H7N2,0,0,0,0,0,0,0,0,0,0,0,0,0,0,0,0,0,0,0,0,0,0,0,0,197,1406.1,571,444,923,159,267,300,602,445,262,460,465,240,314,170,555,355,357,368,267,0,0,0
B9EKR1_501_H3N5F1,0,0,0,0,0,0,0,0,0,0,0,0,0,0,0,0,0,0,0,0,0,0,0,0,332,801,559,0,0,0,877,747,745,316,90.3,3720.46,0,0,0,0,0,0,971,424,173,0,0,0
Q9CPW5_88_H6N2,0,0,0,0,0,0,0,0,0,0,0,0,0,0,0,0,0,0,0,0,0,0,0,0,409,4358.99,442,3502.74,1533.96,767,2407.58,1164,1002,600,115,1126.47,1658.3,1069.7,1229,1909.93,2509.09,1909.17,672,1549,664,0,0,0
Q9CQF9_353_H7N2,0,0,0,0,0,0,0,0,0,0,0,0,0,0,0,0,0,0,0,0,0,0,0,0,1493.42,1047.19,1432.21,4467.44,979,367,787,1664.89,872,1190.51,7039.75,749,2538.78,2207.75,2671.12,1225.7,1903.71,1839.42,3203.94,1051.87,593,2679.45,1698.39,1311.99
P43006_205_H6N6F2A2,0,0,0,0,0,0,0,0,0,0,0,0,0,0,0,0,0,0,0,0,0,0,0,0,803,4265.76,942,0,0,0,0,0,0,0,0,0,1092.42,1706.48,1057.89,0,0,0,0,0,0,0,0,0
Q3UH93_1101_H5N2,0,0,0,0,0,0,0,0,0,0,0,0,0,0,0,0,0,0,0,0,0,0,0,0,260,93.4,664,573,464,187.2,284,239,950,507,613,2028.42,268,254,144,137,293,245,398,603,160,183,260,1434.76
Q9Z1M0_74_H4N2,0,0,0,0,0,0,0,0,0,0,0,0,0,0,0,0,0,0,0,0,0,0,0,0,495,42.2,1411.61,0,0,0,0,0,0,370,313,1479.97,0,0,0,0,0,0,0,0,0,0,0,0
P14231_118_H4N3,0,0,0,0,0,0,0,0,0,0,0,0,0,0,0,0,0,0,0,0,0,0,0,0,45.4,1094.53,989,0,0,0,675,333,350,1182.65,873,3313.85,0,0,0,0,0,0,0,0,0,0,0,0
Q8BYI9_581_H4N4F1,0,0,0,0,0,0,0,0,0,0,0,0,0,0,0,0,0,0,0,0,0,0,0,0,715,1018.99,794,537,181,281,1112.21,280,253,157,146,419,249,400,1113.51,253,309,153,0,0,0,295,448,318
Q8BXZ1_261_H9N2,0,0,0,0,0,0,0,0,0,0,0,0,0,0,0,0,0,0,0,0,0,0,0,0,88.5,716,209,0,0,0,2925.38,344,449,0,0,0,240,154,314,0,0,0,585,423,210,0,0,0
P70408_438_H5N2,0,0,0,0,0,0,0,0,0,0,0,0,0,0,0,0,0,0,0,0,0,0,0,0,1325.07,562,694,1740.38,701,163,313,328,1340.12,872,1019.96,214,686,1131.52,801,446,583,1556.47,171,224,151,314,273,464
P12960_208_H3N4,0,0,0,0,0,0,0,0,0,0,0,0,0,0,0,0,0,0,0,0,0,0,0,0,1043.84,2128.93,1344.98,0,0,0,886,840,5920.48,0,0,0,0,0,0,0,0,0,0,0,0,0,0,0
Q63912_152_H5N2,0,0,0,0,0,0,0,0,0,0,0,0,0,0,0,0,0,0,0,0,0,0,0,0,628,4681.8,1138,1955.77,1465,520,2510.93,1644,3365.11,2303.98,2350.19,1435,1014,483,751,888,1238,1597.31,2591.47,1520,1203,0,0,0
P21995_70_H3N2,0,0,0,0,0,0,0,0,0,0,0,0,0,0,0,0,0,0,0,0,0,0,0,0,91.2,409,120,182.2,342,250.4,475,288,243,68.2,80.5,190,0,0,0,79.2,178,750,170,393,75.2,0,0,0
Q80TR1_526_H6N2,0,0,0,0,0,0,0,0,0,0,0,0,0,0,0,0,0,0,0,0,0,0,0,0,356,683,648,312,1395.79,251,154,124,221,0,0,0,342,148,314,168,176,524,0,0,0,0,0,0
P50172_162_H9N2,0,0,0,0,0,0,0,0,0,0,0,0,0,0,0,0,0,0,0,0,0,0,0,0,960,2418.22,1777.63,296,358,113,0,0,0,0,0,0,948,757,1879,0,0,0,0,0,0,0,0,0
P50172_162_H8N2,0,0,0,0,0,0,0,0,0,0,0,0,0,0,0,0,0,0,0,0,0,0,0,0,1262.4,2195.62,3314.66,184,2382.68,503,0,0,0,0,0,0,1220.25,2197.71,1739.03,0,0,0,355,288,250,0,0,0
P97797_110_H5N2,0,0,0,0,0,0,0,0,0,0,0,0,0,0,0,0,0,0,0,0,0,0,0,0,963,3735.23,2856.72,288,5866.44,766,656,484,1467.9,236,503,149,448,508,461,1126.49,816,814,599,666,2114.74,1382.54,137,1272.6
P97797_110_H4N4F1,0,0,0,0,0,0,0,0,0,0,0,0,0,0,0,0,0,0,0,0,0,0,0,0,246,625,1060.99,1030.54,4283.84,531,968,301,340,556,294,134,112,203,879,897,622,846,0,0,0,319,916,396
Q810U3_305_H5N2,0,0,0,0,0,0,0,0,0,0,0,0,0,0,0,0,0,0,0,0,0,0,0,0,324,52.9,1360.93,123,1343.45,569,930,555,1298.22,259,727,411,265,233,283,454,635,139,0,0,0,287,604,343
Q61490_167_H3N2,0,0,0,0,0,0,0,0,0,0,0,0,0,0,0,0,0,0,0,0,0,0,0,0,549,192,1281.7,457,3083.83,380,996,435,831,3288.7,1628.27,520,0,0,0,1267.8,416,1209.81,108,165,785,1084.22,197,1684.05
Q9WV18_513_H3N5,0,0,0,0,0,0,0,0,0,0,0,0,0,0,0,0,0,0,0,0,0,0,0,0,185,109,198,883,711,1116,110,131,676,138,125,101,864,1316,1001,1513,749,494,441.7,638,229.9,395,279,5268.89
Q80UG2_1006_H5N2,0,0,0,0,0,0,0,0,0,0,0,0,0,0,0,0,0,0,0,0,0,0,0,0,456,597,583,241,262,133,717,217,610,0,0,0,131,79.2,251,119,308,97.6,0,0,0,74.2,149,1136.4
P12960_593_H5N2,0,0,0,0,0,0,0,0,0,0,0,0,0,0,0,0,0,0,0,0,0,0,0,0,296,483,1560.32,111,409,260,347,417,12027.8,489,668,370,0,0,0,0,0,0,240,659,153,0,0,0
P01831_94_H4N4F2,0,0,0,0,0,0,0,0,0,0,0,0,0,0,0,0,0,0,0,0,0,0,0,0,1233.77,454,1122.02,0,0,0,613,438,24785.5,5624.97,6512.09,3103.7,131,117,197,0,0,0,0,0,0,3067.67,2554.72,7195.29
P01831_94_H6N4F1,0,0,0,0,0,0,0,0,0,0,0,0,0,0,0,0,0,0,0,0,0,0,0,0,407,62.7,4989.47,1872.43,5152.76,499,628,463,12558,353,3437.58,466,0,0,0,0,0,0,0,0,0,0,0,0
Q9Z2W8_371_H6N2,0,0,0,0,0,0,0,0,0,0,0,0,0,0,0,0,0,0,0,0,0,0,0,0,222,197,1070.14,662,771,277,132,137,619,1879.42,463,1263.68,0,0,0,1267.67,479,897,0,0,0,0,0,0
P01831_94_H3N5F1,0,0,0,0,0,0,0,0,0,0,0,0,0,0,0,0,0,0,0,0,0,0,0,0,1625.62,7044.67,10328.4,0,0,0,696,599,2429.33,0,0,0,0,0,0,1223.74,281,3731.1,0,0,0,0,0,0
Q9Z2L6_236_H6N2,0,0,0,0,0,0,0,0,0,0,0,0,0,0,0,0,0,0,0,0,0,0,0,0,589,896,643,1474.47,1048.34,232,407,302,886,750,700,557,0,0,0,0,0,0,163,380,156,0,0,0
P35438_471_H6N2,0,0,0,0,0,0,0,0,0,0,0,0,0,0,0,0,0,0,0,0,0,0,0,0,2568.76,5686.19,4496.18,1360.89,988,650,452,616,2616.16,700,321,1014.6,3646.23,2864.78,1941.86,0,0,0,822,833,157,0,0,0
Q810U4_852_H3N5F1,0,0,0,0,0,0,0,0,0,0,0,0,0,0,0,0,0,0,0,0,0,0,0,0,3857.99,3365.9,2452.22,3655.19,3071.38,1053.15,1490.52,1464.74,4657.75,1572.28,1099.19,320,1065.67,2544.5,3145.76,1790.63,3381.92,4975.96,905,520,316,580,1033.77,3004.06
P14094_158_H4N5F2,0,0,0,0,0,0,0,0,0,0,0,0,0,0,0,0,0,0,0,0,0,0,0,0,4057.75,1805.11,4866.34,1568.64,3088.46,1300.32,2354.96,5033.49,8085.45,0,0,0,2588.2,3820.97,4907.68,4347.73,2350.48,3690.26,4200.14,2983.23,1584.16,11454.2,14218.9,12656.1
Q9JIA1_422_H4N2,0,0,0,0,0,0,0,0,0,0,0,0,0,0,0,0,0,0,0,0,0,0,0,0,2936.52,5492.32,7056.19,1589.78,1414.25,340,1802.54,727,1309.2,1723.44,1172.7,255,0,0,0,0,0,0,758,686,932,0,0,0
Q9WTR5_671_H6N2,0,0,0,0,0,0,0,0,0,0,0,0,0,0,0,0,0,0,0,0,0,0,0,0,1157.43,2956.85,1616.44,778,761,355,2108.54,1892.36,3775.53,0,0,0,0,0,0,742,1513.74,423,0,0,0,0,0,0
Q8BLQ9_211_H5N5F2,0,0,0,0,0,0,0,0,0,0,0,0,0,0,0,0,0,0,0,0,0,0,0,0,165,316,383,0,0,0,673,196,175,814,400,324,0,0,0,0,0,0,0,0,0,307,823,7177.79
Q8VBZ3_295_H7N2,0,0,0,0,0,0,0,0,0,0,0,0,0,0,0,0,0,0,0,0,0,0,0,0,1889.15,2128.53,2676.99,1257.9,2094.93,2729.88,235,189,1205.62,2677.39,7555.8,65.1,599,1399.33,1294.18,0,0,0,0,0,0,877,4160.18,5828.55
Q8BW41_276_H6N2,0,0,0,0,0,0,0,0,0,0,0,0,0,0,0,0,0,0,0,0,0,0,0,0,733,3530.41,2123.86,0,0,0,638,188.3,601,0,0,0,0,0,0,0,0,0,675.8,398.9,424,0,0,0
O54991_519_H8N2,0,0,0,0,0,0,0,0,0,0,0,0,0,0,0,0,0,0,0,0,0,0,0,0,225,290,3756.31,374,202,1742.34,787,4731.15,7497,4420.49,14522.7,5621.38,268,1893.79,419,0,0,0,222,5776.18,61.4,4200.93,242,1779.61
O54991_519_H7N2,0,0,0,0,0,0,0,0,0,0,0,0,0,0,0,0,0,0,0,0,0,0,0,0,358,683,1298.11,0,0,0,3744.69,1237.54,3047.44,2148.16,6253.85,2354.37,0,0,0,0,0,0,0,0,0,0,0,0
Q8R5M8_104_H6N3F1,0,0,0,0,0,0,0,0,0,0,0,0,0,0,0,0,0,0,0,0,0,0,0,0,292,687,765,310,623,150,839,250,113,80.8,582,215,0,0,0,0,0,0,0,0,0,0,0,0
P97300_228_H3N4F1,0,0,0,0,0,0,0,0,0,0,0,0,0,0,0,0,0,0,0,0,0,0,0,0,742,6660.63,719,233,140,160,0,0,0,481,321,1087.11,419,314,354,229,137,248,0,0,0,1240,875,986
Q9QUP5_58_H3N2F1,0,0,0,0,0,0,0,0,0,0,0,0,0,0,0,0,0,0,0,0,0,0,0,0,216,260,1585.4,0,0,0,0,0,0,395,1675.43,225,0,0,0,0,0,0,0,0,0,1166.1,517,1160.85
P18572_270_H6N2,0,0,0,0,0,0,0,0,0,0,0,0,0,0,0,0,0,0,0,0,0,0,0,0,127,280,2242.69,157,165,38.4,0,0,0,421,250,212,249,112,201,863,73.6,204,0,0,0,202,226,357
Q01097_444_H6N3F1,0,0,0,0,0,0,0,0,0,0,0,0,0,0,0,0,0,0,0,0,0,0,0,0,666,476,292,0,0,0,0,0,0,0,0,0,0,0,0,0,0,0,0,0,0,434,1082.82,2685.47
Q9WV54_258_H3N2,0,0,0,0,0,0,0,0,0,0,0,0,0,0,0,0,0,0,0,0,0,0,0,0,799,824,640,507,810,852,0,0,0,933,839,133,309,222,701,660,948,506,1285.98,1014.12,2486.89,174,1109.69,570
P43006_205_H6N3F1A1,0,0,0,0,0,0,0,0,0,0,0,0,0,0,0,0,0,0,0,0,0,0,0,0,4000.07,1521.55,4866.34,0,0,0,0,0,0,437,847,184,1960.09,1259.83,1424.57,0,0,0,0,0,0,487,933,1111.87
Q8K135_394_H3N5F1,0,0,0,0,0,0,0,0,0,0,0,0,0,0,0,0,0,0,0,0,0,0,0,0,462,841,613,646,544,553,252,204,944,416,309,87.7,760,549,209,283,501,428,0,0,0,0,0,0
Q91XE7_70_H9N2,0,0,0,0,0,0,0,0,0,0,0,0,0,0,0,0,0,0,0,0,0,0,0,0,5066.66,2346.68,3131.45,12354.3,300,320,2158.86,931,10556.4,5344.26,5626.2,2507.04,3654.17,5357.24,6452.19,1460.77,2827.99,5931.17,3073.43,2610.81,1638.93,2162.05,5509.89,3523.67
Q8BYI9_581_H4N4F2,0,0,0,0,0,0,0,0,0,0,0,0,0,0,0,0,0,0,0,0,0,0,0,0,339,2160.55,503,994,178,281,0,0,0,249,309,239,364,370,421,287,470,423,0,0,0,467,915,196
P11627_1073_H5N2,0,0,0,0,0,0,0,0,0,0,0,0,0,0,0,0,0,0,0,0,0,0,0,0,933,964,3698.68,1995.44,478,182,0,0,0,1515.62,1584.55,364,0,0,0,1406.19,1695.62,736,0,0,0,0,0,0
P35438_203_H5N4F1,0,0,0,0,0,0,0,0,0,0,0,0,0,0,0,0,0,0,0,0,0,0,0,0,1090.98,576,1136.69,0,0,0,0,0,0,1076,983,1357,201,410,765,0,0,0,481,349,211.1,865,1563,7806.84
Q8VBZ3_295_H8N2,0,0,0,0,0,0,0,0,0,0,0,0,0,0,0,0,0,0,0,0,0,0,0,0,1926,2370.17,2535.45,2015.24,3098.18,1440.35,0,0,0,2111.47,6325.82,640,286,2454.41,1851.42,1989.85,1459.85,1807.81,0,0,0,2192.24,5344.82,3796.34
O09126_191_H7N2,0,0,0,0,0,0,0,0,0,0,0,0,0,0,0,0,0,0,0,0,0,0,0,0,1437.45,4888.45,1391,0,0,0,0,0,0,0,0,0,1254.35,1467.97,973,0,0,0,0,0,0,0,0,0
P97797_92_H4N2F1,0,0,0,0,0,0,0,0,0,0,0,0,0,0,0,0,0,0,0,0,0,0,0,0,439,1265.58,370,596,680,5701.29,0,0,0,246,515,185,338,298,209,651,725,498,0,0,0,0,0,0
Q80ZF8_625_H5N2,0,0,0,0,0,0,0,0,0,0,0,0,0,0,0,0,0,0,0,0,0,0,0,0,163,705,266,160,479,290,0,0,0,1473.66,1677.04,638,121,299,201,200,109,319,819,203,324,811,498,1124.15
P35436_687_H4N2,0,0,0,0,0,0,0,0,0,0,0,0,0,0,0,0,0,0,0,0,0,0,0,0,655,420,55770.7,393,216,520,0,0,0,0,0,0,0,0,0,0,0,0,0,0,0,0,0,0
Q01097_444_H4N5F2,0,0,0,0,0,0,0,0,0,0,0,0,0,0,0,0,0,0,0,0,0,0,0,0,1507.39,3097.72,2796.84,1127,1486.11,974,0,0,0,1115,603,1126,2239.94,2283.67,1333,1374.57,2296.25,1013,0,0,0,0,0,0
P24668_58_H4N2,0,0,0,0,0,0,0,0,0,0,0,0,0,0,0,0,0,0,0,0,0,0,0,0,311,877,427,1646.63,1516.08,985,674,2068.76,1640.94,389,375,1768.18,503,412,1033.45,763,1181.49,2911.98,0,0,0,0,0,0
P43006_205_H6N5F2,0,0,0,0,0,0,0,0,0,0,0,0,0,0,0,0,0,0,0,0,0,0,0,0,340,516,532,260,148,793,0,0,0,0,0,0,110,284,205,0,0,0,0,0,0,0,0,0
B1AZA5_548_H8N2,0,0,0,0,0,0,0,0,0,0,0,0,0,0,0,0,0,0,0,0,0,0,0,0,1038.39,1737.64,523,1766.07,1194.37,287,0,0,0,1332.02,447,273,1235.73,652,491,957,822,1014.06,0,0,0,0,0,0
Q8C129_145_H5N2,0,0,0,0,0,0,0,0,0,0,0,0,0,0,0,0,0,0,0,0,0,0,0,0,813,1999.25,519,0,0,0,0,0,0,1869.06,858,741,0,0,0,724,331,1540.18,0,0,0,471,818,695
Q6GQT9_361_H6N2,0,0,0,0,0,0,0,0,0,0,0,0,0,0,0,0,0,0,0,0,0,0,0,0,782,881,453,0,0,0,0,0,0,646,464,1179.26,450,438,211,249,36.7,413,828.7,1140.86,185.2,0,0,0
Q91ZX7_3954_H4N2,0,0,0,0,0,0,0,0,0,0,0,0,0,0,0,0,0,0,0,0,0,0,0,0,336,394,485,226.2,447.7,174.6,0,0,0,610.2,482.2,334.8,161,266,408,379,323.9,472,1511.31,811,348,0,0,0
P97797_271_H6N2,0,0,0,0,0,0,0,0,0,0,0,0,0,0,0,0,0,0,0,0,0,0,0,0,165,705,500,390,641,216,0,0,0,0,0,0,135,88.4,218,0,0,0,0,0,0,0,0,0
Q01097_348_H10N2,0,0,0,0,0,0,0,0,0,0,0,0,0,0,0,0,0,0,0,0,0,0,0,0,76,217,495,164,62.2,265,0,0,0,0,0,0,283,311,83.7,193,197,432,0,0,0,0,0,0
Q8BYI9_581_H4N2,0,0,0,0,0,0,0,0,0,0,0,0,0,0,0,0,0,0,0,0,0,0,0,0,1274.06,3235.7,1338.32,757,1251.04,337,0,0,0,0,0,0,936,1317.27,1097.37,253,2148.52,886,0,0,0,0,0,0
Q8BYI9_581_H5N2F1,0,0,0,0,0,0,0,0,0,0,0,0,0,0,0,0,0,0,0,0,0,0,0,0,770,1057.04,744,386,93.7,431,0,0,0,0,0,0,213,273,775,0,0,0,0,0,0,677,997,847
Q8BYI9_581_H5N4F1,0,0,0,0,0,0,0,0,0,0,0,0,0,0,0,0,0,0,0,0,0,0,0,0,343,1720.64,219,163,76.2,155,0,0,0,0,0,0,449,265,657,118,384,366,0,0,0,0,0,0
Q2PZL6_1828_H5N2,0,0,0,0,0,0,0,0,0,0,0,0,0,0,0,0,0,0,0,0,0,0,0,0,452,321,722,0,0,0,0,0,0,0,0,0,408,380,165,0,0,0,0,0,0,0,0,0
Q80T79_3522_H5N2,0,0,0,0,0,0,0,0,0,0,0,0,0,0,0,0,0,0,0,0,0,0,0,0,621,202,668,1289.44,906,206,0,0,0,1471.69,650,638,846,795,572,523,1080.66,508,0,0,0,0,0,0
Q00493_139_H6N3F1,0,0,0,0,0,0,0,0,0,0,0,0,0,0,0,0,0,0,0,0,0,0,0,0,788,2388.32,598,0,0,0,0,0,0,0,0,0,805,1439.69,1577.21,0,0,0,0,0,0,0,0,0
Q00493_139_H3N2,0,0,0,0,0,0,0,0,0,0,0,0,0,0,0,0,0,0,0,0,0,0,0,0,1894.19,2120.22,2859.39,1749.52,710,245,0,0,0,0,0,0,899,1816.65,1796.43,0,0,0,363,318,167,0,0,0
Q6VNS1_388_H4N2,0,0,0,0,0,0,0,0,0,0,0,0,0,0,0,0,0,0,0,0,0,0,0,0,1065.98,655,509,694,872,618,0,0,0,0,0,0,1594.09,497,597,0,0,0,0,0,0,346,371,262
Q9JHJ8_163_H5N2,0,0,0,0,0,0,0,0,0,0,0,0,0,0,0,0,0,0,0,0,0,0,0,0,88.7,2282.44,298,0,0,0,0,0,0,0,0,0,94.3,249,419,0,0,0,0,0,0,0,0,0
Q68FD9_1215_H5N2,0,0,0,0,0,0,0,0,0,0,0,0,0,0,0,0,0,0,0,0,0,0,0,0,661,1953.91,304,0,0,0,0,0,0,0,0,0,208,136,242,0,0,0,0,0,0,0,0,0
Q8CJH3_31_H5N2F1,0,0,0,0,0,0,0,0,0,0,0,0,0,0,0,0,0,0,0,0,0,0,0,0,34,40.7,603,127,123,56.6,0,0,0,314,618,756,251,141,90.8,0,0,0,0,0,0,0,0,0
Q8CJH3_31_H3N4F1,0,0,0,0,0,0,0,0,0,0,0,0,0,0,0,0,0,0,0,0,0,0,0,0,588,207,842,108,266,321,414,583,666,0,0,0,0,0,0,148,111,207,1079.94,434,473,0,0,0
P70699_140_H5N2,0,0,0,0,0,0,0,0,0,0,0,0,0,0,0,0,0,0,0,0,0,0,0,0,251,322,2703.45,652,839,67.7,0,0,0,0,0,0,0,0,0,0,0,0,0,0,0,0,0,0
Q0PMG2_90_H5N2,0,0,0,0,0,0,0,0,0,0,0,0,0,0,0,0,0,0,0,0,0,0,0,0,941,354,780,0,0,0,0,0,0,0,0,0,778,865,1248.33,0,0,0,0,0,0,0,0,0
P97797_110_H3N5F1,0,0,0,0,0,0,0,0,0,0,0,0,0,0,0,0,0,0,0,0,0,0,0,0,159,2679.78,945,682,1955.97,407,0,0,0,0,0,0,1218.91,511,720,648,233,280,0,0,0,0,0,0
P01831_94_H3N4F2,0,0,0,0,0,0,0,0,0,0,0,0,0,0,0,0,0,0,0,0,0,0,0,0,858,199,1433.61,6572.56,4105.92,3942.15,0,0,0,0,0,0,0,0,0,0,0,0,0,0,0,2370.87,955,10409.2
P01831_94_H5N4F1,0,0,0,0,0,0,0,0,0,0,0,0,0,0,0,0,0,0,0,0,0,0,0,0,1507.81,5408.34,32018.4,36138.4,9587.17,6493.04,3827.75,2318.96,70010.4,11410,16333.1,4325.14,6447.19,8030.9,1760.18,608,4337.93,1610.33,0,0,0,4723.43,2933.55,29343.4
Q7TSK3_616_H4N5F2,0,0,0,0,0,0,0,0,0,0,0,0,0,0,0,0,0,0,0,0,0,0,0,0,152,64.9,2533.73,460,490,322,0,0,0,0,0,0,101,171,123,0,0,0,0,0,0,0,0,0
Q0VBD0_402_H5N2,0,0,0,0,0,0,0,0,0,0,0,0,0,0,0,0,0,0,0,0,0,0,0,0,362,336,937,343,375,212,0,0,0,465,454,109,463,346,518,396,334,429,0,0,0,0,0,0
Q8R5M8_104_H4N5F2,0,0,0,0,0,0,0,0,0,0,0,0,0,0,0,0,0,0,0,0,0,0,0,0,3059.05,4342.89,4283.54,1159.15,1331.98,1649.25,0,0,0,1222.94,1112.33,157,1200.51,1530.17,2997.16,1554.74,1905.03,4514.61,0,0,0,0,0,0
O54991_519_H7N5F2A2,0,0,0,0,0,0,0,0,0,0,0,0,0,0,0,0,0,0,0,0,0,0,0,0,2152.54,1192.96,3049.87,0,0,0,0,0,0,0,0,0,0,0,0,0,0,0,0,0,0,0,0,0
O08532_824_H6N2,0,0,0,0,0,0,0,0,0,0,0,0,0,0,0,0,0,0,0,0,0,0,0,0,4663.57,1854.79,3582.58,6263.59,5980.02,1226.21,1281.8,1037.39,7114.54,8009.96,13742.2,321,642,2214.26,4774.75,1109.51,686,4105.12,490,1222.41,673,0,0,0
O08532_824_H5N2,0,0,0,0,0,0,0,0,0,0,0,0,0,0,0,0,0,0,0,0,0,0,0,0,471,1108.64,1307.13,574,1342.7,841,0,0,0,426,141,185,1475.73,312,761,0,0,0,0,0,0,0,0,0
O08530_30_H4N6F2,0,0,0,0,0,0,0,0,0,0,0,0,0,0,0,0,0,0,0,0,0,0,0,0,676,1318.56,1012.05,734,454,235,0,0,0,0,0,0,0,0,0,608,560,1159.47,0,0,0,0,0,0
Q810U4_217_H3N5F1,0,0,0,0,0,0,0,0,0,0,0,0,0,0,0,0,0,0,0,0,0,0,0,0,361,506,754,0,0,0,0,0,0,0,0,0,345,541,481,0,0,0,0,0,0,0,0,0
P16305_128_H5N2,0,0,0,0,0,0,0,0,0,0,0,0,0,0,0,0,0,0,0,0,0,0,0,0,182,341,134,95.7,47.1,416,0,0,0,0,0,0,431,185,305,0,0,0,0,0,0,0,0,0
Q62277_59_H5N5F3,0,0,0,0,0,0,0,0,0,0,0,0,0,0,0,0,0,0,0,0,0,0,0,0,2277.31,5593.52,1508.1,2270.47,7528.42,657,0,0,0,2345.86,2530.64,1422.21,2140.82,1657.62,4325.48,1197.92,1406.6,1299.02,633,380,623,0,0,0
O08532_324_H3N2,0,0,0,0,0,0,0,0,0,0,0,0,0,0,0,0,0,0,0,0,0,0,0,0,667,732,431,360,622,111,0,0,0,264,279,780,249,137,286,424,506,460,0,0,0,0,0,0
Q640R3_189_H4N2F1,0,0,0,0,0,0,0,0,0,0,0,0,0,0,0,0,0,0,0,0,0,0,0,0,90.3,207,276,214,254,137,0,0,0,0,0,0,92,68.8,539,0,0,0,0,0,0,0,0,0
P97300_228_H4N5F2,0,0,0,0,0,0,0,0,0,0,0,0,0,0,0,0,0,0,0,0,0,0,0,0,1810.56,572,990,0,0,0,0,0,0,532,1106.27,2655.75,0,0,0,0,0,0,0,0,0,0,0,0
P35438_440_H9N2,0,0,0,0,0,0,0,0,0,0,0,0,0,0,0,0,0,0,0,0,0,0,0,0,333,529,559,162,478,290,0,0,0,80.4,199,214,152,53.9,284,0,0,0,0,0,0,0,0,0
Q05909_156_H3N4F1,0,0,0,0,0,0,0,0,0,0,0,0,0,0,0,0,0,0,0,0,0,0,0,0,594,1099.88,1155.23,76.2,180,281,0,0,0,0,0,0,557,272,665,718,590,308,0,0,0,0,0,0
P43006_205_H5N4F1,0,0,0,0,0,0,0,0,0,0,0,0,0,0,0,0,0,0,0,0,0,0,0,0,564,634,780,319,858,626,0,0,0,0,0,0,0,0,0,704,612,678,0,0,0,0,0,0
Q9Z218_258_H4N4,0,0,0,0,0,0,0,0,0,0,0,0,0,0,0,0,0,0,0,0,0,0,0,0,6820.88,2899.76,3523.67,4605.24,4931.44,2078.58,0,0,0,0,0,0,2792.47,3464.65,3678.4,0,0,0,0,0,0,0,0,0
Q9Z218_112_H6N4F2,0,0,0,0,0,0,0,0,0,0,0,0,0,0,0,0,0,0,0,0,0,0,0,0,646,847,4689.64,383,415,410,0,0,0,0,0,0,0,0,0,0,0,0,0,0,0,0,0,0
Q8CJH3_543_H5N2,0,0,0,0,0,0,0,0,0,0,0,0,0,0,0,0,0,0,0,0,0,0,0,0,4915.62,5248.24,11024.6,0,0,0,0,0,0,0,0,0,2037.54,3999.48,4813.82,3885.87,2191.78,5928.41,0,0,0,0,0,0
Q9WTS5_1702_H7N2,0,0,0,0,0,0,0,0,0,0,0,0,0,0,0,0,0,0,0,0,0,0,0,0,222,89.2,563,0,0,0,0,0,0,0,0,0,166,104,284,0,0,0,0,0,0,0,0,0
O88998_103_H8N2,0,0,0,0,0,0,0,0,0,0,0,0,0,0,0,0,0,0,0,0,0,0,0,0,2373.7,2831.31,3051.3,0,0,0,0,0,0,0,0,0,2701.86,2934.31,1443.72,0,0,0,0,0,0,0,0,0
P70206_1041_H3N4F1,0,0,0,0,0,0,0,0,0,0,0,0,0,0,0,0,0,0,0,0,0,0,0,0,176,255,4584.36,187,67,210,0,0,0,0,0,0,170,226,283,0,0,0,0,0,0,0,0,0
P01831_94_H5N3F1,0,0,0,0,0,0,0,0,0,0,0,0,0,0,0,0,0,0,0,0,0,0,0,0,2363.68,1019.46,1472.78,366,1991.46,949,0,0,0,0,0,0,0,0,0,0,0,0,0,0,0,0,0,0
O35114_122_H4N2,0,0,0,0,0,0,0,0,0,0,0,0,0,0,0,0,0,0,0,0,0,0,0,0,293,2558.72,299,109,187,121,0,0,0,0,0,0,0,0,0,93,148,497,781,171,327,0,0,0
O88998_103_H3N4F1,0,0,0,0,0,0,0,0,0,0,0,0,0,0,0,0,0,0,0,0,0,0,0,0,4394.87,10566.9,6436.84,0,0,0,0,0,0,0,0,0,0,0,0,0,0,0,0,0,0,0,0,0
Q63912_152_H3N2,0,0,0,0,0,0,0,0,0,0,0,0,0,0,0,0,0,0,0,0,0,0,0,0,525,1042.81,1263.79,945,854,301,0,0,0,824,700,554,0,0,0,0,0,0,0,0,0,0,0,0
P70699_140_H6N2,0,0,0,0,0,0,0,0,0,0,0,0,0,0,0,0,0,0,0,0,0,0,0,0,140,25.2,532,340,256,176,0,0,0,0,0,0,0,0,0,0,0,0,0,0,0,0,0,0
O88307_2011_H5N2,0,0,0,0,0,0,0,0,0,0,0,0,0,0,0,0,0,0,0,0,0,0,0,0,415,4081.14,260,383,267,405,0,0,0,0,0,0,0,0,0,0,0,0,0,0,0,0,0,0
Q640R3_189_H4N5,0,0,0,0,0,0,0,0,0,0,0,0,0,0,0,0,0,0,0,0,0,0,0,0,155,115,579,0,0,0,0,0,0,0,0,0,0,0,0,0,0,0,0,0,0,0,0,0
P70699_470_H4N2,0,0,0,0,0,0,0,0,0,0,0,0,0,0,0,0,0,0,0,0,0,0,0,0,336,394,791,0,0,0,0,0,0,0,0,0,0,0,0,0,0,0,0,0,0,0,0,0
P14231_153_H5N3,0,0,0,0,0,0,0,0,0,0,0,0,0,0,0,0,0,0,0,0,0,0,0,0,3058.84,10020.5,2687.56,230,1116.75,294,696,732,1532.86,0,0,0,401,353,483,0,0,0,846,626,561,0,0,0
Q8BXZ1_261_H5N2,0,0,0,0,0,0,0,0,0,0,0,0,0,0,0,0,0,0,0,0,0,0,0,0,134,460,216,268,220,39.3,274,27.2,268,554,582,1285,103,59.3,142,131,90.1,603,0,0,0,0,0,0
Q80X71_184_H5N2,0,0,0,0,0,0,0,0,0,0,0,0,0,0,0,0,0,0,0,0,0,0,0,0,228,583,707,1207.17,385,283,0,0,0,0,0,0,0,0,0,0,0,0,0,0,0,0,0,0
P35438_203_H4N4F1,0,0,0,0,0,0,0,0,0,0,0,0,0,0,0,0,0,0,0,0,0,0,0,0,74.4,269,883,0,0,0,813,93.3,377,316,259,340,0,0,0,0,0,0,530,247,95.7,0,0,0
P23819_256_H6N2,0,0,0,0,0,0,0,0,0,0,0,0,0,0,0,0,0,0,0,0,0,0,0,0,135,664,849,0,0,0,0,0,0,0,0,0,0,0,0,0,0,0,0,0,0,0,0,0
P14231_153_H3N2,0,0,0,0,0,0,0,0,0,0,0,0,0,0,0,0,0,0,0,0,0,0,0,0,0,0,0,787,502,859,712,469,189,320,407,946,0,0,0,0,0,0,265,486,328,0,0,0
P11627_293_H3N3,0,0,0,0,0,0,0,0,0,0,0,0,0,0,0,0,0,0,0,0,0,0,0,0,0,0,0,1664.1,1431.6,741,916,697,1300.04,827,875,1803.67,775,550,765,897,1126.49,1045.03,850,786,797,889,437,1786.18
P10852_263_H5N2,0,0,0,0,0,0,0,0,0,0,0,0,0,0,0,0,0,0,0,0,0,0,0,0,0,0,0,1214.04,583,261,293,496,1718.95,0,0,0,0,0,0,0,0,0,297,254,217,0,0,0
P14231_153_H4N3,0,0,0,0,0,0,0,0,0,0,0,0,0,0,0,0,0,0,0,0,0,0,0,0,0,0,0,163,910,280,0,0,0,0,0,0,0,0,0,0,0,0,301,320,167,0,0,0
P11627_293_H3N4F1,0,0,0,0,0,0,0,0,0,0,0,0,0,0,0,0,0,0,0,0,0,0,0,0,0,0,0,4485.04,3908.27,3816.9,0,0,0,0,0,0,0,0,0,0,0,0,289,155,223,0,0,0
Q61490_306_H3N4F1,0,0,0,0,0,0,0,0,0,0,0,0,0,0,0,0,0,0,0,0,0,0,0,0,0,0,0,334,432,378,384,432,1397.38,724,712,1017.21,0,0,0,0,0,0,324,140,117,0,0,0
P11627_293_H4N5,0,0,0,0,0,0,0,0,0,0,0,0,0,0,0,0,0,0,0,0,0,0,0,0,0,0,0,920,1837.21,289,561,277,471,0,0,0,0,0,0,620,429,1293.33,69,349,171,0,0,0
P22723_246_H4N2,0,0,0,0,0,0,0,0,0,0,0,0,0,0,0,0,0,0,0,0,0,0,0,0,0,0,0,262,335,482,31.2,69.6,550,0,0,0,110,131,1048.99,146,106,290,0,0,0,0,0,0
Q61738_1043_H6N2,0,0,0,0,0,0,0,0,0,0,0,0,0,0,0,0,0,0,0,0,0,0,0,0,0,0,0,144,102,117,211,208,325,0,0,0,0,0,0,0,0,0,76.5,281,97.5,0,0,0
P68500_539_H5N2,0,0,0,0,0,0,0,0,0,0,0,0,0,0,0,0,0,0,0,0,0,0,0,0,0,0,0,128,75.3,58.6,88.5,94.7,226,0,0,0,0,0,0,233,161,357,102,43.9,98.2,0,0,0
Q61292_1500_H4N5F1,0,0,0,0,0,0,0,0,0,0,0,0,0,0,0,0,0,0,0,0,0,0,0,0,0,0,0,453,397,1382.43,0,0,0,0,0,0,0,0,0,0,0,0,811,848,913,0,0,0
P97300_228_H6N7F2,0,0,0,0,0,0,0,0,0,0,0,0,0,0,0,0,0,0,0,0,0,0,0,0,0,0,0,931,711,2712.04,519,153,1106.52,258,665,2470.36,0,0,0,0,0,0,505,345,277,0,0,0
Q9CPW0_436_H5N4F1,0,0,0,0,0,0,0,0,0,0,0,0,0,0,0,0,0,0,0,0,0,0,0,0,0,0,0,1428.08,1167.59,691,1433.61,1205.05,1577.29,1056.66,294,133,0,0,0,0,0,0,2046.35,1872.13,878,459,735,914
P97300_228_H5N4,0,0,0,0,0,0,0,0,0,0,0,0,0,0,0,0,0,0,0,0,0,0,0,0,0,0,0,197,98.7,185,432,330,874,513,263,7006.68,558,202,274,0,0,0,369,638,239,0,0,0
P97300_228_H4N6F2,0,0,0,0,0,0,0,0,0,0,0,0,0,0,0,0,0,0,0,0,0,0,0,0,0,0,0,1264.24,860,896,0,0,0,266,322,4961.34,0,0,0,0,0,0,1501.7,1721.6,2262.96,0,0,0
A2AJQ3_122_H6N2,0,0,0,0,0,0,0,0,0,0,0,0,0,0,0,0,0,0,0,0,0,0,0,0,0,0,0,986,266,459,362,511,1167.66,856,908,1013.19,389,529,1131.32,0,0,0,748,921,645,0,0,0
Q61330_463_H5N2,0,0,0,0,0,0,0,0,0,0,0,0,0,0,0,0,0,0,0,0,0,0,0,0,0,0,0,110,381,409,0,0,0,0,0,0,0,0,0,0,0,0,320,552,490,0,0,0
Q91ZX7_2128_H3N3F1,0,0,0,0,0,0,0,0,0,0,0,0,0,0,0,0,0,0,0,0,0,0,0,0,0,0,0,899,936,353,285,157,876,556,776,332,0,0,0,566,520,787,394,124,192,0,0,0
P10852_166_H3N5F1,0,0,0,0,0,0,0,0,0,0,0,0,0,0,0,0,0,0,0,0,0,0,0,0,0,0,0,68.6,104,157,0,0,0,0,0,0,167,75.3,251,0,0,0,416,280,225,0,0,0
Q91ZX7_2128_H3N5F1,0,0,0,0,0,0,0,0,0,0,0,0,0,0,0,0,0,0,0,0,0,0,0,0,0,0,0,2301.32,2889.59,750,1063.01,1416.89,3438.03,1013.88,1393.15,2530.74,1799.94,1641.82,465,1884.88,1776.37,2521.96,1538.2,655,884,0,0,0
P35436_687_H9N2,0,0,0,0,0,0,0,0,0,0,0,0,0,0,0,0,0,0,0,0,0,0,0,0,0,0,0,5589.83,124,227,581,378,6978.9,0,0,0,0,0,0,0,0,0,1775.21,895,255,3720.72,3437.84,2915.87
Q8BHK2_95_H5N2,0,0,0,0,0,0,0,0,0,0,0,0,0,0,0,0,0,0,0,0,0,0,0,0,0,0,0,403,1298.66,469,455,418,823,629,354,1594.26,0,0,0,132,227,713,287,276,279,671,498,1608.31
Q91ZX7_1512_H3N5F1,0,0,0,0,0,0,0,0,0,0,0,0,0,0,0,0,0,0,0,0,0,0,0,0,0,0,0,404,162,451,2349.07,1977.04,838,1589.54,1894.05,1317.4,0,0,0,0,0,0,2051.75,981,424,0,0,0
P24668_84_H3N5F1,0,0,0,0,0,0,0,0,0,0,0,0,0,0,0,0,0,0,0,0,0,0,0,0,0,0,0,499,169,333,342,389,441,0,0,0,280,291,240,0,0,0,445,386,292,0,0,0
P70232_87_H4N5F2,0,0,0,0,0,0,0,0,0,0,0,0,0,0,0,0,0,0,0,0,0,0,0,0,0,0,0,1292.59,1001.07,900,325,383,2339.81,370,284,1098.91,858,363,917,0,0,0,388,392,321,0,0,0
Q9Z218_505_H5N4F1,0,0,0,0,0,0,0,0,0,0,0,0,0,0,0,0,0,0,0,0,0,0,0,0,0,0,0,238,520,362,291,177,1138.72,0,0,0,0,0,0,0,0,0,582,290,171,0,0,0
Q9JIS5_573_H7N2,0,0,0,0,0,0,0,0,0,0,0,0,0,0,0,0,0,0,0,0,0,0,0,0,0,0,0,1277.89,539,391,1529.91,109,875,0,0,0,0,0,0,0,0,0,0,0,0,0,0,0
P43006_205_H4N6F2,0,0,0,0,0,0,0,0,0,0,0,0,0,0,0,0,0,0,0,0,0,0,0,0,0,0,0,319,334,314,0,0,0,0,0,0,0,0,0,0,0,0,0,0,0,0,0,0
P43006_205_H4N3F2,0,0,0,0,0,0,0,0,0,0,0,0,0,0,0,0,0,0,0,0,0,0,0,0,0,0,0,957,634,1136.25,937,263,833,346,541,399,0,0,0,1500.64,880,771,0,0,0,175,367,171
Q69Z26_893_H3N5F1,0,0,0,0,0,0,0,0,0,0,0,0,0,0,0,0,0,0,0,0,0,0,0,0,0,0,0,347,385,129,519,152,282,0,0,0,0,0,0,214,302,202,0,0,0,0,0,0
P97797_168_H6N3F1,0,0,0,0,0,0,0,0,0,0,0,0,0,0,0,0,0,0,0,0,0,0,0,0,0,0,0,1302.58,4127.33,330,0,0,0,575,92.6,171,0,0,0,0,0,0,0,0,0,0,0,0
P97797_168_H3N2,0,0,0,0,0,0,0,0,0,0,0,0,0,0,0,0,0,0,0,0,0,0,0,0,0,0,0,491,463,595,0,0,0,0,0,0,0,0,0,0,0,0,0,0,0,0,0,0
Q80TF3_420_H3N4F1,0,0,0,0,0,0,0,0,0,0,0,0,0,0,0,0,0,0,0,0,0,0,0,0,0,0,0,1155.56,694,79.3,337,140,655,0,0,0,0,0,0,0,0,0,565,193,120,0,0,0
Q61330_78_H3N2,0,0,0,0,0,0,0,0,0,0,0,0,0,0,0,0,0,0,0,0,0,0,0,0,0,0,0,143,130,300,122,158,168,281,369,476,68.6,76.4,1666.52,0,0,0,254,261,294,81.1,300,342
P43006_205_H6N5F2A1,0,0,0,0,0,0,0,0,0,0,0,0,0,0,0,0,0,0,0,0,0,0,0,0,0,0,0,3642.17,1067,806,214,232,282,3778.79,2882.46,617,1992.04,462.5,2610.6,253,2911.28,855,500,436,419,0,0,0
P43006_205_H5N5F2A1,0,0,0,0,0,0,0,0,0,0,0,0,0,0,0,0,0,0,0,0,0,0,0,0,0,0,0,1624,1419,10977.7,616,370,1043.55,0,0,0,1043,1244,758,564,397,850,468,261,492,0,0,0
Q3UUQ7_558_H5N2,0,0,0,0,0,0,0,0,0,0,0,0,0,0,0,0,0,0,0,0,0,0,0,0,0,0,0,42.1,66.8,19.6,1696.92,74,140,150,94.3,113,45.1,93,270,60.5,53.8,221,0,0,0,0,0,0
B9EKR1_501_H4N4F1,0,0,0,0,0,0,0,0,0,0,0,0,0,0,0,0,0,0,0,0,0,0,0,0,0,0,0,200,56.6,643,84.4,132,64.8,0,0,0,0,0,0,0,0,0,115,80.2,96.5,0,0,0
B9EKR1_501_H3N4F2,0,0,0,0,0,0,0,0,0,0,0,0,0,0,0,0,0,0,0,0,0,0,0,0,0,0,0,251,216,853,104,84,171,0,0,0,0,0,0,0,0,0,168,222,107,0,0,0
Q9CPW5_88_H5N2,0,0,0,0,0,0,0,0,0,0,0,0,0,0,0,0,0,0,0,0,0,0,0,0,0,0,0,209,300,467,167,342,312,90.8,251,194,0,0,0,291,155,70.2,0,0,0,0,0,0
P11627_246_H3N4F1,0,0,0,0,0,0,0,0,0,0,0,0,0,0,0,0,0,0,0,0,0,0,0,0,0,0,0,2479.88,10665.9,4780.72,5534.32,5752.26,3977.36,701,673,313,0,0,0,0,0,0,1054.33,2811.91,1109.96,0,0,0
Q91ZX7_3954_H5N4F1,0,0,0,0,0,0,0,0,0,0,0,0,0,0,0,0,0,0,0,0,0,0,0,0,0,0,0,12469.6,362,303,604,728,1084.91,0,0,0,989,403,549,0,0,0,917,455,252,0,0,0
O35136_219_H3N5F1,0,0,0,0,0,0,0,0,0,0,0,0,0,0,0,0,0,0,0,0,0,0,0,0,0,0,0,643,899,1235.88,704,1205.36,966,844,759,842,0,0,0,0,0,0,1527.89,1061.17,664,1812.24,1162.29,1478.21
Q91ZX7_3954_H5N3F1,0,0,0,0,0,0,0,0,0,0,0,0,0,0,0,0,0,0,0,0,0,0,0,0,0,0,0,955,983,616,747,1161.47,2078.67,0,0,0,193,481,287,3255.7,677,1065.68,1634.02,1325.65,1131.09,0,0,0
Q91ZX7_3954_H5N3,0,0,0,0,0,0,0,0,0,0,0,0,0,0,0,0,0,0,0,0,0,0,0,0,0,0,0,575,219,179,332,155,272,99.9,152,758,0,0,0,115,277,246,99.4,76.4,183,0,0,0
Q3V3R4_839_H5N2,0,0,0,0,0,0,0,0,0,0,0,0,0,0,0,0,0,0,0,0,0,0,0,0,0,0,0,1510.49,1141.26,1276.47,1703.36,1623.07,2463.75,1454.39,820,848,2960.6,1083.05,1436.42,0,0,0,813,1337.33,379,0,0,0
P15209_205_H4N5F2,0,0,0,0,0,0,0,0,0,0,0,0,0,0,0,0,0,0,0,0,0,0,0,0,0,0,0,2717.73,1763.36,659,1753.04,2292.24,3949.43,0,0,0,1209.42,2229.42,2107.47,2226.58,396,1083.94,718,1807.46,567,0,0,0
P15209_178_H3N4F1,0,0,0,0,0,0,0,0,0,0,0,0,0,0,0,0,0,0,0,0,0,0,0,0,0,0,0,1308.28,3119.92,487,442,597,2146.2,381,351,1724.51,0,0,0,990,1642.08,1367.23,0,0,0,0,0,0
P14231_118_H8N2,0,0,0,0,0,0,0,0,0,0,0,0,0,0,0,0,0,0,0,0,0,0,0,0,0,0,0,280,330,1067.04,146,1147.28,227,0,0,0,261,449,364,0,0,0,426,1580.65,370,0,0,0
Q63912_234_H4N5F2,0,0,0,0,0,0,0,0,0,0,0,0,0,0,0,0,0,0,0,0,0,0,0,0,0,0,0,176,344,108,844,354,600,327,101,961,0,0,0,0,0,0,513,707,174,0,0,0
P14231_118_H6N4,0,0,0,0,0,0,0,0,0,0,0,0,0,0,0,0,0,0,0,0,0,0,0,0,0,0,0,1404.4,759,960,5879.49,5231.77,9138.76,0,0,0,0,0,0,0,0,0,5004.85,6397.47,2375.95,0,0,0
P14231_118_H6N4F1,0,0,0,0,0,0,0,0,0,0,0,0,0,0,0,0,0,0,0,0,0,0,0,0,0,0,0,169,1446.24,181,0,0,0,0,0,0,0,0,0,0,0,0,0,0,0,0,0,0
Q63912_234_H4N4F1,0,0,0,0,0,0,0,0,0,0,0,0,0,0,0,0,0,0,0,0,0,0,0,0,0,0,0,459,473,529,1036.61,1394.27,948,0,0,0,0,0,0,0,0,0,1462.92,762,474,0,0,0
P12960_208_H3N5,0,0,0,0,0,0,0,0,0,0,0,0,0,0,0,0,0,0,0,0,0,0,0,0,0,0,0,255,2606.23,561,315,724,677,0,0,0,0,0,0,0,0,0,0,0,0,0,0,0
P70408_438_H3N4F1,0,0,0,0,0,0,0,0,0,0,0,0,0,0,0,0,0,0,0,0,0,0,0,0,0,0,0,3659.8,2195.38,349,330,284,1618.75,1457.66,1033.31,1056.82,0,0,0,0,0,0,298,95.9,462,0,0,0
Q810U3_483_H6N2,0,0,0,0,0,0,0,0,0,0,0,0,0,0,0,0,0,0,0,0,0,0,0,0,0,0,0,513,147,125,269,214,507,613,472,266,465,980,784,313,442,762,350,585,286,1034.36,408,1076.81
Q9JKR6_869_H5N2,0,0,0,0,0,0,0,0,0,0,0,0,0,0,0,0,0,0,0,0,0,0,0,0,0,0,0,685,141,87,116,274,682,0,0,0,206,215,166,0,0,0,426,242,388,0,0,0
Q810U3_483_H5N2,0,0,0,0,0,0,0,0,0,0,0,0,0,0,0,0,0,0,0,0,0,0,0,0,0,0,0,3036.52,824,454,538,343,410,1733.79,1407.54,710,1568.95,475,645,0,0,0,967,720,212,855,1448.64,3347.87
P14231_118_H6N3A1,0,0,0,0,0,0,0,0,0,0,0,0,0,0,0,0,0,0,0,0,0,0,0,0,0,0,0,612,642,822,896,1889.89,400,247,350,2924.95,316,376,432,0,0,0,326,517,431,372,498,463
Q63912_152_H10N2,0,0,0,0,0,0,0,0,0,0,0,0,0,0,0,0,0,0,0,0,0,0,0,0,0,0,0,151,234,184,0,0,0,283,272,476,0,0,0,0,0,0,0,0,0,0,0,0
Q8CJH3_31_H3N5F1,0,0,0,0,0,0,0,0,0,0,0,0,0,0,0,0,0,0,0,0,0,0,0,0,0,0,0,322,237,319,0,0,0,0,0,0,0,0,0,0,0,0,0,0,0,0,0,0
Q69Z26_764_H5N2,0,0,0,0,0,0,0,0,0,0,0,0,0,0,0,0,0,0,0,0,0,0,0,0,0,0,0,1727.18,1785.51,267,379,146,936,0,0,0,0,0,0,0,0,0,0,0,0,0,0,0
P21995_70_H7N2,0,0,0,0,0,0,0,0,0,0,0,0,0,0,0,0,0,0,0,0,0,0,0,0,0,0,0,719,176,144,851,586,489,109,266,313,380,373,421,364,839,369,323,628,140,0,0,0
Q63912_103_H4N2,0,0,0,0,0,0,0,0,0,0,0,0,0,0,0,0,0,0,0,0,0,0,0,0,0,0,0,172,99.7,192,258,969,888,1187.12,2583.32,632,0,0,0,204,206,522,606,846,118,2226.13,2934.32,2476.08
Q810U3_778_H3N3F1,0,0,0,0,0,0,0,0,0,0,0,0,0,0,0,0,0,0,0,0,0,0,0,0,0,0,0,149,189,268,0,0,0,281,211,227,622,159,414,0,0,0,187,114,438,0,0,0
Q80TR1_526_H4N2,0,0,0,0,0,0,0,0,0,0,0,0,0,0,0,0,0,0,0,0,0,0,0,0,0,0,0,95.1,573,383,0,0,0,0,0,0,0,0,0,0,0,0,0,0,0,0,0,0
Q61490_167_H5N4F1,0,0,0,0,0,0,0,0,0,0,0,0,0,0,0,0,0,0,0,0,0,0,0,0,0,0,0,2119.95,3413.69,1959.88,1703.25,620,2166.59,0,0,0,0,0,0,0,0,0,0,0,0,0,0,0
Q61490_167_H5N4F2,0,0,0,0,0,0,0,0,0,0,0,0,0,0,0,0,0,0,0,0,0,0,0,0,0,0,0,1145.38,1136.44,732,1457.11,506,2672.2,0,0,0,0,0,0,501,491,691,0,0,0,0,0,0
Q6P9K9_1189_H3N2F1,0,0,0,0,0,0,0,0,0,0,0,0,0,0,0,0,0,0,0,0,0,0,0,0,0,0,0,21.8,112,36.3,68.8,72.6,576,0,0,0,0,0,0,0,0,0,89.7,35.1,59.1,0,0,0
Q61490_167_H5N4,0,0,0,0,0,0,0,0,0,0,0,0,0,0,0,0,0,0,0,0,0,0,0,0,0,0,0,1442.45,2074.94,868,603,364,610,0,0,0,0,0,0,0,0,0,0,0,0,0,0,0
Q00493_139_H5N4A1,0,0,0,0,0,0,0,0,0,0,0,0,0,0,0,0,0,0,0,0,0,0,0,0,0,0,0,269,175,281,134,127,354,0,0,0,284,89.6,404,0,0,0,0,0,0,0,0,0
Q61330_942_H5N4F1,0,0,0,0,0,0,0,0,0,0,0,0,0,0,0,0,0,0,0,0,0,0,0,0,0,0,0,160,308,141,0,0,0,237,489,188,0,0,0,0,0,0,599,666,536,0,0,0
O09117_72_H5N3F2,0,0,0,0,0,0,0,0,0,0,0,0,0,0,0,0,0,0,0,0,0,0,0,0,0,0,0,326,81.3,139,463,172,56.5,0,0,0,159,263,286,0,0,0,632,3218.09,203,0,0,0
P11627_725_H4N3F1,0,0,0,0,0,0,0,0,0,0,0,0,0,0,0,0,0,0,0,0,0,0,0,0,0,0,0,275,505,98.1,1284.75,805,1174.1,0,0,0,0,0,0,0,0,0,1338.79,359,811,0,0,0
Q6NXK7_749_H8N2,0,0,0,0,0,0,0,0,0,0,0,0,0,0,0,0,0,0,0,0,0,0,0,0,0,0,0,1125.47,153,424,88.3,121,580,0,0,0,0,0,0,1122.09,1250,942,385,105,198,0,0,0
Q9D8B7_192_H5N2,0,0,0,0,0,0,0,0,0,0,0,0,0,0,0,0,0,0,0,0,0,0,0,0,0,0,0,46.4,197,222,653,438,13144.2,699,615,402,0,0,0,0,0,0,583,903,119,1002,782,7265.14
P60755_610_H5N2,0,0,0,0,0,0,0,0,0,0,0,0,0,0,0,0,0,0,0,0,0,0,0,0,0,0,0,212,782,224,560,222,919,0,0,0,0,0,0,0,0,0,0,0,0,0,0,0
P01831_94_H7N4F3,0,0,0,0,0,0,0,0,0,0,0,0,0,0,0,0,0,0,0,0,0,0,0,0,0,0,0,2863.63,1639.91,513,302,494,2691.98,0,0,0,907,1498.08,945,1001.48,1831.01,1363.07,0,0,0,0,0,0
P01831_94_H5N4F1A1,0,0,0,0,0,0,0,0,0,0,0,0,0,0,0,0,0,0,0,0,0,0,0,0,0,0,0,2318.43,2887.55,885,0,0,0,2019.45,4474.21,1824.97,1087.25,1351.93,1468.93,0,0,0,782,393,976,0,0,0
P14094_158_H4N4F2,0,0,0,0,0,0,0,0,0,0,0,0,0,0,0,0,0,0,0,0,0,0,0,0,0,0,0,401,940,460,659,2075.17,2210.17,3735.02,2244.59,224,200,411,539,0,0,0,1101,987,614,0,0,0
P14094_158_H4N5F1,0,0,0,0,0,0,0,0,0,0,0,0,0,0,0,0,0,0,0,0,0,0,0,0,0,0,0,171,751,184,717,218,814,0,0,0,223,346,486,0,0,0,245,394,278,0,0,0
Q9WTR5_638_H4N2,0,0,0,0,0,0,0,0,0,0,0,0,0,0,0,0,0,0,0,0,0,0,0,0,0,0,0,3328.03,1477.55,1187.18,1022.02,755,7178.79,1431.81,1685.12,617,0,0,0,0,0,0,1129.08,1557.21,1318,86.1,292,475
Q9WTR5_671_H4N2,0,0,0,0,0,0,0,0,0,0,0,0,0,0,0,0,0,0,0,0,0,0,0,0,0,0,0,2080.09,2541,396,391,692,2154.21,575,830,962,0,0,0,565,767,570,380,157,337,0,0,0
Q61490_306_H3N3F1,0,0,0,0,0,0,0,0,0,0,0,0,0,0,0,0,0,0,0,0,0,0,0,0,0,0,0,544,297,67.1,101,364,399,365,677,334,0,0,0,264,225,219,0,0,0,371,385,330
Q8BNA6_898_H5N2,0,0,0,0,0,0,0,0,0,0,0,0,0,0,0,0,0,0,0,0,0,0,0,0,0,0,0,705,521,58.2,0,0,0,420,511,360,0,0,0,282,297,497,0,0,0,559,416,785
P70207_163_H4N2,0,0,0,0,0,0,0,0,0,0,0,0,0,0,0,0,0,0,0,0,0,0,0,0,0,0,0,475,1184.39,383,0,0,0,145,503,113,0,0,0,193,354,367,0,0,0,470,312,205
Q3V3R4_459_H7N2,0,0,0,0,0,0,0,0,0,0,0,0,0,0,0,0,0,0,0,0,0,0,0,0,0,0,0,1799.57,848,501,0,0,0,751,1316.43,383,0,0,0,978,931,1167.59,0,0,0,273,1288.15,1956.02
Q8R180_276_H8N2,0,0,0,0,0,0,0,0,0,0,0,0,0,0,0,0,0,0,0,0,0,0,0,0,0,0,0,668,285,817,0,0,0,419,372,360,273,489,220,361,291,636,0,0,0,521,491,1010.97
P01831_42_H5N4F2,0,0,0,0,0,0,0,0,0,0,0,0,0,0,0,0,0,0,0,0,0,0,0,0,0,0,0,70.8,88.5,156,0,0,0,0,0,0,0,0,0,0,0,0,0,0,0,90.3,284,168
P01831_42_H6N3A1,0,0,0,0,0,0,0,0,0,0,0,0,0,0,0,0,0,0,0,0,0,0,0,0,0,0,0,280,134,76.6,0,0,0,0,0,0,96.9,248,654,99.1,302,202,96.2,150,119,140,389,491
P60882_421_H9N2,0,0,0,0,0,0,0,0,0,0,0,0,0,0,0,0,0,0,0,0,0,0,0,0,0,0,0,635,1175.85,840,647,1052.06,1432.94,821,962,761,705,1004.09,1057.63,0,0,0,406,754,254,790,722,4480
Q91ZX7_3049_H3N5F1,0,0,0,0,0,0,0,0,0,0,0,0,0,0,0,0,0,0,0,0,0,0,0,0,0,0,0,3857.49,4340.1,1913.7,0,0,0,0,0,0,1766.12,3078.1,465,2850.12,1337.21,1520.24,1744.04,825,727,6165.22,4419.64,8703.66
Q63912_103_H3N2,0,0,0,0,0,0,0,0,0,0,0,0,0,0,0,0,0,0,0,0,0,0,0,0,0,0,0,41,111,91.5,0,0,0,300,324,877,0,0,0,0,0,0,0,0,0,214,284,5088.77
Q810U3_778_H3N5F3,0,0,0,0,0,0,0,0,0,0,0,0,0,0,0,0,0,0,0,0,0,0,0,0,0,0,0,1730.94,723,2792.34,0,0,0,0,0,0,697,1069.42,1118.84,0,0,0,0,0,0,1856.29,1759.23,1774.19
P01831_94_H5N5F2,0,0,0,0,0,0,0,0,0,0,0,0,0,0,0,0,0,0,0,0,0,0,0,0,0,0,0,168,203,152,0,0,0,0,0,0,0,0,0,0,0,0,0,0,0,0,0,0
P01831_94_H6N4F3,0,0,0,0,0,0,0,0,0,0,0,0,0,0,0,0,0,0,0,0,0,0,0,0,0,0,0,6101.05,7299.12,644,829,1419.72,13717.6,1884.66,2691.44,1111.92,758,1238.13,445,1470.45,4653.88,3480.98,0,0,0,2032.17,1521.74,3013
P23819_370_H6N2,0,0,0,0,0,0,0,0,0,0,0,0,0,0,0,0,0,0,0,0,0,0,0,0,0,0,0,4544.39,2816.07,738,1453.08,2440.44,2782.21,3447.07,2674.44,1270.51,0,0,0,0,0,0,241,1061.93,361,0,0,0
P24668_84_H6N3F2,0,0,0,0,0,0,0,0,0,0,0,0,0,0,0,0,0,0,0,0,0,0,0,0,0,0,0,198,260,94.1,0,0,0,0,0,0,0,0,0,0,0,0,0,0,0,0,0,0
P24668_58_H3N2,0,0,0,0,0,0,0,0,0,0,0,0,0,0,0,0,0,0,0,0,0,0,0,0,0,0,0,688,235,265,0,0,0,226,163,423,126,103,174,273,250,431,0,0,0,0,0,0
Q91ZX7_4076_H4N2,0,0,0,0,0,0,0,0,0,0,0,0,0,0,0,0,0,0,0,0,0,0,0,0,0,0,0,487,458,177,0,0,0,0,0,0,0,0,0,193,300,168,0,0,0,0,0,0
P43006_205_H6N2,0,0,0,0,0,0,0,0,0,0,0,0,0,0,0,0,0,0,0,0,0,0,0,0,0,0,0,130,58.2,157,0,0,0,0,0,0,200,149,411,0,0,0,0,0,0,0,0,0
Q9CS84_190_H5N2,0,0,0,0,0,0,0,0,0,0,0,0,0,0,0,0,0,0,0,0,0,0,0,0,0,0,0,1591.47,791,1789.76,0,0,0,790,2672.11,212,930,1188.03,680,0,0,0,0,0,0,0,0,0
P43006_205_H5N4F3A1,0,0,0,0,0,0,0,0,0,0,0,0,0,0,0,0,0,0,0,0,0,0,0,0,0,0,0,646,221,549,0,0,0,0,0,0,236,620,608,507,472,774,0,0,0,0,0,0
Q01097_74_H4N5F1,0,0,0,0,0,0,0,0,0,0,0,0,0,0,0,0,0,0,0,0,0,0,0,0,0,0,0,152,190,96.5,0,0,0,0,0,0,571,510,706,0,0,0,0,0,0,0,0,0
Q9WV18_439_H5N4F1,0,0,0,0,0,0,0,0,0,0,0,0,0,0,0,0,0,0,0,0,0,0,0,0,0,0,0,526,776,1709.02,0,0,0,0,0,0,951,1421.72,473,610,1263.1,423,0,0,0,0,0,0
B2RXS4_919_H3N5F1,0,0,0,0,0,0,0,0,0,0,0,0,0,0,0,0,0,0,0,0,0,0,0,0,0,0,0,397,261,248,0,0,0,0,0,0,293,107,326,0,0,0,0,0,0,0,0,0
Q91XE7_70_H6N2,0,0,0,0,0,0,0,0,0,0,0,0,0,0,0,0,0,0,0,0,0,0,0,0,0,0,0,1480.61,567,169,0,0,0,375,228,316,867,778,518,460,688,430,420,193,62.4,0,0,0
Q9WV54_258_H8N2,0,0,0,0,0,0,0,0,0,0,0,0,0,0,0,0,0,0,0,0,0,0,0,0,0,0,0,57.9,64.1,45.6,0,0,0,0,0,0,188,123,97.8,248,187,112,0,0,0,0,0,0
Q8BXZ1_261_H4N2,0,0,0,0,0,0,0,0,0,0,0,0,0,0,0,0,0,0,0,0,0,0,0,0,0,0,0,178,222,65.5,0,0,0,0,0,0,0,0,0,0,0,0,0,0,0,0,0,0
P21661_513_H5N2,0,0,0,0,0,0,0,0,0,0,0,0,0,0,0,0,0,0,0,0,0,0,0,0,0,0,0,526,110,144,0,0,0,1903.65,1119.55,1406.42,276,278,443,616,1885.89,312,93.9,892,172,0,0,0
Q8CJH3_31_H5N3F1,0,0,0,0,0,0,0,0,0,0,0,0,0,0,0,0,0,0,0,0,0,0,0,0,0,0,0,295,195,134,0,0,0,387,620,171,224,350,102,172,156,278,0,0,0,0,0,0
P70699_140_H5N2F1,0,0,0,0,0,0,0,0,0,0,0,0,0,0,0,0,0,0,0,0,0,0,0,0,0,0,0,208,241,103,0,0,0,0,0,0,73.8,37.9,173,0,0,0,0,0,0,0,0,0
B1AUH1_75_H5N2,0,0,0,0,0,0,0,0,0,0,0,0,0,0,0,0,0,0,0,0,0,0,0,0,0,0,0,643,220,1235.88,0,0,0,300,153,175,362,786,715,220,590,177,0,0,0,0,0,0
Q810U4_796_H3N5F1,0,0,0,0,0,0,0,0,0,0,0,0,0,0,0,0,0,0,0,0,0,0,0,0,0,0,0,558,659,30770.2,0,0,0,188,255,613,1133.63,1194,1316.39,859,684,849,441,295,1247.39,0,0,0
Q810U4_796_H3N3F1,0,0,0,0,0,0,0,0,0,0,0,0,0,0,0,0,0,0,0,0,0,0,0,0,0,0,0,3689.81,1374.56,733,0,0,0,0,0,0,843,1561.39,1658.31,1625.77,2418.93,1741.93,390,677,440,0,0,0
P52795_139_H3N4F1,0,0,0,0,0,0,0,0,0,0,0,0,0,0,0,0,0,0,0,0,0,0,0,0,0,0,0,222,257,142,0,0,0,0,0,0,466.3,619.9,540,813,957,863,0,0,0,0,0,0
P35438_350_H4N2,0,0,0,0,0,0,0,0,0,0,0,0,0,0,0,0,0,0,0,0,0,0,0,0,0,0,0,263,320,450,0,0,0,0,0,0,0,0,0,100,45.4,686,0,0,0,0,0,0
Q9D8C2_113_H6N2,0,0,0,0,0,0,0,0,0,0,0,0,0,0,0,0,0,0,0,0,0,0,0,0,0,0,0,240,146,23.1,0,0,0,0,0,0,232,638,199,414,496,542,0,0,0,0,0,0
Q6P1D5_454_H3N5F1,0,0,0,0,0,0,0,0,0,0,0,0,0,0,0,0,0,0,0,0,0,0,0,0,0,0,0,1338.36,1924.39,292,0,0,0,0,0,0,920,1263.33,2421.49,0,0,0,0,0,0,0,0,0
P43006_215_H6N5F3A2,0,0,0,0,0,0,0,0,0,0,0,0,0,0,0,0,0,0,0,0,0,0,0,0,0,0,0,1312.63,1956.19,390,0,0,0,0,0,0,0,0,0,0,0,0,0,0,0,0,0,0
P43006_215_H7N6F5A2,0,0,0,0,0,0,0,0,0,0,0,0,0,0,0,0,0,0,0,0,0,0,0,0,0,0,0,289,180,343,0,0,0,0,0,0,0,0,0,0,0,0,0,0,0,0,0,0
Q6PHU5_160_H4N5F2,0,0,0,0,0,0,0,0,0,0,0,0,0,0,0,0,0,0,0,0,0,0,0,0,0,0,0,158,910,210,0,0,0,0,0,0,389,269,404,2525.32,660,467,0,0,0,0,0,0
Q62059_57_H5N5F4A1,0,0,0,0,0,0,0,0,0,0,0,0,0,0,0,0,0,0,0,0,0,0,0,0,0,0,0,929,517,204,0,0,0,0,0,0,1316.77,450,645,0,0,0,0,0,0,0,0,0
O88307_1895_H7N2,0,0,0,0,0,0,0,0,0,0,0,0,0,0,0,0,0,0,0,0,0,0,0,0,0,0,0,2568.72,1364.11,774,0,0,0,0,0,0,0,0,0,0,0,0,0,0,0,0,0,0
P26049_163_H7N2,0,0,0,0,0,0,0,0,0,0,0,0,0,0,0,0,0,0,0,0,0,0,0,0,0,0,0,434,7618.02,699,0,0,0,0,0,0,4012.02,2490.1,3113.47,4629.45,6808.79,8858.34,0,0,0,0,0,0
P02468_1437_H3N2F1,0,0,0,0,0,0,0,0,0,0,0,0,0,0,0,0,0,0,0,0,0,0,0,0,0,0,0,135,132,97.9,0,0,0,0,0,0,0,0,0,0,0,0,186,99,153,0,0,0
Q14BI2_232_H5N2,0,0,0,0,0,0,0,0,0,0,0,0,0,0,0,0,0,0,0,0,0,0,0,0,0,0,0,315,1524.48,666,0,0,0,333,568,462,0,0,0,821,339,261,0,0,0,230,1047.21,435
P15209_254_H3N4F1,0,0,0,0,0,0,0,0,0,0,0,0,0,0,0,0,0,0,0,0,0,0,0,0,0,0,0,738,792,35738.7,0,0,0,0,0,0,99.1,91.5,266,94.3,87.6,343,0,0,0,0,0,0
Q640R3_189_H3N3F1,0,0,0,0,0,0,0,0,0,0,0,0,0,0,0,0,0,0,0,0,0,0,0,0,0,0,0,432,3957.35,985,0,0,0,0,0,0,0,0,0,0,0,0,0,0,0,0,0,0
P43406_704_H5N2,0,0,0,0,0,0,0,0,0,0,0,0,0,0,0,0,0,0,0,0,0,0,0,0,0,0,0,1484.82,934,651,0,0,0,0,0,0,0,0,0,0,0,0,0,0,0,0,0,0
Q91ZX7_1512_H4N4F1,0,0,0,0,0,0,0,0,0,0,0,0,0,0,0,0,0,0,0,0,0,0,0,0,0,0,0,9451.42,1155.66,617,2725.64,5510.36,8509.52,5299.64,8337.59,1923.93,2049.48,3817.43,4666.46,280,5230.62,580,3645.38,3394.32,3309.61,0,0,0
Q9JKF6_202_H4N3,0,0,0,0,0,0,0,0,0,0,0,0,0,0,0,0,0,0,0,0,0,0,0,0,0,0,0,325,275,522,0,0,0,113,352,1493.65,0,0,0,0,0,0,0,0,0,0,0,0
Q9JKF6_202_H6N4,0,0,0,0,0,0,0,0,0,0,0,0,0,0,0,0,0,0,0,0,0,0,0,0,0,0,0,1437.34,1453.14,540,0,0,0,0,0,0,0,0,0,0,0,0,0,0,0,488,796,7366.49
Q99J85_42_H10N2,0,0,0,0,0,0,0,0,0,0,0,0,0,0,0,0,0,0,0,0,0,0,0,0,0,0,0,57.8,64.2,45.6,0,0,0,0,0,0,83.6,56.5,174,0,0,0,0,0,0,0,0,0
Q8CJH3_1251_H3N4F1,0,0,0,0,0,0,0,0,0,0,0,0,0,0,0,0,0,0,0,0,0,0,0,0,0,0,0,472,594,514,0,0,0,0,0,0,350,165,357,776,358,358,0,0,0,0,0,0
Q01097_444_H3N6F1,0,0,0,0,0,0,0,0,0,0,0,0,0,0,0,0,0,0,0,0,0,0,0,0,0,0,0,272,244,78.4,0,0,0,0,0,0,0,0,0,0,0,0,0,0,0,0,0,0
P24638_92_H4N2F1,0,0,0,0,0,0,0,0,0,0,0,0,0,0,0,0,0,0,0,0,0,0,0,0,0,0,0,258,323,86.9,0,0,0,0,0,0,0,0,0,0,0,0,268,470,113,0,0,0
Q8R180_276_H5N2,0,0,0,0,0,0,0,0,0,0,0,0,0,0,0,0,0,0,0,0,0,0,0,0,0,0,0,82.4,529,78.3,0,0,0,0,0,0,311,139,1208.62,172,157,435,300,166,238,0,0,0
B1AZA5_548_H9N2,0,0,0,0,0,0,0,0,0,0,0,0,0,0,0,0,0,0,0,0,0,0,0,0,0,0,0,825,476,294,0,0,0,0,0,0,0,0,0,0,0,0,0,0,0,0,0,0
Q9CS84_190_H4N2,0,0,0,0,0,0,0,0,0,0,0,0,0,0,0,0,0,0,0,0,0,0,0,0,0,0,0,1399.73,1060.41,1487.24,0,0,0,683,586,633,0,0,0,525,459,963,0,0,0,0,0,0
P70207_76_H5N2,0,0,0,0,0,0,0,0,0,0,0,0,0,0,0,0,0,0,0,0,0,0,0,0,0,0,0,1791.87,517,362,0,0,0,0,0,0,0,0,0,0,0,0,0,0,0,0,0,0
P12960_457_H5N4F1,0,0,0,0,0,0,0,0,0,0,0,0,0,0,0,0,0,0,0,0,0,0,0,0,0,0,0,866,335,1911.85,0,0,0,0,0,0,0,0,0,0,0,0,0,0,0,0,0,0
P70207_76_H3N5F1,0,0,0,0,0,0,0,0,0,0,0,0,0,0,0,0,0,0,0,0,0,0,0,0,0,0,0,472,796,205,0,0,0,897,725,573,0,0,0,0,0,0,0,0,0,0,0,0
P43006_205_H7N6F4A2,0,0,0,0,0,0,0,0,0,0,0,0,0,0,0,0,0,0,0,0,0,0,0,0,0,0,0,4266.48,2819.43,2585.12,0,0,0,0,0,0,0,0,0,5092.58,5081.37,7234.91,0,0,0,0,0,0
Q8C145_68_H3N4F1,0,0,0,0,0,0,0,0,0,0,0,0,0,0,0,0,0,0,0,0,0,0,0,0,0,0,0,1823.13,1547.98,466,0,0,0,510,964,747,0,0,0,0,0,0,0,0,0,0,0,0
Q9WV18_439_H4N5F2,0,0,0,0,0,0,0,0,0,0,0,0,0,0,0,0,0,0,0,0,0,0,0,0,0,0,0,368,166,949,0,0,0,0,0,0,283,295,201,533,338,230,0,0,0,0,0,0
Q9WV18_439_H4N4F2,0,0,0,0,0,0,0,0,0,0,0,0,0,0,0,0,0,0,0,0,0,0,0,0,0,0,0,546,1147.08,479,0,0,0,0,0,0,614,783,1337.93,1684.18,1790.58,2376.04,0,0,0,0,0,0
Q9WV18_439_H8N2,0,0,0,0,0,0,0,0,0,0,0,0,0,0,0,0,0,0,0,0,0,0,0,0,0,0,0,880,711,202,0,0,0,496,1541.39,804,0,0,0,0,0,0,0,0,0,0,0,0
Q80T41_388_H5N3,0,0,0,0,0,0,0,0,0,0,0,0,0,0,0,0,0,0,0,0,0,0,0,0,0,0,0,671,535,55.1,0,0,0,0,0,0,557,144,310,706,447,213,0,0,0,0,0,0
P43006_205_H6N6F2A3,0,0,0,0,0,0,0,0,0,0,0,0,0,0,0,0,0,0,0,0,0,0,0,0,0,0,0,412,1060.47,161,0,0,0,0,0,0,0,0,0,0,0,0,0,0,0,0,0,0
Q3UH93_1101_H4N2,0,0,0,0,0,0,0,0,0,0,0,0,0,0,0,0,0,0,0,0,0,0,0,0,0,0,0,167,141,14.1,97.8,501,235,96.1,91,171,74.4,105,284,0,0,0,98.6,234,63.5,0,0,0
Q8BYI9_581_H5N3,0,0,0,0,0,0,0,0,0,0,0,0,0,0,0,0,0,0,0,0,0,0,0,0,0,0,0,55.7,72.6,122,0,0,0,0,0,0,0,0,0,0,0,0,0,0,0,0,0,0
Q6V4S5_1461_H4N2,0,0,0,0,0,0,0,0,0,0,0,0,0,0,0,0,0,0,0,0,0,0,0,0,0,0,0,410,130,19.1,0,0,0,0,0,0,0,0,0,257,181,236,0,0,0,0,0,0
B9EKR1_501_H4N4F1A2,0,0,0,0,0,0,0,0,0,0,0,0,0,0,0,0,0,0,0,0,0,0,0,0,0,0,0,1296.61,1758.12,350,0,0,0,0,0,0,0,0,0,985,1453.15,1007.98,0,0,0,0,0,0
Q810U4_796_H4N4F2,0,0,0,0,0,0,0,0,0,0,0,0,0,0,0,0,0,0,0,0,0,0,0,0,0,0,0,328,261,429,0,0,0,0,0,0,261,383,511,0,0,0,0,0,0,0,0,0
P01831_94_H4N5F1,0,0,0,0,0,0,0,0,0,0,0,0,0,0,0,0,0,0,0,0,0,0,0,0,0,0,0,2091.87,1743.08,839,0,0,0,0,0,0,377,225,520,0,0,0,0,0,0,0,0,0
P01831_94_H5N3F2,0,0,0,0,0,0,0,0,0,0,0,0,0,0,0,0,0,0,0,0,0,0,0,0,0,0,0,808,829,301,0,0,0,0,0,0,0,0,0,1651,1092,1499,0,0,0,0,0,0
Q14CH0_114_H5N2,0,0,0,0,0,0,0,0,0,0,0,0,0,0,0,0,0,0,0,0,0,0,0,0,0,0,0,5040.4,1729.34,513,0,0,0,0,0,0,0,0,0,0,0,0,0,0,0,0,0,0
O09126_191_H5N2,0,0,0,0,0,0,0,0,0,0,0,0,0,0,0,0,0,0,0,0,0,0,0,0,0,0,0,387,737,316,0,0,0,0,0,0,0,0,0,0,0,0,0,0,0,0,0,0
Q8K2C7_177_H8N2,0,0,0,0,0,0,0,0,0,0,0,0,0,0,0,0,0,0,0,0,0,0,0,0,0,0,0,992,684,35815.4,0,0,0,0,0,0,0,0,0,0,0,0,0,0,0,0,0,0
P97797_92_H4N4F2,0,0,0,0,0,0,0,0,0,0,0,0,0,0,0,0,0,0,0,0,0,0,0,0,0,0,0,423,573,1291.59,0,0,0,0,0,0,0,0,0,0,0,0,0,0,0,0,0,0
P14231_153_H5N2,0,0,0,0,0,0,0,0,0,0,0,0,0,0,0,0,0,0,0,0,0,0,0,0,0,0,0,809,3599.68,345,0,0,0,0,0,0,0,0,0,708,1045.71,213,0,0,0,2237.57,3816.98,2840.22
P97300_196_H8N2,0,0,0,0,0,0,0,0,0,0,0,0,0,0,0,0,0,0,0,0,0,0,0,0,0,0,0,421,576,65.4,0,0,0,0,0,0,0,0,0,1780.26,801,450,0,0,0,0,0,0
O08530_30_H5N4F3,0,0,0,0,0,0,0,0,0,0,0,0,0,0,0,0,0,0,0,0,0,0,0,0,0,0,0,656,472,206,0,0,0,211,740,937,0,0,0,0,0,0,0,0,0,0,0,0
P15209_241_H5N3F2,0,0,0,0,0,0,0,0,0,0,0,0,0,0,0,0,0,0,0,0,0,0,0,0,0,0,0,689,867,1748.52,0,0,0,0,0,0,0,0,0,351,333,409,0,0,0,0,0,0
Q9QUN9_106_H8N2,0,0,0,0,0,0,0,0,0,0,0,0,0,0,0,0,0,0,0,0,0,0,0,0,0,0,0,78.1,204,96.2,0,0,0,0,0,0,0,0,0,0,0,0,0,0,0,0,0,0
P26049_163_H5N2,0,0,0,0,0,0,0,0,0,0,0,0,0,0,0,0,0,0,0,0,0,0,0,0,0,0,0,45.7,232,164,0,0,0,0,0,0,0,0,0,0,0,0,0,0,0,0,0,0
Q9R1V6_632_H5N4F2,0,0,0,0,0,0,0,0,0,0,0,0,0,0,0,0,0,0,0,0,0,0,0,0,0,0,0,541,1142.37,479,0,0,0,323,348,438,0,0,0,0,0,0,0,0,0,0,0,0
Q9R1V6_632_H4N5F2,0,0,0,0,0,0,0,0,0,0,0,0,0,0,0,0,0,0,0,0,0,0,0,0,0,0,0,898,2270.94,812,0,0,0,0,0,0,0,0,0,0,0,0,0,0,0,0,0,0
P43406_941_H8N2,0,0,0,0,0,0,0,0,0,0,0,0,0,0,0,0,0,0,0,0,0,0,0,0,0,0,0,1197.89,367,585,0,0,0,0,0,0,0,0,0,0,0,0,0,0,0,0,0,0
Q810U4_217_H5N4,0,0,0,0,0,0,0,0,0,0,0,0,0,0,0,0,0,0,0,0,0,0,0,0,0,0,0,619,248,301,0,0,0,0,0,0,0,0,0,0,0,0,0,0,0,0,0,0
Q07113_1305_H5N2,0,0,0,0,0,0,0,0,0,0,0,0,0,0,0,0,0,0,0,0,0,0,0,0,0,0,0,264,439,445,0,0,0,521,253,123,0,0,0,0,0,0,0,0,0,0,0,0
Q810U4_217_H5N2F1,0,0,0,0,0,0,0,0,0,0,0,0,0,0,0,0,0,0,0,0,0,0,0,0,0,0,0,66.6,518,362,0,0,0,0,0,0,0,0,0,0,0,0,0,0,0,0,0,0
P97300_228_H6N5F3,0,0,0,0,0,0,0,0,0,0,0,0,0,0,0,0,0,0,0,0,0,0,0,0,0,0,0,802,640,254,0,0,0,1096.79,426,1069.23,0,0,0,0,0,0,225,211,405,0,0,0
Q3TDQ1_638_H6N2,0,0,0,0,0,0,0,0,0,0,0,0,0,0,0,0,0,0,0,0,0,0,0,0,0,0,0,118,132,66.2,0,0,0,0,0,0,0,0,0,0,0,0,0,0,0,0,0,0
P15209_254_H4N4F2,0,0,0,0,0,0,0,0,0,0,0,0,0,0,0,0,0,0,0,0,0,0,0,0,0,0,0,372,264,83.1,0,0,0,0,0,0,0,0,0,0,0,0,0,0,0,0,0,0
Q80XG9_126_H4N5A2,0,0,0,0,0,0,0,0,0,0,0,0,0,0,0,0,0,0,0,0,0,0,0,0,0,0,0,293,203,401,0,0,0,0,0,0,0,0,0,0,0,0,0,0,0,0,0,0
P70207_163_H8N2,0,0,0,0,0,0,0,0,0,0,0,0,0,0,0,0,0,0,0,0,0,0,0,0,0,0,0,441,415,261,0,0,0,0,0,0,0,0,0,0,0,0,0,0,0,0,0,0
Q640R3_189_H5N3F1,0,0,0,0,0,0,0,0,0,0,0,0,0,0,0,0,0,0,0,0,0,0,0,0,0,0,0,1643.71,1047.6,3799.84,0,0,0,0,0,0,0,0,0,0,0,0,0,0,0,0,0,0
O35684_321_H7N2,0,0,0,0,0,0,0,0,0,0,0,0,0,0,0,0,0,0,0,0,0,0,0,0,0,0,0,275,46.8,78.4,0,0,0,0,0,0,0,0,0,0,0,0,0,0,0,0,0,0
O35684_321_H6N2,0,0,0,0,0,0,0,0,0,0,0,0,0,0,0,0,0,0,0,0,0,0,0,0,0,0,0,423,251,1269.89,0,0,0,0,0,0,0,0,0,0,0,0,0,0,0,0,0,0
Q80T79_2932_H5N2,0,0,0,0,0,0,0,0,0,0,0,0,0,0,0,0,0,0,0,0,0,0,0,0,0,0,0,488,307,342,0,0,0,0,0,0,0,0,0,0,0,0,0,0,0,0,0,0
O89001_625_H6N4F1,0,0,0,0,0,0,0,0,0,0,0,0,0,0,0,0,0,0,0,0,0,0,0,0,0,0,0,701,640,610,0,0,0,0,0,0,0,0,0,0,0,0,0,0,0,0,0,0
Q91ZX7_3789_H4N4F2,0,0,0,0,0,0,0,0,0,0,0,0,0,0,0,0,0,0,0,0,0,0,0,0,0,0,0,60.1,79.5,115,0,0,0,59.3,61.9,301,0,0,0,0,0,0,0,0,0,0,0,0
Q640R3_189_H5N3F1A2,0,0,0,0,0,0,0,0,0,0,0,0,0,0,0,0,0,0,0,0,0,0,0,0,0,0,0,1914.58,797,333,641,899,2818.02,0,0,0,0,0,0,1380.27,1916.38,1961.92,1106.06,488,641,0,0,0
Q99PJ0_44_H4N2F1,0,0,0,0,0,0,0,0,0,0,0,0,0,0,0,0,0,0,0,0,0,0,0,0,0,0,0,955,929,1325.08,0,0,0,0,0,0,0,0,0,0,0,0,0,0,0,0,0,0
Q9JKR6_931_H5N2F1,0,0,0,0,0,0,0,0,0,0,0,0,0,0,0,0,0,0,0,0,0,0,0,0,0,0,0,398,194,342,0,0,0,726,1758.54,526,0,0,0,0,0,0,0,0,0,0,0,0
Q91ZX7_1512_H4N2F1,0,0,0,0,0,0,0,0,0,0,0,0,0,0,0,0,0,0,0,0,0,0,0,0,0,0,0,603,135,76.6,0,0,0,0,0,0,0,0,0,0,0,0,0,0,0,0,0,0
P22723_128_H4N5F2,0,0,0,0,0,0,0,0,0,0,0,0,0,0,0,0,0,0,0,0,0,0,0,0,0,0,0,6637.88,5966.23,1851.98,0,0,0,0,0,0,0,0,0,0,0,0,0,0,0,0,0,0
Q61543_161_H7N4F2,0,0,0,0,0,0,0,0,0,0,0,0,0,0,0,0,0,0,0,0,0,0,0,0,0,0,0,179,63.8,284,0,0,0,0,0,0,0,0,0,0,0,0,0,0,0,0,0,0
Q9JKF6_202_H5N3,0,0,0,0,0,0,0,0,0,0,0,0,0,0,0,0,0,0,0,0,0,0,0,0,0,0,0,204,98,866,0,0,0,231,346,290,0,0,0,0,0,0,0,0,0,0,0,0
Q07409_489_H3N5F1,0,0,0,0,0,0,0,0,0,0,0,0,0,0,0,0,0,0,0,0,0,0,0,0,0,0,0,273,338,78.4,0,0,0,176,289,611,0,0,0,0,0,0,0,0,0,0,0,0
Q99PJ0_44_H3N2F1,0,0,0,0,0,0,0,0,0,0,0,0,0,0,0,0,0,0,0,0,0,0,0,0,0,0,0,264,466,445,0,0,0,0,0,0,0,0,0,419,414,741,0,0,0,0,0,0
Q64487_724_H4N2,0,0,0,0,0,0,0,0,0,0,0,0,0,0,0,0,0,0,0,0,0,0,0,0,0,0,0,37.2,111,27.8,0,0,0,0,0,0,0,0,0,0,0,0,0,0,0,0,0,0
O35136_445_H4N5F2,0,0,0,0,0,0,0,0,0,0,0,0,0,0,0,0,0,0,0,0,0,0,0,0,0,0,0,4616.11,3620,1196.72,0,0,0,0,0,0,0,0,0,2725.83,3649.3,4295.58,0,0,0,0,0,0
Q01097_444_H4N6F2,0,0,0,0,0,0,0,0,0,0,0,0,0,0,0,0,0,0,0,0,0,0,0,0,0,0,0,388,333,520,596,199,1526.54,0,0,0,841,1034.68,301,0,0,0,327,303,335,0,0,0
O88829_235_H6N2,0,0,0,0,0,0,0,0,0,0,0,0,0,0,0,0,0,0,0,0,0,0,0,0,0,0,0,547,798,1789.76,0,0,0,202,301,595,0,0,0,0,0,0,0,0,0,0,0,0
P12960_494_H5N5F3,0,0,0,0,0,0,0,0,0,0,0,0,0,0,0,0,0,0,0,0,0,0,0,0,0,0,0,224,524,336,0,0,0,0,0,0,0,0,0,0,0,0,0,0,0,0,0,0
Q9CWR1_257_H3N3,0,0,0,0,0,0,0,0,0,0,0,0,0,0,0,0,0,0,0,0,0,0,0,0,0,0,0,137,302,467,0,0,0,0,0,0,0,0,0,0,0,0,0,0,0,0,0,0
Q8R180_276_H7N2,0,0,0,0,0,0,0,0,0,0,0,0,0,0,0,0,0,0,0,0,0,0,0,0,0,0,0,205,356,58.6,0,0,0,0,0,0,0,0,0,0,0,0,0,0,0,0,0,0
P43006_205_H4N4F3,0,0,0,0,0,0,0,0,0,0,0,0,0,0,0,0,0,0,0,0,0,0,0,0,0,0,0,465,453,519,0,0,0,0,0,0,0,0,0,564,273,787,0,0,0,0,0,0
P97797_168_H5N4F1,0,0,0,0,0,0,0,0,0,0,0,0,0,0,0,0,0,0,0,0,0,0,0,0,0,0,0,720,1121.03,403,0,0,0,0,0,0,0,0,0,0,0,0,0,0,0,0,0,0
P97797_205_H4N3,0,0,0,0,0,0,0,0,0,0,0,0,0,0,0,0,0,0,0,0,0,0,0,0,0,0,0,318,223,229,0,0,0,0,0,0,0,0,0,0,0,0,0,0,0,0,0,0
Q923L3_2795_H5N2,0,0,0,0,0,0,0,0,0,0,0,0,0,0,0,0,0,0,0,0,0,0,0,0,0,0,0,410,701,355,0,0,0,0,0,0,0,0,0,0,0,0,0,0,0,0,0,0
Q9Z218_112_H3N6F1,0,0,0,0,0,0,0,0,0,0,0,0,0,0,0,0,0,0,0,0,0,0,0,0,0,0,0,359,532,382,0,0,0,0,0,0,0,0,0,171,412,613,0,0,0,0,0,0
A2AIR5_426_H4N2,0,0,0,0,0,0,0,0,0,0,0,0,0,0,0,0,0,0,0,0,0,0,0,0,0,0,0,258,194,568,0,0,0,0,0,0,0,0,0,0,0,0,0,0,0,0,0,0
P43006_205_H6N6A4,0,0,0,0,0,0,0,0,0,0,0,0,0,0,0,0,0,0,0,0,0,0,0,0,0,0,0,2094.23,393,557,0,0,0,0,0,0,0,0,0,0,0,0,0,0,0,0,0,0
Q3UH53_1315_H5N2,0,0,0,0,0,0,0,0,0,0,0,0,0,0,0,0,0,0,0,0,0,0,0,0,0,0,0,191,250,55.6,0,0,0,0,0,0,0,0,0,440,315,346,0,0,0,0,0,0
P97797_271_H5N3F1,0,0,0,0,0,0,0,0,0,0,0,0,0,0,0,0,0,0,0,0,0,0,0,0,0,0,0,253,101,831,0,0,0,0,0,0,0,0,0,0,0,0,0,0,0,0,0,0
Q91ZX7_3954_H3N2,0,0,0,0,0,0,0,0,0,0,0,0,0,0,0,0,0,0,0,0,0,0,0,0,0,0,0,72.3,121,52.7,0,0,0,0,0,0,0,0,0,0,0,0,0,0,0,0,0,0
P97797_271_H5N4,0,0,0,0,0,0,0,0,0,0,0,0,0,0,0,0,0,0,0,0,0,0,0,0,0,0,0,116,523,277,0,0,0,0,0,0,0,0,0,0,0,0,0,0,0,0,0,0
P97797_271_H5N3,0,0,0,0,0,0,0,0,0,0,0,0,0,0,0,0,0,0,0,0,0,0,0,0,0,0,0,117,424,88.9,0,0,0,0,0,0,0,0,0,0,0,0,0,0,0,0,0,0
Q01097_74_H4N6F2,0,0,0,0,0,0,0,0,0,0,0,0,0,0,0,0,0,0,0,0,0,0,0,0,0,0,0,361,146,62.6,0,0,0,0,0,0,0,0,0,0,0,0,0,0,0,0,0,0
O35136_219_H4N4F2,0,0,0,0,0,0,0,0,0,0,0,0,0,0,0,0,0,0,0,0,0,0,0,0,0,0,0,1292.33,782,1709.02,0,0,0,1185.77,877,2274.42,0,0,0,1021.71,1262.87,573,0,0,0,0,0,0
P43406_74_H5N3F1,0,0,0,0,0,0,0,0,0,0,0,0,0,0,0,0,0,0,0,0,0,0,0,0,0,0,0,244,144,49.7,0,0,0,0,0,0,0,0,0,0,0,0,0,0,0,0,0,0
Q8C129_447_H3N4F1,0,0,0,0,0,0,0,0,0,0,0,0,0,0,0,0,0,0,0,0,0,0,0,0,0,0,0,277,1184.73,79.5,0,0,0,0,0,0,0,0,0,0,0,0,0,0,0,0,0,0
Q80T41_388_H5N4F2,0,0,0,0,0,0,0,0,0,0,0,0,0,0,0,0,0,0,0,0,0,0,0,0,0,0,0,459,192,285,0,0,0,0,0,0,0,0,0,0,0,0,0,0,0,0,0,0
P97326_399_H5N2,0,0,0,0,0,0,0,0,0,0,0,0,0,0,0,0,0,0,0,0,0,0,0,0,0,0,0,378,1202,538,0,0,0,155,556,54.6,0,0,0,0,0,0,0,0,0,0,0,0
Q80T41_388_H3N6F1,0,0,0,0,0,0,0,0,0,0,0,0,0,0,0,0,0,0,0,0,0,0,0,0,0,0,0,377,169,981,0,0,0,0,0,0,0,0,0,0,0,0,0,0,0,0,0,0
Q91ZX7_1559_H5N2,0,0,0,0,0,0,0,0,0,0,0,0,0,0,0,0,0,0,0,0,0,0,0,0,0,0,0,169,2676.44,135,0,0,0,0,0,0,0,0,0,0,0,0,0,0,0,0,0,0
P59823_213_H6N2,0,0,0,0,0,0,0,0,0,0,0,0,0,0,0,0,0,0,0,0,0,0,0,0,0,0,0,932,3300.63,1221.22,0,0,0,0,0,0,0,0,0,2756.9,3690.66,1865.01,0,0,0,0,0,0
Q91XE7_70_H7N2,0,0,0,0,0,0,0,0,0,0,0,0,0,0,0,0,0,0,0,0,0,0,0,0,0,0,0,2439.72,497,630,0,0,0,350,828,201,0,0,0,0,0,0,377,607,190,0,0,0
P59823_213_H5N2,0,0,0,0,0,0,0,0,0,0,0,0,0,0,0,0,0,0,0,0,0,0,0,0,0,0,0,593,446,35687.5,0,0,0,606,812,1809.46,0,0,0,0,0,0,0,0,0,0,0,0
P15209_205_H3N4F1,0,0,0,0,0,0,0,0,0,0,0,0,0,0,0,0,0,0,0,0,0,0,0,0,0,0,0,225,442,82.1,330,345,3721.03,0,0,0,0,0,0,863,270,494,0,0,0,0,0,0
Q8BM72_184_H7N2,0,0,0,0,0,0,0,0,0,0,0,0,0,0,0,0,0,0,0,0,0,0,0,0,0,0,0,208,200,222,0,0,0,0,0,0,0,0,0,0,0,0,0,0,0,0,0,0
O35114_122_H3N2,0,0,0,0,0,0,0,0,0,0,0,0,0,0,0,0,0,0,0,0,0,0,0,0,0,0,0,85,131,37.4,0,0,0,128,119,132,0,0,0,0,0,0,0,0,0,0,0,0
P21661_523_H5N2,0,0,0,0,0,0,0,0,0,0,0,0,0,0,0,0,0,0,0,0,0,0,0,0,0,0,0,4749.01,2174.11,630,696,666,2712.45,965,855,1338.13,0,0,0,0,0,0,0,0,0,0,0,0
Q9Z2W9_374_H3N6,0,0,0,0,0,0,0,0,0,0,0,0,0,0,0,0,0,0,0,0,0,0,0,0,0,0,0,466,360,330,0,0,0,0,0,0,0,0,0,0,0,0,0,0,0,0,0,0
Q63912_234_H5N4F2,0,0,0,0,0,0,0,0,0,0,0,0,0,0,0,0,0,0,0,0,0,0,0,0,0,0,0,784,114,363,0,0,0,0,0,0,0,0,0,0,0,0,695,1208.79,483,0,0,0
Q6PAL0_593_H6N2,0,0,0,0,0,0,0,0,0,0,0,0,0,0,0,0,0,0,0,0,0,0,0,0,0,0,0,1073.47,739,316,0,0,0,0,0,0,0,0,0,0,0,0,0,0,0,0,0,0
Q69Z26_191_H5N2,0,0,0,0,0,0,0,0,0,0,0,0,0,0,0,0,0,0,0,0,0,0,0,0,0,0,0,291,240,397,0,0,0,0,0,0,0,0,0,0,0,0,0,0,0,0,0,0
Q3V3R4_1102_H6N2,0,0,0,0,0,0,0,0,0,0,0,0,0,0,0,0,0,0,0,0,0,0,0,0,0,0,0,53.4,456,69.1,0,0,0,0,0,0,0,0,0,0,0,0,0,0,0,0,0,0
O08842_357_H3N5F1,0,0,0,0,0,0,0,0,0,0,0,0,0,0,0,0,0,0,0,0,0,0,0,0,0,0,0,308,126,56.1,0,0,0,0,0,0,0,0,0,0,0,0,0,0,0,0,0,0
B2RXS4_735_H4N2,0,0,0,0,0,0,0,0,0,0,0,0,0,0,0,0,0,0,0,0,0,0,0,0,0,0,0,57.9,64.1,22.1,0,0,0,0,0,0,0,0,0,0,0,0,0,0,0,0,0,0
Q9JMB8_65_H5N2,0,0,0,0,0,0,0,0,0,0,0,0,0,0,0,0,0,0,0,0,0,0,0,0,0,0,0,283,107,92.1,0,0,0,0,0,0,0,0,0,0,0,0,0,0,0,345,344,1547.2
P97798_501_H4N4F2,0,0,0,0,0,0,0,0,0,0,0,0,0,0,0,0,0,0,0,0,0,0,0,0,0,0,0,89.4,162,715,0,0,0,0,0,0,0,0,0,0,0,0,0,0,0,0,0,0
P60755_92_H6N2,0,0,0,0,0,0,0,0,0,0,0,0,0,0,0,0,0,0,0,0,0,0,0,0,0,0,0,494,353,253,0,0,0,0,0,0,0,0,0,0,0,0,826,480,121,0,0,0
Q71M36_57_H5N4F2A2,0,0,0,0,0,0,0,0,0,0,0,0,0,0,0,0,0,0,0,0,0,0,0,0,0,0,0,210,90,1216.52,0,0,0,0,0,0,0,0,0,0,0,0,0,0,0,0,0,0
Q8BFZ9_106_H6N2,0,0,0,0,0,0,0,0,0,0,0,0,0,0,0,0,0,0,0,0,0,0,0,0,0,0,0,371,273,156,0,0,0,0,0,0,0,0,0,0,0,0,0,0,0,0,0,0
Q9Z2W9_374_H3N4,0,0,0,0,0,0,0,0,0,0,0,0,0,0,0,0,0,0,0,0,0,0,0,0,0,0,0,240,130,76.6,0,0,0,29.8,89,993,0,0,0,0,0,0,0,0,0,0,0,0
Q61490_167_H5N3F1,0,0,0,0,0,0,0,0,0,0,0,0,0,0,0,0,0,0,0,0,0,0,0,0,0,0,0,340,431,237,0,0,0,0,0,0,0,0,0,0,0,0,0,0,0,0,0,0
P97797_110_H5N4F1,0,0,0,0,0,0,0,0,0,0,0,0,0,0,0,0,0,0,0,0,0,0,0,0,0,0,0,85.8,975,83.1,0,0,0,0,0,0,0,0,0,0,0,0,0,0,0,0,0,0
Q61490_167_H3N3F1,0,0,0,0,0,0,0,0,0,0,0,0,0,0,0,0,0,0,0,0,0,0,0,0,0,0,0,1776.49,1446.43,418,0,0,0,416,343,360,0,0,0,0,0,0,0,0,0,0,0,0
Q07409_65_H3N4F1,0,0,0,0,0,0,0,0,0,0,0,0,0,0,0,0,0,0,0,0,0,0,0,0,0,0,0,458,177,426,0,0,0,0,0,0,0,0,0,0,0,0,0,0,0,0,0,0
P97797_110_H3N4F1,0,0,0,0,0,0,0,0,0,0,0,0,0,0,0,0,0,0,0,0,0,0,0,0,0,0,0,94.7,2161.25,1887.23,0,0,0,0,0,0,0,0,0,0,0,0,0,0,0,0,0,0
Q6V4S5_952_H3N4F1,0,0,0,0,0,0,0,0,0,0,0,0,0,0,0,0,0,0,0,0,0,0,0,0,0,0,0,1219.43,884,274,0,0,0,0,0,0,0,0,0,1223.74,281,635,0,0,0,0,0,0
Q8R366_461_H3N5F1,0,0,0,0,0,0,0,0,0,0,0,0,0,0,0,0,0,0,0,0,0,0,0,0,0,0,0,3343.03,12177.7,1690.26,0,0,0,0,0,0,0,0,0,0,0,0,2188.3,1462.94,1160.53,0,0,0
P11627_670_H5N3F1,0,0,0,0,0,0,0,0,0,0,0,0,0,0,0,0,0,0,0,0,0,0,0,0,0,0,0,417,544,63.1,0,0,0,0,0,0,0,0,0,0,0,0,0,0,0,0,0,0
O89001_975_H5N4F2,0,0,0,0,0,0,0,0,0,0,0,0,0,0,0,0,0,0,0,0,0,0,0,0,0,0,0,140,68.3,219,0,0,0,0,0,0,0,0,0,0,0,0,0,0,0,0,0,0
Q6NXK7_91_H4N5F1A1,0,0,0,0,0,0,0,0,0,0,0,0,0,0,0,0,0,0,0,0,0,0,0,0,0,0,0,345,732,127,0,0,0,0,0,0,0,0,0,0,0,0,0,0,0,0,0,0
O88998_288_H4N5F2,0,0,0,0,0,0,0,0,0,0,0,0,0,0,0,0,0,0,0,0,0,0,0,0,0,0,0,104,212,199,0,0,0,442,136,2330.62,0,0,0,0,0,0,0,0,0,0,0,0
P01831_94_H5N5F3,0,0,0,0,0,0,0,0,0,0,0,0,0,0,0,0,0,0,0,0,0,0,0,0,0,0,0,2849.34,1787.01,406,0,0,0,0,0,0,0,0,0,0,0,0,0,0,0,0,0,0
P01831_94_H3N4F1,0,0,0,0,0,0,0,0,0,0,0,0,0,0,0,0,0,0,0,0,0,0,0,0,0,0,0,406,117,355,0,0,0,0,0,0,0,0,0,0,0,0,0,0,0,0,0,0
Q8BG39_516_H6N7F2A2,0,0,0,0,0,0,0,0,0,0,0,0,0,0,0,0,0,0,0,0,0,0,0,0,0,0,0,1665.04,1345.38,659,0,0,0,0,0,0,0,0,0,807,961,1110.17,0,0,0,0,0,0
A6H6E2_249_H5N2,0,0,0,0,0,0,0,0,0,0,0,0,0,0,0,0,0,0,0,0,0,0,0,0,0,0,0,186,83,226,0,0,0,0,0,0,0,0,0,0,0,0,0,0,0,0,0,0
P23819_370_H4N5F1,0,0,0,0,0,0,0,0,0,0,0,0,0,0,0,0,0,0,0,0,0,0,0,0,0,0,0,6825.09,4367.35,1888.79,0,0,0,0,0,0,0,0,0,6465.61,8116.31,8707.5,0,0,0,0,0,0
Q6V4S5_708_H5N2,0,0,0,0,0,0,0,0,0,0,0,0,0,0,0,0,0,0,0,0,0,0,0,0,0,0,0,349,121,57.5,0,0,0,0,0,0,0,0,0,0,0,0,0,0,0,0,0,0
P14094_158_H4N4F1,0,0,0,0,0,0,0,0,0,0,0,0,0,0,0,0,0,0,0,0,0,0,0,0,0,0,0,109,310,111,0,0,0,0,0,0,0,0,0,0,0,0,0,0,0,0,0,0
Q6PHU5_160_H4N4F2,0,0,0,0,0,0,0,0,0,0,0,0,0,0,0,0,0,0,0,0,0,0,0,0,0,0,0,225,1500.68,294,0,0,0,0,0,0,0,0,0,0,0,0,0,0,0,0,0,0
Q14CH0_214_H3N4F1,0,0,0,0,0,0,0,0,0,0,0,0,0,0,0,0,0,0,0,0,0,0,0,0,0,0,0,351,149,49.1,283,652,60.1,445,984,1844.82,0,0,0,328,500,361,0,0,0,0,0,0
P10852_259_H5N4F1A2,0,0,0,0,0,0,0,0,0,0,0,0,0,0,0,0,0,0,0,0,0,0,0,0,0,0,0,84.2,131,70.3,0,0,0,50.3,47.4,227,0,0,0,0,0,0,0,0,0,0,0,0
P11627_293_H3N5,0,0,0,0,0,0,0,0,0,0,0,0,0,0,0,0,0,0,0,0,0,0,0,0,0,0,0,19339.6,27090.9,14372,0,0,0,0,0,0,0,0,0,0,0,0,17665.1,12780.4,18517.3,12635.8,5220.74,22432.3
O08530_30_H5N6F3,0,0,0,0,0,0,0,0,0,0,0,0,0,0,0,0,0,0,0,0,0,0,0,0,0,0,0,566,796,309,0,0,0,0,0,0,0,0,0,0,0,0,816,721,302,0,0,0
P97300_228_H4N6,0,0,0,0,0,0,0,0,0,0,0,0,0,0,0,0,0,0,0,0,0,0,0,0,0,0,0,278,401,564,271,207,1372.29,976,237,1615.14,0,0,0,0,0,0,344,761,341,0,0,0
Q6GQT9_361_H5N2F1,0,0,0,0,0,0,0,0,0,0,0,0,0,0,0,0,0,0,0,0,0,0,0,0,0,0,0,223,111,66.2,0,0,0,588,402,354,0,0,0,0,0,0,0,0,0,0,0,0
Q61490_167_H4N3F1,0,0,0,0,0,0,0,0,0,0,0,0,0,0,0,0,0,0,0,0,0,0,0,0,0,0,0,1306.16,3221.74,717,0,0,0,0,0,0,0,0,0,0,0,0,0,0,0,0,0,0
Q8R5M8_104_H4N4F2,0,0,0,0,0,0,0,0,0,0,0,0,0,0,0,0,0,0,0,0,0,0,0,0,0,0,0,413,294,637,0,0,0,408,475,499,0,0,0,0,0,0,0,0,0,0,0,0
Q8R366_325_H5N2,0,0,0,0,0,0,0,0,0,0,0,0,0,0,0,0,0,0,0,0,0,0,0,0,0,0,0,2804.76,495,401,0,0,0,152,90.3,883,0,0,0,0,0,0,0,0,0,0,0,0
Q5SZV5_742_H6N2,0,0,0,0,0,0,0,0,0,0,0,0,0,0,0,0,0,0,0,0,0,0,0,0,0,0,0,208,105,17.8,0,0,0,0,0,0,0,0,0,0,0,0,0,0,0,0,0,0
Q62059_330_H3N4F1,0,0,0,0,0,0,0,0,0,0,0,0,0,0,0,0,0,0,0,0,0,0,0,0,0,0,0,269,390,865,0,0,0,0,0,0,0,0,0,0,0,0,0,0,0,0,0,0
P55144_181_H3N5F1,0,0,0,0,0,0,0,0,0,0,0,0,0,0,0,0,0,0,0,0,0,0,0,0,0,0,0,306,189,60.5,0,0,0,0,0,0,0,0,0,0,0,0,0,0,0,0,0,0
Q925H0_392_H3N5F1,0,0,0,0,0,0,0,0,0,0,0,0,0,0,0,0,0,0,0,0,0,0,0,0,0,0,0,665,771,148,0,0,0,0,0,0,0,0,0,0,0,0,0,0,0,0,0,0
O08532_604_H4N2,0,0,0,0,0,0,0,0,0,0,0,0,0,0,0,0,0,0,0,0,0,0,0,0,0,0,0,2474.81,2183.42,530,0,0,0,0,0,0,0,0,0,0,0,0,0,0,0,0,0,0
Q810U3_866_H4N2,0,0,0,0,0,0,0,0,0,0,0,0,0,0,0,0,0,0,0,0,0,0,0,0,0,0,0,449,405,309,0,0,0,0,0,0,0,0,0,0,0,0,0,0,0,0,0,0
P14231_238_H5N2F1,0,0,0,0,0,0,0,0,0,0,0,0,0,0,0,0,0,0,0,0,0,0,0,0,0,0,0,885,43.1,172,0,0,0,0,0,0,0,0,0,0,0,0,101,350,173,0,0,0
P14094_158_H8N2F1,0,0,0,0,0,0,0,0,0,0,0,0,0,0,0,0,0,0,0,0,0,0,0,0,0,0,0,428,379,156,0,0,0,0,0,0,0,0,0,0,0,0,0,0,0,0,0,0
O09126_191_H6N2,0,0,0,0,0,0,0,0,0,0,0,0,0,0,0,0,0,0,0,0,0,0,0,0,0,0,0,0,0,0,2081.6,942,4187.76,0,0,0,0,0,0,0,0,0,0,0,0,0,0,0
Q61490_306_H4N5F2,0,0,0,0,0,0,0,0,0,0,0,0,0,0,0,0,0,0,0,0,0,0,0,0,0,0,0,0,0,0,320,484,1114.99,941,687,1183.19,0,0,0,1344.73,876,598,350,253,284,832,1395.68,1451.56
O08530_30_H4N5F2,0,0,0,0,0,0,0,0,0,0,0,0,0,0,0,0,0,0,0,0,0,0,0,0,0,0,0,0,0,0,721,429,1041.27,0,0,0,0,0,0,0,0,0,1732.75,810,432,0,0,0
P13595_348_H5N6F2A1,0,0,0,0,0,0,0,0,0,0,0,0,0,0,0,0,0,0,0,0,0,0,0,0,0,0,0,0,0,0,196,480,1257.81,0,0,0,0,0,0,0,0,0,261,201,222,0,0,0
P09470_514_H6N2,0,0,0,0,0,0,0,0,0,0,0,0,0,0,0,0,0,0,0,0,0,0,0,0,0,0,0,0,0,0,147,269,801,250,376,206,0,0,0,0,0,0,161,676,452,0,0,0
A2A699_265_H5N2,0,0,0,0,0,0,0,0,0,0,0,0,0,0,0,0,0,0,0,0,0,0,0,0,0,0,0,0,0,0,868,794,7663.94,1477.9,1597.73,772,0,0,0,0,0,0,0,0,0,0,0,0
Q8K482_744_H5N2,0,0,0,0,0,0,0,0,0,0,0,0,0,0,0,0,0,0,0,0,0,0,0,0,0,0,0,0,0,0,483,404,557,0,0,0,0,0,0,0,0,0,0,0,0,0,0,0
Q61738_1043_H5N2,0,0,0,0,0,0,0,0,0,0,0,0,0,0,0,0,0,0,0,0,0,0,0,0,0,0,0,0,0,0,373,415,166,110,112,166,0,0,0,0,0,0,184,337,214,0,0,0
Q9R0E2_539_H8N2,0,0,0,0,0,0,0,0,0,0,0,0,0,0,0,0,0,0,0,0,0,0,0,0,0,0,0,0,0,0,419,286,459,0,0,0,0,0,0,0,0,0,341,341,168,0,0,0
Q3TVI8_455_H6N2,0,0,0,0,0,0,0,0,0,0,0,0,0,0,0,0,0,0,0,0,0,0,0,0,0,0,0,0,0,0,327,241,1641.61,951,169,146,88,274,557,0,0,0,281,99.7,394,0,0,0
P15209_254_H5N6F3,0,0,0,0,0,0,0,0,0,0,0,0,0,0,0,0,0,0,0,0,0,0,0,0,0,0,0,0,0,0,338,136,198,0,0,0,0,0,0,0,0,0,555,225,340,0,0,0
Q61292_1500_H5N4F1A1,0,0,0,0,0,0,0,0,0,0,0,0,0,0,0,0,0,0,0,0,0,0,0,0,0,0,0,0,0,0,2155.23,741,6302.64,3981.52,1540.15,1515.07,0,0,0,0,0,0,511,907,1283.93,1232.87,1190.17,935
P02468_1105_H5N4,0,0,0,0,0,0,0,0,0,0,0,0,0,0,0,0,0,0,0,0,0,0,0,0,0,0,0,0,0,0,3273.3,1024.37,3248.61,0,0,0,0,0,0,0,0,0,0,0,0,0,0,0
Q640R3_189_H5N4F3,0,0,0,0,0,0,0,0,0,0,0,0,0,0,0,0,0,0,0,0,0,0,0,0,0,0,0,0,0,0,917,582,678,0,0,0,0,0,0,0,0,0,5089.02,1835.79,783,0,0,0
P97300_228_H5N4F1,0,0,0,0,0,0,0,0,0,0,0,0,0,0,0,0,0,0,0,0,0,0,0,0,0,0,0,0,0,0,470,190,1304.65,369,301,120,0,0,0,296,470,1236.45,580,416,387,0,0,0
P29533_225_H4N5F2,0,0,0,0,0,0,0,0,0,0,0,0,0,0,0,0,0,0,0,0,0,0,0,0,0,0,0,0,0,0,231,193,316,383,511,524,0,0,0,0,0,0,0,0,0,0,0,0
Q640R3_189_H3N4F1,0,0,0,0,0,0,0,0,0,0,0,0,0,0,0,0,0,0,0,0,0,0,0,0,0,0,0,0,0,0,130,181,1388.53,0,0,0,0,0,0,0,0,0,474,167,311,0,0,0
P19137_1763_H3N5F1,0,0,0,0,0,0,0,0,0,0,0,0,0,0,0,0,0,0,0,0,0,0,0,0,0,0,0,0,0,0,3546.3,2118.82,9575.15,0,0,0,0,0,0,0,0,0,0,0,0,0,0,0
P98086_146_H5N3F1,0,0,0,0,0,0,0,0,0,0,0,0,0,0,0,0,0,0,0,0,0,0,0,0,0,0,0,0,0,0,227,253,679,0,0,0,0,0,0,0,0,0,0,0,0,0,0,0
P02468_1378_H5N5F1,0,0,0,0,0,0,0,0,0,0,0,0,0,0,0,0,0,0,0,0,0,0,0,0,0,0,0,0,0,0,1663.87,278,8897.15,0,0,0,0,0,0,0,0,0,0,0,0,0,0,0
P02468_1378_H4N5F1,0,0,0,0,0,0,0,0,0,0,0,0,0,0,0,0,0,0,0,0,0,0,0,0,0,0,0,0,0,0,1662.26,307,8897.15,0,0,0,0,0,0,0,0,0,111,313,109,0,0,0
P97300_228_H4N6A1,0,0,0,0,0,0,0,0,0,0,0,0,0,0,0,0,0,0,0,0,0,0,0,0,0,0,0,0,0,0,434,332,321,0,0,0,574,635,305,0,0,0,482,1437.54,645,0,0,0
P97300_228_H4N7A1,0,0,0,0,0,0,0,0,0,0,0,0,0,0,0,0,0,0,0,0,0,0,0,0,0,0,0,0,0,0,432,329,314,0,0,0,0,0,0,0,0,0,430,375,933,0,0,0
P98086_146_H6N4F1A1,0,0,0,0,0,0,0,0,0,0,0,0,0,0,0,0,0,0,0,0,0,0,0,0,0,0,0,0,0,0,454,345,2341.91,0,0,0,480,661,1433.43,0,0,0,1800,905,420,0,0,0
O70423_592_H7N5F1,0,0,0,0,0,0,0,0,0,0,0,0,0,0,0,0,0,0,0,0,0,0,0,0,0,0,0,0,0,0,946,377,1214.76,0,0,0,0,0,0,0,0,0,0,0,0,0,0,0
Q7M729_71_H3N2,0,0,0,0,0,0,0,0,0,0,0,0,0,0,0,0,0,0,0,0,0,0,0,0,0,0,0,0,0,0,355,434,2761.22,0,0,0,0,0,0,0,0,0,458,260,313,0,0,0
P02468_1239_H4N5F1,0,0,0,0,0,0,0,0,0,0,0,0,0,0,0,0,0,0,0,0,0,0,0,0,0,0,0,0,0,0,984,480,4943,0,0,0,0,0,0,0,0,0,0,0,0,0,0,0
P02468_1239_H3N5F1,0,0,0,0,0,0,0,0,0,0,0,0,0,0,0,0,0,0,0,0,0,0,0,0,0,0,0,0,0,0,1417,608,1062,0,0,0,0,0,0,0,0,0,287,515,93.6,0,0,0
P98086_146_H5N4F1A2,0,0,0,0,0,0,0,0,0,0,0,0,0,0,0,0,0,0,0,0,0,0,0,0,0,0,0,0,0,0,841,381,2403.6,743,1936.16,786,0,0,0,0,0,0,927,439,268,0,0,0
Q9D387_127_H5N4F3,0,0,0,0,0,0,0,0,0,0,0,0,0,0,0,0,0,0,0,0,0,0,0,0,0,0,0,0,0,0,752,161,204,0,0,0,0,0,0,0,0,0,1047.44,2389.29,80.4,0,0,0
Q9D387_127_H5N5F3,0,0,0,0,0,0,0,0,0,0,0,0,0,0,0,0,0,0,0,0,0,0,0,0,0,0,0,0,0,0,1052.56,178,1388.53,0,0,0,0,0,0,0,0,0,1003.49,359,238,0,0,0
Q6P9K9_757_H3N5F1,0,0,0,0,0,0,0,0,0,0,0,0,0,0,0,0,0,0,0,0,0,0,0,0,0,0,0,0,0,0,497,214,106,0,0,0,555,335,258,0,0,0,451,1161.45,363,0,0,0
Q8BYI8_239_H8N2,0,0,0,0,0,0,0,0,0,0,0,0,0,0,0,0,0,0,0,0,0,0,0,0,0,0,0,0,0,0,1252.72,661,602,0,0,0,0,0,0,0,0,0,368,481,325,0,0,0
O70423_592_H6N5F1A1,0,0,0,0,0,0,0,0,0,0,0,0,0,0,0,0,0,0,0,0,0,0,0,0,0,0,0,0,0,0,415,163,453,0,0,0,0,0,0,0,0,0,0,0,0,0,0,0
Q9QUR8_256_H7N2,0,0,0,0,0,0,0,0,0,0,0,0,0,0,0,0,0,0,0,0,0,0,0,0,0,0,0,0,0,0,1148.81,349,486,651,1798.51,1822.92,256,82.8,114,0,0,0,1091.51,1009.53,570,1163.48,642,2700.5
Q04857_211_H4N5F1,0,0,0,0,0,0,0,0,0,0,0,0,0,0,0,0,0,0,0,0,0,0,0,0,0,0,0,0,0,0,3854.1,2720.25,35485.4,0,0,0,0,0,0,0,0,0,0,0,0,0,0,0
Q810U3_881_H4N5F1,0,0,0,0,0,0,0,0,0,0,0,0,0,0,0,0,0,0,0,0,0,0,0,0,0,0,0,0,0,0,2605.36,1034.31,379,391,388,155,0,0,0,0,0,0,0,0,0,0,0,0
B9EKR1_501_H5N5F3,0,0,0,0,0,0,0,0,0,0,0,0,0,0,0,0,0,0,0,0,0,0,0,0,0,0,0,0,0,0,539,1137.9,1101.03,0,0,0,0,0,0,0,0,0,1375.61,1145.99,321,546,352,1514.97
Q80VP8_184_H5N2,0,0,0,0,0,0,0,0,0,0,0,0,0,0,0,0,0,0,0,0,0,0,0,0,0,0,0,0,0,0,1075.31,105,154,0,0,0,0,0,0,0,0,0,145,207,165,0,0,0
Q61001_2709_H3N5F1,0,0,0,0,0,0,0,0,0,0,0,0,0,0,0,0,0,0,0,0,0,0,0,0,0,0,0,0,0,0,1251.77,263,494,0,0,0,0,0,0,0,0,0,0,0,0,0,0,0
Q8BY89_200_H5N2,0,0,0,0,0,0,0,0,0,0,0,0,0,0,0,0,0,0,0,0,0,0,0,0,0,0,0,0,0,0,355,308,3209.67,3283.66,1221.44,477,0,0,0,0,0,0,759,336,280,0,0,0
Q8BY89_187_H3N5F1,0,0,0,0,0,0,0,0,0,0,0,0,0,0,0,0,0,0,0,0,0,0,0,0,0,0,0,0,0,0,213,235,518,174,325,313,0,0,0,0,0,0,670,502,357,0,0,0
P70232_299_H5N2,0,0,0,0,0,0,0,0,0,0,0,0,0,0,0,0,0,0,0,0,0,0,0,0,0,0,0,0,0,0,1537.2,946,2435.9,1195.67,1510.34,1234.98,1556.94,1773.64,2068.34,497,1451.51,1717.03,1192.82,1443.48,2037.76,0,0,0
P19137_1935_H4N4F1,0,0,0,0,0,0,0,0,0,0,0,0,0,0,0,0,0,0,0,0,0,0,0,0,0,0,0,0,0,0,617,309,4670.53,0,0,0,0,0,0,0,0,0,0,0,0,0,0,0
P19137_1935_H3N5F1,0,0,0,0,0,0,0,0,0,0,0,0,0,0,0,0,0,0,0,0,0,0,0,0,0,0,0,0,0,0,455,365,413,0,0,0,0,0,0,0,0,0,0,0,0,0,0,0
Q9QZC2_86_H7N2,0,0,0,0,0,0,0,0,0,0,0,0,0,0,0,0,0,0,0,0,0,0,0,0,0,0,0,0,0,0,779,419,699,0,0,0,0,0,0,0,0,0,269,142,155,0,0,0
B9EKR1_501_H5N5F2A1,0,0,0,0,0,0,0,0,0,0,0,0,0,0,0,0,0,0,0,0,0,0,0,0,0,0,0,0,0,0,372,201,1023.32,0,0,0,0,0,0,0,0,0,182,220,214,0,0,0
B9EKR1_497_H5N4F2A1,0,0,0,0,0,0,0,0,0,0,0,0,0,0,0,0,0,0,0,0,0,0,0,0,0,0,0,0,0,0,516,315,1127.99,0,0,0,0,0,0,0,0,0,0,0,0,0,0,0
P19137_1811_H3N4F1,0,0,0,0,0,0,0,0,0,0,0,0,0,0,0,0,0,0,0,0,0,0,0,0,0,0,0,0,0,0,875,512,6208.61,470,299,133,0,0,0,0,0,0,608,713,491,0,0,0
P15209_205_H3N6F1,0,0,0,0,0,0,0,0,0,0,0,0,0,0,0,0,0,0,0,0,0,0,0,0,0,0,0,0,0,0,1343.23,624,717,0,0,0,0,0,0,0,0,0,670,966,198,0,0,0
P21460_99_H8N2,0,0,0,0,0,0,0,0,0,0,0,0,0,0,0,0,0,0,0,0,0,0,0,0,0,0,0,0,0,0,120,57.5,484,304,209,834,0,0,0,0,0,0,537,231,39.9,247,374,516
P11438_159_H5N2F1,0,0,0,0,0,0,0,0,0,0,0,0,0,0,0,0,0,0,0,0,0,0,0,0,0,0,0,0,0,0,578,314,1450.75,749,421,667,0,0,0,0,0,0,131,197,356,0,0,0
Q63912_234_H5N4F1,0,0,0,0,0,0,0,0,0,0,0,0,0,0,0,0,0,0,0,0,0,0,0,0,0,0,0,0,0,0,250,271,688,451,435,508,0,0,0,0,0,0,1919.34,1952.28,377,0,0,0
Q91ZX7_1764_H4N2,0,0,0,0,0,0,0,0,0,0,0,0,0,0,0,0,0,0,0,0,0,0,0,0,0,0,0,0,0,0,1078.52,109,268,0,0,0,0,0,0,0,0,0,0,0,0,0,0,0
P04441_119_H9N2,0,0,0,0,0,0,0,0,0,0,0,0,0,0,0,0,0,0,0,0,0,0,0,0,0,0,0,0,0,0,307,58.9,927,0,0,0,0,0,0,0,0,0,0,0,0,0,0,0
P13595_450_H4N5F2,0,0,0,0,0,0,0,0,0,0,0,0,0,0,0,0,0,0,0,0,0,0,0,0,0,0,0,0,0,0,520,153,694,0,0,0,465,316,490,0,0,0,0,0,0,0,0,0
P11627_978_H4N6F1A1,0,0,0,0,0,0,0,0,0,0,0,0,0,0,0,0,0,0,0,0,0,0,0,0,0,0,0,0,0,0,132,287,519,391,121,179,0,0,0,0,0,0,399,195,72.7,0,0,0
O54991_500_H6N2,0,0,0,0,0,0,0,0,0,0,0,0,0,0,0,0,0,0,0,0,0,0,0,0,0,0,0,0,0,0,81.6,67.3,87.8,78.1,89.5,245,0,0,0,0,0,0,0,0,0,0,0,0
Q61885_59_H7N4F1A1,0,0,0,0,0,0,0,0,0,0,0,0,0,0,0,0,0,0,0,0,0,0,0,0,0,0,0,0,0,0,718,1164.33,2945.15,494,294,143,0,0,0,0,0,0,2041.91,1615.39,864,506,1489.66,710
P97370_124_H5N2,0,0,0,0,0,0,0,0,0,0,0,0,0,0,0,0,0,0,0,0,0,0,0,0,0,0,0,0,0,0,477,272,301,0,0,0,0,0,0,0,0,0,0,0,0,0,0,0
P28653_312_H3N5F1,0,0,0,0,0,0,0,0,0,0,0,0,0,0,0,0,0,0,0,0,0,0,0,0,0,0,0,0,0,0,977,755,1756.53,0,0,0,0,0,0,0,0,0,0,0,0,0,0,0
Q8BFZ9_106_H8N2,0,0,0,0,0,0,0,0,0,0,0,0,0,0,0,0,0,0,0,0,0,0,0,0,0,0,0,0,0,0,649,471,1252.71,530,440,334,664,275,168,0,0,0,448,350,849,0,0,0
P14231_238_H6N3F1,0,0,0,0,0,0,0,0,0,0,0,0,0,0,0,0,0,0,0,0,0,0,0,0,0,0,0,0,0,0,780,252,197,0,0,0,381,627,533,0,0,0,568,402,416,2244.94,2970.54,2034.56
Q810U3_778_H4N5F1,0,0,0,0,0,0,0,0,0,0,0,0,0,0,0,0,0,0,0,0,0,0,0,0,0,0,0,0,0,0,244,765,500,0,0,0,0,0,0,0,0,0,161,440,773,0,0,0
O88307_1810_H6N2,0,0,0,0,0,0,0,0,0,0,0,0,0,0,0,0,0,0,0,0,0,0,0,0,0,0,0,0,0,0,1258.38,631,2084.32,0,0,0,0,0,0,0,0,0,0,0,0,0,0,0
Q6P9K9_1189_H3N4F1,0,0,0,0,0,0,0,0,0,0,0,0,0,0,0,0,0,0,0,0,0,0,0,0,0,0,0,0,0,0,1080.7,1163.21,659,0,0,0,0,0,0,0,0,0,1750.96,226,397,0,0,0
Q6P9K9_1189_H3N3F1,0,0,0,0,0,0,0,0,0,0,0,0,0,0,0,0,0,0,0,0,0,0,0,0,0,0,0,0,0,0,51.9,169,577,0,0,0,0,0,0,0,0,0,96.9,61.7,172,0,0,0
Q61490_167_H4N5F1,0,0,0,0,0,0,0,0,0,0,0,0,0,0,0,0,0,0,0,0,0,0,0,0,0,0,0,0,0,0,2633.97,2417.58,501,0,0,0,0,0,0,0,0,0,0,0,0,0,0,0
P11627_670_H4N3F1,0,0,0,0,0,0,0,0,0,0,0,0,0,0,0,0,0,0,0,0,0,0,0,0,0,0,0,0,0,0,360,165,240,0,0,0,0,0,0,0,0,0,0,0,0,0,0,0
P28843_514_H5N2,0,0,0,0,0,0,0,0,0,0,0,0,0,0,0,0,0,0,0,0,0,0,0,0,0,0,0,0,0,0,2880.81,942,2883.47,0,0,0,0,0,0,0,0,0,0,0,0,0,0,0
Q02788_155_H5N2,0,0,0,0,0,0,0,0,0,0,0,0,0,0,0,0,0,0,0,0,0,0,0,0,0,0,0,0,0,0,1525,1311.67,2950.22,0,0,0,0,0,0,0,0,0,0,0,0,0,0,0
Q9QYS2_439_H3N5F1,0,0,0,0,0,0,0,0,0,0,0,0,0,0,0,0,0,0,0,0,0,0,0,0,0,0,0,0,0,0,1673.33,2379.84,2809.63,0,0,0,0,0,0,0,0,0,1299.99,2202.85,792,0,0,0
Q9D8B7_192_H5N3F1,0,0,0,0,0,0,0,0,0,0,0,0,0,0,0,0,0,0,0,0,0,0,0,0,0,0,0,0,0,0,942,768,852,260,353,1692.98,510,423,1110.72,0,0,0,2679.19,648,611,0,0,0
P14231_238_H6N3A1,0,0,0,0,0,0,0,0,0,0,0,0,0,0,0,0,0,0,0,0,0,0,0,0,0,0,0,0,0,0,542,520,3730.09,0,0,0,0,0,0,0,0,0,186,139,181,0,0,0
O54991_805_H6N2,0,0,0,0,0,0,0,0,0,0,0,0,0,0,0,0,0,0,0,0,0,0,0,0,0,0,0,0,0,0,115,79,500,0,0,0,0,0,0,0,0,0,83.2,266,181,0,0,0
P43006_215_H7N6F4,0,0,0,0,0,0,0,0,0,0,0,0,0,0,0,0,0,0,0,0,0,0,0,0,0,0,0,0,0,0,125,182,129,0,0,0,159,176,595,0,0,0,0,0,0,0,0,0
P56528_223_H4N2,0,0,0,0,0,0,0,0,0,0,0,0,0,0,0,0,0,0,0,0,0,0,0,0,0,0,0,0,0,0,844,171,1443.74,0,0,0,0,0,0,0,0,0,0,0,0,0,0,0
P08113_217_H3N3F1,0,0,0,0,0,0,0,0,0,0,0,0,0,0,0,0,0,0,0,0,0,0,0,0,0,0,0,0,0,0,378,149,863,0,0,0,0,0,0,0,0,0,228,1585.03,39.7,0,0,0
P16675_327_H5N2,0,0,0,0,0,0,0,0,0,0,0,0,0,0,0,0,0,0,0,0,0,0,0,0,0,0,0,0,0,0,325,142,722,0,0,0,0,0,0,0,0,0,0,0,0,0,0,0
P14231_197_H6N3F1,0,0,0,0,0,0,0,0,0,0,0,0,0,0,0,0,0,0,0,0,0,0,0,0,0,0,0,0,0,0,1028.45,450,547,0,0,0,0,0,0,0,0,0,339,145,198,0,0,0
P19137_1763_H3N4F1,0,0,0,0,0,0,0,0,0,0,0,0,0,0,0,0,0,0,0,0,0,0,0,0,0,0,0,0,0,0,931,595,1907.94,0,0,0,0,0,0,0,0,0,921,1182,385,0,0,0
P14231_197_H5N2,0,0,0,0,0,0,0,0,0,0,0,0,0,0,0,0,0,0,0,0,0,0,0,0,0,0,0,0,0,0,530,713,956,648,3995.55,1725.47,0,0,0,376,505,1235.93,0,0,0,0,0,0
Q61735_109_H5N4,0,0,0,0,0,0,0,0,0,0,0,0,0,0,0,0,0,0,0,0,0,0,0,0,0,0,0,0,0,0,547,313,1216.62,1553.34,1174.16,306,0,0,0,0,0,0,496,218,437,677,953,828
Q9WV18_501_H6N2,0,0,0,0,0,0,0,0,0,0,0,0,0,0,0,0,0,0,0,0,0,0,0,0,0,0,0,0,0,0,346,271,907,1133.33,972,337,0,0,0,0,0,0,0,0,0,1032.96,926,1248.26
Q8BLQ9_51_H4N5A1,0,0,0,0,0,0,0,0,0,0,0,0,0,0,0,0,0,0,0,0,0,0,0,0,0,0,0,0,0,0,1037.83,2241.21,1165.09,0,0,0,0,0,0,0,0,0,0,0,0,0,0,0
Q9WV18_501_H3N4F1,0,0,0,0,0,0,0,0,0,0,0,0,0,0,0,0,0,0,0,0,0,0,0,0,0,0,0,0,0,0,1345.87,335,343,0,0,0,0,0,0,0,0,0,0,0,0,0,0,0
Q61735_109_H3N5F1,0,0,0,0,0,0,0,0,0,0,0,0,0,0,0,0,0,0,0,0,0,0,0,0,0,0,0,0,0,0,891,341,284,590,334,805,0,0,0,0,0,0,0,0,0,0,0,0
O35598_279_H7N2,0,0,0,0,0,0,0,0,0,0,0,0,0,0,0,0,0,0,0,0,0,0,0,0,0,0,0,0,0,0,1805.88,413,139,736,296,677,167,491,372,0,0,0,403,503,286,0,0,0
Q64689_113_H5N2,0,0,0,0,0,0,0,0,0,0,0,0,0,0,0,0,0,0,0,0,0,0,0,0,0,0,0,0,0,0,266,217,117,914,1499.84,2848.35,0,0,0,0,0,0,253,66.2,37.2,703,600,712
O54991_1148_H6N2,0,0,0,0,0,0,0,0,0,0,0,0,0,0,0,0,0,0,0,0,0,0,0,0,0,0,0,0,0,0,15.5,45.6,1150.04,0,0,0,0,0,0,0,0,0,52.2,37.7,30.5,0,0,0
O70362_655_H5N2,0,0,0,0,0,0,0,0,0,0,0,0,0,0,0,0,0,0,0,0,0,0,0,0,0,0,0,0,0,0,309,783,700,0,0,0,0,0,0,0,0,0,570,1087.64,416,0,0,0
Q61207_80_H8N2,0,0,0,0,0,0,0,0,0,0,0,0,0,0,0,0,0,0,0,0,0,0,0,0,0,0,0,0,0,0,1839.25,317,3814.77,0,0,0,0,0,0,0,0,0,1087.21,777,601,0,0,0
Q8R366_137_H5N3F1,0,0,0,0,0,0,0,0,0,0,0,0,0,0,0,0,0,0,0,0,0,0,0,0,0,0,0,0,0,0,566,760,790,1133.08,1476.44,1401.04,0,0,0,0,0,0,0,0,0,0,0,0
P15116_402_H3N5F1,0,0,0,0,0,0,0,0,0,0,0,0,0,0,0,0,0,0,0,0,0,0,0,0,0,0,0,0,0,0,1563.03,814,11755.7,264,3674.71,3205.36,5459.88,1745.52,1432.55,1104.12,2845.69,2844.33,1062.68,2421.66,292,0,0,0
Q8BLQ9_51_H5N6F2A1,0,0,0,0,0,0,0,0,0,0,0,0,0,0,0,0,0,0,0,0,0,0,0,0,0,0,0,0,0,0,2323.58,2442.6,1029.17,1584.44,801,1378.07,0,0,0,0,0,0,3381.33,2549.07,419,0,0,0
P43006_215_H7N6F3A1,0,0,0,0,0,0,0,0,0,0,0,0,0,0,0,0,0,0,0,0,0,0,0,0,0,0,0,0,0,0,885,1345.33,868,245,151,205,0,0,0,0,0,0,1488.14,898,239,0,0,0
Q8R366_137_H3N4F1,0,0,0,0,0,0,0,0,0,0,0,0,0,0,0,0,0,0,0,0,0,0,0,0,0,0,0,0,0,0,510,836,3141.03,416,220,622,0,0,0,0,0,0,495,390,359,0,0,0
Q8BLQ9_51_H4N5F1A1,0,0,0,0,0,0,0,0,0,0,0,0,0,0,0,0,0,0,0,0,0,0,0,0,0,0,0,0,0,0,223,136,722,947,892,1183.19,0,0,0,0,0,0,0,0,0,0,0,0
P43006_215_H6N6F3A1,0,0,0,0,0,0,0,0,0,0,0,0,0,0,0,0,0,0,0,0,0,0,0,0,0,0,0,0,0,0,345,504,704,0,0,0,0,0,0,0,0,0,776,634,730,0,0,0
P08113_62_H3N2F1,0,0,0,0,0,0,0,0,0,0,0,0,0,0,0,0,0,0,0,0,0,0,0,0,0,0,0,0,0,0,132,65.3,1003.18,0,0,0,0,0,0,0,0,0,123,61.7,84.9,0,0,0
Q62470_937_H9N2,0,0,0,0,0,0,0,0,0,0,0,0,0,0,0,0,0,0,0,0,0,0,0,0,0,0,0,0,0,0,662,701,1807.61,0,0,0,0,0,0,0,0,0,619,1447.89,492,0,0,0
Q6X893_134_H6N2,0,0,0,0,0,0,0,0,0,0,0,0,0,0,0,0,0,0,0,0,0,0,0,0,0,0,0,0,0,0,81.8,636,247,895,360,463,0,0,0,0,0,0,540,650,318,0,0,0
Q6X893_134_H5N2,0,0,0,0,0,0,0,0,0,0,0,0,0,0,0,0,0,0,0,0,0,0,0,0,0,0,0,0,0,0,2625.26,6075.44,17328.3,1102.54,3633.47,246,0,0,0,0,0,0,4421.84,2474.64,4486.36,1615.27,2274.24,741
Q91ZX7_4126_H4N2,0,0,0,0,0,0,0,0,0,0,0,0,0,0,0,0,0,0,0,0,0,0,0,0,0,0,0,0,0,0,232,47.2,1007.56,1224.5,781,1095.19,200,411,765,0,0,0,324,361,216,0,0,0
P01831_118_H5N2,0,0,0,0,0,0,0,0,0,0,0,0,0,0,0,0,0,0,0,0,0,0,0,0,0,0,0,0,0,0,374,256,1232.63,0,0,0,0,0,0,0,0,0,0,0,0,0,0,0
Q6PHS9_789_H9N2,0,0,0,0,0,0,0,0,0,0,0,0,0,0,0,0,0,0,0,0,0,0,0,0,0,0,0,0,0,0,363,544,174,0,0,0,0,0,0,0,0,0,398,553,82.9,0,0,0
Q91ZX7_4126_H4N3F1,0,0,0,0,0,0,0,0,0,0,0,0,0,0,0,0,0,0,0,0,0,0,0,0,0,0,0,0,0,0,57.7,182,431,0,0,0,0,0,0,0,0,0,111,69.6,137,0,0,0
O09114_51_H8N2,0,0,0,0,0,0,0,0,0,0,0,0,0,0,0,0,0,0,0,0,0,0,0,0,0,0,0,0,0,0,4763.2,41046.6,4194.34,0,0,0,0,0,0,0,0,0,1154.98,5072.39,1080.92,0,0,0
O09114_51_H7N2,0,0,0,0,0,0,0,0,0,0,0,0,0,0,0,0,0,0,0,0,0,0,0,0,0,0,0,0,0,0,668,3928.05,1571.89,0,0,0,0,0,0,0,0,0,227,574,279,0,0,0
O09114_51_H6N2,0,0,0,0,0,0,0,0,0,0,0,0,0,0,0,0,0,0,0,0,0,0,0,0,0,0,0,0,0,0,125,748,2291.32,0,0,0,0,0,0,0,0,0,0,0,0,0,0,0
Q64676_78_H6N2,0,0,0,0,0,0,0,0,0,0,0,0,0,0,0,0,0,0,0,0,0,0,0,0,0,0,0,0,0,0,26.1,1269.76,208,234,318,602,0,0,0,0,0,0,1502.93,1093.97,472,0,0,0
P70232_767_H3N5F1,0,0,0,0,0,0,0,0,0,0,0,0,0,0,0,0,0,0,0,0,0,0,0,0,0,0,0,0,0,0,1212.75,777,2059.78,0,0,0,0,0,0,0,0,0,707,719,478,0,0,0
P11438_115_H8N2,0,0,0,0,0,0,0,0,0,0,0,0,0,0,0,0,0,0,0,0,0,0,0,0,0,0,0,0,0,0,113,118,729,0,0,0,0,0,0,0,0,0,130,353,818,0,0,0
P11438_115_H7N2,0,0,0,0,0,0,0,0,0,0,0,0,0,0,0,0,0,0,0,0,0,0,0,0,0,0,0,0,0,0,327,352,2748.94,309,296,133,0,0,0,0,0,0,1107.33,377,545,0,0,0
P57716_529_H9N2,0,0,0,0,0,0,0,0,0,0,0,0,0,0,0,0,0,0,0,0,0,0,0,0,0,0,0,0,0,0,1268.69,1133.13,4049.8,0,0,0,0,0,0,0,0,0,0,0,0,0,0,0
Q8R2Y2_58_H3N5F1,0,0,0,0,0,0,0,0,0,0,0,0,0,0,0,0,0,0,0,0,0,0,0,0,0,0,0,0,0,0,610,356,1389.23,184,403,721,0,0,0,0,0,0,532,671,206,0,0,0
P14094_158_H5N6F3,0,0,0,0,0,0,0,0,0,0,0,0,0,0,0,0,0,0,0,0,0,0,0,0,0,0,0,0,0,0,637,794,1192.93,478,547,604,0,0,0,2017.09,858,913,1641.05,778,89.8,0,0,0
P17047_115_H3N2,0,0,0,0,0,0,0,0,0,0,0,0,0,0,0,0,0,0,0,0,0,0,0,0,0,0,0,0,0,0,217,32.8,385,0,0,0,0,0,0,0,0,0,0,0,0,0,0,0
P14094_158_H5N6F2,0,0,0,0,0,0,0,0,0,0,0,0,0,0,0,0,0,0,0,0,0,0,0,0,0,0,0,0,0,0,171,669,453,0,0,0,0,0,0,0,0,0,0,0,0,0,0,0
P14094_158_H5N5F3,0,0,0,0,0,0,0,0,0,0,0,0,0,0,0,0,0,0,0,0,0,0,0,0,0,0,0,0,0,0,2081.6,943,1579.18,0,0,0,0,0,0,0,0,0,801,545,180,0,0,0
Q9WTR5_598_H4N2,0,0,0,0,0,0,0,0,0,0,0,0,0,0,0,0,0,0,0,0,0,0,0,0,0,0,0,0,0,0,987,1406.03,4450.91,84.6,44.8,172,0,0,0,0,0,0,1715.9,1147.25,145,0,0,0
Q02788_800_H4N5F1,0,0,0,0,0,0,0,0,0,0,0,0,0,0,0,0,0,0,0,0,0,0,0,0,0,0,0,0,0,0,573,435,1002.3,0,0,0,0,0,0,0,0,0,0,0,0,0,0,0
P14231_96_H4N2,0,0,0,0,0,0,0,0,0,0,0,0,0,0,0,0,0,0,0,0,0,0,0,0,0,0,0,0,0,0,455,245.1,1711.79,78.1,88.4,386,0,0,0,0,0,0,567,310,467,231,380,407
P14094_158_H4N6F1,0,0,0,0,0,0,0,0,0,0,0,0,0,0,0,0,0,0,0,0,0,0,0,0,0,0,0,0,0,0,2544.98,2107.34,2907.76,907,762,1647.57,0,0,0,0,0,0,0,0,0,0,0,0
P50429_292_H4N2,0,0,0,0,0,0,0,0,0,0,0,0,0,0,0,0,0,0,0,0,0,0,0,0,0,0,0,0,0,0,400,324,485,787,680,252,0,0,0,0,0,0,0,0,0,0,0,0
Q61391_211_H3N5,0,0,0,0,0,0,0,0,0,0,0,0,0,0,0,0,0,0,0,0,0,0,0,0,0,0,0,0,0,0,84.2,234,120,53.2,466,1036.51,0,0,0,0,0,0,0,0,0,208,72.6,4787.49
Q61330_777_H4N5F2,0,0,0,0,0,0,0,0,0,0,0,0,0,0,0,0,0,0,0,0,0,0,0,0,0,0,0,0,0,0,1529.91,113,263,0,0,0,0,0,0,0,0,0,105,188,178,0,0,0
P14094_158_H3N5,0,0,0,0,0,0,0,0,0,0,0,0,0,0,0,0,0,0,0,0,0,0,0,0,0,0,0,0,0,0,119,180,1388.53,0,0,0,0,0,0,0,0,0,41.8,66.4,180,0,0,0
Q8R5M8_104_H4N6F2,0,0,0,0,0,0,0,0,0,0,0,0,0,0,0,0,0,0,0,0,0,0,0,0,0,0,0,0,0,0,447,149,789,0,0,0,0,0,0,0,0,0,0,0,0,0,0,0
P15208_653_H3N5F1,0,0,0,0,0,0,0,0,0,0,0,0,0,0,0,0,0,0,0,0,0,0,0,0,0,0,0,0,0,0,31,78.7,232,390,128,482,0,0,0,0,0,0,0,0,0,0,0,0
P12960_935_H3N5F1,0,0,0,0,0,0,0,0,0,0,0,0,0,0,0,0,0,0,0,0,0,0,0,0,0,0,0,0,0,0,481,576,2823.06,2654.4,492,3573.92,0,0,0,0,0,0,1327.43,1192.18,969,0,0,0
P12960_935_H6N2,0,0,0,0,0,0,0,0,0,0,0,0,0,0,0,0,0,0,0,0,0,0,0,0,0,0,0,0,0,0,395,683,317,1206.8,789,465,0,0,0,0,0,0,617,868,687,0,0,0
P12960_935_H3N4F1,0,0,0,0,0,0,0,0,0,0,0,0,0,0,0,0,0,0,0,0,0,0,0,0,0,0,0,0,0,0,1297,652,2867.04,3036.11,1498,2280.87,0,0,0,0,0,0,342,720,822,0,0,0
Q9WTR5_638_H7N2,0,0,0,0,0,0,0,0,0,0,0,0,0,0,0,0,0,0,0,0,0,0,0,0,0,0,0,0,0,0,575,119,532,0,0,0,0,0,0,0,0,0,0,0,0,0,0,0
Q8K2I4_35_H5N2,0,0,0,0,0,0,0,0,0,0,0,0,0,0,0,0,0,0,0,0,0,0,0,0,0,0,0,0,0,0,132,30.7,1831.74,0,0,0,0,0,0,0,0,0,0,0,0,0,0,0
Q9WTR5_638_H5N3,0,0,0,0,0,0,0,0,0,0,0,0,0,0,0,0,0,0,0,0,0,0,0,0,0,0,0,0,0,0,1177.98,292,3583.89,0,0,0,0,0,0,0,0,0,287,262,101,0,0,0
Q9WTR5_638_H6N2,0,0,0,0,0,0,0,0,0,0,0,0,0,0,0,0,0,0,0,0,0,0,0,0,0,0,0,0,0,0,489,281,278,0,0,0,0,0,0,0,0,0,525,409,146,0,0,0
Q8R5M8_104_H3N5F1,0,0,0,0,0,0,0,0,0,0,0,0,0,0,0,0,0,0,0,0,0,0,0,0,0,0,0,0,0,0,2392.38,712,1550.33,0,0,0,0,0,0,0,0,0,0,0,0,0,0,0
P20917_99_H6N2,0,0,0,0,0,0,0,0,0,0,0,0,0,0,0,0,0,0,0,0,0,0,0,0,0,0,0,0,0,0,526,2065.16,1069.92,0,0,0,0,0,0,0,0,0,754,495,989,0,0,0
P20917_99_H5N2,0,0,0,0,0,0,0,0,0,0,0,0,0,0,0,0,0,0,0,0,0,0,0,0,0,0,0,0,0,0,542,1573.72,1023.23,390,311,226,0,0,0,0,0,0,0,0,0,0,0,0
Q8BLQ9_211_H5N4F3,0,0,0,0,0,0,0,0,0,0,0,0,0,0,0,0,0,0,0,0,0,0,0,0,0,0,0,0,0,0,343,544,4944.87,0,0,0,0,0,0,0,0,0,641,445,139,1856.64,1629.57,2494.31
Q810U3_752_H4N4F2,0,0,0,0,0,0,0,0,0,0,0,0,0,0,0,0,0,0,0,0,0,0,0,0,0,0,0,0,0,0,269,668,1038.14,1004.65,570,553,627,532,827,1880.03,866,476,768,878,458,0,0,0
O35136_177_H3N5F1,0,0,0,0,0,0,0,0,0,0,0,0,0,0,0,0,0,0,0,0,0,0,0,0,0,0,0,0,0,0,1400,1500,3315.21,0,0,0,0,0,0,0,0,0,1799.43,872,179,0,0,0
Q8BXQ2_331_H6N2,0,0,0,0,0,0,0,0,0,0,0,0,0,0,0,0,0,0,0,0,0,0,0,0,0,0,0,0,0,0,576,617,595,0,0,0,0,0,0,0,0,0,805,848,683,0,0,0
P28654_206_H3N5,0,0,0,0,0,0,0,0,0,0,0,0,0,0,0,0,0,0,0,0,0,0,0,0,0,0,0,0,0,0,285,455,403,0,0,0,0,0,0,0,0,0,0,0,0,0,0,0
P20917_99_H4N2,0,0,0,0,0,0,0,0,0,0,0,0,0,0,0,0,0,0,0,0,0,0,0,0,0,0,0,0,0,0,808,701,1833.49,0,0,0,0,0,0,0,0,0,0,0,0,0,0,0
Q810U3_752_H4N4F1,0,0,0,0,0,0,0,0,0,0,0,0,0,0,0,0,0,0,0,0,0,0,0,0,0,0,0,0,0,0,533,233,246,47.3,28.6,792,0,0,0,0,0,0,529,361,263,0,0,0
Q99JR5_160_H6N2,0,0,0,0,0,0,0,0,0,0,0,0,0,0,0,0,0,0,0,0,0,0,0,0,0,0,0,0,0,0,2381.67,672,1608.98,869,425,268.4,0,0,0,0,0,0,121,181,632,0,0,0
Q8BLQ9_211_H4N5F1,0,0,0,0,0,0,0,0,0,0,0,0,0,0,0,0,0,0,0,0,0,0,0,0,0,0,0,0,0,0,1261.39,846,3077.67,1820.11,512,304,841,819,286,1141.04,467,363,0,0,0,2472.78,813,7677.26
P50571_105_H6N2,0,0,0,0,0,0,0,0,0,0,0,0,0,0,0,0,0,0,0,0,0,0,0,0,0,0,0,0,0,0,373,192,299,0,0,0,0,0,0,0,0,0,485,290,142,0,0,0
Q8BLQ9_211_H3N3F1,0,0,0,0,0,0,0,0,0,0,0,0,0,0,0,0,0,0,0,0,0,0,0,0,0,0,0,0,0,0,720,5.79,28.4,0,0,0,0,0,0,0,0,0,0,0,0,0,0,0
O09114_78_H9N2,0,0,0,0,0,0,0,0,0,0,0,0,0,0,0,0,0,0,0,0,0,0,0,0,0,0,0,0,0,0,2660.51,2000.2,4412.85,0,0,0,0,0,0,0,0,0,619,708,348,0,0,0
O09114_78_H7N2,0,0,0,0,0,0,0,0,0,0,0,0,0,0,0,0,0,0,0,0,0,0,0,0,0,0,0,0,0,0,4016.48,4510.02,702,0,0,0,0,0,0,0,0,0,231,2629.21,268,0,0,0
O09114_78_H6N2,0,0,0,0,0,0,0,0,0,0,0,0,0,0,0,0,0,0,0,0,0,0,0,0,0,0,0,0,0,0,2184.57,1120.75,5770.74,0,0,0,0,0,0,0,0,0,0,0,0,0,0,0
Q8BLF1_270_H7N2,0,0,0,0,0,0,0,0,0,0,0,0,0,0,0,0,0,0,0,0,0,0,0,0,0,0,0,0,0,0,447,363,855,969,874,3288.53,548,590,502,0,0,0,937,2157.94,1107,566,1417.14,5826.62
Q8BLF1_270_H6N2,0,0,0,0,0,0,0,0,0,0,0,0,0,0,0,0,0,0,0,0,0,0,0,0,0,0,0,0,0,0,723,525,1116,1201,1178,872,0,0,0,0,0,0,250,518,68.1,0,0,0
P11627_968_H4N5F2,0,0,0,0,0,0,0,0,0,0,0,0,0,0,0,0,0,0,0,0,0,0,0,0,0,0,0,0,0,0,229,278,603,562,494,284,0,0,0,0,0,0,422,383,24.6,0,0,0
Q9CQY5_71_H8N2,0,0,0,0,0,0,0,0,0,0,0,0,0,0,0,0,0,0,0,0,0,0,0,0,0,0,0,0,0,0,227,187,883,0,0,0,0,0,0,0,0,0,0,0,0,0,0,0
P14094_158_H5N6F2A1,0,0,0,0,0,0,0,0,0,0,0,0,0,0,0,0,0,0,0,0,0,0,0,0,0,0,0,0,0,0,501,767,657,535,473,838,245,214,410,0,0,0,1288.68,835,162,0,0,0
Q8BTV1_83_H8N2,0,0,0,0,0,0,0,0,0,0,0,0,0,0,0,0,0,0,0,0,0,0,0,0,0,0,0,0,0,0,260,283,138,197,57,452,0,0,0,0,0,0,786,512,126,849,2127.8,977
P14094_158_H4N5F1A1,0,0,0,0,0,0,0,0,0,0,0,0,0,0,0,0,0,0,0,0,0,0,0,0,0,0,0,0,0,0,92.4,2022.7,316,8259.83,1334.24,1532.72,0,0,0,0,0,0,134,53.6,1159.61,0,0,0
P14094_158_H4N5F3,0,0,0,0,0,0,0,0,0,0,0,0,0,0,0,0,0,0,0,0,0,0,0,0,0,0,0,0,0,0,24966.6,27072.7,92876.2,12243.5,3782.82,1873.22,0,0,0,0,0,0,0,0,0,2153.76,5744.57,2093.87
P11627_875_H3N4F1,0,0,0,0,0,0,0,0,0,0,0,0,0,0,0,0,0,0,0,0,0,0,0,0,0,0,0,0,0,0,203,171,325,0,0,0,0,0,0,0,0,0,0,0,0,0,0,0
Q9JK53_285_H3N4,0,0,0,0,0,0,0,0,0,0,0,0,0,0,0,0,0,0,0,0,0,0,0,0,0,0,0,0,0,0,262,349,1851.4,0,0,0,0,0,0,0,0,0,0,0,0,0,0,0
Q3TCN2_93_H7N2,0,0,0,0,0,0,0,0,0,0,0,0,0,0,0,0,0,0,0,0,0,0,0,0,0,0,0,0,0,0,63.4,122,400,239,32.9,84.5,0,0,0,0,0,0,0,0,0,0,0,0
Q9Z2W9_260_H9N2,0,0,0,0,0,0,0,0,0,0,0,0,0,0,0,0,0,0,0,0,0,0,0,0,0,0,0,0,0,0,217,74.8,325,0,0,0,0,0,0,0,0,0,0,0,0,0,0,0
Q3UHK6_2648_H6N2,0,0,0,0,0,0,0,0,0,0,0,0,0,0,0,0,0,0,0,0,0,0,0,0,0,0,0,0,0,0,81.6,66.3,584,343,706,650,0,0,0,0,0,0,0,0,0,0,0,0
P55288_455_H3N5F1,0,0,0,0,0,0,0,0,0,0,0,0,0,0,0,0,0,0,0,0,0,0,0,0,0,0,0,0,0,0,727,128,452,134,226,110,0,0,0,0,0,0,0,0,0,0,0,0
O08532_824_H9N2,0,0,0,0,0,0,0,0,0,0,0,0,0,0,0,0,0,0,0,0,0,0,0,0,0,0,0,0,0,0,103,141,1071.88,490,1084.24,615,0,0,0,0,0,0,249,248,199,0,0,0
P63137_104_H5N4,0,0,0,0,0,0,0,0,0,0,0,0,0,0,0,0,0,0,0,0,0,0,0,0,0,0,0,0,0,0,261,241,274,0,0,0,0,0,0,0,0,0,305,388,453,0,0,0
P63137_104_H6N2,0,0,0,0,0,0,0,0,0,0,0,0,0,0,0,0,0,0,0,0,0,0,0,0,0,0,0,0,0,0,1111.41,204,291,0,0,0,0,0,0,0,0,0,1057.51,1259.27,1021.18,0,0,0
P63137_104_H3N5F1,0,0,0,0,0,0,0,0,0,0,0,0,0,0,0,0,0,0,0,0,0,0,0,0,0,0,0,0,0,0,509,150,546,0,0,0,0,0,0,0,0,0,221,331,564,0,0,0
O09114_78_H5N5F1A1,0,0,0,0,0,0,0,0,0,0,0,0,0,0,0,0,0,0,0,0,0,0,0,0,0,0,0,0,0,0,176,172,1477.26,114,833,62.4,0,0,0,0,0,0,874,174,257,0,0,0
P11438_296_H7N6F1A2,0,0,0,0,0,0,0,0,0,0,0,0,0,0,0,0,0,0,0,0,0,0,0,0,0,0,0,0,0,0,3370.91,1699.45,2482.93,0,0,0,0,0,0,0,0,0,0,0,0,0,0,0
Q99N28_288_H5N4F2,0,0,0,0,0,0,0,0,0,0,0,0,0,0,0,0,0,0,0,0,0,0,0,0,0,0,0,0,0,0,158,79.1,232,1042.59,1577.25,2101.95,0,0,0,0,0,0,179,237,119,0,0,0
Q8BLQ9_211_H6N3F1,0,0,0,0,0,0,0,0,0,0,0,0,0,0,0,0,0,0,0,0,0,0,0,0,0,0,0,0,0,0,29.1,50.7,1150.04,0,0,0,0,0,0,0,0,0,0,0,0,0,0,0
P70211_94_H5N2,0,0,0,0,0,0,0,0,0,0,0,0,0,0,0,0,0,0,0,0,0,0,0,0,0,0,0,0,0,0,526,214,662,0,0,0,0,0,0,0,0,0,306,436,523,0,0,0
Q9R1Q9_267_H7N2,0,0,0,0,0,0,0,0,0,0,0,0,0,0,0,0,0,0,0,0,0,0,0,0,0,0,0,0,0,0,670,312,1183.16,452,2318.09,1499.34,0,0,0,224,1367.1,987,565,1419.84,416,0,0,0
Q7M729_113_H8N2,0,0,0,0,0,0,0,0,0,0,0,0,0,0,0,0,0,0,0,0,0,0,0,0,0,0,0,0,0,0,553,236.2,780,596,532,945,0,0,0,0,0,0,841,480.5,321,0,0,0
Q61207_80_H4N3A1,0,0,0,0,0,0,0,0,0,0,0,0,0,0,0,0,0,0,0,0,0,0,0,0,0,0,0,0,0,0,699,40.9,2327.06,0,0,0,0,0,0,0,0,0,0,0,0,0,0,0
Q61207_80_H4N3F1,0,0,0,0,0,0,0,0,0,0,0,0,0,0,0,0,0,0,0,0,0,0,0,0,0,0,0,0,0,0,117,56.6,293,57.1,73.1,110,0,0,0,0,0,0,196,86.7,169,0,0,0
Q61207_80_H3N4F1,0,0,0,0,0,0,0,0,0,0,0,0,0,0,0,0,0,0,0,0,0,0,0,0,0,0,0,0,0,0,67,171,260,0,0,0,0,0,0,0,0,0,63,186,121,0,0,0
A2A8L5_957_H5N2,0,0,0,0,0,0,0,0,0,0,0,0,0,0,0,0,0,0,0,0,0,0,0,0,0,0,0,0,0,0,59.4,173,27.9,0,0,0,0,0,0,0,0,0,0,0,0,0,0,0
Q9JKR6_830_H8N2,0,0,0,0,0,0,0,0,0,0,0,0,0,0,0,0,0,0,0,0,0,0,0,0,0,0,0,0,0,0,3229.52,73.7,232,0,0,0,0,0,0,0,0,0,282,209,634,0,0,0
Q99N28_288_H6N6F3A1,0,0,0,0,0,0,0,0,0,0,0,0,0,0,0,0,0,0,0,0,0,0,0,0,0,0,0,0,0,0,720,14.6,25.2,0,0,0,0,0,0,0,0,0,0,0,0,0,0,0
Q08857_417_H9N2,0,0,0,0,0,0,0,0,0,0,0,0,0,0,0,0,0,0,0,0,0,0,0,0,0,0,0,0,0,0,83.4,34.5,120,0,0,0,0,0,0,0,0,0,0,0,0,0,0,0
Q7M729_142_H4N2,0,0,0,0,0,0,0,0,0,0,0,0,0,0,0,0,0,0,0,0,0,0,0,0,0,0,0,0,0,0,90.6,41,1008.85,45.8,47.8,227,0,0,0,0,0,0,87.7,49.8,615,0,0,0
Q8C419_215_H4N6F2,0,0,0,0,0,0,0,0,0,0,0,0,0,0,0,0,0,0,0,0,0,0,0,0,0,0,0,0,0,0,62.8,128,403,0,0,0,0,0,0,0,0,0,0,0,0,0,0,0
Q8C419_215_H3N5F1,0,0,0,0,0,0,0,0,0,0,0,0,0,0,0,0,0,0,0,0,0,0,0,0,0,0,0,0,0,0,939,40.4,1681.94,0,0,0,0,0,0,0,0,0,0,0,0,0,0,0
O54991_764_H3N2,0,0,0,0,0,0,0,0,0,0,0,0,0,0,0,0,0,0,0,0,0,0,0,0,0,0,0,0,0,0,221,477,1057.61,279,244,113,0,0,0,0,0,0,1347.11,1414.21,212,333,85.8,221
P14231_220_H5N4F1,0,0,0,0,0,0,0,0,0,0,0,0,0,0,0,0,0,0,0,0,0,0,0,0,0,0,0,0,0,0,716,40.5,3072.87,0,0,0,0,0,0,0,0,0,2216.43,1134.12,1270,0,0,0
Q9D3A9_355_H4N5F2,0,0,0,0,0,0,0,0,0,0,0,0,0,0,0,0,0,0,0,0,0,0,0,0,0,0,0,0,0,0,189,273,1084.79,0,0,0,0,0,0,0,0,0,0,0,0,0,0,0
P19137_1659_H3N4F1,0,0,0,0,0,0,0,0,0,0,0,0,0,0,0,0,0,0,0,0,0,0,0,0,0,0,0,0,0,0,1006.44,60.9,63.1,0,0,0,0,0,0,0,0,0,485,40.7,233,0,0,0
Q9QY81_405_H9N2,0,0,0,0,0,0,0,0,0,0,0,0,0,0,0,0,0,0,0,0,0,0,0,0,0,0,0,0,0,0,494,21.1,446,0,0,0,0,0,0,0,0,0,1207.56,1206.85,211,0,0,0
Q91XE7_70_H8N2,0,0,0,0,0,0,0,0,0,0,0,0,0,0,0,0,0,0,0,0,0,0,0,0,0,0,0,0,0,0,383,287,2475.05,0,0,0,854,532,971,0,0,0,1146.42,496,200,772,1369.41,2752.06
P10852_259_H5N4F2A1,0,0,0,0,0,0,0,0,0,0,0,0,0,0,0,0,0,0,0,0,0,0,0,0,0,0,0,0,0,0,192,179,21.9,0,0,0,381,87.7,135,0,0,0,778,631,730,0,0,0
P18242_134_H5N2,0,0,0,0,0,0,0,0,0,0,0,0,0,0,0,0,0,0,0,0,0,0,0,0,0,0,0,0,0,0,56.1,148,1118.57,0,0,0,0,0,0,0,0,0,187,320,167,0,0,0
P12960_935_H5N6F2A1,0,0,0,0,0,0,0,0,0,0,0,0,0,0,0,0,0,0,0,0,0,0,0,0,0,0,0,0,0,0,188,435,2147.72,0,0,0,0,0,0,0,0,0,0,0,0,0,0,0
P43006_215_H7N6F1A4,0,0,0,0,0,0,0,0,0,0,0,0,0,0,0,0,0,0,0,0,0,0,0,0,0,0,0,0,0,0,137,147,161,0,0,0,0,0,0,0,0,0,137,145,84.5,0,0,0
Q9Z218_752_H3N2,0,0,0,0,0,0,0,0,0,0,0,0,0,0,0,0,0,0,0,0,0,0,0,0,0,0,0,0,0,0,193,104,222,259,88.3,44.8,0,0,0,0,0,0,458,292,523,0,0,0
Q8BLQ9_211_H5N4F2A1,0,0,0,0,0,0,0,0,0,0,0,0,0,0,0,0,0,0,0,0,0,0,0,0,0,0,0,0,0,0,82.4,416,175,0,0,0,0,0,0,0,0,0,0,0,0,0,0,0
P10852_259_H5N4F1A1,0,0,0,0,0,0,0,0,0,0,0,0,0,0,0,0,0,0,0,0,0,0,0,0,0,0,0,0,0,0,142,149,7.8,0,0,0,0,0,0,0,0,0,337,176,173,0,0,0
B1AZA5_548_H6N2,0,0,0,0,0,0,0,0,0,0,0,0,0,0,0,0,0,0,0,0,0,0,0,0,0,0,0,0,0,0,1517.16,1675.97,5185.68,0,0,0,0,0,0,0,0,0,0,0,0,0,0,0
Q61490_306_H4N6F1A1,0,0,0,0,0,0,0,0,0,0,0,0,0,0,0,0,0,0,0,0,0,0,0,0,0,0,0,0,0,0,117,203,675,0,0,0,0,0,0,0,0,0,0,0,0,0,0,0
A2A8L5_721_H5N2,0,0,0,0,0,0,0,0,0,0,0,0,0,0,0,0,0,0,0,0,0,0,0,0,0,0,0,0,0,0,105,520,320,129,433,463,0,0,0,0,0,0,229,134,87,0,0,0
P50429_292_H5N2,0,0,0,0,0,0,0,0,0,0,0,0,0,0,0,0,0,0,0,0,0,0,0,0,0,0,0,0,0,0,306,421,431,728,396,388,0,0,0,0,0,0,102.2,366.1,332,0,0,0
Q9WTR5_638_H5N4,0,0,0,0,0,0,0,0,0,0,0,0,0,0,0,0,0,0,0,0,0,0,0,0,0,0,0,0,0,0,370,171,723,0,0,0,0,0,0,0,0,0,0,0,0,0,0,0
Q8BXA0_330_H5N2,0,0,0,0,0,0,0,0,0,0,0,0,0,0,0,0,0,0,0,0,0,0,0,0,0,0,0,0,0,0,1596.95,1636.66,1301.53,0,0,0,0,0,0,0,0,0,0,0,0,0,0,0
A2A8L5_941_H5N2,0,0,0,0,0,0,0,0,0,0,0,0,0,0,0,0,0,0,0,0,0,0,0,0,0,0,0,0,0,0,249,167,210,340,267,3937.79,0,0,0,0,0,0,0,0,0,0,0,0
Q0VBD0_402_H6N2,0,0,0,0,0,0,0,0,0,0,0,0,0,0,0,0,0,0,0,0,0,0,0,0,0,0,0,0,0,0,41.9,45.1,97.7,0,0,0,0,0,0,0,0,0,33.9,60.5,176,0,0,0
Q9WTR5_598_H5N2F1,0,0,0,0,0,0,0,0,0,0,0,0,0,0,0,0,0,0,0,0,0,0,0,0,0,0,0,0,0,0,80.1,102,318,159,195,22850.5,0,0,0,0,0,0,0,0,0,0,0,0
P17047_115_H5N2,0,0,0,0,0,0,0,0,0,0,0,0,0,0,0,0,0,0,0,0,0,0,0,0,0,0,0,0,0,0,820,494,1527.15,948,295,472,0,0,0,0,0,0,668,529,384,0,0,0
Q9WTR5_598_H3N2,0,0,0,0,0,0,0,0,0,0,0,0,0,0,0,0,0,0,0,0,0,0,0,0,0,0,0,0,0,0,646,1052.06,1986.85,0,0,0,0,0,0,0,0,0,0,0,0,0,0,0
P14094_158_H3N3F1,0,0,0,0,0,0,0,0,0,0,0,0,0,0,0,0,0,0,0,0,0,0,0,0,0,0,0,0,0,0,687,729,1169.53,362,801,466,0,0,0,0,0,0,0,0,0,0,0,0
P63137_104_H7N2,0,0,0,0,0,0,0,0,0,0,0,0,0,0,0,0,0,0,0,0,0,0,0,0,0,0,0,0,0,0,99.6,123,539,0,0,0,0,0,0,0,0,0,0,0,0,0,0,0
Q9WTS5_915_H7N2,0,0,0,0,0,0,0,0,0,0,0,0,0,0,0,0,0,0,0,0,0,0,0,0,0,0,0,0,0,0,83.5,55.1,65.3,0,0,0,0,0,0,0,0,0,158,46.6,176,0,0,0
O35604_137_H3N2F1,0,0,0,0,0,0,0,0,0,0,0,0,0,0,0,0,0,0,0,0,0,0,0,0,0,0,0,0,0,0,0,0,0,877,769,38.2,0,0,0,0,0,0,446,645,1591.58,1117.7,1623.03,1542.5
Q9JI18_1816_H5N2,0,0,0,0,0,0,0,0,0,0,0,0,0,0,0,0,0,0,0,0,0,0,0,0,0,0,0,0,0,0,0,0,0,1128.99,581,110,0,0,0,0,0,0,0,0,0,1873.98,1485.11,4031.68
P09470_700_H3N5F1,0,0,0,0,0,0,0,0,0,0,0,0,0,0,0,0,0,0,0,0,0,0,0,0,0,0,0,0,0,0,0,0,0,7780.24,967,542,0,0,0,0,0,0,0,0,0,0,0,0
Q03137_235_H4N5F2,0,0,0,0,0,0,0,0,0,0,0,0,0,0,0,0,0,0,0,0,0,0,0,0,0,0,0,0,0,0,0,0,0,276,321,2987.97,0,0,0,0,0,0,257,122,611,0,0,0
B9EKR1_501_H4N5F1A1,0,0,0,0,0,0,0,0,0,0,0,0,0,0,0,0,0,0,0,0,0,0,0,0,0,0,0,0,0,0,0,0,0,553,621,1723.58,0,0,0,0,0,0,0,0,0,0,0,0
P14231_118_H6N3F2,0,0,0,0,0,0,0,0,0,0,0,0,0,0,0,0,0,0,0,0,0,0,0,0,0,0,0,0,0,0,0,0,0,305,628,469,0,0,0,0,0,0,0,0,0,0,0,0
Q9Z1M0_213_H5N2,0,0,0,0,0,0,0,0,0,0,0,0,0,0,0,0,0,0,0,0,0,0,0,0,0,0,0,0,0,0,0,0,0,231,348,602,0,0,0,0,0,0,1674.78,511,759,0,0,0
Q9JKR6_869_H9N2,0,0,0,0,0,0,0,0,0,0,0,0,0,0,0,0,0,0,0,0,0,0,0,0,0,0,0,0,0,0,0,0,0,760,174,158,0,0,0,0,0,0,453,206,204,292,531,281
Q922J6_139_H3N4F1,0,0,0,0,0,0,0,0,0,0,0,0,0,0,0,0,0,0,0,0,0,0,0,0,0,0,0,0,0,0,0,0,0,238,279,109,0,0,0,0,0,0,687,512,466,597,365,1514.97
P11627_725_H4N5F2,0,0,0,0,0,0,0,0,0,0,0,0,0,0,0,0,0,0,0,0,0,0,0,0,0,0,0,0,0,0,0,0,0,231,146,215,0,0,0,0,0,0,319,262,238,0,0,0
Q61490_499_H5N4F3,0,0,0,0,0,0,0,0,0,0,0,0,0,0,0,0,0,0,0,0,0,0,0,0,0,0,0,0,0,0,0,0,0,783,317,603,0,0,0,0,0,0,0,0,0,0,0,0
Q8JZZ7_524_H5N2,0,0,0,0,0,0,0,0,0,0,0,0,0,0,0,0,0,0,0,0,0,0,0,0,0,0,0,0,0,0,0,0,0,703,1359.99,736,0,0,0,0,0,0,0,0,0,0,0,0
Q80X71_184_H8N2,0,0,0,0,0,0,0,0,0,0,0,0,0,0,0,0,0,0,0,0,0,0,0,0,0,0,0,0,0,0,0,0,0,571,249,168,0,0,0,0,0,0,338,953,177,0,0,0
Q810U4_427_H9N2,0,0,0,0,0,0,0,0,0,0,0,0,0,0,0,0,0,0,0,0,0,0,0,0,0,0,0,0,0,0,0,0,0,694,430,343,0,0,0,1244.64,899,215,0,0,0,0,0,0
Q8BFW6_81_H6N2,0,0,0,0,0,0,0,0,0,0,0,0,0,0,0,0,0,0,0,0,0,0,0,0,0,0,0,0,0,0,0,0,0,477,140,69.8,0,0,0,0,0,0,0,0,0,695,241,1779.61
Q8R366_137_H4N4F2,0,0,0,0,0,0,0,0,0,0,0,0,0,0,0,0,0,0,0,0,0,0,0,0,0,0,0,0,0,0,0,0,0,460,731,1844.82,0,0,0,0,0,0,192,157,263,0,0,0
O88531_197_H5N2,0,0,0,0,0,0,0,0,0,0,0,0,0,0,0,0,0,0,0,0,0,0,0,0,0,0,0,0,0,0,0,0,0,189,64.9,463,0,0,0,0,0,0,0,0,0,0,0,0
O88531_197_H6N2,0,0,0,0,0,0,0,0,0,0,0,0,0,0,0,0,0,0,0,0,0,0,0,0,0,0,0,0,0,0,0,0,0,729,167,2618.03,0,0,0,0,0,0,0,0,0,0,0,0
P11627_968_H4N4F2,0,0,0,0,0,0,0,0,0,0,0,0,0,0,0,0,0,0,0,0,0,0,0,0,0,0,0,0,0,0,0,0,0,405,814,278,0,0,0,0,0,0,0,0,0,0,0,0
P35436_687_H7N2,0,0,0,0,0,0,0,0,0,0,0,0,0,0,0,0,0,0,0,0,0,0,0,0,0,0,0,0,0,0,0,0,0,1879.22,2512.01,2241.07,0,0,0,0,0,0,0,0,0,2076.99,653,2700.5
Q9CQF9_323_H6N2,0,0,0,0,0,0,0,0,0,0,0,0,0,0,0,0,0,0,0,0,0,0,0,0,0,0,0,0,0,0,0,0,0,5506.35,8339.86,2568.49,8002.51,7780.2,6177.08,5462.17,4989.43,5351.81,0,0,0,12223.7,11170.2,16093.4
P97797_209_H4N6F4,0,0,0,0,0,0,0,0,0,0,0,0,0,0,0,0,0,0,0,0,0,0,0,0,0,0,0,0,0,0,0,0,0,618,1346.38,588,0,0,0,0,0,0,0,0,0,1030.59,2297.24,1313.4
Q61503_335_H4N4F2,0,0,0,0,0,0,0,0,0,0,0,0,0,0,0,0,0,0,0,0,0,0,0,0,0,0,0,0,0,0,0,0,0,1081.87,461,1356.09,0,0,0,0,0,0,0,0,0,665,368,1514.97
P61215_116_H3N4,0,0,0,0,0,0,0,0,0,0,0,0,0,0,0,0,0,0,0,0,0,0,0,0,0,0,0,0,0,0,0,0,0,741,340,272,0,0,0,0,0,0,0,0,0,276,281,3416.73
P21661_523_H9N2,0,0,0,0,0,0,0,0,0,0,0,0,0,0,0,0,0,0,0,0,0,0,0,0,0,0,0,0,0,0,0,0,0,1325.06,379,511,458,400,576,0,0,0,0,0,0,1290.57,186,2222.63
P22005_152_H4N5F2,0,0,0,0,0,0,0,0,0,0,0,0,0,0,0,0,0,0,0,0,0,0,0,0,0,0,0,0,0,0,0,0,0,590,877,1933.36,0,0,0,0,0,0,0,0,0,274,901,2883.17
P22005_152_H3N5F1,0,0,0,0,0,0,0,0,0,0,0,0,0,0,0,0,0,0,0,0,0,0,0,0,0,0,0,0,0,0,0,0,0,1895.44,2338.11,2241.07,0,0,0,0,0,0,0,0,0,855,2138.08,1064.64
O54991_805_H4N6,0,0,0,0,0,0,0,0,0,0,0,0,0,0,0,0,0,0,0,0,0,0,0,0,0,0,0,0,0,0,0,0,0,8561.78,11100.3,4920.44,0,0,0,0,0,0,0,0,0,0,0,0
P08113_217_H3N2,0,0,0,0,0,0,0,0,0,0,0,0,0,0,0,0,0,0,0,0,0,0,0,0,0,0,0,0,0,0,0,0,0,250,96,124,122,159,536,562,300,236,310,141,58.4,204,1478.59,4648.37
Q61735_109_H5N4F1,0,0,0,0,0,0,0,0,0,0,0,0,0,0,0,0,0,0,0,0,0,0,0,0,0,0,0,0,0,0,0,0,0,709,777,1020.58,0,0,0,0,0,0,0,0,0,479,1261.21,699
Q8BG39_441_H5N6F2A2,0,0,0,0,0,0,0,0,0,0,0,0,0,0,0,0,0,0,0,0,0,0,0,0,0,0,0,0,0,0,0,0,0,1028,837,993,1114.93,158,314,0,0,0,0,0,0,757,448,3459.32
Q8BM13_68_H3N5F1,0,0,0,0,0,0,0,0,0,0,0,0,0,0,0,0,0,0,0,0,0,0,0,0,0,0,0,0,0,0,0,0,0,281,605,2028.42,0,0,0,0,0,0,0,0,0,481,667,680
Q8BLQ9_51_H3N2F1,0,0,0,0,0,0,0,0,0,0,0,0,0,0,0,0,0,0,0,0,0,0,0,0,0,0,0,0,0,0,0,0,0,924,793,1034.43,0,0,0,0,0,0,0,0,0,405,375,4429.99
Q8BLQ9_51_H6N6F3A1,0,0,0,0,0,0,0,0,0,0,0,0,0,0,0,0,0,0,0,0,0,0,0,0,0,0,0,0,0,0,0,0,0,126,88.4,292,0,0,0,0,0,0,0,0,0,188,627,837
Q8C031_390_H5N2,0,0,0,0,0,0,0,0,0,0,0,0,0,0,0,0,0,0,0,0,0,0,0,0,0,0,0,0,0,0,0,0,0,487,555,696,0,0,0,0,0,0,0,0,0,2813.81,1194,3831.92
P0C192_402_H5N2,0,0,0,0,0,0,0,0,0,0,0,0,0,0,0,0,0,0,0,0,0,0,0,0,0,0,0,0,0,0,0,0,0,286,887,59.8,0,0,0,0,0,0,0,0,0,778,420,1076.81
O88998_431_H5N2,0,0,0,0,0,0,0,0,0,0,0,0,0,0,0,0,0,0,0,0,0,0,0,0,0,0,0,0,0,0,0,0,0,510,641,251,0,0,0,0,0,0,0,0,0,1142,451,2723.17
P43006_215_H6N5F1A2,0,0,0,0,0,0,0,0,0,0,0,0,0,0,0,0,0,0,0,0,0,0,0,0,0,0,0,0,0,0,0,0,0,600,247,297,0,0,0,0,0,0,0,0,0,683,608,780
P14094_158_H4N3F2,0,0,0,0,0,0,0,0,0,0,0,0,0,0,0,0,0,0,0,0,0,0,0,0,0,0,0,0,0,0,0,0,0,1112.9,952,183,0,0,0,0,0,0,0,0,0,1310.08,1044.66,3563.88
Q60625_274_H3N4F1,0,0,0,0,0,0,0,0,0,0,0,0,0,0,0,0,0,0,0,0,0,0,0,0,0,0,0,0,0,0,0,0,0,1088.22,931,1675.69,0,0,0,0,0,0,0,0,0,640,419,1076.81
Q9R0M0_2061_H8N2,0,0,0,0,0,0,0,0,0,0,0,0,0,0,0,0,0,0,0,0,0,0,0,0,0,0,0,0,0,0,0,0,0,240,233,173,0,0,0,570,367,129,0,0,0,0,0,0
P39087_423_H3N5F1,0,0,0,0,0,0,0,0,0,0,0,0,0,0,0,0,0,0,0,0,0,0,0,0,0,0,0,0,0,0,0,0,0,702,947,453,697,666,534,0,0,0,0,0,0,0,0,0
Q9QUP5_58_H3N6F4,0,0,0,0,0,0,0,0,0,0,0,0,0,0,0,0,0,0,0,0,0,0,0,0,0,0,0,0,0,0,0,0,0,896,1235.19,1316.59,2984.55,2796.17,3050.14,0,0,0,0,0,0,0,0,0
Q9Z218_258_H4N2,0,0,0,0,0,0,0,0,0,0,0,0,0,0,0,0,0,0,0,0,0,0,0,0,0,0,0,0,0,0,0,0,0,560,490,267,0,0,0,0,0,0,0,0,0,0,0,0
Q60625_54_H5N2,0,0,0,0,0,0,0,0,0,0,0,0,0,0,0,0,0,0,0,0,0,0,0,0,0,0,0,0,0,0,0,0,0,1122.71,3775.92,739,1664.86,1745.52,1452.2,0,0,0,0,0,0,0,0,0
P23818_363_H4N5F1,0,0,0,0,0,0,0,0,0,0,0,0,0,0,0,0,0,0,0,0,0,0,0,0,0,0,0,0,0,0,0,0,0,778,381,744,1422.04,836,1470.23,0,0,0,0,0,0,0,0,0
Q9DB72_44_H9N2,0,0,0,0,0,0,0,0,0,0,0,0,0,0,0,0,0,0,0,0,0,0,0,0,0,0,0,0,0,0,0,0,0,832,209,260,1092.34,617,476,0,0,0,274,2229.9,34.7,0,0,0
Q64444_123_H5N2,0,0,0,0,0,0,0,0,0,0,0,0,0,0,0,0,0,0,0,0,0,0,0,0,0,0,0,0,0,0,0,0,0,136,117,2045.21,1706.91,789,497,186,238,453,0,0,0,0,0,0
P12960_935_H4N4F2,0,0,0,0,0,0,0,0,0,0,0,0,0,0,0,0,0,0,0,0,0,0,0,0,0,0,0,0,0,0,0,0,0,2123.78,3083.34,25.3,0,0,0,0,0,0,0,0,0,0,0,0
P43006_215_H4N7F1A2,0,0,0,0,0,0,0,0,0,0,0,0,0,0,0,0,0,0,0,0,0,0,0,0,0,0,0,0,0,0,0,0,0,1173.68,768,604,1140.11,1574.47,1596.4,0,0,0,0,0,0,0,0,0
Q91V14_314_H9N2,0,0,0,0,0,0,0,0,0,0,0,0,0,0,0,0,0,0,0,0,0,0,0,0,0,0,0,0,0,0,0,0,0,1687.65,2059.32,785,0,0,0,0,0,0,45.8,391,120,0,0,0
Q921T2_411_H8N2,0,0,0,0,0,0,0,0,0,0,0,0,0,0,0,0,0,0,0,0,0,0,0,0,0,0,0,0,0,0,0,0,0,828,1218.75,2570.72,1304.09,1352.13,152,1410.26,1676.77,495,0,0,0,0,0,0
Q921T2_411_H7N2,0,0,0,0,0,0,0,0,0,0,0,0,0,0,0,0,0,0,0,0,0,0,0,0,0,0,0,0,0,0,0,0,0,138,138,139,315,188,48.5,190,585,169,0,0,0,0,0,0
Q3TVI8_455_H8N2,0,0,0,0,0,0,0,0,0,0,0,0,0,0,0,0,0,0,0,0,0,0,0,0,0,0,0,0,0,0,0,0,0,226,161,203,343,224,228,0,0,0,0,0,0,0,0,0
Q69ZU6_439_H5N2,0,0,0,0,0,0,0,0,0,0,0,0,0,0,0,0,0,0,0,0,0,0,0,0,0,0,0,0,0,0,0,0,0,149,443,113,0,0,0,0,0,0,0,0,0,0,0,0
P02468_1105_H3N5F1,0,0,0,0,0,0,0,0,0,0,0,0,0,0,0,0,0,0,0,0,0,0,0,0,0,0,0,0,0,0,0,0,0,593,1099.04,1604.31,0,0,0,0,0,0,0,0,0,0,0,0
Q9JKR6_931_H8N2,0,0,0,0,0,0,0,0,0,0,0,0,0,0,0,0,0,0,0,0,0,0,0,0,0,0,0,0,0,0,0,0,0,498,408,676,147,115,156,0,0,0,0,0,0,355,616,192
Q91ZX7_1512_H5N2F1,0,0,0,0,0,0,0,0,0,0,0,0,0,0,0,0,0,0,0,0,0,0,0,0,0,0,0,0,0,0,0,0,0,508,731,877,691,1466.48,887,189,266,162,0,0,0,0,0,0
P43006_205_H7N5F3A1,0,0,0,0,0,0,0,0,0,0,0,0,0,0,0,0,0,0,0,0,0,0,0,0,0,0,0,0,0,0,0,0,0,908,426,1212.09,0,0,0,0,0,0,0,0,0,0,0,0
P70232_984_H3N5F1,0,0,0,0,0,0,0,0,0,0,0,0,0,0,0,0,0,0,0,0,0,0,0,0,0,0,0,0,0,0,0,0,0,937,961,1291.45,1535.08,527,899,0,0,0,0,0,0,0,0,0
Q8BYI9_1261_H5N2F1,0,0,0,0,0,0,0,0,0,0,0,0,0,0,0,0,0,0,0,0,0,0,0,0,0,0,0,0,0,0,0,0,0,77,97.7,168,174,243,117,0,0,0,59.7,504,49.2,0,0,0
Q8BYI9_1261_H4N2F1,0,0,0,0,0,0,0,0,0,0,0,0,0,0,0,0,0,0,0,0,0,0,0,0,0,0,0,0,0,0,0,0,0,121,155,194,0,0,0,0,0,0,132,49.9,45.1,86.8,333,209
P18242_261_H9N2,0,0,0,0,0,0,0,0,0,0,0,0,0,0,0,0,0,0,0,0,0,0,0,0,0,0,0,0,0,0,0,0,0,210,114,282,0,0,0,0,0,0,0,0,0,0,0,0
Q8CJH3_31_H5N4F2,0,0,0,0,0,0,0,0,0,0,0,0,0,0,0,0,0,0,0,0,0,0,0,0,0,0,0,0,0,0,0,0,0,247,323,135,0,0,0,0,0,0,0,0,0,0,0,0
P70232_767_H4N4F2,0,0,0,0,0,0,0,0,0,0,0,0,0,0,0,0,0,0,0,0,0,0,0,0,0,0,0,0,0,0,0,0,0,1476.37,2172.75,496,0,0,0,0,0,0,715,296,128,0,0,0
Q61207_80_H4N3F2,0,0,0,0,0,0,0,0,0,0,0,0,0,0,0,0,0,0,0,0,0,0,0,0,0,0,0,0,0,0,0,0,0,301,173,292,0,0,0,0,0,0,0,0,0,0,0,0
Q80T41_452_H4N5F2,0,0,0,0,0,0,0,0,0,0,0,0,0,0,0,0,0,0,0,0,0,0,0,0,0,0,0,0,0,0,0,0,0,182,558,199,0,0,0,734,835,585,0,0,0,0,0,0
Q921T2_411_H6N2,0,0,0,0,0,0,0,0,0,0,0,0,0,0,0,0,0,0,0,0,0,0,0,0,0,0,0,0,0,0,0,0,0,171,211,175,367,198,188,241,538,194,0,0,0,0,0,0
Q9D6F4_144_H9N2,0,0,0,0,0,0,0,0,0,0,0,0,0,0,0,0,0,0,0,0,0,0,0,0,0,0,0,0,0,0,0,0,0,2018.81,7615.93,2241.07,0,0,0,0,0,0,0,0,0,0,0,0
Q9WV91_525_H5N2,0,0,0,0,0,0,0,0,0,0,0,0,0,0,0,0,0,0,0,0,0,0,0,0,0,0,0,0,0,0,0,0,0,468,509,215,0,0,0,0,0,0,0,0,0,0,0,0
P24638_167_H8N2,0,0,0,0,0,0,0,0,0,0,0,0,0,0,0,0,0,0,0,0,0,0,0,0,0,0,0,0,0,0,0,0,0,325,249,394,0,0,0,0,0,0,0,0,0,0,0,0
Q91ZX7_1512_H5N4,0,0,0,0,0,0,0,0,0,0,0,0,0,0,0,0,0,0,0,0,0,0,0,0,0,0,0,0,0,0,0,0,0,730,770,1169.8,0,0,0,863,8236.21,496,1536.22,1178.53,789,0,0,0
Q3V3R4_459_H6N2,0,0,0,0,0,0,0,0,0,0,0,0,0,0,0,0,0,0,0,0,0,0,0,0,0,0,0,0,0,0,0,0,0,117,306,203,0,0,0,0,0,0,0,0,0,0,0,0
Q9JKR6_515_H4N2,0,0,0,0,0,0,0,0,0,0,0,0,0,0,0,0,0,0,0,0,0,0,0,0,0,0,0,0,0,0,0,0,0,281,259,146,0,0,0,0,0,0,0,0,0,0,0,0
Q9WV18_439_H7N2,0,0,0,0,0,0,0,0,0,0,0,0,0,0,0,0,0,0,0,0,0,0,0,0,0,0,0,0,0,0,0,0,0,112,1312.81,66.6,0,0,0,0,0,0,0,0,0,0,0,0
Q3V3R4_1102_H8N2,0,0,0,0,0,0,0,0,0,0,0,0,0,0,0,0,0,0,0,0,0,0,0,0,0,0,0,0,0,0,0,0,0,583,704,814,0,0,0,0,0,0,0,0,0,0,0,0
Q8BLQ9_211_H4N4F1,0,0,0,0,0,0,0,0,0,0,0,0,0,0,0,0,0,0,0,0,0,0,0,0,0,0,0,0,0,0,0,0,0,228.1,490,695,0,0,0,0,0,0,0,0,0,0,0,0
O09114_78_H5N5F1G1,0,0,0,0,0,0,0,0,0,0,0,0,0,0,0,0,0,0,0,0,0,0,0,0,0,0,0,0,0,0,0,0,0,225,65.3,378,0,0,0,0,0,0,0,0,0,0,0,0
P43006_205_H6N6F1A2,0,0,0,0,0,0,0,0,0,0,0,0,0,0,0,0,0,0,0,0,0,0,0,0,0,0,0,0,0,0,0,0,0,709,1015.9,2395.4,0,0,0,0,0,0,425,327,435,0,0,0
Q64455_145_H5N2,0,0,0,0,0,0,0,0,0,0,0,0,0,0,0,0,0,0,0,0,0,0,0,0,0,0,0,0,0,0,0,0,0,86.4,268,486,0,0,0,0,0,0,0,0,0,0,0,0
Q6VNS1_79_H3N5F1,0,0,0,0,0,0,0,0,0,0,0,0,0,0,0,0,0,0,0,0,0,0,0,0,0,0,0,0,0,0,0,0,0,614,338,343,0,0,0,0,0,0,0,0,0,0,0,0
P01831_94_H6N3F2,0,0,0,0,0,0,0,0,0,0,0,0,0,0,0,0,0,0,0,0,0,0,0,0,0,0,0,0,0,0,0,0,0,2322.84,4170.82,3014.39,0,0,0,0,0,0,179,234,233,0,0,0
Q99N28_288_H5N4F1,0,0,0,0,0,0,0,0,0,0,0,0,0,0,0,0,0,0,0,0,0,0,0,0,0,0,0,0,0,0,0,0,0,139,269,131,0,0,0,0,0,0,0,0,0,0,0,0
P97449_114_H5N2,0,0,0,0,0,0,0,0,0,0,0,0,0,0,0,0,0,0,0,0,0,0,0,0,0,0,0,0,0,0,0,0,0,87.6,174,209,0,0,0,0,0,0,0,0,0,0,0,0
P14094_158_H4N6A1,0,0,0,0,0,0,0,0,0,0,0,0,0,0,0,0,0,0,0,0,0,0,0,0,0,0,0,0,0,0,0,0,0,230,229,279,0,0,0,0,0,0,222,1173.81,173,0,0,0
Q61361_336_H4N4F2,0,0,0,0,0,0,0,0,0,0,0,0,0,0,0,0,0,0,0,0,0,0,0,0,0,0,0,0,0,0,0,0,0,278,242,89.2,0,0,0,0,0,0,0,0,0,0,0,0
P10852_259_H5N4F3,0,0,0,0,0,0,0,0,0,0,0,0,0,0,0,0,0,0,0,0,0,0,0,0,0,0,0,0,0,0,0,0,0,177,201,422,0,0,0,0,0,0,398,588,379,0,0,0
Q61490_306_H3N2F1,0,0,0,0,0,0,0,0,0,0,0,0,0,0,0,0,0,0,0,0,0,0,0,0,0,0,0,0,0,0,0,0,0,230,384,415,0,0,0,0,0,0,0,0,0,0,0,0
Q9D6F4_144_H7N2,0,0,0,0,0,0,0,0,0,0,0,0,0,0,0,0,0,0,0,0,0,0,0,0,0,0,0,0,0,0,0,0,0,2459.99,2548.58,1058.55,0,0,0,0,0,0,0,0,0,0,0,0
P09470_514_H4N2,0,0,0,0,0,0,0,0,0,0,0,0,0,0,0,0,0,0,0,0,0,0,0,0,0,0,0,0,0,0,0,0,0,90.6,84,153,0,0,0,0,0,0,0,0,0,0,0,0
P11881_2503_H7N2,0,0,0,0,0,0,0,0,0,0,0,0,0,0,0,0,0,0,0,0,0,0,0,0,0,0,0,0,0,0,0,0,0,204,1007.28,6146.13,0,0,0,0,0,0,0,0,0,0,0,0
Q3TVI8_455_H4N2F1,0,0,0,0,0,0,0,0,0,0,0,0,0,0,0,0,0,0,0,0,0,0,0,0,0,0,0,0,0,0,0,0,0,454,721,1844.82,0,0,0,0,0,0,0,0,0,0,0,0
Q9CPW0_436_H4N3F1,0,0,0,0,0,0,0,0,0,0,0,0,0,0,0,0,0,0,0,0,0,0,0,0,0,0,0,0,0,0,0,0,0,696,256,527,0,0,0,0,0,0,0,0,0,0,0,0
P15209_121_H5N2,0,0,0,0,0,0,0,0,0,0,0,0,0,0,0,0,0,0,0,0,0,0,0,0,0,0,0,0,0,0,0,0,0,498,805,1177.07,0,0,0,0,0,0,0,0,0,0,0,0
Q640R3_189_H4N3F1,0,0,0,0,0,0,0,0,0,0,0,0,0,0,0,0,0,0,0,0,0,0,0,0,0,0,0,0,0,0,0,0,0,2056.62,2139.07,728,0,0,0,0,0,0,0,0,0,0,0,0
Q3UUQ7_558_H4N2,0,0,0,0,0,0,0,0,0,0,0,0,0,0,0,0,0,0,0,0,0,0,0,0,0,0,0,0,0,0,0,0,0,48.9,58.5,64.9,0,0,0,0,0,0,0,0,0,0,0,0
Q61503_335_H3N3F1,0,0,0,0,0,0,0,0,0,0,0,0,0,0,0,0,0,0,0,0,0,0,0,0,0,0,0,0,0,0,0,0,0,385,966,320,0,0,0,0,0,0,0,0,0,0,0,0
Q9Z2W9_374_H4N5F1,0,0,0,0,0,0,0,0,0,0,0,0,0,0,0,0,0,0,0,0,0,0,0,0,0,0,0,0,0,0,0,0,0,930,761,1469.51,0,0,0,0,0,0,0,0,0,0,0,0
P70302_171_H9N2,0,0,0,0,0,0,0,0,0,0,0,0,0,0,0,0,0,0,0,0,0,0,0,0,0,0,0,0,0,0,0,0,0,1346.39,436,214,0,0,0,0,0,0,0,0,0,0,0,0
Q8BG39_516_H5N6F2,0,0,0,0,0,0,0,0,0,0,0,0,0,0,0,0,0,0,0,0,0,0,0,0,0,0,0,0,0,0,0,0,0,189,257,324,0,0,0,0,0,0,0,0,0,0,0,0
P41233_98_H8N2,0,0,0,0,0,0,0,0,0,0,0,0,0,0,0,0,0,0,0,0,0,0,0,0,0,0,0,0,0,0,0,0,0,542,407,299,0,0,0,0,0,0,816,704,1172.13,0,0,0
Q923L3_3379_H5N2,0,0,0,0,0,0,0,0,0,0,0,0,0,0,0,0,0,0,0,0,0,0,0,0,0,0,0,0,0,0,0,0,0,430,822,247,0,0,0,0,0,0,0,0,0,0,0,0
Q61735_109_H5N3F1,0,0,0,0,0,0,0,0,0,0,0,0,0,0,0,0,0,0,0,0,0,0,0,0,0,0,0,0,0,0,0,0,0,617,541,1826.8,0,0,0,0,0,0,0,0,0,0,0,0
Q9WV18_501_H7N2,0,0,0,0,0,0,0,0,0,0,0,0,0,0,0,0,0,0,0,0,0,0,0,0,0,0,0,0,0,0,0,0,0,226,636,629,0,0,0,0,0,0,0,0,0,327,229,179
Q8BLQ9_51_H3N5F3,0,0,0,0,0,0,0,0,0,0,0,0,0,0,0,0,0,0,0,0,0,0,0,0,0,0,0,0,0,0,0,0,0,577,450,228,0,0,0,0,0,0,0,0,0,0,0,0
Q9Z0L0_124_H6N2,0,0,0,0,0,0,0,0,0,0,0,0,0,0,0,0,0,0,0,0,0,0,0,0,0,0,0,0,0,0,0,0,0,1283.49,443,1620.63,0,0,0,0,0,0,0,0,0,0,0,0
Q9Z2G6_268_H9N2,0,0,0,0,0,0,0,0,0,0,0,0,0,0,0,0,0,0,0,0,0,0,0,0,0,0,0,0,0,0,0,0,0,174,200,123,0,0,0,0,0,0,0,0,0,0,0,0
O35136_562_H4N4F2,0,0,0,0,0,0,0,0,0,0,0,0,0,0,0,0,0,0,0,0,0,0,0,0,0,0,0,0,0,0,0,0,0,154,114,119,0,0,0,0,0,0,0,0,0,0,0,0
P70408_456_H3N5F1,0,0,0,0,0,0,0,0,0,0,0,0,0,0,0,0,0,0,0,0,0,0,0,0,0,0,0,0,0,0,0,0,0,142,534,139,0,0,0,0,0,0,0,0,0,0,0,0
Q9JIA1_422_H5N4F2,0,0,0,0,0,0,0,0,0,0,0,0,0,0,0,0,0,0,0,0,0,0,0,0,0,0,0,0,0,0,0,0,0,838,449,944,0,0,0,0,0,0,0,0,0,0,0,0
P12960_935_H8N2,0,0,0,0,0,0,0,0,0,0,0,0,0,0,0,0,0,0,0,0,0,0,0,0,0,0,0,0,0,0,0,0,0,142,62.4,309,0,0,0,0,0,0,0,0,0,0,0,0
P12960_935_H7N2,0,0,0,0,0,0,0,0,0,0,0,0,0,0,0,0,0,0,0,0,0,0,0,0,0,0,0,0,0,0,0,0,0,343,445,1778.15,0,0,0,0,0,0,0,0,0,0,0,0
P15208_653_H3N4F1,0,0,0,0,0,0,0,0,0,0,0,0,0,0,0,0,0,0,0,0,0,0,0,0,0,0,0,0,0,0,0,0,0,233,322,2987.97,0,0,0,0,0,0,33.3,52,670,0,0,0
Q91ZX7_240_H5N2,0,0,0,0,0,0,0,0,0,0,0,0,0,0,0,0,0,0,0,0,0,0,0,0,0,0,0,0,0,0,0,0,0,104,379,70.9,0,0,0,0,0,0,925,705,673,0,0,0
Q8BLQ9_211_H4N5F1A1,0,0,0,0,0,0,0,0,0,0,0,0,0,0,0,0,0,0,0,0,0,0,0,0,0,0,0,0,0,0,0,0,0,168,444,2124.15,0,0,0,0,0,0,0,0,0,0,0,0
Q99N28_288_H6N3F2,0,0,0,0,0,0,0,0,0,0,0,0,0,0,0,0,0,0,0,0,0,0,0,0,0,0,0,0,0,0,0,0,0,375,188,1071.56,0,0,0,0,0,0,0,0,0,0,0,0
P70211_94_H6N2,0,0,0,0,0,0,0,0,0,0,0,0,0,0,0,0,0,0,0,0,0,0,0,0,0,0,0,0,0,0,0,0,0,97.6,225,284,0,0,0,0,0,0,0,0,0,0,0,0
Q3U284_221_H9N2,0,0,0,0,0,0,0,0,0,0,0,0,0,0,0,0,0,0,0,0,0,0,0,0,0,0,0,0,0,0,0,0,0,210,165,135,0,0,0,0,0,0,0,0,0,0,0,0
Q8BM13_149_H3N5F1,0,0,0,0,0,0,0,0,0,0,0,0,0,0,0,0,0,0,0,0,0,0,0,0,0,0,0,0,0,0,0,0,0,75.8,201,227,0,0,0,0,0,0,0,0,0,0,0,0
Q9JI18_725_H5N2,0,0,0,0,0,0,0,0,0,0,0,0,0,0,0,0,0,0,0,0,0,0,0,0,0,0,0,0,0,0,0,0,0,1105.86,1182.46,167,0,0,0,0,0,0,0,0,0,0,0,0
Q91ZX7_3840_H5N2,0,0,0,0,0,0,0,0,0,0,0,0,0,0,0,0,0,0,0,0,0,0,0,0,0,0,0,0,0,0,0,0,0,585,73.9,29.6,0,0,0,0,0,0,0,0,0,0,0,0
Q91X78_108_H7N2,0,0,0,0,0,0,0,0,0,0,0,0,0,0,0,0,0,0,0,0,0,0,0,0,0,0,0,0,0,0,0,0,0,657,1003.44,2395.4,0,0,0,0,0,0,0,0,0,0,0,0
P63056_299_H6N2,0,0,0,0,0,0,0,0,0,0,0,0,0,0,0,0,0,0,0,0,0,0,0,0,0,0,0,0,0,0,0,0,0,3690.49,261,478,0,0,0,0,0,0,0,0,0,0,0,0
P63056_299_H5N2,0,0,0,0,0,0,0,0,0,0,0,0,0,0,0,0,0,0,0,0,0,0,0,0,0,0,0,0,0,0,0,0,0,457,129,656,0,0,0,0,0,0,0,0,0,0,0,0
Q61735_109_H4N4F1,0,0,0,0,0,0,0,0,0,0,0,0,0,0,0,0,0,0,0,0,0,0,0,0,0,0,0,0,0,0,0,0,0,280,259,77,0,0,0,0,0,0,0,0,0,0,0,0
P08113_62_H4N2,0,0,0,0,0,0,0,0,0,0,0,0,0,0,0,0,0,0,0,0,0,0,0,0,0,0,0,0,0,0,0,0,0,111,605,2028.42,0,0,0,0,0,0,0,0,0,0,0,0
P14094_158_H5N5F4,0,0,0,0,0,0,0,0,0,0,0,0,0,0,0,0,0,0,0,0,0,0,0,0,0,0,0,0,0,0,0,0,0,2164.39,600,2028.42,0,0,0,0,0,0,0,0,0,0,0,0
O54991_519_H6N2,0,0,0,0,0,0,0,0,0,0,0,0,0,0,0,0,0,0,0,0,0,0,0,0,0,0,0,0,0,0,0,0,0,254,475,189,0,0,0,0,0,0,0,0,0,0,0,0
P70302_171_H5N2,0,0,0,0,0,0,0,0,0,0,0,0,0,0,0,0,0,0,0,0,0,0,0,0,0,0,0,0,0,0,0,0,0,213,268,869,0,0,0,0,0,0,0,0,0,0,0,0
Q91ZX7_447_H3N5F1,0,0,0,0,0,0,0,0,0,0,0,0,0,0,0,0,0,0,0,0,0,0,0,0,0,0,0,0,0,0,0,0,0,552,614,2466.59,0,0,0,0,0,0,0,0,0,0,0,0
Q6GQU6_509_H9N2,0,0,0,0,0,0,0,0,0,0,0,0,0,0,0,0,0,0,0,0,0,0,0,0,0,0,0,0,0,0,0,0,0,205,209,430,0,0,0,0,0,0,0,0,0,0,0,0
P39087_378_H7N2,0,0,0,0,0,0,0,0,0,0,0,0,0,0,0,0,0,0,0,0,0,0,0,0,0,0,0,0,0,0,0,0,0,999,1643.35,563,0,0,0,0,0,0,0,0,0,0,0,0
Q8BJS4_650_H6N2,0,0,0,0,0,0,0,0,0,0,0,0,0,0,0,0,0,0,0,0,0,0,0,0,0,0,0,0,0,0,0,0,0,1806.33,793,1735.55,0,0,0,0,0,0,0,0,0,0,0,0
Q9R1V7_72_H8N2,0,0,0,0,0,0,0,0,0,0,0,0,0,0,0,0,0,0,0,0,0,0,0,0,0,0,0,0,0,0,0,0,0,210,268,397,0,0,0,0,0,0,0,0,0,0,0,0
Q60675_2644_H3N4F1,0,0,0,0,0,0,0,0,0,0,0,0,0,0,0,0,0,0,0,0,0,0,0,0,0,0,0,0,0,0,0,0,0,671,147,351,0,0,0,0,0,0,0,0,0,0,0,0
Q3V3R4_1113_H5N2,0,0,0,0,0,0,0,0,0,0,0,0,0,0,0,0,0,0,0,0,0,0,0,0,0,0,0,0,0,0,0,0,0,174,561,112,0,0,0,0,0,0,0,0,0,0,0,0
Q91ZX7_3954_H3N5F1,0,0,0,0,0,0,0,0,0,0,0,0,0,0,0,0,0,0,0,0,0,0,0,0,0,0,0,0,0,0,0,0,0,448,455,346,0,0,0,0,0,0,0,0,0,0,0,0
P09470_719_H7N2,0,0,0,0,0,0,0,0,0,0,0,0,0,0,0,0,0,0,0,0,0,0,0,0,0,0,0,0,0,0,0,0,0,412,394,332,0,0,0,0,0,0,198,4440.89,253,0,0,0
P70302_171_H4N2,0,0,0,0,0,0,0,0,0,0,0,0,0,0,0,0,0,0,0,0,0,0,0,0,0,0,0,0,0,0,0,0,0,667,221,454,0,0,0,0,0,0,0,0,0,0,0,0
Q61292_1349_H3N4,0,0,0,0,0,0,0,0,0,0,0,0,0,0,0,0,0,0,0,0,0,0,0,0,0,0,0,0,0,0,0,0,0,395,261,202,0,0,0,0,0,0,0,0,0,0,0,0
Q61885_59_H6N4F3,0,0,0,0,0,0,0,0,0,0,0,0,0,0,0,0,0,0,0,0,0,0,0,0,0,0,0,0,0,0,0,0,0,3117.11,1647.89,1764.89,0,0,0,0,0,0,0,0,0,0,0,0
P43006_205_H7N6F1A4,0,0,0,0,0,0,0,0,0,0,0,0,0,0,0,0,0,0,0,0,0,0,0,0,0,0,0,0,0,0,0,0,0,210,513,1696.59,0,0,0,0,0,0,408,237,223,0,0,0
O09126_419_H7N2,0,0,0,0,0,0,0,0,0,0,0,0,0,0,0,0,0,0,0,0,0,0,0,0,0,0,0,0,0,0,0,0,0,148,327,311,0,0,0,0,0,0,0,0,0,0,0,0
Q9Z2W8_371_H3N5,0,0,0,0,0,0,0,0,0,0,0,0,0,0,0,0,0,0,0,0,0,0,0,0,0,0,0,0,0,0,0,0,0,918,1214.91,4847.94,0,0,0,0,0,0,0,0,0,0,0,0
O09117_72_H5N3F3,0,0,0,0,0,0,0,0,0,0,0,0,0,0,0,0,0,0,0,0,0,0,0,0,0,0,0,0,0,0,0,0,0,1718.62,321,406,0,0,0,0,0,0,0,0,0,0,0,0
O09126_77_H3N5F1,0,0,0,0,0,0,0,0,0,0,0,0,0,0,0,0,0,0,0,0,0,0,0,0,0,0,0,0,0,0,0,0,0,254,473,809,0,0,0,0,0,0,0,0,0,0,0,0
Q61330_777_H3N4F1,0,0,0,0,0,0,0,0,0,0,0,0,0,0,0,0,0,0,0,0,0,0,0,0,0,0,0,0,0,0,0,0,0,826,233,293,0,0,0,0,0,0,0,0,0,0,0,0
P12960_935_H5N4F2,0,0,0,0,0,0,0,0,0,0,0,0,0,0,0,0,0,0,0,0,0,0,0,0,0,0,0,0,0,0,0,0,0,417,309,632,0,0,0,0,0,0,0,0,0,0,0,0
P97300_196_H5N3A2,0,0,0,0,0,0,0,0,0,0,0,0,0,0,0,0,0,0,0,0,0,0,0,0,0,0,0,0,0,0,0,0,0,31.9,18.8,414,0,0,0,0,0,0,0,0,0,0,0,0
Q9QYS2_414_H3N2F1,0,0,0,0,0,0,0,0,0,0,0,0,0,0,0,0,0,0,0,0,0,0,0,0,0,0,0,0,0,0,0,0,0,217,131,504,0,0,0,0,0,0,0,0,0,0,0,0
P24638_92_H7N4F3,0,0,0,0,0,0,0,0,0,0,0,0,0,0,0,0,0,0,0,0,0,0,0,0,0,0,0,0,0,0,0,0,0,77.7,1359.16,172,0,0,0,0,0,0,0,0,0,0,0,0
Q9Z218_505_H3N4,0,0,0,0,0,0,0,0,0,0,0,0,0,0,0,0,0,0,0,0,0,0,0,0,0,0,0,0,0,0,0,0,0,1510.63,2635.62,591,0,0,0,0,0,0,0,0,0,0,0,0
Q7TNS7_243_H4N2,0,0,0,0,0,0,0,0,0,0,0,0,0,0,0,0,0,0,0,0,0,0,0,0,0,0,0,0,0,0,0,0,0,182,253,422,0,0,0,0,0,0,0,0,0,0,0,0
O89023_442_H7N2,0,0,0,0,0,0,0,0,0,0,0,0,0,0,0,0,0,0,0,0,0,0,0,0,0,0,0,0,0,0,0,0,0,42.7,54,227,0,0,0,0,0,0,0,0,0,0,0,0
Q9JI18_3164_H5N2,0,0,0,0,0,0,0,0,0,0,0,0,0,0,0,0,0,0,0,0,0,0,0,0,0,0,0,0,0,0,0,0,0,1023.43,903,1905.77,0,0,0,0,0,0,0,0,0,0,0,0
Q61503_335_H4N5F2,0,0,0,0,0,0,0,0,0,0,0,0,0,0,0,0,0,0,0,0,0,0,0,0,0,0,0,0,0,0,0,0,0,940,685,1183.19,0,0,0,0,0,0,0,0,0,0,0,0
P19137_1935_H3N2F1,0,0,0,0,0,0,0,0,0,0,0,0,0,0,0,0,0,0,0,0,0,0,0,0,0,0,0,0,0,0,0,0,0,129,107,102,0,0,0,0,0,0,611,200,314,0,0,0
Q9Z0L0_262_H5N2,0,0,0,0,0,0,0,0,0,0,0,0,0,0,0,0,0,0,0,0,0,0,0,0,0,0,0,0,0,0,0,0,0,472,399,340,0,0,0,0,0,0,0,0,0,0,0,0
P47743_298_H3N4F1,0,0,0,0,0,0,0,0,0,0,0,0,0,0,0,0,0,0,0,0,0,0,0,0,0,0,0,0,0,0,0,0,0,271,248,126,0,0,0,0,0,0,0,0,0,0,0,0
Q9WTS5_915_H6N2,0,0,0,0,0,0,0,0,0,0,0,0,0,0,0,0,0,0,0,0,0,0,0,0,0,0,0,0,0,0,0,0,0,342,167,290,0,0,0,0,0,0,0,0,0,0,0,0
O35598_440_H7N2,0,0,0,0,0,0,0,0,0,0,0,0,0,0,0,0,0,0,0,0,0,0,0,0,0,0,0,0,0,0,0,0,0,0,0,0,311,121,1037.41,0,0,0,0,0,0,0,0,0
Q9Z218_258_H5N4,0,0,0,0,0,0,0,0,0,0,0,0,0,0,0,0,0,0,0,0,0,0,0,0,0,0,0,0,0,0,0,0,0,0,0,0,3592.4,967,784,0,0,0,0,0,0,0,0,0
P43006_205_H6N4F3,0,0,0,0,0,0,0,0,0,0,0,0,0,0,0,0,0,0,0,0,0,0,0,0,0,0,0,0,0,0,0,0,0,0,0,0,433,355,309,0,0,0,0,0,0,891,831,8120.45
P12960_494_H4N5,0,0,0,0,0,0,0,0,0,0,0,0,0,0,0,0,0,0,0,0,0,0,0,0,0,0,0,0,0,0,0,0,0,0,0,0,209,205,566,0,0,0,0,0,0,0,0,0
Q0VBD0_456_H9N2,0,0,0,0,0,0,0,0,0,0,0,0,0,0,0,0,0,0,0,0,0,0,0,0,0,0,0,0,0,0,0,0,0,0,0,0,255,651,312,0,0,0,0,0,0,0,0,0
Q8VI51_796_H5N2,0,0,0,0,0,0,0,0,0,0,0,0,0,0,0,0,0,0,0,0,0,0,0,0,0,0,0,0,0,0,0,0,0,0,0,0,188,254,118,183,124,318,0,0,0,0,0,0
P01831_42_H6N7,0,0,0,0,0,0,0,0,0,0,0,0,0,0,0,0,0,0,0,0,0,0,0,0,0,0,0,0,0,0,0,0,0,0,0,0,1695.43,1130.49,790,0,0,0,0,0,0,0,0,0
Q9JI18_3164_H4N2,0,0,0,0,0,0,0,0,0,0,0,0,0,0,0,0,0,0,0,0,0,0,0,0,0,0,0,0,0,0,0,0,0,0,0,0,1073.38,499,273,845,833,407,0,0,0,0,0,0
Q91ZX7_3090_H4N4F1A2,0,0,0,0,0,0,0,0,0,0,0,0,0,0,0,0,0,0,0,0,0,0,0,0,0,0,0,0,0,0,0,0,0,0,0,0,1007.27,1571.49,1224.71,0,0,0,0,0,0,0,0,0
P43006_205_H5N3F1A2,0,0,0,0,0,0,0,0,0,0,0,0,0,0,0,0,0,0,0,0,0,0,0,0,0,0,0,0,0,0,0,0,0,0,0,0,209,258,164,0,0,0,0,0,0,0,0,0
Q9JKF6_202_H5N3F1,0,0,0,0,0,0,0,0,0,0,0,0,0,0,0,0,0,0,0,0,0,0,0,0,0,0,0,0,0,0,0,0,0,0,0,0,420,409,396,0,0,0,0,0,0,0,0,0
Q61885_59_H4N3A1,0,0,0,0,0,0,0,0,0,0,0,0,0,0,0,0,0,0,0,0,0,0,0,0,0,0,0,0,0,0,0,0,0,0,0,0,296,195,235,0,0,0,0,0,0,0,0,0
Q2PZL6_1828_H6N2,0,0,0,0,0,0,0,0,0,0,0,0,0,0,0,0,0,0,0,0,0,0,0,0,0,0,0,0,0,0,0,0,0,0,0,0,290,285,270,0,0,0,0,0,0,0,0,0
P70408_438_H5N4F1,0,0,0,0,0,0,0,0,0,0,0,0,0,0,0,0,0,0,0,0,0,0,0,0,0,0,0,0,0,0,0,0,0,0,0,0,355,250,77.2,0,0,0,0,0,0,0,0,0
Q00493_139_H5N4F1,0,0,0,0,0,0,0,0,0,0,0,0,0,0,0,0,0,0,0,0,0,0,0,0,0,0,0,0,0,0,0,0,0,0,0,0,784,369,876,0,0,0,545,607,858,0,0,0
Q6VNS1_388_H6N2,0,0,0,0,0,0,0,0,0,0,0,0,0,0,0,0,0,0,0,0,0,0,0,0,0,0,0,0,0,0,0,0,0,0,0,0,1090.97,731,286,0,0,0,0,0,0,0,0,0
Q80ZD9_103_H5N2,0,0,0,0,0,0,0,0,0,0,0,0,0,0,0,0,0,0,0,0,0,0,0,0,0,0,0,0,0,0,0,0,0,0,0,0,250,120,57.3,0,0,0,0,0,0,0,0,0
Q99J85_211_H4N5F2,0,0,0,0,0,0,0,0,0,0,0,0,0,0,0,0,0,0,0,0,0,0,0,0,0,0,0,0,0,0,0,0,0,0,0,0,194,739,818,0,0,0,0,0,0,0,0,0
Q8CJH3_31_H4N4F2,0,0,0,0,0,0,0,0,0,0,0,0,0,0,0,0,0,0,0,0,0,0,0,0,0,0,0,0,0,0,0,0,0,0,0,0,194,294,304,0,0,0,0,0,0,0,0,0
Q8CJH3_31_H5N4F1,0,0,0,0,0,0,0,0,0,0,0,0,0,0,0,0,0,0,0,0,0,0,0,0,0,0,0,0,0,0,0,0,0,0,0,0,207,188,209,0,0,0,0,0,0,0,0,0
Q8CJH3_31_H4N3F1,0,0,0,0,0,0,0,0,0,0,0,0,0,0,0,0,0,0,0,0,0,0,0,0,0,0,0,0,0,0,0,0,0,0,0,0,216,127,138,0,0,0,0,0,0,0,0,0
P50172_162_H7N2,0,0,0,0,0,0,0,0,0,0,0,0,0,0,0,0,0,0,0,0,0,0,0,0,0,0,0,0,0,0,0,0,0,0,0,0,1316.77,500,649,0,0,0,0,0,0,0,0,0
O88307_1810_H5N2,0,0,0,0,0,0,0,0,0,0,0,0,0,0,0,0,0,0,0,0,0,0,0,0,0,0,0,0,0,0,0,0,0,0,0,0,762,1186.79,1741.86,0,0,0,0,0,0,0,0,0
P39087_73_H3N4F1,0,0,0,0,0,0,0,0,0,0,0,0,0,0,0,0,0,0,0,0,0,0,0,0,0,0,0,0,0,0,0,0,0,0,0,0,159,102,394,208,102,273,0,0,0,0,0,0
Q8BG39_441_H5N6F2A1,0,0,0,0,0,0,0,0,0,0,0,0,0,0,0,0,0,0,0,0,0,0,0,0,0,0,0,0,0,0,0,0,0,0,0,0,323,621,184,1382.41,1390.23,1036.29,0,0,0,0,0,0
Q9WU60_382_H9N2,0,0,0,0,0,0,0,0,0,0,0,0,0,0,0,0,0,0,0,0,0,0,0,0,0,0,0,0,0,0,0,0,0,0,0,0,284,88.8,137,0,0,0,0,0,0,0,0,0
Q9WU60_427_H9N2,0,0,0,0,0,0,0,0,0,0,0,0,0,0,0,0,0,0,0,0,0,0,0,0,0,0,0,0,0,0,0,0,0,0,0,0,287,361,256,0,0,0,182,104,180,0,0,0
P08113_217_H5N2F1,0,0,0,0,0,0,0,0,0,0,0,0,0,0,0,0,0,0,0,0,0,0,0,0,0,0,0,0,0,0,0,0,0,0,0,0,218,84.4,93.1,0,0,0,82.6,169,199,0,0,0
O08532_781_H5N4F1A4,0,0,0,0,0,0,0,0,0,0,0,0,0,0,0,0,0,0,0,0,0,0,0,0,0,0,0,0,0,0,0,0,0,0,0,0,381,198,141,0,0,0,0,0,0,0,0,0
P16305_128_H4N2,0,0,0,0,0,0,0,0,0,0,0,0,0,0,0,0,0,0,0,0,0,0,0,0,0,0,0,0,0,0,0,0,0,0,0,0,34.5,36.8,1700.1,0,0,0,0,0,0,0,0,0
Q9JJR8_61_H5N2,0,0,0,0,0,0,0,0,0,0,0,0,0,0,0,0,0,0,0,0,0,0,0,0,0,0,0,0,0,0,0,0,0,0,0,0,233,101,284,203,86.9,82.9,0,0,0,0,0,0
P15116_651_H4N2,0,0,0,0,0,0,0,0,0,0,0,0,0,0,0,0,0,0,0,0,0,0,0,0,0,0,0,0,0,0,0,0,0,0,0,0,490,168,1375.3,0,0,0,0,0,0,0,0,0
Q9WTS5_443_H5N2,0,0,0,0,0,0,0,0,0,0,0,0,0,0,0,0,0,0,0,0,0,0,0,0,0,0,0,0,0,0,0,0,0,0,0,0,652,821,1041.87,0,0,0,0,0,0,0,0,0
P35438_440_H5N3,0,0,0,0,0,0,0,0,0,0,0,0,0,0,0,0,0,0,0,0,0,0,0,0,0,0,0,0,0,0,0,0,0,0,0,0,631,474,476,0,0,0,0,0,0,0,0,0
Q640R3_189_H6N3F1A2,0,0,0,0,0,0,0,0,0,0,0,0,0,0,0,0,0,0,0,0,0,0,0,0,0,0,0,0,0,0,0,0,0,0,0,0,616,691,617,0,0,0,0,0,0,0,0,0
Q0PMG2_307_H9N2,0,0,0,0,0,0,0,0,0,0,0,0,0,0,0,0,0,0,0,0,0,0,0,0,0,0,0,0,0,0,0,0,0,0,0,0,170,362,2478.54,0,0,0,0,0,0,0,0,0
Q9QUP5_58_H3N5F3,0,0,0,0,0,0,0,0,0,0,0,0,0,0,0,0,0,0,0,0,0,0,0,0,0,0,0,0,0,0,0,0,0,0,0,0,2099.44,1988.77,4325.48,0,0,0,0,0,0,0,0,0
Q8C129_215_H6N2,0,0,0,0,0,0,0,0,0,0,0,0,0,0,0,0,0,0,0,0,0,0,0,0,0,0,0,0,0,0,0,0,0,0,0,0,752,208,941,0,0,0,686,1023.47,848,0,0,0
Q91V24_1532_H9N2,0,0,0,0,0,0,0,0,0,0,0,0,0,0,0,0,0,0,0,0,0,0,0,0,0,0,0,0,0,0,0,0,0,0,0,0,747,785,838,741,1053.09,1177.03,0,0,0,0,0,0
P97797_209_H4N3,0,0,0,0,0,0,0,0,0,0,0,0,0,0,0,0,0,0,0,0,0,0,0,0,0,0,0,0,0,0,0,0,0,0,0,0,214,403,421,0,0,0,0,0,0,0,0,0
P43006_205_H4N3F1A1,0,0,0,0,0,0,0,0,0,0,0,0,0,0,0,0,0,0,0,0,0,0,0,0,0,0,0,0,0,0,0,0,0,0,0,0,1416.38,638,407,0,0,0,0,0,0,0,0,0
Q3UUQ7_558_H6N5F1A1,0,0,0,0,0,0,0,0,0,0,0,0,0,0,0,0,0,0,0,0,0,0,0,0,0,0,0,0,0,0,0,0,0,0,0,0,2736.97,2252.42,1190.24,2193.08,2300.16,1503.02,0,0,0,0,0,0
Q01097_74_H4N4F1,0,0,0,0,0,0,0,0,0,0,0,0,0,0,0,0,0,0,0,0,0,0,0,0,0,0,0,0,0,0,0,0,0,0,0,0,746,368,592,0,0,0,0,0,0,0,0,0
Q9Z2W9_374_H9N2,0,0,0,0,0,0,0,0,0,0,0,0,0,0,0,0,0,0,0,0,0,0,0,0,0,0,0,0,0,0,0,0,0,0,0,0,457,309,535,0,0,0,0,0,0,0,0,0
Q2PZL6_2939_H5N2,0,0,0,0,0,0,0,0,0,0,0,0,0,0,0,0,0,0,0,0,0,0,0,0,0,0,0,0,0,0,0,0,0,0,0,0,506,225,1146.01,0,0,0,0,0,0,0,0,0
P23818_363_H7N2,0,0,0,0,0,0,0,0,0,0,0,0,0,0,0,0,0,0,0,0,0,0,0,0,0,0,0,0,0,0,0,0,0,0,0,0,225,268,665,0,0,0,0,0,0,0,0,0
O88307_2011_H9N2,0,0,0,0,0,0,0,0,0,0,0,0,0,0,0,0,0,0,0,0,0,0,0,0,0,0,0,0,0,0,0,0,0,0,0,0,261,324,325,0,0,0,0,0,0,0,0,0
Q07409_65_H4N3F1,0,0,0,0,0,0,0,0,0,0,0,0,0,0,0,0,0,0,0,0,0,0,0,0,0,0,0,0,0,0,0,0,0,0,0,0,141,213,155,418,169,329,0,0,0,0,0,0
Q810U3_1047_H5N3F1A1,0,0,0,0,0,0,0,0,0,0,0,0,0,0,0,0,0,0,0,0,0,0,0,0,0,0,0,0,0,0,0,0,0,0,0,0,704,750,986,344,441,344,0,0,0,0,0,0
P14231_193_H5N2,0,0,0,0,0,0,0,0,0,0,0,0,0,0,0,0,0,0,0,0,0,0,0,0,0,0,0,0,0,0,0,0,0,0,0,0,237,177,500,0,0,0,0,0,0,0,0,0
P23818_363_H4N4A2,0,0,0,0,0,0,0,0,0,0,0,0,0,0,0,0,0,0,0,0,0,0,0,0,0,0,0,0,0,0,0,0,0,0,0,0,373,554,582,0,0,0,0,0,0,0,0,0
Q9QYS2_439_H5N4F2,0,0,0,0,0,0,0,0,0,0,0,0,0,0,0,0,0,0,0,0,0,0,0,0,0,0,0,0,0,0,0,0,0,0,0,0,686,700,673,0,0,0,0,0,0,0,0,0
O89001_975_H5N4F1,0,0,0,0,0,0,0,0,0,0,0,0,0,0,0,0,0,0,0,0,0,0,0,0,0,0,0,0,0,0,0,0,0,0,0,0,140,70.9,235,0,0,0,0,0,0,0,0,0
O89001_975_H3N5F1,0,0,0,0,0,0,0,0,0,0,0,0,0,0,0,0,0,0,0,0,0,0,0,0,0,0,0,0,0,0,0,0,0,0,0,0,327,416,758,221,545,334,0,0,0,0,0,0
Q0PMG2_331_H10N2,0,0,0,0,0,0,0,0,0,0,0,0,0,0,0,0,0,0,0,0,0,0,0,0,0,0,0,0,0,0,0,0,0,0,0,0,164,109,291,0,0,0,0,0,0,0,0,0
P12960_593_H4N2,0,0,0,0,0,0,0,0,0,0,0,0,0,0,0,0,0,0,0,0,0,0,0,0,0,0,0,0,0,0,0,0,0,0,0,0,21.4,52.5,127,0,0,0,0,0,0,0,0,0
P70232_476_H8N2,0,0,0,0,0,0,0,0,0,0,0,0,0,0,0,0,0,0,0,0,0,0,0,0,0,0,0,0,0,0,0,0,0,0,0,0,328,223,307,0,0,0,0,0,0,0,0,0
P35438_471_H7N2,0,0,0,0,0,0,0,0,0,0,0,0,0,0,0,0,0,0,0,0,0,0,0,0,0,0,0,0,0,0,0,0,0,0,0,0,1580.5,893,1558.04,0,0,0,0,0,0,0,0,0
P43006_215_H6N5F1A3,0,0,0,0,0,0,0,0,0,0,0,0,0,0,0,0,0,0,0,0,0,0,0,0,0,0,0,0,0,0,0,0,0,0,0,0,201,208,519,0,0,0,0,0,0,0,0,0
P55288_540_H8N2,0,0,0,0,0,0,0,0,0,0,0,0,0,0,0,0,0,0,0,0,0,0,0,0,0,0,0,0,0,0,0,0,0,0,0,0,221,191,367,372,316,300,266,333,560,0,0,0
Q3UHK6_1801_H8N2,0,0,0,0,0,0,0,0,0,0,0,0,0,0,0,0,0,0,0,0,0,0,0,0,0,0,0,0,0,0,0,0,0,0,0,0,612,252,121,0,0,0,0,0,0,0,0,0
O35136_562_H5N4F3A2,0,0,0,0,0,0,0,0,0,0,0,0,0,0,0,0,0,0,0,0,0,0,0,0,0,0,0,0,0,0,0,0,0,0,0,0,344,85.1,114,0,0,0,0,0,0,0,0,0
Q99N28_288_H6N5F2A3,0,0,0,0,0,0,0,0,0,0,0,0,0,0,0,0,0,0,0,0,0,0,0,0,0,0,0,0,0,0,0,0,0,0,0,0,284,154,227,0,0,0,0,0,0,0,0,0
Q99N28_288_H6N6F1A3,0,0,0,0,0,0,0,0,0,0,0,0,0,0,0,0,0,0,0,0,0,0,0,0,0,0,0,0,0,0,0,0,0,0,0,0,88.2,44.8,174,0,0,0,0,0,0,0,0,0
Q99PJ0_70_H7N2,0,0,0,0,0,0,0,0,0,0,0,0,0,0,0,0,0,0,0,0,0,0,0,0,0,0,0,0,0,0,0,0,0,0,0,0,0,0,0,3587.66,1434.87,3046.12,3280.43,895,185,0,0,0
Q9QY81_405_H4N6,0,0,0,0,0,0,0,0,0,0,0,0,0,0,0,0,0,0,0,0,0,0,0,0,0,0,0,0,0,0,0,0,0,0,0,0,0,0,0,4146.71,2440.2,2659.35,0,0,0,0,0,0
P35438_368_H3N2,0,0,0,0,0,0,0,0,0,0,0,0,0,0,0,0,0,0,0,0,0,0,0,0,0,0,0,0,0,0,0,0,0,0,0,0,0,0,0,144,335,974,0,0,0,0,0,0
P97300_196_H4N2F1,0,0,0,0,0,0,0,0,0,0,0,0,0,0,0,0,0,0,0,0,0,0,0,0,0,0,0,0,0,0,0,0,0,0,0,0,0,0,0,127,209,117,0,0,0,0,0,0
P97300_228_H5N5F1,0,0,0,0,0,0,0,0,0,0,0,0,0,0,0,0,0,0,0,0,0,0,0,0,0,0,0,0,0,0,0,0,0,0,0,0,0,0,0,381,189,194,0,0,0,0,0,0
P24668_84_H5N5F3,0,0,0,0,0,0,0,0,0,0,0,0,0,0,0,0,0,0,0,0,0,0,0,0,0,0,0,0,0,0,0,0,0,0,0,0,0,0,0,114,308,549,0,0,0,0,0,0
O35136_445_H4N4A1,0,0,0,0,0,0,0,0,0,0,0,0,0,0,0,0,0,0,0,0,0,0,0,0,0,0,0,0,0,0,0,0,0,0,0,0,0,0,0,370967,394844,188226,0,0,0,0,0,0
P12960_494_H8N2,0,0,0,0,0,0,0,0,0,0,0,0,0,0,0,0,0,0,0,0,0,0,0,0,0,0,0,0,0,0,0,0,0,0,0,0,0,0,0,353,81.9,288,0,0,0,0,0,0
P01831_42_H5N3F2,0,0,0,0,0,0,0,0,0,0,0,0,0,0,0,0,0,0,0,0,0,0,0,0,0,0,0,0,0,0,0,0,0,0,0,0,0,0,0,252,214,130,0,0,0,0,0,0
P43006_205_H7N6F3A3,0,0,0,0,0,0,0,0,0,0,0,0,0,0,0,0,0,0,0,0,0,0,0,0,0,0,0,0,0,0,0,0,0,0,0,0,0,0,0,4604.65,3011.12,2432.63,0,0,0,803,585,1036.96
Q63912_234_H3N3F1,0,0,0,0,0,0,0,0,0,0,0,0,0,0,0,0,0,0,0,0,0,0,0,0,0,0,0,0,0,0,0,0,0,0,0,0,0,0,0,124,60.6,158,0,0,0,0,0,0
Q8BG39_441_H6N6F3A1,0,0,0,0,0,0,0,0,0,0,0,0,0,0,0,0,0,0,0,0,0,0,0,0,0,0,0,0,0,0,0,0,0,0,0,0,0,0,0,573,1067,949,0,0,0,0,0,0
O08842_357_H4N4F2,0,0,0,0,0,0,0,0,0,0,0,0,0,0,0,0,0,0,0,0,0,0,0,0,0,0,0,0,0,0,0,0,0,0,0,0,0,0,0,240,340,314,0,0,0,0,0,0
Q8VDB2_426_H5N2,0,0,0,0,0,0,0,0,0,0,0,0,0,0,0,0,0,0,0,0,0,0,0,0,0,0,0,0,0,0,0,0,0,0,0,0,0,0,0,41.2,59.5,212,0,0,0,0,0,0
P10852_259_H5N4F4,0,0,0,0,0,0,0,0,0,0,0,0,0,0,0,0,0,0,0,0,0,0,0,0,0,0,0,0,0,0,0,0,0,0,0,0,0,0,0,314,390,1452.25,0,0,0,0,0,0
P10852_259_H6N5F2A2,0,0,0,0,0,0,0,0,0,0,0,0,0,0,0,0,0,0,0,0,0,0,0,0,0,0,0,0,0,0,0,0,0,0,0,0,0,0,0,482,148,175,0,0,0,0,0,0
Q14CH0_214_H4N5F2,0,0,0,0,0,0,0,0,0,0,0,0,0,0,0,0,0,0,0,0,0,0,0,0,0,0,0,0,0,0,0,0,0,0,0,0,0,0,0,541,198,484,96.2,311,135,0,0,0
Q91ZX7_1826_H8N2,0,0,0,0,0,0,0,0,0,0,0,0,0,0,0,0,0,0,0,0,0,0,0,0,0,0,0,0,0,0,0,0,0,0,0,0,0,0,0,286,300,202,0,0,0,0,0,0
Q8BG39_516_H7N7F3A2,0,0,0,0,0,0,0,0,0,0,0,0,0,0,0,0,0,0,0,0,0,0,0,0,0,0,0,0,0,0,0,0,0,0,0,0,0,0,0,698,1077.17,333,0,0,0,0,0,0
P43006_205_H5N5F2A2,0,0,0,0,0,0,0,0,0,0,0,0,0,0,0,0,0,0,0,0,0,0,0,0,0,0,0,0,0,0,0,0,0,0,0,0,0,0,0,878,467,599,0,0,0,0,0,0
P55144_181_H3N4F1,0,0,0,0,0,0,0,0,0,0,0,0,0,0,0,0,0,0,0,0,0,0,0,0,0,0,0,0,0,0,0,0,0,0,0,0,0,0,0,677,339,51.1,0,0,0,0,0,0
Q91ZX7_3954_H4N2F1,0,0,0,0,0,0,0,0,0,0,0,0,0,0,0,0,0,0,0,0,0,0,0,0,0,0,0,0,0,0,0,0,0,0,0,0,0,0,0,837,541,238,0,0,0,0,0,0
B9EKR1_497_H5N4F2A2,0,0,0,0,0,0,0,0,0,0,0,0,0,0,0,0,0,0,0,0,0,0,0,0,0,0,0,0,0,0,0,0,0,0,0,0,0,0,0,401,234,1743.95,0,0,0,0,0,0
P70232_476_H7N2,0,0,0,0,0,0,0,0,0,0,0,0,0,0,0,0,0,0,0,0,0,0,0,0,0,0,0,0,0,0,0,0,0,0,0,0,0,0,0,339,473,445,0,0,0,0,0,0
P11627_978_H8N2,0,0,0,0,0,0,0,0,0,0,0,0,0,0,0,0,0,0,0,0,0,0,0,0,0,0,0,0,0,0,0,0,0,0,0,0,0,0,0,124,184,94.6,0,0,0,0,0,0
P97797_302_H5N2,0,0,0,0,0,0,0,0,0,0,0,0,0,0,0,0,0,0,0,0,0,0,0,0,0,0,0,0,0,0,0,0,0,0,0,0,0,0,0,0,0,0,2070.86,3059.03,2239.37,0,0,0
O54991_844_H4N2,0,0,0,0,0,0,0,0,0,0,0,0,0,0,0,0,0,0,0,0,0,0,0,0,0,0,0,0,0,0,0,0,0,0,0,0,0,0,0,0,0,0,1161.34,1022.06,780,0,0,0
P22723_128_H4N6F2,0,0,0,0,0,0,0,0,0,0,0,0,0,0,0,0,0,0,0,0,0,0,0,0,0,0,0,0,0,0,0,0,0,0,0,0,0,0,0,0,0,0,2256.91,2144.59,1163,0,0,0
P56528_104_H5N2,0,0,0,0,0,0,0,0,0,0,0,0,0,0,0,0,0,0,0,0,0,0,0,0,0,0,0,0,0,0,0,0,0,0,0,0,0,0,0,0,0,0,614,1018.63,781,0,0,0
Q810U3_881_H6N4F1,0,0,0,0,0,0,0,0,0,0,0,0,0,0,0,0,0,0,0,0,0,0,0,0,0,0,0,0,0,0,0,0,0,0,0,0,0,0,0,0,0,0,685,490,341,0,0,0
Q9JHE3_663_H5N2,0,0,0,0,0,0,0,0,0,0,0,0,0,0,0,0,0,0,0,0,0,0,0,0,0,0,0,0,0,0,0,0,0,0,0,0,0,0,0,0,0,0,185,238,215,0,0,0
P09470_719_H6N2,0,0,0,0,0,0,0,0,0,0,0,0,0,0,0,0,0,0,0,0,0,0,0,0,0,0,0,0,0,0,0,0,0,0,0,0,0,0,0,0,0,0,299,1812.62,428,0,0,0
P15209_205_H4N4F1,0,0,0,0,0,0,0,0,0,0,0,0,0,0,0,0,0,0,0,0,0,0,0,0,0,0,0,0,0,0,0,0,0,0,0,0,0,0,0,0,0,0,1005.9,804,379,0,0,0
O35409_615_H5N2,0,0,0,0,0,0,0,0,0,0,0,0,0,0,0,0,0,0,0,0,0,0,0,0,0,0,0,0,0,0,0,0,0,0,0,0,0,0,0,0,0,0,621,945,237,0,0,0
P11627_978_H4N5F1A1,0,0,0,0,0,0,0,0,0,0,0,0,0,0,0,0,0,0,0,0,0,0,0,0,0,0,0,0,0,0,0,0,0,0,0,0,0,0,0,0,0,0,95.8,99.7,163,0,0,0
Q61885_59_H4N4F3,0,0,0,0,0,0,0,0,0,0,0,0,0,0,0,0,0,0,0,0,0,0,0,0,0,0,0,0,0,0,0,0,0,0,0,0,0,0,0,0,0,0,1144.78,1060.34,378,0,0,0
P21995_70_H8N2,0,0,0,0,0,0,0,0,0,0,0,0,0,0,0,0,0,0,0,0,0,0,0,0,0,0,0,0,0,0,0,0,0,0,0,0,0,0,0,0,0,0,192,206,214,0,0,0
Q922J6_139_H4N4F1,0,0,0,0,0,0,0,0,0,0,0,0,0,0,0,0,0,0,0,0,0,0,0,0,0,0,0,0,0,0,0,0,0,0,0,0,0,0,0,0,0,0,458,231,188,0,0,0
P14231_238_H5N4,0,0,0,0,0,0,0,0,0,0,0,0,0,0,0,0,0,0,0,0,0,0,0,0,0,0,0,0,0,0,0,0,0,0,0,0,0,0,0,0,0,0,354,303,558,0,0,0
Q61885_59_H5N4F1A2,0,0,0,0,0,0,0,0,0,0,0,0,0,0,0,0,0,0,0,0,0,0,0,0,0,0,0,0,0,0,0,0,0,0,0,0,0,0,0,0,0,0,63.8,2663.07,59.7,0,0,0
P14231_197_H5N8,0,0,0,0,0,0,0,0,0,0,0,0,0,0,0,0,0,0,0,0,0,0,0,0,0,0,0,0,0,0,0,0,0,0,0,0,0,0,0,0,0,0,1380.27,686,694,0,0,0
P43006_215_H6N7F3A1,0,0,0,0,0,0,0,0,0,0,0,0,0,0,0,0,0,0,0,0,0,0,0,0,0,0,0,0,0,0,0,0,0,0,0,0,0,0,0,0,0,0,86.4,278,181,0,0,0
Q8BLQ9_51_H4N6F1A1,0,0,0,0,0,0,0,0,0,0,0,0,0,0,0,0,0,0,0,0,0,0,0,0,0,0,0,0,0,0,0,0,0,0,0,0,0,0,0,0,0,0,315,295,623,0,0,0
O09117_72_H6N3F1A2,0,0,0,0,0,0,0,0,0,0,0,0,0,0,0,0,0,0,0,0,0,0,0,0,0,0,0,0,0,0,0,0,0,0,0,0,0,0,0,0,0,0,806,903,116,0,0,0
Q6X893_134_H7N2,0,0,0,0,0,0,0,0,0,0,0,0,0,0,0,0,0,0,0,0,0,0,0,0,0,0,0,0,0,0,0,0,0,0,0,0,0,0,0,0,0,0,83.6,176,81.7,0,0,0
Q6PE13_369_H4N5F1A2,0,0,0,0,0,0,0,0,0,0,0,0,0,0,0,0,0,0,0,0,0,0,0,0,0,0,0,0,0,0,0,0,0,0,0,0,0,0,0,0,0,0,163,308,467,0,0,0
Q64676_78_H7N2,0,0,0,0,0,0,0,0,0,0,0,0,0,0,0,0,0,0,0,0,0,0,0,0,0,0,0,0,0,0,0,0,0,0,0,0,0,0,0,0,0,0,470,501,227,0,0,0
Q9D387_102_H3N5F1,0,0,0,0,0,0,0,0,0,0,0,0,0,0,0,0,0,0,0,0,0,0,0,0,0,0,0,0,0,0,0,0,0,0,0,0,0,0,0,0,0,0,910,329,205.8,0,0,0
P20917_99_H7N2,0,0,0,0,0,0,0,0,0,0,0,0,0,0,0,0,0,0,0,0,0,0,0,0,0,0,0,0,0,0,0,0,0,0,0,0,0,0,0,0,0,0,304,214,456,0,0,0
Q810U3_752_H4N5F1A1,0,0,0,0,0,0,0,0,0,0,0,0,0,0,0,0,0,0,0,0,0,0,0,0,0,0,0,0,0,0,0,0,0,0,0,0,0,0,0,0,0,0,113,379,686,0,0,0
P11438_296_H6N6F1A2,0,0,0,0,0,0,0,0,0,0,0,0,0,0,0,0,0,0,0,0,0,0,0,0,0,0,0,0,0,0,0,0,0,0,0,0,0,0,0,0,0,0,2241.79,3799.38,1194.49,0,0,0
Q99N28_288_H5N3F2,0,0,0,0,0,0,0,0,0,0,0,0,0,0,0,0,0,0,0,0,0,0,0,0,0,0,0,0,0,0,0,0,0,0,0,0,0,0,0,0,0,0,484,392,228,0,0,0
P10852_259_H5N4F2,0,0,0,0,0,0,0,0,0,0,0,0,0,0,0,0,0,0,0,0,0,0,0,0,0,0,0,0,0,0,0,0,0,0,0,0,0,0,0,0,0,0,273,141,133,0,0,0
Q99JP7_523_H8N2,0,0,0,0,0,0,0,0,0,0,0,0,0,0,0,0,0,0,0,0,0,0,0,0,0,0,0,0,0,0,0,0,0,0,0,0,0,0,0,0,0,0,224,488,173,0,0,0
Q640R3_189_H6N3F1,0,0,0,0,0,0,0,0,0,0,0,0,0,0,0,0,0,0,0,0,0,0,0,0,0,0,0,0,0,0,0,0,0,0,0,0,0,0,0,0,0,0,1107.08,861,1359.86,0,0,0
O54991_805_H7N2,0,0,0,0,0,0,0,0,0,0,0,0,0,0,0,0,0,0,0,0,0,0,0,0,0,0,0,0,0,0,0,0,0,0,0,0,0,0,0,0,0,0,93.5,332,560,0,0,0
O54991_277_H6N2,0,0,0,0,0,0,0,0,0,0,0,0,0,0,0,0,0,0,0,0,0,0,0,0,0,0,0,0,0,0,0,0,0,0,0,0,0,0,0,0,0,0,106.9,68.6,634.5,0,0,0
P14231_220_H4N3F2,0,0,0,0,0,0,0,0,0,0,0,0,0,0,0,0,0,0,0,0,0,0,0,0,0,0,0,0,0,0,0,0,0,0,0,0,0,0,0,0,0,0,206,143,168,0,0,0
P13595_348_H3N5F2,0,0,0,0,0,0,0,0,0,0,0,0,0,0,0,0,0,0,0,0,0,0,0,0,0,0,0,0,0,0,0,0,0,0,0,0,0,0,0,0,0,0,583,603,416,0,0,0
Q9CPW0_436_H6N4F1,0,0,0,0,0,0,0,0,0,0,0,0,0,0,0,0,0,0,0,0,0,0,0,0,0,0,0,0,0,0,0,0,0,0,0,0,0,0,0,0,0,0,541,342,263,0,0,0
P43006_205_H6N6F1A3,0,0,0,0,0,0,0,0,0,0,0,0,0,0,0,0,0,0,0,0,0,0,0,0,0,0,0,0,0,0,0,0,0,0,0,0,0,0,0,0,0,0,226,322,112,0,0,0
Q8C145_68_H3N5F1,0,0,0,0,0,0,0,0,0,0,0,0,0,0,0,0,0,0,0,0,0,0,0,0,0,0,0,0,0,0,0,0,0,0,0,0,0,0,0,0,0,0,556,624,1077.58,0,0,0
P14094_158_H5N5F2A1,0,0,0,0,0,0,0,0,0,0,0,0,0,0,0,0,0,0,0,0,0,0,0,0,0,0,0,0,0,0,0,0,0,0,0,0,0,0,0,0,0,0,840,240,341,0,0,0
Q810U3_881_H4N4F1,0,0,0,0,0,0,0,0,0,0,0,0,0,0,0,0,0,0,0,0,0,0,0,0,0,0,0,0,0,0,0,0,0,0,0,0,0,0,0,0,0,0,1175.86,2490.99,1524.73,0,0,0
Q61292_1500_H3N5F1,0,0,0,0,0,0,0,0,0,0,0,0,0,0,0,0,0,0,0,0,0,0,0,0,0,0,0,0,0,0,0,0,0,0,0,0,0,0,0,0,0,0,1098.51,675,1207.21,0,0,0
Q9ER58_225_H4N5F2,0,0,0,0,0,0,0,0,0,0,0,0,0,0,0,0,0,0,0,0,0,0,0,0,0,0,0,0,0,0,0,0,0,0,0,0,0,0,0,0,0,0,80.9,68.1,61.2,0,0,0
Q640R3_189_H4N2,0,0,0,0,0,0,0,0,0,0,0,0,0,0,0,0,0,0,0,0,0,0,0,0,0,0,0,0,0,0,0,0,0,0,0,0,0,0,0,0,0,0,568,364,429,0,0,0
P50427_465_H6N2,0,0,0,0,0,0,0,0,0,0,0,0,0,0,0,0,0,0,0,0,0,0,0,0,0,0,0,0,0,0,0,0,0,0,0,0,0,0,0,0,0,0,145,134,178,0,0,0
Q9Z1M0_202_H7N2,0,0,0,0,0,0,0,0,0,0,0,0,0,0,0,0,0,0,0,0,0,0,0,0,0,0,0,0,0,0,0,0,0,0,0,0,0,0,0,0,0,0,488,368,512,0,0,0
Q9Z1M0_202_H6N2,0,0,0,0,0,0,0,0,0,0,0,0,0,0,0,0,0,0,0,0,0,0,0,0,0,0,0,0,0,0,0,0,0,0,0,0,0,0,0,0,0,0,66.4,183,121,0,0,0
P43006_205_H6N5F1A3,0,0,0,0,0,0,0,0,0,0,0,0,0,0,0,0,0,0,0,0,0,0,0,0,0,0,0,0,0,0,0,0,0,0,0,0,0,0,0,0,0,0,1090.28,429,380,0,0,0
Q63912_234_H5N3,0,0,0,0,0,0,0,0,0,0,0,0,0,0,0,0,0,0,0,0,0,0,0,0,0,0,0,0,0,0,0,0,0,0,0,0,0,0,0,0,0,0,249,194,248,0,0,0
Q810U3_1047_H4N2F1,0,0,0,0,0,0,0,0,0,0,0,0,0,0,0,0,0,0,0,0,0,0,0,0,0,0,0,0,0,0,0,0,0,0,0,0,0,0,0,0,0,0,102,83.3,135,0,0,0
Q8BLQ9_51_H4N6F2,0,0,0,0,0,0,0,0,0,0,0,0,0,0,0,0,0,0,0,0,0,0,0,0,0,0,0,0,0,0,0,0,0,0,0,0,0,0,0,0,0,0,117,202,319,0,0,0
O54991_1148_H4N2,0,0,0,0,0,0,0,0,0,0,0,0,0,0,0,0,0,0,0,0,0,0,0,0,0,0,0,0,0,0,0,0,0,0,0,0,0,0,0,0,0,0,68.2,49.2,604,0,0,0
P08113_62_H3N3F1,0,0,0,0,0,0,0,0,0,0,0,0,0,0,0,0,0,0,0,0,0,0,0,0,0,0,0,0,0,0,0,0,0,0,0,0,0,0,0,0,0,0,260,265,222,0,0,0
P14094_158_H3N4F2,0,0,0,0,0,0,0,0,0,0,0,0,0,0,0,0,0,0,0,0,0,0,0,0,0,0,0,0,0,0,0,0,0,0,0,0,0,0,0,0,0,0,31.3,35.9,1576.25,0,0,0
Q9WTR5_638_H6N3F1,0,0,0,0,0,0,0,0,0,0,0,0,0,0,0,0,0,0,0,0,0,0,0,0,0,0,0,0,0,0,0,0,0,0,0,0,0,0,0,0,0,0,179,124,181,0,0,0
P14094_158_H5N5F1A1,0,0,0,0,0,0,0,0,0,0,0,0,0,0,0,0,0,0,0,0,0,0,0,0,0,0,0,0,0,0,0,0,0,0,0,0,0,0,0,0,0,0,98.7,273,232,0,0,0
Q8C419_215_H5N5F3,0,0,0,0,0,0,0,0,0,0,0,0,0,0,0,0,0,0,0,0,0,0,0,0,0,0,0,0,0,0,0,0,0,0,0,0,0,0,0,0,0,0,69.1,139,52.5,0,0,0
O54991_764_H7N2,0,0,0,0,0,0,0,0,0,0,0,0,0,0,0,0,0,0,0,0,0,0,0,0,0,0,0,0,0,0,0,0,0,0,0,0,0,0,0,0,0,0,431,492,89.4,0,0,0
P97300_228_H4N4,0,0,0,0,0,0,0,0,0,0,0,0,0,0,0,0,0,0,0,0,0,0,0,0,0,0,0,0,0,0,0,0,0,0,0,0,0,0,0,0,0,0,285,319,232,0,0,0
Q9Z0L0_124_H7N2,0,0,0,0,0,0,0,0,0,0,0,0,0,0,0,0,0,0,0,0,0,0,0,0,0,0,0,0,0,0,0,0,0,0,0,0,0,0,0,0,0,0,293,301,269,0,0,0
Q9Z2W8_258_H8N2,0,0,0,0,0,0,0,0,0,0,0,0,0,0,0,0,0,0,0,0,0,0,0,0,0,0,0,0,0,0,0,0,0,0,0,0,0,0,0,0,0,0,389,422,468,0,0,0
P70211_478_H5N2,0,0,0,0,0,0,0,0,0,0,0,0,0,0,0,0,0,0,0,0,0,0,0,0,0,0,0,0,0,0,0,0,0,0,0,0,0,0,0,0,0,0,42.9,26.2,11.8,0,0,0
P97300_283_H9N2,0,0,0,0,0,0,0,0,0,0,0,0,0,0,0,0,0,0,0,0,0,0,0,0,0,0,0,0,0,0,0,0,0,0,0,0,0,0,0,0,0,0,239,210,285,0,0,0
Q9WTR5_530_H3N5F1,0,0,0,0,0,0,0,0,0,0,0,0,0,0,0,0,0,0,0,0,0,0,0,0,0,0,0,0,0,0,0,0,0,0,0,0,0,0,0,0,0,0,105,141,109,0,0,0
P14231_153_H4N2,0,0,0,0,0,0,0,0,0,0,0,0,0,0,0,0,0,0,0,0,0,0,0,0,0,0,0,0,0,0,0,0,0,0,0,0,0,0,0,0,0,0,396,415,710,0,0,0
Q9CPW0_436_H6N2,0,0,0,0,0,0,0,0,0,0,0,0,0,0,0,0,0,0,0,0,0,0,0,0,0,0,0,0,0,0,0,0,0,0,0,0,0,0,0,0,0,0,583,730,938,0,0,0
P97300_228_H4N3,0,0,0,0,0,0,0,0,0,0,0,0,0,0,0,0,0,0,0,0,0,0,0,0,0,0,0,0,0,0,0,0,0,0,0,0,0,0,0,0,0,0,179,264,261,0,0,0
Q640R3_189_H6N4F1,0,0,0,0,0,0,0,0,0,0,0,0,0,0,0,0,0,0,0,0,0,0,0,0,0,0,0,0,0,0,0,0,0,0,0,0,0,0,0,0,0,0,1865.52,880,603,0,0,0
P29533_225_H3N5F1,0,0,0,0,0,0,0,0,0,0,0,0,0,0,0,0,0,0,0,0,0,0,0,0,0,0,0,0,0,0,0,0,0,0,0,0,0,0,0,0,0,0,390,643,277,0,0,0
P97300_228_H5N6F1A1,0,0,0,0,0,0,0,0,0,0,0,0,0,0,0,0,0,0,0,0,0,0,0,0,0,0,0,0,0,0,0,0,0,0,0,0,0,0,0,0,0,0,460,593,637,0,0,0
P10852_166_H5N5F3,0,0,0,0,0,0,0,0,0,0,0,0,0,0,0,0,0,0,0,0,0,0,0,0,0,0,0,0,0,0,0,0,0,0,0,0,0,0,0,0,0,0,303,92.6,121,0,0,0
P19137_2026_H3N5,0,0,0,0,0,0,0,0,0,0,0,0,0,0,0,0,0,0,0,0,0,0,0,0,0,0,0,0,0,0,0,0,0,0,0,0,0,0,0,0,0,0,287,193,267,0,0,0
P43006_205_H6N7F1A2,0,0,0,0,0,0,0,0,0,0,0,0,0,0,0,0,0,0,0,0,0,0,0,0,0,0,0,0,0,0,0,0,0,0,0,0,0,0,0,0,0,0,1153.86,213,139,0,0,0
P13595_450_H3N5F1,0,0,0,0,0,0,0,0,0,0,0,0,0,0,0,0,0,0,0,0,0,0,0,0,0,0,0,0,0,0,0,0,0,0,0,0,0,0,0,0,0,0,342,388,285,0,0,0
P43406_869_H6N5F4,0,0,0,0,0,0,0,0,0,0,0,0,0,0,0,0,0,0,0,0,0,0,0,0,0,0,0,0,0,0,0,0,0,0,0,0,0,0,0,0,0,0,244,321,139,0,0,0
Q08857_220_H9N2,0,0,0,0,0,0,0,0,0,0,0,0,0,0,0,0,0,0,0,0,0,0,0,0,0,0,0,0,0,0,0,0,0,0,0,0,0,0,0,0,0,0,610,1025.56,326,0,0,0
Q640R3_189_H4N5F1,0,0,0,0,0,0,0,0,0,0,0,0,0,0,0,0,0,0,0,0,0,0,0,0,0,0,0,0,0,0,0,0,0,0,0,0,0,0,0,0,0,0,1935.6,1327.84,551,0,0,0
Q640R3_189_H4N5F1A1,0,0,0,0,0,0,0,0,0,0,0,0,0,0,0,0,0,0,0,0,0,0,0,0,0,0,0,0,0,0,0,0,0,0,0,0,0,0,0,0,0,0,1794.67,726,958,0,0,0
Q9D387_127_H5N3F2,0,0,0,0,0,0,0,0,0,0,0,0,0,0,0,0,0,0,0,0,0,0,0,0,0,0,0,0,0,0,0,0,0,0,0,0,0,0,0,0,0,0,342,181,215,0,0,0
Q9D387_127_H4N5F2,0,0,0,0,0,0,0,0,0,0,0,0,0,0,0,0,0,0,0,0,0,0,0,0,0,0,0,0,0,0,0,0,0,0,0,0,0,0,0,0,0,0,787,248,190,0,0,0
Q9D387_127_H6N6F3A1,0,0,0,0,0,0,0,0,0,0,0,0,0,0,0,0,0,0,0,0,0,0,0,0,0,0,0,0,0,0,0,0,0,0,0,0,0,0,0,0,0,0,1223.22,408,209,0,0,0
Q9D387_127_H5N6F2A1,0,0,0,0,0,0,0,0,0,0,0,0,0,0,0,0,0,0,0,0,0,0,0,0,0,0,0,0,0,0,0,0,0,0,0,0,0,0,0,0,0,0,922,391,200,0,0,0
O09117_72_H4N2F1,0,0,0,0,0,0,0,0,0,0,0,0,0,0,0,0,0,0,0,0,0,0,0,0,0,0,0,0,0,0,0,0,0,0,0,0,0,0,0,0,0,0,1503.52,434,273,0,0,0
O35598_279_H6N2,0,0,0,0,0,0,0,0,0,0,0,0,0,0,0,0,0,0,0,0,0,0,0,0,0,0,0,0,0,0,0,0,0,0,0,0,0,0,0,0,0,0,16.2,30.8,1576.25,0,0,0
P17047_115_H4N2,0,0,0,0,0,0,0,0,0,0,0,0,0,0,0,0,0,0,0,0,0,0,0,0,0,0,0,0,0,0,0,0,0,0,0,0,0,0,0,0,0,0,291,434,211,0,0,0
Q3TCN2_93_H6N2,0,0,0,0,0,0,0,0,0,0,0,0,0,0,0,0,0,0,0,0,0,0,0,0,0,0,0,0,0,0,0,0,0,0,0,0,0,0,0,0,0,0,303,85.9,142,0,0,0
Q8VEK0_297_H6N3F1,0,0,0,0,0,0,0,0,0,0,0,0,0,0,0,0,0,0,0,0,0,0,0,0,0,0,0,0,0,0,0,0,0,0,0,0,0,0,0,0,0,0,150,70.5,176,0,0,0
P14231_220_H3N4F1,0,0,0,0,0,0,0,0,0,0,0,0,0,0,0,0,0,0,0,0,0,0,0,0,0,0,0,0,0,0,0,0,0,0,0,0,0,0,0,0,0,0,350,348,171,0,0,0
P14231_220_H3N3F1,0,0,0,0,0,0,0,0,0,0,0,0,0,0,0,0,0,0,0,0,0,0,0,0,0,0,0,0,0,0,0,0,0,0,0,0,0,0,0,0,0,0,5279.15,97.6,101,0,0,0
O54991_764_H9N2,0,0,0,0,0,0,0,0,0,0,0,0,0,0,0,0,0,0,0,0,0,0,0,0,0,0,0,0,0,0,0,0,0,0,0,0,0,0,0,0,0,0,148,181,167,0,0,0
Q9JI59_186_H5N2,0,0,0,0,0,0,0,0,0,0,0,0,0,0,0,0,0,0,0,0,0,0,0,0,0,0,0,0,0,0,0,0,0,0,0,0,0,0,0,0,0,0,524,132,154,0,0,0
Q640R3_189_H8N2,0,0,0,0,0,0,0,0,0,0,0,0,0,0,0,0,0,0,0,0,0,0,0,0,0,0,0,0,0,0,0,0,0,0,0,0,0,0,0,0,0,0,349,330,499,0,0,0
Q9CPW0_436_H3N6,0,0,0,0,0,0,0,0,0,0,0,0,0,0,0,0,0,0,0,0,0,0,0,0,0,0,0,0,0,0,0,0,0,0,0,0,0,0,0,0,0,0,734,350,294,0,0,0
Q8R464_262_H3N5F1,0,0,0,0,0,0,0,0,0,0,0,0,0,0,0,0,0,0,0,0,0,0,0,0,0,0,0,0,0,0,0,0,0,0,0,0,0,0,0,0,0,0,1906.29,1266.32,1661.25,0,0,0
Q61330_500_H3N4F1,0,0,0,0,0,0,0,0,0,0,0,0,0,0,0,0,0,0,0,0,0,0,0,0,0,0,0,0,0,0,0,0,0,0,0,0,0,0,0,0,0,0,596,400,334,0,0,0
Q91ZX7_3090_H4N4F1A1,0,0,0,0,0,0,0,0,0,0,0,0,0,0,0,0,0,0,0,0,0,0,0,0,0,0,0,0,0,0,0,0,0,0,0,0,0,0,0,0,0,0,155,348,171,0,0,0
Q63912_234_H6N4F2,0,0,0,0,0,0,0,0,0,0,0,0,0,0,0,0,0,0,0,0,0,0,0,0,0,0,0,0,0,0,0,0,0,0,0,0,0,0,0,0,0,0,106,647,109,0,0,0
Q61885_59_H6N4F2,0,0,0,0,0,0,0,0,0,0,0,0,0,0,0,0,0,0,0,0,0,0,0,0,0,0,0,0,0,0,0,0,0,0,0,0,0,0,0,0,0,0,381,554,372,0,0,0
Q63912_234_H5N2F1,0,0,0,0,0,0,0,0,0,0,0,0,0,0,0,0,0,0,0,0,0,0,0,0,0,0,0,0,0,0,0,0,0,0,0,0,0,0,0,0,0,0,290,268,209,0,0,0
P62812_37_H4N2,0,0,0,0,0,0,0,0,0,0,0,0,0,0,0,0,0,0,0,0,0,0,0,0,0,0,0,0,0,0,0,0,0,0,0,0,0,0,0,0,0,0,1040.4,872,444,0,0,0
A2A8L5_721_H3N5F1,0,0,0,0,0,0,0,0,0,0,0,0,0,0,0,0,0,0,0,0,0,0,0,0,0,0,0,0,0,0,0,0,0,0,0,0,0,0,0,0,0,0,295,282,121,0,0,0
Q61330_942_H6N4,0,0,0,0,0,0,0,0,0,0,0,0,0,0,0,0,0,0,0,0,0,0,0,0,0,0,0,0,0,0,0,0,0,0,0,0,0,0,0,0,0,0,123,300,269,0,0,0
P11609_60_H5N2,0,0,0,0,0,0,0,0,0,0,0,0,0,0,0,0,0,0,0,0,0,0,0,0,0,0,0,0,0,0,0,0,0,0,0,0,0,0,0,0,0,0,206,104,262,0,0,0
Q61885_59_H5N4F1A3,0,0,0,0,0,0,0,0,0,0,0,0,0,0,0,0,0,0,0,0,0,0,0,0,0,0,0,0,0,0,0,0,0,0,0,0,0,0,0,0,0,0,386,461,331,0,0,0
P19137_1763_H3N4,0,0,0,0,0,0,0,0,0,0,0,0,0,0,0,0,0,0,0,0,0,0,0,0,0,0,0,0,0,0,0,0,0,0,0,0,0,0,0,0,0,0,95.3,130,150,0,0,0
P43006_215_H3N6,0,0,0,0,0,0,0,0,0,0,0,0,0,0,0,0,0,0,0,0,0,0,0,0,0,0,0,0,0,0,0,0,0,0,0,0,0,0,0,0,0,0,257,97.5,229,0,0,0
Q8BGT0_234_H6N3A1,0,0,0,0,0,0,0,0,0,0,0,0,0,0,0,0,0,0,0,0,0,0,0,0,0,0,0,0,0,0,0,0,0,0,0,0,0,0,0,0,0,0,103,114,268,0,0,0
O54991_1148_H7N2,0,0,0,0,0,0,0,0,0,0,0,0,0,0,0,0,0,0,0,0,0,0,0,0,0,0,0,0,0,0,0,0,0,0,0,0,0,0,0,0,0,0,271,117,158,0,0,0
Q9Z218_410_H4N4A1,0,0,0,0,0,0,0,0,0,0,0,0,0,0,0,0,0,0,0,0,0,0,0,0,0,0,0,0,0,0,0,0,0,0,0,0,0,0,0,0,0,0,54.8,83.1,91.2,0,0,0
O54991_277_H4N2,0,0,0,0,0,0,0,0,0,0,0,0,0,0,0,0,0,0,0,0,0,0,0,0,0,0,0,0,0,0,0,0,0,0,0,0,0,0,0,0,0,0,43.3,42.2,95.7,0,0,0
Q62470_574_H9N2,0,0,0,0,0,0,0,0,0,0,0,0,0,0,0,0,0,0,0,0,0,0,0,0,0,0,0,0,0,0,0,0,0,0,0,0,0,0,0,0,0,0,317,199,328,0,0,0
Q810U3_752_H5N4F1,0,0,0,0,0,0,0,0,0,0,0,0,0,0,0,0,0,0,0,0,0,0,0,0,0,0,0,0,0,0,0,0,0,0,0,0,0,0,0,0,0,0,337,183,121,0,0,0
Q8BLQ9_211_H5N4F4,0,0,0,0,0,0,0,0,0,0,0,0,0,0,0,0,0,0,0,0,0,0,0,0,0,0,0,0,0,0,0,0,0,0,0,0,0,0,0,0,0,0,193,531,216,0,0,0
O88531_197_H5N2F1,0,0,0,0,0,0,0,0,0,0,0,0,0,0,0,0,0,0,0,0,0,0,0,0,0,0,0,0,0,0,0,0,0,0,0,0,0,0,0,0,0,0,142,191,120,0,0,0
P10852_259_H4N3F2,0,0,0,0,0,0,0,0,0,0,0,0,0,0,0,0,0,0,0,0,0,0,0,0,0,0,0,0,0,0,0,0,0,0,0,0,0,0,0,0,0,0,315,197,328,0,0,0
P14231_220_H9N2,0,0,0,0,0,0,0,0,0,0,0,0,0,0,0,0,0,0,0,0,0,0,0,0,0,0,0,0,0,0,0,0,0,0,0,0,0,0,0,0,0,0,229.8,200.2,1743.25,0,0,0
P14231_220_H5N4,0,0,0,0,0,0,0,0,0,0,0,0,0,0,0,0,0,0,0,0,0,0,0,0,0,0,0,0,0,0,0,0,0,0,0,0,0,0,0,0,0,0,61,61.1,111,0,0,0
P14231_220_H3N5F1,0,0,0,0,0,0,0,0,0,0,0,0,0,0,0,0,0,0,0,0,0,0,0,0,0,0,0,0,0,0,0,0,0,0,0,0,0,0,0,0,0,0,739,666,1325.18,0,0,0
O35114_412_H7N2,0,0,0,0,0,0,0,0,0,0,0,0,0,0,0,0,0,0,0,0,0,0,0,0,0,0,0,0,0,0,0,0,0,0,0,0,0,0,0,0,0,0,49.3,35.2,95.7,0,0,0
Q3TDQ1_613_H10N2,0,0,0,0,0,0,0,0,0,0,0,0,0,0,0,0,0,0,0,0,0,0,0,0,0,0,0,0,0,0,0,0,0,0,0,0,0,0,0,0,0,0,34.6,22.5,114,0,0,0
Q3TDQ1_613_H8N2,0,0,0,0,0,0,0,0,0,0,0,0,0,0,0,0,0,0,0,0,0,0,0,0,0,0,0,0,0,0,0,0,0,0,0,0,0,0,0,0,0,0,142,57.2,666,0,0,0
Q99N28_288_H6N6F3A2,0,0,0,0,0,0,0,0,0,0,0,0,0,0,0,0,0,0,0,0,0,0,0,0,0,0,0,0,0,0,0,0,0,0,0,0,0,0,0,0,0,0,64.7,38.3,48.5,0,0,0
P13595_450_H4N4F1A1,0,0,0,0,0,0,0,0,0,0,0,0,0,0,0,0,0,0,0,0,0,0,0,0,0,0,0,0,0,0,0,0,0,0,0,0,0,0,0,0,0,0,170,171,63.6,0,0,0
Q8BFW6_81_H5N2,0,0,0,0,0,0,0,0,0,0,0,0,0,0,0,0,0,0,0,0,0,0,0,0,0,0,0,0,0,0,0,0,0,0,0,0,0,0,0,0,0,0,0,0,0,1171,1987.09,1495.91
P11627_978_H4N4A1,0,0,0,0,0,0,0,0,0,0,0,0,0,0,0,0,0,0,0,0,0,0,0,0,0,0,0,0,0,0,0,0,0,0,0,0,0,0,0,0,0,0,0,0,0,225,1714.42,4368.89
Q61885_59_H4N5A2,0,0,0,0,0,0,0,0,0,0,0,0,0,0,0,0,0,0,0,0,0,0,0,0,0,0,0,0,0,0,0,0,0,0,0,0,0,0,0,0,0,0,0,0,0,4035.01,5837.75,12440
Q91ZX7_3049_H4N5F2,0,0,0,0,0,0,0,0,0,0,0,0,0,0,0,0,0,0,0,0,0,0,0,0,0,0,0,0,0,0,0,0,0,0,0,0,0,0,0,0,0,0,0,0,0,1250.32,1006.89,2812.69
Q6PHU5_404_H6N2,0,0,0,0,0,0,0,0,0,0,0,0,0,0,0,0,0,0,0,0,0,0,0,0,0,0,0,0,0,0,0,0,0,0,0,0,0,0,0,0,0,0,0,0,0,124,294,2353.86
Q8VCF0_377_H7N2,0,0,0,0,0,0,0,0,0,0,0,0,0,0,0,0,0,0,0,0,0,0,0,0,0,0,0,0,0,0,0,0,0,0,0,0,0,0,0,0,0,0,0,0,0,768,4034.75,2904.81
Q9Z247_174_H3N6,0,0,0,0,0,0,0,0,0,0,0,0,0,0,0,0,0,0,0,0,0,0,0,0,0,0,0,0,0,0,0,0,0,0,0,0,0,0,0,0,0,0,0,0,0,2510.75,2627.48,12266.8
P14094_158_H5N4F3,0,0,0,0,0,0,0,0,0,0,0,0,0,0,0,0,0,0,0,0,0,0,0,0,0,0,0,0,0,0,0,0,0,0,0,0,0,0,0,0,0,0,0,0,0,111,1358.7,2790.64
Q8K0B2_75_H5N2,0,0,0,0,0,0,0,0,0,0,0,0,0,0,0,0,0,0,0,0,0,0,0,0,0,0,0,0,0,0,0,0,0,0,0,0,0,0,0,0,0,0,0,0,0,618,421,782
Q640R3_189_H3N2F1,0,0,0,0,0,0,0,0,0,0,0,0,0,0,0,0,0,0,0,0,0,0,0,0,0,0,0,0,0,0,0,0,0,0,0,0,0,0,0,0,0,0,0,0,0,245,349,834
