ID,Mock_1,Mock_2,Mock_3,Kif_1,Kif_2,Kif_3,WT_1,WT_2,WT_3,slmnsI1_1,slmnsI1_2,slmnsI1_3
A0A3Q7ENN1_59_H8N2,5.87256e-06,6.25183e-07,5.00415e-07,0.000102504,8.82485e-05,9.9224e-05,0.000240652,2.11102e-06,1.5638e-06,9.39021e-05,3.73024e-06,3.46401e-06
A0A3Q7HIP9_1288_H7N2,0.000458789,0.000492667,0.000458666,4.64048e-05,9.75788e-05,8.1643e-05,0.000636775,6.03644e-06,1.12214e-05,0.00117961,9.00774e-06,1.8086e-05
A0A3Q7HIP9_1288_H3N4F1Pen1,0.00102744,0.0010943,0.000731357,0.000232531,0.000167601,0.000193577,0.000276167,4.26304e-06,3.17125e-06,1.98769e-05,4.54394e-07,1.20967e-05
A0A3Q7GIY8_339_H8N2,7.01568e-07,3.49121e-06,3.55784e-06,1.63672e-07,2.55413e-07,1.72063e-07,0,0,1.34201e-08,0,0,0
A0A3Q7GS13_95_H3N2F1Pen1,4.93663e-06,2.05262e-06,5.05974e-06,2.39813e-06,2.93857e-06,1.85572e-07,2.42477e-05,3.92712e-07,7.76167e-07,3.69247e-06,1.16005e-07,1.10572e-07
A0A3Q7GZ38_591_H3N4F1Pen1,1.1256e-06,4.25519e-07,7.90431e-07,6.65578e-08,9.72468e-08,9.24227e-08,0,0,3.06022e-07,0,1.9256e-07,3.59425e-07
A0A3Q7EQQ1_250_H3N3F1Pen1,9.86103e-06,5.55869e-06,9.71503e-06,9.65728e-07,7.50272e-07,1.21583e-06,2.21797e-06,1.93172e-08,0,0,1.23998e-07,0
A0A3Q7EQQ1_250_H3N2F1Pen1,1.95415e-05,1.33371e-05,1.41284e-05,2.47366e-08,9.20133e-07,8.96517e-07,0.000130502,1.00459e-06,2.92848e-06,2.794e-06,0,3.98822e-07
A0A3Q7J6S3_143_H9N2,2.62413e-06,2.86009e-06,1.37304e-05,9.01056e-06,7.47339e-06,7.99766e-06,6.78526e-05,5.84801e-06,6.25419e-06,3.52029e-05,3.01104e-07,1.38776e-06
A0A3Q7J6S3_143_H8N2,5.36539e-06,3.08404e-06,2.77656e-06,1.72344e-06,2.3671e-06,7.34928e-07,1.15607e-05,4.39723e-06,2.25746e-06,1.3408e-05,7.33751e-07,4.06537e-07
A0A3Q7GAX3_325_H5N2,2.97281e-07,4.14685e-08,5.96677e-07,1.30375e-07,5.54639e-08,0,0,0,9.44741e-09,0,2.57201e-07,1.40216e-07
A0A3Q7I2J6_191_H3N4F1Pen1,5.07888e-06,3.75294e-06,4.78828e-06,1.39086e-08,4.00942e-07,7.98577e-08,4.25878e-06,3.33922e-07,2.25505e-07,2.73268e-06,1.61349e-07,1.04821e-07
A0A3Q7JBK4_96_H9N2,3.41315e-05,2.63859e-05,2.50919e-05,1.88801e-05,2.59439e-05,2.01332e-05,4.79809e-05,1.25054e-07,4.7903e-07,3.16374e-05,1.02234e-07,6.34331e-07
A0A3Q7G9W0_469_H7N2,2.13597e-06,1.73304e-06,1.49975e-06,1.90076e-07,0,0,0,0,3.07823e-08,0,4.11839e-08,0
A0A3Q7JEG4_36_H3N3F1Pen1,8.30852e-06,6.50216e-06,6.11898e-06,9.2521e-07,4.0467e-06,4.37776e-06,7.6933e-06,0,0,2.93623e-06,5.82935e-08,0
A0A3Q7JEG4_36_H3N4F1Pen1,6.50943e-06,9.55423e-06,4.99441e-06,1.6291e-05,1.16904e-05,2.62231e-05,4.32587e-06,6.28319e-09,1.10696e-07,0.000203052,1.36941e-06,1.45031e-06
D2CV80_32_H3N2F1Pen1,1.74465e-05,1.25252e-05,2.74165e-05,0,5.11806e-07,0,4.20752e-06,0,0,0,0,0
A0A3Q7ELM2_43_H7N2,2.12027e-05,1.23008e-05,1.82388e-05,0,0,0,1.58218e-06,3.26758e-07,1.07502e-06,2.25128e-07,2.1568e-07,2.4054e-07
A0A3Q7ELM2_43_H6N2,2.42651e-06,1.079e-06,1.73614e-06,0,1.61996e-07,0,0,0,0,0,0,0
A0A3Q7HRW5_74_H2N4F3,0.000103993,0.000117343,0.000126445,1.33963e-05,1.5504e-05,2.18317e-05,3.13544e-06,7.89881e-06,6.86404e-06,9.77486e-07,2.11256e-07,3.09487e-07
A0A3Q7HIP9_1288_H5N3F1Pen1,0.000326992,0.000190268,0.000203322,0.000138532,9.33662e-05,0.000208099,7.8433e-06,1.41369e-06,0,2.30981e-06,8.62778e-07,1.34436e-06
A0A3Q7HIP9_1288_H8N2,0.000150848,0.000147634,0.000162477,0.000605025,0.000608586,0.000959479,2.4888e-05,1.45551e-05,3.9228e-06,0.000185228,2.60104e-07,7.7258e-09
A0A3Q7G077_492_H8N2,6.93973e-07,2.1102e-07,6.84124e-09,1.68522e-05,1.69027e-05,2.16231e-05,2.56639e-07,3.20466e-08,6.06338e-08,0.000434964,1.03465e-05,1.1912e-05
A0A3Q7G077_492_H6N2,0.000329758,0.00023619,0.000291801,6.55792e-05,4.97236e-05,5.77298e-05,7.11545e-05,8.66046e-07,1.32282e-06,1.01274e-05,9.28699e-08,2.51825e-07
A0A3Q7FKT4_126_H3N2F1Pen1,0.000397212,0.000441924,0.000533586,3.27152e-05,4.97306e-05,4.02882e-05,0,9.18049e-07,7.80066e-08,6.13476e-05,1.61567e-07,1.00378e-06
A0A3Q7HIP9_1288_H6N2,8.32334e-06,7.48582e-06,7.81745e-06,1.90376e-06,3.44568e-06,1.73325e-06,2.00886e-06,1.18289e-06,1.34698e-06,3.91075e-06,2.34555e-06,8.82794e-07
A0A3Q7IFT3_103_H3N2F1Pen1,4.48091e-06,0,1.31261e-05,0,0,0,0,0,0,0,0,0
A0A3Q7G077_492_H5N2,1.26824e-06,0,2.40562e-06,9.96533e-07,0,0,9.07759e-06,0,0,0,0,1.60584e-07
A0A3Q7HIP9_1288_H4N3F1Pen1,1.40449e-05,1.05079e-05,1.09153e-05,7.98264e-07,1.09901e-05,1.69312e-06,0.000122564,4.76524e-07,5.03937e-06,6.9092e-06,2.35859e-07,8.77331e-07
A0A3Q7HI26_482_H8N2,0.000202989,0.000198039,0.000158536,0.000393973,0.000480742,0.000584092,0.000131938,1.57011e-05,5.72741e-06,0.000235974,7.80946e-05,8.60073e-05
A0A3Q7HIP9_1288_H3N3F1Pen1,1.87835e-05,1.77819e-05,1.51576e-05,0,1.04493e-06,0,1.85564e-05,7.68916e-07,0,3.33476e-05,0,8.99544e-07
A0A3Q7HIP9_1288_H4N4Pen1,0.00013301,0.000100451,8.35025e-05,1.77562e-06,1.85546e-06,3.32786e-05,7.24567e-06,1.05843e-06,1.3569e-06,6.32328e-07,3.03112e-07,7.69931e-07
A0A3Q7HI26_482_H7N2,0.000584052,0.000354444,0.000362376,6.94983e-05,7.39164e-05,4.10612e-05,0.000659652,1.40578e-05,1.97266e-05,0.00127487,2.40751e-05,2.5673e-05
A0A3Q7HIP9_1288_H4N3Pen1,1.23894e-05,1.34544e-05,1.21021e-05,2.50603e-06,2.64083e-07,1.3226e-07,6.26477e-05,0,0,7.91919e-07,1.59474e-07,0
A0A3Q7HIP9_1288_H3N4Pen1,0.000486692,0.000392088,0.000377931,3.62014e-05,3.57433e-05,4.08926e-05,0.000776508,5.56385e-05,4.39552e-05,1.06536e-05,3.93261e-07,7.83917e-07
A0A3Q7HSK0_102_H7N2,5.95521e-05,6.79376e-05,1.83022e-05,5.37258e-07,2.60621e-07,2.11029e-07,1.66998e-05,2.66453e-05,9.61135e-06,0,5.8542e-07,4.26121e-07
A0A3Q7HIP9_1288_H3N4F1,0.00086828,0.000653175,0.000675106,2.39121e-05,1.40546e-05,1.82434e-05,4.94521e-05,1.43135e-06,2.25607e-07,5.80912e-05,2.96327e-07,0
A0A3Q7GDK8_733_H3N2F1Pen1,0.000118688,0.000110643,0.000184295,0,1.63125e-08,0,1.65977e-05,1.31709e-05,1.2617e-05,0,1.44767e-06,2.25436e-07
A0A3Q7HIP9_1288_H3N3Pen1,3.95802e-05,4.43939e-05,4.62037e-05,5.45921e-07,0,0,0.000995876,4.31615e-05,2.77657e-05,7.39622e-06,0,6.87167e-07
A0A3Q7GHC2_108_H3N4F1Pen1,8.57888e-06,5.34872e-06,3.41282e-06,1.35101e-06,2.80334e-06,4.64027e-07,4.76064e-06,2.61777e-06,6.95153e-07,0,5.00383e-07,1.34796e-05
A0A3Q7HIP9_1288_H3N3,3.86156e-06,6.39379e-06,4.9214e-06,1.26698e-05,1.33326e-05,2.10215e-05,5.2863e-07,4.85232e-07,0,0,7.48501e-07,1.36496e-07
O04678_175_H3N2Pen1,4.40604e-05,1.88998e-05,6.17375e-05,9.5919e-06,5.1423e-06,2.16818e-06,1.479e-06,1.37947e-06,2.02972e-06,0,0,8.41021e-07
A0A3Q7HIP9_1288_H3N4,1.59242e-05,4.70799e-05,5.36933e-05,2.18361e-05,4.61775e-06,9.82784e-05,6.82843e-06,1.12461e-07,1.19952e-07,1.96926e-07,5.10253e-06,8.53179e-07
A0A3Q7H7N4_144_H3N2F1Pen1,2.94709e-06,1.50895e-06,3.44815e-06,0,1.61791e-06,0,0,0,0,7.61301e-07,1.32925e-07,2.79096e-07
A0A3Q7HI26_482_H6N2,2.52622e-06,2.99495e-06,9.28631e-07,3.87893e-07,2.03271e-06,7.73293e-07,5.26864e-07,1.07598e-07,3.12914e-07,2.77861e-06,6.48263e-07,2.88824e-07
A0A3Q7H8G6_363_H3N2F1Pen1,4.76777e-06,4.4549e-06,6.98918e-06,6.78235e-07,0,1.3177e-06,0,0,0,0,0,6.15605e-08
A0A3Q7HSK0_102_H6N2,0.000155656,0.000136173,0.00012954,8.81809e-06,1.1451e-05,1.10315e-05,0.000101491,2.76796e-05,9.45089e-06,5.67058e-05,0.000163924,3.4186e-05
O04678_175_H3N4F1Pen1,7.57375e-06,3.51318e-06,3.02818e-06,2.79882e-05,2.63448e-05,2.95303e-05,0,4.67933e-06,0,6.55255e-06,1.81831e-07,2.03423e-07
O04678_175_H3N2F1Pen1,0.000890524,0.000650195,0.0010456,2.43204e-05,8.07015e-06,2.99726e-05,2.26617e-05,3.89807e-05,4.34441e-06,4.75594e-05,1.41738e-05,4.37246e-06
O04678_175_H3N3F1Pen1,3.45976e-06,1.93671e-06,2.51996e-06,0,0,0,2.14155e-06,4.5247e-06,0,0,2.59716e-06,2.28469e-06
A0A3Q7FW21_746_H3N4F1Pen1,1.96647e-06,0,0,0,0,0,2.85779e-06,9.11778e-07,0,9.89418e-06,0,4.81414e-06
A0A3Q7HSK0_102_H5N2,3.96016e-06,0,3.22803e-06,0,2.2609e-07,0,2.76756e-05,0,1.45682e-06,6.16019e-05,3.82552e-06,7.28882e-06
A0A3Q7HI26_482_H3N4F1Pen1,0.000634381,0.000536664,0.000453103,0.000112322,0.000118733,0.000136105,0.000423061,2.18327e-05,2.67449e-06,8.0098e-05,2.99496e-06,3.27005e-06
A0A3Q7HI26_482_H3N4Pen1,0.000251165,0.000185612,0.000184502,3.14023e-05,2.70222e-05,1.01332e-05,0.000759322,1.68947e-05,2.39975e-05,2.65152e-05,3.14578e-05,2.76851e-05
A0A3Q7GK63_405_H5N4F3Pen1,5.00709e-06,1.87746e-06,0,7.88781e-07,0,3.94212e-07,4.42953e-05,2.32487e-06,1.24637e-06,1.20156e-05,1.41009e-06,0
A0A3Q7FW21_746_H3N2F1Pen1,1.0696e-06,0,7.89998e-06,0,0,0,1.44318e-05,1.90039e-05,1.49562e-05,1.50179e-05,2.50721e-05,4.08297e-05
A0A3Q7G7T0_528_H5N4F2Pen2,0.0122918,0.0141327,0.0108071,0.00314276,0.00303589,0.00364667,0.0019193,0.00253509,0.00142452,4.88646e-05,0.00010536,9.36381e-05
A0A3Q7HI26_482_H3N3Pen1,3.4852e-05,3.67293e-05,3.46693e-05,8.85327e-08,1.1305e-06,0,0.000321598,4.51055e-05,4.58858e-05,2.45038e-06,2.04559e-07,2.05117e-06
A0A3Q7F4L9_181_H7N2,2.03917e-06,1.46056e-06,2.41276e-06,1.2048e-07,0,0,8.89907e-07,6.13567e-06,1.12736e-05,2.58052e-07,3.89884e-06,1.09677e-05
A0A3Q7HI26_482_H3N3,6.13857e-05,6.65899e-05,0.000156685,2.04459e-05,1.89165e-05,2.43853e-05,0,0,0,1.96767e-06,0,0
A0A3Q7HI26_482_H3N4,0.000250863,0.000455548,0.000435927,6.68563e-05,6.36202e-05,6.71419e-05,8.22963e-06,0,0,5.83191e-06,3.3162e-07,1.59859e-06
A0A3Q7FYQ6_164_H8N2,4.43818e-05,4.23642e-05,3.93478e-05,1.75658e-05,1.21384e-05,6.67578e-06,9.89052e-05,4.59849e-05,3.98058e-05,5.37416e-05,1.44514e-05,9.69693e-06
A0A3Q7FKT4_83_H3N2F1Pen1,0.000161639,0.000184244,0.000201519,4.45987e-06,8.43493e-06,2.28348e-05,4.3458e-05,3.8503e-05,2.41303e-05,3.83346e-07,7.41245e-07,4.82347e-07
A0A3Q7EM11_85_H4N3F2Pen1,3.22198e-06,2.86338e-06,1.72799e-06,4.592e-05,3.61926e-05,5.92376e-05,0.000109635,6.85328e-06,0,0.000490705,4.88133e-06,7.94603e-06
A0A3Q7FYQ6_164_H7N2,4.03091e-05,2.39485e-05,2.98775e-05,2.23772e-06,0,3.2289e-07,5.0206e-05,1.38517e-05,6.10523e-06,2.70763e-05,1.07872e-05,7.37234e-06
A0A3Q7EM11_85_H4N2Pen1,3.69967e-05,3.63242e-05,5.28663e-05,1.56807e-05,1.65761e-05,2.67262e-05,5.47578e-05,4.66539e-06,0,0,2.66258e-07,5.83376e-07
A0A3Q7FM61_188_H8N2,1.0852e-05,5.1738e-06,1.83874e-05,4.24595e-06,4.79725e-06,9.35798e-06,6.86517e-06,1.65502e-06,3.84762e-07,6.99137e-06,4.60594e-07,5.74858e-07
A0A3Q7ERU3_487_H3N4F1Pen1,2.08641e-05,1.36462e-05,1.99264e-05,7.16837e-06,1.98753e-06,9.41706e-06,1.9174e-05,4.36108e-07,3.16553e-07,4.54255e-06,4.25955e-06,1.63317e-06
A0A3Q7G7T0_528_H6N4F2Pen2,0.00971396,0.0085442,0.0071084,0.000939055,0.00129123,0.00148104,0.000301298,0.000204048,8.39898e-05,1.60374e-05,5.35149e-05,6.67275e-05
A0A3Q7EM11_85_H3N2F1Pen1,0.00904801,0.00607583,0.0101466,0.00565327,0.00439813,0.00804271,0.000311745,9.20788e-06,9.59868e-06,2.62122e-05,1.45018e-05,1.42479e-05
A0A3Q7EM11_85_H3N2Pen1,0.000620325,0.000406754,0.00133224,0.000438409,0.000405701,0.000629216,1.84278e-05,6.07673e-06,2.4223e-06,3.86243e-07,5.90928e-07,2.44477e-06
A0A3Q7HIL7_223_H5N2,1.25281e-05,6.68479e-06,1.18993e-05,9.50062e-07,2.25604e-06,9.75974e-06,0,0,6.75611e-07,3.52859e-07,0,2.1759e-07
A0A3Q7FKT4_83_H3N2Pen1,1.41704e-05,8.89712e-06,1.90385e-05,4.15481e-07,0,0,4.3418e-05,0,9.26876e-07,0,0,0
A0A3Q7GB23_336_H8N2,7.30687e-05,4.40207e-05,6.84368e-05,1.49077e-05,1.61451e-05,2.00217e-05,0.000259618,0.000146903,9.22689e-05,0.000198263,7.3812e-05,7.45458e-05
A0A3Q7FM61_188_H7N2,8.89289e-06,9.36713e-06,5.19693e-06,1.57536e-06,1.45331e-06,4.0649e-07,2.94693e-05,0,3.51876e-07,3.52079e-06,1.45652e-05,2.19678e-06
A0A3Q7ERU3_487_H3N4Pen1,5.20881e-07,7.83688e-07,1.23982e-06,0,0,0,0,1.72475e-06,0,0,0,0
A0A3Q7J2K7_461_H3N4F1Pen1,0.000346575,0.000319315,0.000347832,4.69483e-05,2.13221e-05,6.70813e-05,6.23209e-05,0.000104174,4.85853e-05,1.86599e-05,6.51276e-05,2.03358e-05
A0A3Q7G7T0_531_H5N4F2Pen2,0.00997,0.0106473,0.00744738,0.00214101,0.00208914,0.00243936,0.000814875,0.00138813,0.000775373,7.64191e-06,5.58694e-05,5.48711e-05
A0A3Q7FKT4_83_H2N2F1Pen1,7.00015e-06,3.92169e-06,1.17553e-05,0,2.61613e-07,0,5.98147e-06,1.20814e-05,6.98154e-06,1.35014e-06,2.89984e-07,4.90604e-07
A0A3Q7GKR4_508_H3N2F1Pen1,1.30351e-05,2.13519e-05,1.63792e-05,5.04209e-07,0,6.52769e-06,1.12194e-05,1.36786e-06,2.59657e-05,0,1.15738e-05,0
A0A3Q7EM11_85_H2N2F1Pen1,0.000524902,0.000473889,0.00130786,0.0006435,0.000532572,0.00120911,3.82755e-05,5.12283e-06,2.36858e-05,1.62012e-05,5.45743e-05,1.65978e-05
A0A3Q7GB23_336_H7N2,8.46298e-05,0.000134016,0.000178447,7.97498e-06,1.93171e-05,1.57541e-05,7.01116e-05,3.74925e-05,1.81663e-05,7.95335e-05,3.32352e-05,3.23497e-05
A0A3Q7F7P0_372_H3N4F1Pen1,1.28761e-05,1.10976e-05,1.77418e-05,7.15581e-07,4.45752e-07,4.29375e-07,3.43904e-07,0,9.48917e-07,1.84937e-05,7.72908e-06,8.29856e-06
A0A3Q7EM11_85_H2N2Pen1,4.4041e-05,2.41066e-05,0.00012559,5.85772e-05,4.6454e-05,7.71512e-05,5.98016e-06,2.52222e-06,4.04443e-06,5.77379e-07,3.91849e-06,3.10663e-06
A0A3Q7G069_351_H3N4F1Pen1,5.74955e-07,0,0,0,1.8083e-07,0,4.66353e-06,9.73415e-06,6.99979e-06,0,2.45504e-06,2.09622e-06
P15004_225_H9N2,2.94589e-05,1.79872e-05,2.86508e-06,0.000208169,0.000196157,0.000221772,2.87442e-06,2.98301e-06,1.32427e-06,0.000481692,0.000113276,4.70581e-05
A0A3Q7FBU4_190_H3N4F1Pen1,0.00046318,0.000447411,4.18813e-05,0.000123348,0.000104002,6.16147e-05,2.05355e-05,9.62018e-07,6.96293e-06,6.11061e-07,4.79031e-07,2.64973e-07
P15004_225_H8N2,7.25047e-05,6.91493e-05,7.07835e-05,2.86112e-05,2.85587e-05,4.41741e-05,1.09663e-05,1.28686e-06,3.53927e-06,0.000102228,3.01583e-05,8.47214e-06
A0A3Q7FBU4_190_H3N3F1Pen1,1.1413e-06,6.0592e-07,1.15625e-06,8.63591e-07,0,1.61746e-06,0,0,0,0,0,0
A0A3Q7I8J1_263_H3N4F1Pen1,4.08055e-06,3.24709e-06,2.93998e-06,0,0,0,0,4.14303e-06,1.80627e-07,3.35781e-06,3.10502e-07,1.41328e-06
P15004_95_H3N2F1Pen1,0.0327266,0.0331695,0.0498239,0.000395801,0.000419228,0.000396027,3.27722e-05,4.92012e-05,2.48963e-05,1.9817e-05,2.59545e-05,4.53834e-05
A0A3Q7G8A3_694_H3N4F1Pen1,2.52133e-05,1.19634e-05,1.70282e-05,9.6178e-07,2.99251e-06,9.47954e-06,1.21263e-05,4.41289e-06,2.84724e-06,2.48379e-05,3.3869e-06,2.07473e-06
A0A3Q7G8A3_694_H3N3F1Pen1,2.30829e-06,1.13462e-06,2.44605e-06,0,2.90655e-06,4.40717e-06,0,0,0,0,0,0
A0A3Q7F8U8_92_H3N4F1Pen1,0.000120649,7.09015e-05,7.0089e-05,2.61361e-05,2.33305e-05,3.47041e-05,2.21849e-05,7.13426e-07,0,8.0432e-06,1.29669e-06,2.19788e-05
A0A3Q7F8U8_92_H3N3F1Pen1,6.88747e-06,6.38854e-06,1.1717e-05,5.91695e-07,1.71187e-06,0,0,2.19815e-07,4.88018e-07,0,0,0
A0A3Q7HV28_346_H9N2,0.00682042,0.0101202,0.00279858,0.0181395,0.018781,0.015333,0.0113272,0.0187388,0.00852559,0.0200234,0.0295053,0.0264216
A0A3Q7IYE8_247_H3N2F1Pen1,0.00026284,0.000256805,0.0002239,2.62727e-05,2.10997e-05,2.70112e-05,8.01704e-06,0,9.32173e-07,1.84554e-06,0,1.19109e-06
A0A3Q7HV28_346_H8N2,0.0094352,0.0102894,0.00719651,0.00583579,0.00538615,0.00441703,0.0179562,0.028348,0.0100014,0.0367813,0.052768,0.0633632
P15004_225_H3N2F1Pen1,1.65768e-05,1.47083e-05,4.61405e-05,1.03858e-07,0,0,0,3.74737e-07,1.38727e-07,0,0,8.64754e-07
A0A3Q7F8U8_92_H3N4Pen1,4.2355e-06,5.9958e-07,4.43791e-06,0,0,9.01037e-07,2.21632e-06,0,0,2.98976e-07,0,0
A0A3Q7F002_43_H7N2,1.68013e-05,1.38767e-05,1.47147e-05,0,1.24998e-07,0,8.792e-06,0,0,5.88681e-06,0,0
A0A3Q7HV28_346_H7N2,0.0103229,0.00889419,0.00459542,0.00414587,0.00392885,0.00393519,0.00507545,0.00849311,0.00406544,0.000769051,0.00104592,0.00144159
A0A3Q7FAG0_293_H3N4F1Pen1,4.19691e-06,3.00013e-06,2.1629e-06,2.72867e-05,2.52274e-05,3.4046e-05,3.03067e-06,2.61635e-05,8.74035e-06,0,0,0
A0A3Q7FAG0_293_H3N2F1Pen1,1.57335e-05,8.33968e-06,1.99075e-05,0,0,0,9.38242e-07,4.14072e-07,1.2143e-06,1.84611e-06,7.06992e-07,3.74681e-07
O82777_376_H3N4F1Pen1,1.09481e-05,7.52349e-06,2.18912e-06,0,1.49244e-07,0,0,0,9.3013e-07,1.71572e-05,0,0
Q9ZS44_709_H3N4F1Pen1,2.16169e-05,3.10306e-05,1.45713e-05,8.14978e-07,3.38543e-06,1.87156e-06,5.78741e-07,4.48425e-06,7.2028e-06,0,1.36571e-06,0
A0A3Q7ENN1_159_H8N2,0.0213294,0.0213137,0.0211222,0.0117954,0.0131867,0.0109735,0.01428,0.0155616,0.0116821,0.00887177,0.0089635,0.0129446
A0A3Q7HV28_346_H6N2,0.00459897,0.00390743,0.00377443,0.00223995,0.00203419,0.00207341,0.00106166,0.00167671,0.000819942,9.21913e-06,3.88186e-05,6.56135e-05
O82777_376_H3N2F1Pen1,3.68652e-06,4.58106e-07,4.04196e-06,0,0,0,1.21756e-06,1.54386e-07,0,0,0,0
A0A3Q7GIC3_549_H8N2,6.0984e-06,2.61077e-06,4.75031e-06,0,0,2.22093e-07,1.28203e-05,0,0,1.51581e-05,7.7568e-06,8.82498e-06
D3TI68_161_H3N4F1Pen1,3.51848e-05,3.49383e-05,3.71043e-05,1.38966e-07,4.29972e-07,0,3.79361e-05,2.90125e-06,4.38867e-06,2.57137e-07,7.8017e-07,1.59366e-07
D3TI68_161_H3N3F1Pen1,4.07395e-05,4.38938e-05,8.07767e-05,4.48077e-06,0,5.25516e-06,0,7.09244e-07,1.41556e-07,0,4.79172e-07,0
A0A3Q7ENN1_159_H7N2,0.00744809,0.00780328,0.0085524,0.00488291,0.00509904,0.00473184,0.00292012,0.00308159,0.0017592,0.00295951,0.00267173,0.00444719
A0A3Q7F2U6_316_H3N4F1Pen1,2.24003e-05,2.02872e-05,1.68851e-05,0,0,0,5.52867e-05,0.000114793,8.74813e-05,4.57008e-07,1.09062e-06,1.42018e-07
A0A3Q7GFG8_831_H3N2F1Pen1,1.69576e-05,2.4206e-05,1.7431e-05,9.50389e-06,3.25418e-06,9.83011e-07,2.1786e-05,2.6439e-05,1.60332e-05,1.084e-05,7.42358e-07,1.21688e-05
D3TI68_161_H3N2F1Pen1,8.15645e-05,7.66978e-05,0.000200233,4.01146e-05,3.95757e-05,5.32468e-05,1.98822e-05,7.80041e-07,5.05221e-06,0,0,5.48299e-07
A0A3Q7I4S3_225_H3N2F1Pen1,0.000114126,0.000146906,0.000297564,1.71643e-05,1.37762e-05,2.66506e-05,1.41593e-05,4.98224e-05,1.91679e-05,8.58959e-06,4.06035e-05,7.62485e-05
Q9ZS44_709_H3N4Pen1,1.28209e-06,8.53535e-07,1.26328e-06,0,0,0,0,6.15259e-07,2.4928e-06,0,0,0
A0A3Q7HV28_346_H5N2,0.000502939,0.000420845,0.000645334,0.000222355,0.000166338,0.000128743,4.62699e-05,7.28892e-05,4.29078e-05,8.43436e-06,8.36702e-06,5.83068e-06
A0A3Q7GIC3_549_H7N2,1.01958e-05,9.19705e-06,1.00069e-05,4.45358e-07,1.15586e-06,1.32971e-06,2.52387e-06,2.48331e-07,0,0,0,1.9935e-07
A0A3Q7I6V9_226_H8N2,0.0229842,0.0214507,0.0176492,0.00363479,0.0044025,0.00456377,0.0466659,0.0510213,0.0374074,0.0322614,0.0194078,0.0198934
A0A3Q7G7T0_261_H3N2F1Pen1,0.00542778,0.00235021,0.00206166,0.000537932,0.000527197,0.000324137,0.0128745,0.0197257,0.0112938,0.00248218,0.00183578,0.00192954
A0A3Q7H5H2_108_H3N2F1Pen1,4.26009e-06,2.49659e-06,6.52535e-06,0,1.18968e-07,0,0,0,0,0,0,0
Q9ZS44_731_H3N4F1Pen1,9.24957e-05,0.000100762,9.56709e-05,0,1.46523e-05,2.28388e-07,7.60471e-05,1.04993e-05,5.92388e-07,3.25707e-06,1.55651e-05,1.20045e-05
A0A3Q7JCT2_100_H3N4F1Pen1,6.16761e-05,4.60298e-05,3.33925e-05,0,1.02451e-06,0,6.48018e-06,0,0,0,2.87875e-06,1.44438e-06
A0A3Q7HV28_297_H5N4F3Pen1,4.28418e-05,6.22666e-05,5.43685e-05,5.3308e-05,4.11815e-05,7.95132e-05,1.95799e-05,3.70896e-06,8.58271e-07,9.77633e-07,5.89781e-05,0
A0A3Q7JCT2_100_H3N3F1Pen1,4.6502e-05,3.09665e-05,2.10938e-05,1.43387e-06,4.39318e-06,1.36504e-06,0,1.52713e-06,1.395e-06,0,1.87074e-06,3.45395e-06
A0A3Q7JCT2_99_H3N3F1Pen1,1.13881e-05,1.58736e-05,1.35833e-05,0,0,0,4.04197e-07,5.86249e-07,5.54806e-07,6.20944e-07,0,0
Q9ZS44_731_H3N3F1Pen1,6.39865e-06,8.27251e-06,9.88835e-06,0,0,0,0,0,0,0,0,0
A0A3Q7HV28_297_H5N4F2Pen1,2.45221e-05,4.74792e-05,3.7083e-05,4.57564e-05,3.80414e-05,1.64039e-05,1.73347e-05,1.76192e-06,1.97081e-06,3.02352e-05,3.29313e-05,3.72429e-05
Q19QU4_120_H4N3F1Pen1,5.65553e-05,3.1459e-05,4.12104e-05,9.35203e-07,5.77988e-06,6.90265e-07,9.29011e-06,1.34653e-06,0,2.55075e-06,3.06923e-06,4.95384e-06
A0A3Q7JCT2_100_H3N2F1Pen1,4.87769e-05,5.39531e-05,5.98183e-05,4.21565e-06,6.41133e-06,2.32661e-06,2.14074e-06,5.03208e-06,1.49777e-07,0,0,2.61088e-07
A0A3Q7I6V9_226_H7N2,0.00225489,0.00203645,0.00174197,0.00120524,0.000774644,0.00109415,0.00542725,0.00585143,0.00549012,0.00304003,0.00192537,0.00162503
A0A3Q7I393_506_H9N2,2.69628e-05,2.76374e-05,2.10946e-05,2.50017e-05,2.49251e-05,1.76498e-05,2.53175e-05,2.50994e-05,2.40609e-05,1.64129e-05,1.10943e-05,2.36505e-05
A0A3Q7GDS0_159_H4N3F2Pen1,2.36202e-05,2.0334e-05,1.71601e-05,2.02219e-05,1.95087e-05,1.1707e-05,1.58565e-05,2.51173e-05,1.37741e-05,2.25745e-05,2.77741e-05,3.30842e-05
Q19QU4_120_H3N4F1Pen1,2.59942e-05,3.20011e-05,1.73915e-05,3.18369e-06,4.76154e-06,1.03695e-05,2.08164e-05,5.31547e-06,6.85627e-06,4.16213e-06,7.56731e-06,5.15425e-06
A0A3Q7JCT2_99_H3N4F1Pen1,1.73253e-05,1.9711e-05,1.82624e-05,0,1.09697e-06,0,0,3.32855e-07,0,0,8.8365e-07,0
A0A3Q7HV28_297_H4N4F2Pen1,7.18739e-06,3.18237e-06,1.93614e-06,9.84559e-06,8.34106e-07,6.01272e-06,6.10207e-06,5.21282e-07,0,0,5.21591e-06,1.87723e-05
A0A3Q7JCT2_99_H3N4Pen1,7.32082e-06,6.96351e-06,1.31265e-05,5.78816e-06,9.914e-06,6.10028e-06,0,3.00337e-07,4.41453e-06,0,0,1.04196e-06
A0A3Q7IAA3_202_H11N2,3.66701e-06,1.24819e-06,0,0,1.49615e-06,1.81076e-06,1.29106e-05,1.68326e-05,1.8519e-05,1.45377e-05,8.44878e-06,1.96336e-06
Q9ZS44_731_H3N4Pen1,1.02722e-05,8.46688e-06,1.45558e-05,0,3.28195e-07,7.39845e-07,2.36658e-06,3.29414e-06,4.71289e-07,0,2.76215e-06,1.41989e-06
A0A3Q7HFP1_247_H5N4F3Pen1,0.000206389,0.000152662,0.000106939,7.87163e-05,7.26646e-05,0.000106425,0.000105171,3.37234e-06,7.62495e-06,3.04205e-05,8.0969e-06,8.41616e-06
A0A3Q7IAA3_202_H10N2,1.42662e-05,2.30104e-05,6.83049e-06,2.05348e-05,1.21662e-05,1.81793e-05,3.10222e-05,6.591e-05,6.27344e-05,4.71991e-05,2.9764e-05,8.79772e-05
A0A3Q7HFP1_247_H5N4F2Pen1,6.68931e-05,9.22547e-05,5.95402e-05,1.69672e-05,2.00708e-05,2.22807e-05,6.71844e-05,1.77299e-06,6.15721e-07,1.26745e-05,2.295e-07,8.86772e-07
A0A3Q7GDS0_159_H3N4F1Pen1,2.96076e-05,4.20687e-05,2.39779e-05,1.18198e-05,1.08785e-05,6.07349e-06,8.16975e-06,1.66585e-05,2.5352e-06,8.7244e-07,0,7.44588e-07
A0A3Q7F3S3_65_H3N4F1Pen1,1.06953e-05,6.27863e-06,5.97658e-06,2.66877e-06,0,3.13819e-06,7.79281e-06,3.98956e-07,3.57064e-07,1.29511e-05,5.78892e-06,4.18584e-06
A0A3Q7F3S3_65_H3N3F1Pen1,2.23423e-06,2.56007e-06,4.40239e-06,0,0,0,6.00066e-06,6.52125e-07,0,0,0,1.37158e-06
A0A3Q7HFP1_247_H4N3F2Pen1,0.000370223,0.000381869,0.000405273,0.000124765,0.00012607,0.000170239,2.0306e-05,4.99923e-06,0,0,0,0
A0A3Q7HFP1_247_H4N4F2Pen1,0.00017761,0.000162351,0.000172717,2.26024e-05,2.11102e-05,2.90335e-05,5.50273e-05,1.92923e-05,1.27337e-05,4.32178e-06,1.01567e-06,1.47695e-06
A0A3Q7HV28_297_H3N4F1Pen1,0.00072679,0.000902696,0.00105781,0.000252118,0.00020383,0.000355582,4.19716e-05,1.51593e-06,7.90662e-07,1.50811e-06,1.16754e-06,6.0521e-07
A0A3Q7HFP1_247_H3N3F2Pen1,1.65369e-06,0,0,0,0,0,0,0,0,0,4.03734e-07,0
A0A3Q7FKT4_127_H3N2F1Pen1,2.53276e-05,3.04178e-05,3.13683e-05,1.38335e-06,4.0128e-06,3.18455e-06,0,0,0,0,0,0
A0A3Q7GDS0_159_H3N3F1Pen1,2.42725e-06,0,0,1.50108e-06,2.05823e-06,0,9.02528e-06,0,0,0,1.97694e-06,1.17188e-06
A0A3Q7GDS0_159_H3N2F1Pen1,4.76397e-05,3.898e-05,6.78042e-05,2.80555e-05,2.74706e-05,2.75508e-05,6.36039e-06,3.79832e-06,1.6876e-06,6.59053e-06,7.54855e-07,0
A0A3Q7HV28_297_H4N4Pen1,5.79187e-07,4.04967e-07,1.8596e-06,6.85426e-07,0,4.75257e-07,7.58941e-07,0,0,0,2.93359e-07,0
A0A3Q7HV28_297_H3N3F1Pen1,1.12325e-05,1.34319e-05,1.67862e-05,2.7815e-06,0,2.25235e-06,6.33087e-07,2.45815e-07,1.22165e-06,0,0,6.22685e-07
A0A3Q7FKT4_126_H8N6,3.53975e-06,0,1.98139e-06,0,0,0,0,0,5.5807e-07,0,0,0
A0A3Q7EV39_327_H8N2,0.00100465,0.000456025,0.000734312,0.000165255,0.000185621,9.21567e-05,0.00390401,0.00371632,0.00312458,0.00227574,0.00154292,0.00163764
A0A3Q7HFP1_247_H5N4F1Pen1,2.78894e-06,9.57104e-07,7.33786e-06,0,0,8.2797e-07,3.73871e-06,0,1.60761e-07,3.90808e-05,1.78245e-06,1.97015e-05
A0A3Q7HTM2_1645_H3N2F1Pen1,4.69551e-06,1.62499e-06,6.18066e-06,1.84018e-06,1.62815e-06,2.6207e-06,0,7.16708e-05,0.00010424,6.68353e-07,2.08741e-06,1.24308e-06
A0A3Q7HBS1_366_H3N4F1Pen1,5.2483e-05,3.69592e-05,2.9162e-05,1.32175e-05,4.57135e-06,5.98708e-06,2.37309e-05,7.29816e-05,1.66198e-05,8.79519e-06,7.16581e-07,2.73075e-05
A0A3Q7HFP1_247_H3N3F1Pen1,5.85137e-05,4.78204e-05,0.000125076,9.27824e-07,3.41816e-06,4.94725e-06,3.91513e-06,0,0,0,3.97155e-07,2.39428e-07
A0A3Q7J4M1_566_H7N4F2Pen2,0.000185872,0.00014326,7.91466e-05,9.67995e-05,8.80186e-05,6.91258e-05,7.30736e-05,9.14413e-05,5.40258e-05,7.23996e-05,2.52611e-05,3.15516e-05
A0A3Q7HFP1_247_H4N3F1Pen1,0.000131471,7.84462e-05,0.00019434,3.60113e-05,2.92829e-05,5.95014e-05,6.43364e-06,0,5.82176e-06,0,0,1.91633e-06
A0A3Q7I514_52_H3N4F1Pen1,6.17353e-06,6.95233e-06,6.0095e-06,0,0,0,6.107e-06,1.13054e-05,7.63487e-06,2.13409e-05,2.24672e-05,2.01547e-05
A0A3Q7FKT4_126_H3N2Pen1,3.14432e-05,1.63097e-05,3.52743e-05,0,2.83035e-07,1.90218e-07,0,0,0,0,0,1.7767e-06
A0A3Q7G7T0_261_H3N2Pen1,0.000517029,8.38694e-05,0.00033827,0.000254079,0.000120798,0.000132155,0.00106772,0.00163547,0.00226956,0.000145749,0.000239093,0.000272001
A0A3Q7HFP1_247_H4N4F1Pen1,2.49058e-05,1.89872e-05,2.48557e-05,4.28325e-06,2.2443e-06,2.84972e-06,3.23324e-05,1.23023e-05,6.91033e-06,4.35647e-05,1.2456e-05,6.8874e-06
A0A3Q7EV39_327_H7N2,3.66598e-06,6.99169e-07,1.30943e-06,0,0,0,2.54229e-05,2.8593e-05,3.03142e-05,0,0,0
A0A3Q7J4M1_566_H6N4F2Pen2,0.000220594,0.00017327,0.00012217,0.000107296,0.000118068,0.000111435,0.00018589,0.000273311,0.0001405,1.42219e-05,1.24621e-05,1.53318e-05
A0A3Q7HFP1_247_H3N4F1Pen1,0.000371303,0.000351677,0.000987776,1.69623e-05,1.06939e-05,3.8872e-05,2.11584e-05,0.000159466,8.88993e-05,4.49133e-05,1.79289e-05,2.16154e-05
A0A3Q7FKT4_126_H2N2F1Pen1,6.94337e-05,7.71359e-05,0.000160723,0,1.61823e-07,1.0693e-06,4.86595e-07,0,8.07995e-07,0,2.91358e-06,0
A0A3Q7HFP1_247_H2N3F1Pen1,4.85694e-06,4.02723e-06,6.09407e-06,0,0,1.01366e-06,0,0,0,0,0,0
A0A3Q7HBS1_366_H3N4Pen1,2.70063e-06,0,0,8.47093e-06,9.92984e-06,1.00024e-06,0,0,3.05019e-07,0,0,3.0246e-05
A0A3Q7J4M1_566_H7N4F1Pen2,2.5858e-05,1.09227e-05,2.64952e-06,1.65276e-05,9.63279e-06,8.67173e-06,4.04947e-05,5.0952e-05,6.8645e-05,0,0,1.23833e-06
A0A3Q7G7T0_261_H2N2F1Pen1,0.000105328,8.59204e-05,6.63965e-05,0.000827621,0.000542518,0.000526959,0.000137048,0.000149208,0.000117139,7.44959e-07,2.70625e-05,1.82353e-06
A0A3Q7J5Y0_272_H3N3F1Pen1,1.09684e-06,0,0,0,0,2.68202e-06,0,3.58997e-06,0,0,0,0
A0A3Q7J4M1_561_H7N4F1Pen2,8.0218e-06,2.86211e-06,0,4.66557e-06,3.57278e-06,3.72155e-06,0,0,0,0,0,0
A0A3Q7FJE6_395_H3N2F1Pen1,1.36659e-05,7.59998e-06,1.89086e-05,0,0,0,1.08865e-05,7.28931e-06,3.1278e-07,4.12315e-07,0,0
A0A3Q7HFP1_247_H3N2F1Pen1,2.86787e-06,1.43121e-06,6.18487e-06,0,1.71895e-07,3.43056e-07,4.38297e-06,9.24205e-06,1.12155e-05,1.2857e-05,1.16891e-05,1.18376e-05
A0A3Q7INB5_661_H8N2,1.00537e-05,7.41444e-06,6.77105e-06,4.71863e-07,1.48313e-07,1.98875e-06,8.05045e-05,0.000137201,3.34024e-05,5.38713e-07,6.2251e-07,2.12689e-07
A0A3Q7INB5_661_H7N2,4.35383e-06,3.61809e-06,3.04724e-07,2.22085e-07,0,0,0,0,0,2.22672e-06,0,0
A0A3Q7HNE8_194_H9N2,0.000280007,0.0001503,0.00026116,0.000282526,0.00039193,0.000377802,0.000210932,9.23753e-05,5.10484e-05,0.000181139,6.54791e-05,3.61758e-05
A0A3Q7GVK8_514_H3N4F1Pen1,0.000128952,0.000111292,8.65052e-05,5.16037e-05,4.25004e-05,8.44717e-06,9.26113e-05,8.91206e-05,5.32153e-05,6.2579e-05,9.6362e-06,4.42031e-06
A0A494G9B4_57_H3N2F1Pen1,2.5729e-06,0,6.3732e-06,0,0,0,0,0,0,0,0,2.72427e-06
A0A3Q7I6P6_805_H3N4F1Pen1,1.2339e-06,3.49284e-07,2.84833e-07,0,0,2.6576e-07,8.66248e-06,1.19043e-05,4.73942e-06,1.12777e-05,0,0
A0A3Q7J4M1_566_H6N4F1Pen2,2.98198e-05,2.3905e-05,7.62345e-06,5.49655e-06,2.2687e-05,1.55029e-05,2.52957e-05,3.87278e-05,4.90582e-05,4.41093e-06,5.07787e-07,7.58467e-07
A0A3Q7HV10_178_H8N2,1.22405e-05,1.28849e-05,1.38497e-05,2.30324e-06,1.58666e-06,4.76151e-07,6.06675e-05,9.82649e-05,7.85946e-05,2.78393e-05,0.000145493,0.000143225
A0A3Q7GVK8_514_H3N3F1Pen1,1.36703e-05,1.08187e-05,7.6353e-06,1.02943e-05,5.24074e-07,1.14004e-05,2.01105e-06,0,6.57672e-07,1.19881e-06,7.11528e-07,0
A0A3Q7HNE8_194_H8N2,0.000170916,9.15236e-05,0.000135442,1.94168e-05,1.14541e-05,2.70354e-05,0.000151178,5.4648e-05,2.86394e-05,0.00015902,7.30778e-05,5.71079e-05
A0A3Q7HNE8_194_H5N2,1.82347e-06,1.86367e-06,2.20307e-06,3.0944e-07,0,2.07654e-07,0,3.39766e-07,0,3.6866e-05,4.94286e-07,1.18823e-06
A0A3Q7I3M8_111_H4N4F2Pen1,8.6554e-05,6.09326e-05,6.39328e-05,3.17975e-05,1.64033e-05,3.03588e-05,3.69065e-05,1.75988e-05,3.04795e-05,1.58038e-05,7.1343e-06,2.34842e-06
A0A3Q7HFP1_247_H3N4Pen1,3.76675e-05,2.35847e-05,8.76415e-05,0,7.39043e-07,0,4.2355e-06,8.78291e-06,2.5728e-05,0,0,2.30972e-07
A0A3Q7F6U5_1095_H3N4F1Pen1,8.72047e-06,3.15187e-06,4.47568e-06,5.3612e-07,0,0,7.29825e-06,4.43015e-05,2.29099e-05,3.75353e-05,9.35426e-05,0.000175405
A0A3Q7F6U5_1095_H3N3F1Pen1,8.11292e-06,9.33149e-06,1.19041e-05,2.39301e-07,0,3.56595e-07,0,0,0,0,0,7.60838e-05
A0A3Q7GVK8_514_H3N2F1Pen1,5.88557e-06,6.96895e-06,9.75752e-06,3.46823e-07,1.8713e-06,9.11264e-07,0,1.03014e-06,0,0,0,0
A0A3Q7HV10_178_H7N2,8.30664e-05,6.00088e-05,5.67802e-05,5.9681e-06,6.73116e-06,1.43247e-05,0.000227654,0.000185067,0.000208901,0.000133983,0.000207543,0.000278945
A0A3Q7I3M8_111_H4N4F1Pen1,3.45607e-06,4.25862e-06,2.70868e-06,1.57594e-06,1.86129e-06,5.50037e-07,0,0,7.51811e-07,0,0,0
P15003_226_H8N2,0.000162725,0.000144022,0.000171287,0.00559268,0.00600715,0.00670708,2.53834e-05,8.08561e-05,5.20847e-05,0.000934406,0.0014262,0.00130238
A0A3Q7GVK8_514_H3N4Pen1,1.96292e-05,1.42282e-05,7.74297e-06,1.6871e-05,4.58839e-06,4.16058e-06,6.60298e-05,0.000119272,8.59875e-05,4.88598e-05,1.12342e-05,1.17631e-05
A0A3Q7FXN5_191_H5N4F3Pen1,1.14275e-05,1.09843e-05,1.64487e-06,1.62642e-05,1.0414e-05,7.35739e-06,6.72124e-05,5.61749e-05,8.85689e-05,1.21949e-05,7.01249e-06,1.33796e-05
A0A3Q7I3M8_111_H3N4F1Pen1,0.000776256,0.000735134,0.000997682,4.93049e-05,0.000111367,2.5388e-05,3.61556e-05,9.10065e-06,3.50192e-06,0,0,4.04249e-06
A0A3Q7GZY6_142_H3N4Pen1,1.97169e-05,7.11358e-06,2.58348e-06,6.81627e-07,1.42265e-06,0,7.11788e-05,0.000149857,0.000191623,6.06376e-05,3.89189e-05,2.69746e-05
A0A3Q7I3M8_111_H3N3F1Pen1,0.000143469,0.000103692,0.000258886,4.0295e-06,1.05151e-05,2.60258e-05,1.31445e-06,7.54019e-06,2.06339e-06,2.85988e-07,0,0
A0A3Q7HNE8_194_H7N2,5.6332e-06,5.14271e-06,8.32553e-06,1.97461e-06,1.22955e-06,0,2.37669e-06,0,2.70212e-07,1.43837e-06,0,1.81426e-06
A0A3Q7FBP6_98_H3N4F1Pen1,2.02171e-06,5.84038e-06,1.39974e-05,0,2.13386e-07,2.50909e-07,2.60667e-05,4.94181e-05,2.23847e-05,0,3.08908e-06,2.71243e-05
A0A3Q7GB23_288_H8N2,0.000275405,0.000193579,0.000181067,2.38694e-06,1.08012e-05,2.75519e-06,0.000150782,9.75717e-06,7.57548e-06,0.000138114,5.0434e-06,9.00437e-06
A0A3Q7F7I4_288_H3N2F1Pen1,0.000111187,0.000111274,0.000234431,5.23726e-07,3.3745e-06,6.10658e-07,0.000441558,0.000240923,8.18503e-05,0.000183238,2.49177e-05,4.75685e-05
A0A3Q7I3M8_111_H3N4Pen1,4.48939e-05,3.40655e-05,8.69259e-05,1.74328e-07,9.62732e-07,2.03008e-07,6.62208e-06,3.88677e-06,3.5977e-07,2.7836e-07,0,5.97679e-06
A0A3Q7G467_296_H8N2,0.000234857,0.000190192,0.00014121,8.69087e-05,2.34521e-05,4.66581e-05,0.000636967,0.000865471,0.000618513,0.000605539,0.000675779,0.000417416
A0A3Q7GFV7_142_H3N3F1Pen1,6.96606e-06,5.15532e-06,4.3855e-06,0,0,0,0,4.573e-06,4.23142e-06,7.99041e-07,9.41688e-06,1.1455e-05
A0A3Q7I3M8_111_H3N3Pen1,2.71446e-06,3.43581e-07,7.056e-06,0,0,0,0,0,4.07093e-07,0,0,2.18444e-07
A0A3Q7GFV7_142_H3N2F1Pen1,7.46161e-06,7.06719e-06,1.48478e-05,2.76363e-06,2.24828e-06,5.07921e-06,4.42178e-06,3.73886e-07,4.21511e-07,0,1.88725e-07,0
A0A3Q7INM2_321_H3N4F1Pen1,2.28165e-05,1.74534e-05,3.00295e-05,0,8.36229e-06,0,5.88753e-06,1.31465e-06,0,9.36443e-06,4.77574e-06,1.97155e-05
A0A3Q7EM11_187_H3N2F1Pen1,3.60105e-05,2.88557e-05,9.34235e-05,4.4027e-05,3.75328e-05,6.58001e-05,2.61069e-07,1.22113e-06,0,9.03395e-07,0,0
A0A3Q7G467_296_H7N2,1.10352e-05,9.71773e-06,4.61031e-06,5.31362e-05,2.58986e-05,3.01733e-05,1.43571e-05,3.45578e-05,2.30839e-05,3.42393e-05,1.92776e-06,0
A0A3Q7GB23_288_H7N2,1.8628e-05,1.90396e-05,1.60871e-05,4.02656e-07,4.43638e-07,1.84699e-06,2.83023e-05,4.59821e-07,8.96002e-06,2.65855e-05,1.32691e-06,2.01488e-06
P15003_226_H3N2F1Pen1,0.000411306,0.000384739,0.0012378,9.29139e-05,8.2e-05,0.000148178,0.000450925,0.000681989,0.000424184,2.01569e-06,1.35237e-05,1.56992e-06
A0A3Q7IMD4_309_H5N4F3Pen1,7.51948e-05,8.90644e-05,6.31495e-05,3.16303e-05,4.00536e-05,5.04495e-05,3.3742e-05,1.70066e-05,1.28154e-06,1.48606e-05,1.12005e-05,5.58056e-06
Q9ARC8_166_H10N2,2.87053e-06,5.54582e-07,0,1.27227e-06,0,1.71503e-06,4.53116e-06,5.86736e-06,5.13179e-06,2.21506e-06,0,0
A0A3Q7J2J1_449_H7N2,1.49228e-05,6.77306e-06,1.3199e-05,0,0,0,0,0,0,0,0,0
Q9ARC8_166_H9N2,1.79858e-06,4.90864e-07,0,5.85697e-07,1.8544e-06,4.61098e-07,1.98035e-06,7.72737e-06,1.53305e-06,0,0,5.26024e-07
A0A3Q7FB69_902_H3N2F1Pen1,2.78382e-06,0,0,0,0,0,7.48547e-06,1.0086e-05,9.06517e-07,0,0,0
A0A3Q7HU51_153_H3N4Pen1,1.01555e-05,1.15049e-05,1.38192e-05,0,0,3.2259e-07,0,2.82236e-07,0,0,1.46664e-06,0
A0A3Q7GEL2_328_H10N2,0.0004159,0.000275414,0.000342117,0.000512058,0.000420792,0.000596763,0.000111431,6.1293e-06,9.15365e-06,0.000148501,1.30982e-05,1.30373e-05
O82777_177_H3N4F1Pen1,2.34685e-05,4.57488e-05,4.53424e-05,9.28133e-06,5.82073e-06,1.1598e-06,0.000316003,0.000441986,0.00023475,1.20534e-05,3.21595e-05,1.00801e-05
A0A3Q7GEL2_328_H9N2,0.000753345,0.000633151,0.000630387,0.000758335,0.000819738,0.000920009,0.000418269,4.48375e-05,3.50685e-05,0.000379792,4.06774e-05,8.39501e-06
A0A3Q7J411_2140_H8N2,6.38521e-05,3.98415e-05,1.90526e-05,4.12751e-06,4.6339e-06,2.83174e-07,5.79309e-05,0.000415841,0.000308092,0.000216837,0.000264934,0.000247889
A0A3Q7FXN5_191_H3N4F1Pen1,6.6747e-05,5.14707e-05,5.20548e-05,2.71576e-05,1.97003e-05,6.71881e-06,1.40579e-05,7.09628e-06,6.21183e-06,0.000103567,5.5377e-05,6.67913e-05
A0A3Q7IMD4_309_H4N4F2Pen1,4.13944e-06,2.53731e-06,0,7.0749e-06,2.51195e-06,0,6.62683e-06,5.38531e-06,2.69502e-06,9.56436e-05,7.18506e-05,9.19461e-05
P15003_226_H3N2Pen1,2.92883e-05,1.47797e-05,9.16319e-05,5.36333e-06,4.21854e-06,6.51392e-06,7.05206e-05,7.99827e-05,0.000114731,2.09113e-06,1.70253e-07,9.55551e-07
O82777_177_H3N2F1Pen1,1.98866e-05,2.12466e-05,2.05088e-05,2.52165e-06,8.37193e-06,7.9494e-06,2.48197e-05,3.10432e-05,1.60633e-05,7.27085e-06,9.62994e-06,2.97096e-05
A0A3Q7GEL2_328_H8N2,7.40368e-05,3.99197e-05,7.50058e-05,8.62319e-07,1.67688e-06,1.70925e-06,9.15607e-05,1.36613e-05,5.81693e-06,0.000282066,0.000205438,0.000140914
A0A3Q7FFV1_438_H3N2F1Pen1,0.000804196,0.000750833,0.000527325,0.000576228,0.000281266,0.000592391,0.000639143,0.000880754,0.000584493,1.06193e-06,4.92412e-06,2.14758e-05
A0A3Q7G0T6_149_H3N4F1Pen1,0.00484971,0.00395863,0.00286674,0.00095015,0.00107135,0.000689094,0.00136176,0.000749476,0.000312476,0.000242891,0.000140095,0.00018913
A0A3Q7G0T6_149_H4N4Pen1,2.55128e-06,1.55311e-06,5.84286e-07,1.95766e-06,1.72307e-06,0,2.50678e-07,0,2.08031e-06,0,0,0
A0A3Q7G0T6_149_H3N3F1Pen1,0.000253012,0.000203636,0.000290295,4.95923e-06,4.06303e-06,3.52783e-05,4.3049e-05,2.12476e-05,4.07143e-06,1.68801e-06,2.40069e-07,8.68084e-07
O82777_177_H3N4Pen1,4.7429e-06,0,0,0,0,0,1.42314e-05,2.78262e-05,2.68273e-05,7.34439e-06,9.49668e-07,2.4326e-06
A0A3Q7G0T6_149_H2N3F1Pen1,4.40319e-06,6.88445e-06,1.11196e-05,0,9.01208e-07,3.09725e-06,3.21262e-07,0,0,0,7.5759e-07,0
A0A3Q7IU14_131_H10N2,0.00019031,0.000146303,0.000131769,0.000346156,0.000329411,0.000271962,0.000115612,7.22399e-05,2.72838e-05,0.000113563,2.26306e-05,9.56968e-06
A0A3Q7IU14_131_H9N2,2.66709e-05,3.29592e-05,3.24344e-05,5.31912e-05,2.39291e-05,4.7068e-05,4.01642e-05,9.17732e-06,3.40749e-06,1.90767e-05,4.87079e-06,0
A0A3Q7J411_2140_H7N2,1.63807e-05,1.03183e-05,1.30106e-06,9.20784e-07,0,0,9.4834e-07,9.4281e-05,4.64162e-05,3.71411e-05,3.15097e-05,3.0784e-05
A0A3Q7FXN5_191_H3N4Pen1,1.50329e-06,0,1.15673e-06,0,0,0,0,0,1.17214e-05,0,0,0
A0A3Q7G0T6_149_H3N2F1Pen1,0.000170044,0.000124259,0.000292832,0.000105013,9.05268e-05,2.55994e-05,1.78492e-05,5.09643e-06,0,0,1.32189e-06,2.0434e-07
A0A3Q7ENN1_159_H9N2,0.0017591,0.00166255,0.00191716,0.17199,0.17022,0.139973,0.00115217,0.00140079,0.00146349,0.000571012,0.000902804,0.000825835
A0A3Q7F968_78_H3N4F1Pen1,0.00010649,4.01432e-05,4.65656e-05,3.31692e-05,6.31761e-05,1.19313e-05,0.00052127,0.00163385,0.00143567,0.000254901,0.000364516,0.000314785
A0A3Q7ENN1_159_H6N2,0.000411792,0.000477927,0.000657006,0.000693128,0.000775999,0.00100118,0.000214573,0.000223924,0.000195902,0.000214501,0.000139261,8.48102e-05
A0A3Q7G0T6_149_H3N4Pen1,0.00079445,0.000368242,0.000868411,0.000104926,0.000102032,0.00016365,9.31123e-05,4.26484e-05,3.25983e-05,0,7.25166e-07,1.02637e-06
A0A3Q7HZ23_94_H3N3F1Pen1,7.68517e-06,6.49259e-06,7.91734e-06,0,0,3.36267e-07,3.736e-06,1.26187e-05,5.19422e-06,0,5.19018e-07,0
A0A3Q7G0T6_149_H3N3Pen1,5.39244e-05,3.43314e-05,8.28074e-05,1.02829e-05,0,1.45038e-05,1.17216e-05,6.47709e-06,1.39054e-05,8.40408e-06,1.71714e-05,2.59692e-05
A0A3Q7HVC4_643_H7N2,0.0019498,0.00235023,0.00109185,0.000110038,0.000144165,0.000160892,0.00148162,0.00154436,0.001592,0.00124426,0.00120102,0.00169758
A0A3Q7JTK0_244_H5N4F3Pen1,0.000123259,0.000122982,0.000101387,4.1038e-05,9.28829e-06,3.25261e-05,4.75564e-05,4.77606e-06,2.60361e-06,8.42369e-07,6.73349e-06,7.22921e-06
P15004_95_H3N2Pen1,0.00189013,0.00171908,0.00437963,1.003e-05,4.40737e-05,1.63394e-05,1.26321e-06,5.61234e-06,7.20006e-06,1.86148e-05,3.54429e-05,5.87602e-05
A0A3Q7JTK0_244_H4N3F2Pen1,2.8007e-06,5.51398e-06,5.24026e-06,7.14152e-07,0,1.67445e-06,6.52147e-07,0,0,0,0,0
A0A3Q7HNE8_413_H3N4F1Pen1,0.00064567,0.000435584,0.000364769,6.29703e-05,2.47184e-05,8.44896e-05,0.00226817,0.00456693,0.00268388,0.000159441,0.000428144,0.000438972
A0A3Q7HNE8_413_H3N3F1Pen1,8.22328e-06,1.0645e-06,4.58207e-06,0,0,0,1.7979e-06,4.76334e-06,2.09916e-06,0,0,3.4964e-07
A0A3Q7G1E7_341_H3N2F1Pen1,2.63732e-05,2.77882e-05,3.49859e-05,1.22415e-06,0,0,1.04807e-05,0,9.40704e-07,0,1.52767e-07,0
A0A3Q7FZH8_219_H9N2,1.59457e-05,6.09543e-06,3.78791e-05,3.89046e-05,3.28384e-05,2.73937e-05,4.53918e-07,0,3.37639e-07,0,1.02262e-06,1.12993e-06
A0A3Q7G8A3_53_H3N4F1Pen1,1.28516e-05,1.02759e-05,0,8.95521e-07,5.07232e-06,4.88435e-07,1.92228e-05,2.72937e-05,2.14695e-05,1.54513e-06,6.38819e-06,0
A0A3Q7H582_119_H3N4F1Pen1,0.000434443,0.000369236,0.000555718,8.64535e-07,4.18331e-07,4.96701e-06,3.43405e-05,8.03658e-05,0.000121473,2.15263e-05,1.82088e-05,4.91736e-05
A0A3Q7J9S0_54_H7N2,0.000155484,0.000212243,0.000168515,6.98399e-05,8.00076e-05,5.73625e-05,3.15815e-05,0.000196218,0.000139439,5.2508e-05,0.000107228,0.000118706
A0A3Q7GT02_36_H3N2F1Pen1,2.16396e-05,3.12301e-05,4.20555e-05,6.97963e-05,4.18282e-05,5.60859e-05,5.5265e-05,6.65203e-05,6.1579e-05,0.000145418,2.01207e-05,1.27521e-05
A0A3Q7IEQ9_369_H3N2F1Pen1,3.33673e-05,2.54824e-05,3.87001e-05,0,3.41232e-07,0,4.18526e-07,5.07875e-07,1.40805e-05,0,0,1.53481e-07
Q9M510_229_H3N4F1Pen1,0.01082,0.00951485,0.0057627,0.000958344,0.000838232,0.000565485,0.0212416,0.0250301,0.0233808,0.000710681,0.00059385,0.000708547
A0A3Q7JTK0_244_H4N4F2Pen1,1.87246e-06,1.35513e-06,0,0,8.52949e-07,0,1.69512e-06,1.4555e-05,8.60017e-06,4.82365e-06,4.17145e-06,8.1751e-06
A0A3Q7HNE8_413_H3N4Pen1,6.56415e-05,1.11269e-05,3.53085e-05,3.41222e-05,2.79153e-05,3.97124e-05,9.09845e-06,0.000213526,0.000285409,1.25524e-06,6.3574e-06,0
A0A3Q7F7P0_165_H9N2,2.26524e-06,2.21717e-06,5.70941e-07,0.00342619,0.00268254,0.00370243,3.44474e-06,3.78848e-05,2.13699e-05,6.18345e-06,1.87924e-06,3.48433e-06
A0A3Q7JTK0_244_H5N4F2Pen1,1.3095e-05,2.55686e-06,7.35516e-06,1.68117e-06,4.87647e-06,5.79591e-06,7.63112e-06,9.94549e-07,1.34876e-07,9.04214e-05,3.55335e-05,1.67173e-05
A0A3Q7GAX3_109_H5N4F3Pen1,0.000412939,0.000399396,0.000282566,0.00105573,0.000895501,0.000812382,0.00029077,0.000264821,7.81687e-05,3.18584e-05,2.58181e-05,1.75981e-05
A0A3Q7F7P0_165_H8N2,0.000239212,0.000147638,0.000127348,0.000488888,0.000332301,0.000493237,8.68729e-05,1.98597e-06,4.50859e-06,0.00295854,0.000560595,0.000394179
A0A3Q7EQ66_190_H8N2,8.68102e-06,4.55569e-06,2.71205e-06,0.000107636,8.00731e-05,0.00014545,4.44982e-05,7.5858e-05,1.11251e-05,5.30232e-05,3.03188e-05,1.88394e-05
A0A3Q7ILU4_140_H10N2,4.69264e-05,2.37649e-05,1.99309e-05,1.94522e-06,4.75603e-07,4.21897e-06,3.31039e-05,0.000114431,0.00010872,6.30179e-05,7.94583e-05,0.000118012
A0A3Q7H582_119_H3N4Pen1,4.83826e-05,2.3992e-05,6.40652e-05,0,0,1.87522e-07,0,2.18828e-06,4.17897e-06,0,0,1.92585e-07
A0A3Q7FR86_497_H3N2Pen1,3.31583e-05,2.54332e-05,0.000105143,8.60097e-06,1.56209e-05,1.4499e-05,1.3586e-06,0,7.94289e-07,6.81118e-07,0,4.06065e-06
A0A3Q7GAX3_109_H5N4F2Pen1,0.000663016,0.000887755,0.000715019,0.000141024,0.000126452,0.000115547,0.000126839,6.69966e-05,3.50089e-05,4.58947e-07,7.43129e-06,5.38408e-06
A0A3Q7J2Z7_370_H8N2,1.20408e-05,1.1564e-05,2.16951e-05,5.72941e-05,4.80675e-05,4.0692e-05,1.11299e-05,3.97964e-06,2.20601e-06,0.000751033,0.000182233,0.000132001
A0A3Q7F968_93_H4N3F2Pen1,9.40521e-05,7.53559e-05,2.73065e-05,0.00010558,4.08912e-05,5.32755e-05,7.44631e-05,0.000125432,4.64644e-05,0,1.29898e-06,4.17745e-06
A0A3Q7F968_93_H3N4F1Pen1,3.98029e-05,3.18202e-05,1.66306e-06,6.43755e-07,4.89723e-07,4.13201e-07,2.48489e-05,3.61949e-05,1.19158e-05,1.7568e-05,0,0
A0A3Q7F968_93_H4N3F1Pen1,4.13464e-05,3.67979e-05,6.52824e-06,1.26161e-05,3.40657e-05,1.03765e-05,0.00010466,0.0001226,3.42988e-05,2.12308e-06,4.72774e-06,9.27305e-06
A0A3Q7EH49_43_H3N2F1Pen1,3.13245e-05,1.33039e-05,2.89165e-05,1.66802e-05,8.97413e-06,1.27735e-05,3.66606e-05,5.31362e-05,0.000104282,1.46428e-05,2.50128e-05,9.02611e-05
A0A3Q7FSU8_466_H8N2,3.38137e-05,3.26554e-05,3.43635e-05,1.49666e-05,1.90037e-05,1.47356e-05,2.32975e-05,2.65083e-05,9.96514e-06,0,1.23336e-05,1.49653e-06
A0A3Q7J2Z7_370_H7N2,8.98418e-06,1.54798e-05,7.33722e-06,6.57501e-06,5.1576e-06,7.15592e-06,0,0,5.51561e-07,4.14248e-07,0,0
A0A3Q7G7T0_528_H7N4F1Pen2,8.35812e-06,6.72721e-06,4.76078e-06,0,0,0,0,4.1606e-05,0,2.63473e-06,4.37413e-06,8.13387e-06
A0A3Q7HFP1_561_H3N4F1Pen1,0.000350147,0.000339645,0.000326855,5.1919e-05,8.98252e-05,7.4499e-05,0.000379924,0.000390376,0.000288278,1.88818e-05,4.71113e-05,8.03853e-06
A0A3Q7GAX3_109_H4N3F2Pen1,0.000206338,0.000247215,0.000134971,5.26988e-05,8.72917e-05,4.38352e-05,0.000108478,4.92713e-05,4.41962e-05,6.32988e-05,7.6084e-05,5.47383e-05
A0A3Q7GAX3_109_H4N4F2Pen1,2.43592e-06,2.35725e-06,0,0,3.59112e-07,0,0,0,0,0,0,0
A0A3Q7ILU4_140_H7N2,1.22462e-05,7.03294e-06,6.47219e-06,0,2.59381e-07,7.03213e-07,0,3.98997e-07,0,0,0,0
A0A3Q7GAX3_109_H5N4F1Pen1,7.65155e-06,1.7075e-06,2.92472e-06,2.15695e-06,3.81466e-06,4.36499e-06,3.28688e-06,4.61201e-06,3.55278e-06,6.82223e-07,4.05606e-06,5.90574e-06
A0A3Q7HAU0_103_H3N4F1Pen1,3.84e-05,5.72853e-05,2.61195e-05,5.47816e-06,0,0,0,3.78251e-07,0,0,4.67536e-07,0
A0A3Q7HUY1_83_H3N4F1Pen1,0.000381737,0.000340206,0.000280206,5.3013e-06,0,2.49608e-06,0.000336854,0.000488416,0.000402993,5.0227e-05,8.39689e-05,9.28805e-05
A0A3Q7HFP1_561_H3N3F1Pen1,1.76073e-06,1.65049e-06,0,0,0,0,0,0,0,0,0,0
A0A3Q7HUY1_83_H3N3F1Pen1,0.0026368,0.00238108,0.0023712,8.18324e-05,1.66342e-05,7.42917e-05,0.00145329,0.00196218,0.00269296,7.27654e-05,0.000155975,0.000191578
A0A3Q7F2K6_145_H3N4F1Pen1,4.38031e-05,6.93727e-05,1.84535e-05,8.77474e-05,0.000123019,0.000132844,3.55915e-05,5.44442e-05,3.63556e-05,8.91151e-05,4.94135e-07,3.62052e-06
A0A3Q7G7T0_531_H6N4F2Pen2,0.00689472,0.00732083,0.00511129,0.000945611,0.00113927,0.00094158,0.00065776,0.000653772,0.000273176,7.53567e-06,2.24566e-05,4.53638e-05
A0A3Q7JY62_113_H5N4F3Pen1,4.78771e-07,4.74828e-06,0,0,0,0,1.94875e-05,2.58008e-05,1.97799e-05,0,0,7.00063e-07
A0A3Q7F968_93_H3N3F1Pen1,0.00100992,0.000918447,0.00088864,0.000343078,0.000366375,0.000307383,0.000620605,0.00108158,0.000825311,1.48028e-06,1.72233e-05,1.76429e-05
A0A3Q7F218_491_H3N4F1Pen1,5.50449e-06,3.79753e-06,0,0,0,0,0,0,0,0,0,0
A0A3Q7G7T0_528_H6N4F1Pen2,0.00285579,0.00231042,0.00320408,0.000468285,0.000645814,0.000613069,0.000183694,0.000228444,0.000183491,2.45035e-05,4.06559e-05,6.69444e-05
A0A3Q7HUY1_83_H3N2F1Pen1,0.00077105,0.000925082,0.00107215,7.87941e-05,9.53376e-05,0.000154428,6.30659e-05,8.69895e-05,5.33029e-05,5.30612e-06,8.93898e-06,9.38305e-06
A0A3Q7F968_93_H3N2F1Pen1,4.04001e-05,4.61118e-05,4.56396e-05,1.42159e-05,1.87916e-05,0,8.3865e-06,3.44651e-05,6.95394e-06,1.53757e-05,2.02925e-05,4.64462e-05
A0A3Q7JMX3_277_H9N2,0.0508682,0.0460403,0.0391327,0.0513324,0.0521981,0.0521391,0.0123538,0.00852046,0.0137945,0.00567998,0.00421259,0.0077355
A0A3Q7G7T0_528_H5N4F1Pen2,0.00437315,0.00360258,0.0043687,0.00113525,0.00128841,0.00171105,0.000699991,0.000831083,0.000908157,6.33537e-05,6.75679e-05,0.000116372
A0A3Q7EQ66_421_H8N2,3.22542e-05,1.64688e-05,1.12478e-05,1.71873e-05,3.01407e-06,8.29098e-06,0.00108919,0.00199943,0.00150137,0.00142047,0.00131942,0.00172766
A0A3Q7G7T0_528_H7N4Pen2,1.17328e-05,9.25876e-06,1.42388e-06,0,3.75367e-07,0,0,3.22149e-06,1.44617e-06,0,7.79047e-07,5.37233e-07
A0A3Q7G7T0_531_H7N4F1Pen2,1.80086e-05,1.48313e-05,1.02253e-05,8.79744e-07,2.83241e-07,0,2.01611e-06,4.44114e-05,3.19538e-05,5.34287e-06,1.90357e-05,3.33547e-05
A0A3Q7F2K6_145_H3N2F1Pen1,6.74125e-05,7.10801e-05,2.3345e-05,0.000161822,0.000128597,0.000154091,1.46365e-05,2.86574e-05,2.35856e-05,1.84373e-06,0,9.98733e-07
A0A3Q7HRC2_44_H5N3F1Pen1,1.0889e-05,1.02293e-05,1.04333e-05,0,0,0,9.14219e-06,0,0,6.91323e-07,0,0
A0A3Q7EJ69_735_H3N4F1Pen1,0.000178031,0.000236652,0.000372019,2.1143e-05,1.41209e-05,2.70555e-05,2.6083e-05,4.18968e-05,2.15625e-05,8.94988e-07,5.68863e-06,4.83382e-06
A0A3Q7ILU4_140_H5N3F1Pen1,1.52556e-05,7.22152e-06,1.27132e-05,1.54519e-07,1.00835e-06,0,3.39642e-06,6.97811e-06,6.28234e-06,0,9.98871e-07,5.03297e-07
A0A3Q7JY62_113_H4N4F2Pen1,6.46757e-05,8.68659e-05,5.29271e-05,0.000155776,8.71163e-05,0.000133537,0.000193664,0.000223179,0.000171528,2.0704e-05,4.27648e-05,3.50315e-05
A0A3Q7F7P0_165_H4N4F2Pen1,1.09664e-05,1.38779e-05,5.31687e-06,0,0,0,0,0,3.44974e-07,0,0,0
A0A3Q7GAX3_109_H4N3F1Pen1,4.7197e-06,6.91912e-07,4.21463e-06,0,3.18549e-07,0,4.2412e-06,0,3.89611e-06,6.32405e-07,0,1.04071e-06
A0A3Q7F968_93_H3N3Pen1,3.05727e-05,1.89937e-05,3.24923e-05,1.00984e-06,5.80291e-06,9.55888e-07,4.8008e-06,2.60812e-05,5.08017e-05,1.8083e-05,2.52339e-05,6.95957e-06
A0A3Q7ILU4_140_H5N3F1,0.000285982,0.000181207,0.000320533,6.33133e-06,1.86714e-06,4.7564e-06,6.46772e-05,9.52322e-05,0.000122095,2.20286e-05,1.19688e-05,2.51441e-05
A0A3Q7G7T0_531_H6N4F1Pen2,0.00115334,0.00117864,0.00129262,0.00024439,0.000304748,0.000268265,0.000140625,0.000184697,0.000150995,1.87268e-05,2.13474e-05,3.55967e-05
A0A3Q7HRC2_44_H4N3F2Pen1,0.000517729,0.00042335,0.000338359,0.000347324,0.000267476,0.000352192,0.000216274,8.50591e-05,1.34378e-05,4.51593e-06,3.11378e-06,7.46182e-07
A0A3Q7HFP1_561_H3N4Pen1,2.85785e-05,2.42543e-05,2.7039e-05,1.07072e-05,1.01932e-05,1.14281e-05,8.5323e-06,9.88122e-06,7.93101e-06,5.32163e-06,5.4748e-06,2.15925e-06
A0A3Q7HUY1_83_H3N3Pen1,0.000227786,0.000124031,0.000266333,2.89134e-05,3.81916e-05,6.88152e-06,3.06666e-05,6.88062e-05,7.16888e-05,2.51916e-06,1.26914e-05,9.50108e-06
A0A3Q7GAX3_109_H3N4F1Pen1,0.000241102,0.000216764,0.000226932,2.18653e-06,2.33474e-06,3.43828e-06,2.39683e-05,2.80977e-05,1.18734e-05,0,3.29605e-07,1.61331e-05
A0A3Q7J3H6_68_H3N4F1Pen1,0.000127173,0.000133902,0.000184287,0,1.16383e-06,1.10788e-06,0,7.6379e-07,0,3.343e-07,2.296e-07,2.14859e-06
A0A3Q7HV28_434_H4N3F1Pen1,0.000138057,7.38308e-05,7.54409e-05,6.67002e-05,0.000285682,0.000123106,0.000300231,0.000379115,0.000249994,2.33873e-05,3.44639e-06,3.15999e-05
A0A3Q7GAX3_109_H2N4F3,6.72159e-05,7.10527e-05,0.000135804,2.616e-06,3.26823e-06,7.02921e-06,1.83608e-06,2.02428e-06,0,0,4.54005e-07,0
A0A3Q7HUY1_83_H3N2Pen1,0.000114496,9.08511e-05,0.000179702,4.47612e-05,2.73237e-05,3.7035e-05,0,2.55354e-06,3.33829e-06,3.26728e-06,4.06627e-07,4.44907e-07
A0A3Q7GAX3_109_H3N3F1Pen1,8.41465e-06,1.76562e-06,2.8186e-05,0,0,0,6.64629e-07,0,0,0,0,0
A0A3Q7F7P0_165_H3N4F1Pen1,0.00269452,0.00271101,0.00351182,6.11782e-05,6.67187e-05,0.000113595,0.000150964,0.000103639,5.35668e-05,2.05309e-06,8.5115e-06,4.20961e-07
A0A3Q7FNH1_1525_H3N4F1Pen1,5.46436e-05,5.46583e-05,8.27925e-05,0,0,0,0,5.29418e-07,0,0,1.85953e-06,0
A0A3Q7JY62_113_H4N3F1Pen1,1.47034e-05,6.11891e-06,6.45269e-07,2.07063e-06,0,1.31602e-06,3.4726e-05,5.31662e-05,5.89081e-05,8.96694e-06,7.13731e-06,1.27403e-05
A0A3Q7F7P0_165_H3N3F1Pen1,0.000369734,0.000375332,0.000841393,7.76362e-05,5.14254e-05,5.78091e-05,8.60707e-05,0.000214613,5.95472e-05,3.23649e-06,2.4763e-06,3.61996e-06
A0A3Q7ILU4_140_H4N3F1Pen1,1.35752e-05,2.74736e-06,1.38671e-05,0,0,9.49218e-07,8.04317e-06,7.99309e-06,4.52571e-06,9.11764e-06,0,8.5149e-07
A0A3Q7HRC2_44_H4N3F1Pen1,8.98986e-05,8.08362e-05,7.88068e-05,6.00812e-06,1.65184e-05,1.34562e-05,6.29536e-05,2.42559e-05,9.76059e-06,0,1.14225e-06,1.16686e-06
A0A3Q7FNH1_1525_H3N3F1Pen1,0.000105555,0.000116743,0.000145872,4.36253e-06,9.60567e-06,1.28521e-05,7.77182e-06,7.6784e-06,4.88325e-06,3.55953e-07,3.42903e-07,2.97876e-07
A0A3Q7J3H6_68_H3N2F1Pen1,0.000122551,6.97067e-05,0.000309959,0,7.65682e-07,0,2.05219e-06,1.43384e-06,1.23196e-06,0,1.2838e-06,0
A0A3Q7JY62_113_H3N4F1Pen1,0.000507101,0.000585232,0.000595785,4.86654e-05,3.28927e-05,3.93858e-05,0.000164182,0.000382317,0.000191177,0,8.74797e-06,2.19641e-05
A0A3Q7GAX3_109_H3N2F1Pen1,0.000985402,0.000828093,0.00251217,0.000496144,0.000415668,0.000718644,8.73668e-05,5.97384e-05,3.5227e-05,4.80365e-06,2.28569e-05,2.59109e-05
A0A3Q7ILU4_140_H5N3,8.7381e-06,2.69214e-06,1.52832e-05,6.42174e-07,3.67532e-07,0,0,0,0,0,0,0
P15004_95_H4N2F1Pen1,6.16101e-06,8.27076e-06,1.63459e-05,2.67257e-06,1.91316e-06,0,0,3.00735e-07,0,1.51751e-05,2.32291e-05,1.19741e-05
A0A3Q7G7T0_528_H5N4F2Pen1,1.34789e-05,9.39295e-06,0,0,0,0,0,0,3.48875e-07,0,5.47034e-07,4.5577e-07
A0A3Q7G7T0_531_H5N4F1Pen2,0.0050366,0.00439486,0.00455638,0.00128028,0.00144175,0.00173338,0.00077589,0.000900782,0.0010132,2.19876e-05,4.81607e-05,6.03227e-05
A0A3Q7G7T0_528_H4N4F2Pen2,0.00332745,0.00379689,0.00379549,0.00213774,0.00223915,0.00293622,0.000733994,0.000883213,0.00046185,0.000333462,0.000463425,0.000272411
A0A3Q7F7P0_165_H3N2F1Pen1,8.10395e-05,5.59113e-05,0.000133494,6.34237e-05,3.32302e-05,7.38109e-05,5.76259e-06,7.57531e-06,3.53368e-06,7.29648e-07,4.22292e-07,5.09139e-07
A0A3Q7G7T0_531_H6N4Pen2,0.000148359,7.55096e-05,0.000140913,2.60144e-05,1.83115e-05,2.40836e-05,0,4.53912e-06,8.39021e-06,1.61014e-06,0,1.02973e-06
A0A3Q7G7T0_528_H6N4Pen2,0.000251741,0.000109469,0.000230082,5.68908e-05,4.99766e-05,5.66288e-05,7.01329e-06,1.31343e-05,5.80458e-05,0,5.6289e-06,4.86571e-06
A0A3Q7JY62_113_H3N2F1Pen1,0.000124447,0.000183351,0.000177188,4.73044e-05,3.67026e-05,5.12434e-05,1.43336e-05,2.09137e-05,1.66278e-05,6.43403e-06,5.15155e-06,1.16777e-05
A0A3Q7HRC2_44_H3N3F2Pen1,0.000150727,0.000152268,0.000172262,1.53381e-05,1.4161e-05,1.70115e-06,8.69708e-06,0,0,0,7.56483e-07,3.71201e-07
A0A3Q7GAX3_109_H3N4Pen1,1.39694e-06,0,7.71251e-06,2.77721e-06,1.31212e-05,1.66524e-05,0,5.15051e-06,0,0,0,0
A0A3Q7FAG2_58_H4N2F1Pen1,0.000734629,0.000572858,0.000400338,9.25255e-05,7.64039e-05,7.34989e-05,0,0,0,0,2.00136e-07,0
A0A3Q7FNH1_1525_H2N3F1Pen1,0.000116446,0.000103839,0.000152587,1.04719e-05,4.92163e-06,5.66604e-06,4.67827e-06,1.85321e-06,1.78393e-06,0,8.93168e-07,6.99127e-07
A0A3Q7FNH1_1525_H3N2F1Pen1,5.6283e-05,7.34499e-05,7.47673e-05,4.69107e-06,4.32896e-06,9.4606e-06,7.44751e-06,2.68638e-05,1.24627e-05,3.9335e-07,1.30419e-06,1.42713e-06
A0A3Q7HRC2_44_H3N3F2,0.00019674,0.000186474,0.000614157,4.0061e-05,6.93027e-05,0.000121995,6.46751e-05,3.98297e-05,3.58737e-07,6.39216e-06,9.95035e-06,7.49681e-06
A0A3Q7HV28_434_H3N3Pen1,2.07295e-05,1.47112e-05,6.77715e-05,7.65193e-06,7.84953e-06,4.62824e-07,2.35842e-05,2.54725e-05,2.08146e-05,9.64384e-06,1.52915e-05,1.13328e-05
A0A3Q7F7P0_165_H3N4Pen1,0.000199448,0.000136994,0.000402369,0,7.19641e-07,0,6.78472e-06,1.01715e-05,7.0004e-06,0,0,7.11209e-07
A0A0C5AJS1_430_H3N3F1Pen1,3.16408e-05,2.55027e-05,3.75989e-05,7.80586e-07,0,1.38944e-06,0,3.63638e-06,5.64189e-06,4.0704e-06,6.58922e-07,1.46818e-06
A0A3Q7GAX3_109_H3N2Pen1,0.00010043,0.000101247,0.000165381,2.87711e-05,1.81241e-05,1.27213e-05,5.23702e-06,5.22693e-06,5.27008e-06,4.90594e-07,7.80549e-07,2.4919e-07
A0A0C5AJS1_430_H3N2F1Pen1,1.50111e-05,2.01334e-06,1.73245e-05,2.24446e-06,2.5688e-06,2.44576e-06,0,0,8.83653e-07,0,0,0
A0A3Q7F7P0_165_H3N3Pen1,3.0121e-06,8.1486e-07,1.46147e-05,1.38107e-06,3.12112e-07,0,3.78364e-07,3.89099e-07,9.35558e-07,0.000250985,0.000225717,0.000193058
A0A3Q7HRC2_44_H3N4F1Pen1,0.00204,0.0019509,0.00161967,7.77385e-07,3.81693e-06,2.00681e-06,2.36787e-05,1.29524e-05,1.17759e-05,4.54115e-06,1.32935e-05,7.34435e-06
A0A3Q7GFG8_831_H3N3F1Pen1,7.17087e-06,3.61779e-07,0,2.29112e-06,0,0,4.7895e-06,1.01077e-05,7.46378e-06,1.15716e-06,8.25847e-07,2.97017e-07
A0A3Q7JY62_113_H3N4Pen1,1.70485e-05,1.75792e-05,2.67918e-05,0,2.29392e-05,3.52681e-07,2.30265e-05,2.58992e-05,2.84747e-05,6.79599e-07,1.43318e-06,0
A0A3Q7HRC2_44_H3N3F1Pen1,0.000206908,0.000246896,0.0002814,0,0,4.87979e-07,1.29033e-06,2.954e-06,3.64174e-07,0,0,4.58335e-07
A0A3Q7J2K7_461_H3N4Pen1,6.9701e-06,4.62151e-06,8.61343e-06,7.00563e-07,0,3.40811e-06,0,1.02089e-06,9.71586e-06,0,0,0
P15004_95_H2N2Pen1,5.34608e-05,3.65159e-05,6.49054e-05,1.24173e-06,1.56405e-07,9.97758e-07,2.07812e-06,2.14302e-06,1.26743e-06,1.80964e-05,3.76751e-06,2.34711e-05
P15004_95_H2N2F1Pen1,4.24092e-05,3.19282e-05,4.94443e-05,6.84846e-07,6.72919e-07,0,0,4.01165e-06,3.72787e-06,2.59346e-06,0,3.98258e-06
P15004_95_H2N2F1,5.64153e-05,5.04249e-05,6.96321e-05,0,4.40111e-07,0,2.82555e-06,4.64651e-06,1.09509e-06,4.0716e-05,1.59731e-06,1.52329e-05
A0A3Q7FNH1_1525_H2N2F1Pen1,0.00031389,0.00028025,0.00040936,5.49042e-05,2.6296e-05,6.48213e-05,1.15554e-06,8.0966e-07,2.40404e-06,6.74545e-07,9.58296e-07,1.79549e-07
P15004_95_H6N4F3,8.32122e-07,8.05445e-07,0,0,0,0,0,0,0,0,0,0
A0A3Q7IMQ2_142_H3N4F1Pen1,0.000116983,0.000115581,7.70085e-05,0,3.0645e-06,0,1.32037e-05,3.04787e-05,1.23432e-05,0,0,2.9694e-06
P15004_95_H3N2,2.86272e-05,2.19245e-05,3.62562e-05,0.000103498,0.000112124,0.0003445,2.77019e-06,4.30237e-06,1.11602e-05,2.10293e-05,0,3.73954e-07
P15004_95_H1N2F1Pen1,1.60804e-06,7.74292e-07,0,0,3.74497e-07,0,3.39957e-07,2.27629e-07,7.69307e-07,4.26544e-07,7.67424e-06,1.73388e-05
A0A3Q7IMQ2_142_H3N3F1Pen1,6.47148e-06,1.03273e-05,0,0,0,0,0,0,0,0,0,0
A0A3Q7GDZ4_114_H3N2F1Pen1,7.76953e-07,2.47058e-06,5.15833e-06,0,0,0,0,0,0,0,0,0
A0A3Q7IMQ2_142_H3N2F1Pen1,0.000754425,0.000533866,0.000595895,0.000130635,0.000110908,9.85197e-05,1.68054e-05,4.12121e-05,2.27972e-05,4.86461e-05,2.09472e-05,1.69598e-05
A0A3Q7G7T0_528_H4N4F1Pen2,0.00130352,0.0007892,0.000853696,0.000643866,0.000632257,0.00101955,0.000217264,0.000245234,0.000308018,8.43915e-06,2.04917e-05,2.071e-05
A0A3Q7HRC2_44_H3N2F1Pen1,0.0017291,0.00156264,0.00420867,0.000454791,0.000397399,0.000612371,0.000142472,7.73754e-05,7.73726e-05,8.47859e-05,8.28111e-05,0.000186278
A0A3Q7G7T0_531_H4N4F2Pen2,0.00362616,0.00472929,0.00277474,0.00256149,0.00261157,0.00296788,0.000693004,0.00122599,0.000622162,0.000504444,0.000920357,0.000624526
Q9ZS44_381_H4N3F2Pen1,1.00081e-06,1.41741e-06,0,0,0,0,5.08145e-07,0,0,0,0,0
P15004_95_H3N2F1,2.59119e-05,1.1521e-05,5.86276e-05,7.4289e-07,2.73208e-07,2.80341e-07,0,4.81523e-06,3.00197e-06,1.28642e-05,4.85302e-06,2.20016e-06
A0A3Q7G7T0_528_H3N4F2Pen1,3.9473e-05,4.67075e-05,6.24368e-05,0,5.79335e-06,4.64918e-06,5.55725e-06,3.95869e-06,2.13779e-06,5.91658e-07,0,1.38252e-06
A0A3Q7GAX3_345_H5N3,0.000140611,1.04523e-05,2.31124e-05,3.4448e-05,4.32951e-05,6.64722e-05,0.000483689,0.000696276,0.00103732,0.00172451,0.00216053,0.00270968
A0A3Q7I4S3_225_H3N4F1Pen1,7.15142e-06,2.99353e-06,1.55039e-05,0,0,0,0,1.50534e-05,5.45719e-06,0,0,5.54994e-07
A0A3Q7G7T0_531_H3N4F2Pen1,2.65162e-05,4.67075e-05,6.14601e-05,2.76504e-07,2.26929e-06,0,0,0,0,5.91658e-07,0,4.6084e-07
A0A3Q7HRC2_44_H3N4Pen1,0.000152564,8.80114e-05,0.000245326,3.49161e-07,0,1.94564e-06,6.82075e-07,1.17863e-06,1.43082e-06,2.41777e-06,1.08496e-06,2.36725e-07
A0A3Q7I4S3_225_H3N3F1Pen1,1.33877e-05,1.32346e-05,2.82989e-05,0,0,0,7.70863e-06,8.71557e-06,4.08922e-06,4.22683e-07,6.56602e-07,3.09129e-07
A0A3Q7HRC2_44_H3N3F1,0.000176673,0.000159707,0.000409037,9.02669e-07,1.14237e-06,0,0,0,2.54657e-07,0,0,2.63339e-07
A0A3Q7IMQ2_142_H3N2Pen1,7.72934e-06,4.21916e-06,9.48158e-06,0,0,3.2455e-07,0,0,3.18886e-07,0,4.34353e-07,3.94621e-07
A0A3Q7HRC2_44_H3N2Pen1,0.000154187,0.000111098,0.000461388,5.88138e-05,6.00795e-05,5.53492e-05,6.79385e-06,5.31774e-05,2.06796e-07,0,1.44976e-06,7.22265e-07
A0A3Q7J4M1_275_H3N2F1Pen1,0.000109585,0.000149899,0.000219339,8.11186e-05,5.84008e-05,5.76145e-05,4.47292e-06,1.98376e-06,3.3142e-06,1.14187e-06,6.33495e-07,5.59972e-06
A0A3Q7GFU5_102_H9N2,0.000468107,0.000509651,0.000376999,0.00156319,0.0013465,0.00133456,0.0010496,0.00151003,0.00144502,0.00220291,0.00199511,0.00220806
A0A3Q7I6Z9_215_H3N4F1Pen1,6.40271e-05,9.56166e-05,5.47079e-05,0,0,0,6.97118e-05,0.000263055,0.000159679,0,4.2672e-07,7.20135e-06
A0A3Q7F095_493_H3N4F1Pen1,5.33888e-05,1.5962e-05,3.93845e-05,4.1862e-06,1.10326e-05,0,2.17003e-05,3.30025e-05,1.99837e-05,2.85051e-06,2.74919e-06,7.15196e-07
A0A3Q7I6Z9_215_H4N4Pen1,3.21666e-05,4.49509e-05,3.32236e-05,6.84377e-06,3.40808e-06,5.79932e-06,7.3894e-05,0.000108182,0.000112085,4.20212e-05,3.09398e-05,3.78669e-05
A0A3Q7HRC2_44_H2N2F1Pen1,8.53804e-05,9.66282e-05,0.000247492,2.51408e-06,3.89061e-06,3.00459e-06,3.47878e-05,2.02128e-05,4.58243e-05,1.19158e-05,1.90441e-06,5.50545e-07
A0A3Q7FZP1_399_H3N4F1Pen1,0.000395659,0.000475947,9.9694e-05,0.000126867,9.67342e-05,2.88302e-05,8.17446e-05,0.000131368,0.000154094,1.88996e-05,8.54556e-05,0.000158754
A0A3Q7GFU5_102_H8N2,0.00113166,0.000801499,0.000461173,0.000268596,0.000207069,0.000184608,0.0015141,0.0018513,0.00171301,0.00276085,0.00302313,0.00296104
A0A3Q7G7T0_531_H5N4Pen2,5.82566e-05,4.88146e-05,9.55282e-05,2.82117e-05,1.52765e-05,4.1007e-05,3.74473e-05,3.87145e-05,0.000129567,2.48579e-06,1.92734e-06,3.93457e-06
A0A3Q7G7T0_528_H5N4Pen2,0.000181065,7.37684e-05,0.000213628,6.55901e-05,4.70359e-05,7.66743e-05,4.83742e-05,5.81689e-05,0.000168044,1.26061e-05,3.03131e-06,3.93829e-06
A0A3Q7G7T0_531_H4N4F1Pen2,0.000516164,0.000335663,0.000376209,0.000324115,0.000290604,0.000462561,0.000195285,0.00026536,0.000325282,6.84407e-06,6.83647e-06,1.86877e-05
A0A3Q7G7T0_528_H3N3F1Pen1,0.000583826,0.000735442,0.000920211,1.3201e-06,9.41881e-06,1.17258e-05,3.17892e-06,4.35381e-06,4.37454e-06,4.9653e-07,5.51486e-07,3.27781e-07
A0A3Q7GFU5_102_H7N2,0.00257982,0.00258191,0.00192319,0.000525705,0.000324246,0.000376489,0.000907642,0.00148375,0.00178118,1.20628e-05,5.00807e-05,1.83596e-05
A0A3Q7G7T0_528_H3N4F1Pen1,0.000624999,0.000846319,0.000742613,4.16796e-05,4.84558e-05,6.0678e-05,5.65029e-05,3.42288e-05,2.47632e-05,8.31048e-05,0.000133874,0.000158092
A0A3Q7I6V9_226_H6N2,1.9109e-05,1.4525e-05,1.76846e-05,2.46839e-05,0.000212173,5.22444e-05,5.09483e-05,1.76432e-05,1.65571e-05,1.9383e-05,3.25164e-05,3.91214e-05
A0A3Q7G7T0_531_H3N3F1Pen1,0.000531313,0.000651141,0.000750969,3.71409e-06,1.42897e-05,3.64693e-06,2.79902e-06,8.45795e-07,7.62657e-06,1.40001e-06,1.05814e-06,1.36886e-06
A0A3Q7G7T0_531_H3N4F1Pen1,0.000410964,0.00053063,0.000543118,2.68213e-05,4.46128e-05,3.48173e-05,6.17591e-05,4.59703e-05,3.21186e-05,0.000150392,0.000127194,0.000137212
Q9ZS44_381_H3N4F1Pen1,0.000873492,0.000633813,0.000966483,3.66556e-06,5.83641e-06,5.66601e-07,3.64434e-05,9.1355e-06,6.55601e-06,4.16199e-06,1.76713e-06,1.30806e-05
Q9ZS44_381_H3N3F1Pen1,8.90313e-05,8.21217e-05,0.000178728,0.000101103,5.39082e-05,0.000112304,7.78509e-07,0,0,0,0,0
K4BK85_54_H3N4F1Pen1,2.90855e-05,2.86694e-05,8.11541e-06,7.06234e-06,7.92497e-06,2.23162e-06,7.58777e-05,0.000103321,5.94221e-05,2.98029e-05,2.71096e-06,4.14124e-06
A0A3Q7IDM1_500_H5N4F3Pen1,2.06361e-05,1.63157e-05,6.35771e-06,3.2059e-05,2.14419e-05,1.47269e-06,8.97235e-05,0.000103503,5.54074e-05,0,7.32666e-06,3.07547e-05
A0A3Q7GFU5_102_H6N2,3.70654e-05,2.34617e-05,2.72063e-05,2.74595e-07,1.62896e-06,0,3.69311e-05,5.48229e-05,4.14889e-05,3.8743e-07,7.73774e-07,6.38399e-07
Q9ZS44_381_H3N2F1Pen1,2.59686e-05,1.33872e-05,5.43504e-05,0,7.61759e-07,1.30861e-06,3.33536e-06,3.45442e-05,4.47683e-05,1.18084e-05,1.5984e-05,5.01171e-05
A0A3Q7G7T0_531_H3N2F1Pen1,4.68615e-05,5.24535e-05,0.00011271,1.0829e-06,2.34233e-07,7.82664e-07,0,0,3.21001e-06,0.00013223,8.86196e-05,0.000214952
A0A3Q7G7T0_528_H3N3Pen1,6.21958e-05,5.42804e-05,0.000129384,0,0,0,0,0,0,0,2.66232e-07,0
A0A3Q7G7T0_528_H3N4Pen1,6.90798e-05,5.84281e-05,0.000102753,0,0,9.22317e-07,1.37562e-06,0,1.90391e-06,0,0,2.72196e-06
A0A3Q7G7T0_531_H3N4Pen1,5.93643e-05,4.80885e-05,3.3069e-05,6.90586e-07,0,3.60386e-06,0,3.9829e-07,0,6.5819e-06,0,7.00824e-07
A0A3Q7G7T0_528_H2N3F1Pen1,0.000691923,0.000691006,0.00128978,0.000128278,8.86546e-05,0.000192366,7.46479e-05,3.77558e-05,1.86881e-05,9.04017e-05,1.10784e-05,1.7272e-05
A0A3Q7G7T0_531_H3N3Pen1,3.13908e-05,2.63594e-05,6.4692e-05,0,0,0,0,0,0,0,0,0
A0A3Q7G7T0_528_H2N4F1Pen1,0.000309928,0.000336366,0.000436915,8.56188e-05,7.09232e-05,9.10667e-05,1.44958e-05,2.00769e-05,1.40201e-05,4.87819e-06,9.19458e-06,6.3395e-06
A0A3Q7G7T0_531_H2N3F1Pen1,0.000597112,0.000528543,0.00112114,0.000114074,9.62269e-05,0.000199921,9.96771e-05,3.87251e-05,3.59547e-05,0.000180957,2.83591e-05,2.57771e-05
A0A3Q7G7T0_531_H2N4F1Pen1,0.000100448,0.000114415,0.000140448,2.96139e-05,3.09722e-05,3.10288e-05,1.18181e-06,1.2011e-06,1.90941e-06,1.25272e-06,1.09477e-06,9.46074e-07
A0A3Q7JI87_23_H3N2F1Pen1,1.65588e-05,1.63448e-05,1.77334e-05,0,0,0,2.77519e-07,0,8.78829e-07,8.41968e-07,2.29802e-07,1.3021e-06
A0A3Q7I1S7_427_H3N4F1Pen1,1.20493e-05,1.02208e-05,2.66799e-06,0,0,0,0,0,0,0,0,0
A0A3Q7FV43_207_H3N4F1Pen1,1.07583e-05,4.60718e-06,0,3.88119e-07,3.88324e-06,0,4.32047e-05,5.99189e-05,5.32074e-05,1.13852e-06,4.47482e-06,1.12814e-05
A0A3Q7G7T0_531_H4N4Pen2,2.68134e-05,8.31253e-06,2.29534e-05,0,8.42289e-06,4.68007e-06,3.20999e-05,2.88076e-05,5.40298e-05,5.53859e-05,8.47657e-06,5.83252e-06
A0A3Q7E8A8_70_H9N2,2.56775e-05,1.78263e-05,3.82008e-06,0.00245377,0.0017254,0.00412516,2.92104e-05,9.35278e-06,1.68681e-05,9.97953e-07,6.10496e-06,2.03363e-05
Q9ZS44_381_H3N4Pen1,0.000374192,0.000329991,0.000514128,0.000167365,0.000168833,0.000362504,2.37541e-06,1.78941e-05,2.81311e-05,1.60098e-05,9.4273e-06,2.24328e-05
A0A3Q7I6V9_420_H7N2,1.43524e-05,1.26642e-05,0,2.13998e-06,0,1.0492e-05,9.40125e-05,0.000150025,0.000153133,3.21017e-05,0.000107251,0.000130267
A0A3Q7EH56_44_H3N4F1Pen1,0.00245999,0.00226197,0.0035207,4.8709e-05,8.12942e-05,5.18741e-05,0.000526433,0.000416185,0.000441716,2.39471e-05,2.99685e-05,2.50299e-05
A0A3Q7IU14_185_H3N4F1Pen1,2.95034e-06,2.10512e-06,0,0,0,0,2.5682e-06,3.97072e-06,2.15009e-06,0,9.61229e-06,7.73934e-06
A0A3Q7IU14_185_H3N3F1Pen1,5.95928e-06,3.10534e-06,1.3281e-06,0,0,2.57024e-07,3.26183e-06,8.53922e-06,4.34162e-06,0,3.03799e-06,5.02187e-06
A0A3Q7G7T0_528_H2N4Pen1,1.4564e-05,6.59152e-06,2.55854e-05,1.5054e-06,5.08161e-06,0,0,2.28038e-05,1.49753e-05,0,1.36532e-05,1.35596e-05
A0A3Q7G7T0_528_H2N3Pen1,3.55234e-05,1.81489e-05,8.75912e-05,3.00253e-06,0,0,0,1.96579e-06,1.00868e-06,0,0,8.09041e-07
A0A3Q7FGZ9_547_H3N2F1Pen1,9.28717e-05,0.000101016,4.73189e-05,3.79811e-05,3.98176e-05,2.05739e-05,3.98962e-06,6.97703e-06,5.55525e-06,0,2.18629e-06,4.54472e-06
A0A3Q7F792_295_H3N4F1Pen1,3.26452e-05,2.96437e-05,0,0,1.36379e-06,6.4012e-07,0.00025406,0.000485643,0.000414134,2.73301e-06,5.03024e-06,4.22011e-06
A0A3Q7E8A8_70_H3N3F1Pen1,9.61743e-07,8.28157e-07,6.25604e-06,0,6.48251e-07,0,1.92484e-06,8.9258e-06,1.39798e-05,0,0,0
A0A3Q7F792_295_H3N2F1Pen1,6.05923e-06,6.0687e-06,0,4.81628e-07,5.04802e-07,0,8.77322e-06,1.79761e-05,1.25019e-05,1.9614e-06,0,8.35522e-06
A0A3Q7FGZ9_547_H3N2Pen1,7.89467e-06,7.99585e-06,1.12836e-06,2.2645e-06,5.86359e-07,1.76832e-06,8.80291e-07,1.77875e-06,1.86977e-06,5.21334e-06,1.5415e-06,3.2296e-06
A0A3Q7GR21_127_H9N2,0.00146927,0.00123682,0.000656554,0.0035536,0.00307455,0.00305849,0.00365005,0.0040786,0.00354247,0.00262726,0.00224539,0.00271997
A0A3Q7HIQ8_162_H3N4F1Pen1,1.29467e-06,0,0,0,0,0,0,0,5.66279e-07,0,0,0
A0A3Q7GR21_127_H8N2,0.00270284,0.00170812,0.00114352,0.000411554,0.000430751,0.000185057,0.00312726,0.0039908,0.00317516,0.00232567,0.00184234,0.00207765
A0A3Q7E8A8_70_H3N2F1Pen1,7.01267e-06,4.00194e-06,9.63321e-06,1.75532e-06,4.9152e-07,2.55735e-07,0,0,0,0,5.03079e-07,0
A0A3Q7G7T0_261_H4N2Pen1,3.91215e-06,2.67144e-06,3.25358e-06,1.08652e-05,1.18516e-05,4.7496e-06,9.74624e-06,1.7681e-05,1.37603e-05,3.84939e-06,3.88216e-06,8.87344e-07
A0A3Q7H8B1_336_H3N4F1Pen1,6.19374e-06,0,0,1.04159e-06,0,0,1.95659e-05,2.73052e-05,1.26874e-05,1.61039e-06,2.71561e-06,2.15283e-06
A0A3Q7GVD6_157_H5N2F1Pen1,9.18542e-06,1.19632e-05,0,0,0,0,0,0,0,0,0,0
A0A3Q7HV10_92_H7N2,5.20583e-05,2.93365e-05,0.000191242,2.84425e-06,4.34339e-05,9.16552e-06,0.00203466,0.00205818,0.0019256,0.00125933,0.00171912,0.00154065
A0A3Q7H4L1_64_H3N4F1Pen1,0.000156923,0.000148113,7.7844e-05,2.64928e-07,2.15869e-06,0,0.000100204,0.00016111,0.00012579,2.55477e-06,0,3.61857e-06
A0A3Q7FFV1_438_H3N2Pen1,5.76622e-05,3.10372e-05,1.78164e-05,1.2302e-06,1.79898e-06,1.32078e-06,7.27872e-05,0.000113403,0.00013318,0,0,0
A0A3Q7J1J0_128_H7N2,0.000192223,0.000215854,0.000249323,8.30276e-06,2.663e-05,4.53801e-06,0.000115477,0.000201944,9.18686e-05,8.44012e-05,0.000101324,0.000127415
A0A3Q7I1E3_405_H3N4F1Pen1,0.000257019,0.00021634,0.000220557,7.30173e-07,0,0,8.63974e-05,0.000103345,6.34178e-05,2.39247e-06,5.63792e-06,2.03486e-06
A0A3Q7GVD6_157_H4N2F1Pen1,2.45253e-05,2.07833e-05,2.85577e-06,8.92178e-07,0,0,0,0,0,0,0,1.38489e-06
A0A3Q7GVD6_157_H3N2F1Pen1,0.00127641,0.00107545,0.000895319,8.90185e-06,2.02132e-05,9.24765e-06,8.19253e-05,9.18975e-06,2.23707e-05,2.37657e-05,1.72599e-05,1.60799e-05
A0A3Q7F3X3_286_H8N2,0.000290415,0.000201644,8.74904e-05,2.99344e-05,4.82654e-05,8.75257e-05,0.00070492,0.00118924,0.000605357,0.000630845,0.00110195,0.00106703
D3TI68_741_H3N2F1Pen1,1.40669e-05,1.81021e-05,2.43038e-05,2.85385e-07,4.80352e-07,4.22964e-06,4.6663e-06,5.47078e-06,0,7.52545e-07,3.05448e-07,1.76708e-06
Q9ZRX6_47_H8N2,0.000263402,0.000213283,0.000119563,0.000397339,0.000370542,0.000291014,0.00164216,0.00130496,0.00160574,0.00225551,0.00386673,0.00429149
A0A3Q7GVD6_157_H4N2Pen1,3.47469e-06,0,0,0,0,0,2.34108e-05,0,0,0,0,0
A0A3Q7GVD6_157_H2N2F1Pen1,0.000656472,0.000562382,0.000511786,1.39509e-06,4.78511e-06,0,4.20566e-06,9.45639e-06,1.3125e-05,9.27595e-07,2.22209e-06,1.48266e-05
A0A3Q7GVD6_157_H3N2Pen1,1.59148e-05,1.35281e-06,1.90021e-05,0,0,0,0,7.87539e-06,2.23767e-05,0,0,9.81411e-07
Q9ZRX6_47_H7N2,2.34435e-05,2.09687e-05,4.67233e-06,6.17485e-05,6.46594e-05,9.9534e-05,0.000251144,0.000240952,0.0002324,0.000377634,0.000450492,0.001085
A0A3Q7HFP1_533_H9N2,0.000116853,0.000265455,9.37833e-05,0.000617706,0.000696555,9.22886e-05,0.0109979,0.011582,0.00994949,0.00982857,0.0109418,0.0100672
A0A3Q7IZQ5_107_H8N2,1.84536e-05,1.85413e-05,0,2.16245e-05,9.54027e-07,6.18169e-07,4.12019e-05,0.000102928,0.000100402,5.29478e-05,2.88151e-05,2.19063e-05
A0A3Q7HXT9_114_H3N4F1Pen1,0.000447179,0.000276684,0.000270367,6.05075e-06,3.49242e-06,4.39155e-06,0.000751097,0.000688313,0.000409973,0.000259223,0.000386472,0.000266098
A0A3Q7HFP1_533_H8N2,6.25345e-05,8.81475e-06,4.87306e-05,7.74953e-05,0.000139125,4.06401e-05,0.00768348,0.00650788,0.00632586,0.00848805,0.00948573,0.00964046
A0A3Q7F8E3_212_H3N4F1Pen1,2.47337e-05,2.02086e-05,1.3135e-06,3.29845e-05,2.66124e-05,3.98248e-05,1.7988e-05,1.14512e-05,1.24768e-05,9.52353e-07,0,0
A0A3Q7HXT9_114_H3N3F1Pen1,8.63589e-06,5.00636e-06,0,0,0,0,0,0,0,0,0,0
A0A3Q7IZQ5_208_H8N2,0.00208729,0.00184556,0.00172935,0.000689155,0.000603325,0.000462973,0.00502042,0.0057701,0.00517245,0.00424346,0.00435829,0.00523275
O82777_745_H3N4F1Pen1,0.000261197,0.000301207,0.000365748,5.41236e-05,6.49525e-05,5.77017e-07,0.00010192,0.000140082,7.03055e-05,4.16517e-06,4.60362e-06,6.01245e-05
O82777_745_H3N3F1Pen1,1.30928e-06,0,1.70628e-06,0,0,0,6.50979e-06,5.76787e-06,1.1972e-05,1.32746e-05,5.3645e-06,6.85539e-06
A0A3Q7F8E3_212_H3N2F1Pen1,0.000191323,0.000159679,0.000274255,7.95081e-06,1.08739e-05,9.10083e-07,2.80482e-05,3.23233e-05,3.51788e-05,3.50019e-06,1.20023e-06,6.74824e-07
A0A3Q7GFN0_588_H3N4F1Pen1,0.000217763,0.000148526,0.000177543,0,2.63282e-06,0,7.58006e-07,0,0,2.60109e-06,0,1.47139e-06
A0A3Q7GVD6_157_H2N2Pen1,2.02492e-06,0,0,0,0,0,0,0,0,1.3268e-05,5.21582e-06,0
A0A3Q7GFN0_588_H3N3F1Pen1,0.000174539,0.000143319,0.00023579,9.03283e-06,3.01013e-05,0,1.99506e-06,3.20801e-06,1.51078e-06,5.98542e-05,9.2333e-05,6.96093e-06
A0A3Q7IZQ5_107_H7N2,1.38021e-06,0,0,1.18754e-06,4.60794e-07,0,5.93638e-07,9.93346e-07,0,0,0,0
A0A3Q7FF75_135_H6N4F1Pen2,2.44972e-05,0,0,3.21016e-05,5.46731e-06,0,0.000374919,6.66456e-05,0.000257137,0.00253771,0.0018878,3.25971e-06
A0A3Q7IZQ5_208_H7N2,0.00346166,0.00423341,0.00233957,0.00038128,0.000418532,0.000402765,0.00548614,0.00490995,0.00506709,0.00265159,0.00217477,0.00260312
A0A3Q7FF75_135_H5N4F3Pen1,1.67711e-05,2.96345e-05,4.36368e-05,3.16477e-05,3.60819e-05,1.50909e-05,0.00032661,0.000278903,0.000212941,0.00295829,0.00083678,0
A0A3Q7F3X3_1199_H8N2,4.49526e-05,7.34435e-06,0,5.62612e-05,1.75581e-05,7.20947e-06,0.000893338,0.00146711,0.000940732,0.000883209,0.000797852,0.00102739
A0A3Q7F9I5_73_H3N4F1Pen1,5.03446e-05,5.42134e-05,4.58268e-05,4.83513e-07,5.53692e-07,0,0,0,7.18721e-07,0,0,3.32648e-06
A0A3Q7GX88_181_H9N2,0.000341646,0.000526097,0.000583834,0.033192,0.032588,0.0326447,0.000354253,0.00063135,0.000701495,0.000419262,0.000447557,0.000515358
A0A3Q7F9I5_73_H3N3F1Pen1,2.88249e-06,4.32576e-06,1.75279e-05,0,0,0,1.84969e-06,0,0,0,0,0
A0A3Q7FF75_135_H4N4F2Pen1,1.90359e-05,5.86991e-06,9.71746e-07,0,4.44386e-06,0,0.000114184,0.000209527,0.000136426,9.19449e-06,3.24858e-05,1.1247e-05
A0A3Q7GX88_181_H8N2,0.0141163,0.0143433,0.013767,0.00348554,0.00373713,0.00418194,0.0081612,0.0105276,0.00913093,0.00965701,0.00770738,0.00786434
A0A3Q7F2J4_473_H3N2F1Pen1,1.07739e-06,9.24883e-06,7.21169e-06,1.18623e-06,1.28874e-06,0,3.59773e-06,5.60845e-06,6.35709e-06,6.70437e-07,4.82575e-06,0
A0A3Q7GX88_181_H7N2,0.0164907,0.0139891,0.0156807,0.00352461,0.00329023,0.00341713,0.00413446,0.00678034,0.00600759,0.00401388,0.00420685,0.00546718
A0A3Q7F3X3_1199_H7N2,0.000583165,0.000268715,8.77356e-05,4.19855e-05,6.71422e-05,0,0.00327268,0.00332266,0.0024647,0.00313386,0.00275821,0.00329383
A0A3Q7F9I5_73_H3N2F1Pen1,5.22428e-05,3.49255e-05,0.000131202,0,0,3.07914e-06,9.46067e-06,1.00679e-05,8.63574e-06,0,0,2.42208e-07
A0A3Q7HVC4_674_H7N2,0.000350256,0.000277301,0.000156061,3.35094e-06,9.31238e-06,0,0.000240025,0.000564239,0.000490365,0.000310843,0.000272457,0.000387924
A0A3Q7FF75_135_H5N4Pen2,1.4984e-05,0,1.64923e-06,6.32106e-07,4.65588e-06,0,2.68566e-05,2.80037e-05,2.24148e-05,6.15503e-06,9.00497e-07,1.84131e-06
A0A3Q7GIG7_362_H8N2,0.000120886,0.00027699,4.46501e-05,0.000481703,0.000727746,0.000462351,8.0826e-05,0.000324654,0.000270865,0.000111489,5.61627e-05,0.000122
A0A3Q7F3X3_1199_H3N4F1Pen1,5.51597e-06,0,0,1.41739e-06,0,0,3.56987e-05,5.55308e-05,1.77681e-05,0,0,8.5688e-07
A0A3Q7GX88_181_H6N2,0.00153544,0.00141105,0.00172321,0.000147711,0.000242669,2.87217e-05,0.000142191,0.000180518,0.000191615,5.34945e-05,6.93821e-05,0.000223037
A0A3Q7G0C5_145_H8N2,0.000971526,0.000991911,0.00063172,0.000108509,0.000118426,3.96714e-05,0.00069428,0.00143809,0.00151044,0.000381836,0.00065074,0.000588769
A0A3Q7FF75_135_H3N4F1Pen1,0.00940978,0.00764538,0.00506668,0.00107312,0.00115111,0.000784515,0.00347376,0.0101919,0.00974263,0.00034418,0.000359445,0.000369653
A0A3Q7GIG7_362_H7N2,0.00288953,0.00225494,0.00144249,7.50192e-05,5.15825e-05,2.82983e-05,0.00277556,0.00443821,0.00426517,0.00309943,0.00163934,0.00161054
A0A3Q7FF75_135_H3N3F1Pen1,0.00227103,0.00136496,0.00172388,0.000391496,0.000409755,0.000265694,0.000860875,0.00105247,0.000847765,7.02092e-06,2.21506e-05,2.13674e-05
A0A3Q7GIG7_362_H6N2,0.000117837,7.0451e-05,5.19558e-05,2.40679e-06,4.60892e-07,2.68387e-06,1.12953e-05,1.7372e-05,9.69399e-06,8.77548e-07,4.84705e-07,1.55738e-06
A0A3Q7G0C5_145_H7N2,0.00466399,0.00394748,0.00406077,2.98764e-05,0.000113987,6.8698e-06,0.00152951,0.00201252,0.00196981,0.000731196,0.00113399,0.0012227
A0A3Q7FF75_135_H3N4Pen1,0.00107934,0.000439583,0.000825901,7.67339e-05,0.000131598,1.08918e-05,0.000249433,0.000641701,0.00125535,1.09515e-05,9.58376e-06,4.70938e-05
A0A3Q7IGR5_441_H4N3F1Pen1,6.42e-06,6.47128e-06,0,0,2.26813e-06,0,4.8492e-05,7.60714e-05,7.70798e-05,1.58219e-06,1.67116e-06,1.6818e-06
A0A3Q7FF75_135_H3N2F1Pen1,0.000142533,0.000133087,6.70878e-05,6.43243e-05,5.02982e-05,1.84534e-05,1.45981e-05,2.29194e-05,2.33867e-05,3.95157e-06,1.3628e-06,0
A0A3Q7FF75_135_H3N3Pen1,0.00010581,5.26586e-05,0.000114477,2.59965e-06,6.29711e-06,0,1.75736e-05,1.8137e-05,2.89553e-05,1.91514e-06,1.95839e-06,1.42872e-06
A0A3Q7GIG7_362_H3N4F1Pen1,0.000133459,0.000122537,0.000112941,0,9.12856e-05,0,5.55808e-06,0,3.54544e-06,0,2.5508e-06,1.81597e-06
A0A3Q7F218_537_H3N4F1Pen1,3.77094e-06,1.12365e-06,0,0,0,0,0,0,0,0,0,0
A0A3Q7IGR5_441_H3N2Pen1,8.93287e-07,5.3504e-07,1.01499e-06,0,0,0,0,0,0,0,0,0
A0A3Q7GIG7_362_H3N4Pen1,0.000118394,3.78433e-05,3.91685e-05,1.24976e-06,0,0,1.63573e-06,0,0,0,0,2.25378e-06
A0A3Q7G4E2_91_H8N2,0.00817055,0.00752795,0.00540802,0.00166504,0.00148695,0.00150316,0.0095095,0.0159986,0.0155874,0.00521826,0.00846631,0.0102634
A0A3Q7IZQ5_337_H8N2,0.000594752,0.000557144,0.000153038,0.00068255,0.000593984,0.000411375,0.00168257,0.00363233,0.00283351,0.00208625,0.00152448,0.00170026
A0A3Q7G4E2_91_H7N2,0.00186555,0.00119539,0.00132004,8.1959e-05,0.000128097,1.13561e-05,0.00246638,0.00318297,0.00241142,0.00100762,0.00118996,0.00139639
A0A3Q7G4E2_91_H5N2,1.81653e-06,0,0,0,0,0,0,0,0,0,0,0
A0A3Q7EH56_44_H4N4F2Pen1,3.03386e-05,2.82792e-05,2.49574e-05,0,0,0,2.28682e-05,2.52722e-05,6.91433e-06,0,0,5.56067e-06
A0A3Q7F968_106_H5N4F3Pen1,0.00290968,0.00222397,0.00100315,0.00137853,0.00178984,0.00161538,0.00303977,0.00272627,0.00208922,0.000341391,0.000183205,0.000288954
A0A3Q7F968_106_H4N3F2Pen1,6.08142e-05,5.94137e-05,3.42485e-05,1.37545e-05,1.48515e-05,2.64484e-06,1.30425e-05,2.05146e-05,6.61379e-06,0,0,0
A0A3Q7F968_106_H5N4F2Pen1,0.00178566,0.0013023,0.00120215,0.00064661,0.00107002,0.00101819,0.00239702,0.00250281,0.00222264,8.53318e-05,0.000144231,0.000176484
A0A3Q7IZQ5_337_H7N2,0.00643142,0.00521307,0.00303761,0.000175772,0.000203422,7.30006e-05,0.014613,0.0184639,0.0174909,0.0100958,0.0107223,0.0143675
A0A3Q7F968_106_H5N4F1Pen1,0.000710458,0.000348912,0.000461827,0.000311855,0.000312228,0.000273453,0.000651018,0.000810684,0.00133246,1.6504e-05,2.14567e-05,1.87477e-05
A0A3Q7EIZ7_947_H3N4,5.11807e-05,4.7861e-05,3.40094e-05,1.69972e-06,3.7367e-06,7.63253e-06,7.72423e-06,4.07594e-06,8.03003e-06,0,0,7.68512e-07
A0A3Q7F968_106_H4N4F2Pen1,0.00478263,0.0048984,0.00388138,0.00286212,0.00300325,0.00255254,0.00444206,0.00522604,0.00389809,0.000251424,0.000222733,0.000339826
A0A3Q7F739_51_H10N2,3.50739e-06,0,0,3.67189e-07,1.25917e-06,0,0.000431927,0.000480277,0.000124562,0.000193025,0.000218817,0.000143714
A0A3Q7IZQ5_337_H6N2,4.79935e-05,5.0046e-05,1.08764e-05,4.06491e-06,9.26435e-06,2.84723e-06,9.17567e-05,0.00010514,8.85917e-05,1.0868e-06,2.09915e-05,4.89506e-05
A0A3Q7G4E2_91_H6N2,2.14591e-06,3.22164e-06,1.76354e-06,7.6994e-05,8.50353e-05,5.71659e-05,2.28997e-05,2.78794e-05,1.39014e-05,1.73643e-06,5.03505e-07,6.81581e-06
Q9LEC1_18_H3N2F1Pen1,6.21538e-05,3.02795e-05,2.58894e-05,7.20618e-05,5.48332e-05,0.000146031,7.58977e-06,6.16119e-06,2.66205e-06,0,0,2.27783e-06
A0A3Q7EH56_44_H3N3F1Pen1,0.000135565,9.93761e-05,0.000303133,1.08287e-05,1.46359e-06,5.32582e-06,4.21444e-06,3.47232e-06,5.1447e-06,2.68134e-06,0,0
A0A3Q7F968_106_H5N4Pen1,2.01051e-05,1.76961e-05,8.48093e-06,1.80259e-05,7.34415e-06,4.98421e-06,3.32392e-06,4.50365e-07,9.48815e-05,4.28203e-07,5.07085e-07,0
A0A3Q7F968_106_H4N4F1Pen1,0.00441015,0.00277521,0.00271223,0.00159048,0.00205856,0.00131423,0.00250009,0.00284498,0.00344606,6.24815e-05,5.88961e-05,0.000125222
A0A3Q7F968_106_H3N3F1Pen1,0.00127015,0.00100966,0.00167786,0.000229357,0.000281336,0.000200641,2.16151e-05,5.38625e-06,7.02906e-06,0,2.61624e-06,6.22594e-06
A0A3Q7FLZ0_456_H3N3F1Pen1,2.02071e-05,3.94404e-06,3.6753e-05,0,0,0,2.63297e-06,0,0,1.98899e-06,2.94816e-06,0
A0A3Q7FNG4_134_H3N2F1Pen1,0.000514429,0.000361633,0.000536409,0.000132004,0.00017891,3.63793e-05,3.42872e-06,8.64561e-06,3.63793e-06,9.11496e-06,0,1.38147e-05
A0A3Q7IZQ5_337_H3N4F1Pen1,0.00048114,0.000291885,0.000266108,5.03552e-05,8.50387e-05,0,0.00017218,0.000175785,0.000116258,2.87257e-06,2.23611e-05,6.55916e-06
A0A3Q7I3M8_41_H3N4F1Pen1,0.00144276,0.00136502,0.00157302,0.00015907,0.00027086,0.000245985,0.000582718,0.000739346,0.000608253,8.67228e-06,3.30298e-06,8.47103e-06
A0A3Q7H8Q1_127_H3N2F1Pen1,6.77911e-06,5.44274e-06,1.51682e-05,3.2038e-06,3.35035e-06,3.04513e-06,0,0,0,0,0,0
Q9LEC1_18_H2N2F1Pen1,0.00033774,0.000263931,0.000112516,0.00140742,0.00150248,0.00110722,4.19793e-05,4.15241e-05,2.39165e-05,0,4.5562e-05,1.01995e-06
A0A3Q7EH56_44_H3N4Pen1,0.000253019,0.000115384,0.000444284,0,1.63528e-06,7.30436e-07,2.28396e-06,0,0,1.42101e-06,0,0
K4BC63_333_H3N4F1Pen1,0.000216867,0.000166751,9.87202e-05,1.7805e-06,8.2825e-06,9.61756e-06,0.000161974,0.000164599,0.000200422,6.09881e-05,8.70719e-05,9.54025e-05
A0A3Q7F968_106_H4N4Pen1,0.000114474,7.56932e-05,0.000110352,0.000102819,0.000160938,0.00011295,8.48147e-05,0.000146484,0.00032261,4.43274e-07,7.51042e-07,1.88121e-06
A0A3Q7IZQ5_337_H3N4Pen1,0.000307911,0.000267539,0.00022821,3.74239e-05,5.47442e-05,4.20365e-05,6.6613e-05,0.0001243,0.000114099,1.93864e-05,2.46709e-06,1.11238e-05
A0A3Q7FNG4_134_H3N2Pen1,5.24487e-06,2.601e-06,6.79866e-06,0,0,0,0,5.0437e-07,0,0,8.85306e-07,0
A0A3Q7F968_106_H3N4F1Pen1,0.0241344,0.0160231,0.0209887,0.00354175,0.00299616,0.00304028,0.00417017,0.00387089,0.00309369,3.06211e-06,1.77469e-05,0.000102331
A0A3Q7FKY5_103_H8N2,0.000248595,3.18426e-05,0.000211824,5.97515e-05,0.000119606,5.92997e-06,0.000240224,0.000304695,0.000336788,0.00070824,0.000974209,0.00125985
A0A3Q7I3M8_41_H3N4Pen1,0.000125534,3.90793e-05,0.000149483,3.96908e-07,2.03841e-05,0,3.46769e-05,2.49165e-05,4.02469e-05,3.89278e-06,1.55549e-05,1.6687e-05
A0A3Q7JY62_134_H3N4F1Pen1,0.0006441,0.000707783,0.000760915,9.0854e-07,1.45186e-05,1.73452e-06,5.92951e-05,6.16961e-05,5.3067e-05,7.72845e-06,4.49659e-06,3.22315e-06
A0A3Q7FKY5_426_H3N3F1Pen1,1.3818e-05,2.50575e-06,9.3062e-06,0,0,4.53545e-07,5.51662e-06,5.43832e-06,0,0,5.06844e-07,0
A0A3Q7JY62_134_H3N3F1Pen1,0.000113936,0.000120267,0.00013788,0,1.10622e-06,0,1.77997e-06,0,2.89499e-06,2.9603e-05,7.81183e-06,0
A0A3Q7F968_106_H3N4Pen1,0.0032553,0.00173534,0.00426142,0.000448551,0.000453711,0.000519873,0.000261317,0.000186526,0.000342426,2.91341e-05,1.54956e-05,1.82344e-05
A0A3Q7HPL8_82_H3N4F1Pen1,0.000629717,0.000428921,0.000485214,4.83877e-05,2.71299e-05,1.80554e-05,0.000270962,0.000275526,0.000204749,1.42907e-05,4.27836e-06,5.36619e-06
A0A3Q7FKY5_103_H7N2,0.000686985,0.000612548,0.000588253,4.85672e-05,9.9913e-05,7.52584e-05,0.000196928,0.000210777,0.000228826,5.45956e-06,6.33244e-06,7.33759e-06
A0A3Q7GUC3_30_H9N2,3.28282e-05,3.35164e-06,1.534e-06,1.79894e-05,3.56641e-05,1.55895e-06,0.00012345,0.000120256,9.53167e-05,8.2349e-06,5.07889e-05,1.40706e-05
A0A3Q7H8Q1_127_H3N4F1Pen1,3.50914e-05,3.39731e-05,7.0683e-05,0,1.46803e-06,0,0,0,8.09132e-07,2.71618e-06,5.13114e-07,0
A0A3Q7JY62_134_H3N2F1Pen1,1.61355e-05,2.10287e-05,4.13144e-05,7.49043e-06,6.71006e-06,1.69242e-06,1.45643e-06,0,0,1.68746e-06,1.33226e-06,0
A0A3Q7HDP5_139_H5N6,0.00066409,0.00105095,0.000189416,0.00181734,0.00216252,0.00174009,0.00101151,0.000565135,0.000550488,0.00127141,0.000918307,0.00080314
A0A3Q7HDP5_139_H10N2,0.00104689,0.00192411,0.000673196,0.00405232,0.00419009,0.00309041,0.00554619,0.00387119,0.00288913,0.00759642,0.00495176,0.00488076
A0A3Q7HDP5_139_H9N2,0.0091882,0.00860271,0.0051767,0.0256051,0.0255334,0.0189565,0.0187467,0.0200191,0.0118593,0.0268869,0.0199425,0.0214316
A0A3Q7FKY5_103_H6N2,4.33969e-05,4.24457e-05,6.03405e-05,4.34698e-07,4.91235e-07,0,9.31165e-06,3.39099e-06,1.06369e-05,1.68995e-06,0,3.45465e-06
A0A3Q7JY62_134_H3N4Pen1,2.20952e-05,2.17628e-05,3.14602e-05,0,0,4.23559e-07,6.83015e-07,0,0,1.44907e-06,0,1.7024e-06
A0A3Q7HPL8_82_H3N4Pen1,2.47915e-05,0,2.47813e-05,3.08816e-05,4.61088e-06,2.96124e-05,7.16973e-06,8.57191e-06,8.66426e-06,0,4.93844e-06,0
A0A3Q7HDP5_139_H7N2,0.0216797,0.0218254,0.0141762,0.00136674,0.00123497,0.000987799,0.0764135,0.0918076,0.070685,0.00720109,0.0084479,0.00794543
A0A3Q7I8M4_254_H6N2,1.75731e-05,2.38627e-05,3.31744e-05,0,0,0,1.50588e-06,5.3897e-07,0,0,0,0
A0A3Q7HLM8_374_H3N2F1Pen1,7.10405e-05,4.73676e-05,0.000156049,0,1.57202e-06,0,0,3.86977e-06,0,0,7.78313e-07,0
P29000_608_H7N2,0.108851,0.107737,0.105255,0.00846085,0.00882432,0.00904581,0.26496,0.179551,0.302096,0.040426,0.0580771,0.0312573
A0A3Q7HDP5_139_H6N2,0.00435284,0.00407741,0.00211165,0.000101513,0.000116903,1.17228e-05,0.00390756,0.00598004,0.00488369,3.10664e-05,2.32351e-05,9.81701e-06
A0A3Q7GNU8_210_H3N2F1Pen1,3.616e-06,7.34395e-06,3.86152e-06,0,0,0,0,0,0,0,0,6.52713e-07
A0A3Q7G3G6_88_H3N4F1Pen1,0.000370555,0.000384578,0.00025513,4.71497e-07,0,0,0.000138008,7.6823e-05,5.40972e-07,4.06303e-06,2.88095e-06,1.56955e-05
P29000_608_H6N2,0.104051,0.131661,0.150127,0.00587372,0.00664717,0.00714436,0.0766578,0.0497081,0.0764438,0.00141072,0.000761052,0.000852976
A0A3Q7FWW1_203_H3N2F1Pen1,4.5774e-06,4.84487e-06,6.62555e-06,0,0,0,0,0,0,0,0,0
A0A3Q7EIZ7_1215_H6N2,8.74001e-05,6.87343e-05,7.13816e-05,7.46231e-07,9.1931e-07,1.577e-06,3.5609e-05,2.65027e-05,3.32727e-05,8.31237e-06,0,0
A0A3Q7HR28_195_H3N4F1Pen1,1.44811e-05,8.85921e-07,3.67104e-05,0,0,1.08318e-06,0.000278842,9.85003e-05,7.54668e-05,0,8.63998e-07,0
A0A3Q7HR28_195_H3N3F1Pen1,0.00012134,8.67358e-05,7.80603e-05,1.90645e-05,1.10238e-05,6.30013e-05,0.00072912,0.000248686,6.29312e-05,2.5259e-05,8.49573e-05,7.14536e-05
A0A3Q7HDP5_139_H5N2,0.000812695,0.000688573,0.000455239,3.17965e-05,0.000162934,3.97599e-06,0.000467787,0.000821809,0.000596963,2.24024e-05,4.77406e-05,1.56465e-05
A0A3Q7FAX1_1115_H4N3F2Pen1,8.54628e-05,0.000108762,8.41697e-05,1.26879e-05,1.56871e-05,0,3.06324e-05,3.17812e-05,6.6223e-07,3.59771e-06,1.5504e-06,0
A0A3Q7G3G6_88_H3N4Pen1,3.62033e-05,2.40952e-05,4.28489e-05,3.9472e-07,1.43772e-05,0,4.761e-05,0,0,0,2.18323e-06,0
A0A3Q7FAX1_1115_H3N4F1Pen1,5.71267e-05,5.77556e-05,3.65094e-05,0,0,0,6.38338e-07,0,0,2.0902e-06,0,0
A0A3Q7HFP1_95_H4N4F1,0.000133772,0.000111072,0.000117783,2.71497e-05,1.98412e-05,3.28465e-05,0.000192289,0.000219682,0.000217431,4.87005e-06,6.84297e-06,5.45447e-06
A0A3Q7JMX3_277_H7N2,0.0313391,0.0359052,0.041255,0.0181761,0.0160504,0.0177966,0.0064075,0.0045657,0.00431852,0.00145753,0.00168794,0.00277987
A0A3Q7JMX3_277_H6N2,0.00320426,0.00299847,0.00502981,0.00228982,0.00207793,0.00253494,0.000506445,0.000340941,0.000337164,0.000155893,0.000121812,0.000287489
A0A3Q7JMX3_277_H5N2,2.97696e-05,1.33229e-05,4.4925e-05,1.40071e-06,2.75377e-06,3.56569e-05,2.41572e-06,2.09855e-06,3.16202e-06,5.35403e-07,2.59123e-07,1.79596e-06
Q9M510_229_H3N3F1Pen1,0.000322246,0.000374425,0.000261351,1.76432e-05,9.79455e-05,3.40506e-05,0.000515342,0.000510914,0.000599263,3.25964e-06,9.08232e-06,1.3845e-05
A0A3Q7HFP1_95_H3N4F1Pen1,0.00405761,0.003544,0.0023551,0.000720515,0.000636562,0.000689295,0.00163995,0.00211073,0.00154453,2.33198e-05,1.49301e-05,3.00237e-05
A0A3Q7JMX3_277_H8N2,0.045895,0.0491347,0.0405461,0.0280576,0.025442,0.0266237,0.0156082,0.0147954,0.0137442,0.00831325,0.00863047,0.0137914
A0A3Q7H4E2_93_H7N2,0.000337738,0.000303688,0.000214401,2.53864e-06,1.7626e-06,5.1056e-06,4.4306e-05,2.45318e-05,2.50126e-05,9.25315e-06,9.39281e-06,9.64812e-06
A0A3Q7GFN0_526_H3N4F1Pen1,0.000106795,0.000139829,4.46711e-05,6.92288e-07,2.52915e-06,0,2.05911e-05,3.59372e-06,0,0,2.74639e-06,1.79877e-06
Q9M510_229_H3N4Pen1,0.00099738,0.000647749,0.000778014,4.94621e-05,3.78258e-05,6.16474e-06,0.00207676,0.002495,0.00381763,1.83972e-05,3.92606e-05,4.56742e-05
A0A3Q7HFP1_95_H3N4F1,0.0145534,0.0143312,0.0109186,0.00317807,0.00327043,0.00261529,0.00456476,0.00587784,0.00511778,1.92305e-05,3.83417e-05,1.8647e-05
A0A3Q7FLZ0_436_H6N4F1Pen2,0.000179528,0.000187694,5.54093e-05,1.86821e-05,1.47125e-05,5.45762e-06,8.43037e-05,0.000102933,5.34134e-05,0,5.2885e-06,2.82338e-05
A0A3Q7HFP1_95_H4N4,1.51544e-06,8.80751e-07,6.37714e-07,0,0,6.77165e-07,3.36057e-06,6.16091e-06,1.22999e-05,0,9.96541e-06,6.99282e-06
A0A3Q7HFP1_95_H3N3F1,9.22323e-05,7.17523e-05,3.65445e-05,9.44806e-06,1.09042e-05,1.37968e-05,3.55484e-06,1.38793e-06,1.10479e-06,4.53705e-06,3.82894e-06,3.36292e-06
Q9M510_229_H3N2F1Pen1,8.15129e-05,9.63529e-05,4.78432e-05,1.46675e-05,2.70903e-05,4.80073e-06,3.39922e-05,5.65073e-05,6.38006e-05,6.98453e-06,8.52413e-06,9.63693e-07
A0A3Q7HFP1_95_H3N4Pen1,0.000288682,0.000129726,0.000233988,0.000196537,0.000244324,2.86374e-05,9.64133e-05,0.000154439,0.000249929,0.00289784,0.000854796,0.000892637
A0A3Q7JCT2_135_H3N4F1Pen1,1.82187e-05,1.74403e-05,1.13539e-05,0,0,6.37263e-07,8.71051e-08,0,0,4.28413e-07,3.93509e-07,0
A0A3Q7IPT1_1135_H3N4F1Pen1,8.21645e-05,9.18914e-05,7.80959e-05,8.87753e-06,1.38402e-05,1.78375e-05,4.0959e-05,1.84553e-05,5.80343e-06,1.26385e-05,7.93416e-06,4.25271e-06
A0A3Q7HFP1_95_H3N4,0.00194057,0.00137304,0.00227931,0.000900034,0.000824609,0.00130177,0.00125383,0.00159436,0.00207271,0.00132919,0.000724203,0.000988633
Q9M510_229_H2N2F1Pen1,4.08028e-05,2.93133e-05,2.01042e-05,7.30151e-06,1.13011e-05,6.2518e-06,4.40977e-06,2.76229e-06,9.22237e-06,8.04082e-07,0,5.9494e-06
A0A3Q7FLZ0_436_H6N4Pen2,8.85234e-06,5.65513e-06,0,0,0,0,0,0,0,0,0,0
A0A3Q7FR24_203_H3N4F1Pen1,6.7561e-05,7.64901e-05,8.6604e-05,1.59981e-05,1.48072e-05,2.94271e-05,0.000108387,9.19901e-05,7.13499e-05,2.16456e-05,2.03516e-05,2.32824e-05
A0A3Q7FVH3_281_H4N4F2Pen1,0.000313963,0.000233588,5.56295e-05,0.000132732,0.000211738,5.03426e-05,0.000276625,0.000220742,0.000123921,1.08354e-05,6.869e-07,1.45744e-06
A0A3Q7IPT1_1135_H3N2F1Pen1,1.4449e-05,7.90305e-06,1.51644e-05,2.18493e-06,0,1.00132e-06,5.64447e-07,0,6.22755e-07,5.38093e-07,7.81631e-07,0
A0A3Q7FVH3_281_H4N4F1Pen1,2.60244e-05,1.94531e-05,5.28069e-05,1.50722e-05,0.000123582,5.76481e-05,4.30921e-05,3.10476e-05,3.2699e-05,0,1.05601e-06,5.88591e-06
A0A3Q7FVH3_281_H3N4F1Pen1,0.00508662,0.00571941,0.00468292,0.000466141,0.000690547,0.000269023,0.00154384,0.001373,0.00104018,8.00726e-06,3.57574e-06,7.74662e-05
A0A3Q7IQS3_207_H3N2F1Pen1,6.43067e-06,2.31132e-05,2.16037e-05,0,0,0,5.54202e-07,9.46109e-07,0,0,0,1.09713e-06
A0A3Q7FVH3_281_H3N3F1Pen1,0.000539876,0.00046986,0.000673207,8.97947e-05,4.42126e-05,2.71868e-05,4.12518e-05,2.32454e-05,1.20662e-05,4.44745e-06,1.4443e-06,0
A0A3Q7FVH3_281_H2N3F1Pen1,4.03775e-06,0,0,0,0,0,2.40832e-07,6.14133e-07,0,0,0,0
A0A3Q7HVC4_643_H8N2,0.000377073,0.00030423,0.000244322,5.54654e-05,3.52439e-05,6.79368e-05,0.000550686,0.000710487,0.00074448,0.000321529,0.000241255,0.000277311
A0A3Q7FVH3_281_H3N4Pen1,0.000273459,0.000200002,0.000354736,7.58186e-06,3.38875e-06,0,7.31885e-05,1.9896e-05,5.56303e-05,2.64251e-06,9.13929e-07,1.26104e-05
A0A3Q7F6S1_97_H3N2F1Pen1,3.18434e-05,2.95459e-05,1.07951e-05,0,0,0,1.31959e-07,0,0,0,0,0
A0A3Q7FVH3_281_H3N2F1Pen1,0.000399747,0.000600272,0.000839452,0.000328491,0.000370181,0.000397001,3.0109e-05,5.21778e-05,1.8709e-05,6.9143e-06,1.16814e-06,3.62553e-06
A0A3Q7FH27_70_H3N2F1Pen1,2.99806e-05,2.61053e-05,2.83898e-06,0,2.08253e-06,1.39159e-06,9.10624e-07,0,1.92456e-06,0,1.58434e-06,0
A0A3Q7FVH3_281_H3N2Pen1,1.14727e-05,0,4.55699e-05,5.84036e-07,0,5.2142e-07,1.32748e-07,0,8.86427e-07,0,0,4.21415e-07
A0A3Q7FH27_70_H2N2F1Pen1,0.000547977,0.000556723,0.000332052,0.000382857,0.000418243,0.000233456,1.0941e-05,5.91643e-06,1.33202e-05,1.26831e-05,9.88054e-06,1.02568e-05
A0A3Q7GQT9_126_H3N3F1Pen1,2.07754e-06,2.45087e-06,1.44673e-05,0,0,0,5.61486e-07,0,0,0,0,0
A0A3Q7HVC4_643_H3N4F1Pen1,7.5747e-05,7.63116e-05,5.08393e-05,7.24834e-07,1.47379e-06,6.96474e-06,7.07499e-06,4.21425e-06,6.84545e-06,5.54135e-06,3.65749e-06,6.36265e-06
A0A3Q7H3B4_271_H8N2,0.00628679,0.00535373,0.00446878,0.00110218,0.00113974,0.000924212,0.0164636,0.0224295,0.016482,0.0111046,0.015308,0.0151821
A0A3Q7EJ69_761_H3N4F1Pen1,9.34935e-06,1.8384e-05,2.38369e-05,0,1.68351e-06,0,1.66231e-06,0,0,2.55256e-06,2.33729e-06,3.91192e-06
A0A3Q7ES58_158_H8N2,1.87416e-05,3.97157e-06,7.98648e-06,5.59881e-05,3.55228e-05,3.81857e-05,0.00327912,0.00190932,0.00223963,0.00166678,0.00205587,0.00267271
A0A3Q7F9I5_112_H3N2F1Pen1,0.00065883,0.000852166,0.000476714,4.42546e-05,4.32717e-07,3.5593e-05,0.00106601,0.000554221,0.00059954,4.76429e-05,5.02064e-06,1.56593e-06
A0A3Q7GB23_411_H9N2,0.000276592,9.9911e-05,8.60742e-05,0.000790457,0.000724106,0.00063896,0.000386102,0.000249197,0.000291402,0.000122961,0.000166349,0.000216555
A0A3Q7GQT9_126_H3N2F1Pen1,1.52584e-06,0,6.25477e-06,0,0,0,0,0,2.46486e-06,0,0,7.63698e-07
A0A3Q7F9I5_112_H3N2Pen1,1.6891e-05,2.88647e-05,4.12027e-05,0,2.71346e-06,0,3.21291e-05,1.97401e-05,5.33276e-05,2.24327e-06,1.13054e-05,5.56167e-06
A0A3Q7H3B4_271_H7N2,0.00149884,0.00146671,0.00138751,0.000107917,0.000143444,0.000113958,0.00217787,0.00184668,0.00155639,0.000903052,0.00115261,0.00148528
A0A3Q7GB23_411_H8N2,0.000116674,0.000160937,0.000123907,2.71558e-05,2.25277e-05,1.39727e-06,5.58083e-05,7.41857e-05,2.73625e-06,5.27971e-05,2.27738e-05,4.19801e-05
A0A3Q7J606_109_H3N4F1Pen1,4.23732e-05,4.28051e-05,7.21398e-06,0,0,0,5.67511e-05,1.89478e-05,3.50685e-05,3.35857e-05,3.45145e-05,3.38437e-05
A0A3Q7F136_90_H8N2,5.17299e-06,7.39763e-06,1.14245e-05,2.40258e-06,2.03276e-06,8.27834e-07,0.000444874,0.000425174,0.000127053,0.000257531,0.000406012,0.000327938
A0A3Q7FH27_70_H2N2Pen1,4.80872e-06,7.24953e-06,1.09118e-05,6.31e-06,2.51644e-06,7.22599e-06,0,0,7.36207e-07,0,0,0
A0A3Q7IZQ5_208_H6N2,6.54894e-05,9.45666e-05,6.62457e-05,1.10336e-06,1.87313e-06,3.90945e-06,1.74502e-05,1.44112e-05,4.04154e-06,2.75862e-06,1.15365e-06,5.90666e-06
A0A3Q7G4E2_296_H9N2,0.000315262,0.00051146,0.000164756,0.0102407,0.00899672,0.00883369,0.000295304,0.000435731,0.000471438,0.000295201,0.000290686,0.000248322
A0A3Q7IZQ5_208_H3N4Pen1,0.000409644,0.000363267,0.000280856,0,4.19935e-07,0,2.7485e-05,2.39468e-05,1.77543e-05,4.01498e-06,1.97838e-06,3.00166e-06
A0A3Q7G4E2_296_H8N2,0.00607081,0.00633153,0.00513667,0.0012544,0.00109743,0.00114788,0.00188705,0.00334365,0.00254322,0.00175454,0.00172004,0.00240642
A0A3Q7GEL0_430_H9N2,5.06932e-05,1.59905e-05,8.10839e-05,5.85469e-05,7.33368e-05,7.95517e-05,1.99431e-06,8.31776e-07,0,4.68821e-05,0,0
A0A3Q7FQI8_575_H9N2,0.00129928,0.00122936,0.000343249,0.0023656,0.00207512,0.00176493,0.00244945,0.00289621,0.00179436,0.00349069,0.00278695,0.00264185
A0A3Q7FQI8_575_H8N2,0.000117061,8.16745e-05,6.66858e-05,3.02328e-05,2.218e-05,0,0.000213209,0.000216125,8.35924e-05,9.56731e-05,0.000173557,9.26981e-05
A0A3Q7HVV9_265_H3N4F1Pen1,4.58273e-06,0,0,0,0,0,2.79764e-05,9.10736e-06,4.22311e-06,2.57345e-06,2.05633e-06,7.7187e-07
A0A3Q7GEL0_430_H8N2,3.10794e-05,2.29031e-05,2.86937e-05,1.23613e-05,6.02646e-06,0,1.50075e-06,5.4712e-06,8.51623e-07,3.20037e-06,4.40146e-07,1.61347e-06
A0A3Q7ILR7_102_H3N4F1Pen1,0.00192243,0.00218457,0.00108069,9.53499e-06,0.000155459,4.58434e-06,0.000793975,0.000594476,0.000405295,0.00162337,0.000641765,1.45603e-05
A0A3Q7G4E2_296_H7N2,0.00145958,0.00161407,0.00135659,0.000116939,4.65836e-05,1.58119e-05,0.00062819,0.000483396,0.000490364,0.000284906,0.000254941,0.000601088
A0A3Q7GMJ6_288_H3N4F1Pen1,1.43336e-05,0,2.37502e-05,1.19841e-05,2.82701e-05,0,0,0,0,0,8.29451e-07,0
A0A3Q7HVV9_265_H3N2F1Pen1,5.58029e-05,4.80307e-05,7.56079e-05,0,0,0,6.36795e-08,8.02839e-07,4.86512e-07,4.47075e-06,0,2.42475e-07
A0A3Q7GEL0_430_H7N2,1.26032e-05,9.17537e-06,1.42599e-05,1.33199e-06,3.02371e-07,0,4.87393e-07,8.71698e-07,0,6.13399e-07,6.96758e-07,7.00257e-07
A0A3Q7IXG1_254_H9N2,1.32668e-05,2.47463e-05,2.06327e-05,5.72574e-06,1.21718e-05,2.79273e-06,9.31507e-06,8.16025e-06,1.50523e-05,2.69575e-05,3.13966e-06,3.2913e-06
A0A3Q7EQN7_358_H3N2F1Pen1,0.00297521,0.00482073,0.00379536,0.000347835,0.000582125,0.000266147,0.000166741,0.000136634,8.88777e-05,5.15769e-06,1.65763e-05,5.30713e-06
A0A3Q7EQN7_358_H5N7,0.000208125,0.000254467,0.000210999,1.58907e-05,1.39507e-05,1.73789e-06,1.08429e-05,6.07612e-06,2.19949e-06,8.64335e-05,1.04675e-05,4.68579e-06
A0A3Q7FNG4_58_H3N2F1Pen1,0.000338844,0.000385328,0.000390892,0.000126447,9.07344e-05,9.45959e-05,2.21665e-06,4.2795e-06,1.26578e-05,6.93426e-06,4.27012e-06,1.83736e-06
A0A3Q7JG33_843_H5N6,4.33728e-05,0,1.35924e-05,4.8589e-05,4.13994e-05,1.77196e-05,2.36333e-05,8.07869e-05,2.17725e-05,2.97291e-05,4.13061e-05,6.13515e-05
A0A3Q7GY58_230_H3N2F1Pen1,0.000991212,0.00135535,0.000832537,0.000217887,0.000278757,5.99415e-05,0.000403394,0.000310155,0.000102359,7.78492e-06,1.28376e-05,4.00425e-06
A0A3Q7JG33_843_H4N4F3Pen1,1.47079e-06,7.45907e-06,2.47212e-06,0,2.38807e-06,0,1.03101e-06,0,0,2.29192e-06,9.64946e-07,0
A0A3Q7JG33_843_H9N2,3.3444e-06,2.96779e-05,0,3.34517e-05,4.62821e-05,9.86082e-06,7.68038e-06,1.59608e-05,1.19475e-05,2.91949e-05,9.06549e-05,9.76316e-05
A0A3Q7EQN7_358_H3N2Pen1,0.000201943,0.000158601,0.000291522,6.58739e-06,2.17863e-06,8.53391e-05,7.77218e-06,4.67538e-06,4.04574e-06,3.37008e-06,6.8771e-06,2.12108e-05
A0A3Q7IUF3_166_H3N4F1Pen1,8.80176e-05,7.69788e-05,3.5906e-05,9.66719e-05,9.44951e-05,5.02074e-05,2.04782e-05,4.3162e-06,1.06714e-06,8.12427e-06,4.48348e-06,0
A0A3Q7GY58_230_H3N2Pen1,5.49556e-05,3.54966e-05,5.56534e-05,3.29755e-06,6.69906e-07,0,3.26717e-05,0.000110883,8.36925e-05,0,0,0
F8WS84_553_H7N2,0.000120663,0.000113155,0.000133399,1.91912e-06,2.50231e-06,0,1.84942e-05,4.59745e-06,2.60584e-06,9.23848e-07,4.219e-06,1.3328e-06
A0A3Q7J4M1_407_H6N4F2Pen2,7.33831e-05,0.000122229,3.55425e-05,0.000104869,0.000115491,9.61072e-05,4.69903e-07,0,0,7.22404e-06,0,5.73943e-07
A0A3Q7GIG7_92_H9N2,0.000569431,0.000666733,0.000422527,0.00295032,0.00259682,0.00324037,2.4827e-05,7.05059e-05,3.45465e-05,6.95711e-05,5.25081e-05,8.92064e-05
A0A3Q7HDP5_139_H4N6,0.00188507,0.0019141,0.00111924,0.00427918,0.00454005,0.00321218,0.00575798,0.00645294,0.00291567,0.00909486,0.00548484,0.00742619
A0A3Q7GIG7_92_H8N2,0.000372819,0.000505638,0.000224706,9.5947e-06,2.38831e-05,2.11988e-05,0.000333332,0.000120673,0.000132831,0.000137099,8.47009e-05,6.36403e-05
F8WS84_553_H5N3,0.000190251,0.000199398,0.00034857,0,0,5.05646e-07,9.1548e-06,1.47068e-06,5.14223e-06,5.16786e-07,1.04599e-06,1.08351e-06
A0A3Q7HDP5_139_H8N2,0.00352817,0.00344123,0.00148852,0.00310425,0.00244336,0.0028912,0.0161139,0.0100406,0.00738102,0.0405711,0.032189,0.0352205
A0A3Q7HDP5_139_H7N4F1Pen1,8.435e-06,0,9.65958e-07,0,0,0,0,0,0,0,0,0
A0A3Q7F6U5_1124_H3N4Pen1,0.000139792,0.000109156,0.00011113,4.39878e-06,6.33022e-06,8.69871e-06,4.12038e-05,4.6431e-05,6.50822e-05,2.08289e-05,8.90175e-06,9.70529e-06
A0A3Q7GIG7_92_H7N2,0.000682451,0.00100837,0.000551418,5.5461e-05,3.53873e-05,1.17445e-05,0.000107399,2.19186e-05,1.11941e-05,1.70191e-05,1.00535e-05,1.07747e-05
A0A3Q7F6U5_1124_H3N3Pen1,0.000235132,0.000243914,0.000242967,3.8133e-06,2.27965e-07,0,1.43084e-05,4.46497e-06,3.47514e-06,1.79048e-06,4.21982e-06,3.19428e-06
A0A3Q7F740_548_H3N4F1Pen1,0.000268158,0.000262255,0.000230063,4.04999e-07,2.946e-06,1.2075e-06,1.36947e-05,9.41394e-07,5.51565e-06,3.34914e-06,8.88686e-07,6.87465e-07
A0A3Q7HDP5_139_H5N3,4.44114e-06,0,3.81439e-06,0,0,0,0,0,0,0,0,0
A0A3Q7F6U5_1124_H3N2Pen1,0.000153516,0.000160338,0.000257716,4.82077e-06,1.22771e-05,0,4.1196e-05,2.5565e-05,9.31789e-06,1.71632e-06,8.85242e-06,7.31729e-06
A0A3Q7HZY2_185_H3N4F1Pen1,2.35908e-05,2.2231e-05,0,0,0,0,9.19074e-05,0.000213979,4.58148e-05,0,0,0
A0A3Q7ESS4_615_H3N4Pen1,4.73193e-05,4.43906e-05,2.49116e-05,1.77014e-06,4.80408e-06,1.04455e-06,5.30521e-05,8.39241e-05,2.99852e-05,1.33905e-05,4.53986e-07,6.8557e-06
A0A3Q7IRM3_87_H3N4F1Pen1,4.93601e-06,0,0,7.08544e-07,0,0,0,1.71201e-06,7.30839e-07,0,1.35303e-05,1.22933e-05
A0A3Q7IRM3_87_H3N2F1Pen1,7.7038e-05,4.7905e-05,7.33923e-05,2.57832e-05,2.01524e-05,2.05263e-05,4.20719e-06,1.85981e-06,7.09977e-06,1.62506e-06,1.88409e-06,3.39845e-06
A0A3Q7J5M8_125_H3N4F1Pen1,0.000219248,0.000207935,0.00014776,0.000360864,0.00034121,4.40979e-06,4.4036e-05,6.02236e-05,3.47473e-05,0.000343437,0.000249038,7.39348e-06
A0A3Q7HDL2_594_H3N4F1Pen1,0.000983098,0.000902189,0.0004123,9.30449e-06,2.08065e-05,5.90168e-06,0.000518362,0.000876579,0.000769551,3.05655e-05,3.2126e-05,0
A0A3Q7HDL2_594_H3N3F1Pen1,0.000300559,0.000227977,0.000114077,0.00010295,8.79356e-05,6.14324e-05,0.000235099,0.000343878,0.000302758,0.000156228,9.75369e-05,0.000131983
A0A3Q7HDL2_594_H3N4Pen1,3.82504e-05,1.3042e-05,1.91009e-05,5.84886e-06,3.00827e-06,0,8.405e-06,2.66219e-05,4.50101e-05,1.51326e-05,6.48219e-06,7.32686e-06
A0A3Q7FEG3_74_H2N2F1Pen1,0.00587036,0.00751795,0.00664771,0.00684776,0.00655912,0.00847584,0.00224718,0.00218438,0.00184557,0.000100948,0.000156492,8.26709e-05
A0A3Q7HDL2_594_H3N2F1Pen1,0.000366035,0.000323669,0.000223424,7.80808e-05,4.25154e-05,2.68314e-05,0.000536747,0.000358764,0.000246308,2.85506e-05,1.39352e-05,7.24408e-05
A0A3Q7GNU8_160_H3N2F1Pen1,6.52036e-05,7.12336e-05,5.75064e-05,0,6.25085e-07,0,3.1771e-06,1.25217e-05,7.60415e-06,5.50038e-06,3.85211e-07,1.09151e-06
A0A3Q7ILE8_182_H3N2F1Pen1,1.71642e-05,2.05708e-05,0,0,0,0,0,0,0,0,0,1.05616e-05
A0A3Q7GNU8_160_H2N2F1Pen1,1.0019e-05,2.36509e-05,2.43935e-05,0,0,0,0,0,0,0,0,0
A0A3Q7FEG3_74_H2N2Pen1,0.000525104,0.000529939,0.000975718,0.000757318,0.000645117,0.000909162,0.000152696,0.000215202,0.000250135,2.6123e-05,2.51956e-05,3.89193e-05
A0A3Q7EJ69_713_H3N4F1Pen1,3.72083e-05,4.40536e-05,4.7658e-05,0,0,0,0,0,9.54806e-07,6.23115e-07,0,2.01963e-06
A0A3Q7ISH1_236_H3N3Pen1,0.00147761,0.00150027,0.000784917,0.00053102,0.000489393,0.000484838,0.00206701,0.00259814,0.00303741,9.48602e-05,4.25235e-05,7.29607e-05
A0A3Q7ISH1_236_H3N2Pen1,0.000483119,0.000462331,0.000312722,0.000241127,0.00029787,0.000225186,5.74835e-05,9.44374e-05,7.76014e-05,7.10077e-06,7.56307e-06,8.80116e-06
A0A3Q7G077_200_H3N3F1Pen1,3.53371e-05,3.7326e-05,2.27858e-05,0,0,0,3.55893e-06,8.52469e-06,6.93217e-06,0,0,5.6428e-07
A0A3Q7F769_139_H8N2,8.34195e-05,8.26769e-05,8.54497e-05,0.000691087,0.000729811,0.000292103,0.000326211,0.000604599,0.000772935,0.00117177,0.000720038,0.000963345
A0A3Q7G077_200_H3N2F1Pen1,0.000532945,0.000473759,0.000407501,0.000117349,0.000103869,0.000137948,4.69586e-05,7.46724e-05,4.99593e-05,1.24473e-05,1.35508e-05,1.03552e-05
A0A3Q7G077_200_H3N2Pen1,1.44422e-05,7.97719e-06,3.62009e-05,0,0,0,2.7177e-05,1.36318e-05,2.07241e-06,1.51802e-05,3.23706e-06,2.89682e-06
A0A3Q7J606_52_H3N4F1Pen1,0.000516241,0.000561804,0.000790428,9.85835e-05,7.26444e-05,0.000139119,7.77052e-05,0.000128472,7.84929e-05,1.53724e-05,9.60104e-06,1.13572e-05
A0A3Q7GS13_273_H6N4F2Pen2,4.92069e-05,4.02792e-05,3.36956e-05,2.42297e-05,2.36322e-05,1.66129e-06,5.08189e-05,5.03696e-05,0.000103308,0,0,0
O04678_716_H3N2F1Pen1,0.00381744,0.0037591,0.00486556,4.35977e-05,3.94956e-05,4.00302e-06,3.69649e-05,8.14598e-05,6.97109e-05,1.45221e-05,1.06305e-05,1.40693e-05
A0A3Q7J606_52_H3N4Pen1,2.11034e-05,1.4937e-05,4.9813e-05,0,0,0,6.43732e-07,9.56416e-07,2.14385e-06,3.35558e-06,1.90025e-06,2.4448e-06
A0A3Q7H3B4_271_H3N4F1Pen1,3.8473e-05,2.88253e-05,2.6254e-05,7.20597e-06,1.02125e-05,0,9.58353e-06,1.99848e-06,5.50423e-07,4.35646e-07,3.16943e-07,4.12593e-07
A0A3Q7H8H1_251_H3N4F1Pen1,9.28187e-05,6.31463e-05,5.09313e-05,6.33195e-05,3.38319e-05,6.44079e-05,4.73799e-05,5.47328e-05,5.46075e-05,3.29537e-06,0,6.36977e-06
A0A3Q7FVM6_209_H3N4F1Pen1,2.60441e-05,1.96407e-05,1.15086e-05,0,0,0,3.15743e-05,4.28117e-05,4.74481e-05,7.89881e-07,0,2.55319e-06
O04678_716_H3N2Pen1,0.000296494,0.000218758,0.000502513,2.28442e-05,1.9738e-05,8.20682e-06,3.63286e-05,3.1833e-05,1.7655e-05,1.93432e-05,8.99848e-06,1.10759e-05
A0A3Q7IZG1_207_H3N4F1Pen1,1.76043e-05,0,7.09253e-06,4.90829e-06,7.59676e-06,0,3.62938e-05,4.71088e-05,1.61974e-05,6.90684e-06,6.84082e-06,8.89225e-06
A0A3Q7H8H1_251_H3N2F1Pen1,1.46901e-05,1.15969e-05,1.20701e-05,9.64812e-05,0.000123859,2.13077e-05,0.000103176,0.000188365,0.000118981,6.57941e-06,3.93238e-06,1.32881e-06
F8WS84_510_H3N4F1Pen1,0.000286937,0.000256078,0.000186033,2.08109e-06,6.62216e-07,6.51114e-06,0.000219896,0.000285475,0.000210376,3.69688e-05,5.12436e-05,1.79669e-05
F8WS84_510_H3N3F1Pen1,0.00024412,0.00026603,0.00020013,0,7.11681e-07,0,0.000174031,0.000177332,0.000171657,9.21681e-06,4.86562e-06,3.96447e-06
F8WS84_510_H3N4Pen1,4.17388e-05,2.39992e-05,4.55968e-05,0,0,0,7.67561e-06,7.64342e-06,1.28481e-05,3.38699e-06,6.66057e-07,5.82255e-07
A0A3Q7F4A9_251_H3N2F1Pen1,1.91259e-05,1.86152e-05,2.80988e-05,0,0,0,9.14257e-06,1.02595e-05,8.16285e-06,4.38442e-06,6.35669e-06,3.6504e-06
P29000_608_H9N2,0.00130232,0.00139535,0.000914661,0.0614795,0.0687178,0.0789192,0.000707452,0.00108362,0.000922904,0.000415742,0.000284039,0.000406112
F8WS84_510_H3N3Pen1,7.89046e-06,4.54327e-06,9.30381e-06,0,0,0,0,0,5.2095e-07,1.20123e-05,5.66388e-06,1.08854e-05
F8WS84_510_H3N2F1Pen1,3.97742e-05,2.20563e-05,3.09705e-05,0,8.86425e-07,3.25165e-06,2.02682e-06,1.1363e-06,2.3323e-06,5.18214e-06,9.2586e-06,1.0123e-06
A0A3Q7GQ70_223_H3N4F1Pen1,2.22855e-05,2.58027e-05,3.35601e-05,0,8.28308e-06,0,7.03631e-05,2.71436e-06,9.84165e-06,2.54515e-05,2.56989e-05,1.6301e-05
A0A3Q7HDL2_559_H3N4F1Pen1,0.00193371,0.00208069,0.0014083,6.76771e-05,6.37006e-05,0.000100633,0.000155272,0.000359716,0.000280528,0.000161135,4.57075e-05,8.72308e-05
P29000_608_H8N2,0.000624311,0.000797204,0.000683542,0.00428672,0.00483687,0.00450937,0.00313891,0.00257346,0.00240941,0.121437,0.146556,0.0914589
A0A3Q7EQN9_397_H8N2,0.000530166,0.000431569,0.000354536,1.198e-05,2.41399e-05,2.06862e-05,0.000949573,0.000915557,0.000920993,0.000451857,0.000442314,0.000680609
P29000_608_H4N2,0.000100273,0.000108667,0.000133473,1.55454e-05,2.12859e-05,7.71372e-05,1.72036e-05,6.18099e-06,7.73362e-06,3.78377e-05,3.03479e-05,2.4194e-05
P29000_608_H5N2,0.00020866,0.000247184,0.000297765,7.42403e-05,5.60052e-05,0.000108744,1.57987e-05,2.93223e-05,2.35468e-05,2.80685e-05,2.64185e-05,2.17474e-05
A0A3Q7HDL2_559_H3N4Pen1,5.14087e-05,4.77954e-05,4.53559e-05,1.86663e-05,1.91517e-05,3.80313e-05,2.64729e-05,0.00045611,2.02533e-05,1.84492e-05,1.81799e-05,1.22838e-05
P29000_608_H4N4,0.000238477,0.000622373,0.00044118,3.57285e-06,1.54384e-06,3.09728e-06,0.00160393,0.000706907,0.00137055,2.57761e-05,4.94799e-06,7.92326e-06
A0A3Q7IJE6_69_H3N4F1Pen1,0.00039803,0.000469673,0.000544081,7.26579e-05,5.51355e-05,8.60563e-05,0.000171995,0.00012653,9.82815e-05,1.50194e-06,4.80047e-06,1.70315e-06
A0A3Q7EQN9_397_H7N2,2.73082e-06,1.06234e-06,8.38127e-07,1.16683e-06,0,0,0,1.81316e-07,1.14597e-06,4.01293e-07,2.46176e-07,7.31662e-07
P29000_608_H5N3,2.09072e-06,2.98557e-06,0,0,0,0,0,9.41187e-07,2.78765e-07,0,0,0
A0A3Q7F8U8_47_H3N4F1Pen1,3.65629e-05,4.6279e-06,2.29074e-05,6.36287e-06,0,1.8997e-06,2.84031e-05,2.40837e-05,2.29804e-05,1.27412e-05,3.0297e-06,1.48e-05
D3TI68_831_H8N2,0.00295267,0.00250061,0.00256771,0.00129061,0.00118753,0.00147622,0.00992135,0.00986909,0.010867,0.0176541,0.0178716,0.0167421
A0A3Q7H3Z1_101_H3N4Pen1,1.91509e-05,2.57981e-05,1.59728e-05,9.0137e-05,9.58215e-05,0.000101485,0,0,1.17774e-06,0,0,0
A0A3Q7H3Z1_101_H3N3F1Pen1,0.00500942,0.00552365,0.00477686,0.0126755,0.011057,0.0120612,0.00216787,0.00221407,0.00204156,0.000360823,0.000278505,0.000405536
A0A3Q7HG62_56_H3N4F1Pen1,1.45303e-05,2.03057e-05,3.45034e-05,8.79866e-06,1.17527e-05,5.09529e-06,0.000780949,0.0006307,0.000347874,6.66201e-06,5.84709e-07,0
A0A3Q7H3Z1_101_H3N3Pen1,0.000334246,0.000245151,0.000488685,0.0011074,0.00107315,0.00113838,0.000177951,0.000170065,0.000219717,5.14126e-05,2.03385e-05,3.32158e-05
D3TI68_831_H7N2,0.00277051,0.00216307,0.00206749,0.00081015,0.000747454,0.00102043,0.00457469,0.00506894,0.00528,0.000378523,0.000386634,0.000316681
A0A3Q7ELA6_121_H3N4F1Pen1,0.000465742,0.000435558,0.000296123,1.16192e-05,5.47398e-05,3.72879e-05,0.000907627,0.00124003,0.00117311,2.98884e-05,1.03696e-05,9.02756e-06
D3TI69_441_H3N2F1Pen1,4.64442e-05,2.76265e-05,3.74015e-05,9.20196e-06,1.33489e-05,1.8074e-05,7.91919e-07,6.28396e-06,1.71075e-06,5.03733e-05,2.11777e-05,3.0929e-05
A0A3Q7ELA6_121_H3N3F1Pen1,0.000649294,0.000851397,0.000537978,0.000279409,0.000384239,0.000291596,0.0030667,0.00473629,0.00421161,6.52991e-05,4.03597e-05,2.36119e-05
A0A3Q7ELA6_121_H2N3F1Pen1,0.000549986,0.000691852,0.000495064,0.000262547,0.000220869,0.00019058,0.000406982,0.000363357,0.000340985,1.07968e-05,8.24875e-06,1.84583e-05
A0A3Q7ELA6_121_H3N2F1Pen1,0.000465128,0.000371197,0.000453959,0.000328902,0.000283307,0.000269185,0.000725162,0.00183459,0.0012762,5.86316e-05,1.95046e-05,1.80769e-05
A0A3Q7ELA6_121_H2N3Pen1,5.97484e-05,7.39719e-05,4.47574e-05,5.05066e-05,5.35198e-05,4.35545e-05,1.4362e-05,1.60875e-05,3.04627e-05,0,1.42363e-06,0
A0A3Q7ELA6_121_H2N2F1Pen1,0.00183453,0.00191222,0.00200273,0.00115412,0.00134872,0.00114716,0.0010698,0.00105178,0.000711712,4.8241e-06,8.70272e-06,7.60146e-06
A0A3Q7HV28_204_H3N4F1Pen1,0.00181722,0.00120808,0.00107313,0.000706464,0.000730565,0.000711109,0.00275211,0.00225631,0.00164768,8.05805e-05,3.97459e-05,0.000232545
A0A3Q7EU46_201_H3N4F1Pen1,5.89082e-05,6.2405e-05,6.89755e-05,6.69898e-06,5.4942e-05,3.60519e-05,5.52638e-05,0.000120781,6.48263e-05,8.38605e-07,1.36244e-06,1.33692e-06
D3TI68_831_H5N2,9.23959e-05,0.000100739,0.000159152,5.53701e-05,4.02274e-05,9.12265e-05,5.65473e-05,5.70535e-05,3.17032e-05,3.8067e-05,2.03075e-05,7.98853e-06
A0A3Q7ELA6_121_H2N2Pen1,0.000204247,0.000155023,0.000273554,0.000162969,0.000174188,0.000116132,0.000109695,5.68316e-05,7.93171e-05,3.25877e-06,3.57277e-06,5.2532e-06
A0A3Q7I7Q4_88_H3N4F1Pen1,1.25837e-05,1.11027e-05,1.28536e-05,0,0,0,8.74295e-06,1.46738e-05,9.19703e-06,6.45601e-07,0,8.08988e-07
A0A3Q7EU46_201_H3N4Pen1,5.41317e-06,0,0,0,0,0,0,0,0,0,0,0
A0A3Q7I6P6_419_H4N6,0.000467956,0.000396229,0.000341098,0.000581749,0.000610851,0.00073763,0.000233854,0.000543115,0.000504276,0.000163979,0.000224104,0.00033975
A0A3Q7I6P6_419_H9N2,0.000877732,0.000413918,0.000422251,0.00108634,0.00100343,0.00116026,0.00290288,0.0054068,0.0046887,0.00239821,0.00249738,0.00310592
A0A3Q7G7T0_477_H3N2F1Pen1,0.000421304,0.000415259,0.000617287,0.000177652,0.0001603,0.000182787,3.52782e-05,2.37866e-05,3.8112e-05,2.62446e-05,8.39004e-06,3.66247e-05
A0A3Q7G0C5_84_H8N2,0.000103077,7.54996e-05,6.51462e-05,7.3233e-05,7.13086e-05,5.17228e-05,2.12845e-05,6.49037e-05,2.23247e-05,2.423e-05,2.06769e-05,2.76008e-05
A0A3Q7E7H8_169_H3N4F1Pen1,1.91867e-05,6.95779e-06,1.45043e-05,1.31749e-05,5.94205e-06,9.23141e-06,6.27495e-05,0.000177679,0.000167972,6.05324e-06,0,0
A0A3Q7F5Y3_142_H3N2F1Pen1,7.26267e-06,3.83009e-06,8.47165e-06,0.000111529,8.39903e-05,0.000137686,1.49698e-05,1.35159e-05,1.43896e-05,2.05116e-05,7.08949e-06,7.57264e-06
A0A3Q7G0C5_84_H7N2,0.000886377,0.0008278,0.000884883,3.5991e-05,2.70919e-05,8.84502e-05,0.000830767,0.000858621,0.000919016,0.000727824,0.000539805,0.000535114
A0A3Q7IJT9_244_H4N6,4.71984e-06,0,0,0,5.9581e-06,6.46706e-06,0,0,0,1.31173e-06,1.02473e-06,0
A0A3Q7F7P0_314_H3N4F1Pen1,0.000476658,0.000453857,0.000375576,0.000128383,0.00037529,0.000126795,0.000116271,0.000133908,8.89225e-05,0.0001537,8.13541e-05,2.30778e-05
D3TI68_474_H10N2,9.57233e-05,7.9391e-05,0.000109066,0.00028704,0.000697616,9.53549e-05,0.00384754,0.00363338,0.00260742,0.00213293,0.00195288,0.00215569
A0A3Q7F4L9_201_H6N2,5.87833e-05,1.92264e-05,3.55088e-05,1.84241e-06,5.82759e-06,2.58847e-06,3.93415e-06,3.30239e-06,4.30189e-06,2.72133e-06,3.453e-07,9.9259e-07
A0A3Q7FKY5_196_H3N4F1Pen1,1.9867e-05,1.09834e-05,1.00738e-05,0,2.51382e-06,1.52296e-06,1.06476e-05,9.93118e-05,7.77571e-05,7.7946e-06,8.06784e-06,6.69878e-06
A0A3Q7F7P0_314_H3N3F1Pen1,7.7909e-05,5.67464e-05,9.3461e-05,0,2.81717e-06,0,0,2.87294e-06,7.03345e-06,2.49445e-06,3.06623e-06,2.07861e-06
A0A3Q7F7P0_314_H3N4Pen1,3.50255e-05,1.8244e-05,4.74982e-05,6.09838e-07,7.15087e-07,1.23201e-06,5.04349e-07,1.31608e-06,1.89857e-06,3.56246e-06,1.32228e-06,8.48301e-07
A0A3Q7HV28_204_H5N4F3Pen1,6.54317e-05,4.00738e-05,2.30434e-05,4.17925e-05,4.67382e-05,3.29447e-05,0.000289957,0.000441591,0.000207927,1.61404e-05,3.95351e-06,6.40616e-06
A0A3Q7F7P0_314_H3N2F1Pen1,0.000229515,0.000193704,0.000284418,7.88109e-05,7.82014e-05,0.000122183,6.47124e-06,2.36556e-05,1.90045e-05,1.19204e-05,7.46336e-06,6.39792e-06
A0A3Q7FF75_81_H3N4F1Pen1,0.00140231,0.00140347,0.0010578,0.000260279,0.000280433,0.000196511,0.00300568,0.0023193,0.00123565,5.2742e-05,1.29342e-05,1.67292e-05
A0A3Q7FST1_64_H3N4F1Pen1,2.68495e-05,4.31982e-05,6.26699e-05,0,7.21629e-07,6.15522e-06,5.6958e-06,0,1.27264e-06,7.3328e-06,4.66947e-06,8.49017e-07
A0A3Q7FF75_81_H3N3F1Pen1,0.000135097,0.00016129,0.000109315,4.42931e-05,4.24804e-05,4.5001e-05,1.84727e-06,2.21674e-05,1.40446e-05,5.00171e-06,2.13906e-06,1.83086e-06
A0A3Q7HG98_195_H3N3F1Pen1,2.65775e-05,8.56473e-06,4.78932e-05,7.02957e-07,2.67201e-05,1.62926e-06,1.42444e-06,4.58416e-06,1.00507e-06,1.9392e-06,8.0574e-06,2.19136e-06
A0A3Q7F968_47_H3N4F1Pen1,2.54634e-05,2.68187e-05,2.90353e-05,5.60518e-05,5.37343e-05,7.77034e-05,1.77423e-06,3.01905e-05,1.36712e-05,1.12814e-06,1.38706e-07,1.3181e-06
A0A3Q7HV28_204_H5N4F2Pen1,5.0768e-05,4.15373e-05,0.000158765,5.49068e-05,5.3256e-05,0.000106845,0.000130616,0.000407211,0.000243195,1.55492e-05,5.34804e-06,1.78545e-06
A0A3Q7HG98_195_H3N2F1Pen1,0.000567727,0.00038248,0.00107426,0.000213518,0.000208874,0.000356105,0.000128226,9.39639e-05,9.16127e-05,1.19523e-05,3.19713e-05,3.20447e-05
A0A3Q7HV28_204_H4N3F2Pen1,1.36759e-05,4.0726e-05,4.32744e-05,1.44017e-05,3.66195e-05,3.16955e-05,7.71617e-05,9.25145e-05,7.36693e-05,7.12688e-06,5.85605e-06,2.54709e-06
A0A3Q7HV28_366_H5N4F3Pen1,2.54596e-05,8.59223e-05,6.18272e-05,2.23546e-05,5.47533e-05,6.42336e-05,0.000979982,0.000653082,0.000457004,3.66512e-05,3.94217e-06,1.683e-05
A0A3Q7GFU5_129_H3N4F1Pen1,0.000149178,0.000135316,0.000138058,0,5.80786e-06,0,6.81253e-05,0.000190685,0.000113383,0.000235684,0.000107157,0.000118379
A0A3Q7HV28_204_H3N3F1Pen1,2.72948e-05,2.53053e-05,4.15002e-05,2.93407e-05,4.96288e-05,7.45478e-06,2.0274e-05,2.80263e-05,2.83597e-05,2.50665e-05,4.33813e-05,2.86677e-05
A0A3Q7HG98_195_H3N2Pen1,3.31618e-05,7.37655e-06,5.58779e-05,0,2.03943e-06,9.76292e-06,0,0,7.46515e-07,0,0,1.97307e-06
A0A3Q7HV28_204_H3N4Pen1,8.19319e-05,4.85836e-05,7.43954e-05,8.58259e-06,2.6124e-05,2.64138e-06,7.97662e-05,6.34647e-05,0.000111861,9.04586e-06,2.67817e-06,2.78754e-06
A0A3Q7GFU5_129_H3N4Pen1,1.55161e-06,0,3.0212e-06,3.21096e-05,1.07547e-05,0,0,0,4.13914e-06,0,0,0
P29000_276_H5N6,2.62396e-06,0,0,1.32078e-05,1.30422e-05,1.23876e-05,2.27557e-06,0,0,2.37422e-05,0,0
A0A3Q7HV28_366_H3N4F1Pen1,0.00154188,0.00143785,0.001396,0.000306186,0.000380271,0.000443589,0.00162582,0.00145982,0.00126889,1.15882e-05,5.01528e-06,1.90873e-05
P29000_276_H9N2,6.19975e-05,3.16789e-05,0.000220562,0.00816368,0.0087347,0.0112732,2.58554e-05,3.43195e-05,5.6196e-05,3.90669e-05,4.05722e-05,2.02721e-05
A0A3Q7HV28_366_H3N4Pen1,0.00012963,6.55736e-05,0.000167888,1.80574e-06,4.50308e-06,8.68295e-06,2.04011e-05,5.67803e-05,8.26336e-05,3.41724e-06,5.20991e-06,0
P29000_276_H8N2,6.00592e-05,0.0001127,0.000352121,0.00994034,0.0106251,0.013854,2.13655e-05,6.25905e-05,9.52184e-05,0.00429207,0.00521932,0.00373288
K4B7G2_276_H8N2,6.11609e-06,1.52898e-05,1.39882e-05,1.71757e-05,1.58542e-05,1.98357e-05,0,8.03339e-06,2.271e-05,5.24531e-05,4.41394e-05,3.10642e-05
E3UVW7_536_H3N2F1Pen1,2.77395e-05,2.33004e-05,6.49095e-05,1.01031e-05,1.95826e-05,0,5.98474e-06,4.30362e-06,3.64426e-06,4.38105e-06,3.5995e-06,1.54432e-06
A0A3Q7JEU4_472_H8N2,9.79205e-05,9.06827e-05,6.0047e-05,2.02975e-05,1.53611e-05,1.3763e-05,0.00010998,0.000150124,0.000170924,0.000133576,8.92964e-05,8.85327e-05
P29000_276_H4N3F1Pen1,3.10499e-05,4.48058e-05,5.0137e-05,1.1854e-06,9.1702e-06,1.51393e-06,4.76608e-06,0,1.06355e-06,1.76721e-06,0,1.52825e-06
A0A3Q7FMM0_52_H3N4F1Pen1,4.99263e-05,4.8322e-05,6.57363e-05,7.70729e-05,6.80685e-05,7.25182e-06,2.21938e-05,1.01887e-05,1.12102e-05,6.95345e-06,4.83177e-06,1.68629e-06
P29000_276_H3N4F1Pen1,0.000142868,0.000141862,0.000155013,1.64742e-05,8.02652e-06,2.52633e-05,7.76287e-05,5.68769e-05,8.65336e-05,1.21827e-05,8.65895e-06,3.29339e-05
A0A3Q7JEU4_472_H7N2,0.00146333,0.0013977,0.000878007,0.000201026,0.00018476,0.000194274,0.00108429,0.00178112,0.0012899,0.000980157,0.000924656,0.000888127
A0A3Q7FMM0_52_H3N3F1Pen1,1.82337e-05,8.80572e-06,2.65172e-05,0,0,0,0,0,6.99422e-07,9.43681e-07,0,8.99282e-07
A0A3Q7HF41_41_H4N3F2Pen1,4.32023e-05,3.80949e-05,2.61118e-05,2.33723e-05,3.51509e-05,2.96277e-05,1.0718e-06,2.72951e-06,1.22337e-06,1.24378e-06,0,1.36921e-06
P29000_276_H3N3F1Pen1,1.3723e-06,1.84114e-06,1.63001e-05,0,0,0,0,1.71969e-06,2.71103e-06,0,0,1.08738e-06
A0A3Q7IPT1_835_H3N2F1Pen1,1.94184e-05,6.31724e-06,1.91652e-05,1.00456e-06,3.59171e-06,4.69791e-06,0,0,0,0,0,0
A0A3Q7HVV9_120_H3N4F1Pen1,3.49507e-05,3.52006e-05,1.84588e-05,5.64923e-06,5.09529e-06,2.67595e-06,8.02895e-05,6.64129e-05,5.46344e-05,9.61088e-06,9.98871e-06,1.78476e-06
P29000_276_H3N2F1Pen1,0.00410005,0.00391529,0.00796331,0.000130772,0.000155514,0.000266195,0.00095434,0.000508701,0.000571031,5.48493e-05,4.50159e-05,4.63018e-05
A0A3Q7IZX2_289_H8N2,8.51097e-05,0.000130689,6.56161e-05,0.000199317,0.000103752,0.000364918,0.00054594,0.000255332,0.000185246,0.000786,0.000573153,0.000459627
A0A3Q7HF41_41_H3N3F1Pen1,0.000369018,0.0003611,0.000263846,2.02106e-05,3.82222e-05,2.18361e-05,5.61289e-05,9.42387e-05,5.83988e-05,1.56161e-05,7.30873e-06,6.84774e-06
P29000_276_H3N2Pen1,0.00029388,0.00022014,0.000756167,1.04949e-05,1.17233e-05,1.35398e-05,3.7506e-05,2.02731e-06,4.5391e-05,1.01104e-05,1.1375e-05,8.24901e-06
Q40143_252_H7N2,0.00791656,0.00659396,0.0100013,0.00141111,0.00119136,0.00156023,0.000694201,0.000608324,0.00075796,0.000591574,0.000356163,0.000597133
A0A3Q7HF41_41_H3N3Pen1,2.1966e-05,1.61234e-05,3.06866e-05,2.003e-05,8.91728e-06,1.42558e-05,4.02771e-06,6.15626e-06,6.5441e-06,2.51747e-06,2.45441e-06,2.73246e-06
A0A3Q7HVV9_120_H3N2Pen1,1.38505e-05,9.44856e-06,7.28945e-06,0,1.61418e-06,0,0,0,0,0,0,0
A0A3Q7IFT3_348_H3N2Pen1,1.81942e-05,1.16283e-05,3.51733e-05,1.63926e-06,2.34439e-06,1.98156e-06,1.01697e-06,0,1.09328e-06,0,1.12792e-06,2.44524e-06
Q40143_252_H6N2,0.00611856,0.00555283,0.00943514,0.000669723,0.000772698,0.00093031,0.00080014,0.000741788,0.000693763,0.000670333,0.000445439,0.000395869
Q9M510_212_H3N4F1Pen1,1.54202e-05,0.00094861,0.000407299,9.84957e-06,2.50686e-05,0,0.000183818,0.000227936,0.000140257,1.62018e-06,4.03073e-06,0
A0A3Q7G0R2_270_H2N2F1Pen1,1.48909e-06,0,0,0,0,0,0,1.89987e-06,0,0,0,0
O82777_697_H3N4F1Pen1,0.000292771,0.000244862,0.000295214,4.67147e-07,9.83101e-06,1.72999e-05,3.90705e-05,7.06198e-05,2.63234e-05,3.48065e-06,3.27706e-07,8.76197e-07
A0A3Q7I1M1_87_H3N4F1Pen1,9.40108e-05,7.24603e-05,9.56594e-05,4.16248e-05,1.12385e-05,6.48237e-05,5.3958e-05,3.86045e-05,4.60926e-05,1.44493e-05,4.18585e-06,9.8533e-06
A0A3Q7F3X3_863_H8N2,7.0834e-05,5.0025e-05,5.43674e-05,0.000175507,0.000222085,4.27065e-05,0.000118634,0.000179215,0.000129948,0.000201934,0.000171197,0.000207882
A0A3Q7I1M1_87_H3N3F1Pen1,1.75865e-05,1.7237e-05,3.29694e-05,1.7103e-06,2.72109e-06,8.69415e-07,1.86483e-06,9.51697e-06,1.62429e-06,8.34265e-07,2.16681e-06,8.52821e-07
O82777_697_H3N3F1Pen1,9.78975e-06,1.42853e-05,2.44468e-05,0,0,0,0,8.35805e-07,0,1.11547e-06,4.02053e-07,0
A0A3Q7HV28_62_H4N3Pen1,7.20059e-06,1.53386e-05,2.8319e-05,4.48506e-06,1.5827e-05,2.60934e-06,3.58836e-07,0,0,0,0,0
A0A3Q7EHP2_279_H3N2F1Pen1,0.00112703,0.000996253,0.0012361,9.28648e-05,0.0001344,0.000119333,0.000367063,0.000324872,0.000187549,1.4763e-05,1.48606e-05,3.38115e-05
A0A3Q7GX88_42_H9N2,6.07573e-05,9.76281e-05,1.19824e-05,0.00592777,0.00560778,0.00684636,5.21174e-05,9.64802e-05,5.24453e-05,5.37304e-05,5.24787e-05,5.50147e-05
A0A3Q7GX88_42_H8N2,0.00677771,0.0059637,0.00675784,0.00129993,0.00188842,0.00189343,0.00272003,0.0029225,0.00268022,0.00334845,0.00226994,0.00240371
A0A3Q7HV28_62_H3N3Pen1,0.000654051,0.000488353,0.000985119,0.000306453,0.000323064,0.000326851,4.67829e-05,4.44209e-05,4.51158e-05,1.56711e-05,1.45936e-05,1.35817e-05
A0A3Q7EID9_510_H8N2,3.83898e-06,1.47154e-06,2.75676e-06,0,0,0,0,0,0,0,0,0
A0A3Q7GX88_42_H7N2,0.000565556,0.000405984,0.000632685,8.70019e-05,8.06079e-05,9.19147e-05,0.00019862,0.00019181,0.00014117,0.000101226,0.000135494,0.000131328
A0A3Q7EYA0_331_H3N4F1Pen1,5.67815e-06,3.9618e-06,2.83811e-06,6.0021e-07,0,0,6.62833e-07,3.43368e-06,9.36463e-07,2.93611e-06,7.05672e-07,1.39241e-06
A0A3Q7GSM2_303_H3N2F1Pen1,0.000132781,0.000144042,0.000227115,3.59891e-05,3.48872e-05,4.18113e-05,1.89613e-05,2.22623e-05,1.48283e-05,1.11451e-05,6.00899e-06,5.4562e-06
A0A3Q7EHP2_279_H3N2Pen1,2.58224e-05,1.33591e-05,3.34093e-05,0,6.69004e-07,0,7.49883e-06,1.15688e-05,7.86862e-06,2.42041e-06,6.86778e-07,5.91826e-07
A0A3Q7HVV9_373_H3N4F1Pen1,3.86175e-05,3.29147e-05,4.24891e-05,0,6.17069e-06,4.60989e-06,8.45196e-06,1.00948e-05,2.6141e-06,7.54535e-05,5.85621e-05,6.12005e-05
A0A3Q7HVV9_373_H3N3F1Pen1,2.22644e-05,1.2512e-05,2.616e-05,2.7742e-06,7.42589e-06,8.82995e-06,3.72251e-06,2.40847e-06,1.15544e-06,2.48578e-06,1.73216e-06,2.61683e-07
A0A3Q7GFG8_156_H3N3Pen1,8.74469e-06,2.84767e-05,2.58502e-05,0.000102549,8.87652e-05,9.86525e-05,1.43431e-06,0,1.44921e-06,0,0,0
A0A3Q7HVV9_373_H3N2F1Pen1,1.93442e-05,1.19758e-05,3.40855e-05,1.027e-05,1.7458e-06,1.00167e-05,1.59538e-05,1.11861e-05,8.8777e-06,2.99518e-05,2.86595e-05,2.89143e-05
A0A3Q7GFG8_156_H3N2Pen1,1.71199e-05,2.66356e-05,3.70967e-05,1.11239e-05,1.66345e-05,3.00254e-05,2.30324e-07,5.0206e-06,3.89744e-06,7.86667e-05,4.03168e-05,5.61551e-05
A0A3Q7F268_707_H9N2,9.20804e-05,6.36525e-05,0.000145664,8.12535e-05,8.91381e-05,9.06322e-05,9.23693e-05,0.000102723,0.000135872,0.000150739,0.000103345,0.000104911
A0A3Q7IXT7_448_H7N2,2.24291e-05,2.94794e-05,3.42433e-05,0,1.72194e-06,0,6.85009e-05,6.3673e-05,2.9342e-05,5.00127e-05,4.21636e-05,3.54655e-05
A0A3Q7FI29_115_H6N2,9.06588e-06,1.41273e-05,2.77475e-05,0,1.06998e-06,0,6.54688e-07,0,5.54217e-07,0,0,0
A0A3Q7F268_707_H8N2,1.08729e-06,5.58235e-07,2.61302e-06,0,0,0,0,0,0,0,5.65128e-07,0
D3TI68_282_H3N4F1Pen1,0.000165687,0.000160698,0.000173169,9.67182e-06,2.16743e-05,2.32136e-05,9.58202e-05,0.000103969,7.7125e-05,1.18651e-05,6.33346e-06,2.51682e-06
A0A3Q7ERU3_150_H3N3F1Pen1,2.85632e-05,3.44282e-05,6.18892e-05,9.69192e-07,4.88809e-06,3.03356e-06,6.82069e-06,5.7936e-06,6.07773e-06,3.57602e-06,8.82204e-07,8.59905e-07
A0A3Q7HHX7_376_H4N6,6.11387e-05,3.41529e-05,4.32194e-05,6.71495e-05,6.83371e-05,6.49153e-05,2.66335e-06,0,6.55056e-06,0,0,0
A0A3Q7HHX7_376_H9N2,0.000608403,0.000564413,0.000517562,0.00073164,0.000615253,0.000889991,0.000687764,0.000737446,0.00066345,0.000602575,0.000336878,0.000397242
D3TI68_282_H3N3F1Pen1,1.31528e-05,1.73388e-05,2.85733e-05,2.64277e-06,2.945e-06,3.27825e-06,1.54545e-06,2.32028e-06,3.35951e-06,2.97787e-05,1.43331e-05,1.47916e-05
A0A3Q7G4E2_192_H8N2,0.000284964,0.000338251,0.00024217,0.000136324,0.000161993,0.00012804,0.00110033,0.00136942,0.0010205,0.00101353,0.000767741,0.000894646
D3TI68_282_H3N2F1Pen1,0.000111612,0.000109502,0.000233549,4.54935e-05,5.3728e-05,7.65968e-05,4.18172e-05,2.02713e-05,2.35897e-05,2.09602e-05,4.41507e-06,1.0901e-05
A0A3Q7G4E2_192_H7N2,0.000700215,0.000584572,0.00058282,0.000132713,0.000132619,9.36137e-05,0.00104773,0.00100919,0.000870106,0.000616057,0.00034111,0.000519535
A0A3Q7G7T0_311_H3N2F1Pen1,0.000464538,0.000456019,0.000740033,0.000106545,0.000116119,0.000132806,9.0238e-06,1.39736e-05,2.09484e-05,8.08643e-06,1.8465e-05,3.6939e-05
A0A3Q7JF59_193_H3N4F1Pen1,9.03777e-06,1.8096e-05,1.45653e-05,0,2.61136e-06,5.72124e-06,5.98259e-06,8.9214e-06,6.34066e-06,4.8582e-06,9.85182e-07,6.00412e-05
A0A3Q7ETP3_203_H3N3F1Pen1,9.93781e-06,1.15516e-05,1.54333e-05,7.72136e-07,1.48111e-06,3.43169e-06,7.20225e-06,3.03477e-05,1.23281e-05,4.17546e-05,2.07718e-06,1.61307e-06
A0A3Q7JF59_193_H3N3F1Pen1,1.92189e-05,2.72755e-05,2.33183e-05,0,0,0,0,2.0626e-06,8.52379e-06,6.26025e-06,5.94097e-07,7.10064e-07
A0A3Q7G4E2_192_H3N4Pen1,8.24937e-06,1.05989e-05,1.10167e-05,0,0,0,2.1536e-06,0,0,9.01191e-07,0,0
A0A3Q7JF59_193_H3N2F1Pen1,2.16103e-05,8.93194e-06,3.06259e-05,1.88909e-06,3.85142e-06,2.90402e-06,2.33221e-06,1.10483e-06,1.56003e-06,1.20013e-06,6.25141e-07,4.38217e-07
A0A3Q7F6J3_308_H3N2Pen1,1.00042e-05,2.93504e-06,1.55298e-05,0,6.74433e-07,0,0,0,1.62489e-06,1.37572e-06,0,0
A0A3Q7HUF3_144_H8N2,3.83529e-05,2.72477e-05,2.93751e-05,9.78582e-06,2.29977e-06,7.7654e-06,8.8798e-05,5.34947e-05,7.27526e-05,6.8758e-05,5.91387e-05,8.1272e-05
A0A3Q7FP33_303_H3N2F1Pen1,0.000169473,7.40063e-05,0.00035934,0.000585413,0.000590615,0.000892818,7.81158e-05,4.19015e-05,9.72316e-05,0.000148175,6.83655e-05,3.57832e-05
P15004_213_H4N8F1Pen1,0.000355763,0.000188923,0.000318363,3.08484e-06,2.14621e-06,2.47004e-06,1.16042e-05,2.88852e-05,1.86409e-05,2.06968e-05,8.63868e-06,8.59403e-06
A0A3Q7EDE4_118_H8N2,5.68498e-06,2.32253e-06,4.97864e-06,1.6944e-06,3.01012e-06,3.75834e-06,0,0,3.04082e-07,7.50392e-07,0,0
A0A3Q7IXT7_370_H8N2,7.47715e-05,4.00121e-05,5.01034e-05,2.19607e-05,6.77261e-05,3.81811e-05,0.00175673,0.00194563,0.00146779,0.00184245,0.00174197,0.00194387
A0A3Q7FVM6_100_H3N4F1Pen1,1.15286e-05,1.11461e-05,1.2672e-05,0,0,9.48171e-07,0.00117118,0.00130237,0.000715684,3.85533e-05,4.6264e-05,6.50015e-05
A0A3Q7IN03_756_H3N4Pen1,1.81269e-06,1.34455e-06,1.32446e-06,7.92113e-07,0,0,0,0,0,0,0,4.48419e-07
A0A3Q7IRE3_210_H3N3Pen1,1.11302e-05,1.33762e-05,2.16401e-05,4.57286e-05,5.09877e-05,4.09838e-05,3.27091e-05,4.17289e-05,3.3858e-05,2.86244e-05,3.65465e-06,1.51874e-05
A0A3Q7GIG7_169_H9N2,0.000112606,0.000139019,0.000181587,0.00115915,0.00107134,0.00119977,2.93696e-05,5.18844e-05,4.22592e-05,4.92086e-05,2.76649e-05,3.03443e-05
A0A3Q7HIL7_276_H5N2,0.000176071,0.000280427,0.000632451,0.000516284,0.000422672,0.000697145,4.53437e-05,1.61885e-05,3.96471e-05,6.84885e-05,5.49369e-05,8.54402e-05
A0A3Q7GLR8_286_H3N3F1Pen1,1.39065e-05,1.55537e-05,1.54887e-05,0,2.22271e-07,2.37553e-06,2.83316e-05,3.54951e-05,2.06224e-05,3.41172e-06,6.74959e-07,2.64281e-07
A0A3Q7FCH4_125_H4N4F2Pen1,2.38698e-05,2.51441e-05,2.58046e-05,2.37162e-05,1.13348e-05,1.5036e-06,2.15546e-06,2.12682e-06,3.09118e-06,3.492e-06,2.23486e-06,1.83067e-06
P15003_162_H2N2F1Pen1,4.5241e-05,9.3531e-05,0.000179048,4.27967e-05,1.73554e-05,7.28988e-05,8.81948e-05,9.16179e-05,4.8315e-05,5.50376e-06,1.48582e-05,1.03198e-05
A0A3Q7ISJ5_50_H3N4F1Pen1,4.02194e-05,3.26267e-05,2.61294e-05,2.0028e-05,1.71169e-05,1.66493e-05,7.33137e-05,2.74503e-05,2.5205e-05,1.85343e-05,1.12126e-05,8.4661e-06
A0A3Q7IZQ5_519_H7N2,0.000566467,0.000551172,0.00073327,3.25439e-05,2.81149e-05,1.99007e-05,0.000274263,0.000224085,0.000138239,0.000209471,0.000115288,0.000198587
F8WS84_77_H2N4F3,5.6555e-06,1.10084e-05,3.7082e-06,0,1.19509e-06,0,3.36292e-06,1.43292e-06,7.21463e-07,0,0,1.12079e-06
P15003_214_H6N4F2Pen2,0.00103562,0.00204016,0.00147128,0.000306116,0.000262306,0.000318452,0.000693837,0.00100922,0.000563075,3.11468e-05,3.46368e-05,2.72521e-05
A0A3Q7G4E2_503_H7N2,0.000184468,0.000158159,0.00017745,7.5489e-06,8.45468e-06,9.42424e-06,0.000155921,9.69644e-05,9.4798e-05,0.000116399,8.54432e-05,0.000109863
P15003_200_H6N4F1Pen2,0.000123388,0.000104125,0.000143898,1.84302e-05,2.32892e-05,2.55813e-05,1.0784e-05,1.81048e-05,2.32813e-05,8.56377e-06,1.72608e-06,2.80982e-06
A0A3Q7HFP1_522_H3N4F1Pen1,0.000135908,0.000215361,0.000172906,4.67687e-05,4.78514e-05,3.56941e-05,0.000328769,0.000258574,0.000231517,6.20413e-06,2.6223e-06,2.32895e-06
A0A3Q7FPQ1_76_H3N4Pen1,1.70669e-05,1.74512e-05,3.15787e-05,2.53611e-05,2.64177e-05,5.53211e-06,2.01781e-06,1.62097e-06,0,4.41426e-07,0,0
A0A3Q7FPQ1_76_H3N3F1Pen1,1.96492e-05,1.73735e-05,2.00339e-05,9.51105e-06,9.75115e-06,1.92126e-06,5.2096e-06,1.79942e-06,0,0,0,4.89831e-07
A0A3Q7GNX8_289_H8N2,2.4842e-05,2.56093e-05,0.000401248,1.18961e-05,2.14162e-05,0.000163519,3.36836e-05,8.89648e-06,0.000110159,2.13756e-05,3.49663e-05,0.000115548
A0A3Q7HFP1_555_H3N4F1Pen1,0.000365373,0.000462475,0.000178848,0.000132232,0.000131101,1.39204e-05,0.000180636,0.000229881,0.000191592,1.01188e-05,4.90383e-05,4.39569e-06
A0A3Q7HFP1_555_H2N4F3,1.50169e-06,1.61648e-06,9.69423e-07,2.03802e-06,0,0,0,0,0,0,0,1.78576e-07
A0A3Q7EQN7_140_H5N2,3.51405e-05,4.41017e-05,4.39763e-05,2.0381e-05,1.88444e-05,3.1839e-05,3.6756e-05,2.53271e-05,3.06986e-05,2.82383e-05,2.28004e-05,2.86121e-05
A0A3Q7J2M6_347_H9N2,0.000211108,9.28724e-05,0.000220322,0.000178763,0.000176406,0.000453701,0.00322248,0.00336843,0.00375752,0.00211977,0.00188654,0.00215048
A0A3Q7J2M6_347_H8N2,0.000165673,0.000245975,0.00016582,7.63905e-05,9.59221e-05,6.44615e-05,0.00809338,0.00912809,0.00840443,0.00373582,0.00407976,0.00394624
A0A3Q7J2M6_347_H7N2,6.47927e-05,5.53559e-05,9.2517e-05,3.13769e-05,4.12573e-05,1.50742e-05,0.00190031,0.00192209,0.00193865,0.000546434,0.000595917,0.000623082
A0A3Q7GB74_257_H3N3F1Pen1,1.25451e-05,7.74055e-06,2.15463e-05,7.81664e-06,0,0,1.78943e-05,1.87283e-05,1.29068e-05,6.16686e-06,4.79189e-06,4.6288e-06
A0A3Q7IPT1_724_H3N2F1Pen1,1.38535e-05,1.74119e-05,2.71495e-05,3.06091e-06,3.53889e-07,1.69635e-05,3.87647e-05,3.26258e-05,1.51916e-05,1.17827e-06,0,0
A0A3Q7HIP9_1104_H8N2,2.45633e-05,7.41771e-05,8.30587e-05,0.00010502,8.65115e-05,5.49945e-05,0.000181318,0.000246475,0.000284645,0.000304354,0.000166264,0.000246066
A0A3Q7IPA8_82_H3N4F1Pen1,1.19509e-05,1.83938e-05,2.66152e-05,7.93355e-06,4.34574e-06,2.06174e-06,9.53825e-06,9.09201e-06,8.38879e-06,3.38559e-06,2.01271e-06,1.95058e-06
A0A3Q7JBK4_96_H8N2,2.45493e-06,4.48545e-07,1.10334e-06,0,7.42527e-08,0,0,0,0,0,0,9.27126e-08
A0A3Q7HIP9_1288_H3N4F2,5.05867e-05,4.79022e-05,4.21621e-05,2.44482e-06,3.22296e-05,2.37709e-06,1.05935e-05,7.1277e-07,5.70534e-07,3.92933e-06,1.20729e-07,0
A0A3Q7HIP9_1288_H4N3,1.1242e-06,1.07425e-06,2.62577e-06,0,0,0,0,0,0,0,0,0
A0A3Q7HI26_482_H3N3F1Pen1,1.79141e-06,2.94899e-06,1.61226e-06,0,0,0,5.75294e-06,0,0,9.00678e-06,0,0
A0A3Q7IGR5_293_H4N3F2Pen1,6.72262e-07,1.24704e-06,4.45312e-07,1.98543e-06,1.31367e-06,3.18373e-06,1.86427e-06,9.20869e-07,1.02773e-06,0,2.51762e-07,1.34781e-06
A0A3Q7IFL8_88_H3N2F1Pen1,6.55557e-06,6.37537e-06,7.86617e-06,1.07366e-06,6.59254e-07,1.97715e-06,1.9714e-06,1.52322e-07,3.95519e-07,0,0,0
A0A3Q7F4F5_37_H3N4F1Pen1,1.36654e-06,1.77355e-06,1.37076e-06,1.73042e-06,2.94459e-05,4.42022e-05,0,0,0,3.17525e-06,0,0
A0A3Q7EWE1_273_H10N2,9.5849e-07,1.29105e-06,0,1.6539e-05,4.53958e-06,3.15499e-06,2.22207e-05,6.61324e-06,1.12012e-05,4.23114e-06,4.70839e-06,6.05702e-06
Q19QU4_120_H5N3F1Pen1,2.72824e-06,3.59593e-06,8.67558e-07,4.40757e-06,7.43315e-06,0,1.74171e-06,0,0,0,0,3.95981e-07
A0A3Q7HFP1_247_H5N3F1Pen1,3.52558e-06,3.23896e-06,8.34083e-06,0,0,0,2.11035e-06,0,0,0,0,0
A0A3Q7F7I4_288_H8N2,3.19555e-05,4.88728e-05,5.46177e-05,0.00023822,0.000219662,0.000316199,1.63415e-05,7.22074e-06,1.69306e-06,6.7467e-05,4.59432e-06,1.07764e-05
A0A3Q7J5Y0_272_H3N2F1Pen1,3.46956e-06,4.93147e-06,2.7757e-06,1.34111e-06,5.8303e-06,1.87882e-05,1.50357e-06,9.32726e-06,1.12753e-07,5.54355e-06,5.76255e-06,4.97794e-07
A0A3Q7J4M1_561_H6N4F1Pen2,1.05462e-05,6.83668e-06,4.51055e-06,0,6.84767e-06,3.16497e-06,0,0,0,0,0,0
A0A3Q7GZY6_142_H3N4F1Pen1,9.37208e-05,3.23403e-05,5.04016e-05,0,3.82228e-06,0,0.000580239,0.00122636,0.000862877,0.000287269,0.000257487,0.00034542
A0A3Q7F777_351_H5N4F3Pen1,3.25501e-06,1.86262e-06,6.16321e-07,0,0,0,2.13204e-05,5.43608e-05,3.13098e-05,0,7.02128e-06,2.29691e-06
A0A3Q7F6U5_1095_H3N2F1Pen1,9.66934e-07,6.52119e-07,7.6592e-07,0,0,0,0,0,0,0,0,0
A0A3Q7EM11_187_H4N3F2Pen1,2.57319e-05,3.13867e-05,2.60888e-05,4.60868e-05,4.61681e-05,5.85058e-05,1.23355e-05,6.36829e-06,4.16375e-06,1.66545e-06,1.40267e-06,4.43658e-06
A0A3Q7FXN5_191_H3N3F1Pen1,3.41463e-06,4.15234e-06,5.99026e-06,0,0,0,0,0,6.35489e-07,4.96616e-07,0,7.91935e-07
A0A3Q7HSK0_102_H8N2,4.92185e-07,2.87879e-06,0,1.50217e-08,0,1.44383e-08,1.36674e-05,4.06339e-05,1.42084e-05,5.2729e-05,8.30662e-05,4.88868e-05
A0A3Q7G1E7_341_H3N4F1Pen1,1.5233e-06,6.63594e-07,5.25005e-07,3.70316e-07,0,0,0,0,0,0,0,0
A0A3Q7GAX3_109_H6N4F2Pen1,8.77484e-07,1.5629e-06,0,0,0,0,0,0,0,0,2.92701e-06,0
A0A3Q7FYJ1_245_H8N2,5.13044e-05,6.49515e-05,7.39362e-05,7.02889e-05,3.7906e-05,3.24194e-05,0,0,0,0,0,8.86672e-07
A0A3Q7ILU4_140_H9N2,1.28302e-05,1.10442e-05,4.80157e-06,0.005853,0.00458913,0.00468602,6.27919e-06,1.15609e-05,3.0489e-05,0.00033528,0.000117879,9.11201e-05
A0A3Q7F2K6_145_H3N3F1Pen1,1.67322e-06,1.5057e-06,0,1.06144e-05,5.82431e-06,0,1.50671e-05,2.04529e-05,1.59536e-05,0,0,6.8816e-07
A0A3Q7G7T0_528_H6N4F2Pen1,1.67068e-05,1.89642e-05,8.56824e-06,0,0,0,0,0,5.04641e-07,0,0,0
A0A3Q7G7T0_528_H3N3F2Pen1,3.41602e-07,5.22939e-07,0,0,0,0,0,0,0,0,0,0
A0A3Q7HUY1_83_H3N4Pen1,1.15869e-05,4.35425e-06,8.96877e-06,6.42106e-07,0,6.45932e-07,7.8028e-06,2.11606e-05,2.82839e-05,0,3.23329e-07,9.15577e-07
A0A3Q7F7P0_165_H4N3F2Pen1,9.02445e-06,9.76831e-06,3.81854e-06,5.68753e-06,5.20104e-06,6.54405e-06,0,1.43806e-06,4.80479e-07,0,6.35235e-07,0
A0A3Q7JY62_113_H4N4F1Pen1,2.01359e-05,8.73376e-06,6.70078e-05,4.5844e-05,4.956e-05,4.85321e-05,2.36916e-05,6.43086e-05,5.39293e-05,5.16524e-05,0,9.87567e-07
A0A3Q7G7T0_531_H7N4Pen2,8.25259e-07,1.02982e-06,1.5277e-06,0,7.12963e-07,4.10294e-06,0,3.25598e-06,4.21736e-06,3.76109e-06,0,0
A0A3Q7JY62_113_H3N3F1Pen1,2.43905e-05,3.10231e-05,4.53194e-05,0,4.1535e-07,0,3.31635e-05,3.95466e-05,3.09609e-05,4.11122e-07,0,1.04405e-06
A0A3Q7HRC2_44_H4N3F1,2.29701e-06,2.44872e-06,1.72717e-06,0,0,0,0,0,0,0,0,0
A0A3Q7G7T0_531_H5N4F2Pen1,6.10793e-06,5.00496e-06,0,0,0,0,0,0,0,0,0,0
A0A3Q7GFG8_831_H3N4F1Pen1,8.58449e-06,7.89658e-06,3.5358e-05,2.04061e-07,2.22272e-06,0,0.000103313,0.000220736,0.000192328,6.55265e-07,6.50488e-06,9.998e-07
A0A3Q7JY62_113_H3N3Pen1,0,6.09401e-06,1.06547e-05,2.92074e-07,0,0,0,0,0,0,1.28768e-06,0
A0A3Q7HRC2_44_H2N3F1Pen1,0,9.38487e-07,4.69011e-07,0,0,0,0,0,0,0,0,0
A0A3Q7G7T0_528_H4N4F2Pen1,0,4.54577e-06,0,0,1.24396e-06,1.14675e-06,0,0,0,0,0,0
A0A3Q7G7T0_528_H4N4F3Pen1,1.13112e-05,5.87368e-06,5.7935e-06,0,0,0,0,1.07261e-05,1.31781e-05,0,0,0
A0A3Q7JI87_23_H6N2,4.3922e-06,4.52845e-06,0,0,0,0,0,0,4.32511e-07,0,1.27025e-07,0
A0A3Q7I6Z9_215_H3N3F1Pen1,0,3.35282e-06,0,0,0,0,0,0,0,0,0,0
A0A3Q7G7T0_528_H2N4F2Pen1,9.21283e-06,5.0386e-06,8.58863e-06,6.85066e-07,1.58792e-06,2.23767e-06,0,0,4.49306e-06,0,0,0
A0A3Q7G7T0_528_H5N6F4Pen2,0,5.19878e-06,2.0971e-05,0,0,0,9.78558e-07,0,0,0,0,7.64375e-06
A0A3Q7JI87_23_H3N2F1,2.14595e-05,2.38794e-05,2.68e-05,1.44194e-07,6.8037e-07,3.85954e-06,8.65602e-06,8.26649e-07,1.60077e-06,1.0924e-06,5.47957e-07,7.57201e-07
A0A3Q7E8A8_70_H8N2,7.08111e-05,8.72124e-05,2.58784e-05,0.000720238,0.000515641,0.000564747,3.13666e-05,0.000100409,8.16385e-05,0.000453027,0.00065356,0.000765273
A0A3Q7G0C5_145_H9N2,1.27454e-05,6.08814e-05,5.45407e-06,0.00600251,0.00531875,0.00492951,1.51142e-05,6.99517e-05,5.05461e-05,2.53741e-05,4.16151e-05,4.72632e-05
A0A3Q7G0C5_145_H4N2,0,1.12059e-06,3.29041e-06,0,0,0,0,9.86748e-07,0,0,6.39062e-07,3.44508e-06
A0A3Q7G4E2_91_H9N2,5.88814e-07,2.63978e-06,2.10619e-06,0.00393346,0.00435055,0.00412047,9.0667e-05,0.00015875,0.000154817,7.42107e-06,0.000145999,0.000140237
A0A3Q7F328_473_H3N4F1Pen1,5.74088e-06,6.8094e-06,2.31373e-06,3.3221e-05,1.31726e-06,1.93702e-05,0.000120211,0.000124128,4.20062e-05,3.92568e-06,3.18003e-06,5.43659e-06
A0A3Q7F328_473_H3N2F1Pen1,1.16916e-06,6.18958e-06,4.21904e-06,2.07268e-06,1.13076e-06,0,0,2.65636e-06,7.48967e-07,0,1.72685e-06,0
A0A3Q7FLZ0_456_H3N2F1Pen1,2.00932e-05,2.2229e-05,5.00164e-05,0,2.40043e-06,2.50363e-06,1.0442e-05,1.10318e-06,0,0,0,4.68632e-07
A0A3Q7FKY5_426_H3N4F1Pen1,0,3.05385e-06,0,0,0,0,0,0,0,0,0,0
A0A3Q7JCT2_135_H4N4F2Pen1,0,7.44259e-06,0,8.2388e-06,7.32955e-06,7.4639e-06,0,0,8.98978e-07,0,0,0
Q9M510_229_H4N4Pen1,0,1.22208e-06,0,7.38542e-07,0,0,6.61989e-06,1.39269e-06,6.96048e-06,3.37115e-06,3.79673e-06,0
A0A3Q7IUF3_193_H3N4F1Pen1,4.71908e-06,4.34286e-06,5.39349e-06,0,0,0,0,0,0,0,0,0
A0A3Q7FVH3_281_H6N2,1.237e-05,1.49507e-05,1.78378e-05,2.84234e-06,4.28103e-06,4.95526e-07,0.000240185,0.000136824,0.000171119,0.00102643,0.00127711,0.00190489
A0A3Q7F9I5_112_H3N3F1Pen1,0,3.23527e-06,4.80235e-06,0,0,0,1.25095e-07,0,0,0,0,2.16634e-06
A0A3Q7HVC4_643_H3N4Pen1,1.87545e-06,3.02033e-06,3.39292e-05,0,0,0,1.68553e-07,0,1.92527e-06,0,1.27608e-06,0
A0A3Q7F9I5_112_H4N2Pen1,0.000386305,0.000435324,0.000462485,9.06388e-05,9.85296e-05,7.79087e-05,4.0716e-05,0,3.05493e-06,3.91588e-06,4.62722e-06,8.32494e-06
A0A3Q7J606_113_H3N4F1Pen1,2.3656e-05,2.50087e-05,0,0,0,0,0.000115643,2.09202e-05,3.50685e-05,2.89956e-06,0,0
A0A3Q7EP74_270_H3N4F1Pen1,2.08467e-05,2.58761e-05,0,3.09183e-06,5.8784e-06,0,0.000338335,0.000317677,0.000281497,9.49026e-06,1.50517e-05,0.000279694
A0A3Q7EP74_270_H3N2F1Pen1,0,1.57851e-06,0,0,0,0,0,0,0,0,0,0
A0A3Q7IX67_151_H7N5,0.000266054,0.000335515,0.000264013,0.000385404,0.000320167,0.000380766,1.1225e-07,0,0,0,0,0
A0A3Q7ILR7_102_H3N4Pen1,4.91347e-05,5.07974e-05,9.43353e-05,6.60562e-06,0,3.17661e-06,3.6058e-05,9.13898e-06,2.23112e-05,1.38469e-05,9.90684e-06,9.49173e-06
A0A3Q7JG33_843_H10N2,2.9546e-05,5.81932e-05,3.09037e-05,8.44472e-05,0.000101936,1.52361e-05,0.000115727,0.000189025,5.89607e-05,9.41707e-05,9.26521e-05,0.000107719
A0A3Q7HDL2_594_H3N3Pen1,0,4.28966e-06,0,0,0,0,0,0,0,1.03546e-05,0,0
A0A3Q7G7Y1_1837_H3N2F1Pen1,3.00778e-05,4.30703e-05,2.88012e-05,1.31154e-05,5.31604e-06,1.14158e-05,0,0,1.57639e-06,2.76525e-06,0,5.04793e-06
O04678_716_H3N4F1Pen1,0,3.76372e-06,1.01763e-05,0,0,1.15922e-06,2.11927e-06,1.88032e-06,1.10344e-05,0,0,0
A0A3Q7H3B4_271_H3N4Pen1,2.11375e-05,2.28028e-05,2.88191e-05,6.74766e-06,0,2.90723e-06,3.04014e-06,3.90011e-06,2.68871e-06,8.10996e-07,1.40145e-06,3.99339e-07
A0A3Q7GFG8_472_H3N4F1Pen1,1.32667e-05,9.57494e-06,1.60931e-05,0,0,0,0,0,6.179e-07,0,1.03431e-06,9.49295e-07
P29000_608_H10N2,8.05202e-06,2.38287e-05,2.83859e-05,3.8585e-05,4.63105e-05,5.40815e-05,0.000118964,0.000171462,0.000136718,0.000100457,3.01194e-05,6.10545e-05
A0A3Q7HDL2_559_H2N4F3,5.11442e-06,5.03605e-06,6.38749e-06,1.20787e-06,1.14931e-06,6.11488e-07,2.71079e-06,2.8912e-06,6.32378e-06,8.99649e-06,4.82943e-06,3.59954e-06
P29000_608_H3N4F1Pen2,0,3.11001e-06,0,0,0,0,5.97995e-06,0,0,8.99389e-05,1.95584e-05,3.48472e-05
A0A3Q7ELA6_121_H3N4Pen1,5.06021e-05,4.96439e-05,6.1602e-05,2.9749e-06,0,0,0.000215675,0.000265562,0.000550844,1.00715e-05,3.38674e-06,4.47001e-06
A0A3Q7ELA6_121_H3N3Pen1,5.42459e-05,7.30066e-05,7.02767e-05,4.26138e-05,5.04206e-05,3.43322e-05,0.000369585,0.000525924,0.000879342,1.39113e-05,9.55018e-06,1.3064e-05
D3TI68_831_H5N3,2.35778e-06,1.06208e-05,1.73263e-05,2.2924e-06,5.48316e-06,1.85507e-06,1.43682e-06,2.18493e-06,2.7177e-06,2.46883e-06,1.01832e-06,3.02172e-06
D3TI68_474_H5N6,0.000100431,9.94365e-05,8.68837e-05,6.75042e-05,7.09018e-05,7.08778e-05,0.000488724,0.000551988,0.000555581,0.000338486,0.000295187,0.000332084
A0A3Q7FF75_81_H4N4F2Pen1,4.14524e-06,1.20851e-05,0,5.46975e-06,0,0,4.07916e-06,5.51571e-05,3.62229e-05,2.14399e-06,0,0
A0A3Q7F968_47_H4N4F2Pen1,8.97543e-06,6.04765e-05,4.66925e-05,6.55949e-05,3.2713e-05,0.000126311,0,4.34094e-06,6.79066e-07,3.57821e-06,3.14262e-06,4.29005e-06
A0A3Q7HV28_204_H6N4F1Pen2,4.56677e-05,4.21096e-05,2.58263e-05,4.3684e-05,5.43014e-05,4.34503e-05,0.000218601,0.000162247,4.95481e-06,9.4504e-05,2.39576e-06,1.00728e-05
A0A3Q7HCN1_97_H7N2,0.000123341,0.000135779,0.000125453,0.000126075,6.5883e-05,0.000134904,0.000113807,0.00020351,0.000199123,0.000145582,0.000152021,0.000192007
A0A3Q7HV28_111_H3N4F1Pen1,3.43643e-06,1.77384e-05,5.80966e-05,5.70099e-07,2.56315e-05,3.76764e-05,0,4.98123e-06,1.01439e-06,6.34139e-07,2.58163e-07,2.35618e-06
A0A3Q7HV28_366_H6N4Pen2,0,1.71189e-05,1.79022e-05,0,2.3684e-05,1.5975e-05,2.61133e-06,1.68766e-06,0,1.01328e-06,1.5148e-06,3.12436e-06
P29000_276_H4N6,9.80082e-06,1.28314e-05,3.26083e-05,0.000950288,0.000902989,0.000583455,0,4.3425e-06,9.79265e-07,2.91106e-06,0,1.36921e-06
P29000_276_H4N2Pen1,0,5.00193e-07,5.10719e-07,0,3.18149e-07,0,2.99636e-06,8.16254e-07,1.79958e-06,3.36543e-07,4.60746e-07,0
P29000_276_H2N2F1Pen1,9.78329e-06,1.4444e-05,2.20803e-05,4.80614e-06,3.50014e-06,4.89325e-06,0,0,0,7.41772e-07,5.28952e-07,3.33718e-07
A0A3Q7HVV9_120_H3N2F1Pen1,0.000142958,0.00016503,0.000138167,1.45117e-05,2.49668e-05,5.4218e-05,1.32683e-05,1.02897e-05,9.30966e-06,0,0,0
A0A3Q7J1A8_922_H7N2,1.45353e-06,8.41766e-06,4.30774e-06,0,2.35723e-06,0,6.37602e-07,0,3.95361e-07,3.00902e-06,1.95493e-06,1.86284e-06
A0A3Q7JGF7_668_H3N2F1Pen1,0.000210422,6.20121e-05,0.000272,1.36959e-05,1.72416e-05,1.15227e-05,7.38231e-06,4.12218e-06,9.35783e-06,9.65381e-06,7.46871e-06,1.55288e-05
A0A3Q7FU91_91_H9N2,1.54328e-05,1.79107e-05,2.76587e-05,0.000262064,0.00031633,0.000406597,4.24558e-05,3.92607e-05,3.03082e-05,4.84941e-05,7.88201e-05,8.04095e-05
A0A3Q7FVM6_100_H3N4Pen1,3.6921e-05,3.82943e-05,5.10251e-05,6.93945e-07,2.0123e-06,3.23682e-06,0.000513837,0.000504016,0.000332151,1.90926e-05,1.53205e-05,2.52355e-05
A0A3Q7GHC2_132_H3N4F1Pen1,1.02872e-05,1.30156e-05,1.25949e-05,1.96404e-06,3.53825e-06,1.54072e-06,2.13376e-06,2.71448e-06,3.86986e-06,2.38792e-06,1.52754e-06,3.46147e-06
A0A3Q7HD84_101_H3N4F1Pen1,0.000491678,0.000550877,0.00102559,6.96703e-05,0.000148176,7.83365e-05,0.000223027,0.000354494,0.000231219,3.88374e-05,6.69694e-05,6.62514e-05
A0A3Q7GSY1_325_H7N2,1.47498e-06,9.16637e-07,0,0,0,0,0,7.22177e-07,1.46341e-06,0,0,0
A0A3Q7HIL7_276_H8N5F1Pen1,2.11236e-05,1.88664e-05,2.0106e-05,6.05707e-06,4.78935e-06,6.4528e-06,1.87657e-06,1.26651e-06,1.39918e-06,2.67531e-06,1.78243e-06,2.50088e-06
A0A3Q7HIL7_276_H7N2,0.000365104,0.000568074,0.000943562,0.00086095,0.000736001,0.00119807,1.64008e-05,2.87879e-05,4.37136e-05,0.000454662,0.000431705,0.000527797
A0A3Q7GB23_71_H8N2,2.07187e-05,2.31083e-05,4.17877e-05,5.75997e-06,1.44341e-05,4.6374e-06,4.13391e-05,4.27804e-05,3.43053e-05,2.62314e-05,3.02559e-05,3.19791e-05
A0A3Q7INM8_320_H9N2,0.000165175,0.000226963,0.00043065,0.000568907,0.000499594,0.000798318,9.57717e-07,6.9456e-07,0,5.24531e-06,1.73242e-06,4.29024e-07
A0A3Q7FCH4_125_H9N2,0.000332476,0.000529998,0.000534638,0.000425239,0.000519957,0.000605789,0.000238398,0.000244254,0.000250007,0.000103602,0.000114374,0.000114481
A0A3Q7J033_343_H6N2,1.90524e-05,1.63469e-05,2.55913e-05,0,9.20398e-06,0,1.64453e-05,2.2466e-05,1.52057e-05,7.81475e-06,2.58135e-06,2.60058e-06
A0A3Q7INM8_320_H6N2,1.04951e-05,2.52577e-05,4.85691e-05,3.25276e-05,1.90616e-05,1.83069e-05,1.34992e-06,0,0,0,6.50584e-07,0
A0A3Q7FF75_185_H3N4F1Pen1,0.00131941,0.00215118,0.0019499,0.00049002,0.000376994,0.00055256,0.000893076,0.000820658,0.000642021,4.90911e-05,1.51407e-05,3.46565e-05
A0A3Q7FF75_185_H3N4Pen1,4.85984e-05,5.821e-05,8.95312e-05,8.23469e-05,6.9527e-05,2.94328e-05,5.38672e-05,5.22111e-05,8.7304e-05,2.93439e-05,2.48409e-05,2.55602e-05
A0A3Q7IZX2_289_H7N2,3.27879e-06,4.32249e-06,3.35756e-06,5.34043e-06,2.08601e-06,6.60739e-06,3.90376e-06,7.52458e-06,7.38739e-06,4.50456e-06,2.57892e-06,1.16708e-06
A0A3Q7IZK1_187_H3N2F1Pen1,9.30414e-06,1.31433e-05,1.21743e-05,0,5.65082e-07,3.65977e-06,0,3.98109e-07,8.4726e-07,4.87886e-07,8.6682e-07,1.07495e-06
A0A3Q7HTT9_328_H3N2F1Pen1,1.67497e-06,3.98743e-06,8.25003e-06,1.52741e-06,1.7342e-06,6.39421e-06,2.17318e-07,3.51091e-07,0,1.07876e-06,0,1.24014e-06
A0A3Q7IZK1_263_H3N4F1Pen1,2.14838e-05,2.04475e-05,1.79868e-05,8.20597e-06,2.73076e-06,7.72058e-06,4.73536e-05,3.69267e-05,1.39357e-05,5.49576e-06,1.04061e-06,4.05134e-06
A0A3Q7ISJ5_50_H8N2,9.42828e-05,0.00022175,0.000105842,4.77326e-05,5.14131e-05,5.04707e-05,0.000260529,0.00031465,0.00021585,0.000201494,0.000119149,0.000120433
A0A3Q7IZQ5_519_H8N2,5.87706e-05,7.74426e-05,7.78614e-05,5.33271e-05,5.9298e-05,9.52783e-05,6.66197e-05,8.83235e-05,7.40471e-05,5.11082e-05,2.58938e-05,2.89404e-05
A0A3Q7I6R5_191_H3N4F1Pen1,6.57018e-05,7.09926e-05,6.51237e-05,2.86247e-06,4.21317e-06,3.91269e-06,1.47323e-05,4.10737e-05,3.48309e-05,4.60554e-06,3.27634e-06,2.69145e-06
F8WS84_77_H3N4F1Pen1,0.000335844,0.000446176,0.000439359,1.09846e-05,1.91634e-05,9.63084e-06,6.11952e-05,3.17014e-05,1.41469e-05,4.72235e-06,3.17883e-06,7.30144e-06
F8WS84_77_H3N3F1Pen1,7.37249e-05,0.000138715,0.000199094,4.59735e-06,5.29367e-06,0,2.13975e-06,4.00066e-06,4.99751e-06,2.70067e-06,2.14655e-06,5.78048e-06
P15003_214_H9N4F1Pen1,0.000210207,0.000532632,0.000337571,0.000174478,0.00015739,0.000177158,0.000823587,0.000634403,0.000723305,1.05301e-05,6.35216e-06,9.68825e-06
P15003_214_H9N4Pen1,1.99344e-05,7.10132e-05,7.91802e-05,1.39569e-05,2.62115e-05,1.38039e-06,0.00023069,0.000281142,0.000359696,8.82472e-06,4.0292e-06,5.42365e-06
P15003_214_H6N5F2Pen1,1.21775e-05,4.7482e-05,4.27272e-05,0,0,0,0,0,0,2.67091e-06,1.96786e-06,0
A0A3Q7IZQ5_519_H3N4F1Pen1,9.74865e-06,1.70345e-05,2.63785e-05,8.24928e-05,4.29484e-05,9.22762e-05,1.08858e-06,1.32948e-06,8.60146e-07,1.49708e-06,1.08755e-06,1.63365e-07
P15003_200_H6N4F2Pen2,0.000614886,0.000757954,0.000512279,0.000140435,0.000116866,0.000145589,5.22408e-05,0.000102854,2.32618e-05,4.28373e-06,2.17324e-06,6.79536e-06
P15003_214_H6N4F1Pen2,0.000252977,0.00024159,0.000288322,2.12488e-05,4.73396e-05,5.43515e-05,0.000564456,0.000684984,0.000697856,2.5654e-05,7.79508e-06,1.46908e-05
A0A3Q7HFP1_522_H3N3F1Pen1,8.66498e-06,9.1774e-06,1.11989e-06,6.3076e-06,4.76059e-06,5.48777e-06,6.58045e-07,1.7297e-07,1.80569e-07,2.59801e-07,8.68533e-07,4.82498e-07
A0A3Q7HFP1_522_H3N4Pen1,3.79498e-05,5.51706e-05,2.65706e-05,1.82129e-05,1.54926e-05,3.0088e-06,4.83318e-05,3.04631e-05,9.16495e-05,3.11657e-06,3.60124e-07,4.10183e-07
A0A3Q7I4S3_471_H3N2Pen1,1.68013e-06,1.46817e-06,0,0,0,0,0,0,1.0045e-06,4.33749e-07,0,7.9913e-07
A0A3Q7GX88_181_H4N6,2.38567e-05,6.00257e-05,5.893e-05,0.00204556,0.0018197,0.00329954,9.40489e-06,6.51216e-06,6.83234e-06,0,1.07277e-06,1.03414e-06
A0A3Q7FPQ1_76_H3N4F1Pen1,6.46467e-05,0.000117152,0.00015399,0,7.06298e-07,0,4.17964e-05,2.51996e-05,1.80306e-05,0,2.60884e-06,6.8672e-06
A0A3Q7J2M6_347_H4N6,0.000117183,9.93357e-05,0.000122011,0.000211642,0.000107493,0.000279559,0.00147522,0.00155748,0.00154647,0.00093304,0.000874531,0.000898754
A0A3Q7HN20_139_H3N2F1Pen1,2.6967e-06,4.28377e-06,6.8868e-06,0,5.33851e-06,0,0,0,0,0,0,0
A0A3Q7GS13_95_H5N4F3Pen1,1.49155e-08,2.46419e-08,2.2213e-08,1.58441e-07,3.45362e-08,2.24508e-08,4.54981e-05,1.128e-05,3.49161e-06,3.7624e-06,9.12833e-07,1.11348e-06
A0A3Q7GS13_95_H4N3F2Pen1,4.53018e-05,3.34242e-07,2.82629e-05,5.65861e-08,3.85548e-08,3.48791e-08,2.18244e-05,3.77816e-06,1.37266e-06,0,1.48275e-08,1.32955e-07
A0A3Q7E890_129_H3N4F1Pen1,3.11339e-09,1.34472e-08,1.53668e-08,3.89874e-06,4.35652e-07,3.7717e-08,2.28409e-06,0,0,0,4.89015e-09,3.76049e-09
A0A3Q7ENN1_59_H9N2,6.7504e-09,2.36965e-09,5.13877e-08,2.92005e-06,2.11066e-06,2.6318e-06,1.49389e-05,1.35115e-07,6.71413e-08,3.60565e-06,1.23944e-06,4.30425e-08
A0A3Q7EJA7_88_H9N2,0,2.09401e-09,0,0,0,0,1.53846e-06,0,0,0,2.35331e-08,0
A0A3Q7JEG4_36_H4N3Pen1,4.92939e-08,0,0,1.31232e-08,4.88557e-08,0,1.86198e-07,1.46993e-08,1.33255e-08,0,0,0
A0A3Q7HRW5_74_H3N4F1Pen1,1.25397e-08,2.84553e-07,2.7174e-07,5.51795e-07,0,0,4.49531e-06,0,6.33175e-08,0,2.83727e-08,9.70353e-09
A0A3Q7G077_492_H7N2,5.96611e-08,2.55051e-06,1.69711e-06,1.4713e-06,1.43803e-06,3.17178e-06,9.626e-06,2.26882e-08,1.25972e-08,0.000115245,3.49778e-06,3.06396e-06
A0A3Q7GS13_95_H5N4F2Pen1,2.24311e-07,4.50121e-09,0,5.3528e-08,0,8.53404e-08,8.55226e-06,3.62273e-06,3.3685e-07,5.0984e-06,1.95474e-07,6.44284e-07
A0A3Q7FD40_176_H9N2,1.49202e-06,5.6223e-07,9.75178e-07,1.09588e-05,8.85438e-06,1.04754e-05,5.09965e-06,6.08374e-06,3.97315e-06,1.36236e-06,8.48197e-08,4.11592e-07
A0A3Q7FV78_353_H5N4F3Pen1,0,0,0,0,0,0,1.53381e-06,4.58739e-07,1.46568e-07,0,4.74834e-06,5.03325e-06
A0A3Q7GK63_405_H4N4F2Pen1,1.22784e-07,3.00817e-07,2.41007e-07,1.39949e-06,4.03873e-07,0,7.91203e-06,7.49331e-07,1.28248e-06,0,2.86476e-07,0
A0A3Q7GK63_405_H5N4F2Pen1,0,1.89203e-07,2.44953e-07,3.35784e-06,3.08095e-06,4.23933e-06,8.3524e-06,7.86914e-06,8.62279e-07,4.51409e-06,9.52972e-08,7.41716e-06
A0A3Q7HI26_482_H3N4F1,9.62899e-06,5.40338e-06,1.4324e-05,2.94629e-07,2.49817e-08,9.87176e-08,5.86773e-05,1.22969e-06,1.05687e-06,4.99225e-06,4.66171e-08,8.65673e-08
A0A3Q7HT22_69_H5N4F3Pen1,0,0,0,0,0,0,4.45949e-06,0,0,0,1.31401e-07,1.28807e-05
A0A3Q7HT22_69_H4N4F2Pen1,1.10794e-07,3.48009e-07,2.9224e-07,0,0,0,5.04774e-06,4.33028e-07,2.73715e-07,4.43394e-06,9.83461e-07,3.57236e-07
A0A3Q7EM11_85_H5N3F1Pen1,1.37734e-07,4.3827e-07,1.79043e-07,1.25046e-06,1.00612e-06,0,1.42929e-06,0,0,0,0,0
A0A3Q7EM11_85_H4N3F1Pen1,3.1421e-06,0,0,7.93416e-06,4.97331e-06,7.86269e-06,1.11235e-05,0,1.06605e-07,0,0,6.35008e-08
A0A3Q7FZP1_122_H3N4F1Pen1,2.39297e-06,4.2204e-06,2.75691e-06,0,0,0,4.77933e-06,2.2561e-07,1.16364e-07,0,3.85702e-08,0
A0A3Q7IZT0_1071_H5N4F3Pen1,0,0,0,0,0,0,3.19462e-06,1.83137e-07,0,2.06556e-06,0,0
A0A3Q7G8A3_694_H10N2,1.13783e-06,2.93456e-07,0,2.79339e-07,0,0,2.51931e-06,0,0,0,0,0
A0A3Q7FBU4_190_H4N4F2Pen1,2.69595e-06,4.44325e-05,3.36335e-05,6.0707e-07,0,0,8.71182e-05,5.73687e-06,3.07497e-06,2.96124e-07,7.46773e-08,0
A0A3Q7G8A3_694_H9N2,9.43346e-06,3.38956e-06,1.56837e-05,3.65894e-05,4.59979e-05,6.1768e-05,4.47022e-06,2.75987e-06,0,0,7.32931e-08,6.44254e-07
A0A3Q7G8A3_694_H8N2,1.44417e-06,0.000411425,0.000375578,7.97907e-07,4.46238e-06,3.9944e-06,8.20877e-06,9.47505e-06,1.56775e-06,2.14737e-05,8.71932e-07,4.20952e-06
A0A3Q7GCZ1_216_H5N4F3Pen1,0,5.08013e-07,0,0,0,0,5.75649e-06,5.36794e-07,2.48111e-07,5.12967e-06,9.70718e-07,1.33592e-06
A0A3Q7F8U8_92_H2N4F3,0,0,0,0,0,0,1.38291e-06,0,0,0,0,0
A0A3Q7FQ56_149_H5N4F3Pen1,0,0,0,0,0,0,5.93069e-06,0,1.41559e-07,3.98214e-06,4.05344e-07,2.37934e-07
D3TI68_161_H8N2,1.61048e-06,1.16484e-06,1.24863e-06,1.35451e-05,1.46874e-05,2.35581e-05,1.78985e-05,5.74939e-07,2.18016e-06,0.000880457,2.44892e-05,2.24547e-05
A0A3Q7F5H9_413_H7N2,0,0,0,0,0,0,1.2662e-06,0,1.34782e-07,0,1.38131e-07,0
A0A3Q7F002_43_H8N2,1.13233e-06,4.34157e-06,7.41533e-06,6.99975e-07,0,0,2.16496e-06,0,0,0,0,0
A0A3Q7GZY6_142_H7N2,0,0,0,3.33231e-06,3.18601e-06,0,5.49321e-05,7.64487e-05,6.14464e-05,0.000230281,0.000204423,0.000198217
A0A3Q7GB23_336_H3N4F1Pen1,0,0,0,0,0,2.54557e-07,1.73618e-06,0,0,0,0,0
A0A3Q7GZY6_142_H3N3F1Pen1,0,0,0,0,0,0,6.48062e-05,8.95535e-05,0.000100632,3.42398e-05,1.69845e-05,3.637e-05
A0A3Q7GZY6_142_H3N3Pen1,0,0,0,0,0,0,3.8045e-05,3.25567e-05,4.19036e-05,0,1.0617e-05,9.31125e-07
A0A3Q7HV28_297_H4N4F1Pen1,1.33229e-05,9.08914e-06,3.49219e-05,5.5859e-06,5.07113e-06,6.06856e-06,1.16485e-05,8.27418e-06,5.72581e-07,3.39381e-06,3.27341e-06,5.63856e-06
A0A3Q7HFP1_247_H6N4F2Pen1,1.25325e-05,2.68492e-05,1.08476e-05,2.37584e-05,2.10351e-05,0,7.64965e-06,1.35615e-06,9.18425e-07,2.35581e-05,6.037e-06,3.46036e-06
A0A3Q7I6P6_805_H7N2,1.04151e-06,3.65516e-05,5.12051e-06,0,2.84595e-07,4.89528e-06,3.39633e-05,3.09761e-05,2.30269e-05,4.25647e-05,3.58817e-05,4.13812e-05
A0A3Q7FCC1_117_H9N2,0,0,0,3.47181e-06,2.25299e-06,6.28243e-06,1.35144e-05,0,0,8.61783e-06,0,0
A0A3Q7EV39_327_H9N2,2.72759e-07,4.08639e-07,0,0.000235127,0.000238536,0.000140302,1.6877e-05,3.14724e-05,4.18492e-05,8.83033e-06,7.07477e-06,2.65604e-06
A0A3Q7HU51_153_H10N2,0,0,0,0,0,0,8.61192e-06,4.23329e-05,3.92009e-05,0,8.7727e-06,5.53074e-06
A0A3Q7HU51_153_H9N2,5.85461e-06,9.93844e-06,4.00989e-06,0.000103923,0.000103098,7.58367e-05,2.96147e-05,0.000173393,0.000148772,4.54575e-06,9.43105e-06,1.24902e-05
A0A3Q7FCC1_117_H8N2,8.77212e-07,2.82233e-06,3.82428e-06,3.69542e-07,0,0,3.61715e-06,0,0,0,0,3.40687e-07
A0A3Q7HU51_153_H8N2,0,2.35178e-07,1.50919e-06,2.20178e-06,3.3507e-06,5.48624e-07,1.39551e-05,8.06753e-05,6.99928e-05,6.68902e-05,5.76667e-05,6.9861e-05
A0A3Q7HE03_141_H8N2,0.000234327,0.000204834,0.000286746,3.03378e-05,2.90301e-05,3.21192e-05,4.69688e-05,2.09497e-05,9.72178e-06,8.47775e-05,3.7204e-05,2.75992e-05
A0A3Q7EM11_187_H5N4F3Pen1,0,8.28842e-07,0,0,0,7.70012e-06,3.36189e-06,0,0,0,0,2.35051e-07
A0A3Q7G467_296_H9N2,0.000222973,0.000462882,0.000299218,0.000276101,0.000329914,0.000238705,0.00011937,0.000151173,0.000109222,0.000109211,0.000158223,0.000110395
A0A3Q7HSK0_102_H4N6,0,0,0,0,0,0,3.20267e-06,6.20803e-06,0,0,1.09164e-05,9.50529e-06
O82777_177_H3N3F1Pen1,7.92547e-06,1.00694e-05,2.35396e-05,1.01844e-05,0,6.329e-07,1.38663e-05,1.88342e-05,9.69816e-06,3.1231e-05,7.03473e-06,1.84606e-05
A0A3Q7HZ23_94_H4N3F2Pen1,0,0,0,2.42361e-07,0,0,3.09722e-06,6.76902e-06,3.65541e-06,0,1.09223e-06,0
A0A3Q7EM11_187_H5N3F1Pen1,0,0,0,0,0,0,2.35005e-07,0,0,0,0,0
A0A3Q7H582_119_H5N6,0,5.82003e-07,0.000186191,9.10706e-05,7.53395e-05,3.38488e-07,1.47281e-05,9.69155e-06,5.18196e-06,1.21895e-05,1.31213e-05,1.16802e-05
A0A3Q7H582_119_H9N2,1.6011e-06,0,5.97937e-07,0.00146242,0.00116093,0.00133426,7.10558e-06,1.11475e-05,1.19709e-05,2.49627e-05,2.61234e-05,3.08825e-05
A0A3Q7F968_78_H4N4F2Pen1,0,1.04179e-06,1.96147e-06,3.20277e-06,3.52247e-07,4.57216e-07,6.25133e-05,7.41988e-05,6.45178e-05,5.88496e-05,2.52056e-05,2.28334e-05
Q9ARC8_166_H11N2,2.19678e-05,0,0,0,8.19879e-07,0,1.07165e-05,5.93741e-06,3.12268e-06,9.45082e-06,3.77273e-06,2.22716e-06
A0A3Q7F968_78_H5N4F1Pen1,2.3901e-07,0,0,1.96098e-07,0,2.31393e-06,1.05758e-05,7.63173e-06,2.34592e-06,7.58595e-05,6.10928e-05,7.68946e-05
A0A3Q7E7F3_175_H4N3F2Pen1,0,0,0,0,0,0,1.44784e-06,0,0,0,4.43155e-07,0
A0A3Q7F968_78_H5N4Pen2,3.69459e-05,2.43093e-05,2.36036e-05,8.76527e-07,0,4.95608e-06,3.04083e-05,3.37649e-05,1.79687e-05,3.07035e-06,1.35948e-05,3.66459e-07
A0A3Q7GEL2_328_H4N4F3,0,0,0,0,0,0,1.98803e-06,0,0,0,0,0
A0A3Q7F968_78_H4N4F1Pen1,8.97252e-06,1.35782e-05,9.6883e-06,7.40866e-06,1.56409e-06,1.64334e-06,1.49186e-06,1.83087e-06,2.64682e-06,5.18928e-06,8.99059e-06,9.43465e-06
A0A3Q7GT02_36_H3N3F1Pen1,2.02531e-05,1.17272e-05,3.65601e-06,1.99597e-05,2.06996e-05,2.19503e-05,5.91462e-06,8.94748e-06,6.45698e-06,5.58972e-07,0,0
A0A3Q7E7F3_175_H3N3F1Pen1,0,2.31102e-06,0,0,0,0,2.15801e-06,1.27694e-05,0,0,0,0
A0A3Q7IU14_131_H11N2,0,0,0,0,8.17864e-06,5.27025e-06,1.40451e-06,0,3.49026e-07,1.40938e-05,0,0
A0A3Q7F968_78_H3N4Pen1,4.67532e-06,3.07198e-06,2.01551e-06,1.2274e-06,0,0,9.89208e-06,6.5233e-06,1.68916e-05,3.95984e-05,1.65332e-05,1.37274e-05
A0A3Q7HWY2_820_H8N2,1.13181e-05,1.53898e-06,0,0.000165244,0.000233272,0.00014809,0.000230423,0.000434101,0.000236394,0.000192316,0.00018882,0.000180923
A0A3Q7EQ66_190_H7N2,1.78983e-05,2.31432e-05,1.14246e-05,8.34935e-06,1.01509e-05,5.11529e-06,2.42474e-06,3.37859e-06,8.44591e-07,4.11898e-06,1.05068e-06,1.76262e-05
A0A3Q7EQ66_421_H7N2,0,3.03157e-07,0,0,0,0,1.20914e-05,6.15736e-05,5.21111e-05,1.70607e-06,1.65653e-05,1.27068e-05
A0A3Q7GAX3_109_H6N4F1Pen1,2.92512e-06,4.79987e-06,0,0,0,0,1.03996e-06,1.64309e-06,1.03886e-06,0,1.00933e-06,0
A0A3Q7GFN2_345_H3N4F1Pen1,6.64108e-07,4.5242e-06,0,0,0,0,1.8979e-05,2.31846e-05,1.09588e-05,2.05121e-05,7.22739e-06,8.05105e-06
A0A3Q7G7T0_528_H5N6F1,0,0,4.22118e-07,0,0,0,3.17671e-05,6.35345e-05,4.71992e-05,0,8.21451e-06,1.09798e-05
Q9ZS44_381_H8N2,0.000802914,0.000854295,0.0009241,0.000229009,0.000199997,0.000304838,1.40913e-05,1.69572e-05,2.0856e-05,0.00351552,0.00023181,0.000168641
A0A3Q7I6V9_226_H9N2,5.65067e-07,1.07465e-05,4.3161e-06,0.00422479,0.00431047,0.00636947,2.31232e-05,0.000462678,0.000522636,1.93445e-05,4.37797e-05,2.81574e-05
A0A3Q7G9S2_1301_H10N2,1.70736e-05,4.09241e-06,8.97381e-06,1.26938e-05,9.38152e-06,1.01249e-05,4.24752e-05,0.000100085,8.03173e-05,8.28016e-06,3.20045e-05,4.3575e-05
A0A3Q7H4E2_209_H7N2,0,0,9.07958e-07,1.20705e-06,3.05199e-06,0,0.000167589,0.000216965,0.000144473,5.81326e-05,7.59824e-05,0.000114851
A0A3Q7G9S2_1301_H8N2,8.43033e-06,3.53867e-06,1.27613e-06,0.0002508,0.000207265,0.000100012,1.17086e-05,6.0605e-05,5.87902e-05,0.000931409,0.000679083,0.00091038
A0A3Q7JJ52_328_H10N2,9.9383e-07,4.6491e-07,1.71877e-06,2.05604e-05,1.25828e-05,2.27717e-05,4.79033e-06,5.21826e-06,4.71703e-06,7.46943e-06,5.72961e-05,5.48943e-05
A0A3Q7F792_295_H3N4Pen1,0,6.98456e-07,0,0,0,0,1.2475e-05,3.91118e-05,5.98233e-05,1.1793e-06,1.19063e-05,2.30583e-06
A0A3Q7FBB1_128_H3N4F1Pen1,1.0528e-06,0,0,3.13444e-07,0,0,3.42454e-06,4.52352e-06,5.05093e-06,0,0,0
A0A3Q7GAX3_345_H8N4F1Pen1,0,0,0,0,0,0,0.000148094,0.000276988,0.000160445,0,0,1.68834e-06
A0A3Q7GAX3_345_H7N4F1Pen1,0,0,0,0,0,0,6.46873e-05,0.000137921,8.99493e-05,0,1.16594e-05,1.58602e-05
A0A3Q7GAX3_325_H7N4F1Pen1,0,0,0,0,0,0,0.000107886,0.000207578,9.99264e-05,0,1.00246e-06,0
A0A3Q7HV28_346_H4N6,0,0,0,0,0,0,5.38198e-05,4.19126e-05,2.49126e-05,9.84436e-05,8.75532e-05,7.31207e-05
A0A3Q7H4L1_64_H2N4F3,3.39707e-07,0,0,0,0,0,1.9973e-05,2.62535e-05,3.21818e-05,0,3.69794e-07,0
A0A3Q7E8A8_70_H2N2F1Pen1,0,0,0,0,0,0,1.63676e-05,1.27689e-05,6.97363e-06,1.69818e-06,0,0
D3TI68_741_H3N4F1Pen1,0,0,0,0,0,0,2.90691e-06,1.69441e-06,3.05685e-06,0,0,0
A0A3Q7GAX3_345_H4N3,3.81568e-06,2.42076e-05,2.54117e-05,4.74989e-05,0.000146475,7.68763e-06,0.00032323,0.000441216,0.000459497,0.000704812,0.00106045,0.00110857
A0A3Q7GAX3_345_H5N3F1,1.43306e-06,1.36513e-06,0,0,1.12098e-06,9.11433e-06,0.00024063,0.000446692,0.000302563,0,4.5275e-06,3.27486e-06
A0A3Q7GAX3_345_H4N3F1,0,0,3.91009e-06,6.86863e-07,0,0,0.000108208,7.41545e-05,5.07441e-05,1.37743e-06,0,7.91194e-07
F8WS84_416_H3N4F1Pen1,0,0,6.30523e-07,0,0,4.09909e-07,5.92553e-06,5.68674e-06,3.1702e-06,0,0,0
A0A3Q7F968_78_H5N4F3Pen1,0,0,0,5.01625e-05,0,8.44674e-06,4.8651e-05,8.44787e-05,5.00763e-05,0,9.93527e-06,3.16203e-06
A0A3Q7ELT8_108_H10N2,0,0,0,4.56292e-07,0,1.63555e-06,8.58792e-06,8.56528e-06,4.30081e-06,2.17041e-06,3.75968e-06,5.54458e-05
A0A3Q7IYF8_200_H3N3F1Pen1,0.000334596,1.2253e-06,0.000244518,3.40283e-05,0,1.55188e-05,9.81903e-06,1.70757e-05,1.41131e-05,0,0,6.58891e-06
A0A3Q7HFP1_533_H7N2,6.53662e-05,7.6755e-05,7.08025e-05,3.96837e-07,7.67067e-07,2.4663e-06,7.48755e-05,0.000113876,6.11082e-05,1.17192e-06,7.21444e-07,3.94967e-07
Q9ZRX6_47_H3N4F1Pen1,0,0,0,0,0,0,4.76653e-06,4.97341e-06,4.51931e-06,0,0,1.08167e-06
A0A3Q7GKL8_665_H7N2,1.2892e-06,6.78364e-07,1.40214e-05,4.7201e-06,1.79141e-05,1.54404e-06,0.000224053,0.000193019,0.000158795,0.000117943,0.000167048,0.000167656
A0A3Q7GBI5_111_H7N2,0,5.939e-05,1.3177e-06,4.91936e-06,0.000170511,1.72313e-06,1.362e-05,3.33882e-05,2.65331e-05,0,4.85493e-06,1.04414e-05
A0A3Q7HV28_434_H4N3Pen1,1.16182e-07,4.96263e-07,1.09697e-05,2.79519e-06,0,3.47441e-06,8.95956e-06,2.12199e-05,2.65749e-05,0,0,0
A0A3Q7FF75_135_H6N4Pen2,0.000972503,0.00115074,0.00166927,0,0,5.57118e-07,5.53933e-06,0,5.83787e-07,0,0,0
A0A3Q7FBD5_336_H5N4F3Pen1,0.00123731,0.000577146,7.33782e-05,0,0.000339565,0.000110094,1.86028e-05,4.73938e-05,3.02141e-05,2.57427e-05,8.71042e-07,2.96067e-05
A0A3Q7EIZ7_947_H6N2,7.24128e-07,0,0,8.26056e-07,1.42234e-06,0,1.47275e-05,1.00661e-05,1.56804e-05,8.02607e-07,4.54844e-07,0
A0A3Q7ER11_142_H3N4F1Pen1,0,0,0,0,0,0,9.50718e-05,0.000398266,0.000341793,7.03766e-05,7.89944e-05,0.00010106
A0A3Q7HI59_276_H3N4F1Pen1,0,3.60665e-06,0,1.35611e-06,7.39548e-07,0,1.61654e-05,0,1.3387e-05,0,0,0
A0A3Q7ER11_142_H3N4Pen1,0,0,0,0,0,1.71001e-06,3.86017e-05,7.69514e-05,7.93977e-05,0,5.27901e-06,1.71001e-05
A0A3Q7FN83_130_H3N4F1Pen1,0,0,0,0,0,0,5.83023e-06,2.06348e-05,1.72077e-05,3.32163e-06,1.82832e-05,2.93426e-05
A0A3Q7IZQ5_337_H9N2,2.68813e-06,2.98313e-06,2.42848e-06,0.00624468,0.0064902,0.0047094,3.92766e-06,8.2249e-05,4.559e-05,0.00457758,0.00398311,0.00416263
A0A3Q7F273_437_H10N2,0,5.05322e-07,0,5.41652e-05,3.85599e-05,3.05114e-05,5.41213e-06,1.71816e-05,6.76123e-06,0,0,1.14605e-05
A0A3Q7F968_106_H6N4F2Pen1,9.19177e-07,0,0,1.01904e-06,0,1.12321e-06,7.68621e-05,6.52284e-05,1.10552e-05,9.25836e-07,0,1.73523e-06
A0A3Q7I3M8_41_H4N4F2Pen1,2.91068e-07,0,4.96889e-07,0,0,0,5.19754e-06,8.30951e-06,1.45292e-06,9.09797e-07,0,4.83323e-07
A0A3Q7F8A8_1166_H8N2,3.0294e-06,0.000125932,1.78745e-05,0.000133547,0.000156719,7.01612e-05,2.95681e-05,4.29031e-06,5.06002e-06,0.000585185,0.000665069,0.000848262
A0A3Q7F002_249_H7N2,0,0,0,0,0,0,2.17496e-06,2.14682e-06,3.99437e-06,1.69783e-06,1.87832e-06,1.10267e-06
A0A3Q7HR28_195_H9N2,1.80805e-05,0,1.20402e-06,0.00138059,0.00163845,0.000801353,3.04644e-05,2.9572e-05,1.29872e-06,1.77524e-05,1.17249e-05,6.53717e-06
A0A3Q7HR28_195_H4N3F2Pen1,0,0,0,0,0,0,6.07833e-05,4.17094e-05,1.57366e-05,1.67445e-06,0,0
A0A0A1DYT6_556_H6N4F2Pen2,0,0,0,0,0,0,4.70823e-06,1.79812e-06,1.63857e-05,0,0,0
A0A3Q7EIZ7_1215_H7N2,3.73233e-07,3.92294e-06,1.01772e-06,3.35833e-06,1.73368e-06,6.4731e-07,4.2021e-05,1.93609e-05,3.33232e-05,3.87939e-06,3.21804e-06,6.01633e-06
A0A3Q7IPT1_1135_H5N4F3Pen1,0,0,0,0,0,0,5.98612e-06,1.0459e-05,0,7.2914e-05,4.76327e-05,9.5896e-05
Q9M510_229_H3N3Pen1,0,8.23607e-07,4.55405e-06,4.88243e-06,0,5.48312e-07,3.83944e-06,2.56942e-05,6.55905e-05,0,0,0
A0A3Q7HFP1_95_H5N4,0,0,0,8.91752e-07,0,2.06561e-06,3.60243e-06,7.2504e-06,1.50582e-05,5.56784e-05,9.64973e-05,0.00010005
A0A3Q7FAX1_1115_H3N2F1Pen1,1.32778e-05,1.0212e-05,2.8114e-05,0,3.19427e-07,5.1195e-07,2.28197e-05,1.79765e-05,1.25569e-05,8.22684e-07,0,2.52793e-06
A0A3Q7JMX3_277_H10N2,0,0,0,0,0,0,2.53268e-05,1.48114e-05,2.16111e-05,0,3.31628e-06,1.43468e-06
A0A3Q7EES8_316_H6N2,0,4.40556e-07,0,0,0,6.10117e-07,4.26087e-06,0,0,0,0,0
A0A3Q7F136_90_H4N6,0,0,9.39434e-07,3.57291e-05,3.66026e-05,1.14271e-05,2.56384e-05,0,0,0,0,2.55993e-06
A0A3Q7FQI8_571_H9N2,4.07259e-05,1.28204e-06,1.55837e-05,1.79925e-05,3.37815e-06,5.77287e-06,0.000222369,0.000224469,4.22542e-05,0.000134529,0.000166261,0.000155116
A0A3Q7GY58_230_H3N3F1Pen1,0,7.97611e-07,9.88226e-06,6.35339e-06,1.82922e-06,9.682e-06,1.7336e-05,1.26306e-05,0,1.51186e-06,0,0
A0A3Q7HVV9_265_H3N3F1Pen1,0,0,0,3.84136e-05,0,0,1.54071e-06,0,0,0,0,5.98147e-07
A0A3Q7I429_140_H8N2,0,0,0,0,0,0,1.61855e-05,7.23787e-06,1.52804e-05,0,0,9.84088e-06
A0A3Q7F3Z4_37_H8N2,9.33157e-05,2.83843e-05,4.10506e-05,0,1.20676e-05,0,3.20582e-05,1.30637e-05,4.49364e-05,0,0,1.03847e-06
A0A3Q7J5M8_125_H2N4F3,0,1.43964e-06,0,5.93976e-07,2.29756e-06,0,2.40907e-05,2.50695e-05,2.24956e-05,5.7112e-06,1.1498e-06,2.45082e-06
A0A3Q7G3K3_805_H4N6,0,0,0,0,1.26157e-06,1.36009e-06,7.19788e-05,0.000112885,3.42868e-05,8.76037e-05,6.86196e-05,8.99835e-05
A0A3Q7ISH1_236_H2N3F2,0,0,9.84074e-06,1.42493e-06,0,0,1.97112e-06,0,3.74458e-06,1.25618e-06,0,1.89018e-06
P05117_240_H4N3Pen1,2.22543e-06,0,2.13634e-06,2.84487e-06,5.46971e-05,0,5.22122e-06,9.27246e-07,0,0,0,0
A0A3Q7GCN2_466_H7N2,0,0,0,0,0,0,1.52058e-05,5.5138e-06,2.45025e-06,0,4.28989e-06,2.16483e-06
A0A3Q7H3B4_271_H5N2,0,0,0,0,0,0,2.44927e-06,0,0,0,0,0
A0A3Q7G2L1_62_H8N2,2.03194e-06,0,0,0,0,0,1.68949e-05,1.57742e-05,7.94475e-06,1.73423e-06,2.69382e-06,1.51827e-06
P29000_608_H3N5F1Pen2,0,0,0,0,0,0,0.000149215,0.000104175,0.000171457,4.49211e-06,0,0
P29000_608_H3N4Pen1,0,0,0,0,0,0,3.40223e-06,0,3.60803e-06,0,0,0
P29000_608_H3N4Pen2,0,0,0,0,0,0,6.12934e-06,1.24199e-05,1.69171e-05,0,4.77421e-06,1.98298e-06
P05117_240_H8N2,1.52449e-05,7.10784e-06,6.89741e-06,1.40373e-05,2.77297e-06,1.38626e-05,0.000671984,9.81987e-05,0.000225993,0.0135875,0.00760577,0.00753533
D3TI68_831_H9N2,1.05946e-05,5.24723e-05,3.80887e-05,0.000868602,0.000825379,0.0011589,0.000535297,0.000480367,0.000574506,0.000951715,0.000856853,0.000947504
A0A3Q7HV28_582_H3N4F1Pen1,0,0,0,0,0,0,2.07361e-05,1.61891e-05,0,0,0,0
P05117_240_H3N3F1Pen1,0,0,0,0,0,0,0.000129299,3.50721e-05,3.6948e-05,6.00637e-05,8.47476e-05,4.33515e-05
A0A3Q7HV10_63_H7N2,8.90066e-07,0,0,9.19142e-07,0,0,0.000128014,9.00884e-05,0.000142942,9.72123e-05,5.71921e-05,6.32908e-05
A0A3Q7H3Z1_101_H3N2F1Pen1,4.16657e-05,8.82097e-05,0.000103081,0.000252216,0.000249326,0.000226328,0.000329285,0.000279267,0.000422565,0.00106097,0.000389739,0.000344302
P05117_240_H3N3Pen1,2.19726e-06,0,0,7.47621e-07,2.0541e-06,8.28706e-07,0.00025348,0.000130335,0.000203291,6.11392e-06,2.13668e-06,9.40299e-06
A0A3Q7HV28_448_H6N6,0,0,0,0,0,0,1.36075e-06,1.34507e-06,0,0,0,0
A0A3Q7ELA6_121_H2N4F3,0,0,0,0,0,0,8.19873e-06,1.81996e-05,0,3.52669e-06,0,0
A0A3Q7ELA6_121_H4N4Pen1,0,0.000139574,0,4.66126e-05,0,0,7.23392e-06,1.38703e-06,2.93371e-06,0,0,0
A0A3Q7GML5_48_H3N3F1Pen1,9.91318e-06,0,3.96025e-06,2.67525e-05,2.3409e-05,4.04e-06,4.55696e-05,7.10725e-05,4.12059e-05,1.02266e-05,7.02654e-06,1.87658e-05
A0A3Q7E9E7_321_H8N2,0,0,0,0,0,0,2.83333e-06,0,0,4.17078e-06,4.4693e-06,0
A0A3Q7IJT9_244_H9N2,5.55368e-05,1.35322e-05,2.25366e-05,0,9.18887e-07,5.67975e-06,2.23676e-05,4.32259e-05,3.59368e-05,6.72429e-05,2.21323e-05,3.52549e-05
A0A3Q7I6P6_419_H8N2,3.73997e-06,5.56821e-06,8.1057e-06,3.9345e-06,6.72484e-06,3.27832e-06,0.000223631,0.00012866,8.53003e-05,9.18814e-05,9.48608e-05,5.34873e-05
A0A3Q7I4G8_131_H8N2,0,0,5.92275e-07,0,1.05621e-06,1.24674e-06,4.20671e-05,9.88115e-05,8.63272e-05,7.83139e-05,3.11426e-05,3.02509e-05
D3TI68_474_H9N2,1.42984e-05,8.12081e-06,5.26051e-06,2.71119e-05,3.09477e-05,1.40066e-05,0.000977575,0.00129655,0.000920727,0.000548902,0.000581282,0.000729067
A0A3Q7HV28_366_H6N4F1Pen2,0,0,0,0,0,0,0.000154379,0.000187439,0,8.67438e-07,0,0
A0A3Q7HV28_204_H6N4Pen2,0,0,0,0,1.12052e-06,0,0.000136657,0.000267946,4.51882e-05,4.82297e-06,2.05391e-06,6.45358e-07
A0A3Q7HV28_366_H5N4F2Pen1,1.87861e-05,4.81773e-06,3.30579e-05,8.77351e-06,1.82043e-05,0,0.000189917,0.000313482,0.000318192,1.2764e-05,4.8898e-06,1.70064e-05
A0A3Q7HV28_204_H4N4F2Pen1,3.12299e-05,2.05532e-05,1.09691e-06,2.17302e-05,4.81795e-05,2.27014e-05,0.000352915,0.000896278,0.000593581,7.84132e-06,3.07303e-06,4.55051e-06
A0A3Q7HV28_204_H5N4F1Pen1,0,0,6.20523e-07,0,3.02367e-06,9.9774e-07,6.90571e-05,0.00012185,5.66398e-05,1.67939e-06,2.04929e-06,3.03823e-06
A0A3Q7HV28_366_H4N4F2Pen1,0,0,0,0,0,0,1.2354e-05,1.64747e-05,5.64727e-07,0,0,0
A0A3Q7HV28_366_H5N4F1Pen1,0,0,0,9.40818e-06,1.99944e-05,0,2.54279e-05,3.39072e-05,7.7414e-05,3.92266e-06,3.00744e-06,6.90764e-07
P29000_276_H10N2,5.41248e-06,8.26636e-06,1.75345e-05,1.47296e-05,3.724e-05,5.29484e-05,0.000142521,0.000203719,0.000260632,0.000112549,0.000116465,6.05248e-05
P29000_276_H4N4F2Pen1,0,0,0,0,0,0,1.93279e-06,0,2.06234e-05,7.87364e-06,0,0
P29000_276_H4N3F2Pen1,6.37849e-07,7.25754e-07,0,0,0,0,3.49412e-05,0,1.00262e-05,0,0,2.64034e-06
A0A3Q7HVV9_120_H4N2Pen1,0,0,1.12103e-06,0,0,1.52901e-05,4.72476e-06,0,3.4575e-06,4.77876e-06,7.38442e-07,0
A0A3Q7F3X3_863_H9N2,1.11211e-05,2.92775e-05,9.30126e-05,3.55138e-05,4.37717e-05,3.3482e-05,1.8417e-05,4.56987e-05,3.21544e-05,1.73207e-05,4.07833e-05,2.08929e-05
A0A3Q7FFA0_357_H2N4F3,0,0,0,0,0,0,1.2926e-05,1.25309e-05,5.16376e-06,0.000228106,8.24499e-06,1.84883e-06
A0A3Q7G3K3_805_H9N2,0,1.0137e-06,5.26921e-07,2.81323e-06,1.64136e-06,0,4.98329e-05,9.63693e-05,0.000109208,0.000130625,0.000116913,0.000120435
A0A3Q7HVV9_373_H4N3F2Pen1,0,0,0,0,0,0,3.65225e-06,3.5289e-06,1.39171e-06,1.76445e-06,1.04312e-06,1.42986e-06
A0A3Q7IXT7_448_H8N2,0,1.3942e-05,1.83641e-05,0,9.99767e-07,0,0.000163065,0.000209424,0.000158636,0.000181975,0.000169232,0.000148145
D3TI68_282_H3N4Pen1,7.65096e-06,4.47512e-06,9.82623e-06,7.74943e-07,1.10549e-06,3.19577e-06,2.90986e-06,2.40599e-06,4.14035e-06,5.82566e-07,0,0
A0A3Q7HFP1_486_H3N4F1Pen1,4.25319e-05,2.83099e-06,3.59181e-05,2.40679e-05,2.55495e-05,2.24611e-05,4.57028e-05,6.73316e-05,4.39273e-05,7.93311e-06,1.92518e-06,3.40313e-06
Q40129_109_H4N4F2Pen1,0,0,0,0,0,0,3.23023e-05,4.09206e-05,2.94923e-05,3.74172e-06,2.69055e-06,6.55364e-06
A0A3Q7F8U8_47_H4N4F2Pen2,0,0,0,0,0,0,4.66929e-06,2.55186e-06,0,1.58497e-06,0,0
Q40129_109_H3N3F1Pen1,0,0,0,0,0,0,0.000115475,0.000148476,9.53469e-05,3.28298e-05,1.92351e-05,3.67908e-05
A0A3Q7FU91_91_H8N2,5.57086e-05,6.06063e-05,0.000153199,9.58146e-05,0.000107787,0.000146613,0.000167866,0.000211235,0.000108529,0.000232284,0.000321346,0.000284006
A0A3Q7IZG1_80_H3N4F1Pen1,0,0,0,0,0,0,3.21392e-05,3.11707e-05,1.76518e-05,0,1.19543e-06,0
A0A3Q7GSY1_325_H8N2,5.97225e-06,9.79826e-06,1.19357e-05,1.73909e-06,1.8227e-06,0,0.000153799,0.000140879,0.000162112,0.000126822,7.77911e-05,0.000122917
A0A3Q7GIG7_169_H8N2,2.59007e-05,3.75627e-05,6.38719e-05,2.00546e-05,2.14388e-05,1.76358e-05,3.49624e-05,6.21222e-05,4.35121e-05,6.37921e-05,1.74648e-05,1.94923e-05
A0A3Q7FF75_185_H4N4F2Pen1,0,0,0,0,0,0,7.29934e-06,1.03773e-05,5.97824e-06,2.34959e-06,5.38281e-07,9.54225e-06
A0A3Q7HIL7_276_H6N2,0.00913092,0.0120847,0.0194618,0.0148548,0.0131818,0.0188926,0.00172602,0.00138499,0.00135453,0.00156929,0.00121387,0.00190617
A0A3Q7EYA0_704_H3N4F1Pen1,0,0,0,1.88819e-06,1.51078e-06,1.02479e-05,1.29085e-05,1.98015e-05,2.19441e-06,5.46319e-06,9.13657e-06,1.13327e-05
A0A3Q7FF75_185_H3N4F1,0.000144385,0.000210231,0.000221066,8.41847e-05,6.15929e-05,0.000118667,0.00018265,0.000173358,0.000165069,4.92991e-05,3.22658e-05,2.22056e-05
P15003_162_H3N2F1Pen1,0.000120255,0.000283262,0.000308791,6.59797e-05,3.6471e-05,9.11734e-05,0.000546748,0.000573603,0.000369204,2.34576e-05,1.42449e-05,2.57954e-05
P15003_162_H3N2Pen1,0,0,0,0,0,0,1.54962e-05,1.4933e-05,1.16969e-05,9.5284e-07,9.87169e-07,3.83994e-07
A0A3Q7FTM5_535_H9N2,9.91281e-06,1.20226e-05,1.38341e-05,1.98677e-05,6.54252e-06,4.23674e-05,2.39281e-05,3.95238e-05,1.17787e-05,3.1388e-05,4.01954e-05,3.58829e-05
A0A3Q7H5H2_238_H5N4F3Pen1,3.95023e-06,3.64436e-06,6.84566e-06,0,6.54712e-07,3.85878e-06,6.62383e-06,6.22605e-06,4.00166e-06,7.22193e-07,5.55616e-07,5.59817e-07
A0A3Q7ISJ5_50_H7N2,0.000128729,5.1508e-05,0.00024487,5.20244e-05,8.45986e-05,7.08795e-05,0.000662168,0.00036887,0.000384631,0.000767069,0.000408474,0.000311153
A0A3Q7H5H2_238_H4N4F2Pen1,0,0,0,0,2.91001e-06,0,5.97143e-06,4.74184e-06,0,0,3.40474e-07,0
P15003_214_H4N8F2,1.58893e-05,1.47987e-05,5.74582e-06,0,6.61388e-06,2.48597e-06,2.75023e-05,4.87372e-05,2.53422e-05,1.43418e-05,1.39236e-05,8.1898e-06
P15003_214_H7N4F1Pen2,0,0,0,0,0,0,1.04379e-05,2.3832e-05,7.72309e-06,3.13512e-06,0,3.44095e-06
P15003_200_H6N5F1Pen1,0,0,0,0,0,0,6.79169e-05,9.51407e-05,8.14781e-05,1.12034e-05,8.37086e-06,7.95438e-05
P15003_200_H4N6F1Pen2,0,0,0,0,2.35197e-06,0,8.58448e-05,0.000129898,4.18477e-05,1.9857e-06,2.7345e-06,1.13726e-06
A0A3Q7G4E2_503_H8N2,3.06312e-06,3.7085e-06,8.39165e-06,7.76081e-06,1.35113e-05,1.77058e-05,6.7761e-06,7.5361e-06,1.29322e-05,4.71988e-06,6.05908e-06,6.4795e-06
A0A3Q7EES8_460_H3N4F1Pen1,0,6.87685e-07,0,1.61284e-06,1.22113e-06,4.56585e-07,4.93975e-06,3.84185e-06,2.76041e-06,1.72775e-06,0,4.078e-07
A0A3Q7GB74_257_H3N4F1Pen1,1.10616e-06,0,6.89781e-07,1.03881e-06,0,0,5.97728e-06,6.72136e-06,6.41677e-06,9.08234e-07,7.60808e-07,7.36456e-07
A0A3Q7GB74_257_H4N3Pen1,0,0,0,0,4.15896e-07,0,1.94334e-06,1.08708e-06,8.28764e-07,2.9701e-06,5.79175e-07,0
A0A3Q7IPT1_724_H3N3F1Pen1,1.44902e-06,4.38507e-06,9.58421e-06,3.22963e-05,3.12697e-05,3.8721e-05,1.52164e-05,9.91525e-06,1.00286e-05,7.84432e-06,4.69904e-06,2.75228e-06
A0A3Q7GUN6_127_H8N2,7.63608e-07,2.81307e-05,3.23265e-05,2.4221e-05,2.91535e-05,3.8716e-05,8.57336e-05,0.000102638,4.40626e-05,5.02623e-05,4.34156e-05,2.26357e-05
A0A3Q7J2M6_347_H10N2,2.73517e-05,2.04961e-05,1.22798e-05,3.57659e-05,2.53301e-05,4.36837e-05,0.000838343,0.00090578,0.00100834,0.000445932,0.00048546,0.00041151
A0A3Q7G7T0_196_H3N2F1Pen1,0,6.33724e-06,2.04351e-06,0,0,0,3.0146e-05,4.3184e-05,2.93499e-05,1.06717e-05,9.27763e-06,1.83818e-05
A0A3Q7J2M6_347_H5N6,3.1193e-05,1.50593e-05,2.67307e-05,7.51938e-05,7.46363e-05,0.000102157,0.000731238,0.000794236,0.000916046,0.000423909,0.000385755,0.000414071
A0A3Q7J2M6_347_H6N4,0,0,0,0,0,0,1.28108e-05,5.34271e-06,8.03801e-06,1.90335e-06,3.0354e-06,0
A0A3Q7J2M6_347_H2N4F2Pen1,0,0,0,1.25126e-06,0,0,0.000316256,0.000232671,0.000221341,0.000107984,8.79162e-05,8.24867e-05
A0A3Q7J2M6_347_H6N2,0,5.11267e-07,0,0,0,0,1.43254e-05,8.88196e-06,1.64629e-05,1.15372e-05,8.51974e-06,1.10817e-05
A0A3Q7H6Y1_197_H3N3F1Pen1,8.39987e-06,1.90708e-05,4.32941e-05,3.74537e-05,2.91898e-05,4.77277e-05,2.87128e-05,2.23538e-05,2.05875e-05,4.61157e-06,2.759e-06,4.17324e-06
A0A3Q7H6Y1_197_H3N3F1,0,6.60277e-07,0,0,4.86585e-06,2.37476e-06,1.3522e-05,1.06932e-05,6.64234e-06,5.88943e-06,3.0485e-06,5.22229e-06
A0A3Q7IGR5_301_H10N2,4.1031e-05,4.08059e-05,6.08975e-05,4.22875e-05,4.11833e-05,3.59675e-05,9.58489e-05,0.000155626,0.000142897,0.000177671,0.000128092,0.000221854
A0A3Q7GCN2_519_H4N6,8.61086e-06,8.08156e-06,8.70016e-06,6.88154e-06,1.20153e-05,1.21185e-05,0.000121139,0.000173654,0.000255598,0.000197451,0.000145492,0.000215235
A0A3Q7GCN2_519_H9N2,2.19756e-05,1.44643e-05,1.33612e-05,3.95065e-05,4.02919e-05,3.83208e-05,0.000444344,0.000666041,0.000991769,0.000774842,0.000551072,0.000851241
A0A3Q7HN20_139_H4N4,0,0,0,1.38134e-05,2.94545e-06,1.61645e-06,4.46085e-07,0,0,0,0,0
A0A3Q7HIP9_1288_H9N2,0.00080408,0.000880211,0.000684824,0.00297589,0.00354335,0.0032782,3.12004e-05,9.47562e-06,2.01941e-05,0.000113187,6.8597e-07,8.69247e-06
A0A3Q7FU49_1175_H9N2,0,2.47456e-07,0,0.000406749,0.000521683,0.000642051,8.70573e-07,4.20798e-07,3.83562e-08,4.78339e-06,3.09423e-08,2.42753e-07
A0A3Q7E890_129_H9N2,1.35299e-06,5.7039e-08,0,5.4709e-06,1.32744e-06,3.71875e-06,1.90107e-06,0,2.02326e-07,2.59562e-05,3.73974e-07,3.15621e-07
A0A3Q7FJA5_198_H9N2,5.85452e-07,7.13884e-07,3.18874e-07,3.84999e-05,2.11145e-05,3.17362e-05,0,1.17336e-06,4.27011e-07,0,4.32218e-07,7.06123e-07
A0A3Q7GZ38_591_H9N2,0,2.49701e-05,2.17523e-05,8.63918e-06,4.9339e-06,8.31643e-06,6.28502e-06,7.49611e-07,6.46687e-07,8.10129e-06,1.33516e-07,1.14066e-06
A0A3Q7GZ38_591_H8N2,1.11266e-06,9.01993e-08,1.4461e-06,1.02571e-06,8.89847e-07,1.30656e-06,0,4.03446e-08,2.68858e-07,1.15666e-05,1.88506e-07,2.77419e-07
A0A3Q7I2J6_191_H9N2,3.33946e-06,1.36475e-06,0,1.42929e-05,1.07748e-05,1.65018e-05,2.27983e-06,6.81571e-07,2.36298e-07,4.48614e-05,1.34677e-07,8.47523e-08
A0A3Q7JEG4_36_H9N2,2.09894e-06,1.53411e-06,2.01334e-06,3.18446e-06,4.13523e-06,3.69996e-06,0,5.577e-07,0,3.70585e-06,8.64896e-07,6.595e-07
A0A3Q7G9W0_469_H9N2,6.12015e-06,3.44836e-07,4.419e-07,1.39341e-05,1.13942e-05,1.41116e-05,0,0,1.77324e-08,4.69349e-06,0,0
A0A3Q7GH91_38_H9N2,0,0,0,6.42469e-05,5.20318e-05,5.41808e-05,3.55839e-06,3.66025e-06,4.36505e-06,1.56989e-05,3.40364e-07,0
A0A3Q7G077_492_H9N2,3.47261e-06,4.05757e-07,3.93789e-07,0.00016119,0.000141983,0.000192732,0,1.12552e-07,2.1619e-07,4.76429e-06,1.72636e-06,7.16897e-07
O04678_175_H9N2,1.0255e-06,0,2.61212e-07,8.76474e-05,6.64749e-05,0.000112988,1.44376e-05,1.07397e-06,7.15262e-06,3.80645e-07,3.01839e-07,2.44926e-07
A0A3Q7HI26_482_H9N2,0.0010103,0.000828805,0.000852891,0.00335988,0.00311333,0.00392692,4.65374e-05,2.46016e-05,4.98005e-06,0.000114002,1.38614e-05,2.19012e-05
A0A3Q7FC18_83_H9N2,0,0,0,6.44116e-06,5.02769e-06,4.49693e-06,3.23488e-06,1.55737e-06,1.02639e-06,2.13701e-06,6.25882e-07,4.71653e-07
A0A3Q7HI26_482_H4N8F5,0,0,0,5.38371e-06,4.09516e-06,0,0,0,1.72401e-07,0,0,0
A0A3Q7FW21_746_H9N2,1.50172e-05,1.40316e-05,2.60871e-06,1.22829e-05,1.47174e-05,1.82965e-05,6.25472e-06,5.31188e-05,2.67491e-05,2.60583e-05,4.87177e-07,2.99219e-06
A0A3Q7HI26_482_H4N4F2Pen1,0,0,0,2.62258e-05,1.56842e-05,2.16106e-05,6.94279e-07,2.39917e-06,1.3598e-06,1.46856e-06,7.20089e-07,0
A0A3Q7HSK0_102_H9N2,1.52352e-06,1.23697e-06,3.39402e-06,0.000168884,0.000181687,0.000164221,5.37087e-06,1.21838e-05,1.12928e-05,2.58752e-05,3.25712e-05,2.37421e-05
A0A3Q7FW21_746_H8N2,1.19948e-05,2.22789e-06,6.10915e-06,4.92231e-06,5.92892e-06,4.39227e-06,9.83005e-06,1.10588e-05,1.24272e-05,5.62326e-06,3.16229e-06,3.54437e-06
A0A3Q7FV78_353_H9N2,4.67729e-06,1.78704e-06,1.9524e-06,9.21659e-06,7.61645e-06,8.74663e-06,0,0,0,5.12378e-05,0,6.2171e-05
A0A3Q7GCH2_909_H9N2,0,0,0,2.56582e-06,5.3714e-06,4.10878e-06,0,0,0,0,0,0
A0A3Q7HUW0_126_H9N2,0,3.55193e-07,0,4.91645e-06,6.21143e-06,6.76201e-06,7.27286e-06,1.77298e-06,3.92866e-07,8.2576e-06,6.20536e-07,0
A0A3Q7GK63_405_H9N2,7.49205e-07,0,1.17346e-06,2.32388e-05,2.87762e-05,2.81871e-05,0,3.27629e-07,5.26699e-06,6.25759e-06,1.57926e-05,2.74616e-06
A0A3Q7EM11_85_H9N2,0,3.16437e-06,0,2.13485e-05,1.84764e-05,2.29861e-05,0,1.59323e-05,9.76532e-08,4.71026e-06,4.36918e-07,0
A0A3Q7HT22_69_H6N3F1Pen1,0,0,0,3.92542e-06,2.29813e-06,5.84823e-06,0,0,0,0,0,0
A0A3Q7ERU3_487_H9N2,1.36099e-06,3.67373e-06,5.27466e-07,0.000134847,0.000136585,0.000176043,1.99432e-06,1.58222e-06,8.34179e-07,9.49e-07,3.07908e-07,5.60707e-07
A0A3Q7F4L9_181_H9N2,9.15756e-06,6.39109e-06,1.48842e-05,1.17657e-05,5.98982e-05,2.23687e-05,0.000271393,0,2.71627e-07,2.67796e-07,0,2.79394e-07
A0A3Q7HT22_69_H9N2,0,1.45022e-06,0,4.06728e-05,2.83037e-05,2.90619e-05,0,0,3.951e-07,0,0,1.44182e-06
A0A3Q7GK63_405_H7N2,1.06272e-05,3.86968e-05,1.08363e-06,8.35319e-06,2.75509e-06,8.33906e-06,3.74019e-06,2.05079e-06,0,1.35785e-05,0,0
A0A3Q7EM11_85_H8N2,1.39049e-05,2.32081e-05,2.30108e-05,8.34118e-06,9.05443e-06,1.19278e-05,7.07415e-06,2.94765e-07,3.46685e-07,1.58479e-05,1.03582e-07,3.54674e-07
A0A3Q7HV10_178_H9N2,8.61846e-05,5.79301e-05,2.74517e-05,0.000138169,0.000151388,0.000123362,0.000255311,0.000120268,9.59978e-05,2.03656e-06,1.12009e-05,2.27235e-05
A0A3Q7J204_380_H9N2,3.31751e-06,6.8798e-06,5.90548e-06,2.6707e-05,2.3699e-05,2.55996e-05,7.61087e-07,1.00914e-06,4.12382e-07,3.04615e-05,5.42402e-05,4.65061e-05
A0A3Q7J2K7_461_H9N2,0,3.28017e-07,0,4.86556e-05,5.28372e-05,5.14881e-05,1.4351e-05,3.87832e-05,2.92465e-05,2.77588e-06,2.72482e-06,4.52113e-07
A0A3Q7FYQ6_164_H9N2,3.82806e-07,6.91447e-07,0,0.000119096,9.77383e-05,0.000111419,0,1.271e-05,8.99683e-06,2.634e-06,0,0
A0A3Q7F7P0_372_H9N2,2.53084e-05,3.36994e-05,1.9089e-05,4.71273e-05,3.93272e-05,7.0713e-05,4.51895e-06,1.0833e-05,7.83593e-06,3.28397e-06,1.71358e-06,7.25127e-06
A0A3Q7J1B1_361_H9N2,0,3.79366e-07,3.59628e-07,2.0335e-05,1.20834e-05,2.14969e-05,1.27592e-06,0,9.77365e-07,0,0,0
A0A3Q7EM11_85_H6N2,0,3.98124e-08,3.96948e-08,9.31142e-06,6.86516e-06,1.45995e-05,7.96349e-07,2.97194e-06,1.86178e-06,1.32137e-05,5.58516e-07,1.0935e-06
A0A3Q7EM11_85_H5N2,1.13016e-06,2.88837e-08,8.94709e-07,2.66678e-05,2.55992e-05,3.09085e-05,1.38744e-05,6.33963e-07,8.1974e-07,0.000112437,2.53856e-06,2.31342e-06
O82777_177_H9N2,4.03691e-07,0,0,1.35223e-05,1.8652e-05,5.66377e-05,6.68821e-06,1.54909e-05,1.47554e-05,1.3363e-05,8.90733e-06,1.12703e-05
A0A3Q7FM61_188_H9N2,9.3656e-06,5.44307e-06,5.63137e-06,1.10741e-05,7.95637e-06,1.43182e-05,8.24433e-07,9.33374e-07,7.23638e-07,0,1.04904e-06,9.99194e-07
A0A3Q7IGR5_293_H9N2,1.74978e-06,1.8861e-06,2.93167e-07,7.25064e-05,6.6823e-05,0.00011065,0,0,3.99582e-06,2.32089e-05,0,2.51153e-07
A0A3Q7GB23_336_H9N2,0,0,0,4.82604e-05,4.47204e-05,5.37398e-05,9.20037e-06,2.11514e-05,2.46975e-06,1.08199e-06,0,2.70284e-06
A0A3Q7EUE4_330_H9N2,0,0,9.2761e-07,2.33952e-06,3.50869e-06,4.85915e-06,2.97548e-06,5.46033e-06,3.4633e-06,3.27699e-05,2.09075e-06,3.00727e-05
A0A3Q7EWM9_130_H9N2,0,1.67027e-06,0,1.64713e-05,1.16992e-05,3.37211e-05,0.000157127,1.84563e-06,6.66255e-07,4.97413e-05,1.10962e-05,2.38874e-06
A0A3Q7I8J1_263_H9N2,0,9.99349e-07,9.61701e-05,7.20365e-06,5.60111e-06,7.01929e-06,0,0,0,0,1.51352e-06,2.8055e-07
A0A3Q7F4F5_37_H9N2,0,0,0,5.61507e-07,1.13768e-06,9.95841e-07,0,5.77771e-07,0,0,0,0
A0A3Q7HD25_586_H9N2,0,0,0,3.45111e-06,4.06339e-06,2.93241e-06,0,4.3083e-07,0,0,6.85948e-07,6.23618e-07
O82777_376_H9N2,0,0,0,5.92627e-06,4.8988e-06,1.03254e-05,2.13851e-05,0,5.07166e-07,1.42469e-05,0,2.90035e-07
A0A3Q7IGR5_293_H8N2,1.58551e-07,0,5.58577e-07,1.80899e-05,1.55885e-05,2.49257e-05,0,8.84679e-07,1.22873e-07,3.7716e-06,0,0
A0A3Q7EUE4_330_H8N2,0,5.34789e-07,0,2.26144e-06,2.43159e-06,4.45083e-06,0,4.27799e-06,5.22514e-06,3.7658e-06,0,1.23994e-06
A0A3Q7FR86_484_H9N2,1.51845e-05,6.59634e-07,0,1.67234e-05,1.63797e-05,1.77198e-05,3.51514e-07,1.42855e-06,5.59266e-07,3.90908e-05,5.3172e-05,3.73035e-05
A0A3Q7FAG0_293_H9N2,3.45705e-07,4.03881e-07,8.94733e-07,8.79119e-06,4.58353e-06,8.90445e-06,0,2.50389e-07,2.03611e-07,0,3.09745e-07,3.04904e-07
A0A3Q7ER89_333_H9N2,1.2315e-05,7.88827e-06,7.08548e-06,4.82222e-05,3.09526e-05,4.0023e-05,7.95216e-06,2.13839e-05,1.9527e-05,5.48801e-06,4.34328e-06,8.52333e-06
A0A3Q7HNE8_382_H9N2,2.73274e-05,3.12371e-05,2.82132e-05,7.28001e-06,6.0326e-06,6.9797e-06,0,0,2.12649e-07,2.79279e-07,0,0
A0A3Q7FR86_484_H8N2,0,6.88066e-07,0,1.73606e-06,1.47062e-06,6.11773e-07,0,1.72919e-06,1.79835e-07,2.69588e-06,1.54252e-06,1.507e-06
D3TI68_161_H9N2,1.15613e-06,2.64616e-06,9.67622e-07,0.000226104,0.000219921,0.000280273,3.80365e-06,3.66502e-07,0,3.20279e-06,7.6362e-06,4.36595e-06
A0A3Q7GFG8_831_H9N2,3.43034e-05,3.22482e-05,4.48696e-06,5.53735e-05,6.01813e-05,3.84046e-05,5.68537e-07,0,0,0,0,0
A0A3Q7GCZ1_216_H9N2,0,0,0,7.93965e-06,9.92996e-06,9.4368e-06,0,0,0,0,0,0
A0A3Q7FAG0_293_H8N2,3.48388e-06,2.88581e-07,0,2.3295e-05,2.81805e-05,4.67046e-05,1.1804e-05,1.51598e-06,1.0741e-06,1.72806e-05,0,0
Q9ZS44_709_H9N2,0,1.63401e-07,0,2.32598e-05,1.49768e-05,3.04403e-05,0,0,0,0,1.03215e-05,1.27523e-05
A0A3Q7F002_43_H9N2,1.58057e-06,2.92179e-06,3.03163e-06,1.80942e-05,1.49053e-05,1.98513e-05,3.1272e-06,0,1.63152e-07,2.47275e-07,0,0
A0A3Q7F777_351_H9N2,2.51421e-06,3.82562e-06,1.12358e-06,7.86431e-05,7.6204e-05,7.12728e-05,0.000127043,3.10255e-05,2.55219e-05,0,1.69304e-06,3.50365e-06
A0A3Q7JCT2_100_H9N2,5.02914e-06,9.36634e-07,2.21909e-06,8.62907e-05,9.40106e-05,0.00010572,4.48009e-06,2.31837e-06,3.22149e-06,7.59782e-07,1.16896e-05,3.35062e-07
A0A3Q7F2U6_316_H9N2,0,0,0,1.99999e-05,1.45599e-05,2.12104e-05,0,0,0,1.04753e-06,0,3.47111e-07
A0A3Q7I4S3_225_H9N2,7.42402e-06,2.12386e-05,2.50573e-05,0.000597336,0.000609203,0.000674132,5.18175e-06,1.9188e-05,1.22073e-05,3.17935e-06,5.73251e-06,1.0704e-06
A0A3Q7GFG8_831_H8N2,1.70008e-06,1.91618e-06,4.8274e-06,1.62248e-06,2.47135e-06,0,0,6.3289e-06,1.36025e-06,0.000458779,0.000403569,0.000450958
A0A3Q7JCT2_99_H9N2,5.56536e-06,5.78126e-07,2.21909e-06,9.20857e-05,8.65308e-05,0.000103134,7.12901e-06,6.65332e-06,3.35472e-06,3.11434e-06,6.43693e-07,3.98534e-07
Q9ZS44_731_H9N2,1.40077e-05,1.73679e-05,2.84348e-07,0.00021104,0.000193971,0.00021742,2.89617e-05,3.22565e-05,2.51245e-05,6.63226e-06,1.58369e-05,8.42986e-06
A0A3Q7FAG0_293_H6N2,0,0,0,4.55331e-06,3.9413e-06,3.64026e-06,3.26411e-07,1.42958e-05,7.4313e-06,0,6.14272e-06,6.35203e-06
Q19QU4_120_H9N2,0,5.02543e-07,0,4.02766e-05,3.79562e-05,4.80093e-05,1.49487e-05,0,9.95167e-07,1.56147e-05,3.1288e-07,5.31856e-07
A0A3Q7I4S3_225_H8N2,0.000248603,0.000122711,0.000223708,0.00047592,0.000387025,0.000461693,0.000414392,9.88011e-05,5.24264e-05,0.000373945,0.000262514,0.000215341
A0A3Q7HV28_346_H12N4F1Pen1,0,0,0,0.000128828,0.00014857,0.000141796,1.0016e-06,0,3.60096e-07,0,2.70327e-06,2.07354e-06
A0A3Q7GIC3_549_H9N2,0.000307512,0.000367936,0.00033522,2.05569e-05,2.42883e-05,1.83058e-05,0,0,8.00887e-07,0,0,0
A0A3Q7F3S3_65_H9N2,0,2.17104e-07,0,2.54276e-05,2.14728e-05,2.58206e-05,2.49796e-06,1.15767e-06,5.20328e-07,6.4993e-06,4.49641e-06,4.89249e-06
Q40161_369_H9N2,0,0,0,8.83916e-06,9.80641e-06,1.08659e-05,1.21001e-06,1.01129e-06,1.11045e-06,1.12433e-05,1.01314e-06,0
Q40161_369_H10N2,0,0,0,5.36608e-06,4.69635e-06,1.13061e-06,6.97459e-07,8.45428e-06,9.30752e-07,9.67422e-06,3.03871e-06,0
Q9ZS44_731_H8N2,1.75007e-07,2.02608e-06,7.77044e-06,6.37573e-06,5.96521e-06,1.14479e-05,1.04694e-06,1.12375e-05,2.76165e-06,0.000171595,3.47015e-05,2.76251e-05
A0A3Q7GDS0_159_H9N2,4.5263e-05,5.27605e-05,2.23856e-05,5.59327e-05,4.85812e-05,4.96972e-05,1.11938e-05,5.33337e-06,1.46362e-06,1.94613e-05,1.57211e-05,1.4536e-05
A0A3Q7HV28_297_H9N2,6.47979e-07,2.83403e-07,2.35624e-07,0.000295415,0.000222825,0.000467926,7.76357e-06,4.42956e-05,1.41287e-05,5.71752e-05,6.65874e-05,7.87829e-05
A0A3Q7HTM2_1645_H9N2,6.96804e-07,6.82822e-07,9.28993e-07,7.99059e-07,6.46764e-07,1.23173e-06,0,0,0,0,0,0
A0A3Q7J3H3_343_H5N6,0,0,0,9.09972e-06,5.74165e-06,7.84744e-06,0,0,0,3.23632e-05,8.61e-06,2.94129e-06
A0A3Q7HBS1_366_H9N2,4.3042e-06,2.54703e-07,3.75201e-07,5.98465e-06,2.125e-06,1.00519e-05,7.1394e-07,2.13677e-06,1.08341e-06,0,4.08873e-07,1.91512e-06
A0A3Q7GDS0_159_H8N2,2.45441e-06,4.88348e-06,3.74854e-07,4.45134e-06,4.29487e-06,4.24327e-06,4.94287e-07,0,3.86068e-06,6.87172e-05,5.84774e-05,7.47675e-05
A0A3Q7H012_326_H9N2,2.41917e-06,4.0887e-06,2.0453e-06,9.0442e-06,1.25761e-05,1.79453e-05,1.02116e-06,0,2.2429e-06,7.42527e-07,3.88129e-07,0
A0A3Q7G723_742_H9N2,0,0,0,2.71891e-06,2.84659e-06,1.47532e-06,0,3.66133e-07,0,5.4793e-05,3.26784e-05,2.7798e-05
A0A3Q7HFP1_247_H9N2,2.85922e-06,1.50808e-06,4.27117e-06,0.00189251,0.00161205,0.00190521,1.37197e-05,8.80266e-06,8.39817e-06,1.17176e-05,4.84132e-06,7.69448e-06
A0A3Q7HFP1_247_H6N2,4.12392e-06,1.35786e-07,2.15418e-06,0.000111686,0.000129673,0.00011521,1.00223e-06,4.49605e-06,4.91596e-07,3.79964e-06,1.09146e-06,3.42281e-06
A0A3Q7HFP1_247_H13N7F1Pen1,0,7.9266e-07,0,6.14608e-05,3.49933e-05,3.48291e-05,0,0,0,1.49738e-06,0,0
A0A3Q7I514_52_H9N2,6.18828e-07,5.94504e-07,2.40359e-06,7.24588e-05,3.20931e-05,6.72982e-05,1.05981e-06,4.25263e-07,0,9.01021e-07,0,4.85145e-07
A0A3Q7GVK8_514_H9N2,0,0,4.74083e-07,0.000169904,0.000140655,0.00012919,0,3.60706e-07,4.63699e-07,0,0,0
A0A3Q7F6U5_1095_H9N2,0,0,0,1.02396e-05,8.44074e-06,8.87877e-06,0,0,0,0,0,0
A0A3Q7I6P6_805_H9N2,0.000162423,0.000170587,0.000211658,1.0663e-05,1.05953e-05,1.00441e-05,1.73895e-06,0,0,0,8.07242e-07,0
A0A3Q7EV39_327_H6N2,0,0,0,3.38665e-07,7.72991e-07,0,0,0,0,0,0,0
A0A3Q7HFP1_247_H8N2,2.5716e-05,2.13971e-05,4.05734e-05,0.000279107,0.000317659,0.000390573,7.47969e-06,7.85603e-06,7.67128e-06,0.000381592,1.59407e-05,1.47368e-05
A0A3Q7J3E6_106_H9N2,0,4.3433e-07,2.51506e-07,9.13825e-06,1.06294e-05,1.064e-05,0,0,7.11442e-07,0,0,0
A0A3Q7GKW8_197_H10N2,1.12676e-06,9.50332e-07,1.44935e-06,2.13336e-06,2.11864e-06,3.84405e-06,0,0,0,0,0,0
A0A3Q7HFP1_247_H7N2,9.64799e-06,9.2663e-06,1.40586e-05,7.34799e-05,6.82464e-05,8.9791e-05,5.81171e-06,3.64946e-06,7.55172e-06,7.33704e-05,3.49474e-06,7.0351e-06
A0A3Q7I3M8_111_H9N2,0,1.27603e-06,6.93132e-07,0.000122583,0.000108284,0.000145515,0,3.85036e-07,5.98811e-07,0,0,1.89934e-06
A0A3Q7F7I4_288_H9N2,1.81263e-05,2.33469e-05,9.03041e-06,0.000269195,0.000272359,0.000362203,0.000233545,2.04778e-05,1.86888e-05,0.000108524,0.000146789,1.50174e-05
A0A3Q7INB5_661_H10N2,2.77015e-07,1.51423e-06,0,6.51316e-06,4.35114e-06,8.12833e-06,3.93462e-06,0,0,0,2.72269e-07,1.32156e-06
A0A3Q7FQF1_347_H9N2,1.02681e-06,3.9376e-06,2.33091e-06,0.000158881,0.000145012,0.000149527,0,0,0,2.67423e-06,6.81118e-06,5.82047e-06
A0A3Q7I3M8_111_H8N2,6.01036e-06,4.70839e-06,2.99321e-06,1.78558e-05,1.93442e-05,1.77915e-05,0,8.69785e-06,5.81996e-06,0.000155535,1.38177e-05,9.75066e-06
A0A3Q7GCZ1_108_H9N2,1.67454e-06,1.45127e-06,0,3.36673e-06,3.96614e-06,0,0,0,0,0,0,4.72462e-07
A0A3Q7IAB2_338_H9N2,1.38068e-06,2.62392e-06,1.45628e-06,2.09986e-05,1.47183e-05,2.8413e-05,4.54785e-07,5.53117e-06,2.78497e-06,0,2.37558e-06,0
A0A3Q7FTE8_362_H9N2,0,1.27062e-06,0,4.47746e-06,3.50353e-06,3.60665e-06,0,0,0,6.66394e-07,0,0
A0A3Q7J4M1_561_H6N4F2Pen2,5.63026e-05,6.49761e-05,4.91515e-05,2.71124e-05,3.11095e-05,2.95329e-05,4.82299e-05,7.39325e-05,3.76453e-05,0,3.11553e-06,3.83294e-06
A0A3Q7INM2_321_H9N2,9.94516e-06,4.15358e-05,2.03467e-05,5.27421e-05,4.7848e-05,6.32614e-05,0,0,0,9.91675e-07,3.55513e-06,8.56775e-07
A0A3Q7E826_258_H9N2,9.34619e-06,1.67937e-05,1.69748e-05,1.49692e-05,1.49529e-05,1.47407e-05,3.23807e-06,8.54969e-06,1.95586e-05,0,1.66433e-05,8.01453e-06
A0A3Q7GFV7_142_H9N2,5.19907e-07,0,0,5.72757e-06,4.59411e-06,4.51441e-06,0.000219048,0.00040683,0.000225079,5.11908e-07,0,3.82106e-07
A0A3Q7EQZ7_462_H9N2,5.54266e-06,4.72484e-06,9.95322e-06,2.13475e-05,1.75735e-05,2.75936e-05,0,1.33112e-06,0,9.62289e-07,0,1.44582e-06
A0A3Q7HTG3_167_H9N2,2.42143e-06,9.05243e-07,8.97095e-06,8.48372e-06,8.0501e-06,3.1849e-06,0,0,2.89876e-07,0,0,0
A0A3Q7IAB2_338_H8N2,1.14181e-05,3.73282e-06,2.18676e-05,4.91088e-05,2.84408e-05,7.85478e-05,6.27915e-07,0,1.69877e-06,4.03695e-05,3.72622e-05,3.38181e-05
A0A3Q7HE03_141_H9N2,6.51894e-07,0,0,7.09284e-05,8.15117e-05,9.49349e-05,5.98792e-05,4.07398e-05,3.81207e-06,3.2499e-05,8.9813e-05,9.82462e-05
A0A3Q7HJ98_309_H9N2,0,0,0,3.20738e-06,2.88498e-06,1.17138e-06,0,0,0,0,0,0
A0A3Q7HNE8_194_H6N2,2.51471e-06,6.58348e-07,3.73504e-06,4.34993e-06,6.13134e-06,4.67741e-06,0,2.08911e-06,1.56983e-06,0,2.01374e-06,7.0531e-06
A0A3Q7H4E2_209_H4N6,0,0,0,0,7.811e-06,0,0,1.84982e-06,0,0,0,0
A0A3Q7GFV7_142_H8N2,3.85514e-06,5.26089e-06,0,4.98456e-06,2.66631e-06,3.91016e-06,1.03084e-05,0.000334486,0.000222853,6.16998e-06,5.81181e-06,4.38368e-06
P15003_226_H9N2,5.43135e-06,1.66979e-06,1.19513e-06,0.00718621,0.00578449,0.00824562,1.19313e-05,0,7.10981e-06,1.0937e-06,1.22874e-05,0
A0A3Q7FXN5_191_H9N2,0,1.21468e-06,1.27485e-06,1.13417e-05,9.21278e-06,8.29625e-06,0,0,0,9.77797e-07,0,0
A0A3Q7H4E2_209_H9N2,0,0,0,0,2.54787e-06,0,0,0,0,0,0,0
A0A3Q7IL74_221_H9N2,2.60819e-07,0,1.26384e-06,3.77323e-05,3.25048e-05,4.48162e-05,1.51481e-05,2.61132e-05,1.76494e-05,0,0,4.27057e-07
A0A3Q7HE03_141_H7N2,3.61081e-07,0,9.62401e-07,1.46128e-06,1.5553e-06,2.49863e-06,1.46429e-06,3.00208e-05,9.00267e-06,2.59571e-05,3.10417e-05,1.53167e-05
A0A3Q7GB23_288_H9N2,0,0,1.18471e-06,8.19415e-05,0.000105148,0.000135767,1.8626e-06,2.69602e-06,0,0,6.31223e-07,1.8466e-06
A0A3Q7GB23_288_H6N3F1Pen1,1.25434e-05,4.59375e-07,2.19611e-06,2.51379e-05,2.16879e-05,3.00594e-05,8.2692e-06,0,2.76854e-06,0,4.30581e-07,2.14829e-07
A0A3Q7GFV7_142_H6N2,0,3.85329e-07,0,5.3906e-06,6.992e-06,1.11379e-06,0,0,0,0,0,0
A0A3Q7HR28_406_H9N2,1.89486e-06,8.13016e-07,0,0.000185662,0.000183325,0.000238806,8.04477e-07,3.07217e-06,2.37538e-06,1.17101e-06,0,0
P15003_226_H7N2,7.24021e-05,8.35963e-05,7.68771e-05,0.000259681,0.000252292,0.000334428,0.000344112,0.000205137,0.000138974,0.000170488,0.000246419,0.000304148
A0A3Q7GFV7_142_H5N2,0,0,0,3.5544e-06,1.28758e-06,1.06956e-06,0,2.80993e-06,5.44379e-06,1.40044e-06,6.5133e-07,6.26801e-06
A0A3Q7FJA5_254_H9N2,0,0,0,9.05447e-05,7.9923e-05,0.000115308,0,0,0,0,1.3546e-06,2.82749e-06
A0A3Q7G0T6_149_H9N2,7.21351e-05,0.000138877,0.000139778,0.000623182,0.000598425,0.000863545,3.55417e-07,1.7547e-06,1.12554e-05,0,2.93013e-07,1.00325e-06
A0A3Q7F0A7_325_H9N2,0,0,0,1.16952e-05,1.38804e-05,1.46706e-05,0,8.27965e-06,0,0,7.9382e-06,1.55469e-05
A0A3Q7G0T6_149_H7N2,8.30137e-06,3.4324e-06,8.28201e-06,4.8794e-06,6.20708e-06,5.84958e-06,1.01534e-06,0,1.79835e-06,0.000394321,0.000123406,4.7835e-05
A0A3Q7HE03_141_H5N2,6.42017e-06,1.18808e-05,2.72698e-05,0.000108,9.01946e-05,0.000134587,0,3.68104e-07,2.63125e-06,0,2.64249e-07,1.18952e-06
A0A3Q7F968_78_H9N2,5.61341e-05,4.92708e-05,5.01434e-05,0.000171844,0.000215654,6.97369e-05,9.78437e-07,1.35158e-06,4.69215e-06,1.03604e-06,9.56772e-07,1.95928e-05
A0A3Q7J2J1_449_H9N2,8.61452e-07,1.34146e-06,2.74395e-06,1.86573e-05,2.18966e-05,2.44324e-05,5.68903e-06,7.76174e-07,2.03835e-06,1.98391e-05,6.06227e-07,0
A0A3Q7G1E7_341_H9N2,2.9796e-07,0,4.01524e-07,2.33846e-05,2.57767e-05,3.12022e-05,1.03472e-05,0.000623367,0.000409825,9.52597e-06,0.00049049,0.000258317
A0A3Q7G0T6_149_H8N2,0.000269865,0.000236946,0.000188412,5.012e-05,5.02206e-05,5.99835e-05,4.5385e-05,1.36914e-05,0,0.00137601,0.000282133,0.000105895
A0A3Q7JFW9_79_H9N2,2.2351e-07,7.30492e-06,0,1.49224e-05,1.36619e-05,1.13376e-05,0,0,1.02943e-05,5.61923e-07,1.06442e-06,0
A0A3Q7I620_95_H9N2,5.49112e-05,0.000139633,5.47515e-05,0.000105424,8.54061e-05,0.000107752,3.71747e-07,4.77568e-06,3.25931e-06,0,3.07611e-06,1.70355e-06
A0A3Q7HE03_141_H3N2F1Pen1,8.85095e-06,8.39344e-06,2.57442e-05,1.34856e-05,1.26321e-05,1.42028e-05,0,2.7682e-06,1.26329e-06,1.67107e-06,9.20572e-07,4.34238e-07
A0A3Q7FR86_497_H9N2,1.68712e-06,1.35862e-06,2.07085e-06,1.74061e-05,1.30857e-05,1.01229e-05,0,0,0,0,3.43558e-07,0
A0A3Q7F0A7_325_H8N2,0,0,0,0,2.49247e-06,0,4.83021e-05,4.88102e-05,3.89531e-05,2.97054e-05,5.83203e-05,5.04084e-05
A0A3Q7HNE8_413_H9N2,0,0,0,0.000118039,0.00012355,0.000162592,0,1.94383e-06,3.6542e-06,0,8.48295e-06,1.36317e-06
A0A3Q7J033_461_H9N2,7.9014e-07,0,1.16341e-06,6.3186e-05,5.50094e-05,4.40567e-05,1.14526e-06,3.85478e-06,2.90416e-07,2.39507e-05,5.15147e-05,5.49787e-05
A0A3Q7G1E7_341_H8N2,0,0,0,0,3.80367e-06,3.87114e-06,0.000100759,0,0,4.9576e-05,2.81312e-05,0
A0A3Q7HZ23_94_H9N2,0,0,0,4.50751e-05,3.87858e-05,2.96286e-05,0.000123037,8.0563e-05,0.000135573,0.000124148,6.88951e-05,0.000334235
A0A3Q7F968_78_H8N2,4.92595e-05,6.37812e-05,2.30155e-05,4.6331e-06,5.34681e-06,8.31575e-07,7.99425e-07,5.89671e-06,0,0.00130911,0.000840302,0.000895394
A0A3Q7J411_2140_H9N2,0,0,0,5.58314e-06,4.08352e-06,1.40234e-06,1.14305e-05,1.71056e-05,9.46737e-06,0,0,4.39249e-06
A0A3Q7GT02_36_H9N2,0,0,0,2.82734e-06,1.46136e-05,4.31482e-06,5.52187e-07,0,0,7.90762e-07,2.06187e-06,1.1272e-06
A0A3Q7IMD4_309_H9N2,1.05758e-06,0,1.78446e-06,2.66817e-05,2.79557e-05,5.20126e-05,4.15201e-07,3.11549e-06,0,4.66226e-07,1.15114e-06,1.08782e-06
A0A3Q7G0T6_149_H6N2,7.51949e-06,1.32624e-06,3.39534e-06,9.72217e-06,9.29528e-06,1.49013e-05,6.59543e-07,0,0,4.05219e-05,1.3449e-05,9.36286e-07
A0A3Q7FR86_497_H8N2,0,0,0,8.23614e-06,8.37637e-06,8.03135e-06,0,0,5.71123e-07,0,0,0
A0A3Q7H582_119_H8N2,2.22741e-06,6.61001e-07,5.68761e-07,1.98081e-05,1.64229e-05,1.8694e-05,1.07366e-06,4.5266e-06,4.11937e-06,0.000483072,0.000396721,0.00050247
A0A3Q7J033_461_H8N2,6.04194e-07,0,8.06633e-07,0.00026026,0.000165022,0.000204739,4.31752e-05,7.92419e-05,4.11182e-05,2.90599e-05,6.9281e-05,7.28082e-05
A0A3Q7HQY4_167_H9N2,0,0,8.25601e-07,0.000129806,0.000181277,0.000111884,0,2.555e-06,2.13256e-06,3.44017e-06,1.43348e-05,0
Q9M510_229_H9N2,5.56858e-06,0,0,0.00152485,0.00182672,0.00138054,2.92989e-06,0,1.06342e-06,3.53071e-05,1.40686e-05,1.2925e-05
A0A3Q7ENN1_159_H4N2,0,0,0,0.000122154,7.04589e-05,6.94921e-05,6.13643e-07,0,1.24146e-06,0,0,0
A0A3Q7HFP1_561_H9N2,0.000142929,0.000354339,0.000291253,0.000519405,0.000613971,0.000643447,5.10106e-06,1.21794e-05,9.85497e-06,9.09528e-06,1.29145e-05,6.69531e-06
A0A3Q7EH49_43_H9N2,1.93789e-06,2.96835e-07,7.14327e-06,0.000115213,7.64438e-05,3.57092e-05,2.71119e-06,4.7011e-06,8.09944e-06,5.07786e-05,9.66582e-05,9.648e-05
G3KGB0_96_H9N2,0,8.32233e-07,7.94239e-07,0.000475575,0.000444538,0.000309221,3.46381e-06,1.33654e-05,1.55944e-05,2.33784e-05,2.41515e-06,3.72294e-05
A0A3Q7HFP1_561_H6N2,0,0,0,0,7.7877e-07,0,0,0,0,0,0,0
A0A3Q7E7F3_175_H9N2,2.41311e-07,0,2.10239e-06,9.51569e-05,9.8064e-05,5.84697e-05,7.97938e-07,1.55736e-05,3.67841e-06,0.000294213,6.16044e-05,0.00048182
A0A3Q7F968_93_H4N6,2.03646e-06,3.7288e-06,6.84028e-06,0.000314537,0.000345021,0.000249541,0,1.37873e-06,3.93154e-06,0,2.75689e-06,2.15617e-06
A0A3Q7J9S0_54_H9N2,3.72851e-05,2.89598e-05,6.5528e-05,0.00294453,0.00288757,0.00280932,0.00017501,0.000247015,0.000130212,6.05378e-06,1.1643e-05,9.89528e-06
A0A3Q7F968_93_H9N2,6.47207e-07,0,5.80759e-07,0.00134576,0.00142039,0.00114207,1.30913e-06,2.20645e-06,4.91616e-06,3.5996e-06,1.01737e-05,0
A0A3Q7FK07_415_H9N2,0,0,0,9.58631e-07,2.21338e-06,0,0,1.4026e-06,0,0,3.83955e-07,0
A0A3Q7HFP1_561_H8N2,4.05288e-06,3.93877e-06,1.83138e-06,1.55818e-06,2.66751e-06,0,5.63578e-06,9.51218e-06,7.41299e-06,0.00105199,0.00068445,0.000636662
A0A3Q7J9S0_54_H8N2,0.000401742,0.000522185,0.000559314,0.000609214,0.000597319,0.000419574,1.1238e-05,7.69275e-06,1.56142e-05,0,6.98501e-06,1.66322e-05
A0A3Q7EH49_43_H8N2,2.17544e-05,2.67786e-05,1.1841e-05,1.60326e-05,1.39267e-05,1.21366e-05,0,1.91841e-06,6.88342e-06,3.60232e-05,7.09615e-05,8.63041e-05
A0A3Q7G8A3_224_H9N2,5.40735e-05,8.16466e-05,4.7865e-05,8.90273e-05,9.22155e-05,5.71578e-05,6.94377e-06,2.05776e-06,1.09359e-05,2.8746e-06,8.59107e-06,3.26478e-06
A0A3Q7HUY1_83_H9N2,5.84889e-06,1.72446e-06,0,0.00112641,0.00109798,0.00149572,7.99328e-06,5.20644e-06,6.93134e-06,0,1.6154e-06,0
A0A3Q7F218_491_H9N2,0,0,4.19125e-07,0.00011101,9.2897e-05,8.97118e-05,0.000668162,3.30677e-06,5.03959e-06,0.000540301,0.000312615,1.14691e-05
A0A3Q7F2K6_145_H10N2,0,0,0,2.3737e-06,2.68293e-06,2.15599e-06,0,0,0,0,0,8.48071e-07
A0A3Q7F2K6_145_H9N2,0,5.39257e-07,0,1.72466e-05,1.52055e-05,1.4178e-05,7.80188e-07,0,3.7263e-06,1.18183e-06,4.84337e-06,0
A0A3Q7HUY1_83_H8N2,0.00012336,0.00011557,6.00751e-05,0.000115134,0.000110045,7.11759e-05,6.94227e-06,4.26731e-06,5.08951e-06,0.000801299,0.000237218,0.000179033
A0A3Q7F968_93_H8N2,2.1545e-05,2.489e-05,2.40298e-05,0.000219886,0.0002574,0.000222736,5.31907e-06,6.25083e-06,2.36428e-06,0.0022747,0.00276692,0.00275615
A0A3Q7HV28_434_H9N2,3.00815e-06,7.83247e-06,5.43929e-06,0.00011732,0.000216988,6.71657e-05,0,1.24576e-06,0,0,2.69349e-06,1.08891e-06
A0A3Q7EJ69_735_H9N2,7.56861e-07,0,3.59894e-06,0.00102519,0.00110117,0.00129928,0,0,2.67784e-07,6.56654e-06,8.28129e-07,4.67822e-06
A0A3Q7FYJ1_245_H9N2,5.56489e-05,2.20594e-05,8.473e-05,0.00256511,0.00342612,0.0022385,3.01999e-05,1.76089e-05,5.44105e-05,9.3008e-06,8.98818e-06,8.28126e-06
A0A3Q7GAX3_109_H9N2,3.56878e-06,9.70223e-06,8.64798e-06,0.00062252,0.000553692,0.000581799,3.75316e-06,2.71275e-06,6.65951e-06,4.63341e-06,1.66461e-06,3.21913e-06
A0A3Q7ILU4_140_H12N2,0,2.82965e-07,0,4.35774e-06,5.36727e-06,0,0,0,0,0,2.6388e-05,3.90699e-07
A0A3Q7H012_1303_H9N2,1.96731e-05,1.11868e-05,1.41133e-06,3.13943e-05,2.4981e-05,2.31565e-05,0,1.41806e-05,3.21218e-06,0,2.55744e-06,1.73496e-06
A0A3Q7I7V7_219_H9N2,2.24947e-07,0,1.03678e-06,5.41369e-05,4.36635e-05,6.56233e-05,0,0,2.0599e-06,1.37489e-06,0,5.96956e-07
A0A3Q7F7P0_165_H10N2,0,0,0,5.41707e-06,1.18644e-06,4.36139e-06,0,0,0,0,0,0
A0A3Q7GFN2_345_H9N2,6.54127e-06,1.56274e-05,6.76649e-06,9.50556e-05,9.17115e-05,0.000114325,0,1.36782e-06,1.57928e-06,0,7.3311e-07,3.34884e-06
A0A3Q7F7P0_165_H6N2,0,0,2.51971e-05,4.08882e-05,4.14961e-05,5.39713e-05,5.40393e-07,0,5.49858e-06,6.30733e-05,2.73295e-05,2.57937e-05
A0A3Q7F7P0_165_H7N2,0,2.48522e-07,4.31487e-07,3.3832e-05,2.73934e-05,4.105e-05,1.91878e-05,1.30976e-06,6.97282e-07,0.000369279,0.000161606,8.19969e-05
A0A3Q7J3H6_68_H9N2,1.00977e-06,0,0,0.000506028,0.000537731,0.000529823,0,0,2.42337e-06,0,0,1.52383e-06
A0A3Q7J2Z7_370_H9N2,0,2.52901e-06,0,0.00218603,0.00172934,0.00237002,3.6957e-06,2.93309e-06,3.13519e-07,1.41544e-06,0,6.92661e-06
A0A3Q7J3H6_68_H8N2,2.78475e-06,5.23075e-06,5.82223e-06,0.000282513,0.000251086,0.000256085,2.50497e-05,2.8303e-06,1.18939e-06,0.000205529,8.05487e-05,6.78996e-05
A0A3Q7FZP1_305_H9N2,5.6902e-07,5.96438e-07,6.48802e-07,0.000139337,0.00013598,0.000106737,2.13134e-06,0,8.37819e-06,1.98604e-06,3.50446e-06,1.70614e-06
A0A3Q7EJ69_735_H8N2,2.14206e-05,2.11999e-05,3.62517e-05,8.57698e-06,7.61091e-06,4.54368e-06,0.001036,0.000124993,5.98846e-05,0.000971735,0.000395036,0.000253675
A0A3Q7FSU8_466_H9N2,0,0,5.5695e-07,1.55755e-05,2.54992e-05,2.62528e-05,2.33625e-06,5.70713e-06,3.46617e-07,0,1.90636e-06,9.31384e-07
A0A0C5AJS1_430_H9N2,1.2163e-06,1.42983e-06,5.74072e-07,0.000262645,0.000285354,0.000276031,6.75365e-06,7.41269e-06,1.40916e-05,4.67788e-06,7.47251e-06,9.92428e-06
A0A3Q7GAX3_109_H8N2,1.05153e-05,1.02945e-05,2.76905e-06,0.000559734,0.000660688,0.00035265,4.83561e-07,8.60723e-06,3.72213e-06,0.000715926,0.000215174,0.000147379
A0A3Q7JY62_113_H9N2,0.000108759,3.1003e-05,4.36254e-05,0.00759835,0.00691606,0.00591144,2.13134e-05,4.98857e-05,4.40305e-05,3.60626e-05,3.59857e-05,5.28983e-05
A0A3Q7GXS6_125_H9N2,6.10832e-06,0,4.52928e-06,0.00212658,0.00207041,0.00146292,4.1811e-05,1.43457e-05,9.94059e-06,0.000181033,0.000108352,0.000281933
A0A3Q7JY62_134_H9N2,1.78408e-05,5.58236e-06,2.58239e-05,0.00480258,0.00490605,0.00562683,0.000153405,0.000184492,0.000240176,0.000245756,0.000114624,0.00020583
A0A3Q7HRC2_44_H9N2,4.66131e-07,2.37409e-06,1.17737e-06,0.00249994,0.00225175,0.00256466,2.47738e-05,3.16281e-05,8.59839e-06,1.00949e-05,1.174e-05,1.21986e-05
A0A3Q7HRC2_44_H8N2,2.95111e-05,3.28574e-05,8.07819e-06,0.00258628,0.00286046,0.0031146,0.000188262,0.000177792,0.000223985,0.000205616,2.14267e-05,2.62085e-05
A0A3Q7HRC2_44_H7N2,8.01643e-06,1.40713e-05,0,0.00137837,0.00138241,0.00156803,3.18419e-05,0.000167003,0.000102347,0.000434778,0.000216621,0.000272659
A0A3Q7HRC2_44_H6N2,0,2.3699e-06,3.42245e-06,0.000613169,0.00057843,0.000771466,4.45001e-06,2.16726e-05,1.5923e-05,2.2771e-05,6.49943e-05,0.00014631
A0A3Q7GDZ4_114_H9N2,0,0,2.24993e-06,1.17757e-05,1.74718e-05,1.57551e-05,0,1.68685e-06,3.64643e-06,1.42804e-06,4.11411e-06,4.46852e-06
P15004_95_H9N2,1.55453e-06,6.56045e-07,0,1.65344e-05,2.18871e-05,1.55187e-05,4.99141e-07,5.57959e-07,7.67617e-07,0,0,0
A0A3Q7GAX3_109_H7N2,3.52266e-05,1.50991e-05,7.07704e-07,2.93614e-05,2.37848e-05,2.28784e-05,4.64063e-06,3.42228e-06,2.50092e-06,0.000864607,0.000328026,0.000239356
A0A3Q7J3H6_68_H7N2,9.82843e-07,1.98852e-06,1.96353e-05,0.000158193,0.000129007,0.000175964,2.14167e-05,8.29389e-05,8.36464e-05,7.69748e-05,2.36949e-05,4.09229e-05
A0A3Q7JY62_113_H8N2,2.27992e-05,4.01763e-06,5.6227e-05,0.000808743,0.000896979,0.000649101,0.0018789,0.0042365,0.00358602,0.00306436,0.00397898,0.00520139
A0A3Q7GXS6_125_H8N2,7.38148e-06,1.08538e-05,7.19114e-06,0.000805157,0.000899756,0.000702873,7.9836e-06,3.82125e-05,3.44139e-05,0.000201181,0.000197062,0.000326922
A0A3Q7F2K6_430_H9N2,0,5.62149e-07,0,8.6016e-05,8.96593e-05,9.59597e-05,0,0,0,0,0,3.38793e-06
A0A3Q7G7T0_528_H4N7F2,0,0,0,1.56046e-05,1.0438e-05,4.88797e-06,0,0,0,0,0,0
A0A3Q7GAX3_109_H6N2,5.37912e-07,6.09559e-07,1.11335e-06,2.3495e-05,2.05254e-05,2.6447e-05,7.61685e-07,7.01829e-07,1.17319e-06,0.000433705,0.000196854,0.000163428
A0A3Q7FNH1_1525_H5N2,6.33648e-07,5.85135e-06,2.45064e-06,3.12517e-05,2.61569e-05,4.19013e-05,8.29599e-07,2.41567e-06,9.94103e-07,3.45179e-05,1.46918e-05,6.62516e-06
A0A3Q7J3H6_68_H6N2,0,0,5.22065e-07,3.88681e-05,4.64246e-05,3.54219e-05,0,4.05102e-07,2.79008e-07,6.83401e-06,6.908e-07,2.69259e-06
A0A3Q7JY62_113_H7N2,9.43823e-06,1.28542e-05,8.35395e-06,0.000106171,0.000124052,9.3399e-05,0.000210379,0.00046599,0.000618954,0.000592934,0.00077437,0.000939761
A0A3Q7GQ70_99_H10N2,1.54568e-06,0,3.69335e-07,0.000479457,0.000471092,0.00048195,0,6.96019e-07,1.70566e-06,0,3.87697e-07,5.56869e-06
A0A3Q7GXS6_125_H7N2,0.000373134,0.000565428,0.000170728,0.000150062,0.000176247,0.000110669,5.82318e-05,6.76975e-05,3.69538e-05,2.34348e-05,5.55558e-05,8.09242e-05
A0A3Q7GQ70_99_H7N2,0,0,0,8.7792e-07,4.76943e-06,1.54469e-06,0,1.00702e-06,4.67866e-07,0.000134815,6.44868e-05,4.04806e-05
A0A3Q7GQ70_99_H8N2,0,0,0,6.80533e-05,8.85755e-05,9.38853e-05,2.27381e-06,1.87531e-05,8.69717e-06,0.000181094,7.52492e-05,5.00796e-05
A0A3Q7GQ70_99_H9N2,1.21743e-06,3.42325e-06,3.90314e-07,0.00204076,0.00205183,0.00211951,3.9035e-06,1.76135e-06,1.59376e-05,1.09e-05,0,4.667e-06
A0A3Q7GQ70_99_H6N2,0,0,0,5.03085e-06,9.41477e-06,1.17887e-05,0,0,0,0,3.82667e-07,0
A0A3Q7J3H6_68_H5N2,8.80329e-06,4.48224e-06,1.53648e-05,2.4362e-05,8.10711e-05,0.000105343,0,3.04431e-06,2.10447e-07,2.1404e-05,9.2323e-06,2.62166e-06
A0A3Q7GAX3_109_H5N2,0,7.72289e-07,4.73912e-07,8.95978e-06,1.23679e-05,1.08305e-05,1.82025e-06,1.59871e-06,1.67798e-06,0.000342511,0.000313819,0.000231495
A0A3Q7I6Z9_215_H9N2,7.31542e-07,0,3.98818e-06,6.67479e-05,7.55448e-05,4.37356e-05,0,1.7627e-06,2.61543e-06,0,8.95345e-07,0
A0A3Q7GXS6_125_H6N2,0,0,9.34265e-07,3.55668e-05,2.86675e-05,2.07468e-05,0,4.58421e-06,1.31098e-06,0,3.30937e-07,1.86707e-06
A0A3Q7JY62_113_H5N2,2.43129e-06,4.87543e-06,2.58294e-06,2.68279e-05,1.75214e-05,1.60744e-05,4.0271e-07,5.17978e-07,2.08395e-06,1.03416e-05,2.07726e-05,7.02482e-06
A0A3Q7FZP1_399_H9N2,1.90708e-06,0,1.34708e-05,0.00148407,0.00122526,0.00123746,1.88222e-05,2.59876e-05,4.61512e-05,0,1.99065e-05,7.58237e-06
A0A3Q7HFP1_95_H9N2,8.63084e-06,4.67202e-06,1.03359e-05,0.0045877,0.00468754,0.00500628,0,3.61393e-06,4.97585e-07,0,6.43855e-06,1.27996e-05
Q9ZS44_381_H9N2,0.00126178,0.000912666,0.000764081,0.00241609,0.00218623,0.0026559,7.39238e-07,7.30198e-06,1.04191e-05,0,3.12542e-06,5.88641e-06
Q9ZS44_381_H7N2,2.11275e-06,2.49326e-06,4.7164e-07,4.24624e-05,4.17103e-05,2.90505e-05,3.19529e-06,3.30954e-05,1.9828e-05,0.000238955,1.98028e-05,9.07798e-06
A0A3Q7FZP1_399_H8N2,1.00258e-05,1.30537e-05,2.82252e-05,6.30503e-05,5.73405e-05,0.000104904,8.5471e-05,0.000201902,0.00018236,0.0034246,0.00384645,0.00458445
A0A3Q7INW1_164_H9N2,0,0,0,2.61557e-07,2.73644e-06,0,0,0,5.31439e-07,0,0,0
K4BK85_54_H9N2,4.48021e-07,8.11725e-06,1.89557e-06,7.44902e-05,5.74275e-05,7.12609e-05,1.08293e-06,4.96839e-06,3.59032e-06,0,6.22305e-06,2.3569e-06
A0A3Q7HRC2_44_H5N2,3.84793e-05,3.28984e-05,1.32008e-05,0.00039437,0.00030849,0.000445912,0.000239042,0.000610655,0.000187689,8.55879e-05,3.39892e-05,2.27789e-05
A0A3Q7HRC2_44_H4N2F1Pen1,0,2.97726e-06,1.02703e-06,0,1.20134e-06,0,0,0,0,0,0,0
A0A3Q7ENX2_183_H9N2,0,0,0,0,1.51764e-06,0,0,0,0,0,0,0
A0A3Q7I1S7_427_H9N2,0,0,0,5.24497e-06,5.31604e-06,3.26759e-06,0,5.26436e-07,0,0,0,4.56204e-07
A0A3Q7GYG0_401_H9N2,0,8.73867e-07,0,2.01347e-05,3.90388e-06,1.78036e-05,1.00117e-06,1.68081e-05,4.28467e-06,0,3.52197e-07,9.50117e-07
A0A3Q7FV43_207_H9N2,0,0,0,0,6.8735e-06,0,0,2.26672e-06,0,0,0,0
A0A3Q7I969_201_H9N2,1.01513e-05,1.5336e-05,1.76734e-05,0.000133041,0.000117371,0.000152377,3.58555e-06,2.98268e-06,3.03991e-06,7.62314e-07,2.39084e-06,2.12776e-06
A0A3Q7JJ52_328_H9N2,2.05196e-05,2.22143e-05,1.81327e-05,0.000310428,0.000272974,0.000353077,5.96478e-06,5.536e-06,4.86112e-06,5.24168e-07,5.41449e-06,5.5531e-06
A0A3Q7HQ53_166_H9N2,3.85851e-06,4.47737e-06,1.54924e-06,0.000570866,0.000530359,0.000679076,1.85621e-06,1.77247e-05,1.42554e-05,8.08202e-06,1.88836e-05,2.40741e-05
A0A3Q7IU14_185_H9N2,0,1.00793e-05,3.27317e-06,0.000229829,0.000300892,0.000300091,0,1.90445e-06,8.5105e-07,2.88471e-05,2.4345e-05,3.92109e-05
A0A3Q7H2N0_421_H9N2,0,0,0,1.64138e-05,6.65969e-06,2.7418e-05,5.78211e-07,1.01973e-06,0,0,0,0
A0A3Q7F8V6_444_H9N2,0,0,0,1.41638e-05,1.43867e-05,5.69069e-06,0,0,8.25857e-07,7.60006e-05,6.19775e-06,0.00023623
A0A3Q7I6V9_420_H9N2,3.7808e-07,0,2.36341e-06,4.36637e-05,4.65351e-05,5.95838e-05,8.56186e-07,9.68116e-06,1.25083e-05,1.73015e-05,1.12205e-05,9.79531e-06
A0A3Q7IU14_185_H8N2,7.98847e-05,4.56235e-05,6.17578e-05,1.2566e-06,3.83519e-07,4.41105e-07,0,1.92929e-06,1.27577e-06,0.000359135,0.000213779,0.000175693
A0A3Q7JJ52_850_H9N2,3.29358e-07,5.43998e-07,0,0.000110138,0.000114697,0.000113781,3.97323e-06,4.81536e-07,1.36607e-06,5.161e-06,1.4147e-06,7.05133e-06
A0A3Q7F792_295_H9N2,0,0,0,1.29455e-05,1.08408e-05,2.02317e-06,0,0,0,0,0,0
A0A3Q7H2N0_421_H8N2,3.65067e-06,3.1483e-06,1.08669e-05,3.6268e-05,3.34879e-05,3.53735e-05,0,0,0,0,2.94769e-06,1.57895e-06
A0A3Q7G7T0_528_H4N4Pen2,3.50822e-05,1.16108e-05,3.1532e-05,5.31216e-06,3.04545e-05,1.52062e-05,1.70687e-05,1.95342e-05,4.39999e-05,3.98396e-05,2.6191e-06,2.93158e-06
A0A3Q7HIQ8_162_H9N2,0,0,0,2.60826e-05,5.36433e-05,4.31586e-05,3.9157e-05,1.89588e-06,7.32452e-06,0,2.7737e-06,0
A0A3Q7HQQ2_196_H9N2,0,0,0,6.27597e-06,6.38864e-06,0,0,6.24532e-07,0,0,0,0
A0A3Q7G9S2_1301_H9N2,1.86965e-06,0,1.71443e-06,0.000837765,0.000691085,0.000507923,2.23245e-06,2.06434e-05,1.12777e-05,0,3.3284e-06,5.33746e-06
A0A3Q7F074_1328_H9N2,2.45616e-07,0,8.72165e-07,0.000204931,0.000189398,0.000290604,0,5.95719e-07,0,1.87333e-05,4.20988e-05,4.7558e-05
A0A3Q7H4L1_64_H9N2,5.71406e-07,8.42157e-07,0,7.30168e-05,8.76352e-05,7.54802e-05,0,2.94358e-06,0,9.80656e-07,8.46568e-07,5.97499e-06
A0A3Q7H8B1_336_H9N2,1.59886e-06,1.61585e-06,5.52389e-07,0.000275007,0.000312051,7.63845e-05,0,2.04571e-06,0,5.18762e-06,1.24341e-05,6.87831e-07
A0A3Q7IA20_502_H9N2,2.37975e-05,1.49265e-05,7.67068e-06,0.000225674,0.000238576,0.00018291,2.89286e-06,2.51939e-06,8.89553e-06,1.4119e-06,1.02547e-06,8.24517e-06
A0A3Q7IA20_502_H4N6,0,0,0,3.81753e-05,3.11738e-05,0,0,0,6.19259e-07,0,5.54848e-07,0
A0A3Q7FFV1_438_H4N6,0,6.14656e-05,0,5.68817e-05,6.39133e-05,1.07775e-05,0,0.000109961,1.48647e-06,0,0,1.93752e-06
A0A3Q7IC06_94_H9N2,3.22398e-07,0,0,0,2.01531e-06,0,0,2.21265e-06,0,0,0,0
A0A3Q7E8A8_70_H7N2,1.36689e-06,4.86641e-06,8.74873e-06,7.51508e-05,5.69904e-05,6.79431e-05,6.09406e-07,8.31626e-07,1.73461e-06,0.000185907,0.000225345,0.000325937
A0A3Q7FFV1_438_H8N2,0,0,0,4.98378e-06,7.42627e-06,0,0,8.24481e-07,1.02515e-06,4.71488e-05,6.0574e-05,7.85126e-05
A0A3Q7I1E3_405_H9N2,5.20404e-06,7.72013e-06,1.46447e-06,0.001227,0.00119957,0.000870167,4.36748e-06,1.07384e-05,1.20354e-05,7.5277e-05,8.15973e-05,0.000145904
A0A3Q7IA20_502_H8N2,2.56442e-06,3.17917e-06,0,0.000209711,0.000194522,0.000106164,4.15366e-06,2.7487e-06,3.00303e-06,8.66788e-05,0.000111488,0.000190611
A0A3Q7FKY5_289_H9N2,9.30748e-07,0,1.27476e-05,3.46612e-05,6.97251e-05,5.75081e-05,6.88431e-06,0,1.57659e-06,3.19107e-05,4.34954e-05,5.6786e-05
A0A3Q7GLH6_43_H9N2,3.81873e-07,2.6654e-07,0,0.000104686,0.000109583,4.86066e-05,0,1.69527e-06,0,2.58535e-06,9.91106e-07,1.15666e-06
A0A3Q7GIZ5_248_H9N2,0,0,5.96447e-05,5.20522e-05,6.34191e-05,4.86363e-05,1.39636e-06,0,5.70616e-06,8.40817e-05,5.42662e-05,5.47228e-05
A0A3Q7FGM4_358_H9N2,2.42809e-05,1.6994e-05,0,5.58398e-05,7.04346e-05,5.39082e-05,1.46444e-05,3.7985e-06,0,0,0.000124677,7.72859e-07
A0A3Q7I1E3_405_H8N2,2.72839e-06,1.32063e-06,1.13117e-06,4.73637e-05,3.77572e-05,1.04988e-05,0.00032447,1.03716e-05,3.17396e-05,0.000556734,0.000891341,0.000576451
A0A3Q7GVD6_157_H4N6,1.53283e-06,0,0,6.46777e-05,6.3782e-05,4.10573e-05,0,0,6.85294e-07,0,1.76152e-06,0
A0A3Q7GVD6_157_H9N2,0,0,0,0.000102624,9.09e-05,1.716e-05,8.68816e-07,1.37773e-06,1.08448e-06,0,1.66279e-06,0
A0A3Q7E8A8_70_H6N2,0,0,0,9.77149e-06,1.08826e-05,4.54e-06,0,0,0,0,0,0
A0A3Q7FAV7_70_H9N2,1.43952e-06,0,0,0.000220688,0.00019847,0.000311171,0.000286128,0.000240923,0.000255625,2.68994e-06,8.48156e-06,5.61474e-06
A0A3Q7F2W9_286_H9N2,0,4.59085e-06,5.19449e-07,6.74589e-05,0.000105867,5.61143e-05,1.96692e-06,7.3782e-07,2.42061e-06,0,3.68904e-06,7.98625e-06
A0A3Q7JJ52_157_H9N2,1.05054e-05,8.83396e-07,5.53582e-06,0.00011806,0.000104724,5.57581e-05,0,7.45929e-07,1.24145e-06,0.000114193,2.52768e-05,0.000105837
A0A3Q7HV10_92_H4N6,0,0,0,3.72869e-05,1.75434e-05,2.92985e-05,0,0,0,0,0,1.28105e-06
A0A3Q7J1J0_128_H9N2,3.57799e-07,2.86867e-06,0,0.000164823,0.000219301,9.34327e-05,8.47713e-07,3.51848e-06,2.04049e-06,9.05763e-07,3.54647e-06,3.18242e-06
A0A3Q7HV10_92_H9N2,0,0,0,1.53709e-05,2.65715e-05,2.16815e-06,1.11985e-05,3.23395e-05,2.6776e-06,1.05224e-06,0,0
F8WS84_416_H9N2,2.45885e-06,0,0,0.000205611,0.000261243,2.85442e-06,1.70185e-06,1.98308e-06,9.7904e-07,1.83261e-05,1.07351e-05,7.16908e-06
A0A3Q7F8E3_212_H9N2,3.01553e-05,1.32561e-05,5.64198e-06,0.000224726,0.00021625,0.000191698,6.42018e-06,1.48394e-05,1.25934e-05,4.57104e-06,2.23013e-05,1.8007e-05
A0A3Q7JX67_119_H9N2,0,0,0,4.53195e-06,4.35886e-06,0,0,2.24333e-06,0,0,3.55967e-06,6.07865e-07
A0A3Q7F2W9_286_H8N2,0,8.63607e-07,0,3.61749e-05,4.1171e-05,1.34653e-05,0.000150731,0.000130585,6.34263e-05,6.04826e-05,4.56249e-05,6.02534e-05
A0A3Q7I620_306_H9N2,0,0,0,0,2.26831e-06,0,0,0,0,0,0,0
A0A3Q7ES58_100_H10N2,0,0,6.73112e-07,8.32158e-05,7.64066e-05,2.65404e-05,0,3.72701e-06,0,2.37524e-06,1.38468e-06,4.96988e-06
A0A3Q7HXT9_114_H9N2,3.27009e-06,3.83849e-06,2.23623e-06,0.0003076,0.00033735,0.00036103,5.31981e-06,1.2229e-05,1.84363e-06,3.93486e-06,1.08551e-06,5.42861e-06
F8WS84_416_H8N2,0.000101385,4.1698e-05,0.000152528,6.58451e-06,4.38818e-06,4.94981e-06,0.000559437,0.000717622,3.94375e-05,0.000448687,0.000413446,0.00039844
A0A3Q7ES58_100_H9N2,1.33421e-06,0,6.74404e-07,0.000107704,0.000158751,8.43624e-05,3.54792e-06,1.1911e-05,6.40032e-06,9.10607e-07,4.28933e-06,1.25068e-05
A0A3Q7F8E3_212_H8N2,0.000193698,9.20801e-05,4.30402e-05,2.26133e-05,1.44516e-05,1.26696e-06,0.000107343,0.000163282,0.000125622,2.54365e-05,5.13811e-05,4.80692e-05
A0A3Q7GFN0_588_H9N2,0,1.07821e-06,1.43853e-06,0.00205644,0.00200213,0.00235492,2.17868e-06,1.71205e-06,3.92032e-06,6.20024e-06,5.58279e-06,9.51926e-06
A0A3Q7HNJ2_237_H9N2,0,0,0,4.98786e-05,4.79364e-05,4.19113e-05,0,0,0,0,5.38464e-07,6.93864e-07
A0A3Q7GFN0_588_H13N6Pen2,0,0,0,0,1.55694e-05,2.89807e-05,1.9027e-06,0,0,0,0,7.57141e-06
O82777_745_H4N6,0,0,0,0,7.92418e-06,0,1.47529e-06,0,0,0,9.31016e-07,0
Q9ZRX6_47_H9N2,6.93452e-06,6.23124e-06,2.83772e-06,0.000725334,0.000828511,0.000530395,1.84572e-05,3.00612e-05,3.61183e-05,0.00674665,0.00654656,0.00758731
O82777_745_H9N2,0,1.23723e-06,1.65266e-05,0.000149401,0.000157716,4.5754e-05,2.35385e-06,0,0,2.8947e-06,9.04847e-07,4.11125e-06
A0A3Q7F3X3_286_H9N2,0,0,0,4.70191e-05,4.10584e-05,3.46419e-05,0,0,1.14864e-06,0,1.76076e-06,0
A0A3Q7F2K6_661_H9N2,0,0,7.56356e-07,0.000128385,0.000156708,9.0708e-05,0,3.60511e-06,0,0,1.16941e-06,0
A0A3Q7GFN0_588_H8N2,2.10193e-06,7.26452e-07,1.48405e-06,3.96085e-05,4.77404e-05,8.03213e-05,2.8404e-06,2.82674e-06,1.29231e-06,0.00135936,0.00128769,0.00141099
A0A3Q7FCH4_73_H9N2,3.09583e-06,2.98021e-06,1.24696e-05,0.00105233,0.00107107,0.000713664,0,9.80476e-07,6.82178e-06,3.96866e-05,5.67438e-05,0.00020104
A0A3Q7GBI5_111_H9N2,0,0,0,0,2.03764e-06,3.21995e-06,0,0,0,0,0,0
A0A3Q7ENN1_159_H4N6,6.08612e-07,6.5063e-07,1.7474e-06,0.000388781,0.000567665,0.000800904,1.26434e-06,2.31685e-06,0,0,2.41655e-06,7.54291e-06
A0A3Q7H8L2_369_H9N2,0,0,0,2.95621e-06,2.53375e-06,0,0,0,0,0,0,0
A0A3Q7IZQ5_107_H9N2,2.51294e-06,0,8.93738e-07,4.76041e-05,4.65541e-05,3.72857e-05,0,1.00719e-06,3.40158e-06,0,1.94187e-06,0
A0A3Q7F9I5_73_H9N2,5.70724e-06,3.49379e-06,1.14332e-05,0.00219608,0.00280366,0.00319208,2.3034e-06,3.89054e-06,9.46127e-06,7.20707e-06,9.55747e-06,1.48074e-05
A0A3Q7F9I5_73_H6N2,1.03743e-05,4.39087e-07,9.20939e-07,9.36246e-06,1.07718e-05,5.76882e-06,0,3.28411e-07,8.35803e-07,1.51155e-05,5.55293e-05,9.97537e-05
A0A3Q7HDL2_954_H9N2,0,0,0,1.30159e-05,1.13363e-05,0,0,0,0,1.52662e-06,1.05387e-06,0
A0A3Q7E7F3_114_H9N2,1.78074e-06,1.97704e-06,1.91073e-06,0.000230537,0.000239589,0.000200191,5.23825e-06,2.1267e-05,2.60623e-05,1.97897e-05,1.82359e-05,0.000139305
A0A3Q7FF98_175_H9N2,0,0,0,8.5535e-07,1.55604e-06,0,1.43768e-05,5.33261e-06,4.68154e-05,0,1.7482e-05,0
A0A3Q7F9I5_73_H8N2,5.96275e-05,0,3.36113e-05,0.000180687,0.000146405,0.000202862,0.000256898,0.000754673,0.000525315,0.00114984,0.0014185,0.00182073
A0A3Q7F8E3_212_H5N2,0,0,0,1.82299e-05,1.73645e-05,9.95801e-06,0,0,0,7.593e-07,3.13291e-06,3.94363e-06
A0A3Q7IZQ5_208_H9N2,9.02543e-06,1.06727e-05,3.75254e-06,0.00296917,0.00352771,0.00406983,5.75401e-05,4.07433e-05,0.000102819,4.79606e-05,2.06723e-05,2.85113e-05
A0A3Q7HE99_260_H9N2,4.30038e-06,5.914e-07,0,0.000126836,9.90498e-05,0.000139613,0,0,4.29613e-06,0,8.55301e-07,4.04006e-06
A0A3Q7G9N3_615_H9N2,0,0,0,0,2.6373e-06,0,0,0,0,0,0,0
A0A3Q7ES58_158_H9N2,0,0,2.13012e-06,0.000319475,0.000415728,9.42762e-06,1.93259e-05,0,5.57963e-05,5.54221e-06,2.3095e-06,4.44999e-06
A0A3Q7FF75_135_H9N2,0.00419239,0.0029709,0.00266153,0.00171503,0.00188194,0.00133333,0.000688627,1.12011e-05,1.86311e-05,5.67374e-06,0,2.56086e-05
A0A3Q7F9I5_73_H7N2,2.48596e-06,2.39161e-06,6.68577e-06,5.63077e-06,2.15839e-05,0,0,3.2652e-06,2.52009e-07,0.00032902,0.000468876,0.000646688
A0A3Q7F3X3_1199_H9N2,3.08905e-06,0,0,0.000192926,0.000230697,2.65583e-05,0,1.5821e-06,0,1.60517e-05,0,2.76643e-06
A0A3Q7HVC4_674_H9N2,1.88179e-05,6.29961e-05,4.20706e-06,0.000213555,0.000235939,0.000186348,4.38067e-06,9.76988e-06,1.01786e-05,0,1.58258e-05,1.58559e-05
A0A3Q7GX88_181_H5N2,0,0,0,0,7.16043e-07,0,0,0,0,0,0,0
A0A3Q7FF75_135_H8N2,2.58306e-06,1.90263e-06,2.57324e-06,5.53569e-06,2.16622e-05,1.25424e-05,3.2608e-05,8.66511e-05,5.10826e-05,0.00252367,0.00185885,0.00215191
A0A3Q7GIG7_362_H9N2,7.14519e-06,8.19443e-06,7.24957e-06,0.00372129,0.00385079,0.00348075,4.4731e-05,3.17905e-05,2.85734e-05,0.00139405,0.000736981,0.000789644
A0A3Q7IGR5_441_H9N2,1.53808e-05,1.45833e-05,1.57588e-06,0.00137704,0.00150273,0.000290307,0,0,2.2191e-05,2.12984e-06,0,3.41174e-05
A0A3Q7F218_537_H9N2,0,0,0,9.66169e-06,7.70914e-06,1.393e-05,0,0,0,0,1.2973e-06,8.62083e-07
A0A3Q7JHR2_982_H9N2,5.01177e-07,1.00165e-06,0,0.000168193,0.000134534,0,0,0,0,1.03048e-06,2.95116e-06,1.05359e-06
A0A3Q7G0C5_145_H10N2,1.58866e-05,3.87334e-07,4.78824e-05,0.000548765,0.000647601,0.000432343,2.77844e-05,8.55098e-06,4.83228e-06,1.17907e-05,9.65474e-06,4.97048e-06
A0A3Q7IGR5_441_H8N2,1.21656e-05,1.51108e-05,2.36042e-06,0.000398145,0.000409879,2.46169e-05,3.30516e-06,9.15975e-06,1.30031e-05,5.63747e-05,0.000320237,0.000442295
A0A3Q7G0C5_145_H6N2,0,0,0,1.05958e-06,1.83954e-06,4.76165e-07,0,0,0,0,0,0
G3KGB0_96_H8N2,2.12976e-07,2.43582e-06,3.93532e-06,1.88993e-07,1.70744e-06,0,5.4768e-05,4.50269e-05,5.58987e-05,6.36379e-05,0.000108616,0.000121642
A0A3Q7EIZ7_947_H9N2,2.87301e-06,0,2.51466e-06,0.000386644,0.000427251,0.000340266,0,1.67546e-06,9.3018e-06,1.43941e-06,6.33206e-06,1.34953e-05
A0A3Q7ENE1_166_H9N2,0,0,0,1.24935e-06,1.71581e-06,4.36945e-06,0,0,0,0,4.02889e-06,0
A0A3Q7FN83_130_H9N2,0,0,0,5.52665e-06,6.2053e-06,2.02999e-06,0,0,0,0,0,0
A0A3Q7F328_473_H9N2,0,0,0,5.80336e-05,8.78906e-05,4.25385e-05,4.76995e-06,0.000124878,0.000111544,8.7907e-05,2.63844e-05,3.65205e-05
A0A3Q7FNG4_134_H9N2,0,4.21497e-05,0,0.000103531,9.83508e-05,0.000106055,0,0,0,0,0,0
A0A3Q7EH56_44_H9N2,7.02477e-06,0,8.81697e-07,0.00217126,0.00269458,0.0011633,2.16738e-06,0,0,4.6892e-06,9.99496e-07,0
A0A3Q7H8Q1_127_H9N2,1.38945e-06,0,0,0.000321086,0.000286501,0.00020057,6.17755e-06,3.8545e-06,1.87875e-06,0,4.30036e-06,1.54156e-06
A0A3Q7JD65_553_H5N4F2Pen2,0,0,0,3.83507e-05,3.92174e-05,0,0,0,2.78147e-06,0,9.14432e-07,0
A0A3Q7F968_106_H9N2,1.10592e-06,3.85093e-07,2.23238e-06,0.0202306,0.0222552,0.0169494,1.0993e-05,5.95695e-06,1.10038e-05,1.48273e-05,1.00711e-05,5.70276e-05
A0A3Q7EH56_44_H8N2,1.78825e-06,2.9681e-07,4.23003e-07,0.000107388,0.000127272,0.000124552,9.32691e-07,9.34085e-06,2.87316e-06,0.000697822,0.000859386,0.000935326
A0A3Q7FLZ0_456_H9N2,2.24532e-06,0,0,0.000259406,0.000244676,0.000233713,0,0,1.63237e-06,5.36505e-06,5.45026e-07,0
A0A3Q7F8A8_1166_H9N2,2.80676e-06,0,3.68315e-06,0.000490455,0.000490551,0.000397076,1.54738e-05,1.82904e-05,9.00643e-06,5.63593e-06,4.66357e-06,1.37238e-06
A0A3Q7F968_106_H6N2,4.02475e-07,0,0,3.99566e-05,6.72564e-05,6.61005e-05,0,0,0,1.25416e-05,1.57006e-05,2.90286e-05
A0A3Q7I3M8_41_H9N2,0,5.53566e-07,0,0.000165157,0.000128291,0.000172538,8.65831e-06,9.28998e-07,4.08496e-06,0,7.73164e-07,0
K4BC63_333_H9N2,5.58659e-06,4.24417e-06,1.04763e-05,0.000290629,0.0003909,0.000375882,0.000744246,0.000838922,0.00102158,0.000784088,0.000531167,0.000561553
A0A3Q7F968_106_H8N2,8.95287e-06,5.88238e-05,8.26687e-06,0.00155343,0.00187256,0.00179371,2.32367e-05,2.42097e-05,4.82179e-06,0.0277713,0.0362817,0.0405365
A0A3Q7FKY5_426_H9N2,5.5477e-07,7.22201e-07,2.83598e-06,0.000208719,0.000346431,0.000138963,3.68348e-06,4.7469e-06,2.09376e-05,0,5.42126e-07,2.13731e-06
A0A3Q7HPL8_82_H9N2,0,0,0,0.000214089,0.000179386,0.000259433,8.89046e-06,6.1391e-06,1.09544e-06,0,9.59284e-07,1.25933e-05
A0A3Q7FLZ0_456_H8N2,0,0,5.17177e-07,9.84053e-05,8.57051e-05,0.000125844,1.94114e-06,1.31253e-06,6.49703e-07,0.000102662,0.000174352,0.00018786
A0A3Q7FA89_749_H9N2,3.89805e-06,0,0,3.27438e-06,1.07282e-05,1.21365e-05,0,0,0,0,0,0
A0A3Q7F739_51_H9N2,6.37628e-06,9.46042e-06,2.03523e-06,0.00319071,0.00391236,0.00305356,6.52878e-05,0.000208527,0.000142188,9.79405e-05,0.000144628,9.0885e-05
A0A3Q7G5J8_64_H9N2,3.66694e-07,0,0,0,3.81324e-06,0,0,0,0,0,0,0
A0A3Q7F739_51_H4N6,2.40334e-05,0,0,0.000219575,0.00031774,0.000195677,0,3.28434e-06,1.64795e-06,0,3.10979e-06,2.53926e-06
A0A3Q7JY62_134_H8N2,0.000183786,0.000336935,0.000411776,0.000538822,0.00055622,0.000764731,8.80994e-05,0.000124827,9.96533e-05,0.000868805,0.00120164,0.00135715
A0A3Q7FS70_140_H9N2,0,0,0,0,1.59128e-06,0,0,9.685e-07,0,0,0,1.09424e-06
A0A0C5AJS1_115_H9N2,0,0,0,0,2.98632e-06,0,2.01079e-06,0,0,0,0,0
A0A3Q7JJ52_174_H10N2,4.61222e-07,2.76692e-06,0,0,2.20399e-06,0,3.13587e-06,5.28725e-06,7.78676e-06,8.98196e-06,2.20282e-06,6.98689e-06
A0A3Q7JY62_138_H9N2,6.95094e-07,0,0,0.000217995,0.000220416,0.000247837,8.07971e-07,3.1255e-06,0,0,0,3.96062e-06
A0A3Q7JJ52_174_H9N2,1.23401e-06,0,4.9363e-07,1.38324e-05,1.25531e-05,3.0249e-06,5.6389e-07,0,1.0854e-06,0,4.78629e-06,6.33497e-06
A0A3Q7GVK8_320_H9N2,6.68448e-05,0.00010686,2.11827e-05,0.000201182,0.000184988,0.00018536,5.27567e-06,1.31582e-05,1.99961e-05,0.000193755,6.07215e-05,1.01733e-05
A0A3Q7GNU8_210_H9N2,0,0,0,7.32651e-06,4.27755e-06,9.45864e-06,1.25824e-06,8.46961e-06,1.07762e-05,5.51776e-06,2.66326e-06,1.68142e-06
A0A3Q7FKY5_103_H9N2,9.18995e-06,1.07893e-05,1.11999e-05,0.00102939,0.000974304,0.00114255,2.79994e-05,6.09978e-05,5.15242e-05,4.6834e-05,2.6216e-05,4.31099e-05
A0A3Q7JY62_134_H7N2,8.08831e-07,2.47904e-06,1.92961e-06,6.35951e-05,5.73402e-05,6.62555e-05,0,3.15502e-06,3.19796e-06,2.58422e-05,0.000157933,0.000202192
A0A3Q7F968_106_H5N3F1Pen1,5.42867e-07,0,0,3.12409e-06,2.34077e-06,0,0,1.11306e-05,0,0,5.40874e-07,1.89397e-06
A0A3Q7I8M4_254_H9N2,2.11491e-05,2.1873e-05,2.81986e-05,0.000595574,0.000570295,0.000548915,7.99847e-06,1.14625e-05,2.44011e-05,2.98105e-05,7.21096e-06,1.40591e-05
A0A3Q7JY62_134_H6N2,0,0,0,6.80312e-06,8.03662e-06,4.05982e-06,1.35303e-06,0,0,0,8.01662e-06,1.50918e-05
A0A3Q7G3G6_88_H9N2,6.93841e-06,0,3.05397e-06,0.00279631,0.00325292,0.00284566,7.73916e-05,5.98515e-05,1.8693e-05,3.38341e-05,3.93786e-05,4.24349e-05
A0A3Q7FWW1_203_H9N2,9.66897e-07,0,0,5.21943e-06,1.36314e-06,1.53105e-05,2.96045e-05,4.98558e-05,4.24961e-05,4.85782e-05,2.97104e-05,2.8896e-05
Q9LEC1_18_H2N2Pen1,0,0,0,7.80062e-05,8.15564e-05,7.16734e-05,0,3.088e-06,0,0,7.14356e-06,6.64527e-07
A0A3Q7G3G6_88_H8N2,2.74195e-06,0,1.99537e-06,0.000244674,0.000302619,0.000147743,3.15092e-06,3.0107e-06,9.02639e-06,2.72894e-05,8.93908e-05,1.88435e-05
A0A3Q7J5Y0_158_H9N2,0,0,0,1.92654e-06,7.74062e-06,1.93613e-06,0,0,0,0,0,0
A0A3Q7J5Y0_158_H4N6,0,0,0,1.43411e-05,1.25235e-05,0,1.4979e-06,0,0,9.95201e-07,0,2.6083e-06
A0A3Q7JY62_134_H5N2,5.34732e-07,0,3.82946e-07,6.7722e-06,6.90436e-06,0,0,0,0,5.18767e-06,3.51328e-07,4.89888e-07
A0A3Q7EIZ7_1215_H9N2,7.74563e-07,0,1.36723e-06,0.000887634,0.00106899,0.000784045,1.80018e-06,1.29104e-06,1.82866e-05,6.69891e-06,1.06497e-05,1.32237e-05
A0A3Q7FMI8_493_H9N2,0,0,0,2.60046e-05,3.21322e-05,2.39398e-05,2.41984e-05,0,1.5727e-05,7.46539e-06,1.05308e-05,9.98979e-06
A0A3Q7FAX1_1115_H9N2,0,0,0,0.00170739,0.00167575,0.00151542,7.90447e-06,0,9.61738e-06,1.84116e-05,1.20503e-05,1.9271e-06
A0A3Q7FMI8_498_H9N2,0,0,0,1.87293e-05,2.58839e-05,7.71545e-06,0,2.33962e-05,9.4779e-07,1.34724e-05,7.37304e-06,4.85136e-06
A0A3Q7HR28_195_H4N6,0,0,0,0.000167221,0.000229547,0.000121177,0,0,0,1.52969e-06,0,0
A0A3Q7GFG8_385_H9N2,0,0,0,0,2.71684e-06,0,3.56782e-06,1.25596e-06,0,0,0,0
A0A3Q7J1J3_67_H9N2,0,0,0,0,1.0561e-05,0,0,9.6189e-07,0,0,0,9.67783e-07
A0A3Q7FAX1_1115_H8N2,0,0,0,0.00028955,0.000302365,0.000117876,0,0,0,0.000179329,0.000194976,0.00025342
A0A3Q7E8L0_101_H9N2,0,0,0,2.52685e-05,2.84721e-05,0,1.24467e-06,2.10519e-06,0,1.33887e-06,0,0
Q40161_142_H10N2,0,0,0,2.57529e-06,8.27805e-06,3.01848e-06,0,0,0,1.17739e-06,0,1.12728e-06
A0A3Q7GDS0_191_H9N2,0,0,0,3.95101e-05,3.40465e-05,8.57857e-06,0,0,4.38812e-06,0,0,8.57167e-07
A0A3Q7EP74_252_H9N2,0,7.89405e-06,3.23754e-06,8.19932e-05,0.000100282,9.74457e-06,0,0,0,1.47521e-06,0,9.14437e-07
A0A3Q7J1J3_67_H8N2,0,0,6.42244e-07,4.72599e-06,6.9833e-06,0,0,0,0,0,0,1.29548e-06
A0A3Q7FAX1_1115_H7N2,0,0,0,6.08387e-06,1.24845e-05,2.43776e-06,0,2.34886e-06,0,3.33989e-05,9.68412e-06,4.54612e-05
A0A3Q7JCT2_135_H9N2,1.68006e-05,1.5869e-05,2.08836e-05,0.000787387,0.000815422,0.000639505,4.63796e-06,8.02667e-06,6.3186e-06,3.77264e-06,0,3.28577e-06
A0A3Q7EIV5_384_H9N2,0,0,0,3.62426e-05,2.10131e-05,3.30128e-05,0,0,0,0,0,0
Q9M510_229_H8N2,5.1182e-06,2.1444e-06,3.00678e-06,0.000114571,0.000158099,0.000126477,0.000130669,0.00019103,2.5566e-05,0.00386877,0.00262882,0.0032812
A0A3Q7HFP1_95_H8N2,3.27603e-05,1.93795e-05,3.08819e-05,0.000106619,0.000114338,6.9924e-05,5.68739e-05,0.000127069,6.21249e-05,0.0214258,0.020106,0.0252272
A0A3Q7IPT1_1135_H9N2,5.58393e-06,1.26536e-05,2.3167e-05,0.00228566,0.00241795,0.00220941,4.78925e-05,2.69407e-05,6.72095e-05,9.98472e-05,3.15167e-05,6.47402e-05
A0A3Q7FLZ2_110_H9N2,6.43736e-07,1.16704e-06,0,5.1909e-05,5.52778e-05,7.68968e-05,4.37804e-06,3.28213e-06,2.88455e-06,6.35512e-06,2.40559e-06,3.63281e-06
A0A3Q7JCT2_135_H8N2,8.09604e-06,2.16095e-05,1.87963e-05,0.000108636,7.57603e-05,4.44032e-05,1.18531e-05,1.33246e-05,1.87093e-05,0.000595073,0.000615839,0.00136144
A0A3Q7HV57_126_H9N2,0,0,0,0,7.71925e-07,0,9.89465e-07,0,0,0,0,0
A0A3Q7HV57_126_H3N4F3Pen1,0,0,0,0,4.3812e-06,0,0,0,0,0,0,0
Q9M510_229_H7N2,3.91339e-06,0,3.42101e-06,1.50114e-05,2.97226e-05,2.92656e-05,5.22244e-07,3.50518e-06,4.02959e-06,0.00142798,0.00131994,0.00144632
A0A3Q7IPT1_1135_H8N2,1.75659e-06,2.81427e-06,3.38431e-06,7.7611e-05,8.95193e-05,1.51151e-05,5.06043e-06,1.1125e-05,1.46965e-05,0.000368845,0.000477617,0.000674526
A0A3Q7GFN0_526_H9N2,1.08162e-06,4.01155e-06,2.69906e-06,0.000626035,0.00060265,0.000156828,2.42951e-05,9.02739e-06,1.5767e-05,5.30546e-06,4.49898e-06,2.42767e-06
A0A3Q7GFN0_526_H4N6,1.0953e-06,0,0,8.10534e-05,8.22914e-05,5.52219e-05,9.96038e-07,3.82961e-06,0,3.08171e-06,2.62595e-06,1.23221e-06
A0A3Q7H4E2_93_H9N2,1.60814e-06,2.90926e-06,9.64781e-07,0.000551672,0.000583964,0.000322045,2.55834e-06,4.42477e-06,0,4.14301e-06,2.70499e-06,0
A0A3Q7F3V4_11_H9N2,7.84491e-07,0,0,8.91748e-07,1.59761e-06,3.09539e-06,1.91346e-07,0,0,0,0,0
A0A3Q7H4E2_93_H8N2,0,0,0,1.30866e-05,1.46608e-05,0,1.89514e-06,0,0,0,6.07964e-07,0
A0A3Q7FR24_203_H9N2,2.64849e-05,1.09444e-05,0,7.8945e-05,9.50021e-05,7.2421e-05,4.13003e-05,5.06517e-06,4.00105e-06,6.63902e-05,4.92785e-05,0
Q9M510_229_H6N2,5.07672e-07,0,0,2.82344e-05,3.74712e-05,2.2764e-05,1.03562e-07,0,0,0.000132133,9.84928e-05,7.59237e-05
A0A3Q7GKL8_665_H9N2,0.000211722,4.48431e-06,0,3.72861e-05,4.54193e-05,0,6.46309e-07,0,0,3.71529e-05,1.00999e-06,0
Q9M510_229_H5N2,1.99843e-06,0,0,2.07642e-05,2.55413e-05,5.70228e-06,1.54842e-06,0,0,0.000123461,0.000146298,0.0001447
A0A3Q7HCV5_200_H4N6,0,0,0,4.12418e-05,5.54569e-05,0,7.55838e-07,0,0,0,0,1.48301e-06
A0A3Q7HCV5_200_H9N2,0,0,0,0.000107329,9.9747e-05,1.05654e-05,1.02196e-06,0,0,0,0,0
A0A3Q7HSK0_411_H9N2,0,0,0,7.26035e-06,2.7924e-06,0,0,0,0,0,0,0
A0A3Q7F4F5_63_H9N2,0,0,0,4.76198e-05,4.11735e-05,1.51823e-05,4.69511e-07,0,0,0,2.32058e-06,0
A0A3Q7IQS3_207_H9N2,0,0,0,1.71241e-05,8.82239e-06,1.40995e-05,8.55798e-06,5.69297e-06,0,2.90033e-06,2.88612e-06,0
A0A3Q7FVH3_281_H9N2,6.61711e-07,4.75078e-05,2.79086e-06,0.00723255,0.007988,0.00795408,1.11926e-05,2.15546e-05,1.39796e-05,7.23316e-06,1.21677e-05,1.12321e-05
A0A3Q7FVH3_281_H8N2,3.46092e-06,7.30852e-06,1.95928e-06,0.000672149,0.000789084,0.00073943,1.04859e-05,2.65741e-05,2.58881e-05,0.00846328,0.00961906,0.0118238
A0A3Q7HFD1_85_H9N2,0,0,0,9.76884e-05,8.31407e-05,1.00814e-05,1.88224e-06,2.27134e-06,0,2.04729e-06,0,1.45799e-06
A0A3Q7EPU2_546_H9N2,0,0.000289112,0,0,8.87539e-06,0,8.90846e-08,0,0,0,0,0
A0A3Q7F7N1_122_H9N2,5.42828e-07,2.14745e-06,2.72274e-06,0.000111453,8.57482e-05,7.47199e-05,8.3821e-06,3.06124e-06,1.76634e-06,7.36131e-06,1.95405e-05,1.00355e-05
A0A3Q7JMX3_277_H13N5Pen1,0,0,0,0,2.00509e-06,0,0,0,0,0,0,0
A0A3Q7J606_52_H9N2,8.06625e-06,8.61577e-06,4.19507e-06,0.00320687,0.00337345,0.00359696,1.83381e-05,2.28157e-05,1.62153e-05,2.54957e-05,1.48242e-05,1.57909e-05
A0A3Q7GQT9_126_H9N2,6.58471e-07,0,0,6.19286e-06,3.17656e-05,3.05113e-05,6.55144e-08,0,0,1.09399e-06,0,0
A0A3Q7FVH3_281_H7N2,9.42629e-06,0,1.32439e-06,0.000198977,0.000199825,0.000251036,6.44888e-06,1.17742e-05,8.87101e-06,0.00390851,0.00471855,0.00578727
A0A3Q7FT62_66_H10N2,0,0,0,5.55289e-06,6.50469e-06,9.31137e-07,2.03909e-06,0,0,0,5.51146e-06,8.21952e-06
A0A3Q7F9I5_112_H9N2,0,2.10336e-06,1.1895e-06,0.000196453,0.00024267,0.000117849,2.62765e-06,0,6.30275e-06,1.0088e-06,0,1.35175e-06
A0A3Q7FLZ2_130_H9N2,5.08223e-07,1.1345e-06,0,8.09267e-05,6.69706e-05,1.31832e-05,1.93235e-06,0,0,4.08453e-06,1.94809e-06,2.10479e-06
A0A3Q7FT62_66_H9N2,0,0,0,4.5132e-06,3.16096e-05,0,0,0,0,0,0,0
A0A3Q7HVC4_643_H9N2,1.30194e-05,1.35402e-05,1.72892e-05,0.00281791,0.00293452,0.00308437,8.37259e-05,7.80244e-05,8.21284e-05,7.32248e-05,4.07714e-05,8.15948e-05
A0A3Q7EJ69_761_H9N2,0.00026889,0.000122429,6.85038e-05,0.000428334,0.00046339,0.000313985,2.60523e-06,0,1.78761e-06,0,0,6.97691e-06
A0A3Q7FLZ2_130_H8N2,0,0,0,0,1.99232e-06,0,7.11805e-08,0,0,0,0,0
A0A3Q7IRY4_54_H9N2,0,0,0,1.58333e-05,1.09118e-05,0,0,0,0,0,0,0
A0A3Q7J606_109_H9N2,0,0,0,1.06881e-05,6.60092e-06,1.92943e-06,0,0,0,0,0,0
A0A3Q7HT22_438_H9N2,4.12283e-06,1.44923e-06,3.76649e-06,0.000260349,0.00021405,0.000154546,3.36725e-06,1.78269e-06,4.86786e-06,5.35339e-06,3.35738e-06,1.73276e-06
A0A3Q7F9I5_112_H5N2,2.33553e-06,0,0,0.000186543,0.000118457,0.000103973,3.17701e-05,1.77105e-06,1.5832e-06,0.00131998,0.00127578,0.00171702
A0A3Q7GQT9_126_H5N2,8.8156e-07,0,0,1.48335e-05,9.68479e-06,1.44083e-05,2.09873e-07,0,0,0,1.2127e-06,1.02463e-06
A0A3Q7H3B4_271_H9N2,2.11681e-05,6.97514e-06,3.1549e-06,0.00754451,0.00758631,0.0061834,0.000202551,0.0002622,0.000316182,6.03058e-05,5.46678e-05,6.03922e-05
A0A3Q7IZQ5_208_H3N4F2Pen1,0,2.60436e-05,0,1.3839e-05,2.89111e-05,0,2.8079e-06,0,0,0,0,9.69274e-07
Q9ZTJ9_862_H4N6,0,0,0,0,1.75345e-05,0,0,0,0,0,0,0
A0A3Q7F136_90_H9N2,0,0,0,1.93411e-05,1.58409e-05,1.836e-06,2.98807e-06,1.06825e-05,0,1.84346e-06,2.46974e-05,9.1771e-06
A0A3Q7F9I6_412_H9N2,4.27551e-05,1.3332e-06,5.31342e-05,7.09122e-05,7.48526e-05,1.77118e-05,1.8986e-07,2.57292e-06,0,7.68901e-06,6.65345e-06,1.04188e-05
A0A3Q7HVV9_265_H9N2,0,0,0,1.88218e-05,1.32122e-05,0,0,0,0,0,7.95455e-07,0
A0A3Q7FNG4_58_H9N2,1.79503e-05,2.05051e-05,2.05436e-05,0.00014447,0.000131147,0.000142241,2.41513e-06,4.29811e-06,1.51856e-05,6.30379e-06,4.71178e-06,4.8648e-06
A0A3Q7ILR7_102_H9N2,3.52135e-05,0.000135237,0.000109648,0.00282906,0.00241863,0.00236781,2.24131e-05,1.30722e-06,8.14151e-06,9.8523e-06,1.64238e-05,3.57613e-05
A0A3Q7HP53_182_H9N2,0,0,0,0.000101386,0.000105838,1.44763e-05,1.20256e-06,0,0,1.82573e-06,0,1.84443e-06
A0A3Q7HYH0_83_H9N2,0,0,0,1.48384e-05,1.67332e-05,0,0.000689953,0.000517974,0.000473435,0,1.23778e-06,3.3995e-05
A0A3Q7G4E2_296_H6N2,0,4.4321e-07,0,1.66081e-05,2.92804e-05,4.83986e-06,0,0,0,1.82034e-06,0,1.00476e-06
A0A3Q7FNG4_58_H8N2,0,0,0,2.5671e-06,3.90571e-06,0,0,1.04342e-06,1.087e-06,8.30939e-05,8.79015e-05,6.84849e-05
A0A3Q7ILR7_102_H8N2,7.35744e-06,3.4883e-06,0,5.51883e-06,7.71625e-06,0,1.40728e-05,1.08199e-06,7.51907e-06,0.00216138,0.00195765,0.00144413
A0A3Q7FYQ6_361_H9N2,0,0,0,0,1.95157e-06,6.56225e-06,0,0,0,0,0,0
A0A3Q7EQN7_358_H9N2,1.35466e-05,2.99014e-05,7.07001e-06,1.82634e-05,1.45669e-05,1.4277e-05,0,1.08596e-06,1.13261e-06,4.06059e-06,0,0
A0A3Q7GY58_230_H4N6,0,0,0,7.15082e-05,0.000105925,1.87872e-05,0,1.17756e-05,0,1.14718e-05,2.38558e-06,1.23831e-06
F8WS84_553_H9N2,3.6345e-05,6.1871e-05,4.52889e-05,0.0159351,0.0134817,0.0161406,4.37531e-05,0.000112125,7.84961e-05,0.000234304,0.000458033,0.000302505
A0A3Q7ISI7_54_H9N2,0,0,0,2.28404e-05,1.71067e-05,1.30731e-05,1.05432e-06,2.76092e-06,0,2.57483e-05,2.5461e-05,3.20248e-05
A0A3Q7F6U5_1124_H9N2,0,0,0,0.000770362,0.000665801,0.000735574,1.77767e-06,3.08147e-05,0,7.39093e-06,2.30464e-06,7.49254e-07
D3TI69_50_H9N2,0,0,0,1.88829e-05,1.40277e-05,9.30401e-06,1.40495e-06,2.35435e-06,2.44519e-06,1.99716e-06,1.02679e-06,0
A0A3Q7F6U5_1124_H8N2,0,0,0,3.90579e-05,3.92382e-05,1.95362e-05,1.16253e-07,1.80415e-06,2.31931e-06,0.000434988,0.000259806,0.000242563
A0A3Q7F740_548_H9N2,2.47221e-05,2.6532e-06,3.75335e-05,0.000971196,0.000761652,0.000967599,7.17218e-06,5.41373e-06,9.06423e-06,7.0461e-06,1.62107e-06,3.86731e-06
Q9ZS44_208_H9N2,0,7.04979e-07,0,1.85255e-06,1.05795e-06,2.14029e-06,0,0,0,0,0,0
A0A3Q7ESS4_615_H9N2,0,0,0,3.61825e-05,3.04898e-05,2.61251e-05,1.20877e-06,2.86398e-06,0,0,0,0
A0A3Q7F740_548_H8N2,8.75733e-07,6.85646e-07,5.00311e-07,1.63023e-05,1.97236e-05,1.6354e-05,0,4.65366e-06,0,0.00023255,0.00020394,0.000289773
A0A3Q7G8D9_481_H9N2,0,4.87165e-07,1.051e-06,2.15382e-05,2.54299e-05,7.09169e-06,9.70464e-06,1.0016e-06,0,2.49998e-06,3.23501e-06,1.35386e-06
A0A3Q7I393_500_H9N2,0,5.73426e-07,0,1.02332e-05,9.11722e-06,1.26592e-05,0,0,0,0,0,7.71371e-07
A0A3Q7IRM3_87_H9N2,0,0,0,2.3643e-05,3.07891e-05,1.72103e-05,1.40936e-05,1.34576e-06,0,0,1.25625e-06,0
A0A3Q7JJ52_294_H9N2,0,5.11978e-07,3.79539e-07,2.11722e-05,2.66311e-05,1.08913e-05,4.44283e-06,4.61669e-06,4.68011e-07,1.68271e-05,2.71315e-06,1.28758e-05
A0A3Q7HZY2_185_H9N2,0,0,0,5.75811e-06,9.29175e-06,3.70531e-06,0,0,0,0,0,0
A0A3Q7F5Y3_142_H9N2,8.08553e-06,1.0055e-05,2.1168e-06,3.89175e-05,4.19575e-05,2.15392e-05,2.97542e-06,0,3.20561e-06,6.21658e-07,2.46845e-06,6.44127e-07
A0A3Q7HDL2_594_H9N2,5.61276e-06,0,0,0.000624965,0.00063869,0.000236034,8.20435e-06,7.73283e-06,0,0,8.37411e-06,0
A0A3Q7GNU8_160_H9N2,5.93018e-05,5.88326e-05,2.82623e-05,0.000231248,0.000231652,0.000199665,1.2909e-05,5.11282e-05,1.4643e-05,1.8151e-05,3.31166e-05,2.923e-05
A0A3Q7J5M8_125_H9N2,4.06534e-06,4.71414e-07,7.97552e-07,0.000753586,0.000701925,0.000778606,4.00658e-05,1.40866e-05,6.01529e-06,9.34053e-06,1.35497e-05,5.42988e-06
A0A3Q7F268_96_H9N2,0,0,0,3.49985e-05,4.3468e-05,1.70821e-05,1.40067e-06,0,0,4.47683e-06,1.0045e-06,1.13539e-06
A0A3Q7J5M8_125_H4N4F2Pen1,0,0,0,5.93146e-07,8.51453e-06,0,0,0,0,0,0,6.10454e-07
A0A3Q7HDL2_594_H8N2,0,2.50604e-06,0,9.84245e-06,3.16623e-06,1.97548e-06,0,4.47381e-06,6.11283e-06,0.00151186,0.000881979,0.000987399
A0A3Q7EJ69_713_H9N2,2.15504e-05,1.46957e-05,3.80488e-06,5.42605e-05,4.919e-05,2.82259e-05,1.17424e-05,4.88068e-06,4.96317e-06,6.96588e-06,3.52807e-06,9.74672e-06
A0A3Q7FA32_466_H9N2,0,0,0,0,5.30692e-06,0,0,0,7.04536e-07,0,0,0
A0A3Q7G077_200_H9N2,6.58256e-06,1.30674e-05,2.90728e-05,0.00036155,0.000312271,0.000396264,9.76132e-07,1.21108e-05,6.81552e-06,5.4784e-05,0.000105127,0.000145975
A0A3Q7HDP2_102_H9N2,0,0,0,6.4347e-06,6.77978e-06,0,0,0,0,9.93477e-07,6.9748e-06,8.99195e-06
Q9ZS82_352_H10N2,0,0,4.38373e-07,8.04855e-06,1.24402e-05,1.39878e-05,0,0,0,8.63037e-07,0,0
K4B7G2_276_H9N2,0,1.49921e-06,0,7.39796e-05,5.81037e-05,8.04185e-05,8.0216e-07,4.91249e-06,1.53846e-06,4.85773e-06,5.01835e-06,5.16642e-06
A0A3Q7IRE3_463_H9N2,6.23978e-05,0.000108053,0.000104326,0.00160887,0.00144271,0.001292,1.93035e-06,2.25894e-05,3.13043e-06,2.50235e-05,1.54982e-05,6.35551e-05
A0A3Q7GIZ5_216_H9N2,0,2.09986e-06,5.8606e-07,7.95457e-05,7.61094e-05,8.11678e-05,1.08924e-06,1.05983e-06,4.72696e-06,4.29107e-06,6.9029e-06,4.26958e-06
A0A3Q7ISH1_236_H9N2,0,0,0,2.2391e-05,5.27935e-05,5.86384e-05,0,0,9.66837e-06,3.02967e-06,0,0
P05117_240_H9N2,1.59142e-05,1.54145e-05,7.27467e-05,0.00138442,0.00162657,0.000696238,1.3033e-05,1.14617e-05,9.98626e-06,9.04426e-06,1.28758e-05,1.41076e-05
P05117_240_H4N4F2Pen1,1.10525e-06,1.93749e-05,0,0,4.75712e-05,0,8.63003e-05,4.56215e-06,1.01193e-05,7.66493e-05,3.28403e-05,0.000217272
A0A3Q7F769_139_H9N2,0,0,0,3.679e-05,3.68605e-05,3.48977e-05,0,9.07346e-07,1.2348e-06,3.07882e-06,0.000148164,0.000484599
A0A3Q7I1E3_727_H9N2,0,0,2.53123e-06,4.47893e-05,4.98023e-05,2.95221e-05,9.15816e-06,7.33473e-06,0,9.12879e-06,3.84719e-06,3.2091e-06
A0A3Q7I1E3_727_H4N6,0,0,0,4.48939e-05,3.68054e-05,3.29632e-05,5.56147e-06,2.6588e-05,5.73526e-06,0,1.479e-06,1.1646e-06
O04678_716_H4N6,0,0,0,7.61366e-05,8.38436e-05,9.30606e-05,0,0,4.59998e-06,0,0,9.44128e-07
A0A3Q7F8J8_160_H9N2,0,0,0,1.02484e-06,4.24271e-06,0,0,0,0,0,0,0
O04678_716_H9N2,1.59892e-05,4.96468e-05,1.87512e-05,0.000621267,0.000637388,0.000730438,7.97339e-05,0.000439895,0.000426104,4.49558e-05,1.58925e-05,1.57572e-05
A0A3Q7F8A8_865_H9N2,0,8.14373e-06,4.78211e-06,0.000146455,0.000167743,0.000172833,1.80076e-06,1.10876e-06,4.73274e-06,0.000181191,0.000200022,8.11384e-05
A0A3Q7F268_303_H9N2,3.56485e-05,4.63544e-05,3.69068e-05,7.15892e-05,6.13432e-05,7.80748e-05,7.25369e-06,3.39427e-06,5.46183e-06,1.07369e-05,8.39207e-06,9.06767e-06
A0A097PPU7_134_H10N2,0,0,0,9.81387e-06,2.51301e-05,2.64802e-05,9.80774e-07,0,0,0,6.09669e-07,0
A0A3Q7J606_52_H8N2,2.05859e-05,1.30104e-05,1.04282e-05,0.00059603,0.000572224,0.000603864,1.96789e-05,3.52124e-05,2.51337e-05,0.00193406,0.00278533,0.00316196
O04678_716_H8N2,0,8.20615e-07,0,2.59174e-05,5.09561e-05,2.98139e-05,3.55326e-07,1.93392e-06,0,6.70298e-06,3.53012e-06,3.97628e-06
A0A097PPU7_134_H5N6,0,0,0,1.29636e-05,2.18757e-05,2.11605e-05,0,1.12301e-06,0,0,6.45225e-07,0
A0A3Q7GG43_224_H9N2,0,0,0,5.34328e-06,7.64847e-06,0,0,0,0,5.2208e-07,0,0
A0A097PPU7_134_H9N2,8.50958e-07,1.05786e-05,1.00251e-05,0.000109168,9.98805e-05,8.01391e-05,8.53898e-06,1.01187e-05,2.38956e-05,1.34539e-05,4.86581e-06,6.8121e-06
A0A494G9R4_172_H9N2,0,0,0,1.79658e-05,2.38865e-05,2.03816e-05,0,6.45991e-06,6.21892e-07,2.35451e-06,3.1223e-06,0
A0A3Q7HQY4_64_H9N2,0,0,0,2.32705e-05,3.0952e-05,3.12542e-05,0,0,1.57775e-06,4.02752e-06,8.10641e-07,2.59477e-06
A0A3Q7F7I4_272_H4N6,0,0,0,3.64131e-05,5.30783e-05,4.08909e-05,0,0,2.10324e-06,0,0,0
A0A3Q7F7I4_272_H9N2,0,0,1.02407e-05,0.000143783,0.000142425,0.000118921,4.84869e-06,2.79177e-05,2.05355e-05,1.09009e-05,1.4646e-05,2.43898e-05
A0A3Q7J606_52_H7N2,0,1.34449e-06,1.60291e-06,3.32392e-05,4.67572e-05,3.3369e-05,3.90568e-05,2.07429e-05,2.96768e-06,0.000173447,0.000213643,0.000246554
A0A3Q7I6R5_137_H9N2,0,0,0,0,3.96444e-06,3.46852e-06,0,0,8.50027e-06,0,0,1.32855e-06
A0A3Q7GQ70_273_H9N2,0,0,0,6.27088e-05,7.5205e-05,6.749e-05,2.55034e-06,8.03061e-06,1.95395e-06,1.8594e-06,1.64804e-06,3.55717e-06
A0A3Q7FVM6_209_H9N2,0,0,5.21695e-06,8.07617e-05,9.32591e-05,9.09194e-05,4.52817e-07,7.0408e-07,7.91407e-07,6.40532e-07,1.60086e-05,1.47239e-06
A0A3Q7FNG4_111_H9N2,0,0,0,1.99608e-05,2.45022e-05,2.35621e-05,0,0,1.04598e-06,0,3.65395e-07,3.7992e-06
A0A3Q7JEJ6_416_H10N2,0,0,1.41907e-06,2.29874e-06,1.3495e-05,8.25878e-06,1.93761e-06,2.51857e-06,2.74148e-06,6.07358e-06,3.94759e-06,2.76026e-06
A0A3Q7G505_109_H5N2,4.36928e-06,1.61473e-05,5.83161e-06,4.16997e-06,7.81888e-06,0,2.57006e-05,2.21214e-05,4.98465e-06,4.46402e-05,1.97692e-05,1.25983e-05
A0A3Q7GIC3_279_H9N2,0,0,2.13491e-06,0,7.53867e-06,0,3.48257e-06,3.69416e-06,1.43656e-06,3.76878e-06,5.03578e-07,0
D3TI69_350_H9N2,6.0187e-06,5.49958e-06,1.05373e-05,0.000198674,0.000255656,0.000186799,0.000255255,0.000299622,0.000139931,3.75552e-05,2.88104e-05,3.57755e-05
A0A3Q7JEJ6_416_H9N2,0,0,3.61228e-07,0.000112121,0.000109967,0.00012163,3.72698e-06,1.8761e-05,7.23152e-06,3.66904e-06,3.00697e-06,1.78944e-06
A0A3Q7GFG8_472_H9N2,0,0,0,9.05721e-06,1.65004e-05,3.68066e-05,1.31544e-06,1.1605e-05,8.47563e-06,4.13994e-06,4.13952e-06,9.70474e-07
F8WS84_510_H9N2,0,1.35748e-06,0,0.000937059,0.0010069,0.000788303,6.09401e-05,0.000104951,3.24555e-05,2.23126e-05,1.34534e-05,1.07727e-05
F8WS84_510_H8N2,4.13892e-06,2.36025e-06,0,5.52311e-05,4.93119e-05,9.61801e-06,1.90757e-05,3.27686e-05,5.69603e-05,0.00367508,0.00249931,0.00305236
D3TI69_350_H8N2,0,0,0,1.9267e-05,2.29644e-05,3.25351e-05,9.39259e-07,1.28673e-06,0,5.61636e-06,9.84736e-06,1.00032e-05
A0A3Q7HDL2_559_H9N2,6.65565e-06,0,2.44728e-06,0.000526361,0.000548994,0.00059546,1.14472e-05,3.9899e-06,5.95023e-06,5.34569e-06,8.11953e-06,4.47025e-06
A0A3Q7GQ70_223_H10N2,0,7.87822e-06,1.34485e-06,6.18861e-05,9.6716e-05,8.31587e-05,1.97296e-06,5.44553e-06,6.53122e-06,6.93787e-06,4.23547e-06,4.70786e-06
A0A3Q7GQ70_223_H9N2,0,0,0,0.000104397,0.00010468,0.000165757,3.36271e-06,1.60478e-05,1.70005e-05,1.75248e-05,1.1496e-05,3.74124e-06
D3TI68_666_H9N2,2.71638e-05,2.06141e-05,0.000118101,0.000636748,0.000756194,0.000493782,1.89309e-05,1.74113e-05,2.35634e-05,2.82486e-05,2.4213e-05,8.64126e-06
A0A3Q7EQN9_397_H9N2,2.89248e-06,4.38586e-06,1.13047e-05,0.000354866,0.000273536,0.000361714,2.656e-05,4.82392e-05,2.2833e-05,2.00833e-05,1.49652e-05,1.06758e-05
P29000_608_H4N5F1Pen2,0,0,0,9.74774e-06,1.51867e-05,6.29216e-06,0,0,6.90143e-07,0,0,0
A0A3Q7JVY0_383_H9N2,0,3.78591e-06,0,3.08936e-05,4.78321e-05,2.76849e-05,5.71786e-07,1.50202e-05,1.41262e-05,6.58452e-07,2.51098e-06,0
A0A3Q7JMX3_174_H9N2,9.70962e-07,2.20462e-05,1.42368e-05,2.12083e-05,3.27767e-05,3.603e-05,3.07809e-07,2.03396e-06,3.10208e-06,2.14988e-05,1.25495e-06,0
P29000_608_H6N4,0,0,0,5.17565e-06,3.98629e-06,1.2336e-06,3.88383e-06,9.74437e-06,2.33732e-06,0,4.70448e-06,0
A0A3Q7F8U8_47_H9N2,0,0,8.02379e-07,2.59351e-05,1.34412e-05,1.19627e-05,1.72546e-06,5.8041e-06,6.72664e-06,9.99931e-05,7.07896e-05,7.15792e-05
A0A3Q7FV90_291_H9N2,0,0,0,8.79736e-06,9.92863e-06,0,0,1.05961e-06,2.92272e-07,3.42213e-07,2.52679e-07,0
A0A3Q7IJT9_497_H9N2,0,0,0,0,7.02421e-06,0,0,0,0,0,0,0
D3TI69_441_H9N2,0,2.19489e-06,0,8.37222e-05,0.000108544,7.04752e-05,0,5.80288e-06,1.76594e-06,8.1202e-05,1.12768e-06,0
A0A3Q7H3Z1_101_H4N3Pen1,0,0,0,5.46427e-05,6.96776e-05,2.43052e-05,0.000463289,0.00411099,0.00340876,0.000135897,0.000184963,5.11331e-05
A0A3Q7HG62_56_H9N2,0,0,0,3.24125e-05,3.59315e-05,3.20578e-05,4.38561e-06,2.81855e-06,1.50245e-06,0,9.0217e-07,0
D3TI69_441_H4N6,0,0,1.2665e-06,0.000166789,0.000164445,0.00016041,0,3.37552e-06,9.61051e-07,0,0,0
P29000_608_H4N6,0.000144486,9.1827e-05,8.7204e-05,0.000509393,0.00032253,0.000378757,1.10758e-05,1.25483e-05,9.99872e-06,9.14644e-06,9.61135e-06,8.37409e-06
A0A3Q7ELA6_121_H9N2,0,0,0,0.000142609,0.000167399,0.000118875,0,7.04566e-06,1.15893e-05,5.41943e-06,2.83794e-06,0
A0A3Q7ELA6_121_H4N6,0,0,0,0.000227367,0.000243831,0.000204645,0,1.04813e-06,0,2.05893e-06,1.26111e-06,0
A0A3Q7ELA6_121_H8N2,4.12761e-05,1.31968e-05,7.39227e-05,0.000319319,0.000261859,0.000275583,2.42852e-05,3.33911e-05,4.982e-05,0.00112677,0.000725431,0.00112596
D3TI68_666_H3N2F1Pen1,0,0,0,6.18404e-06,4.0451e-06,4.39743e-06,1.25031e-06,3.30987e-06,0,1.59632e-06,2.5673e-06,0
A0A3Q7ELA6_121_H7N2,6.34544e-06,0,3.82701e-06,7.4496e-05,7.5438e-05,7.11659e-05,8.4451e-06,1.39355e-05,1.08079e-05,0.00173235,0.00147208,0.00169167
K4BC63_117_H9N2,7.65158e-06,0.000127114,5.39437e-05,1.50507e-05,4.35053e-05,3.43685e-05,0,0,0,0,0,0
A0A3Q7EU46_201_H9N2,1.75644e-06,0,0,5.17419e-05,6.245e-05,6.22537e-05,0,0,1.69547e-06,8.49907e-07,7.39889e-07,2.28133e-06
A0A3Q7GP69_78_H9N2,0,0,0,2.98579e-05,1.72212e-05,2.24132e-05,1.68313e-05,1.8293e-05,1.99816e-05,4.71197e-05,4.70707e-05,4.87988e-05
A0A3Q7ELA6_121_H6N2,4.54839e-06,1.45825e-05,1.15471e-06,0.000197827,0.000221034,0.000190566,0.000572714,0.000574067,0.000221836,0.00246579,0.00197279,0.00230347
A0A3Q7ELA6_121_H5N2,0.00109161,0.00129188,0.00179691,0.00122125,0.00127191,0.00255324,0.000259671,7.17846e-05,6.86859e-05,0.00698172,0.00558451,0.00519877
A0A3Q7ELA6_121_H4N2,2.26436e-05,0,0,0.000229845,0.000241963,0.000185844,2.2388e-05,1.62729e-05,1.03236e-05,0.000673073,0.000451003,0.000409873
A0A3Q7EYA0_331_H9N2,0,0,0,6.39641e-06,3.99544e-06,9.79254e-06,1.73661e-06,0,1.07474e-06,0,0,2.97924e-06
A0A3Q7ELA6_121_H3N2Pen1,0,6.10388e-06,3.36283e-05,1.14715e-05,2.39696e-05,1.53182e-05,6.01328e-05,0.000148213,0.000188093,4.68254e-06,0,3.6745e-06
A0A3Q7FF59_289_H9N2,0,0,0,2.4405e-05,3.18389e-05,7.54707e-06,1.68418e-06,7.41275e-07,0,3.81541e-06,9.55453e-07,0
A0A3Q7GML5_48_H9N2,0,0,0,2.00292e-05,2.49028e-05,0,0,1.1901e-06,0,0,0,0
P14280_175_H9N2,0,0,0,6.49361e-05,6.763e-05,4.86726e-06,4.11047e-06,0,1.99052e-06,2.16128e-06,4.4443e-07,3.55958e-06
A0A3Q7FE04_94_H9N2,0,0,0,0.000168227,0.000157964,0.000242729,1.42643e-06,5.92906e-06,0.000135633,6.87467e-06,6.94064e-06,2.44633e-06
A0A3Q7GML5_48_H8N2,0,0,0,1.14785e-05,2.66946e-05,2.33281e-05,3.4476e-06,8.1781e-07,0,5.31358e-05,2.59629e-05,4.13262e-05
A0A3Q7G7T0_477_H8N2,1.79422e-06,4.35733e-06,2.70385e-06,2.76278e-05,3.44694e-05,3.00284e-05,3.96247e-05,1.43781e-05,8.94125e-06,1.22195e-05,1.04711e-05,3.85072e-06
A0A3Q7G0C5_84_H10N2,1.90827e-06,0,0,0.000299257,0.000257964,0.000258288,7.91526e-06,4.02773e-06,5.12627e-06,2.21993e-05,4.57171e-06,9.62265e-06
Q949J8_434_H10N2,0,2.30108e-06,1.66629e-06,4.43463e-05,4.08493e-05,3.84319e-05,1.95103e-06,5.27037e-06,9.80286e-06,4.76451e-06,8.13373e-06,4.39239e-06
A0A3Q7G0C5_84_H9N2,7.95805e-05,8.33468e-05,6.65425e-05,0.0017952,0.00162183,0.00204584,2.81674e-05,2.77841e-06,1.86605e-05,1.70308e-05,4.55864e-06,1.75549e-05
A0A3Q7GML5_48_H6N2,0,0,0,7.28446e-07,2.2891e-06,2.03e-06,0,0,0,0,0,0
A0A3Q7HE03_188_H9N2,0,0,0,9.25156e-06,5.80935e-06,4.38948e-06,4.649e-05,0.000168798,0.000104547,0,0,0
A0A3Q7FE04_94_H8N2,3.86534e-06,0,0,1.43173e-05,1.90097e-05,2.05673e-05,8.02451e-07,6.25537e-06,3.27807e-05,3.52654e-06,0,3.6364e-06
A0A3Q7J3L2_98_H4N6,3.57224e-06,0,0,5.62753e-05,9.27497e-05,4.89659e-05,0,0,0,3.94689e-05,5.39152e-05,1.61263e-05
A0A3Q7F7P0_314_H9N2,0.000218604,0.000226536,0.0001655,0.000960429,0.000747001,0.00115902,1.88307e-05,1.90251e-05,1.43447e-05,4.90044e-05,2.80651e-05,6.3332e-05
A0A3Q7G4E2_192_H9N2,3.4739e-05,4.34144e-05,3.87811e-05,0.000987469,0.000901952,0.000813316,2.33825e-05,5.14864e-05,8.10906e-05,4.2415e-05,4.32396e-05,4.23516e-05
A0A3Q7GKQ9_142_H9N2,0,0,0,1.57225e-06,1.0434e-05,0,0,1.40607e-06,1.97425e-06,3.40845e-06,0,0
A0A3Q7F7P0_314_H8N2,3.16336e-06,1.79633e-05,4.63948e-06,2.27785e-05,2.43924e-05,4.06896e-05,1.55898e-05,1.07235e-05,9.71575e-06,0.000913043,0.000740807,0.000894625
A0A3Q7F968_47_H9N2,7.02776e-05,9.56192e-05,5.58958e-05,0.00025294,0.00022968,0.000374556,7.30281e-06,4.2397e-06,1.26572e-05,1.33729e-05,1.03156e-05,1.27643e-05
A0A3Q7FST1_64_H9N2,0.000377844,0.000351743,0.000332426,0.000421961,0.000342277,0.000593435,2.01256e-05,1.78026e-05,1.23017e-05,2.44542e-05,1.49304e-05,1.66798e-05
A0A3Q7FKY5_196_H9N2,0,0,0,5.42939e-05,5.42625e-05,5.63317e-05,3.45851e-06,1.66941e-06,1.19062e-06,8.92865e-06,0,1.04954e-06
Q9M510_212_H9N2,0,0,0,4.10917e-05,4.44075e-05,1.76714e-05,0,0,0,1.23947e-06,1.97544e-06,6.85113e-07
A0A3Q7I4G8_131_H9N2,2.98641e-06,0,3.00245e-06,1.80946e-05,1.79354e-05,2.62e-05,5.19197e-05,9.16177e-05,0.00010266,8.71819e-05,4.74965e-05,2.86389e-05
A0A3Q7GY58_370_H9N2,0,2.83415e-07,0,5.54037e-05,4.92114e-05,7.80618e-05,1.3228e-06,3.57808e-06,2.17085e-06,2.44238e-06,2.61141e-06,1.27264e-06
A0A3Q7FP19_120_H3N2F1Pen1,0,0,1.08787e-05,5.52259e-05,5.95868e-05,5.36336e-05,0,5.01973e-06,4.78649e-07,5.16159e-06,0,4.47428e-06
A0A3Q7HG98_195_H9N2,0,9.22344e-06,3.78301e-06,0.000455282,0.000418519,0.000477682,0,8.58454e-06,1.72628e-06,1.46502e-05,1.07213e-05,1.47416e-06
A0A3Q7FF75_81_H9N2,0,1.30655e-05,1.98081e-05,0.000854927,0.000912635,0.000928221,7.88982e-06,2.11387e-05,8.78555e-06,2.14286e-05,1.07449e-05,1.32612e-05
A0A3Q7GY58_370_H8N2,1.59906e-06,3.23783e-06,2.87101e-06,1.49278e-05,1.74314e-05,1.42737e-05,4.78539e-07,1.88616e-06,1.60557e-06,1.73946e-06,1.57725e-06,3.36831e-06
A0A3Q7FST1_64_H8N2,3.63704e-05,2.30383e-05,6.91041e-05,1.36687e-05,1.52967e-05,2.57875e-05,9.12984e-05,0.0002034,0.000202847,0.000538075,0.000816778,0.000469838
A0A3Q7HCN1_97_H9N2,0,0,0,8.07161e-06,8.26668e-06,9.93781e-06,0,0,0,0,0,0
A0A3Q7HG98_195_H8N2,2.29728e-06,9.06239e-07,0,0.000278016,0.000265344,0.000278075,0,2.67544e-06,1.45288e-06,0.000621598,0.000347678,0.000355627
A0A3Q7F268_754_H9N2,1.95685e-06,0,1.16277e-06,2.8552e-05,2.66968e-05,2.47812e-05,1.7584e-06,2.24393e-05,0,3.67375e-05,2.80439e-05,4.00986e-05
A0A3Q7FF75_81_H8N2,0.000309605,0.000148592,0.000100202,2.46683e-05,4.86014e-05,1.83405e-05,6.62524e-05,0.000118942,5.83914e-05,0.00764993,0.00465728,0.00523906
A0A3Q7FK07_318_H9N2,1.01707e-05,0,0,0.000154562,0.000146309,0.000157843,2.3693e-06,2.96901e-06,8.82314e-07,1.32237e-05,2.24435e-05,5.06278e-05
A0A3Q7HV28_111_H9N2,3.58465e-05,2.83872e-05,4.53412e-05,0.000109412,0.000102458,0.000154135,3.12951e-06,1.63613e-05,4.82149e-06,9.9131e-06,6.32728e-06,4.1518e-06
A0A3Q7HG98_195_H7N2,0,6.07825e-07,6.79841e-07,5.81506e-05,4.21674e-05,3.57442e-05,3.56464e-06,2.79273e-05,3.55927e-07,0.000720674,0.000565013,0.000597852
A0A3Q7F7I4_272_H8N2,0,2.11741e-05,1.23554e-05,2.19854e-05,2.27796e-05,8.49731e-06,3.16358e-05,1.03501e-05,2.71296e-05,0.000221722,0.000139689,0.000143505
A0A3Q7H922_650_H9N2,1.2615e-06,0,0,1.86258e-05,1.82163e-05,1.42613e-05,0,1.75681e-06,1.69558e-06,1.92383e-06,1.08444e-06,2.4587e-06
A0A3Q7GFU5_129_H9N2,5.49063e-06,5.46094e-06,8.12153e-06,4.99072e-05,6.46687e-05,4.33865e-05,4.54737e-06,6.36992e-06,9.6361e-06,5.15228e-06,1.17197e-06,2.56725e-06
A0A3Q7HV28_204_H9N2,3.13401e-05,2.76791e-05,0.000184244,0.000823816,0.000868634,0.000945539,2.62937e-05,0.000316574,0.0002183,4.79736e-06,4.86726e-06,1.65623e-05
A0A3Q7H012_2230_H9N2,0,0,0,6.8045e-06,7.19745e-06,3.92938e-06,0,3.0125e-06,4.04567e-06,1.56783e-06,1.95989e-06,4.70849e-07
A0A3Q7HV28_204_H6N2,2.53381e-06,0,9.46523e-06,7.73809e-06,2.3299e-05,1.08156e-05,2.27904e-05,4.95537e-05,1.27698e-05,0.00233494,0.00199111,0.00179318
A0A3Q7FF75_81_H3N4Pen1,4.09895e-05,3.41311e-05,5.58684e-05,5.51666e-06,1.65197e-05,9.47765e-06,8.01512e-05,9.6576e-05,9.05434e-05,3.29203e-06,0,1.45481e-06
A0A3Q7HTM2_1696_H4N6,0,0,0,7.07031e-05,0.000113703,0.000146044,0,6.25134e-06,6.65808e-06,4.90608e-05,3.84427e-05,0
A0A3Q7HG98_195_H2N2F1Pen1,0,0,4.87856e-06,0,4.2735e-06,2.70791e-06,9.87757e-07,3.71999e-06,2.40016e-07,2.97667e-07,1.91433e-07,4.88572e-07
F8WS84_308_H9N2,3.70674e-05,1.4401e-05,2.88598e-05,0.00156123,0.00165521,0.00205887,1.73279e-05,3.76556e-05,1.7469e-05,1.72228e-05,1.27402e-05,1.21011e-05
A0A3Q7HV28_366_H9N2,1.09117e-05,8.77136e-06,4.2075e-06,0.00124185,0.00128149,0.00151882,1.15965e-05,1.23068e-05,1.43823e-05,9.74371e-06,1.03922e-05,8.05982e-06
F8WS84_308_H8N2,1.93012e-05,3.32715e-05,2.73182e-05,2.52551e-05,6.0581e-05,5.69424e-05,7.08249e-05,1.88355e-05,9.72983e-06,0.000879012,0.00054612,0.000818599
F8WS84_308_H6N2,7.10181e-07,0,0,0,3.81217e-06,0,1.61721e-06,1.80624e-06,0,1.91411e-06,0,5.94482e-07
A0A3Q7EQZ7_186_H9N2,0,1.55203e-06,1.29008e-06,2.72668e-05,4.76193e-05,3.12204e-05,0,8.77474e-06,5.02344e-06,4.26824e-06,1.56083e-06,3.62066e-06
E3UVW7_536_H9N2,1.64756e-06,7.19452e-06,8.44644e-06,8.59272e-05,7.70679e-05,3.80664e-05,4.69551e-06,2.14599e-05,5.01721e-06,6.75386e-06,3.60999e-06,2.24476e-06
A0A3Q7FB69_1084_H9N2,0,0,0,5.52522e-05,2.98135e-05,5.4544e-05,1.36993e-06,1.81254e-06,5.79503e-06,9.45236e-07,1.01449e-06,1.70431e-06
A0A3Q7I8M4_369_H9N2,6.60451e-06,5.41746e-06,7.69328e-06,0.000117964,0.000106591,0.000180536,1.17506e-06,6.21989e-06,1.15576e-05,3.86083e-06,2.08899e-06,2.63921e-06
A0A3Q7HF41_41_H9N2,0,0,3.52378e-06,0.000335064,0.000311576,0.000396181,2.57686e-06,1.42478e-06,3.30796e-06,0,2.4099e-06,2.10893e-06
P29000_276_H5N4Pen2,0,0,0,1.68944e-05,9.77359e-06,3.19242e-05,0,9.93641e-07,1.75861e-06,0,0,0
A0A3Q7FMM0_52_H9N2,3.91463e-05,6.61518e-05,3.77586e-05,0.000373328,0.000347571,0.00046228,1.00235e-05,2.02138e-05,1.06534e-05,2.09118e-05,3.51071e-05,1.82131e-05
P29000_276_H7N2,1.38343e-05,1.87206e-05,1.20636e-05,0.00122161,0.00125305,0.00182483,4.20115e-05,2.31999e-05,8.52177e-05,0.00468068,0.00573185,0.00443276
A0A3Q7IPT1_835_H9N2,0,9.79046e-06,0,0.000171423,0.000157772,0.000189907,1.05544e-05,1.18896e-05,1.25508e-05,3.23882e-06,6.71815e-06,1.62764e-06
A0A3Q7F1S0_66_H9N2,0,0,0,9.13857e-06,2.83807e-06,7.06059e-06,0,0,0,3.69334e-06,0,1.85546e-06
A0A3Q7EQA3_41_H9N2,0,5.46588e-06,1.0874e-05,1.97367e-05,1.10322e-05,1.04775e-05,6.04879e-06,2.05365e-06,1.11595e-06,4.19711e-06,2.5622e-06,8.23783e-07
A0A3Q7IPT1_835_H8N2,2.64827e-06,2.12913e-05,3.30957e-06,1.22659e-06,5.17994e-06,0,1.78314e-05,0.000278437,0.000100102,6.25274e-05,4.00219e-05,4.54004e-05
A0A3Q7JEU4_472_H9N2,0,0,1.12616e-06,0.00059112,0.000599944,0.00062839,0,8.2442e-06,9.73832e-06,9.96874e-06,1.79979e-05,2.98496e-05
A0A3Q7J1M8_119_H9N2,1.42071e-06,1.23967e-05,0,0.00100833,0.00103315,0.00169516,1.25183e-05,8.64155e-07,2.88904e-05,1.41978e-05,6.09435e-06,4.22993e-06
A0A3Q7IFT3_348_H4N6,0,0,0,0,5.15877e-06,0,4.77638e-06,0,1.55789e-06,2.0418e-06,0,0
A0A3Q7GSM2_303_H9N2,2.55926e-06,2.68019e-06,7.20714e-06,0.000127842,0.000132692,0.000141615,7.93772e-06,7.24601e-06,1.18333e-06,2.06912e-06,3.04251e-06,2.72762e-06
P29000_276_H6N2,3.05758e-06,1.12994e-06,8.34667e-06,0.000328333,0.000322096,0.000486318,5.6437e-06,2.63041e-05,3.21081e-05,0.00045503,0.000464648,0.000448504
A0A3Q7IFT3_348_H8N2,5.54797e-06,0,3.81405e-06,2.18854e-05,1.80359e-05,3.21489e-05,0,0,0,8.57601e-07,3.52633e-06,1.03586e-06
A0A3Q7FQF1_455_H9N2,8.14363e-07,7.06389e-06,5.47187e-06,1.39444e-05,1.28318e-05,1.61402e-05,2.7176e-06,1.94579e-06,0,2.55395e-06,1.98949e-06,4.52625e-06
P29000_276_H5N2,7.60455e-07,3.60967e-06,3.64772e-06,5.47126e-06,8.37102e-06,1.24183e-05,6.37851e-06,1.77815e-06,1.66481e-05,5.81043e-05,5.00817e-05,3.00048e-05
A0A3Q7GFG8_314_H9N2,4.77735e-06,2.43797e-05,1.63526e-05,0.000239193,0.000224535,0.000239482,0.000133644,0.000378768,0.000358854,6.49778e-06,3.04191e-06,3.72967e-06
A0A3Q7GFG8_314_H4N6,0,0,0,1.25728e-05,6.62712e-06,0,6.60934e-06,0,7.54106e-05,0,0,2.73294e-06
Q9ZTJ9_766_H5N6,0,0,0,2.01035e-05,1.39827e-05,1.03609e-05,0,0,0,0,1.18677e-06,0
Q9ZTJ9_766_H4N6,0,0,0,6.72141e-05,6.13807e-05,7.57656e-05,0,0,1.48339e-06,1.97074e-05,9.66134e-06,0
Q9ZTJ9_766_H9N2,3.99494e-06,4.7549e-06,3.03067e-06,1.8718e-05,1.8391e-05,2.07376e-05,3.91397e-06,2.07791e-06,1.95182e-06,1.90065e-06,0,0
A0A3Q7GSM2_303_H8N2,2.254e-05,8.00407e-06,9.61549e-06,7.41226e-05,7.39181e-05,0.000100054,0.000125127,0.000290007,5.6861e-05,0.000324849,0.000184696,0.000259211
Q40143_252_H9N2,0.00274125,0.00320774,0.0034727,0.0241607,0.0252919,0.0341351,0.00104374,0.00119946,0.00162495,0.00123418,0.000931478,0.00105371
A0A3Q7IFT3_348_H5N2,3.32827e-06,2.58048e-06,3.9591e-06,1.89125e-05,1.87983e-05,2.75257e-05,3.52165e-06,1.24057e-06,2.87398e-06,9.95657e-06,1.36185e-05,1.61905e-05
O82777_697_H9N2,0,4.42986e-06,1.17781e-06,0.000277431,0.000224789,0.000374408,2.36509e-05,7.82597e-06,3.70754e-05,1.30531e-05,9.19602e-06,1.18896e-05
A0A3Q7I1M1_87_H9N2,0,7.95988e-07,0,0.000523035,0.000479923,0.000752459,1.82101e-06,1.18625e-06,3.97675e-07,5.16514e-06,1.73897e-06,4.53833e-06
A0A3Q7HV28_62_H9N2,6.64324e-05,7.10304e-05,0.000113958,0.000241023,0.000327782,0.000341269,9.07503e-06,7.35029e-06,1.11245e-05,4.47262e-06,1.24251e-05,8.26149e-06
A0A3Q7FK07_286_H9N2,3.75626e-06,7.03159e-06,1.35467e-05,9.17166e-06,3.54569e-06,5.35199e-06,0,1.27106e-06,0,0,0,0
A0A3Q7EHP2_279_H9N2,0,0,0,1.05687e-05,6.3432e-06,8.60639e-06,0,0,0,0,0,0
A0A3Q7IZ80_126_H9N2,0,0,0,5.50666e-06,1.7356e-05,1.26482e-05,0,0,0,1.53134e-05,8.73189e-06,1.34314e-05
A0A3Q7GFG8_156_H9N2,0,0,0,8.5692e-06,1.42303e-05,2.55374e-05,0,0,0,0,7.90812e-07,0
A0A3Q7HI59_378_H9N2,5.8846e-06,6.67438e-06,0,0.000157582,0.000176864,0.000148291,2.73948e-06,1.67685e-06,2.52099e-06,1.01863e-05,9.15703e-07,0
A0A3Q7I393_469_H9N2,0,0,5.61261e-07,2.5812e-05,3.25769e-05,2.84344e-05,0,0,0,1.38579e-06,0,6.12574e-07
A0A3Q7J1A8_922_H9N2,0,0,1.18325e-06,5.27262e-06,6.25713e-06,8.80726e-06,0,0,0,0,0,4.93619e-07
A0A3Q7J1A8_922_H4N6,1.30553e-06,1.98462e-06,1.88194e-06,3.26709e-05,4.25131e-05,5.45402e-05,1.28827e-06,0,2.82791e-06,2.10559e-06,0,5.92896e-07
A0A3Q7HVV9_373_H9N2,1.61011e-05,1.27702e-05,1.68371e-05,0.000298363,0.00027469,0.000361967,5.79285e-05,1.8076e-05,5.07565e-05,5.19192e-06,2.8812e-06,7.37847e-06
A0A3Q7HVV9_373_H8N2,0,7.08135e-06,4.7828e-06,8.45178e-05,7.68423e-05,0.000101132,9.49776e-06,1.36787e-05,1.00602e-05,0.000291186,0.000242074,0.000223834
A0A3Q7FU49_1129_H9N2,0,0,0,1.946e-05,3.82568e-05,2.33539e-05,7.55028e-06,1.1004e-06,6.55077e-06,0,0,0
A0A3Q7I393_348_H9N2,0,1.64772e-06,9.16953e-06,2.53841e-05,2.62138e-05,3.19087e-05,1.98259e-06,1.58982e-06,5.02543e-06,5.01368e-06,2.46467e-06,4.34628e-06
A0A3Q7IXT7_448_H9N2,4.59611e-06,0,0,5.2595e-05,4.91912e-05,5.47458e-05,1.02543e-06,0,2.37247e-06,6.43929e-07,0,2.38527e-06
D3TI68_282_H9N2,3.83558e-05,6.5283e-05,2.19592e-05,0.000623178,0.000712248,0.000840022,4.07381e-06,1.4144e-05,1.70336e-05,1.66097e-05,8.724e-06,2.73343e-06
A0A3Q7ERU3_150_H9N2,1.09684e-06,0,5.39236e-07,0.000412901,0.000492232,0.000518315,1.52771e-05,4.9688e-07,4.0801e-06,3.72284e-06,1.06022e-06,4.65349e-06
A0A3Q7FVH3_95_H9N2,0,3.66981e-06,0,2.14208e-05,2.71739e-05,2.99652e-05,5.62337e-06,1.75383e-06,4.98161e-06,1.68683e-06,8.9182e-07,9.29321e-07
D3TI68_282_H8N2,3.32595e-06,1.21762e-05,1.22591e-05,4.68773e-05,6.75125e-05,6.78856e-05,2.89613e-05,4.31702e-05,5.93024e-05,0.00086112,0.000841985,0.000892385
A0A3Q7G7T0_311_H9N2,8.19215e-07,6.18974e-07,1.91745e-05,0.000183912,0.000164941,0.000156874,3.02402e-06,4.28007e-06,1.50322e-06,6.90579e-06,9.49965e-06,2.74494e-06
A0A3Q7FVH3_95_H8N2,3.13732e-06,4.83008e-06,6.3795e-06,2.35496e-05,2.41256e-05,8.09291e-06,1.01402e-05,1.60007e-05,1.52233e-05,0.000258501,0.000186684,0.000196483
A0A3Q7ERU3_150_H8N2,1.33772e-05,1.87959e-05,2.17563e-05,4.46891e-05,5.01562e-05,4.89352e-05,3.30038e-05,2.09205e-05,4.27923e-06,0.000245239,0.000152091,0.000151124
A0A3Q7ICC7_240_H9N2,0,1.02957e-06,4.72035e-06,0.000632753,0.00064083,0.000784314,1.03152e-05,1.89002e-05,1.12898e-05,1.84351e-06,1.91054e-06,6.11583e-06
A0A3Q7G7T0_311_H8N2,5.8623e-06,5.14669e-07,0,6.09633e-05,6.96259e-05,9.89413e-05,8.80969e-06,1.30608e-05,7.95763e-06,0.000364237,0.000552147,0.000304766
A0A3Q7ETP3_203_H9N2,0,0,0,3.95939e-05,3.44626e-05,4.17989e-05,1.29729e-06,5.20585e-07,1.58036e-06,3.05841e-07,1.30834e-06,8.54052e-06
A0A3Q7JF59_193_H9N2,4.62265e-06,0.000111247,6.54448e-05,0.000103215,0.000126971,9.25616e-05,8.40735e-06,1.52653e-06,4.08722e-06,2.73891e-06,3.46095e-06,4.60929e-06
A0A3Q7G7T0_311_H7N2,0,6.34642e-07,1.38925e-05,6.48668e-05,7.20714e-05,9.81026e-05,1.85103e-05,1.66764e-05,1.78851e-05,0.000224945,0.000141908,9.68948e-05
K4BC63_214_H9N2,0,3.82024e-07,0,2.04618e-05,1.3854e-05,1.71941e-05,2.12053e-06,0,0,6.39703e-07,3.85673e-06,0
A0A3Q7F6J3_308_H9N2,1.75517e-06,2.11469e-06,2.15814e-06,7.34484e-06,1.23827e-05,1.01027e-05,5.58567e-07,3.16647e-06,0,1.11114e-06,0,1.59639e-06
A0A3Q7G7T0_311_H6N2,6.40905e-06,6.1163e-06,1.12545e-05,0.00021236,0.000199387,0.000282706,1.82177e-05,2.90041e-05,2.01529e-05,0.000340518,0.000185706,0.00029598
A0A3Q7F7P0_533_H9N2,4.92891e-06,7.5236e-06,2.38578e-06,7.38366e-05,6.93456e-05,0.000144367,4.24141e-06,5.15632e-07,4.22174e-06,3.5287e-06,1.45433e-06,2.98621e-06
A0A3Q7G7T0_311_H5N2,0,4.76586e-06,1.35621e-05,5.65523e-05,4.93284e-05,5.94871e-05,2.27981e-05,2.94567e-05,2.47652e-05,0.000572018,0.000480486,0.000657363
A0A3Q7HFP1_486_H9N2,0,2.17619e-06,0,5.00379e-06,1.41458e-05,1.57821e-05,1.59232e-06,1.74185e-06,4.93334e-06,1.04765e-06,1.31994e-06,1.37381e-06
A0A3Q7JCT2_74_H9N2,0,2.44525e-06,0,9.82958e-05,0.000114648,8.65861e-05,2.51836e-06,7.13131e-06,0,9.48607e-06,1.20425e-06,3.82229e-06
A0A3Q7I8M4_356_H8N2,4.03142e-06,2.11947e-06,3.80303e-06,2.6895e-05,3.56395e-05,2.9262e-05,1.44134e-05,1.33228e-05,3.04995e-05,4.18069e-05,3.08212e-05,3.27402e-05
A0A3Q7HI95_390_H9N2,0,0,0,2.67567e-06,2.36258e-06,1.4476e-06,0,2.82019e-07,5.76029e-07,9.10878e-07,0,6.76717e-07
A0A3Q7FKY5_358_H9N2,0,0,7.22392e-07,0,3.19093e-06,0,0,0,0,0,0,0
A0A3Q7HUF3_144_H9N2,0,1.03903e-05,1.24306e-05,6.77154e-05,7.68454e-05,9.85148e-05,9.08717e-06,1.05845e-05,1.18471e-05,1.07391e-05,8.3684e-06,9.77782e-06
K4CNM6_127_H9N2,0,0,0,1.07218e-05,1.55958e-05,2.30228e-06,2.78554e-07,0,0,0,6.02859e-07,0
A0A3Q7F6U5_1203_H9N2,0,0,0,7.56734e-06,1.03591e-05,2.06328e-05,4.32368e-07,3.75348e-07,2.64683e-06,0,0,6.73941e-07
A0A3Q7I1G8_340_H9N2,0.000280402,0.000102891,0.000258143,0.000132588,0.000126082,0.00019755,1.31597e-05,2.1321e-05,2.21886e-05,1.81966e-05,1.29565e-05,2.75739e-05
A0A3Q7HTM2_1826_H9N2,1.2732e-06,2.17646e-06,4.51537e-06,4.9036e-05,4.55099e-05,6.27537e-05,3.43877e-06,3.26627e-06,4.54298e-06,4.32089e-06,2.01224e-06,4.10184e-06
Q40129_109_H3N2F1Pen1,8.41516e-05,3.78713e-05,0.000116711,0.000132704,0.000155969,0.000180235,0.000144992,0.000171749,9.99893e-05,1.98419e-05,9.59008e-06,8.51937e-06
A0A3Q7EDE4_118_H9N2,1.58307e-07,2.83711e-06,2.68844e-06,0.000527803,0.000452641,0.000613752,5.69064e-06,2.06498e-05,5.09528e-05,1.20372e-05,2.06742e-05,2.52011e-05
A0A3Q7FP33_303_H3N2F1,0,1.51955e-06,4.83623e-06,1.47733e-05,1.50192e-05,3.03976e-05,3.08433e-06,1.05502e-06,6.0859e-07,3.31911e-06,1.51648e-07,3.40737e-07
A0A3Q7GLV8_88_H9N2,7.14058e-06,2.47395e-06,2.53174e-05,1.43057e-05,1.59127e-05,1.37355e-05,7.28592e-07,0,0,0,1.12335e-06,4.51542e-07
A0A3Q7EIZ7_1178_H4N6,0,2.56944e-07,1.22048e-06,2.08656e-05,1.69763e-05,2.01209e-05,0,5.85787e-07,8.59032e-07,1.52821e-06,1.50827e-06,1.23269e-06
Q40129_109_H3N2Pen1,0,2.13245e-06,3.53912e-06,6.38498e-06,1.59998e-05,6.76864e-06,1.68999e-06,2.52967e-05,1.50767e-05,0,2.26125e-06,5.3166e-07
A0A3Q7FVH3_166_H9N2,9.39708e-07,0,1.41807e-06,5.6113e-05,5.46674e-05,8.03602e-05,5.44937e-06,0,4.16296e-07,0,4.03404e-07,8.81868e-07
A0A3Q7FP33_303_H3N2Pen1,4.50087e-06,4.07603e-06,1.18407e-05,2.41413e-05,2.11963e-05,2.97386e-05,1.25269e-06,1.91764e-06,4.36308e-07,9.75106e-07,1.14033e-06,8.97213e-07
A0A3Q7FVM6_100_H9N2,2.42271e-06,4.24334e-06,3.57793e-06,0.000220359,0.000209021,0.000245671,2.26411e-06,5.64457e-06,2.41726e-06,4.89114e-06,1.34542e-06,5.13502e-06
A0A3Q7FVH3_166_H8N2,0,0,0,1.03585e-06,3.74483e-06,4.25251e-06,0,0,0,0,0,0
A0A3Q7IXT7_370_H9N2,0,9.35842e-06,1.69131e-05,0.00015929,0.000189943,0.000182406,3.67515e-05,3.3715e-05,4.8563e-05,2.12484e-05,6.86488e-06,3.4434e-05
A0A3Q7IZG1_80_H9N2,0,1.57537e-06,1.91515e-06,2.07127e-05,2.05101e-05,2.82566e-05,1.9543e-06,3.85538e-06,2.71356e-06,1.10278e-05,3.17978e-06,7.57527e-06
A0A3Q7FVM6_100_H8N2,0.000356042,0.000374501,0.000279823,0.000123766,0.000121644,0.000105512,2.60525e-06,6.57548e-06,1.01432e-05,0.000166197,0.000145263,0.000159492
A0A3Q7GHC2_132_H9N2,4.09512e-05,2.4122e-05,2.82131e-05,0.000596609,0.000524586,0.000673958,1.90511e-05,1.87156e-05,3.6759e-05,3.01554e-05,2.25646e-05,2.50504e-05
A0A3Q7J311_610_H9N2,1.03415e-06,3.3805e-06,4.09283e-06,0.000111572,0.000125059,0.000142734,4.65124e-06,8.90116e-06,8.60597e-06,1.1674e-06,6.09051e-06,1.00791e-05
A0A3Q7G077_401_H9N2,2.81017e-07,1.55826e-06,0,2.56884e-05,4.23433e-05,5.46888e-05,1.43048e-06,2.00432e-06,1.40638e-06,4.82569e-05,1.42294e-05,2.92672e-05
A0A3Q7FS68_771_H9N2,0,7.98635e-07,1.51574e-06,4.66829e-05,4.18325e-05,6.80834e-05,2.18469e-06,3.61415e-06,2.8047e-06,2.85618e-06,8.37202e-07,1.77637e-06
A0A3Q7GY58_370_H7N2,2.39003e-06,2.22736e-05,0,5.92586e-06,5.61482e-06,7.17948e-06,9.94452e-07,7.79938e-07,2.1198e-06,8.58761e-06,6.65305e-06,3.93867e-06
A0A3Q7J311_610_H8N2,7.81024e-06,7.80038e-06,7.98713e-06,5.24989e-05,4.9269e-05,4.81378e-05,1.30545e-06,1.86938e-06,2.78366e-06,3.02053e-06,3.00887e-06,4.06363e-06
A0A3Q7FU91_91_H7N2,2.24655e-05,2.20517e-05,6.53637e-05,3.64439e-05,4.01441e-05,4.25652e-05,6.22704e-06,1.28232e-05,3.40992e-06,1.89754e-06,4.64272e-06,2.02807e-06
A0A3Q7HD84_101_H4N6,0,0,0,0.00013756,0.000151224,0.000180043,1.58062e-06,1.50645e-05,1.15343e-06,1.16331e-05,8.46209e-07,0
A0A3Q7GY58_370_H6N2,1.94147e-06,0,0,1.49132e-05,2.09307e-05,3.37743e-05,4.2551e-07,0,7.33043e-07,6.24875e-06,6.61754e-06,0
A0A3Q7FS68_771_H8N2,6.01392e-05,3.99018e-05,3.60681e-05,0.000118676,6.39756e-05,9.04124e-05,1.21001e-05,1.68267e-05,1.08181e-05,1.55436e-05,9.25675e-06,9.26379e-06
O04678_356_H9N2,3.86108e-05,0.00019313,8.12263e-06,0.000820025,0.000746003,0.00094549,1.2577e-05,4.11447e-06,6.51062e-06,3.19044e-06,5.96369e-06,4.52845e-06
A0A3Q7HD84_101_H9N2,1.28583e-05,5.24227e-06,3.31031e-05,0.00037945,0.000342526,0.000420094,8.01003e-06,9.34464e-06,9.65248e-06,5.98979e-06,6.29093e-06,1.32834e-05
O04678_356_H8N2,1.73509e-05,2.04889e-05,3.18934e-05,0.000289363,0.000265754,0.000414827,1.46997e-05,1.76976e-05,2.1287e-05,1.70765e-05,1.80808e-05,1.27611e-05
A0A3Q7IU14_439_H9N2,3.26413e-06,4.42442e-06,4.87497e-06,4.80542e-05,3.44265e-05,2.79507e-05,2.88166e-05,5.96104e-05,7.13234e-05,5.39515e-05,3.14991e-05,3.1419e-05
A0A3Q7G4V6_441_H9N2,0,0,0,0,2.60784e-06,8.99048e-07,0,0,0,9.88061e-07,0,0
A0A3Q7H922_77_H9N2,4.84968e-06,1.24115e-05,5.49927e-05,2.10419e-05,2.53579e-05,3.01461e-05,2.87373e-06,4.27341e-06,9.12786e-06,1.93622e-06,2.15106e-07,2.61779e-06
Q40143_252_H4N6,2.32508e-05,1.36001e-05,3.67591e-05,0.000170475,0.00012158,0.000256522,1.78415e-05,2.06744e-05,1.56297e-05,1.43163e-05,1.08903e-05,7.83734e-06
A0A3Q7I0J8_168_H8N2,2.5457e-06,2.78655e-07,0,1.98619e-06,5.73138e-06,3.76254e-06,8.57076e-07,1.46033e-06,1.65969e-06,2.08615e-05,9.47454e-06,1.76595e-05
A0A3Q7HVI4_356_H9N2,2.15005e-05,1.92357e-05,5.38017e-05,2.50019e-05,1.58292e-05,3.14757e-05,9.37868e-06,2.5888e-05,6.37068e-06,1.94726e-05,1.12031e-05,2.06394e-05
A0A3Q7HIL7_276_H9N2,3.10419e-06,4.06062e-06,1.20335e-06,0.00101267,0.000842609,0.00131106,4.47482e-06,9.46458e-06,1.28256e-05,9.9159e-06,8.02041e-06,4.82462e-06
O04678_356_H7N2,1.39853e-06,7.23632e-07,0,1.27951e-05,1.61368e-05,1.53234e-05,1.55859e-06,1.8803e-07,1.7897e-06,6.70874e-06,1.50879e-05,5.68238e-06
A0A3Q7GSY1_325_H9N2,0.000210991,0.000419863,1.04903e-06,3.73173e-05,4.47676e-05,6.03001e-05,3.86461e-06,2.41596e-06,2.04054e-06,7.18707e-06,5.4006e-06,5.73183e-06
A0A3Q7JGF7_341_H3N2F1Pen1,1.75675e-05,2.70614e-05,4.36648e-05,1.2441e-05,5.33214e-06,1.14451e-05,5.89339e-06,6.1604e-06,1.75465e-05,1.50112e-05,0,5.44973e-07
A0A3Q7IC06_391_H9N2,8.24439e-07,3.06517e-07,0,9.49932e-06,5.98309e-06,1.47764e-05,1.70612e-06,1.42357e-06,4.14851e-06,3.16588e-06,3.38597e-06,1.04808e-06
A0A3Q7G4E2_192_H4N6,0,0,0,1.25653e-05,5.9071e-06,1.40069e-05,2.31882e-07,0,5.06289e-07,8.413e-06,4.87775e-06,0
A0A3Q7HIL7_276_H8N2,4.33322e-05,6.11454e-05,6.93407e-05,0.000200588,0.000205039,0.000367392,1.4506e-05,1.4967e-05,1.88744e-05,0.00152304,0.00117874,0.00137743
A0A3Q7GB23_71_H9N2,4.1291e-06,5.73657e-06,6.03888e-06,8.14212e-05,7.19095e-05,0.000113844,6.45365e-06,1.88575e-05,9.236e-06,1.57972e-05,1.06342e-05,1.45304e-05
A0A3Q7J033_343_H9N2,5.83881e-06,7.74973e-06,0,8.26089e-06,1.20924e-05,1.35728e-05,1.88026e-06,2.81025e-06,0,7.39545e-06,0,2.67357e-06
A0A3Q7FF75_185_H9N2,6.33803e-05,6.47824e-05,0.000113123,0.000549284,0.000693642,0.000737179,5.16408e-06,5.4533e-06,7.90035e-06,2.02269e-05,5.56594e-05,6.85437e-05
Q43143_105_H9N2,1.4181e-05,2.73646e-05,2.69028e-05,0.00016617,0.000106246,0.000223802,1.80823e-05,2.21727e-05,3.30379e-05,2.0553e-05,1.5288e-05,1.46944e-05
A0A3Q7INM8_320_H5N2,7.20315e-06,1.07585e-05,3.016e-05,1.79014e-05,1.42147e-05,3.50351e-05,0,7.64907e-07,0,0,9.18708e-07,3.90569e-07
A0A3Q7IPT1_791_H4N6,2.54328e-05,1.61432e-05,2.79741e-05,2.70846e-05,1.62335e-05,3.8e-05,8.51462e-07,3.39991e-06,5.03129e-06,9.35731e-07,1.77855e-06,3.48116e-06
A0A3Q7ILR7_171_H4N6,5.10367e-07,0,5.29968e-07,8.24406e-06,9.35306e-06,3.27271e-05,4.65478e-06,6.12978e-07,3.1926e-06,3.76672e-05,2.66461e-05,6.04221e-05
A0A3Q7FPQ1_76_H4N6,3.9676e-05,2.61193e-05,1.74035e-05,0.000113194,5.61013e-05,0.000127475,3.30592e-06,9.2324e-06,8.65887e-06,9.23427e-06,7.49818e-06,9.34633e-06
A0A3Q7HTT9_328_H4N6,7.91672e-07,0,3.10093e-06,0.000257821,9.47509e-05,0.000441856,2.94812e-06,1.76297e-06,0,1.67515e-06,1.46943e-06,2.23293e-06
A0A3Q7ER11_245_H4N6,5.7051e-06,6.32803e-06,1.91157e-05,7.73474e-05,4.46564e-05,9.88091e-05,1.44499e-05,1.99158e-05,1.51317e-05,2.92117e-05,2.16807e-05,2.10332e-05
A0A3Q7IZK1_263_H4N6,1.42067e-06,1.98518e-06,1.88195e-06,0.000474365,0.000293102,0.000513572,2.03554e-06,2.81283e-06,5.72233e-06,8.00211e-07,7.85911e-06,1.38198e-05
P29000_144_H9N2,2.74106e-06,5.63639e-06,2.83571e-06,3.96802e-05,2.51266e-05,0.000102887,4.12652e-06,3.14849e-06,2.99455e-06,3.97559e-06,1.83644e-06,3.26296e-06
A0A3Q7EQN7_517_H9N2,2.26308e-05,2.00657e-05,6.14906e-05,7.72247e-05,3.91977e-05,8.55772e-05,9.56535e-06,7.18985e-06,9.30701e-06,4.28361e-06,1.63656e-06,3.44342e-06
A0A3Q7IZK1_263_H7N2,2.37065e-05,2.67612e-05,1.11572e-05,1.73653e-05,1.37124e-05,1.69289e-05,5.73151e-06,1.53785e-05,4.64661e-05,3.8088e-05,2.2251e-05,2.48527e-05
P29000_144_H8N2,2.34978e-06,2.63342e-06,7.1615e-07,5.81457e-06,1.14243e-05,3.24447e-05,2.48503e-05,3.61449e-05,2.04978e-05,2.36011e-06,8.33238e-06,3.74487e-06
A0A3Q7ISJ5_50_H9N2,6.81842e-05,4.38153e-05,7.3728e-05,0.000428769,0.000331376,0.000384313,1.64233e-05,2.1782e-05,3.01466e-05,1.13851e-05,8.40878e-06,1.07858e-05
A0A3Q7IZQ5_519_H9N2,3.40427e-07,4.44784e-06,4.55368e-05,0.000792055,0.000481236,0.00103377,2.33685e-06,3.35959e-06,3.32068e-06,4.74641e-06,9.33736e-06,1.00117e-06
F8WS84_77_H9N2,3.67941e-06,9.73497e-07,1.86111e-05,0.00105049,0.000683116,0.00132037,7.78268e-06,7.57053e-06,2.45678e-05,1.58748e-05,8.38785e-06,9.85711e-06
A0A3Q7IJ81_145_H9N2,0,7.67891e-07,1.18587e-06,2.65974e-05,1.64628e-05,2.89976e-05,6.87902e-06,3.7601e-06,6.21014e-06,3.32336e-06,2.82666e-06,2.61101e-06
A0A3Q7G4E2_503_H9N2,4.67464e-06,5.0644e-06,1.07649e-06,0.000413977,0.000385608,0.00053977,2.65333e-06,6.20756e-06,1.47734e-06,3.43688e-06,4.1928e-06,4.08767e-06
A0A3Q7HFP1_522_H9N2,9.70691e-07,1.27379e-06,4.73361e-06,2.75563e-05,2.75536e-05,2.42209e-05,8.25796e-07,1.98612e-06,1.63052e-06,1.22506e-06,0,7.36029e-07
A0A3Q7I4S3_471_H9N2,9.29663e-07,0,0,3.12568e-05,3.20617e-05,3.27041e-05,2.22806e-07,1.40787e-06,0,1.87634e-06,4.88679e-07,5.17289e-06
A0A3Q7HIL7_201_H9N2,0,0,0,0.000182111,0.000166256,8.1453e-05,1.94498e-06,2.03055e-06,1.77661e-06,1.27321e-06,4.94837e-06,4.27743e-06
A0A3Q7FR02_135_H9N2,1.96539e-06,0,0,5.42987e-05,4.25847e-05,7.46888e-05,8.09412e-06,4.01524e-06,7.38012e-06,9.12679e-06,2.49506e-06,0
A0A3Q7HIL7_201_H5N2,2.98036e-06,5.13732e-06,1.27634e-05,2.73261e-05,2.16454e-05,8.41779e-06,2.18894e-06,6.41122e-06,0,3.64444e-05,2.09657e-05,2.21613e-05
A0A3Q7FPQ1_76_H9N2,5.20949e-07,0,0,0.000292364,0.000412549,0.000351362,6.14143e-06,4.0161e-06,7.15497e-06,0.000159206,8.88396e-05,0.000141186
A0A3Q7FK07_484_H4N6,5.59984e-06,5.71802e-06,0,6.50462e-05,7.79497e-05,8.73877e-05,7.16266e-05,2.37157e-05,2.70936e-06,2.1998e-05,1.21005e-06,2.97169e-06
A0A3Q7GNX8_289_H9N2,9.61365e-05,7.82175e-05,2.92695e-05,0.00110736,0.000888017,0.00144768,9.33067e-06,8.77931e-06,7.98469e-06,1.87179e-05,0,6.56466e-06
A0A3Q7ILR7_171_H9N2,7.66959e-06,0.000160784,3.11574e-05,0.000224538,0.000109942,0.000162786,4.84696e-05,7.06615e-05,3.79901e-05,2.7162e-05,1.37424e-05,2.91151e-05
A0A3Q7HIL7_201_H4N6,7.12122e-06,0,0,0.000514961,0.00052643,0.000470445,2.95398e-06,1.71055e-05,1.14782e-06,7.35783e-06,5.76705e-06,2.54006e-06
A0A3Q7IAA3_463_H9N2,3.44835e-07,0,0,1.21514e-05,1.08359e-05,1.40033e-05,6.5238e-07,0,2.16295e-06,1.69386e-06,1.43502e-06,0
A0A3Q7EQN7_140_H4N6,0,3.21466e-06,0,3.1657e-05,3.36497e-05,0,0,0,0,0,2.66701e-06,0
A0A3Q7EES8_460_H9N2,1.41733e-06,0,2.05778e-06,1.50472e-06,3.31296e-06,0,0,0,0,0,7.60475e-07,0
A0A3Q7HIP9_1104_H9N2,1.04715e-06,0,0,0.000131797,0.000158113,0.000270424,0,0,0,0,0,0
A0A3Q7HIL7_114_H9N2,0,0,0,4.46489e-06,3.74976e-06,0,0,0,0,0,0,0
A0A3Q7GFN0_114_H9N2,0,0,0,1.41578e-05,3.75646e-06,8.1076e-06,0,0,4.36098e-08,0,0,0
A0A3Q7HXF0_59_H9N2,0,0,0,5.62217e-07,0,1.04842e-07,0,0,0,0,0,0
A0A3Q7GDK8_733_H9N2,2.72812e-06,5.56866e-06,4.00561e-06,4.05705e-06,3.59937e-06,4.20122e-06,0,0,0,0,0,0
A0A3Q7GHC2_108_H9N2,3.80737e-05,2.64654e-05,2.22955e-05,2.98765e-06,1.04855e-06,1.01379e-06,6.6459e-07,0,0,6.9192e-06,0,0
A0A3Q7IFT3_103_H6N2,0,0,0,1.35465e-06,7.14465e-07,0,0,8.75564e-06,8.142e-06,0,8.45261e-06,0
A0A3Q7F8U8_92_H9N2,3.30654e-05,1.94686e-06,1.45764e-05,1.94269e-06,1.59276e-06,2.7975e-06,1.66992e-06,0,0,0,0,2.59064e-07
Q9ZS44_182_H9N2,0,0,2.63003e-06,1.5141e-05,1.58042e-05,7.1342e-06,9.43559e-06,4.01145e-07,2.38695e-06,4.7328e-06,4.60561e-07,3.15735e-07
A0A3Q7EM11_85_H2N2F1,3.73703e-06,3.30703e-06,8.27981e-06,3.5714e-06,2.09923e-06,7.94781e-06,1.79816e-07,7.00455e-07,4.60659e-07,0,0,1.8439e-06
A0A3Q7J5M8_50_H9N2,0,0,0,1.82991e-05,1.62501e-05,3.00142e-05,0,0,0,0,0,1.49043e-07
A0A3Q7H5H2_108_H9N2,0,0,3.17491e-07,3.88709e-06,2.67127e-06,3.58826e-06,0,8.12302e-07,0,5.62926e-07,0,3.01707e-07
O04678_175_H8N2,4.63922e-07,0,0,3.41075e-06,5.81076e-06,2.20725e-06,3.16621e-05,0,2.91159e-07,1.79112e-05,1.24465e-05,1.64459e-05
A0A3Q7JCT2_99_H3N2F1Pen1,1.08447e-05,1.2304e-05,1.40628e-05,1.98958e-06,0,2.32661e-06,1.33686e-06,3.31054e-07,3.52869e-06,0,0,0
A0A3Q7HV28_297_H5N4F1Pen1,2.59304e-06,1.44048e-06,2.82205e-06,1.58384e-06,0,2.15862e-06,0,0,0,8.24717e-06,0,0
A6MIZ0_575_H9N2,0,0,1.32462e-06,2.98019e-05,2.53462e-05,3.35683e-05,4.65145e-06,2.14013e-05,1.43698e-05,0,0,0
A0A3Q7EV39_327_H11N5F1Pen2,0,0,0,5.68546e-07,0,0,0,0,0,0,0,0
A0A3Q7GKW8_197_H9N2,0,0,0,8.14456e-07,1.11262e-06,0,0,0,0,0,0,0
P93205_726_H9N2,0,3.37265e-06,0,7.81795e-06,6.8839e-06,7.19691e-06,0,1.28289e-05,2.38793e-05,0,1.10467e-05,2.72658e-07
A0A3Q7GXS6_100_H9N2,5.37186e-07,7.06914e-07,6.32152e-07,1.98211e-06,0,0,2.21802e-05,3.75798e-05,0,0,9.53051e-06,6.8498e-06
A0A3Q7HCE6_8_H6N5,8.65538e-06,6.96702e-06,9.35594e-06,1.72103e-05,1.70455e-05,1.64014e-05,3.70961e-07,0,3.40016e-07,1.63242e-06,3.45546e-06,0
A0A3Q7F7I4_288_H7N2,8.01521e-06,2.0852e-05,3.71262e-05,1.61478e-05,1.52544e-05,2.09527e-05,3.91824e-06,4.81505e-06,5.26992e-06,1.54551e-05,8.73673e-07,6.4724e-07
A0A3Q7E7F3_206_H4N6,0,0,0,4.92221e-06,5.3303e-06,1.2072e-05,0,0,0,0,0,0
A0A3Q7G8A3_53_H9N2,2.08314e-05,0,9.90568e-06,6.00067e-06,3.30837e-06,5.69188e-06,0,0,0,0,8.13564e-07,0
Q9M510_229_H4N6,0,0,0,1.63682e-06,0,0,0,0,0,0,5.26216e-07,0
A0A3Q7G1E7_341_H5N2,0,0,0,2.70403e-06,9.16564e-07,0,0,0,2.15389e-07,0,0,0
A0A3Q7JTK0_244_H9N2,1.40406e-05,0,9.12238e-06,1.63793e-05,8.32809e-06,1.84237e-05,0,4.72779e-07,0,0,0,2.00501e-06
A0A3Q7HAU0_103_H9N2,0,0,0,1.99866e-06,1.86451e-06,1.42849e-06,3.36672e-06,2.34711e-06,7.32989e-06,0,8.86694e-07,4.3785e-06
A0A3Q7IH56_167_H9N2,0,0,0,1.45398e-06,1.09009e-06,2.37515e-06,0,0,0,0,0,0
A0A3Q7F218_491_H8N2,4.95872e-06,8.07562e-06,8.11304e-06,6.36385e-06,4.73267e-06,0,0.00010779,0.000138948,3.59621e-05,9.52016e-05,6.43001e-05,8.14633e-05
A0A3Q7GAX3_109_H4N7F4,4.00249e-05,1.89731e-05,3.5355e-05,8.51506e-05,7.25588e-05,5.91318e-05,2.52576e-06,7.18464e-06,9.08105e-07,0,7.74354e-06,0
A0A3Q7EQ66_421_H9N2,0,0,0,5.12124e-06,3.53569e-06,2.87159e-06,0,0,1.45884e-06,5.62546e-07,2.23983e-06,7.36414e-07
A0A3Q7GHM7_251_H9N2,0,5.37108e-07,1.35231e-06,2.7034e-05,2.36705e-05,1.75088e-05,2.16584e-06,2.74877e-06,1.09214e-06,0,3.58484e-07,1.69511e-06
A0A3Q7IMQ2_142_H9N2,0,0,0,1.72264e-05,1.73243e-05,1.59184e-05,0,2.10806e-05,7.94143e-06,1.41727e-05,9.83716e-07,2.41714e-05
A0A3Q7JY62_113_H6N2,2.5897e-06,0,1.45105e-06,6.65381e-06,5.84301e-06,7.07278e-06,3.48732e-06,7.35586e-06,3.89467e-06,2.602e-05,1.54962e-05,2.34401e-05
A0A3Q7F2K6_430_H8N2,1.333e-05,8.80359e-06,1.02229e-05,7.43894e-06,3.24065e-06,2.09776e-06,0,0,0,1.10071e-05,2.08896e-05,1.96609e-05
A0A3Q7JI87_23_H9N2,0,0,0,3.11358e-06,1.16189e-06,0,0,0,2.44402e-06,0,0,6.88001e-07
A0A3Q7GAX3_109_H7N5F1,0,0,0,5.86189e-06,4.75015e-06,4.62172e-06,0,7.26055e-06,6.42349e-06,0,1.71194e-06,7.49423e-06
A0A3Q7I4S3_225_H7N2,6.94059e-06,6.48742e-06,1.96271e-05,4.67773e-06,5.40973e-06,8.27951e-06,0,3.92029e-06,1.80911e-06,0.000101143,6.87273e-05,5.99096e-05
Q9ZS44_381_H6N2,1.20487e-06,3.09923e-06,8.36189e-07,1.36529e-05,4.11116e-06,6.99183e-06,3.04061e-07,4.42608e-06,4.37349e-06,3.50054e-05,5.06724e-06,5.82948e-06
A0A3Q7HQ53_166_H8N2,1.27043e-05,0.000159128,1.49161e-05,2.04406e-05,7.74108e-06,2.20371e-05,4.29549e-06,6.54512e-05,3.73528e-05,2.10165e-05,0.000113895,9.27651e-05
A0A3Q7FN99_254_H9N2,4.10136e-07,0,4.2617e-07,4.32857e-06,2.64257e-06,3.47439e-06,0,0,0,0,0,0
A0A3Q7F792_295_H4N6,0,0,0,1.61536e-05,1.19151e-05,1.08357e-05,0,0,1.36971e-06,1.18477e-06,0,0
A0A3Q7G9S2_1301_H4N6,4.55208e-07,0,0,1.7009e-05,0,0,0,0,0,0,0,0
A0A3Q7I1E3_405_H10N2,0,0,0,1.74863e-06,3.38075e-07,0,0,0,0,3.82768e-06,2.42404e-06,1.67452e-05
A0A3Q7FFV1_438_H7N2,1.00554e-06,0,1.36657e-05,5.14971e-06,0,4.7384e-07,0,3.64568e-06,2.8339e-06,0.000253071,0.000220837,0.000341405
A0A3Q7GR21_127_H4N6,0,0,0,3.17316e-05,3.90097e-05,0,0,0,0,0,8.91731e-07,3.84908e-06
A0A3Q7I1S7_339_H9N2,0,0,0,2.53672e-05,2.47699e-05,6.37622e-06,0,0,0,0,6.45202e-06,0
A0A3Q7HDL2_954_H4N6,0,0,0,1.08525e-05,1.26665e-05,0,0,1.21097e-06,0,0,0,0
A0A3Q7FF75_135_H4N6,2.36517e-05,1.19433e-05,0,0.000130752,0.000135295,0.00015874,0,0,1.465e-06,1.45727e-06,0,7.10862e-06
A0A3Q7JJ52_94_H9N2,5.5455e-06,7.12815e-06,0,1.77192e-06,0,0,1.44215e-06,0,0,0,0,1.04599e-06
A0A3Q7HMK3_212_H9N2,1.61616e-06,1.96901e-06,0,0.000428734,0.000473661,0.000264708,0,5.60652e-06,0,0,3.45183e-06,0
A0A3Q7FF75_135_H5N4F2Pen2,1.46766e-06,0,0,2.86439e-06,3.42632e-06,9.73397e-07,0,0,0,0,0,0
A0A3Q7HVX4_165_H9N2,0,0,0,1.16529e-06,2.26019e-06,0,0,0,0,0,0,0
A0A3Q7J411_701_H9N2,0,0,0,8.93816e-07,5.82734e-07,0,0,0,0,0,0,0
A0A3Q7FNG4_134_H5N2,0,0,0,1.44749e-06,5.45456e-07,0,0,0,0,0,0,0
A0A3Q7HLM8_374_H8N2,0,3.91028e-07,4.29299e-07,1.18239e-06,1.79235e-06,1.49643e-06,0,0,0,2.93844e-06,1.91022e-06,1.8829e-06
Q40161_142_H5N6,2.32018e-06,0,0,5.05918e-06,0,8.35968e-06,0,0,1.59482e-06,0,0,1.39629e-06
A0A3Q7FU49_861_H9N2,0,0,0,1.04644e-05,3.92375e-06,7.78959e-06,7.32308e-07,2.24303e-06,7.73337e-06,1.69285e-06,0,9.76156e-07
A0A3Q7HSK0_411_H4N6,0,0,0,1.26105e-05,0,0,0,0,0,0,0,0
A0A3Q7HFD1_85_H4N6,0,0,3.21356e-06,9.02868e-05,9.92774e-05,3.40374e-05,0,0,0,0,0,0
A0A3Q7FS27_487_H9N2,0,7.21163e-07,0,1.78722e-06,0,0,2.14984e-05,3.97873e-05,4.77452e-05,4.53195e-05,3.8001e-05,4.47442e-05
A0A3Q7FF75_253_H9N2,0,0,0,4.30817e-06,6.73596e-06,0,1.5192e-07,0,0,0,0,0
A0A3Q7J606_113_H4N6,0,0,0,3.65539e-05,1.79802e-05,0,1.25275e-07,0,0,0,0,3.57836e-06
A0A3Q7GQT9_126_H6N2,0,0,0,7.27193e-06,7.50335e-06,0,0,0,0,0,0,0
A0A3Q7H3B4_271_H4N6,0,0,0,0.000706652,0.000683346,0.000310266,2.12936e-06,5.37585e-06,0,2.25438e-06,4.53417e-06,1.72647e-05
A0A3Q7FB12_1120_H9N2,0,1.75744e-06,0,1.86716e-06,0,0,0,0,0,0,0,0
A0A3Q7ILR7_102_H4N6,1.07712e-06,0,0,0.000405118,0.00033095,0.000333934,9.97545e-07,0,0,3.17079e-06,9.12107e-07,0
A0A3Q7FQI8_575_H4N6,0.000188084,0.00016265,0.000110631,0.000277326,0.00025408,0.000208962,3.24906e-06,0,0,2.48328e-05,1.5282e-05,2.49019e-06
A0A3Q7GY58_230_H8N2,0,0,0,1.19266e-05,1.56634e-05,0,5.35541e-07,0,0,8.60654e-05,5.88664e-05,3.79662e-06
A0A3Q7F6U5_1124_H4N6,8.79752e-07,8.72e-07,0,6.82758e-05,6.74071e-05,8.29568e-05,0,0,0,9.19208e-07,0,9.49952e-07
A0A3Q7GFN0_314_H9N2,0,0,0,5.14586e-06,4.49765e-06,0,0,0,0,0,1.71233e-06,1.59395e-05
A0A3Q7F740_548_H4N4F2Pen1,1.28353e-05,1.1604e-05,2.33024e-05,2.88513e-05,2.32248e-05,1.65258e-05,2.2459e-06,5.98705e-07,1.78347e-06,1.6948e-06,3.4305e-07,0
A0A3Q7HDP5_139_H3N4F3Pen1,0.000259054,0.000241998,0.000151493,0.000722942,0.000705947,0.000518842,5.55411e-07,0,0,1.82738e-06,1.27948e-06,1.24794e-06
A0A3Q7IRM3_87_H4N6,0,0,0,2.2743e-05,1.93919e-05,0,0,9.95903e-07,0,0,0,0
A0A3Q7ILE8_182_H9N2,0,0,0,2.83213e-06,1.04241e-06,1.56044e-06,0,0,0,0,0,0
A0A3Q7HZY2_185_H4N6,0,0,0,0.000107853,7.06406e-05,0,3.10207e-05,1.96858e-06,0,2.10001e-06,4.92257e-06,4.21337e-06
A0A3Q7HDP2_102_H4N6,0,0,0,2.31324e-05,1.95179e-05,0,2.58631e-06,4.3118e-06,0,3.61748e-05,2.92481e-05,1.41032e-05
A0A3Q7FA32_466_H8N2,0,0,0,3.22106e-06,2.68565e-06,0,0,0,0,1.79474e-06,3.33405e-05,9.36058e-06
A0A3Q7G011_105_H10N2,0,0,9.94391e-06,4.42357e-05,4.07803e-05,6.61396e-05,2.29906e-06,1.07514e-05,1.50271e-06,0,2.56627e-07,4.06327e-07
P05117_240_H4N6,1.17261e-06,3.31873e-06,4.01351e-06,0.000281776,0.000322098,0.000152041,3.39427e-06,9.44098e-06,1.07652e-05,7.80723e-06,1.5863e-06,3.74056e-06
A0A3Q7GVK8_320_H4N6,0,0,0,5.90427e-06,5.14119e-06,0,0,0,0,0,8.24494e-07,0
A0A3Q7F4A9_251_H8N2,0,0,0,1.10547e-05,7.83378e-06,1.19394e-05,0,0,0,0,4.92036e-07,0
A0A3Q7GFG8_472_H4N6,0,1.85623e-06,0,3.16773e-05,2.21629e-05,3.9234e-05,4.69118e-05,5.55032e-05,3.86645e-05,0,0,1.40441e-06
A0A3Q7J033_83_H9N2,0,0,0,1.01992e-05,6.60918e-06,7.15542e-06,0,0,0,1.06309e-05,1.08315e-05,0
A0A3Q7FD09_212_H9N2,0,0,6.93525e-07,2.31649e-06,3.68488e-06,0,0,2.69116e-06,1.96808e-06,3.29969e-06,8.5741e-07,1.30489e-06
A0A3Q7IJE6_69_H9N2,0,0,9.50743e-07,7.80231e-05,6.3189e-05,0.000136721,0,1.53535e-06,1.63835e-06,2.15848e-06,5.49396e-07,0
A0A3Q7JVY0_383_H4N6,0,0,0,9.03106e-06,0,0,0,0,0,0,0,0
P29000_608_H8N7F1,1.44103e-06,0,2.16554e-06,0.000362109,0.000355214,0.000257557,4.87151e-06,5.0651e-06,5.56503e-06,1.19035e-05,8.74548e-06,5.22753e-06
D3TI68_666_H4N6,0,0,0,8.62672e-05,9.02724e-05,7.15068e-05,0,1.71125e-06,1.05263e-06,0,1.7933e-06,0
A0A3Q7IJT9_497_H4N6,0,0,0,2.84827e-05,1.32787e-05,1.97787e-05,2.77512e-06,3.67257e-06,0,1.29812e-06,0,9.73703e-07
A0A3Q7GVK8_171_H9N2,0,0,0,9.86301e-06,4.8075e-06,1.95793e-05,0,9.08044e-07,1.40525e-06,4.12959e-07,1.94868e-06,0
A0A3Q7GNX8_471_H4N6,0,0,0,2.55586e-05,1.87248e-05,1.42361e-05,0,2.0399e-05,2.1909e-05,2.63839e-05,7.84305e-07,3.18967e-06
A0A3Q7EU46_201_H8N2,0,0,0,0.000133429,0.000179112,0.000171818,8.95051e-06,3.71763e-06,1.00596e-06,7.32777e-05,6.84661e-05,7.20784e-05
A0A3Q7ELA6_121_H3N2,1.81416e-06,2.07969e-06,1.19559e-06,3.44006e-05,3.67846e-05,3.28104e-05,1.367e-05,4.22367e-05,3.45559e-05,9.45782e-05,5.61136e-05,6.27845e-05
A0A3Q7I8M4_356_H9N2,0,1.46614e-06,0,1.88979e-05,1.93371e-05,1.65806e-05,0,7.97363e-07,0,0,3.08919e-07,3.16014e-06
A0A3Q7E7H8_169_H4N6,1.24617e-05,5.75387e-06,0,0.000100807,6.66577e-05,7.32514e-05,0,0,0,3.04157e-06,0,0
A0A3Q7F4L9_201_H9N2,1.4681e-05,3.07583e-05,1.53197e-05,5.27781e-05,5.28548e-05,4.29636e-05,7.08237e-06,1.99045e-05,1.60305e-05,1.06686e-05,1.24712e-06,1.79512e-05
A0A3Q7JEJ6_58_H4N6,0,0,3.03087e-06,6.23983e-06,7.03962e-06,7.99492e-06,4.41899e-06,1.97804e-06,7.23557e-06,3.3662e-06,4.32498e-06,3.73256e-06
A0A3Q7GCN2_466_H4N6,0,0,0,4.92916e-06,0,0,0,0,0,0,0,0
A0A3Q7GCN2_466_H9N2,0,0,2.19758e-06,1.55845e-05,1.0561e-05,1.00534e-05,3.18611e-05,3.9977e-05,3.70947e-05,6.28267e-06,5.47904e-06,1.21153e-05
A0A3Q7I4G8_131_H4N6,0,0,0,8.22612e-06,5.53491e-06,7.22419e-06,0,0,0,6.2522e-07,0,0
A0A3Q7HG98_195_H6N2,6.25241e-06,9.1908e-06,2.83419e-05,1.49289e-05,1.09813e-05,2.01211e-05,0,2.05139e-06,1.74079e-06,0.000133734,9.79045e-05,0.000163455
A0A3Q7IAA3_564_H9N2,0,0,0,3.6326e-06,2.28567e-06,6.27338e-06,0,5.30017e-07,0,5.11539e-07,1.18845e-06,1.24094e-06
A0A3Q7HV28_366_H4N6,0,0,0,3.9594e-05,4.83078e-05,5.92156e-05,0,0,0,0,5.8515e-07,0
A0A3Q7I8M4_369_H4N6,0,0,1.75765e-06,6.20474e-05,5.55995e-05,8.93016e-05,0,1.00145e-06,3.04448e-07,0,0,0
A0A3Q7FB69_1084_H8N2,2.09545e-06,0,0,2.13906e-06,0,0,0,1.68122e-06,1.34493e-05,2.05147e-06,9.67773e-06,2.66844e-06
A0A3Q7EQA3_41_H4N6,0,0,0,3.39704e-05,2.27022e-05,0,0,4.65002e-06,0,4.75179e-06,1.79734e-06,2.14958e-06
A0A3Q7HVV9_120_H9N2,0,0,4.50308e-06,2.66696e-05,2.0572e-05,3.47411e-05,4.09023e-06,1.71796e-05,1.01811e-05,2.87094e-06,3.97007e-06,1.85204e-06
A0A3Q7I1I3_72_H9N2,0,0,0,3.91209e-06,4.53544e-06,5.58048e-06,0,0,0,0,5.48707e-07,0
A0A3Q7FK07_286_H4N6,0,0,0,2.71343e-06,8.4775e-07,0,0,1.74207e-06,0,1.60281e-06,0,0
A0A3Q7EHP2_279_H6N2,0,0,0,2.2789e-06,9.72877e-07,7.91839e-07,8.01403e-06,2.3105e-06,8.06684e-06,4.20467e-05,3.79096e-05,6.03857e-05
Q40143_252_H4N4F2Pen1,8.87723e-06,5.53763e-06,3.31798e-05,1.55459e-05,2.40019e-05,2.26355e-05,6.90721e-06,3.30682e-06,5.06964e-06,2.82814e-06,2.33546e-06,4.6526e-06
A0A3Q7FVH3_95_H4N6,0,1.9041e-06,0,3.17118e-05,2.78048e-05,3.36283e-05,0,0,2.31622e-06,0,0,2.95996e-06
K4BC63_213_H9N2,0,0,0,1.02309e-05,6.92701e-06,8.59707e-06,0,0,2.69759e-06,6.39703e-07,0,0
A0A3Q7HUF3_144_H4N6,0,2.01833e-07,5.89257e-07,4.13379e-05,4.26488e-05,4.39675e-05,1.86347e-06,6.09406e-07,2.4581e-06,1.395e-06,1.48815e-06,8.0271e-07
A0A3Q7IQS3_166_H9N2,0,1.2453e-07,0,5.60265e-06,3.24393e-06,5.5703e-06,3.80156e-07,9.27914e-07,0,4.90116e-07,1.01182e-06,0
A0A3Q7J311_765_H4N6,5.45034e-06,1.11944e-05,1.59255e-05,3.47246e-05,3.21492e-05,3.85936e-05,3.12286e-06,2.00726e-06,9.55298e-06,4.30293e-06,3.64388e-06,3.1544e-06
A0A3Q7IRE3_210_H9N2,2.94929e-08,0,0,4.7106e-05,3.86403e-05,6.16112e-05,1.88754e-06,0,0,1.79261e-06,0,1.51169e-06
A0A3Q7GY58_370_H3N2F1Pen1,2.28726e-05,2.35235e-05,6.01901e-05,4.83699e-06,2.06244e-06,3.96241e-06,0,1.87122e-06,1.20681e-06,7.63356e-06,2.87716e-06,4.84714e-06
A0A3Q7IRE3_210_H4N6,0,2.72383e-07,0,7.25884e-05,6.01828e-05,8.10386e-05,1.18096e-06,2.50687e-06,0,4.63308e-07,0,5.43525e-07
A0A3Q7I0J8_168_H9N2,9.44758e-06,2.10357e-05,9.82965e-06,4.18444e-05,4.17647e-05,4.34745e-05,1.82015e-05,2.69764e-05,2.14093e-05,2.27341e-05,1.23469e-05,1.29374e-05
A0A3Q7G4V6_441_H4N6,6.43787e-07,0,1.03871e-06,8.80646e-06,6.73814e-06,6.08705e-06,0,0,4.26707e-07,1.49956e-06,0,1.65415e-06
A0A3Q7GLR8_286_H9N2,1.16934e-05,2.31728e-05,7.57452e-05,6.42441e-05,4.775e-05,8.50148e-05,8.61276e-07,7.07476e-07,1.14256e-06,8.07139e-07,1.42022e-06,5.57553e-07
A0A3Q7GSY1_325_H4N6,0,3.48362e-06,0,3.95215e-05,3.72477e-05,4.38211e-05,9.61807e-07,2.16045e-06,1.77008e-06,2.90745e-06,5.7253e-07,2.11574e-06
A0A3Q7J033_343_H4N6,1.49305e-06,1.08318e-06,4.3253e-06,3.77604e-05,4.04287e-05,0,3.49064e-06,4.9051e-06,3.27632e-06,3.34772e-06,3.05115e-06,3.79767e-06
F8WS89_217_H9N2,5.47941e-07,5.17157e-07,1.83534e-07,3.29274e-06,1.59341e-06,0,5.85063e-07,0,0,7.70208e-07,4.86602e-07,7.74993e-07
A0A3Q7IPT1_791_H9N2,4.61161e-06,4.22217e-06,4.59247e-06,1.00454e-05,2.84432e-06,6.10001e-06,3.37169e-07,0,1.55978e-06,2.91035e-06,1.85865e-06,1.10115e-06
A0A3Q7HTT9_328_H9N2,3.82358e-06,1.7288e-06,9.15084e-06,0.000177614,6.5097e-05,0.000368327,3.86866e-06,1.50941e-05,2.72216e-06,2.29267e-06,2.00629e-06,5.52658e-06
A0A3Q7FTM5_535_H4N6,4.93698e-06,5.22629e-06,6.00966e-06,1.12115e-05,2.11628e-06,2.11023e-05,3.52665e-06,0,0,9.3949e-07,7.44241e-07,2.24089e-06
A0A3Q7HDP4_13_H9N2,1.28468e-06,4.53043e-06,3.0587e-06,2.40125e-05,1.19292e-05,3.08676e-05,1.09574e-06,4.76895e-06,7.88588e-06,2.39343e-06,2.03906e-06,3.95998e-06
A0A3Q7IZK1_263_H9N2,6.15663e-06,4.59761e-05,1.18706e-05,0.000516993,0.000269504,0.000404638,1.59192e-06,1.08352e-05,5.36376e-06,4.04002e-06,3.796e-06,9.92876e-06
A0A3Q7F4F5_540_H9N2,1.83399e-06,1.45795e-06,2.20667e-06,1.44381e-05,9.65303e-06,2.61701e-05,2.45889e-06,1.8111e-06,6.58861e-07,3.85997e-07,8.33347e-07,1.45371e-06
A0A3Q7IZK1_263_H8N2,2.97808e-05,4.07054e-05,3.46528e-05,8.1656e-05,5.39134e-05,0.00010494,2.25401e-05,1.9837e-05,3.80698e-05,0.000142713,0.000114462,0.000130688
P29000_144_H4N6,0,0,2.93579e-06,5.94223e-05,2.8214e-05,0.000101267,1.20966e-06,8.37214e-07,2.09482e-06,4.8057e-07,8.61472e-06,1.23313e-05
A0A3Q7I6R5_191_H9N2,2.58228e-06,3.00124e-06,4.40834e-06,0.000348823,0.000222616,0.000463038,0.000417455,0.000383799,0.00035418,7.09308e-07,5.88034e-06,5.05293e-06
A0A3Q7ISJ5_50_H4N6,7.09837e-07,7.4142e-07,0,2.73589e-05,1.29112e-05,3.91809e-05,0,0,9.3422e-07,6.75229e-07,3.81545e-06,1.59877e-06
P15003_214_H11N8,6.6966e-07,2.4918e-06,3.71088e-06,8.89646e-05,5.25628e-05,0.000110861,1.40461e-05,2.03572e-05,2.97122e-05,0.00063742,0.000309418,0.000496747
P15003_214_H16N4,1.91849e-06,8.61304e-06,7.48929e-06,4.76097e-05,3.44303e-05,4.9091e-05,7.63351e-06,0.000103951,3.51304e-05,0.000446139,0.000228218,0.000360637
F8WS84_77_H4N6,1.10649e-06,2.92196e-06,4.66582e-06,0.000391835,0.000268109,0.000515872,2.30245e-06,2.34191e-06,3.25167e-06,7.51939e-06,2.57574e-06,3.75988e-06
A0A3Q7J2Z7_78_H4N6,0,0,1.34799e-06,1.28631e-05,7.30742e-06,2.28748e-05,9.73104e-07,6.08264e-07,2.05884e-06,2.37564e-06,8.4162e-07,5.16655e-07
P15003_214_H6N4F1Pen1,0.00020962,0.000199905,0.0002168,6.03699e-05,5.7476e-05,7.25512e-05,2.84524e-07,1.0758e-06,7.81066e-06,3.48778e-06,1.77672e-06,4.65292e-07
A0A3Q7FK07_484_H9N2,0,0,0,3.81968e-06,3.14069e-06,8.19124e-06,2.19964e-07,0,7.91664e-06,0,0,3.97481e-07
A0A3Q7ERU3_296_H9N2,2.91829e-06,0,0,3.40871e-06,0,0,1.74517e-07,0,0,0,0,9.67829e-07
A0A3Q7GB74_257_H9N2,3.46092e-07,2.08296e-06,1.66112e-06,1.39129e-05,1.64188e-05,1.51652e-05,0,0,0,0,0,0
A0A3Q7GFN0_114_H4N3F1Pen1,5.40957e-06,2.64102e-07,6.06712e-06,5.39378e-07,0,0,0,1.23665e-07,0,9.42668e-07,0,2.40603e-06
A0A3Q7GFN0_114_H4N2F1Pen1,2.6162e-06,0,3.74787e-06,0,0,4.87905e-07,0,0,4.88865e-08,0,7.88602e-08,0
A0A3Q7G077_492_H3N3,8.00419e-07,0,2.33134e-06,0,0,0,0,0,0,0,2.24134e-07,5.83562e-08
A0A3Q7HIP9_1288_H2N3Pen1,5.80653e-07,0,1.01259e-06,0,0,0,0,0,0,0,0,6.19458e-07
A0A3Q7HI26_482_H2N4F3,9.84658e-07,8.2122e-06,5.987e-07,1.74413e-06,0,4.67651e-07,2.52919e-07,0,0,6.89596e-07,0,0
A0A3Q7IR45_539_H2N2F1Pen1,1.62232e-06,9.55563e-07,4.82359e-06,1.16022e-07,0,0,1.66252e-07,0,1.09289e-07,0,0,0
A0A3Q7EUE4_330_H3N2F1Pen1,2.6349e-06,1.94708e-06,4.63031e-06,0,6.21465e-08,0,4.80147e-06,4.13892e-07,1.40905e-07,0,5.08044e-06,0
A0A3Q7FR86_484_H3N2F1Pen1,0,4.99567e-07,6.71336e-07,0,0,0,0,0,0,0,0,4.79506e-07
A0A3Q7FAG0_293_H3N3F1Pen1,0,0,1.61473e-06,0,0,0,0,0,0,4.40933e-07,0,0
D3TI68_161_H3N3Pen1,2.2169e-06,1.68703e-06,5.2011e-06,0,0,0,0,0,0,0,0,0
D3TI68_161_H3N2Pen1,8.99637e-07,1.01864e-06,6.32821e-06,0,1.13675e-06,0,0,0,1.84604e-07,0,3.01361e-07,0
Q9ZS44_731_H3N2F1Pen1,6.52437e-07,0,1.89861e-06,0,0,4.61923e-07,3.8567e-07,0,2.21398e-07,0,0,4.58999e-07
Q19QU4_120_H3N3F1Pen1,0,0,1.31731e-06,0,0,0,0,0,5.32881e-07,0,7.05657e-07,0
A0A3Q7JCT2_99_H3N2Pen1,2.3479e-06,0,2.46272e-06,0,0,0,0,0,0,0,0,0
A0A3Q7HV28_297_H4N3F2Pen1,3.33312e-06,3.47983e-06,1.82595e-06,8.74496e-07,1.06849e-06,9.78753e-07,0,0,0,0,0,0
A0A3Q7HV28_297_H3N4Pen1,6.77761e-06,5.7605e-06,1.65438e-05,0,1.77e-06,3.73167e-06,0,0,0,1.97306e-05,2.60703e-06,1.07505e-06
A0A3Q7HV28_297_H3N3Pen1,1.64588e-06,1.79936e-06,4.4844e-06,0,0,0,1.38523e-06,2.80781e-07,2.1336e-06,0,0,2.87604e-07
A0A3Q7E826_258_H3N4F1Pen1,0,0,6.87494e-07,0,0,0,0,0,0,0,0,0
A0A3Q7GEL2_328_H7N2,5.01937e-07,9.897e-07,5.39602e-07,0,0,0,0,0,0,0,1.35889e-06,7.09148e-07
A0A3Q7INM8_42_H4N7F1Pen2,1.24864e-05,1.78215e-05,1.35464e-05,0,0,0,1.26602e-05,3.20733e-05,5.46262e-05,0,5.41431e-07,0
A0A3Q7FYJ1_245_H7N2,1.06052e-05,1.27957e-05,2.00934e-05,0,0,0,0,0,4.55289e-07,0,0,0
A0A3Q7HXG2_225_H3N2F1Pen1,0,0,5.88644e-07,1.05756e-06,2.80224e-07,1.24662e-06,0,0,0,0,0,0
A0A3Q7J2K7_461_H3N3F1Pen1,0,0,1.13903e-06,0,0,0,0,0,0,0,0,0
A0A3Q7J3H6_68_H3N4Pen1,0,0,6.89119e-06,0,0,0,0,0,0,0,0,3.66026e-07
A0A3Q7F7P0_165_H3N2Pen1,0,0,2.49317e-06,0,2.24617e-07,0,0,0,0,0,0,3.50169e-07
P15004_95_H3N3Pen1,0.000781372,0.0011794,0.00204941,5.40127e-06,7.01093e-06,1.14007e-05,9.0316e-07,2.50794e-07,1.24716e-06,1.72236e-06,7.69669e-07,0
A0A3Q7GQ70_99_H3N3F1Pen1,1.65064e-06,1.41949e-06,2.89453e-06,0,0,0,0,0,0,0,0,0
Q9ZS44_381_H3N4F1,3.8767e-06,3.68437e-06,6.99815e-06,3.39317e-07,2.88e-07,0,0,0,5.63661e-07,0,0,4.50742e-07
A0A3Q7HRC2_44_H2N2Pen1,2.07969e-06,0,9.17067e-06,2.09245e-06,1.65249e-06,1.51423e-07,0,3.2378e-07,0,0,2.83647e-07,2.75824e-07
A0A3Q7JX67_119_H3N2F1Pen1,3.62733e-07,1.63903e-06,1.90424e-06,0,1.03865e-06,0,0,0,0,0,0,0
A0A3Q7F739_51_H3N4F1Pen1,0,0,1.03519e-05,0,0,0,0,0,0,0,0,0
A0A3Q7F739_51_H3N3F1Pen1,4.69543e-07,0,5.8554e-06,0,0,0,0,0,9.19401e-07,0,0,0
A0A3Q7F968_106_H3N3Pen1,8.85416e-06,7.79827e-06,2.19905e-05,0,3.59575e-07,3.62366e-07,1.42146e-06,0,0,0,1.47507e-06,9.16984e-07
A0A3Q7H8Q1_127_H3N3F1Pen1,0,1.59557e-06,2.24339e-06,0,0,0,3.23987e-06,0,0,0,0,0
A0A3Q7FA89_749_H3N2F1Pen1,1.09363e-05,9.86396e-06,2.36862e-05,0,0,0,3.64853e-05,0,1.10475e-06,0,8.60875e-06,0
A0A3Q7HLM8_374_H3N2Pen1,0,0,2.19535e-06,0,0,0,0,0,0,0,0,0
A0A3Q7HFP1_95_H3N3,0,5.31598e-07,1.36488e-06,0,0,0,0,6.38843e-07,0,0,0,0
A0A3Q7FVH3_281_H3N3Pen1,0,0,4.42337e-06,0,0,0,2.12114e-07,0,0,0,4.25333e-07,0
A0A3Q7GQT9_126_H2N2F1Pen1,0,0,2.69744e-06,0,0,0,0,0,0,0,0,0
A0A3Q7EQC8_199_H3N4F1Pen1,3.89235e-06,3.01956e-06,5.71785e-06,0,0,0,0,0,0,0,0,0
A0A3Q7EQN7_358_H2N2F1Pen1,0,2.01558e-06,4.84352e-06,3.78885e-07,0,0,2.81959e-07,0,0,0,0,0
A0A3Q7ISI7_54_H6N2,4.08637e-06,1.80132e-06,1.80338e-06,0,0,0,0,0,0,0,0,0
A0A3Q7F740_548_H3N3F1Pen1,0,4.11013e-06,1.04322e-05,0,0,8.56826e-07,0,0,1.22788e-06,0,0,0
A0A3Q7F740_548_H3N4Pen1,0,0,6.26087e-06,0,0,0,0,0,0,3.63364e-07,0,4.5341e-07
O04678_716_H2N2F1Pen1,0,0,8.20887e-06,6.09219e-07,1.73475e-07,0,3.37635e-07,4.93127e-07,7.62456e-07,6.34183e-07,1.30614e-07,0
A0A3Q7FVM6_209_H3N2F1Pen1,0,3.2493e-06,6.61296e-06,0,3.05777e-06,0,6.22291e-06,2.2295e-06,3.21457e-06,3.17623e-06,2.30602e-06,0
D3TI69_350_H3N2F1Pen1,2.75089e-06,0,5.82357e-06,0,0,0,7.26248e-07,2.71365e-06,0,0,0,0
A0A3Q7IJE6_69_H3N2F1Pen1,0,0,3.02314e-06,0,0,0,0,0,0,0,4.12366e-07,0
D3TI68_831_H6N2,4.76152e-06,3.59377e-06,1.62845e-05,1.10772e-05,8.74191e-06,1.56921e-05,2.2849e-05,3.67067e-05,2.23388e-05,7.46129e-06,8.60782e-06,7.64918e-06
P05117_240_H3N2Pen1,0,0,4.07425e-06,0,1.46166e-06,1.7059e-06,0,0,0,0,0,0
A0A3Q7G7T0_477_H3N2Pen1,0,0,7.40594e-06,0,0,0,0,0,0,5.39839e-07,0,0
A0A3Q7HV28_204_H5N4Pen2,4.85505e-05,3.36111e-05,1.98882e-05,1.77872e-05,2.99895e-05,2.14355e-05,0,0,0,0,0,0
A0A3Q7H922_650_H3N4F1Pen1,0,2.26698e-06,7.40877e-06,0,0,0,0,0,0,1.01152e-06,0,2.97498e-07
A0A3Q7HV28_111_H3N4Pen1,0,0,4.14686e-06,0,3.63266e-06,0,1.74093e-06,2.44641e-06,5.82212e-07,0,0,0
A0A3Q7IM32_663_H3N2F1Pen1,0,0,3.12542e-06,0,0,0,0,0,0,0,2.96016e-07,0
F8WS84_308_H3N4F1Pen1,0,0,5.32158e-06,0,0,0,6.54707e-07,0,2.91026e-06,1.79514e-06,9.42855e-06,1.15918e-05
A0A3Q7HV28_366_H3N3F1Pen1,0,0,1.33375e-05,1.40599e-06,7.70112e-06,2.39655e-06,6.34292e-07,3.20925e-07,1.30246e-06,4.0866e-06,2.06126e-06,5.88555e-06
A0A3Q7I8M4_369_H3N3F1Pen1,0,0,4.32813e-06,0,0,0,0,0,0,8.03397e-07,0,0
K4B7G2_276_H7N2,0,0,1.53301e-06,7.79585e-07,0,0,0,0,4.83945e-07,8.38765e-07,0,0
A0A3Q7FMM0_52_H4N3F1Pen1,1.03336e-05,0,7.53621e-06,0,0,0,7.32091e-07,6.3524e-07,5.59066e-07,4.2041e-07,0,0
A0A3Q7FB69_1084_H3N2F1Pen1,0,0,4.3007e-06,0,0,0,0,0,0,0,0,0
A0A3Q7HTM2_2104_H3N2F1Pen1,0,5.6126e-06,5.7257e-06,0,0,0,2.32947e-06,0,0,3.52059e-06,0,0
A0A3Q7HVV9_120_H3N3F1Pen1,0,7.80128e-06,5.35738e-06,0,0,0,5.74622e-06,5.42904e-06,0,0,0,0
O82777_697_H3N4Pen1,3.28462e-06,1.69356e-06,6.86717e-06,0,0,0,0,6.22657e-07,0,3.57308e-06,0,1.47542e-06
A0A3Q7I1M1_87_H3N4Pen1,4.95721e-06,2.14734e-06,6.37567e-06,2.32263e-06,2.66827e-06,8.80136e-06,0,4.18499e-07,0,1.68603e-06,0,0
O82777_697_H3N2F1Pen1,8.00024e-06,5.22653e-06,1.43671e-05,1.95728e-06,3.36563e-06,7.08492e-06,3.19895e-06,6.70565e-06,9.37288e-06,1.86368e-06,8.71742e-06,5.87345e-06
A0A3Q7GX88_42_H4N6,1.03149e-05,1.64424e-05,1.65016e-05,0.000912004,0.000907274,0.00106837,1.51211e-06,0,1.42409e-06,7.65824e-07,0,0
A0A3Q7GSM2_303_H3N2Pen1,2.14153e-06,3.66425e-06,1.10721e-05,1.48062e-06,7.8673e-07,2.82231e-06,2.05157e-06,5.88442e-07,2.79992e-07,2.4467e-05,3.23953e-07,0
A0A3Q7G4E2_192_H6N2,0,2.23791e-06,2.89648e-06,0,0,0,0,0,0,3.31303e-07,5.58643e-07,3.01558e-07
D3TI68_282_H3N2Pen1,2.57429e-06,2.39747e-06,6.70761e-06,0,1.26134e-06,9.11029e-07,1.53914e-06,5.82481e-07,5.8913e-07,0,4.70576e-07,8.00283e-07
A0A3Q7ICC7_240_H3N3F1,0,7.39237e-07,2.51549e-06,7.46028e-07,1.20247e-06,1.5667e-05,2.36217e-07,2.79875e-07,1.00134e-06,3.96621e-07,0,0
A0A3Q7G7T0_311_H3N2Pen1,1.73169e-05,1.39363e-06,8.30703e-06,0,2.78864e-07,0,8.64993e-07,0,0,2.8384e-07,0,0
A0A3Q7JCT2_74_H3N2F1Pen1,5.37514e-06,2.00546e-06,3.71316e-06,0,7.03096e-07,0,0,2.3973e-06,0,4.05341e-07,0,0
A0A3Q7FVH3_166_H3N2F1Pen1,1.4963e-06,2.06149e-06,4.72628e-06,0,0,0,0,4.60389e-07,0,0,0,0
A0A3Q7HD84_101_H3N4Pen1,3.00343e-06,1.99376e-06,4.78179e-05,0,0,0,5.95939e-06,1.34968e-05,1.67424e-05,1.40361e-06,9.46062e-07,5.08294e-06
A0A3Q7HD84_101_H3N3F1Pen1,0.000285478,0.000337838,0.000376736,0.000212723,0.000232922,0.000200227,2.73362e-05,7.61863e-05,5.20859e-05,0.000108103,7.87377e-05,0.000110105
O04678_356_H3N4F1Pen1,1.17617e-06,5.62426e-07,1.65443e-06,0,0,0,0,7.65701e-07,6.13155e-07,8.98209e-07,0,0
A0A3Q7HD84_101_H3N3Pen1,2.87327e-06,0,5.13562e-06,0,2.27122e-06,0,8.9601e-07,0,2.65133e-06,6.11287e-07,2.98536e-06,2.6529e-06
A0A3Q7H922_77_H3N4F1Pen1,5.23859e-06,6.2381e-06,1.0723e-05,4.15549e-06,1.11704e-06,3.72909e-06,1.97553e-06,2.55251e-06,8.85802e-07,3.49276e-06,8.12152e-07,1.46082e-06
O04678_356_H3N2F1Pen1,4.17465e-06,2.59977e-06,2.35824e-05,1.19566e-06,1.92071e-06,4.50273e-06,5.91336e-07,1.71082e-06,1.99168e-06,2.04282e-06,1.00556e-06,7.75165e-07
A0A3Q7HAU0_77_H3N2F1Pen1,1.4978e-06,3.34238e-06,1.01074e-06,2.09944e-06,2.20589e-06,4.85776e-06,1.5702e-06,4.5058e-06,6.45201e-06,3.18407e-06,2.06875e-06,2.93093e-06
A0A3Q7I0J8_168_H3N2Pen1,2.61046e-06,2.75387e-06,1.18598e-05,5.34163e-07,1.54692e-06,0,0,3.96505e-07,2.46775e-07,7.83434e-07,9.25544e-07,2.23122e-07
A0A3Q7FF75_185_H3N4,5.83877e-06,5.75525e-06,7.1205e-06,4.39779e-06,1.84777e-06,2.42322e-06,5.32739e-06,4.60238e-06,7.50907e-06,1.1969e-06,1.09244e-06,1.99791e-06
A0A3Q7HTT9_328_H3N3F1Pen1,9.38515e-06,1.31212e-05,2.29693e-05,0,0,5.35446e-06,5.29969e-06,1.08326e-05,9.65853e-06,6.88218e-06,8.73404e-06,9.29689e-06
A0A3Q7EQN7_517_H3N2F1Pen1,3.26119e-06,2.55186e-06,6.84813e-06,2.16296e-06,1.99456e-06,4.60417e-06,0,2.91308e-07,0,6.02349e-07,0,1.83346e-07
A0A3Q7IZQ5_519_H9N6Pen1,1.37568e-05,2.27607e-05,1.8071e-05,3.98073e-06,5.15539e-06,4.99669e-06,1.50006e-06,1.08792e-06,2.36138e-06,3.30521e-06,8.33921e-07,1.57432e-06
A0A3Q7I6R5_191_H3N3F1Pen1,2.66312e-06,6.11988e-07,3.96123e-06,1.47252e-06,2.65754e-06,0,1.52637e-07,2.84085e-07,5.06144e-07,1.04395e-06,4.02198e-07,7.05812e-07
F8WS84_77_H3N3Pen1,1.54301e-06,1.25183e-06,2.85296e-06,0,1.74135e-06,1.69058e-06,1.14102e-06,1.35177e-06,1.21598e-06,3.71335e-06,3.35719e-07,1.3767e-06
P15003_214_H7N4F1Pen1,4.98192e-05,8.58115e-05,7.8276e-05,5.45569e-06,3.6704e-06,0,7.07388e-07,2.69273e-06,2.5247e-06,4.00158e-06,3.35858e-06,1.4391e-06
A0A3Q7IBV7_219_H3N2F1Pen1,7.42341e-06,3.87028e-06,1.454e-05,7.95123e-07,5.05762e-07,2.83379e-06,3.05255e-06,5.06224e-06,0,0,4.44863e-06,0
P15003_200_H3N2F1Pen1,2.84228e-06,1.99284e-06,3.58884e-06,0,0,0,2.46289e-07,0,0,0,0,0
A0A3Q7EQQ1_250_H9N2,0,2.37602e-06,1.55865e-08,5.97932e-08,0,1.16561e-06,0,0,4.46227e-08,0,1.07691e-06,9.9824e-07
A0A3Q7F8U8_92_H6N2,1.96316e-07,3.90919e-07,0,3.77671e-07,1.5277e-06,3.50862e-07,7.53332e-07,1.35812e-07,6.47912e-07,3.33315e-07,3.39067e-07,0
A0A3Q7HV28_297_H8N2,7.2506e-06,8.5589e-07,1.39257e-06,0.000104612,9.5896e-05,0.000102994,4.02269e-05,7.42682e-06,1.73406e-05,0.000345908,3.12985e-05,1.24466e-05
A0A3Q7EGU6_1013_H9N2,3.01184e-06,4.2044e-07,3.19116e-06,1.35267e-06,1.06123e-06,1.87716e-06,0,0,0,0,1.27616e-06,0
A0A3Q7HFP1_247_H5N2,0,0,0,4.44009e-07,1.23855e-06,3.22982e-06,0,4.04725e-07,1.2349e-07,7.43351e-07,4.86155e-06,8.04171e-08
A0A3Q7GDS0_159_H2N4F3,6.2187e-07,6.28675e-06,8.19615e-06,9.24555e-07,1.35657e-06,8.93718e-07,5.54553e-07,2.81322e-06,1.57674e-06,1.80703e-06,1.63961e-06,6.41959e-07
A0A3Q7HFP1_247_H10N5F1Pen2,2.41144e-05,3.14106e-06,3.7398e-06,3.52721e-06,2.71667e-06,5.17388e-06,0,0,3.38783e-06,2.09188e-06,1.37019e-06,0
A0A3Q7FAX1_1496_H9N2,0,0,0,5.01876e-07,0,9.21077e-07,0,8.66327e-07,1.59624e-06,0,0,8.25313e-06
A0A3Q7F7I4_288_H6N2,0,0,0,2.36574e-07,0,1.16308e-06,0,5.59055e-06,3.94347e-07,0,0,5.08613e-06
A0A3Q7J4M1_561_H7N4F2Pen2,2.24244e-05,1.71358e-05,9.707e-06,1.1848e-05,1.10023e-05,9.70761e-06,0,0,0,0,0,0
A0A3Q7IE34_425_H9N2,1.2018e-05,4.72085e-05,5.19387e-05,6.00617e-06,9.58249e-06,5.32493e-06,0,2.86925e-06,0,1.05327e-06,0,0
A0A3Q7INB5_661_H9N2,0,0,1.81362e-06,2.37612e-06,0,2.82659e-06,0,0,0,0,0,0
A0A3Q7HC96_87_H9N2,0,0,0,0,6.77601e-07,3.05632e-06,0,0,0,0,0,0
A0A3Q7E7F3_206_H9N2,0,0,0,3.07529e-06,2.10225e-06,1.08209e-05,0,0,0,0,0,0
A0A3Q7EP51_99_H9N2,0,0,0,8.10062e-07,1.2522e-06,2.24533e-06,4.35831e-07,0,0,0,0,0
A0A3Q7IMD4_309_H8N2,0,0,4.42223e-07,0,6.18148e-07,2.67206e-06,0,0,0,3.24267e-06,0,0
A0A3Q7G1D6_944_H9N2,0,3.25147e-05,3.82381e-05,0,3.29291e-05,2.79014e-05,0,6.86575e-07,0,0,2.3108e-07,0
A0A3Q7HUY1_83_H4N4F2Pen1,0,4.86629e-07,0,5.03164e-05,3.3267e-05,4.38913e-05,0,3.63484e-06,4.36337e-06,0,1.30678e-06,1.71014e-06
A0A3Q7I6Z9_215_H4N6,0,0,0,6.17996e-06,0,1.19044e-05,0,0,0,0,0,0
A0A3Q7I8E6_762_H9N2,0,0,0,3.18404e-05,3.63478e-05,3.78008e-05,0,0.000184442,0.000156026,0,1.43748e-06,6.86667e-07
A0A3Q7G7T0_528_H6N3,0,4.41698e-07,0,3.41382e-06,2.70015e-06,4.21341e-06,3.64138e-07,1.98973e-07,0,0.000153627,7.63189e-05,6.84795e-05
A0A3Q7ES58_105_H10N2,0,0,0,1.0395e-05,1.06717e-05,9.91322e-06,0,2.54014e-06,0,0,0,0
A0A3Q7ES58_105_H9N2,0,4.22678e-07,0,1.10865e-05,1.99141e-05,2.19801e-05,0,0,0,0,0,6.10946e-07
A0A3Q7HHX3_378_H9N2,0,0,0,0,0,2.91425e-06,0,0,0,0,0,0
A0A3Q7F3X3_1199_H4N6,0,0,0,0.000181483,0.000172827,0.000141858,2.042e-06,0,2.8146e-06,2.86731e-06,1.99529e-06,8.27467e-06
A0A3Q7FR24_203_H4N6,0,0,0,2.37325e-05,2.92682e-05,2.33621e-05,0,1.21792e-06,2.93975e-06,0,1.77688e-05,0
A0A3Q7J606_109_H4N6,0,0,0,4.0994e-05,2.78455e-05,3.4846e-05,5.30225e-07,0,0,3.85472e-06,0,0
A0A3Q7IZQ5_208_H4N6,0,1.41259e-06,0,0.000306644,0.000303701,0.000414631,0,0,1.80307e-06,0,0,2.59554e-06
A0A3Q7GB23_411_H4N6,0,0,0,0,0,7.76775e-06,0,0,0,0,0,0
A0A3Q7GMJ6_288_H3N3F1Pen1,2.79773e-06,7.52415e-07,3.70209e-06,3.20498e-06,4.75106e-06,3.89673e-06,0,3.67887e-07,0,0,2.93439e-07,0
A0A3Q7JMX3_37_H9N2,8.05014e-06,0,0,8.57168e-07,5.98854e-07,8.88616e-07,0,0,0,9.29358e-07,1.06559e-06,1.0768e-06
A0A3Q7IFI6_81_H9N2,0,0,0,3.54496e-06,3.88504e-06,9.93713e-06,0,0,0,0,0,0
O04678_716_H5N2,0,0,0,2.51492e-06,3.7061e-06,4.46611e-06,0,9.96296e-07,0,0,0,0
A0A3Q7G9S2_2250_H9N2,0,0,0,0,0,3.27851e-06,0,0,0,0,0,0
A0A3Q7G9S2_532_H9N2,0,0,0,1.08498e-05,0,2.2701e-05,1.74869e-06,0,1.47792e-06,0,0,0
A0A3Q7G9S2_532_H4N6,0.000111394,9.63029e-05,9.22133e-05,4.53085e-05,4.09458e-05,4.73539e-05,5.75006e-06,3.25842e-06,5.12138e-06,6.78769e-06,3.26066e-06,7.72438e-06
A0A3Q7I7Q4_88_H9N2,0,0,0,4.33642e-06,0,7.29702e-06,0,0,3.49114e-07,1.49892e-06,1.03035e-06,0
A0A3Q7F5Y3_142_H8N2,0,4.45671e-06,1.91235e-06,4.18265e-05,2.80574e-05,7.15586e-06,1.59798e-05,2.18522e-05,2.37347e-05,0.00027074,0.00019815,0.000225705
A0A3Q7E7H8_169_H9N2,0,0,0,3.29704e-06,0,3.51623e-06,3.04139e-06,0,0,0,0,0
A0A3Q7HE03_188_H4N6,0,2.8723e-06,0,1.25336e-05,8.84536e-06,1.23068e-05,0,2.49356e-06,0,0,0,0
A0A3Q7GKQ9_142_H4N6,0,0,0,9.83081e-06,1.01346e-06,6.63855e-06,3.2338e-06,3.21589e-06,9.64728e-07,1.57993e-06,5.56844e-07,1.81681e-06
A0A3Q7H922_650_H8N2,1.33514e-06,0,0,3.01128e-06,1.23717e-06,4.35476e-06,0,0,0,4.17049e-07,3.07737e-07,4.76036e-07
A0A3Q7H7G9_145_H9N2,0,0,0,0,0,3.87615e-06,0,0,0,0,0,8.22004e-07
A0A3Q7HTM2_1696_H9N2,0,3.38937e-06,0,7.44978e-06,1.40842e-05,2.00437e-05,4.2964e-06,2.61407e-06,8.16566e-07,2.76392e-06,1.90108e-06,1.61822e-06
A0A3Q7HV28_204_H8N2,0.000301372,0.000440855,0.000124835,0.000110989,0.00019951,4.7475e-05,5.11912e-05,0.000368413,0.000159992,0.0330604,0.0272768,0.0263818
A0A3Q7IRM3_346_H9N2,0,0,0,4.53873e-06,2.53781e-06,6.12136e-06,0,6.11798e-07,0,2.50021e-07,9.85728e-07,2.1997e-07
P29000_276_H5N4F1Pen1,0,7.73374e-06,0,1.32354e-05,8.56413e-06,8.06064e-06,7.71352e-06,0,1.34785e-06,3.85041e-06,2.68616e-06,0
A0A3Q7J1M8_119_H8N2,0.000229339,0.000230849,0.000329597,0.000137087,0.000100057,0.000220614,0.000112436,0.000916102,0.000726922,0.000631842,0.000535452,0.000599051
A0A3Q7IZX2_289_H9N2,3.58604e-06,3.58219e-06,0,8.75794e-05,6.8539e-05,0.000119018,5.94516e-06,1.82502e-06,4.17605e-06,4.97582e-06,1.19305e-06,0
A0A3Q7J5A2_53_H9N2,0,3.15183e-06,8.06846e-06,0,4.46049e-06,6.37453e-06,0,0,0,0,0,0
A0A3Q7EID9_510_H9N2,0,0,0,0,1.7883e-06,7.3164e-06,0,0,0,0,0,0
A0A3Q7IJT9_102_H9N2,0,0,0,0,2.05705e-06,2.91225e-06,0,0,3.66035e-07,0,0,0
A0A3Q7ETP3_203_H4N6,1.52943e-06,0,0,1.10836e-05,8.51145e-06,1.1161e-05,0,0,0,0,0,0
A0A3Q7JMX3_174_H8N2,0,7.99024e-07,1.80602e-06,2.9048e-06,1.79449e-06,4.32142e-06,2.42886e-07,8.39233e-06,0,1.48865e-06,3.97786e-06,5.1278e-06
A0A3Q7F6J3_308_H4N6,0,0,0,5.7027e-05,4.90981e-05,5.17478e-05,2.54522e-06,4.99946e-06,2.19091e-06,2.28453e-06,5.46099e-06,1.10282e-05
A0A3Q7F6U5_1203_H8N2,0,7.25413e-07,0,0,2.94442e-06,6.86579e-06,2.35821e-07,5.25499e-07,0,2.62581e-06,0,1.29751e-06
A0A3Q7EIZ7_1178_H9N2,0,2.4206e-07,0,3.7602e-06,4.73325e-06,4.71725e-06,0,0,0,0,0,0
A0A3Q7J436_307_H9N2,0,2.58326e-06,0,3.33693e-06,4.17693e-06,3.60757e-06,1.29533e-06,7.31404e-07,1.87278e-06,0,0,0
A0A3Q7JG33_652_H9N2,3.24054e-07,0,0,2.20892e-06,5.61424e-06,6.98513e-06,0,1.66667e-06,0,0,0,0
A0A3Q7HIL7_276_H9N8F3Pen1,6.16757e-06,0,6.83447e-05,0,0,4.13295e-05,0,2.09236e-06,4.95044e-06,0,0,1.46012e-06
A0A3Q7IZK1_187_H4N6,1.10714e-05,2.90207e-05,0,2.4093e-05,1.58759e-05,4.0653e-05,0,1.2809e-06,1.78227e-06,0,0,0
A0A3Q7EQN7_517_H7N2,0,0,0,2.64882e-06,2.1844e-06,3.74629e-06,4.09474e-07,1.49858e-06,3.56281e-07,0,1.10819e-06,0
A0A3Q7J2Z7_78_H9N2,4.62979e-07,1.35516e-06,3.44509e-06,3.31132e-06,2.83008e-06,3.38869e-06,0,1.34271e-06,2.14738e-06,1.36882e-06,5.55096e-07,0
A0A3Q7ERI8_500_H9N2,0,0,9.04778e-07,1.32005e-06,2.44452e-06,4.61512e-06,0,1.63363e-06,9.25351e-07,1.43706e-06,0,5.61629e-07
P15003_214_H4N8F1Pen1,0.000120937,0.000397542,0.000328222,0.000115133,0.000124692,0.000147941,1.94157e-06,2.58635e-06,1.23745e-06,2.66954e-06,2.88407e-06,0
A0A3Q7HFP1_522_H4N6,8.11341e-07,0,1.29526e-06,3.04752e-05,4.10941e-05,4.32033e-05,1.23705e-06,3.4713e-06,2.6198e-06,1.60928e-06,0,3.03915e-06
A0A3Q7I4S3_471_H4N6,1.37664e-06,0,0,4.44442e-05,4.46928e-05,5.94919e-05,8.0345e-06,0,2.05054e-06,2.84882e-07,9.77728e-07,0
P15003_214_H4N7,4.21829e-05,3.79772e-05,4.51268e-05,0.000470857,0.00050661,0.000589392,0,9.97147e-07,5.78758e-07,0.000568927,0.000333117,0.000601501
A0A3Q7HIL7_201_H3N2Pen1,1.67295e-05,0,2.0961e-05,2.41882e-05,1.69723e-05,2.40724e-05,5.1712e-07,0,3.00828e-06,0,0,0
A0A3Q7GNX8_289_H4N6,2.58032e-05,1.22907e-05,9.07314e-06,5.07736e-05,3.8612e-05,6.15425e-05,1.32271e-07,3.1743e-06,0,2.19638e-06,0,0
A0A3Q7E890_129_H8N2,2.07681e-07,3.14849e-09,1.05644e-08,1.0925e-08,2.07352e-09,2.51448e-08,3.19181e-06,4.89131e-09,8.73244e-09,1.26386e-06,3.24964e-08,1.39217e-07
A0A3Q7GS13_95_H5N2,1.32772e-05,1.06469e-06,6.9628e-06,8.38791e-08,4.90529e-07,1.50437e-08,0.000113873,3.42553e-06,2.3674e-06,8.45811e-06,1.99863e-06,3.31845e-06
A0A3Q7E890_129_H7N2,0,4.55189e-09,6.51921e-09,9.17635e-08,6.2605e-09,2.44122e-09,5.58125e-05,3.55904e-07,1.45363e-08,2.194e-06,0,7.57949e-09
A0A3Q7J5H8_244_H8N2,5.23008e-08,2.43213e-08,1.1069e-07,3.14519e-08,3.31513e-09,7.21063e-09,2.10767e-07,7.02653e-09,1.61624e-08,1.31697e-06,6.19628e-09,0
A0A3Q7FJA5_198_H8N2,3.3532e-08,7.1774e-09,0,4.8389e-08,0,4.65482e-09,0,1.31531e-08,1.71936e-08,8.36068e-06,1.229e-07,2.11217e-07
A0A3Q7F3P0_424_H8N2,1.11449e-08,3.53508e-08,6.95841e-09,0,6.9954e-09,2.92891e-08,6.18498e-07,6.46321e-09,1.18347e-08,3.11081e-06,1.18489e-08,3.33571e-09
A0A3Q7GZ38_591_H7N2,6.7031e-09,8.81917e-08,2.16415e-07,6.9069e-08,2.5136e-09,0,0,1.31131e-08,3.10145e-08,1.27062e-06,3.9879e-08,1.14247e-08
A0A3Q7EQQ1_250_H8N2,4.65317e-09,2.08305e-08,1.17354e-08,7.35545e-07,3.02316e-08,2.3205e-08,2.28719e-07,1.67994e-07,9.50338e-08,3.75061e-06,3.78363e-09,1.3537e-07
A0A3Q7I2J6_191_H8N2,2.98833e-08,9.49741e-10,5.91647e-09,1.49737e-08,3.58817e-08,2.46183e-09,8.55416e-06,6.93014e-08,3.67944e-07,9.99229e-06,1.58106e-07,6.04763e-07
A0A3Q7JEG4_36_H8N2,2.38647e-07,1.05073e-08,2.21818e-08,0,0,1.11635e-07,0.000174135,2.72021e-06,1.52929e-06,3.4887e-06,1.16792e-08,0
A0A3Q7F4F5_37_H8N2,6.89832e-08,0,0,0,0,0,3.18411e-07,4.63912e-07,0,5.65462e-06,4.78766e-09,0
A0A3Q7HRW5_74_H8N2,3.76757e-08,0,0,3.57034e-07,0,1.1365e-08,2.1657e-06,0,9.64985e-08,2.1957e-06,0,7.66451e-09
A0A3Q7HRW5_74_H7N2,9.09091e-09,1.28288e-08,2.20665e-09,1.54111e-08,1.22792e-06,1.43799e-06,3.96448e-08,4.03745e-09,0,4.0555e-06,0,4.59066e-08
O82777_177_H8N2,7.97683e-05,0.00023959,9.8763e-05,0.000131286,0.000148589,6.94626e-05,0.000384893,7.63622e-05,8.46573e-05,0.0125828,0.0211129,0.0164373
A0A3Q7H5H2_108_H8N2,9.87327e-07,2.00446e-06,1.18049e-07,0,8.22271e-07,0,0,0,0,3.69858e-06,2.57459e-08,2.33981e-07
A0A3Q7JCT2_99_H8N2,7.9285e-06,8.62494e-06,4.34306e-06,2.21256e-08,0,1.92733e-07,3.1443e-07,2.32753e-06,1.53737e-06,7.86495e-05,2.88591e-09,1.29946e-06
Q6RHY1_127_H8N2,0,2.8376e-07,4.175e-07,0,3.4058e-07,0,0,0,1.57406e-08,3.20838e-06,8.65212e-08,2.84746e-08
A0A3Q7GDK8_733_H8N2,0,0,0,0,0,0,0,0,0,6.18368e-06,0,3.08066e-07
A0A3Q7GDK8_733_H7N2,1.56039e-06,1.48249e-07,8.1883e-07,6.62362e-09,8.57346e-07,0,6.08113e-06,5.82378e-08,1.20253e-06,1.11481e-05,9.85121e-07,5.63165e-07
A0A3Q7F268_746_H8N2,8.50579e-06,1.02069e-05,8.2705e-06,2.48671e-07,0,4.0229e-07,0,3.37051e-06,1.50646e-06,9.13828e-05,6.4764e-06,4.69688e-06
A0A3Q7GS13_95_H7N2,5.39795e-08,0,0,3.85975e-09,4.26653e-09,7.38447e-09,0,2.02162e-07,1.4115e-08,2.56874e-06,6.73716e-07,1.89872e-08
A0A3Q7GDK8_733_H5N2,1.97258e-08,5.06917e-09,7.6598e-07,6.44187e-08,1.31513e-07,3.48429e-08,0,0,0,2.05223e-06,0,0
A0A3Q7JBK4_48_H8N2,1.13856e-06,0,1.14325e-06,0,1.10804e-07,0,0,0,0,1.10727e-06,0,2.84012e-08
A0A3Q7FV78_353_H8N2,7.62082e-08,1.90088e-07,0,6.14494e-07,6.98236e-07,5.27087e-07,1.5032e-06,2.0867e-06,3.0557e-07,2.78806e-06,3.70484e-07,1.68879e-07
A0A3Q7JVY0_195_H8N2,0,0,0,2.63001e-07,0,6.80685e-08,0,4.518e-08,0,4.24657e-06,0,4.64801e-07
A0A3Q7GK63_405_H8N2,1.90357e-06,3.26122e-06,3.23866e-06,0,0,0,1.38265e-05,4.16304e-08,0,4.42415e-06,0,0
A0A3Q7G736_464_H8N2,8.51924e-06,6.48232e-06,3.58748e-06,3.89655e-06,3.47308e-06,3.10398e-06,5.1191e-06,2.3752e-07,3.69909e-07,2.55636e-05,1.37582e-06,1.65125e-06
A0A3Q7GCH2_909_H8N2,0,0,0,0,0,0,0,0,0,7.6209e-06,2.62524e-06,2.9919e-06
A0A3Q7IFZ6_141_H8N2,1.00455e-07,0,2.08433e-08,8.74519e-08,2.97091e-08,4.05672e-06,0,0,0,1.5005e-05,2.96003e-07,7.46236e-07
A0A3Q7HT22_69_H8N2,0,0,0,0,0,0,0,0,2.26656e-07,5.58493e-06,1.77041e-07,0
A0A3Q7EM11_85_H7N2,7.1463e-06,8.8001e-06,4.85852e-06,0,0,4.6326e-08,0.000105826,4.76354e-06,8.96917e-06,1.44044e-05,0,3.9483e-07
A0A3Q7ERU3_487_H8N2,1.04398e-05,7.19556e-06,1.05481e-05,0,4.07586e-07,0,0,0,0,5.03642e-05,2.31913e-06,2.82349e-06
A0A3Q7F341_505_H8N2,2.5871e-05,1.6369e-06,3.32046e-06,0,0,0,2.3197e-05,0,1.01246e-07,3.287e-06,0,5.1689e-07
A0A3Q7FZP1_122_H8N2,1.23977e-06,0.000250422,1.8154e-06,6.62679e-07,1.34255e-06,8.98311e-08,2.36063e-06,0,2.03569e-07,1.37355e-05,0,0
A0A3Q7J204_380_H8N2,0,0,0,0,0,0,3.37167e-07,0,0,3.62647e-06,1.36891e-06,0
A0A3Q7J2K7_461_H8N2,5.56115e-07,5.47227e-07,4.02268e-07,2.82545e-05,2.08438e-05,2.30802e-05,0,2.42211e-07,0,0.000119332,2.71141e-05,1.37381e-05
O82777_177_H7N2,8.16306e-05,0.000105191,7.24221e-05,1.23521e-05,1.32203e-05,4.37176e-06,0.000113959,1.95631e-05,6.26871e-06,0.000933906,0.00170107,0.00129036
O82777_177_H6N2,4.77625e-08,0,0,0.000151712,0.000141212,0.000100426,9.43758e-07,9.36229e-06,9.22099e-07,0.00014248,0.00021929,0.0001605
A0A3Q7FBU4_190_H8N2,1.29944e-06,2.26576e-07,2.6032e-07,0,0,0,1.50213e-06,2.72928e-07,0,1.36737e-05,0,5.36435e-07
A0A3Q7HD25_586_H10N2,0,0,0,0,9.30929e-07,0,0,0,0,4.41024e-06,5.07576e-07,1.13575e-07
A0A3Q7EM11_85_H4N2,0,9.34204e-07,2.18663e-06,4.27594e-07,0,0,0,1.06949e-07,7.21226e-08,1.59363e-05,3.16305e-07,4.68673e-07
A0A3Q7F8U8_92_H8N2,0,0,0,0,0,0,8.95642e-07,0,0,1.31899e-06,0,4.25877e-07
A0A3Q7HD25_586_H8N2,0,0,0,0,0,0,0,1.82204e-07,0,1.27275e-06,1.48903e-07,0
O82777_177_H5N2,1.53633e-06,3.73955e-07,2.77616e-06,3.38633e-05,5.52689e-05,0.000108483,1.41029e-05,2.33642e-05,7.44211e-06,3.95799e-05,4.90056e-05,4.99546e-05
A0A3Q7F7P0_372_H8N2,1.76087e-06,1.29844e-06,9.09367e-06,1.86971e-06,1.40923e-07,2.2175e-06,2.25453e-05,1.77707e-07,4.83227e-07,5.37002e-06,5.86369e-07,1.7998e-07
Q9ZS44_182_H8N2,7.80847e-08,1.13882e-06,1.04958e-06,1.55378e-06,1.12115e-06,5.49861e-06,7.53154e-06,1.36219e-06,3.48656e-07,0.00116305,0.00134289,0.00141801
O82777_376_H8N2,4.70102e-06,4.34285e-06,4.50594e-06,0,0,2.66974e-07,8.81064e-07,1.72045e-06,4.20826e-07,0.000178749,1.01944e-05,4.76701e-06
Q9ZS44_709_H8N2,4.89118e-07,0,0,0,0,0,0,1.00106e-05,1.19058e-06,8.62607e-05,6.07148e-05,4.61172e-05
A0A3Q7G8A3_694_H7N2,0,0,0,0,2.39829e-07,0,4.94607e-07,1.98764e-06,1.33611e-06,4.83283e-06,3.00912e-07,1.36938e-06
O82777_376_H7N2,3.52461e-07,3.01772e-07,2.60516e-07,8.63005e-07,0,4.27523e-07,7.49927e-07,2.41071e-07,2.06128e-06,6.72877e-05,2.78913e-06,2.19033e-06
Q9ZS44_709_H7N2,0,1.56834e-07,0,7.69206e-06,6.93915e-06,9.98474e-07,0,1.49931e-07,3.31704e-07,3.69524e-05,1.67508e-05,1.33953e-05
A0A3Q7JCT2_100_H8N2,7.9285e-06,8.62494e-06,4.34306e-06,0,0,0,1.90267e-06,0,1.53737e-06,3.65358e-05,0,1.16619e-06
A0A3Q7GFG8_831_H7N2,0,0,0,5.17344e-07,7.88689e-07,3.11299e-07,5.35593e-06,9.85296e-06,1.30089e-05,0.000110244,0.000180281,0.000195374
A0A3Q7F2U6_316_H8N2,0,1.35758e-05,0,6.8908e-05,4.31871e-05,7.5777e-05,0,6.08152e-07,0,0.000133642,6.41098e-05,4.2105e-05
A0A3Q7GCZ1_216_H8N2,0.000176896,0.00019205,3.74494e-05,1.12056e-05,9.42518e-06,1.96849e-06,1.43707e-06,0,4.12189e-07,1.23515e-05,0,0
A0A3Q7FAG0_293_H7N2,0,6.69108e-07,0,0,0,0,0,0,1.17671e-07,5.03837e-06,0,6.68854e-07
O82777_376_H6N2,0,0,0,0,0,0,8.70477e-06,0,4.00412e-07,1.5662e-05,6.22692e-07,9.21687e-07
A0A3Q7F5H9_413_H8N2,1.7632e-05,1.83954e-05,1.73847e-05,1.86782e-05,1.718e-05,2.39181e-05,0,1.4383e-06,1.36806e-07,8.93285e-06,7.26469e-07,1.09975e-06
A0A3Q7JCT2_99_H7N2,0,0,0,0,0,0,0,0,0,7.5997e-06,0,0
A0A3Q7JCT2_100_H7N2,1.86287e-06,0,0,8.09272e-07,0,5.13924e-07,0,0,7.15587e-08,1.12544e-05,2.1138e-07,0
A0A3Q7G7T0_261_H8N2,7.48935e-07,6.40964e-06,1.79487e-05,9.27883e-06,5.08967e-06,1.44923e-06,0.000117522,1.0814e-06,7.98269e-07,0.00094967,0.000989417,0.000580686
A0A3Q7ER89_333_H8N2,6.14991e-05,0.00013929,8.68431e-05,2.49563e-05,1.13817e-05,9.14517e-06,5.78473e-05,2.26475e-06,2.8213e-06,1.77533e-05,2.19651e-06,1.38268e-06
Q19QU4_120_H8N2,1.32412e-06,0,0,0,0,2.59357e-07,4.46508e-06,1.67138e-07,0,2.44923e-05,0,1.21316e-06
D3TI68_161_H7N2,4.29566e-06,0,1.38593e-06,0,8.0259e-07,1.9481e-07,6.87457e-06,6.71604e-07,2.16256e-06,8.80433e-05,1.4128e-06,2.4628e-06
A0A3Q7HBS1_366_H8N2,0,2.04083e-06,1.06508e-05,0,2.67935e-07,5.16282e-06,0,2.3278e-05,9.8762e-06,2.82109e-05,5.44347e-06,1.53435e-06
A0A3Q7G7T0_261_H7N2,1.56822e-05,7.35501e-06,5.88474e-06,4.26738e-05,0.000278089,0.000436101,9.55611e-05,5.77714e-05,4.00802e-05,0.000956888,0.000874029,0.000690925
A0A3Q7GH91_38_H8N2,0,0,0,0,5.00172e-06,0,2.25807e-06,0,0,1.84023e-05,2.36923e-06,0
A0A3Q7EHR7_83_H8N2,0,0,0,5.6593e-07,0,0,4.60934e-06,7.39416e-06,6.70427e-06,3.34319e-05,6.82394e-05,8.48694e-05
A0A3Q7H5H2_108_H7N2,2.54285e-07,5.33552e-07,0,0,0,0,0,2.61527e-07,0,2.13095e-06,0,0
O82777_376_H5N2,8.83491e-06,7.90301e-06,1.31587e-05,3.96088e-07,3.91573e-07,4.54683e-07,0,0,0,1.07629e-05,0,2.18912e-07
A0A3Q7G7T0_261_H6N2,0.000126763,0.000117744,0.000146333,3.56202e-06,5.22285e-06,2.59039e-06,7.79345e-06,6.49724e-05,6.07616e-05,0.000235233,0.000243283,0.000243494
D3TI68_161_H6N2,0,0,0,0,0,0,1.88978e-07,3.18361e-07,2.12985e-07,6.35517e-06,0,2.08672e-07
A0A3Q7H5H2_108_H6N2,0,6.83071e-06,8.72804e-06,0,0,0,1.96957e-06,1.0072e-05,5.7048e-06,5.19291e-06,1.375e-07,0
A0A3Q7GH91_38_H7N2,0,0,7.23986e-07,5.54176e-07,0,0,3.43447e-06,0,0,8.17212e-06,7.07427e-06,7.40528e-07
A0A3Q7J4M1_566_H14N4,0,7.72708e-07,0,0,0,8.55358e-07,0,0,0,5.52944e-05,1.5606e-05,1.55187e-05
A0A3Q7F3S3_65_H8N2,2.14889e-07,0,0,0,0,0,0,0,0,6.8174e-06,0,0
A0A3Q7G7T0_261_H5N2,5.13422e-07,1.02988e-05,1.54295e-06,2.68119e-06,1.85691e-06,1.14961e-06,1.2792e-06,9.29543e-05,1.52891e-06,0.00022881,0.000367116,0.000271563
Q9ZS44_731_H7N2,4.98481e-07,6.1112e-07,1.7985e-06,0,0,2.51554e-06,9.39086e-07,0,0,6.91651e-06,0,9.40256e-07
A0A3Q7H5H2_108_H5N2,3.03356e-07,0,0,0,0,0,8.39536e-07,0,1.92447e-07,5.09019e-06,6.03872e-07,6.44495e-07
A0A3Q7EHR7_83_H5N2,0.000187654,0.000121337,8.67849e-05,9.46728e-06,3.95932e-06,1.94303e-05,1.57142e-05,3.06916e-05,3.60199e-05,1.76501e-05,3.56798e-05,3.41202e-05
A0A3Q7J4M1_566_H13N4,1.50788e-05,9.259e-06,7.30186e-06,2.68689e-06,1.50124e-06,0,0,0,0,3.62972e-05,1.31086e-05,2.15247e-05
A0A3Q7GDS0_159_H7N2,0,0,0,8.4126e-06,0,0,6.24777e-07,0,0,2.05532e-05,3.00591e-05,4.24711e-05
A0A3Q7HTM2_1645_H8N2,0,0,0,0,0,0,0,7.44651e-06,1.13473e-06,1.57737e-05,3.35097e-06,2.26764e-06
A0A3Q7HV28_297_H7N2,0,0,0,0,0,3.06596e-06,0,0,0,1.75577e-05,0,0
A0A3Q7J4M1_561_H12N4,0,0,0,0,0,0,0,7.22689e-07,0,8.61892e-06,4.12313e-06,4.78717e-06
A0A3Q7I514_52_H8N2,9.46387e-06,5.33195e-07,2.40037e-05,3.92365e-05,5.04035e-05,4.3578e-05,2.63279e-06,0,0,9.54284e-05,0.000108941,0.000113283
A0A3Q7GVK8_514_H8N2,6.51622e-07,0,1.86518e-06,2.36868e-06,7.38719e-07,1.63512e-05,0,0,5.45877e-07,8.23438e-05,3.49331e-05,2.87998e-05
A0A3Q7FJE6_395_H8N2,9.44159e-06,7.71712e-06,8.45748e-06,1.42332e-06,8.02019e-07,1.58071e-07,3.91119e-07,0,2.6873e-07,9.47621e-06,8.56244e-07,1.46694e-06
A0A3Q7EJ69_186_H8N2,9.06897e-07,5.34821e-07,3.34407e-06,0,0,0,6.40901e-07,0,0,9.83481e-05,0.000166737,0.000156408
A0A3Q7J4M1_561_H8N2,3.56796e-07,0,0,0,5.01807e-07,2.79121e-07,1.34283e-06,6.711e-07,2.83711e-07,1.57735e-05,9.50691e-06,9.32968e-06
A0A3Q7FGZ9_547_H7N2,3.24584e-07,0,3.41344e-07,0,2.50175e-07,0,0,0,0,3.31083e-05,2.57799e-05,3.48104e-05
A0A3Q7G5X9_88_H8N2,0,1.83875e-07,0,0,8.51892e-07,0,0,3.5568e-07,0,1.17896e-05,7.24301e-06,8.81737e-06
A0A3Q7J4M1_566_H8N4,1.75358e-05,2.55536e-05,3.61036e-05,0,0.000108613,9.9829e-05,0,0,3.92234e-07,3.07409e-05,2.48064e-05,2.31956e-05
A0A3Q7FGZ9_547_H6N2,4.29537e-07,1.06346e-06,3.56482e-07,4.68708e-07,4.76155e-07,7.78237e-07,1.14908e-05,1.1427e-05,3.84049e-06,1.39508e-05,5.03734e-05,5.29411e-05
A0A3Q7J4M1_561_H7N2,1.58558e-05,5.1924e-06,0,0,5.46615e-07,0,0,0,0,1.89297e-05,1.46446e-05,8.30771e-06
A0A3Q7J4M1_566_H7N4,0.00017248,0.000368237,0.000195187,3.42162e-06,4.34908e-06,0,0,5.03994e-06,5.11552e-06,8.7309e-05,8.69877e-05,8.8808e-05
A0A3Q7FQF1_347_H8N2,2.73075e-05,2.08624e-06,6.33483e-05,1.93507e-05,1.12715e-05,1.18706e-06,0,0,1.24021e-06,3.33796e-05,1.2614e-05,1.18715e-05
A0A3Q7I3M8_111_H7N2,1.15825e-05,5.54366e-06,6.08796e-07,1.52001e-06,1.98783e-07,2.47564e-06,2.59034e-05,1.43285e-05,9.6987e-06,9.83172e-05,1.08234e-05,3.73709e-06
A0A3Q7INM2_321_H8N2,1.30216e-06,4.99086e-06,1.30723e-06,6.28343e-06,4.79721e-06,1.60852e-05,1.99415e-06,5.48215e-07,2.77043e-07,3.70498e-05,6.80638e-06,1.75601e-06
A0A3Q7J1B1_361_H8N2,8.12426e-07,0,2.31692e-07,0,0,0,0,0,0,9.99475e-06,0,0
A0A3Q7HE99_260_H8N2,7.70935e-06,5.72168e-06,3.73714e-06,5.95742e-06,1.61219e-05,1.18225e-06,5.19025e-06,7.18849e-06,6.80885e-06,0.00295225,0.00487317,0.00926526
A0A3Q7EQZ7_462_H8N2,0,5.35636e-07,1.14886e-07,0,0,4.03937e-07,0,4.82499e-06,4.18421e-06,1.09837e-05,1.13232e-06,3.5854e-06
A0A3Q7F322_185_H8N2,0,0,0,0,0,0,0,1.59068e-06,0,1.47001e-05,1.7911e-05,2.31858e-05
A0A3Q7JK77_6_H8N2,0,1.24375e-06,0,0,0,0,0,0,0,7.21139e-06,0,0
A0A3Q7FB69_902_H5N2,0,0,0,0,0,0,0,0,0,1.65129e-06,0,0
A0A3Q7HNE8_413_H8N2,5.03349e-07,0,1.23621e-06,2.26178e-06,4.94756e-07,2.98488e-07,0,0,0,0.000171544,1.20488e-05,0
A0A3Q7HZ23_94_H8N2,0,0,0,0,1.15479e-05,0,2.59473e-06,3.54349e-06,1.54593e-06,3.98648e-06,4.60325e-06,4.29082e-06
P15003_226_H6N2,0,0,0,0,0,0,4.08542e-05,3.14882e-06,7.1985e-08,1.5314e-05,1.98812e-05,2.52316e-05
A0A3Q7GT02_36_H8N2,1.02711e-06,2.30239e-06,2.51521e-06,0,0,0,8.19464e-07,3.22342e-07,6.56916e-07,5.39214e-06,9.4186e-06,1.51972e-05
A0A3Q7E7F3_175_H8N2,2.20382e-05,4.14519e-05,2.08806e-05,6.5596e-06,8.36787e-06,1.79885e-06,6.10264e-06,1.02645e-05,6.59085e-06,2.95589e-05,6.92678e-06,2.71491e-06
A0A3Q7F968_93_H7N2,0,0,0,0,0,0,0,2.68955e-06,0,0.000299214,0.000425339,0.000415223
A0A3Q7G8A3_53_H8N2,0,7.3733e-07,0,0,9.58986e-07,0,0,0,0,7.86774e-06,3.68878e-06,2.24127e-06
A0A3Q7G7T0_528_H9N6F4,0,0,0,0,0,5.56983e-07,0,0,0,1.5528e-05,9.90687e-07,0
Q9ZS44_182_H7N2,9.14944e-06,8.33154e-06,6.5165e-06,1.98303e-06,1.77393e-07,3.80635e-07,2.61541e-06,1.58945e-06,9.08167e-07,0.000145006,0.00021768,0.000239392
A0A3Q7J2J1_449_H8N2,0,0,0,1.39818e-06,0,4.13842e-07,0,0,0,1.75797e-05,0,0
A0A3Q7F968_78_H7N2,8.98174e-05,0.000115636,6.7327e-05,3.86659e-05,2.63151e-05,1.83028e-05,1.24113e-06,1.45662e-06,1.30529e-06,0.000139733,9.69249e-05,8.03396e-05
A0A3Q7J033_461_H7N2,6.07666e-07,2.25742e-06,8.34138e-06,4.06155e-05,3.39182e-05,4.04468e-05,5.46248e-06,6.30421e-06,9.17301e-06,2.42412e-05,3.96887e-05,6.63102e-05
A0A3Q7GEL2_328_H5N4F3,1.5335e-06,0,1.86511e-06,7.91888e-07,0,0,1.11468e-06,3.62395e-07,2.53828e-07,3.87687e-06,0,0
A0A3Q7FJA5_254_H8N2,0,0,0,0,0,0,0,0,0,6.52839e-06,0,0
A0A3Q7I620_95_H8N2,0,0,0,1.67563e-07,1.90241e-07,0,2.86835e-06,0,0,1.18607e-05,5.56821e-07,0
A0A3Q7G0T6_149_H5N2,0,0,0,0,0,0,0,0,0,1.36555e-06,0,2.47459e-07
A0A3Q7G7T0_528_H13N4,0,0,0,0,0,0,0,0,0,6.00036e-06,0,0
A0A3Q7IMD4_309_H7N2,0,0,0,0,0,0,0,1.18116e-06,8.77651e-07,8.99108e-07,0,5.44527e-07
A0A3Q7ITB1_471_H8N2,5.72057e-06,4.84066e-06,3.12645e-06,0.000322863,0.00037014,0.000301382,0,4.05571e-07,0,4.36752e-05,5.39762e-05,5.1887e-05
A0A3Q7F968_93_H5N2,1.01266e-06,0,0,4.36506e-06,4.13415e-06,3.31833e-07,0,0.000122713,0.0001245,2.65807e-06,6.35809e-06,1.63094e-05
A0A3Q7HQY4_167_H8N2,2.35387e-06,2.75821e-06,6.32061e-06,0,0,0,0,2.18249e-06,0,1.41208e-05,4.2572e-06,0
A0A3Q7F2K6_145_H8N2,1.05981e-06,7.76921e-07,0,6.91829e-06,0,0,0,2.54416e-06,0,3.30481e-05,2.92983e-05,2.77457e-05
A0A3Q7HUY1_83_H7N2,7.42315e-06,5.10268e-06,3.75933e-06,6.02776e-05,5.10654e-05,2.41285e-05,6.25976e-07,4.39076e-07,0,0.000364895,0.00013849,8.26561e-05
A0A3Q7HV28_434_H8N2,7.6825e-06,2.22586e-05,2.33333e-05,2.0905e-05,3.06584e-05,1.00313e-05,7.14277e-05,1.66234e-05,4.9624e-06,0.00310749,0.00369829,0.00387734
A0A3Q7F218_491_H7N2,0,0,2.71412e-07,4.89252e-06,3.55779e-06,0,0,0,3.85377e-07,3.61794e-05,1.56748e-05,2.58041e-05
A0A3Q7I8E6_762_H7N2,3.39277e-07,0,0,0,0,0,0.000112711,0.000107525,7.37703e-05,0.000146757,9.43338e-05,0.000153078
A0A3Q7HUY1_83_H6N2,1.43112e-05,2.27508e-05,1.10139e-05,4.67945e-05,5.31606e-05,4.69362e-05,8.75875e-06,1.21774e-05,0,1.58689e-05,1.52858e-05,1.84936e-06
A0A3Q7GFN2_345_H8N2,1.68634e-06,0,5.16562e-07,0,4.74615e-07,0,0,0,0,9.39709e-05,4.089e-05,1.84717e-05
A0A3Q7HQL1_559_H8N2,4.37142e-07,0,0,0,0,0,0,0,2.79893e-06,6.70306e-05,2.83496e-05,2.85386e-05
A0A0C5AJS1_430_H8N2,1.07548e-06,2.0688e-06,2.76708e-06,0,2.08429e-06,3.25615e-07,0,1.20839e-06,1.41415e-06,0.00043229,0.000486391,0.000766483
A0A3Q7F2K6_145_H5N2,3.18966e-06,1.04144e-06,1.2518e-06,0,0,0,0,0,0,6.5285e-06,7.229e-06,1.28937e-06
A0A3Q7IMQ2_142_H8N2,1.2421e-06,0,0,0,3.19366e-06,1.56447e-06,0,8.88822e-07,0,4.91129e-05,5.30976e-05,6.7301e-05
A0A3Q7EHR7_268_H8N2,0.000200326,0.00024358,0.000355572,2.24698e-05,3.49839e-05,0.000104184,0,2.14752e-07,0,0.000232625,0.000172432,8.8016e-05
A0A3Q7EJ69_735_H7N2,0,0,0,0,0,0,0,0,0,1.93928e-05,7.90302e-06,1.03295e-05
A0A3Q7ILU4_140_H11N2,9.69225e-05,8.16733e-05,5.48343e-05,5.01685e-07,2.30704e-06,1.18949e-05,8.48073e-05,8.20204e-05,7.63205e-05,0.000164417,0.000161285,0.000157236
A0A3Q7GDZ4_114_H8N2,0,0,0,0,0,0,1.70796e-06,0,5.12034e-07,4.98929e-06,0,0
A0A3Q7FA89_1074_H8N2,0,0,0,0,0,0,0,4.87331e-06,1.48125e-06,1.2951e-05,1.47355e-05,8.363e-06
A0A3Q7EHR7_268_H7N2,4.50092e-06,2.21837e-06,1.27727e-05,0,0,0,0,0,0,5.86082e-05,4.31654e-05,5.71153e-05
A0A3Q7JTK0_244_H8N2,0,4.98502e-07,6.96008e-07,0,0,0,0,0,0,4.15981e-06,3.2193e-07,0
A0A3Q7ILU4_140_H8N2,3.48577e-06,5.16138e-07,1.46397e-06,4.06166e-07,3.88661e-06,2.94624e-06,1.16991e-06,7.13083e-06,1.91789e-05,0.00231347,0.00239454,0.00407217
A0A3Q7GAX3_345_H6N3,1.11157e-06,0,5.46345e-06,1.95368e-06,0,1.4516e-06,4.09014e-06,1.54642e-06,1.04886e-05,0.0024903,0.00273738,0.00301231
A0A3Q7GFG8_831_H6N2,0,2.24359e-07,0,8.68706e-06,0,0,1.97148e-06,6.67871e-07,7.28705e-07,1.66084e-05,3.07011e-05,2.78629e-05
A0A3Q7FR24_203_H8N2,0.000127178,8.43846e-05,4.69598e-05,4.06215e-05,6.0783e-05,2.81025e-05,5.24911e-06,2.29049e-05,1.75219e-05,0.00187249,0.0033484,0.00379391
A0A3Q7I6Z9_215_H8N2,1.07649e-06,5.83724e-07,3.54968e-07,0,3.07243e-07,6.8598e-07,0,0,0,9.04336e-05,6.98889e-05,5.50097e-05
A0A0C5AJS1_430_H5N2,4.07073e-07,1.59233e-06,2.02881e-07,9.69564e-07,1.0419e-06,0,6.6069e-07,0,2.07811e-06,1.27317e-05,7.38333e-06,1.61273e-05
A0A3Q7FZP1_399_H7N2,0,6.31953e-07,4.09419e-07,2.55626e-06,1.0832e-06,7.07904e-06,2.98458e-05,5.22386e-05,5.40368e-05,0.00032825,0.000362781,0.000547335
A0A3Q7GAX3_325_H4N3,0,0,0,0,0,0,0,1.13945e-05,4.22758e-06,3.96068e-05,2.97354e-05,2.92509e-05
A0A3Q7F7P0_165_H5N2,0,1.61499e-07,0,0,0,1.90415e-07,0,0,0,1.75056e-05,2.23672e-06,8.24829e-06
A0A3Q7EHR7_268_H5N2,1.45298e-07,0,0,0,0,0,0,0,0,8.77143e-06,1.13195e-05,1.7515e-05
K4BK85_54_H8N2,2.96007e-07,0,0,0,6.26847e-06,3.67299e-06,1.25989e-06,1.44696e-06,9.62649e-07,0.000131048,7.00287e-05,3.50962e-05
A0A3Q7I4S3_225_H6N2,3.63626e-06,1.73335e-06,0,9.91666e-06,2.6443e-07,4.17277e-06,0,0,6.2821e-07,1.25886e-05,1.19279e-05,9.25953e-06
A0A3Q7GAX3_109_H4N2,0,2.30251e-07,0,1.81641e-07,1.08974e-07,0,0,4.6629e-06,1.62044e-06,2.80811e-05,1.77531e-05,1.59615e-05
A0A3Q7JI87_23_H8N2,0,0,0,1.53864e-07,0,0,4.44767e-07,0,0,1.55835e-05,3.61669e-07,1.05767e-06
A0A3Q7EIV5_384_H8N2,1.50391e-05,6.99457e-07,1.34468e-05,1.38588e-06,2.10223e-06,3.14278e-06,8.86671e-07,0,6.87325e-07,5.32773e-05,7.83938e-06,8.14545e-06
A0A3Q7G7T0_531_H6N3,1.2251e-06,5.80868e-06,1.61497e-06,5.41408e-07,1.17161e-06,0,1.83436e-06,9.18215e-07,2.82996e-06,0.000217021,0.000101662,0.000103753
A0A3Q7GPG0_230_H8N2,0,7.67604e-07,1.30843e-06,4.81002e-07,3.54868e-07,1.73733e-06,1.15273e-06,0,1.05323e-06,2.39389e-05,4.62036e-05,7.01257e-05
A0A3Q7F792_295_H8N2,5.17861e-07,0,3.60324e-07,0,0,0,0,0,0,0.00023464,0.000221169,0.000246735
A0A3Q7G7T0_528_H5N3,0.000254113,3.01425e-05,0.000256404,2.31438e-05,1.44083e-05,2.43595e-05,1.02353e-06,0,5.23612e-07,8.84011e-05,4.43693e-05,4.92566e-05
A0A3Q7G7T0_531_H5N4,0,0,0,1.25368e-06,0,9.01207e-07,1.825e-07,3.386e-07,4.22791e-06,1.83742e-05,1.34122e-05,1.4143e-05
A0A3Q7G7T0_528_H5N4,0,0,3.29087e-07,1.89043e-07,0,3.27689e-07,6.72916e-07,1.24195e-06,1.96352e-06,1.94512e-05,1.25092e-05,1.12594e-05
A0A3Q7F792_295_H7N2,0,0,0,0,3.88265e-06,2.37307e-06,0,0,0,6.07779e-06,3.75623e-06,7.50063e-06
A0A3Q7F3P0_270_H8N2,0,1.40622e-06,7.41301e-06,5.58981e-06,6.15161e-07,0,9.52379e-07,4.94583e-07,3.22853e-07,1.67425e-05,6.26778e-05,8.02474e-05
A0A3Q7G9S2_1301_H7N2,3.31078e-06,0,6.9664e-06,7.84404e-07,1.29179e-05,5.79928e-07,8.98787e-07,1.16124e-06,1.55882e-05,0.000234481,0.000232238,0.00030779
A0A3Q7FFV1_438_H6N2,0,5.19621e-07,6.21202e-07,7.37267e-05,7.841e-05,7.76658e-05,6.18208e-07,3.39664e-06,0,0.000131816,0.00016623,0.000234079
A0A3Q7H8B1_336_H8N2,4.19693e-07,4.19465e-06,0,3.68757e-05,2.09728e-05,3.14161e-05,6.95093e-07,9.32428e-07,2.29566e-06,0.000290761,0.000303937,0.000346778
A0A3Q7H2N0_421_H7N2,0,0,0,0,0,0,0,0,2.53572e-07,1.68366e-05,4.43187e-06,5.23437e-06
A0A3Q7FGZ9_547_H5N2,7.78272e-06,0,5.68664e-07,1.06816e-07,1.22891e-07,1.05674e-06,1.4066e-06,7.21895e-06,2.29718e-06,2.35542e-05,3.0434e-05,3.06933e-05
A0A3Q7H8B1_336_H7N2,1.24405e-05,9.98491e-06,6.5777e-06,2.42684e-05,2.99381e-05,8.23603e-06,4.05631e-07,4.0309e-06,5.49233e-06,9.95429e-05,8.44029e-05,9.12396e-05
A0A3Q7FFV1_438_H5N2,1.03176e-05,3.19384e-05,1.51654e-05,0,8.47991e-07,0,7.6553e-06,7.05723e-05,0.000220483,0.000133085,0.000217436,0.000227381
A0A3Q7H4L1_64_H8N2,3.27628e-07,1.72393e-06,0,3.83571e-07,0,0,3.92499e-06,8.51958e-07,2.62191e-05,0.000169826,0.00012177,0.000102828
A0A3Q7HV10_92_H8N2,2.96595e-06,7.71521e-06,1.1093e-06,4.08239e-06,6.39365e-06,8.88563e-06,9.82337e-05,0.000170882,0.000140543,7.14915e-05,0.000109008,0.000137318
A0A3Q7GLH6_43_H8N2,0,0,0,3.98928e-07,0,0,0,4.6457e-06,2.62791e-06,8.71566e-05,0.000153901,0.000240737
A0A3Q7HDB6_202_H8N2,2.92986e-06,3.83087e-07,0,3.45978e-06,2.86559e-05,6.29986e-06,3.21239e-05,6.472e-06,3.037e-05,0.000489846,0.000957664,0.00105474
A0A3Q7I0P8_364_H8N2,6.22797e-07,0,0,1.83762e-05,7.98008e-06,2.54424e-06,0,2.11513e-06,4.31446e-07,1.63851e-05,2.16011e-05,1.88692e-05
A0A3Q7I1E3_405_H7N2,0,6.52079e-07,0,0,4.36563e-07,0,0,2.50563e-07,0,2.78808e-05,2.34856e-05,3.82649e-05
A0A3Q7F074_1328_H7N2,0,0,0,0,0,0,2.70897e-06,6.05625e-06,2.01199e-05,1.894e-05,1.41397e-05,1.15852e-05
A0A3Q7HDB6_202_H7N2,1.87802e-06,2.76623e-06,9.21209e-06,2.93925e-06,4.11429e-06,3.89375e-06,8.80663e-07,2.77746e-06,6.22411e-06,8.95514e-05,0.000311701,0.000446355
A0A3Q7HDB6_202_H6N2,4.16035e-06,3.25695e-06,3.58324e-06,0,0,0,0,0,3.05762e-07,3.25942e-05,9.68664e-05,0.000116002
O82777_745_H8N2,0.000375936,0.000480662,4.55338e-05,5.97369e-05,9.03212e-05,2.26198e-06,4.0357e-06,9.49323e-06,6.25151e-06,0.00276874,0.00535786,0.00536781
A0A3Q7F328_473_H8N2,9.45798e-06,4.12134e-06,4.4612e-06,0.000330201,0.000186374,0.000266653,7.50025e-05,0.000195444,0.000138743,0.00409846,0.00978888,0.00799321
A0A3Q7HXT9_114_H8N2,1.47549e-06,1.84724e-06,3.27129e-06,1.43377e-05,2.36384e-05,3.62499e-06,6.6028e-06,0,0,0.000544381,0.000352994,0.000238228
O82777_745_H7N2,3.68142e-06,1.83536e-05,4.28582e-06,0,5.38029e-06,2.29614e-05,6.18206e-06,3.50852e-05,2.68346e-05,0.000824407,0.00182538,0.00198426
A0A3Q7JX67_119_H8N2,7.8612e-07,1.15274e-06,7.07338e-06,1.00944e-06,4.10349e-07,4.74553e-06,1.29954e-05,1.29714e-05,7.17596e-06,2.62736e-05,4.55658e-05,4.98941e-05
A0A3Q7HXT9_114_H7N2,0,0,0,0,0,0,0,0,0,4.3834e-06,2.19931e-06,0
A0A3Q7F8E3_212_H7N2,0,0,0,0,0,0,0,0,0,2.97379e-06,5.88238e-06,9.70031e-06
A0A3Q7FCH4_73_H8N2,0,0,7.92075e-06,0,0,0,0,3.69123e-06,5.49867e-06,0.000653547,0.000779296,0.00131339
O82777_745_H6N2,3.40363e-06,3.71741e-06,0,4.54761e-06,9.74193e-06,1.47171e-06,8.14597e-05,0.000100102,9.17677e-05,5.14677e-05,0.000113897,0.000136613
A0A3Q7F2K6_661_H8N2,6.27372e-05,4.32172e-05,3.17094e-05,0,0,0,0,0,4.56288e-06,0.000109166,0.000108525,0.000214834
A0A3Q7FCH4_73_H7N2,1.09936e-06,0,0,0,3.76927e-06,2.41239e-06,8.32932e-07,0,8.04017e-07,4.03037e-05,6.16767e-05,0.000112489
A0A3Q7HDL2_954_H8N2,1.32007e-05,7.83607e-06,1.28314e-05,7.55392e-05,3.56734e-05,4.43135e-05,0.000336874,0.00113882,0.000751419,0.00119201,0.00110529,0.00114827
A0A3Q7E7F3_114_H7N2,0,0,4.62496e-07,0,0,0,0,0,0,5.02845e-06,1.13438e-05,1.33933e-05
A0A3Q7FF75_135_H7N2,7.28425e-07,4.10155e-07,0,0,0,0,4.91351e-07,3.53944e-06,5.78895e-06,0.000482252,0.000562024,0.000618214
A0A3Q7HE99_260_H7N2,4.19836e-05,6.59025e-05,0.000160268,4.90936e-05,6.82799e-05,0.000142462,0.00041019,0.000170185,0.000137612,0.00120899,0.00143296,0.00261283
A0A3Q7FF75_135_H6N2,0,0,4.60749e-07,0,0,0,1.47687e-06,1.16163e-05,1.00083e-05,8.07426e-05,9.02971e-05,7.2921e-05
Q6JN47_568_H9N2,0,0,0,8.48322e-07,0,0,1.22209e-05,7.81454e-05,6.83919e-05,6.48525e-06,0.000137343,0.000121647
A0A3Q7FF75_135_H5N2,0,0,0,0,0,0,0,3.95334e-07,0,4.64027e-06,1.15828e-05,5.11304e-06
A0A3Q7IGR5_441_H7N2,6.04289e-07,0,0,3.67686e-06,2.98021e-07,0,2.71366e-06,5.77958e-06,1.38725e-05,5.92489e-05,9.16281e-05,0.000137161
A0A3Q7IGR5_441_H6N2,3.07961e-05,0.000159372,0.000309364,9.88389e-05,0.000121766,0.000345139,1.17956e-05,8.68679e-05,5.67236e-05,0.000187657,0.000405047,0.000773081
A0A3Q7ER11_142_H7N2,0,0,0,0,0,0,0,0,0,8.24445e-05,0.000104567,7.46903e-05
A0A3Q7G8A3_224_H7N2,0,0,0,0,0,0,0,0,0,1.20077e-06,0,0
A0A3Q7HVX4_165_H8N2,2.01092e-06,2.60483e-06,8.08336e-07,2.94098e-06,7.93053e-06,0,1.00858e-06,1.54152e-05,1.49391e-05,0.000231215,0.00045469,0.000660891
A0A3Q7F328_473_H7N2,2.0099e-05,2.80914e-05,4.46019e-06,1.23802e-05,9.01644e-06,3.29788e-06,1.74524e-05,7.19787e-05,2.60045e-05,0.00119588,0.00358409,0.00318585
A0A3Q7F328_473_H6N2,0,1.10003e-06,1.18928e-06,4.59653e-07,2.19313e-06,2.05879e-06,6.3057e-06,1.65575e-06,4.54918e-06,5.78606e-05,0.000191236,0.000184998
A0A3Q7FNG4_134_H8N2,3.34083e-07,0,0,0,0,6.94555e-07,0,2.80974e-06,0,9.59647e-05,0.000120863,0.000150968
A0A3Q7I3M8_41_H8N2,0,2.88072e-06,0,1.64111e-06,9.48312e-07,0,6.28383e-07,0,2.1134e-06,0.00303045,0.00305355,0.00385185
A0A3Q7FKY5_426_H8N2,0,0,0,1.12503e-05,1.03436e-05,0,1.76939e-05,1.47926e-05,5.65525e-07,0.000134312,0.000148036,0.000194013
K4BC63_333_H8N2,0,1.43652e-06,1.07128e-06,0,1.33233e-06,8.5783e-07,1.62671e-06,3.11669e-06,6.99853e-07,0.00025154,0.00021555,0.000309066
A0A3Q7F8A8_1166_H7N2,5.98024e-07,1.56749e-06,2.98068e-06,1.98965e-06,1.17022e-06,2.94008e-06,1.29627e-05,5.47495e-06,5.87427e-06,6.75539e-05,6.03555e-05,8.15585e-05
A0A3Q7F968_106_H7N2,0,0,2.66273e-06,0,6.93368e-06,0,4.72255e-06,4.43265e-07,0,0.00286207,0.00262895,0.00297708
A0A3Q7F968_106_H6N3F1Pen1,1.20762e-05,1.6388e-05,4.3688e-07,1.49183e-05,3.09294e-05,6.33104e-06,0,0,0,0.000272484,0.000193139,0.000251108
K4BC63_333_H7N2,0,0,9.61117e-07,0,0,5.21045e-07,3.0037e-06,5.09904e-06,1.38568e-06,2.15107e-05,2.35868e-05,1.94122e-05
A0A3Q7F968_106_H6N3F1,0,0,0,0,1.98825e-06,0,3.52141e-07,0,0,3.98808e-05,3.51551e-05,3.59071e-05
A0A3Q7EN93_120_H8N2,4.36286e-06,1.10469e-06,5.91904e-06,1.33363e-05,2.92406e-05,6.64793e-06,1.21848e-06,8.3045e-05,8.06099e-05,8.16018e-05,0.000109497,0.000224217
A0A3Q7FLZ0_456_H7N2,2.7527e-07,0,5.25227e-07,0,0,0,0,1.35923e-06,0,6.30352e-05,8.00459e-05,9.62857e-05
A0A3Q7F739_51_H8N2,9.36007e-06,2.73356e-06,3.65041e-06,8.58028e-06,1.28169e-05,1.144e-05,9.18833e-06,2.52456e-06,1.02157e-05,0.00246634,0.0035813,0.00395899
A0A3Q7HPL8_82_H8N2,0.000133407,0.000119003,4.76004e-05,4.0726e-05,5.60452e-05,3.00016e-05,5.79652e-06,7.24401e-07,5.8406e-06,0.000301688,0.000539688,0.000475837
A0A3Q7F968_106_H6N3Pen1,0,0,0,0,3.11331e-06,6.71783e-07,0,0,0,1.99352e-05,3.52789e-05,4.14839e-05
A0A3Q7EN93_120_H7N2,2.79181e-07,0,4.0041e-07,0,0,0,0,4.22854e-07,4.91564e-07,3.31656e-05,3.307e-05,0.000101947
A0A3Q7H8Q1_127_H8N2,2.60248e-05,2.23018e-05,4.48531e-07,3.65308e-07,1.22229e-06,0,0,0,3.41196e-06,0.000240058,0.000297185,0.000316942
O82777_177_H4N7Pen1,0,0,0,0,0,0,0,0,0,2.4088e-05,2.24727e-05,1.06149e-05
A0A3Q7HR28_195_H8N2,1.13239e-05,0,2.58426e-06,0,1.58127e-06,0,8.02552e-05,5.15316e-05,0,0.000500174,0.000411472,0.000519231
A0A3Q7G3G6_88_H10N7F1,0,0,0,0,0,0,0.000136676,0,0,1.52907e-05,1.20218e-05,1.27803e-06
A0A3Q7GFG8_385_H8N2,1.03982e-06,9.3802e-07,9.25447e-07,1.42833e-05,4.27568e-06,4.14509e-06,0.000344315,0.00024282,0.000204934,0.000121162,0.000186342,0.000198052
A0A3Q7I8M4_254_H8N2,1.38898e-05,2.41268e-05,3.67723e-05,1.7839e-05,1.53947e-05,4.64928e-05,0.000123319,0.000213026,0.000194273,0.000374227,0.00030718,0.000331381
A0A3Q7EIZ7_1215_H8N2,4.425e-06,9.5852e-07,1.22288e-06,0,7.76201e-07,0,0,7.4156e-06,0,8.5022e-05,0.000230114,0.000207702
A0A3Q7GDS0_191_H8N2,0,0,2.61889e-06,0,1.03147e-06,1.04781e-06,0,0,0,0.000223865,0.000197492,0.000218376
A0A3Q7EP74_252_H8N2,0.000183732,0.000332216,0.00036408,0.000253899,0.000279765,0.000472405,6.57028e-05,9.45151e-05,0.000123749,0.000737454,0.00108738,0.00122582
A0A3Q7EZX9_242_H8N2,0,1.023e-06,0,0,0,0,1.91623e-06,0,0,6.22601e-06,5.91511e-06,2.34883e-06
A0A3Q7HFP1_95_H7N2,4.03327e-07,0,1.6002e-06,5.01252e-07,1.37662e-06,0,1.35553e-06,0,9.03453e-06,0.000694591,0.000671103,0.000580399
A0A3Q7HFP1_95_H6N2,4.57434e-06,0,2.66111e-06,0.000471895,0.000545121,0.000155538,6.77007e-07,0,0,3.00525e-05,5.06602e-05,5.29651e-05
A0A3Q7GFN0_526_H8N2,0,2.82721e-06,7.78555e-06,0,1.86762e-06,0,9.95467e-06,1.65757e-06,1.63732e-06,0.000453326,0.00049591,0.00060808
A0A3Q7IL74_381_H8N2,0,0,0,0,0,0,0,0,0,2.72252e-05,2.06281e-05,6.43977e-05
A0A3Q7IPT1_1135_H7N2,2.65712e-06,0,0,0,5.77685e-07,2.2184e-06,1.26454e-06,5.64035e-06,4.34325e-06,4.79156e-05,2.65435e-05,1.69282e-05
A0A3Q7HCV5_200_H8N2,0,0,0,0,0,0,0,0,0,1.60048e-05,8.74174e-06,0
A0A3Q7FR24_203_H7N2,0,5.20824e-06,0,2.61302e-06,3.69166e-07,0,3.86473e-06,7.61774e-06,8.60669e-06,0.00010706,0.000154875,0.00011172
A0A3Q7HFD1_85_H8N2,8.63816e-07,0,0,3.33503e-06,2.52485e-06,0,0,1.81315e-06,0,0.000746368,0.000823383,0.000636758
A0A3Q7F9I5_112_H8N2,0,2.45832e-06,0,3.56358e-06,1.7469e-06,8.15181e-07,1.34919e-06,2.57925e-06,0,0.000222186,0.000299458,0.000435385
A0A3Q7F9I5_112_H7N2,0,0,0,9.30236e-07,0,8.16081e-07,0,0,0,3.71878e-05,4.29985e-05,7.6287e-05
A0A3Q7EJ69_761_H8N2,7.78932e-06,4.92833e-06,0,0.000262474,0.000161837,8.20388e-07,5.88956e-05,6.37716e-05,0,0.000555212,0.000777691,0.000767927
A0A3Q7J606_109_H8N2,0,0,0,1.69797e-06,0,0,3.29915e-06,0,0,0.000202529,0.000227279,0.000242097
A0A3Q7IRY4_54_H8N2,3.30208e-05,7.06493e-06,0.000173254,0,0,0,6.85287e-07,0,1.52286e-06,7.21017e-05,9.19761e-05,0.000154455
A0A3Q7EP74_270_H8N2,0,1.95513e-06,0,7.74545e-06,1.36534e-05,5.82698e-06,3.60071e-06,5.30071e-06,7.27933e-06,0.00018204,0.000260676,0.000316246
A0A3Q7I175_551_H8N2,0,0,0,5.89696e-06,6.00278e-05,0,0,0,0,0.000128713,3.65733e-05,1.04277e-05
A0A3Q7IJN4_599_H8N2,0,1.96448e-06,2.17291e-06,9.48756e-06,3.99542e-06,2.51363e-06,4.45343e-06,2.69638e-05,1.04559e-05,0.00014153,0.000246841,0.000459874
A0A3Q7EP74_270_H7N2,0,1.79853e-06,0,0,6.5748e-07,3.49861e-06,2.88615e-07,1.48271e-06,0,0.000116872,0.000186613,0.00015583
A0A3Q7IJN4_599_H7N2,4.20787e-07,0,0,2.63897e-07,3.83511e-07,9.54518e-07,0,2.95372e-06,0,0.000130163,0.000171776,0.000246847
A0A3Q7I3M8_193_H8N2,7.75729e-07,1.01723e-06,0,0,0,0,0,0,9.95073e-07,1.40704e-06,4.72542e-06,0
A0A3Q7HVV9_265_H8N2,4.56141e-07,0,0,1.69556e-05,1.06436e-06,0,1.81376e-06,0,5.58173e-06,0.000125612,7.1065e-05,0.000101471
A0A3Q7FQI8_571_H8N2,0,9.56544e-07,0,0,0,0,0.000168099,0.000215255,5.01554e-05,8.47145e-05,0.000145856,0.000124549
A0A3Q7HVV9_265_H7N2,0,0,0,0,0,0,0,1.05712e-06,0,8.14147e-06,4.82325e-06,7.88117e-07
A0A3Q7FNG4_58_H7N2,0,0,0,0,0,0,0,0,0,7.18362e-06,1.34157e-05,1.89396e-05
A0A3Q7GY58_230_H5N2,0,0,0,0,0,0,0,0,0,1.09939e-05,0,0
O82777_203_H8N2,2.04973e-05,1.34034e-05,2.54227e-05,4.22489e-06,1.41679e-05,6.73871e-06,1.62644e-06,1.9553e-06,0,0.000345007,0.000278635,0.000288886
A0A3Q7EIV5_211_H8N2,4.36066e-06,0,0,0,0,1.26254e-06,2.68705e-06,0,1.87693e-06,5.71203e-05,4.55496e-05,4.65589e-05
O82777_203_H3N4F2Pen1,3.81161e-06,0,0,0,0,0,0,0,0,3.26472e-05,2.98724e-05,0
A0A3Q7ISI7_54_H8N2,0,0,0,0,0,0,0,0,0,1.41553e-05,8.55416e-06,2.43877e-06
O82777_203_H7N2,2.93525e-05,0.000229374,2.6556e-05,3.72221e-06,1.11224e-06,0,2.01779e-05,0.000331216,0.000256673,0.000891869,0.00107697,0.00097921
F8WS84_553_H8N2,0,4.75171e-07,0,1.36675e-06,0,0,3.21703e-05,1.64842e-05,1.52704e-05,0.00108931,0.000757232,0.00106853
A0A3Q7GFN0_314_H8N2,1.9666e-06,1.6072e-06,0,0,0,0,3.02929e-06,5.82628e-06,1.53185e-06,1.69664e-06,1.29403e-06,1.84029e-06
O82777_203_H6N2,2.52934e-06,2.69433e-06,2.97879e-06,5.97562e-07,2.27056e-06,6.01867e-06,1.01532e-05,1.42212e-05,1.97122e-05,5.35995e-05,6.54058e-05,5.46929e-05
A0A3Q7F6U5_1124_H7N2,0,0,0,8.69241e-06,1.80074e-06,8.86694e-07,0,0,0,0.000100763,6.21044e-05,0.000102985
Q9ZS44_208_H8N2,0,0,0,0,0,1.33482e-06,0,1.7442e-06,0,1.55563e-05,1.33529e-05,1.56139e-05
A0A3Q7ESS4_615_H8N2,0,0,0,0,0,0,0,0,0,1.28511e-05,0,0
A0A3Q7F740_548_H7N2,0,7.98425e-06,1.82897e-06,0,0,0,0,0,0,9.29949e-05,8.46739e-05,7.73891e-05
A0A3Q7HZY2_185_H8N2,0,0,0,0,0,0,0,0,5.16771e-06,0.000201712,0.000186961,4.6329e-05
A0A3Q7IRM3_87_H8N2,8.88862e-07,0,1.16154e-06,0,3.89857e-06,0,2.1726e-06,0,0,2.04154e-05,2.51519e-05,1.31836e-05
A0A3Q7J5M8_125_H8N2,5.34519e-06,2.19298e-06,1.23009e-06,0,6.39838e-06,4.80887e-06,0,1.30809e-06,1.84924e-06,0.000437159,0.000274077,0.000349433
A0A3Q7HDL2_594_H7N2,0,1.48496e-06,6.23143e-06,0,0,0,5.42703e-06,0,0,0.00134794,0.000923355,0.000969491
A0A3Q7HDL2_594_H6N2,4.35236e-06,0,0,2.34259e-06,9.47301e-07,3.70405e-06,3.191e-05,9.47855e-07,0,0.000306297,0.000202799,0.000200564
A0A3Q7HDP2_102_H8N2,0,0,7.02424e-06,0,3.87861e-06,0,6.88387e-07,0,1.89486e-06,0.000217163,6.9915e-05,7.06419e-05
A0A3Q7HDL2_594_H5N2,0,0,0,0,0,0,0,1.02226e-06,0,0.000228629,0.0001455,0.000180896
A0A3Q7F268_96_H8N2,5.62955e-07,0,0,0,0,7.10271e-07,8.01005e-07,0,0,0.000220426,0.000140451,0.000138595
A0A3Q7ISH1_236_H8N2,0,4.12719e-06,0,0,0,0,5.71595e-06,3.07694e-06,0,0.00237986,0.00162164,0.00206967
A0A3Q7FA32_466_H7N2,7.50819e-07,0,0,0,0,0,0,0,0,4.26667e-06,9.05719e-06,0
A0A3Q7EJ69_713_H8N2,0.000141201,0,0,5.52319e-05,4.28788e-05,0,1.11958e-06,8.0202e-07,9.60372e-07,0.000115307,0.000117001,0.000171745
A0A3Q7ISH1_236_H7N2,0,1.78615e-06,0,0,0,1.45974e-06,4.65633e-06,3.73713e-06,1.20956e-05,0.000711722,0.000457851,0.000382522
A0A3Q7G077_200_H8N2,1.29564e-06,1.45195e-06,0,4.80599e-07,6.85487e-07,0,1.85863e-06,5.1236e-06,8.11335e-06,9.03697e-05,7.32892e-05,7.42745e-05
A0A3Q7ISH1_236_H6N2,1.91976e-06,0,0,0,1.3428e-06,0,4.73602e-06,1.82144e-06,0,0.000258662,0.000171814,0.000182769
A0A3Q7IRE3_463_H8N2,8.74454e-07,1.37035e-06,2.87705e-06,0,4.49387e-07,1.3528e-06,1.48983e-05,1.51434e-06,9.65779e-07,0.000203168,0.000158453,0.000165439
A0A3Q7ISH1_236_H5N2,0,0,0,0,0,0,1.28155e-07,0,0,7.67885e-05,4.95224e-05,1.20744e-05
P05117_240_H7N2,1.53361e-05,0,1.97356e-06,2.37401e-06,3.41785e-05,0,5.22407e-05,3.81861e-06,1.34732e-06,0.000606117,0.000344138,0.00029112
A0A3Q7FVM6_209_H8N2,7.39873e-07,0,0,9.9526e-07,0,0,3.85734e-06,1.20989e-06,0,0.000125355,8.71883e-05,6.26707e-05
A0A3Q7HD33_168_H8N2,3.22599e-06,1.8672e-05,4.17229e-06,1.0802e-06,1.05302e-06,3.77916e-06,1.09696e-05,1.04019e-05,0,4.21518e-06,3.9332e-05,8.50478e-06
A0A3Q7FXU2_135_H8N2,0,0,0,0,0,0,8.96563e-08,7.91453e-07,0,2.28189e-05,1.94817e-05,3.89459e-06
A0A3Q7F8A8_865_H8N2,1.49701e-06,0,0,4.55227e-05,0.000128413,3.61803e-05,2.30341e-06,1.66819e-06,1.00184e-06,0.000244401,0.00018563,0.000161636
A0A3Q7F268_303_H8N2,0,1.58166e-06,6.92113e-07,0,5.40539e-07,0,2.4757e-06,1.46465e-06,0,0.000123382,0.000136333,0.000155814
A0A3Q7IZG1_207_H8N2,0,0,0,0,0,0,1.1832e-06,0,0,6.30688e-06,7.65607e-06,0
A0A3Q7H8H1_251_H8N2,0,0,0,0,0,1.84694e-06,7.25739e-06,0,0,7.31276e-05,5.57273e-05,4.34905e-05
A0A3Q7HDL2_559_H8N2,1.49006e-06,0,0,0,0,1.48802e-06,5.11947e-06,0,0,0.00136248,0.000933707,0.00120122
A0A3Q7H8H1_251_H6N2,0,0,0,0,0,0,2.94392e-06,0,0,5.07299e-06,3.7344e-06,0
F8WS84_510_H7N2,1.69065e-05,2.57555e-05,1.0728e-06,0.000137254,6.80604e-05,9.37798e-05,5.93289e-05,1.46995e-06,7.31131e-06,0.000461673,0.000349254,0.000338778
A0A3Q7GQ70_223_H5N6,0,0,0,0,0,0,6.18965e-06,0,0,2.25643e-05,0,0
A0A3Q7HDL2_559_H7N2,2.60477e-06,0,1.06456e-06,0,0,0,6.4242e-06,0,0,0.000160135,0.000106306,0.000143308
A0A3Q7GQ70_223_H8N2,3.30054e-05,1.57705e-06,1.88012e-05,4.72897e-06,0,0,1.29402e-06,7.86619e-06,7.65601e-07,0.000182693,0.000168844,0.000161509
A0A3Q7IJE6_69_H8N2,0,0,3.24861e-06,0,0,0,7.83413e-05,1.13599e-06,0,0.000160816,0.000109546,0.000171505
A0A3Q7FD09_212_H8N2,0,1.31083e-06,1.00096e-06,2.53683e-06,0,0,9.1551e-06,7.52282e-07,7.78142e-07,0.000194184,0.000129175,0.000198452
A0A3Q7JVY0_383_H8N2,0,0,2.5387e-06,0,1.18595e-06,0,2.95408e-06,1.7297e-06,7.21736e-07,0.000429276,0.000250307,0.000261617
D3TI68_666_H8N2,3.95713e-05,0.000235251,0.000189946,3.03389e-06,1.81227e-06,1.44722e-05,2.37441e-06,1.27845e-05,1.36453e-05,0.00293999,0.00271687,0.00283978
A0A3Q7HV28_582_H8N2,0,9.29412e-06,0,0,1.94971e-06,0,1.33636e-05,0,0,0.000293343,0.000213929,0.000292247
A0A3Q7HDB6_168_H8N2,0,0,0,0,0,0,1.00446e-05,0,4.55815e-06,4.66521e-05,9.33509e-05,7.75788e-05
A0A3Q7JVY0_383_H7N2,0,0,0,0,0,0,0,6.87309e-05,5.38071e-05,4.82713e-06,0.000106386,8.78078e-06
A0A3Q7H4L1_106_H8N2,0,0,0,0,0,2.80349e-05,3.93867e-06,1.9019e-05,0,0.000282912,0.000104821,0.000211255
A0A3Q7H3Z1_101_H8N2,1.5024e-05,7.3641e-06,7.01203e-06,4.63795e-06,1.35634e-06,5.24249e-06,0.00138209,0.00149397,0.00154661,0.0333414,0.0249261,0.0330262
A0A3Q7H3Z1_101_H7N2,0,6.29292e-06,0,6.25439e-06,1.03913e-05,9.63909e-07,2.65851e-05,0.000104134,3.23414e-05,0.00627754,0.00622985,0.00724352
A0A3Q7GS13_273_H5N3,6.78918e-06,0,0,0,0,0,0,0,0,1.49437e-05,0,4.65093e-06
A0A3Q7H3Z1_101_H6N2,1.00303e-06,0,0,0,0,0,4.64228e-07,0,0,6.68929e-05,0.000141429,0.00014282
A0A3Q7HG62_56_H8N2,0,0,0,1.04943e-05,1.81831e-05,0,0,1.85942e-06,3.46986e-06,0.000746308,0.000586548,0.000607051
A0A3Q7IJT9_497_H8N2,0,0,0,0,0,0,0,0,0,5.99657e-05,3.37473e-05,3.51796e-05
D3TI69_441_H8N2,0,1.54599e-06,0,0,0,1.21804e-06,4.46144e-06,5.0733e-06,0,0.000879152,0.000512585,0.000612469
A0A3Q7HG62_56_H7N2,0,0,0,1.95364e-06,0,0,0,0,0,0.00040101,0.000196448,0.000262081
D3TI69_441_H7N2,0,0,1.48387e-06,0,0,0,0,0,2.69672e-06,0.000104875,7.3221e-05,8.76809e-05
Q9ZS44_208_H7N2,3.20796e-06,1.14216e-05,1.38004e-06,0,4.85371e-06,7.84845e-06,6.18396e-06,4.21827e-07,5.98016e-06,6.56537e-05,6.9951e-05,7.75106e-05
A0A3Q7ER67_80_H8N2,0,0,3.87075e-06,0,0,0,0,2.25124e-06,0,2.80797e-05,2.4555e-05,6.43556e-06
A0A3Q7GP69_78_H8N2,0,0,0,0,0,0,1.16779e-06,0,0,7.4933e-06,7.11106e-06,1.06223e-05
A0A3Q7IZ80_126_H8N2,0,0,5.92769e-06,3.26906e-06,4.23827e-06,7.48221e-07,5.15353e-05,8.65036e-05,5.50907e-05,0.000128415,0.000112169,8.54221e-05
A0A3Q7EU46_201_H7N2,0,0,0,0,0,0,4.64084e-06,0,0,2.38604e-05,1.9598e-05,2.30869e-05
A0A3Q7HV28_448_H8N2,2.41564e-05,4.95616e-05,8.09941e-05,2.52021e-05,3.02691e-05,8.65985e-05,0.000127596,0.000207838,0.000211451,0.000514008,0.000439681,0.000436696
A0A3Q7GNX8_471_H8N2,0,0,1.15163e-06,2.0018e-06,8.83758e-07,1.72178e-06,1.80514e-05,0.000114197,6.13666e-05,0.000173237,0.000106497,0.000151036
P14280_175_H8N2,3.09876e-06,6.42337e-06,3.39383e-06,6.17871e-06,4.05898e-06,3.53295e-06,1.68498e-05,8.57796e-06,4.97864e-07,4.5747e-05,2.20933e-05,2.41996e-05
A0A3Q7JTK0_92_H8N2,0.000120511,0.000122177,0.000114133,0.000100478,6.51237e-05,0.000147281,5.01926e-06,8.44178e-06,6.53757e-06,0.000247329,0.000221173,0.000277359
A0A3Q7F5Y3_142_H7N2,0,0,0,1.32412e-05,1.2465e-06,7.33012e-06,2.1552e-06,0,0,7.94499e-05,7.11523e-05,6.20708e-05
A0A3Q7HEE3_103_H8N2,0,0,0,0,0,0,3.80869e-06,0,1.15343e-06,8.94871e-05,6.10418e-05,7.45839e-05
Q43143_105_H8N2,0,7.42078e-07,0,0,6.31515e-07,0,2.98671e-07,0,6.60162e-07,3.87421e-05,3.1368e-05,3.6273e-07
A0A3Q7GML5_48_H7N2,0,0,0,0,0,0,3.11892e-06,0,0,2.5505e-05,1.46865e-05,1.94354e-05
A0A3Q7HEE3_103_H7N2,0,0,0,0,0,0,0,0,0,9.99046e-06,2.11054e-05,1.64967e-05
A0A3Q7F4L9_201_H8N2,6.6337e-06,7.20604e-06,4.17916e-06,4.17591e-07,1.672e-06,6.29662e-06,1.7255e-05,1.49528e-05,1.96327e-05,0.000378312,0.000228884,0.000256799
A0A3Q7HE03_188_H8N2,0,0,0,0,1.82529e-06,0,1.3021e-05,9.00838e-06,0,9.63227e-05,0.000113517,9.84278e-05
A0A3Q7F7P0_314_H7N2,7.99244e-06,4.32672e-06,1.92233e-05,8.12654e-06,1.00213e-05,1.18219e-06,7.98584e-05,3.91941e-05,3.45353e-05,0.000647058,0.000588584,0.000467211
A0A3Q7J3L2_98_H8N2,0,0,0,0,0,1.60639e-06,0,1.3314e-05,2.25174e-06,0.000165687,9.28437e-05,0.000108215
A0A3Q7F968_47_H8N2,7.35585e-05,0.000100509,9.74398e-05,8.29705e-05,5.80523e-05,0.000120941,8.34136e-06,8.71214e-06,1.00096e-05,5.93158e-05,0.000116187,8.60031e-05
A0A3Q7G7T0_477_H7N2,0,0,0,4.96314e-06,2.37038e-06,1.12996e-06,2.75045e-05,3.35109e-06,1.17533e-06,0.000174841,0.000103046,0.000153966
A0A3Q7F7P0_314_H6N2,1.00399e-06,9.06705e-07,0,4.60628e-06,1.11513e-06,0,1.1232e-05,7.14754e-06,3.57481e-06,3.93047e-05,5.53154e-05,4.78691e-05
A0A3Q7HV28_111_H8N2,2.53118e-05,3.36533e-05,4.68796e-06,2.60079e-05,2.65726e-05,1.81424e-05,2.17133e-05,1.5947e-05,1.81591e-05,0.000394086,0.000724211,0.000725777
Q9M510_212_H8N2,9.10028e-07,0,6.84847e-07,3.58906e-06,1.73212e-06,1.35363e-06,1.81322e-05,7.83022e-06,7.89033e-06,0.000785038,0.000722943,0.000738246
A0A3Q7IRY4_42_H8N2,0,0,0,3.52414e-06,0,7.17702e-07,1.60759e-05,7.08833e-05,9.42894e-06,4.37183e-05,4.43623e-05,3.58196e-05
A0A3Q7FKY5_196_H8N2,0,1.90367e-06,0,1.84402e-06,3.38625e-06,1.13759e-06,2.3602e-05,3.50801e-05,8.19906e-06,0.000326261,0.000265099,0.000286259
A0A3Q7IAA3_564_H8N2,0,0,0,0,0,0,0,0,0,3.42801e-06,0,0
A0A3Q7FK07_318_H8N2,2.20511e-06,0,9.19149e-07,0,1.6006e-06,0,4.67185e-05,3.10206e-06,3.60595e-06,1.80807e-05,1.18281e-05,1.63643e-05
A0A3Q7GFU5_129_H8N2,9.73271e-05,0.000227449,8.01781e-05,0.000120588,3.69223e-05,1.92017e-06,2.63385e-05,9.34245e-05,2.43522e-05,0.000208014,0.000155138,0.000125658
A0A3Q7F268_754_H8N2,0,6.50531e-07,0,0,0,6.6371e-07,3.09217e-06,0,1.63152e-06,0.000203009,0.000146251,0.000196175
A0A3Q7EZX9_122_H8N2,0,0,0,0,0,0,0,1.47708e-06,0,2.51482e-05,1.04632e-05,6.85179e-06
A0A3Q7F7I4_272_H7N2,0,0,6.31506e-06,0,0,0,1.55735e-06,1.16451e-06,0,8.14623e-06,4.99494e-06,0
A0A3Q7FF75_81_H7N2,5.18863e-05,5.68031e-05,2.7289e-05,4.16821e-05,2.46434e-05,4.93095e-05,6.79855e-06,5.22593e-06,1.273e-05,0.000467306,0.000309444,0.000319846
A0A3Q7HG98_195_H5N2,7.64369e-07,0,0,5.15586e-05,3.61559e-05,2.48422e-05,8.63236e-07,0,0,1.17632e-05,1.35719e-05,1.40571e-05
A0A3Q7HV28_204_H7N2,5.10813e-06,1.08357e-05,2.14189e-05,9.89097e-06,1.49115e-05,1.56281e-05,5.78131e-05,0.000131049,3.86065e-05,0.00167104,0.00127108,0.00115149
A0A3Q7FF75_81_H6N2,0,0,0,0,0,0,8.63761e-06,1.71557e-06,2.16324e-06,1.92035e-05,1.36245e-05,1.03383e-05
A0A3Q7HV28_204_H5N2,0,9.06292e-07,4.37483e-07,0,2.52607e-07,4.52822e-07,6.9721e-06,3.50486e-06,2.67067e-06,3.02082e-05,2.40288e-05,2.16138e-05
A0A3Q7HV28_366_H8N2,4.64739e-06,2.33425e-06,7.16897e-07,1.3662e-05,4.41508e-06,7.67748e-07,2.15591e-05,1.91684e-05,3.70218e-05,0.00739399,0.00624363,0.00579849
A0A3Q7HTM2_1696_H8N2,0,0,0,8.57279e-07,3.21626e-05,0,0.000147802,0.00050119,0.00063505,0.000247452,8.01729e-05,8.21701e-05
A0A3Q7I8M4_369_H8N2,2.96447e-05,5.63765e-05,3.9912e-05,9.25559e-06,6.50404e-06,3.48659e-06,8.98803e-06,0.00119241,1.87711e-05,0.000268195,0.000154439,0.000126784
A0A3Q7HV28_366_H7N2,1.92281e-06,5.16341e-07,5.32748e-06,0,4.67948e-06,0,7.41827e-05,3.00968e-05,3.33185e-05,0.000927227,0.000662092,0.000658029
A0A3Q7FF98_162_H8N2,0,0,0,0,6.2611e-07,0,0,9.89775e-07,1.36198e-06,5.05974e-05,4.25155e-05,3.62772e-05
E3UVW7_536_H8N2,3.33464e-06,0,4.81953e-07,0,0,0,1.30271e-05,7.54252e-06,2.52587e-06,8.73265e-06,0,0
A0A3Q7HTM2_1696_H7N2,0,2.34564e-06,5.64681e-07,0,5.95745e-07,3.21221e-05,3.25261e-06,6.31402e-07,2.12381e-06,6.50879e-05,1.61224e-05,3.88115e-05
A0A3Q7GFN2_425_H8N2,0,8.00699e-07,0,0,4.02152e-06,0,0,1.56416e-05,1.43162e-05,0.000131002,8.32782e-05,8.63341e-05
A0A3Q7HF41_41_H8N2,2.16568e-05,2.09129e-05,6.68114e-05,5.21811e-05,4.97701e-05,1.20155e-05,4.04746e-06,8.95278e-07,1.18549e-06,0.000334472,0.000312625,0.000333336
A0A3Q7FMM0_52_H8N2,4.41167e-06,8.73031e-06,4.60542e-06,9.12147e-07,1.21004e-05,4.44636e-06,2.05695e-05,8.40168e-05,0.000179164,0.000314052,0.000294311,0.000198606
A0A3Q7FMM0_52_H7N2,1.22425e-06,1.52191e-06,1.97699e-06,3.55571e-06,2.01107e-06,1.08285e-06,2.62268e-05,7.76095e-05,4.69191e-05,0.000142149,0.000118089,0.000110413
A0A3Q7J3L2_98_H7N2,0,0,0,1.8665e-06,2.86155e-06,0,0,2.17641e-06,1.31365e-05,8.1178e-05,4.37004e-05,6.80459e-05
A0A3Q7IFT3_348_H7N2,0,0,0,0,0,0,4.87094e-05,4.52421e-05,7.85378e-05,5.28111e-06,0,0
A0A3Q7GSM2_303_H7N2,3.0477e-05,3.8866e-06,3.86817e-05,5.27633e-07,1.85295e-06,2.59035e-06,2.25149e-05,2.31154e-05,1.80628e-05,9.57997e-05,8.12094e-05,8.4245e-05
A0A3Q7IPT1_835_H7N2,0,0,0,0,0,0,0,3.06988e-06,0,1.98435e-05,1.20857e-05,8.03822e-06
A0A3Q7J1M8_119_H7N2,0,0,0,0,0,0,0,0,0,5.28646e-06,3.68138e-06,0
O82777_697_H8N2,5.08576e-06,0,3.92953e-06,1.93306e-06,3.74511e-06,4.39671e-06,8.78722e-06,1.00684e-06,1.1457e-05,0.00556443,0.00528896,0.00485465
A0A3Q7HVV9_120_H5N2,0,0,0,0,0,0,0,0,0,4.49634e-06,7.7566e-06,0
O82777_697_H7N2,2.23048e-06,9.2562e-06,3.87272e-06,3.86034e-06,4.72562e-07,2.00917e-06,1.54971e-05,1.26498e-05,1.172e-05,0.000725093,0.000895042,0.000831921
Q40143_252_H8N2,0.000180148,0.000280237,0.000470726,0.00033381,0.000391694,0.000281604,0.0011986,0.001237,0.00109951,0.00581471,0.00382236,0.00325523
A0A3Q7GFG8_314_H8N2,0.00077714,0.00111064,0.00088178,0.000234077,0.000342022,0.000312785,2.16707e-06,7.50291e-06,1.44114e-05,3.73485e-05,3.69949e-05,4.61924e-05
O82777_697_H6N2,0,5.95878e-07,5.57203e-07,8.55282e-07,0,2.73966e-06,3.45443e-06,0,0,6.19611e-05,6.32827e-05,7.81808e-05
A0A3Q7I1M1_87_H8N2,0,0,0,0,0,0,2.88395e-06,0,0,0.000311392,0.000242033,0.000225576
A0A3Q7HV28_62_H8N2,6.08176e-06,1.29067e-05,3.04778e-05,1.97275e-05,5.52099e-05,2.09791e-05,0.000430426,0.000277386,0.000110123,0.00486406,0.00383394,0.00346883
A0A3Q7EHP2_279_H8N2,0,0,0,8.03924e-07,0,0,0.000119448,0.000150088,9.4085e-05,0.000107087,9.92598e-05,0.00015137
O82777_697_H5N2,4.72057e-07,0,4.7152e-07,6.41221e-07,1.71491e-07,1.46692e-06,0,9.8804e-07,2.11396e-06,2.14522e-05,2.07693e-05,2.76072e-05
A0A3Q7EHP2_279_H7N2,0,0,1.32685e-06,2.94361e-06,0,1.72677e-06,4.34793e-05,1.06317e-05,2.02898e-06,7.69601e-05,0.000110094,0.0001381
A0A3Q7HWG9_59_H8N2,0,0,1.52516e-06,0,0,0,0,0,0,7.49404e-06,0,0
A0A3Q7EHP2_279_H5N2,1.47014e-06,0,1.04956e-06,1.10505e-06,4.36606e-07,0,6.1057e-06,1.71227e-06,6.52446e-06,0.000115377,0.00014411,0.000264339
A0A3Q7HI59_378_H8N2,0,5.94931e-06,2.46917e-05,0,0,0,0,1.45661e-06,0,1.50971e-05,1.37337e-05,1.45643e-05
A0A3Q7I393_469_H8N2,0,0,0,0,5.41223e-07,0,1.80397e-06,2.85291e-06,0,1.66384e-05,1.30413e-05,5.63621e-06
A0A3Q7HI59_378_H7N2,0,0,0,0,1.85915e-06,1.41477e-06,1.1351e-06,0,0,7.66791e-06,6.47064e-06,6.57289e-06
A0A3Q7EHP2_279_H4N2,0,0,0,0,0,0,3.15962e-07,1.74742e-06,2.03534e-06,9.54843e-06,1.5298e-05,2.67596e-05
A0A3Q7FNK7_556_H8N2,1.18957e-05,1.00034e-06,1.0991e-05,3.21896e-06,3.80001e-07,0,4.18709e-06,7.39015e-06,8.58397e-06,3.80424e-05,3.68574e-05,3.83432e-05
A0A3Q7HVV9_373_H7N2,0,2.3716e-06,2.02949e-06,1.03077e-06,2.94891e-06,2.38615e-06,7.26566e-06,7.36131e-06,8.55161e-06,0.000163158,0.000123041,0.000137467
D3TI68_282_H3N4F3,2.39871e-06,6.78389e-07,1.18592e-06,0,0,0,0,2.31223e-07,0,1.74833e-06,1.5038e-06,2.37116e-06
A0A3Q7ICC7_240_H8N2,1.24958e-06,0,0,0,0,8.49709e-07,5.39409e-06,2.28621e-06,3.56558e-06,0.000318344,0.000239576,0.000244163
D3TI68_282_H7N2,0,1.44845e-06,3.08447e-06,7.19586e-06,9.14948e-06,6.42734e-06,1.18192e-05,3.94828e-05,8.26652e-05,0.000284005,0.000324193,0.000324015
A0A3Q7G7T0_311_H2N4F2Pen1,0,0,0,6.34059e-07,0,1.74915e-06,2.59922e-06,2.66527e-06,2.32791e-06,1.36267e-05,8.54416e-06,4.74461e-06
D3TI68_282_H6N2,3.88209e-06,1.84995e-06,4.07436e-07,3.12167e-06,7.61974e-07,6.60192e-07,3.79662e-06,9.32489e-06,6.62475e-06,1.62815e-05,1.51867e-05,1.77597e-05
A0A3Q7HFP1_486_H8N2,4.44805e-06,1.61003e-05,2.47241e-05,7.36508e-05,6.12354e-05,3.08446e-05,5.64984e-06,1.7954e-05,1.06674e-05,0.000424054,0.000280427,0.000312563
A0A3Q7JF59_193_H8N2,0,0,0,0,0,0,4.34102e-06,0,5.98381e-06,6.50733e-05,3.57021e-05,4.23018e-05
K4BC63_214_H8N2,0,0,1.38691e-06,0,5.93213e-07,0,3.84292e-06,6.24018e-06,1.56639e-06,2.59366e-05,1.52301e-05,1.72143e-05
A0A3Q7F6J3_308_H8N2,0,0,0,0,0,0,1.06022e-06,1.08616e-05,4.69249e-06,4.26944e-05,2.17936e-05,2.44695e-05
A0A3Q7JCT2_74_H8N2,2.68563e-05,4.3813e-05,1.94581e-05,0,0,3.05931e-05,5.32084e-06,8.14825e-06,5.27115e-06,0.000108788,9.69769e-05,0.000147815
A0A3Q7JCT2_74_H7N2,2.53161e-05,0,3.23571e-05,0,3.58344e-06,0,3.39822e-05,4.75078e-06,4.18575e-06,9.69596e-06,7.85344e-06,1.75404e-05
A0A3Q7HTM2_1826_H8N2,0,0,0,0,0,0,0,9.9157e-07,0,4.93553e-06,2.96739e-07,0
A0A3Q7FP33_303_H5N2,0,0,0,1.1025e-05,1.47277e-05,2.13051e-05,5.66564e-07,4.82782e-07,0,1.92848e-05,5.69076e-06,1.62368e-05
A0A3Q7I1G8_340_H8N2,1.83794e-05,2.79212e-06,0,2.26463e-06,0,0,0.000959062,8.56542e-05,0.000461058,0.000131665,0.000108162,0.000150522
P15003_214_H9N2,0,0,0,0,0,0,5.57016e-06,0,4.47475e-06,6.1221e-06,2.98628e-06,5.1961e-06
A0A3Q7HDZ4_208_H8N2,0,0,0,0,0,0,0,0,0,6.33686e-06,3.53588e-06,2.46993e-06
A0A3Q7FVM6_100_H7N2,0,2.10771e-06,4.67364e-05,0,7.08733e-06,5.0437e-06,8.10321e-07,1.97366e-06,9.41327e-07,1.9628e-05,1.50986e-05,1.37209e-05
A0A3Q7GHC2_132_H8N2,0.000789251,0.00111973,0.00147137,0.00127363,0.000555416,0,1.0183e-05,2.1615e-05,0.000122784,0.000183048,8.09681e-05,8.13752e-05
A0A3Q7IZG1_80_H8N2,3.80949e-06,0,0,0,0,0,0,1.89312e-06,2.0906e-06,2.63306e-05,1.42039e-05,2.44902e-05
A0A3Q7IU14_439_H10N2,0,0,0,2.58425e-05,2.29827e-05,1.60076e-05,2.91226e-06,7.56768e-06,3.89771e-06,6.86221e-05,4.72312e-05,5.02588e-05
A0A3Q7IXT7_370_H7N2,0,0,0,0,0,0,2.67821e-05,3.27848e-05,2.66798e-05,2.48265e-05,1.73998e-05,1.64309e-05
A0A3Q7G077_401_H8N2,0,0,0,0,1.11664e-06,0,0,0,3.52465e-06,9.72983e-06,6.87935e-06,1.33299e-06
A0A3Q7F769_98_H8N2,0,0,0,0,3.29979e-06,0,1.7332e-05,1.41512e-05,6.99749e-06,3.5625e-05,2.71323e-05,3.64025e-05
A0A3Q7F769_98_H7N2,0,9.46744e-06,0,1.9368e-05,4.67857e-06,1.99343e-06,1.07188e-05,3.21995e-05,1.29098e-05,4.71462e-05,1.81801e-05,1.80269e-05
A0A3Q7FW21_1046_H8N2,0,0,0,0,0,0,0,0,0,6.05399e-06,4.29227e-06,0
A0A3Q7IRE3_210_H7N2,0,0,0,0,0,0,0,9.70776e-07,0,1.09821e-05,4.16379e-06,4.84478e-06
A0A3Q7JGF7_341_H5N2,0,0,0,0,0,0,0,0,0,4.90344e-06,0,0
A0A3Q7GFG8_156_H8N2,0,0,0,1.2575e-06,1.66816e-06,0,5.34728e-05,4.38692e-05,2.64063e-05,2.18289e-05,1.52513e-05,1.71796e-05
A0A3Q7HDP5_435_H8N2,0,0,4.91837e-06,1.37529e-05,9.41245e-06,0,5.06605e-05,7.07511e-05,3.62386e-05,8.15149e-05,3.83341e-05,3.65162e-05
A0A3Q7HIL7_276_H9N6F1,0,0,0,0,0,0,2.77258e-05,2.98679e-05,2.50798e-05,3.54012e-05,3.50782e-05,2.9619e-05
A0A3Q7J033_343_H8N2,8.88495e-05,2.31616e-05,1.2627e-05,1.91512e-05,5.11406e-05,3.12015e-05,7.76016e-05,0.000126085,8.22326e-05,0.000322168,0.000212881,0.00032441
A0A3Q7FF75_185_H8N2,0,4.32678e-06,4.89649e-06,1.37369e-06,5.95082e-06,1.50175e-06,6.02094e-05,4.00705e-06,0.000405157,0.00149663,0.00112223,0.00115717
A0A3Q7FF75_185_H7N2,0,0,0,0,0,0,0,1.85113e-06,0,1.3286e-05,7.93958e-06,8.82642e-06
A0A3Q7HTT9_328_H8N2,0,0,0,1.58711e-06,0,0,0,0,1.73448e-06,9.55674e-05,9.17894e-05,9.09997e-05
A0A3Q7J4M1_499_H8N2,0,0,0,0,3.91472e-06,0,1.58708e-05,2.8725e-05,1.67503e-05,4.04308e-05,3.0507e-05,3.86665e-05
A0A3Q7ER11_245_H8N2,0,0,0,0,8.79017e-06,0,1.66712e-06,1.20283e-06,0,1.20404e-05,6.93268e-06,5.26291e-06
A0A3Q7HDP4_13_H8N2,0,0,0,2.86835e-06,3.44343e-06,1.51704e-05,5.71955e-06,1.59798e-05,1.66984e-05,2.27654e-05,2.51359e-05,1.53679e-05
P15003_200_H16N4,0,0,0,7.8925e-06,0,0,0,3.06792e-06,0,1.39826e-05,8.92488e-06,7.64802e-06
A0A3Q7I6R5_191_H8N2,1.30012e-05,3.72926e-05,3.09582e-05,1.96067e-05,5.18487e-05,3.86662e-05,1.60283e-06,1.00372e-05,6.98722e-06,0.000419309,0.000423009,0.0003691
P15003_214_H10N8,0,0,0,0,4.03765e-06,0,7.24194e-06,6.10286e-06,0,0.000112305,7.73732e-05,0.000107647
P15003_214_H15N4,5.50694e-06,0,0,0,0,0,3.04936e-06,0,1.30513e-05,0.000244647,0.000150677,0.000180003
P15003_214_H9N8,4.80672e-06,5.33458e-06,0,2.80708e-06,6.1947e-06,9.51517e-06,4.33188e-06,2.4023e-06,2.12224e-06,0.000287285,0.000168438,0.000217052
P15003_214_H14N4,0,0,5.65909e-06,0,0,0,0,3.62191e-06,7.16396e-07,8.50142e-05,4.9773e-05,6.19845e-05
F8WS84_77_H8N2,1.92658e-06,0,7.42818e-06,2.54654e-06,1.48131e-06,0,6.45749e-06,2.04594e-05,5.61921e-06,0.00127419,0.000596303,0.000400903
P15003_214_H13N4,0,0,0,0,0,0,7.09479e-05,2.99948e-05,2.18267e-05,7.51786e-05,5.36071e-05,4.69829e-05
P15003_214_H5N8F3,0,0,0,7.38347e-06,7.80963e-05,0,1.08597e-05,1.56129e-06,0,0.000216304,0.000145151,0.000153961
P15003_214_H11N4Pen1,0,0,0,0,0,0,5.16008e-06,6.67514e-06,1.01119e-05,2.30758e-05,1.33579e-05,1.94455e-05
A0A3Q7IJ81_145_H8N2,0,0,0,0,0,0,0,0,0,6.58493e-06,0,0
A0A3Q7I4S3_471_H8N2,0,0,0,0,0,0,0,0,0,3.18925e-05,1.59022e-05,2.52718e-05
A0A3Q7HFP1_486_H7N2,0,7.0405e-06,3.86508e-06,0,4.93728e-06,1.75967e-06,1.14493e-06,8.58024e-06,1.34627e-05,2.71011e-05,8.23495e-06,2.0282e-05
A0A3Q7HIL7_201_H8N2,0.000138066,0.000102484,5.28408e-05,9.67699e-05,6.62658e-05,8.51566e-05,1.35303e-05,0,3.88859e-06,2.74303e-05,1.23407e-05,1.51278e-05
A0A3Q7HIL7_201_H7N2,0,0,2.83055e-06,1.18091e-05,0,7.02226e-06,8.5054e-06,0,8.07552e-06,3.71361e-06,1.83389e-05,1.37889e-06
A0A3Q7FPQ1_76_H8N2,0,0,0,0,0,0,0,3.68324e-05,3.427e-05,0.000116582,8.00247e-05,9.24701e-05
A0A3Q7I1G8_171_H8N2,1.52871e-06,0,1.45078e-06,0,0,0,8.87109e-06,8.77752e-07,0,1.44642e-05,7.73382e-06,7.74825e-06
A0A3Q7HFP1_561_H7N2,0,4.61686e-06,3.48777e-06,0,2.04834e-06,5.6409e-05,8.21885e-07,1.11156e-06,0,2.88179e-05,1.54e-05,1.52896e-05
A0A3Q7ETD3_460_H8N2,0,0,0,0,3.08684e-06,0,1.16074e-06,9.80704e-07,1.47951e-06,5.05026e-06,1.90257e-06,0
A0A3Q7J5M8_288_H9N2,0,0,2.48869e-05,0,4.00518e-05,0,6.20756e-06,1.24619e-05,8.20383e-06,6.04496e-06,0,2.86574e-06
A0A3Q7EES8_460_H8N2,0,0,2.45498e-06,3.2684e-06,2.01573e-06,5.12745e-06,4.81275e-06,6.90195e-07,3.56761e-06,0.000114608,0.000107939,0.000106683
A0A3Q7HRS3_145_H8N2,5.81151e-06,2.23512e-06,2.7932e-06,3.07632e-06,4.53386e-07,7.71543e-06,3.97901e-05,4.53863e-05,4.62767e-05,2.61051e-05,1.84262e-05,2.01989e-05
A0A3Q7GB74_257_H8N2,3.19799e-06,1.75709e-06,1.56228e-06,9.15386e-06,7.64533e-06,8.57093e-06,3.14517e-06,0,5.68712e-06,0.000676421,0.000309982,0.000410442
A0A3Q7IPT1_724_H7N2,0,0,4.82954e-05,5.18282e-06,0,0,2.80043e-07,0,0,1.39132e-05,8.91297e-06,1.33931e-05
A0A3Q7GB74_257_H7N2,0,2.2672e-06,0,0,3.08732e-06,0,2.35578e-06,2.63404e-06,0,3.79029e-06,1.4687e-06,1.78853e-06
A0A3Q7GB74_257_H6N2,0,0,2.64457e-06,0,0,0,5.6296e-06,0,7.42912e-07,3.77927e-06,1.93661e-06,2.79986e-06
A0A3Q7G7T0_196_H8N2,0,3.31704e-07,0,1.89642e-06,0,5.27129e-06,1.68623e-06,6.75409e-06,2.65948e-06,0.000107252,8.61121e-05,8.15043e-05
A0A3Q7G7T0_196_H7N2,9.49214e-06,1.05999e-05,1.45043e-05,2.03557e-05,7.62233e-06,1.31545e-05,1.71857e-05,3.85695e-06,9.73874e-06,0.0005675,0.000365022,0.000455414
A0A3Q7G7T0_196_H6N2,2.49151e-05,9.46784e-06,2.29662e-05,9.36968e-06,2.28829e-05,1.73386e-05,1.88493e-05,1.19832e-05,1.35378e-05,0.000647181,0.000444382,0.000634782
A0A3Q7FFR5_167_H8N2,0,0,6.79001e-07,0,0,0,0,3.81935e-06,0,6.70246e-06,3.09472e-06,5.13889e-06
A0A3Q7JDJ0_136_H8N2,0,2.82838e-07,6.35533e-07,1.27291e-05,2.62762e-05,4.04557e-05,9.27716e-07,5.12125e-07,4.11843e-06,3.59811e-05,2.29556e-05,2.84746e-05
A0A3Q7JDJ0_136_H7N2,0,0,0,5.81963e-06,6.37364e-06,4.70027e-06,0,0,2.81924e-07,2.62101e-06,1.76447e-06,3.16208e-06
A0A3Q7H6Y1_197_H7N2,0,0,0,0,0,8.82194e-07,4.20723e-07,0,6.77055e-07,3.55355e-05,2.7042e-05,5.06429e-05
A0A3Q7HIL7_114_H8N2,4.28936e-05,0.000125201,0.000129766,2.61051e-05,6.65418e-05,7.98822e-05,1.45085e-05,7.24343e-06,9.45699e-06,0.000206983,0.000214311,0.000240495
A0A3Q7HIL7_114_H7N2,4.46767e-06,9.00475e-06,2.21575e-05,2.27388e-05,5.53522e-06,2.24756e-05,2.03133e-05,2.40962e-05,2.08871e-05,3.64264e-05,3.3005e-05,5.91264e-05
A0A3Q7IXT7_320_H4N6,7.54011e-06,6.42735e-06,1.34658e-05,0,9.55659e-06,1.63924e-05,1.30354e-05,3.49783e-05,1.44965e-05,1.64397e-05,3.21409e-05,3.1728e-05
A0A3Q7IGR5_301_H11N2,4.77411e-06,5.11054e-06,2.68372e-05,9.97234e-06,8.38833e-06,2.40205e-05,3.44093e-05,5.38431e-05,4.3592e-05,3.89344e-05,4.85123e-05,4.62565e-05
A0A3Q7HIL7_114_H5N2,2.79932e-06,4.25309e-06,7.76169e-06,4.47657e-06,3.95671e-06,5.21172e-06,2.29828e-06,2.95867e-06,1.61673e-06,8.43876e-06,5.89378e-06,9.00981e-06
A0A3Q7IPA8_82_H8N2,9.86982e-06,1.04499e-05,2.06001e-06,1.65692e-05,2.47719e-05,4.15722e-06,3.64071e-06,4.04455e-06,1.08995e-05,8.93058e-05,5.22126e-05,6.82098e-05
A0A3Q7HN20_139_H8N2,3.41665e-06,1.98951e-06,7.77639e-07,1.39863e-06,4.96771e-06,1.15725e-06,1.97729e-05,1.8865e-05,2.93305e-05,0.00204831,0.00108408,0.00218458
A0A3Q7HN20_139_H7N2,4.22492e-06,4.40578e-06,0,7.06504e-06,4.98099e-06,4.41673e-06,3.73244e-06,9.42993e-06,4.86841e-06,0.000375513,0.000244571,0.00033015
Q9ZS44_709_H6N2,0,0,0,0,0,0,8.57748e-07,0,0,0,8.02489e-07,5.21058e-07
A0A3Q7EHR7_83_H7N2,0,2.84855e-07,3.54318e-07,0,0,0,0,1.13027e-06,9.87556e-07,5.40294e-05,8.59982e-05,9.93725e-05
A0A3Q7EHR7_83_H6N2,0,0,1.73425e-06,0,0,0,9.87864e-07,0,0,9.25683e-06,1.58907e-05,1.38335e-05
A0A0B4U3H6_289_H8N2,0,0,0,1.17976e-06,2.58506e-06,1.37189e-06,0,0,0,3.25207e-06,5.11794e-06,3.37398e-06
A0A3Q7GDS0_159_H6N2,0,0,0,4.39751e-07,1.29326e-06,0,3.5911e-05,2.08716e-07,9.07875e-07,2.49012e-05,3.84754e-06,3.03659e-06
A0A3Q7J4M1_566_H6N4,0,0,0,0,6.40623e-07,3.18221e-05,1.25118e-06,9.81376e-07,2.53614e-07,6.53163e-06,6.56117e-06,5.64087e-06
A0A3Q7J4M1_566_H5N4,1.56763e-07,1.02586e-06,5.97335e-07,2.69297e-06,0,0,0,0,2.6438e-06,6.73373e-06,6.79368e-06,4.80911e-06
A0A3Q7F777_351_H8N2,8.56185e-06,7.34246e-06,1.12342e-06,0,0,0,3.85767e-06,1.07118e-05,0,0,4.62225e-06,5.59673e-06
O82777_177_H8N2Pen1,0,0,0,8.87366e-06,1.76418e-05,1.27622e-05,0,2.0803e-05,0,3.06515e-06,1.11834e-05,8.47467e-06
A0A3Q7HE03_141_H6N2,0,0,0,5.16332e-07,0,0,0,1.18275e-06,6.18151e-07,2.0474e-06,2.49356e-06,1.24756e-06
O82777_177_H4N5F3Pen1,0,0,0,0,0,0,0,0,0,4.3214e-05,2.71452e-05,1.40337e-05
A0A3Q7H582_119_H10N2,3.75362e-06,4.33684e-07,3.63153e-07,3.32572e-07,0,9.92285e-07,6.45491e-06,1.58017e-05,1.10056e-05,0.000101968,0.000121822,0.000128783
Q9ZS44_182_H6N2,0,0,0,1.19406e-05,7.6384e-07,0,0,0,2.58537e-07,1.53757e-05,2.6138e-05,1.87625e-05
A0A3Q7GT02_36_H7N2,0,0,0,0,5.2646e-06,0,0,0,7.69726e-07,0,4.06137e-06,6.07938e-06
A0A3Q7JPR0_1108_H8N2,0,0,2.55862e-07,7.99336e-07,3.7249e-07,0,1.68715e-06,4.34732e-06,4.43094e-06,1.22144e-05,1.65729e-05,1.74414e-05
A0A3Q7J033_461_H6N2,0,1.77648e-06,1.10858e-06,2.37159e-06,1.05676e-07,1.20468e-06,8.80009e-06,1.0126e-05,4.47873e-06,1.52301e-06,4.51662e-06,1.22364e-05
A0A3Q7F968_93_H6N2,0,0,0,0,3.80277e-06,0,4.78268e-05,6.75947e-05,4.68195e-05,1.10222e-05,1.65734e-05,1.53306e-05
A0A3Q7H582_119_H7N2,3.62133e-05,0.000115218,7.42986e-05,7.78942e-06,6.67828e-06,8.60952e-06,5.07676e-06,0,0,8.81008e-06,1.41791e-05,1.79475e-05
A0A3Q7E7F3_175_H7N2,1.9839e-07,2.73371e-06,2.2832e-06,0,5.72832e-06,0,0,0,0,3.83632e-06,7.51841e-07,0
A0A3Q7ITB1_471_H7N2,3.33274e-05,0,5.64643e-07,1.52763e-05,1.56364e-05,1.45882e-05,1.01056e-06,2.1905e-06,0,6.11546e-06,1.0224e-05,1.21403e-05
A0A3Q7G8A3_224_H8N2,0,0,0,2.02979e-06,0,0,3.38886e-06,0,0,2.55726e-06,3.01691e-06,0
A0A3Q7H012_1303_H8N2,9.63994e-07,0,0,0,0,0,6.16377e-06,3.90613e-07,0,0,5.40883e-06,3.7106e-06
A0A0C5AJS1_430_H7N2,3.42011e-07,5.54536e-06,4.84376e-06,0,2.76841e-07,4.85457e-07,0,3.20839e-07,4.59477e-07,1.18303e-05,1.85359e-05,3.85712e-05
A0A3Q7IMQ2_142_H6N2,0,0,0,6.54804e-07,3.57817e-06,0,0,0,0,3.93663e-06,4.21341e-06,3.88691e-06
A0A3Q7GAX3_325_H5N3,0,0,0,0,0,0,8.12039e-06,9.78843e-06,0,3.33447e-05,4.45878e-05,4.90308e-05
A0A3Q7EHR7_268_H6N2,0,0,0,0,0,0,1.8701e-05,1.21564e-05,0,0,2.82845e-06,3.74841e-06
A0A3Q7F2K6_430_H7N2,0,0,0,0,0,0,0,0,2.77131e-07,2.39699e-06,6.91418e-06,1.17943e-05
A0A3Q7FZP1_399_H6N2,7.64371e-07,0,0,0,0,0,1.0439e-05,2.69306e-05,2.28658e-05,1.92681e-06,6.79828e-06,6.29891e-06
A0A3Q7GT02_419_H8N2,2.47667e-07,0,1.9983e-06,0,3.54514e-06,0,4.50066e-06,1.36594e-05,1.10796e-05,0,3.76678e-06,4.38854e-06
O82777_177_H5N6Pen1,7.01354e-07,5.67665e-06,6.19978e-07,0,0,0,0,0,5.00102e-07,1.24863e-06,1.55954e-06,1.06278e-06
A0A3Q7FPW4_741_H8N2,4.20075e-07,0,0,3.51982e-06,2.59111e-05,2.59801e-06,0,0,0,1.13682e-06,8.564e-06,1.10162e-05
A0A3Q7GT02_419_H7N2,8.25563e-07,0,0,5.70176e-05,2.79138e-05,3.56292e-05,0,1.60019e-06,4.12401e-05,1.37195e-05,1.57007e-05,1.10963e-05
A0A3Q7FF98_141_H8N2,0,0,0,0,0,0,0,0,0,0,2.24098e-06,4.6256e-06
A0A3Q7G7T0_531_H5N3,8.35842e-05,0,0,0,0,3.70579e-06,0,0,0,3.10981e-06,2.53519e-06,3.60995e-06
A0A3Q7G7T0_261_H10N2,0,1.33383e-06,0,0,0,0,0,1.23716e-06,3.13783e-06,1.70942e-06,1.84092e-05,2.59355e-05
A0A3Q7HYS7_375_H8N2,4.91789e-07,5.56205e-05,0,1.28921e-05,1.28568e-05,0,0,1.46964e-06,2.89186e-06,0,5.35712e-06,9.36918e-06
A0A3Q7G7T0_261_H9N2,0,0,3.59483e-06,0,0,0,0,0,0,0,4.25735e-06,4.49411e-06
A0A3Q7HQ53_166_H7N2,0,2.62943e-07,0,0,0,0,5.94851e-05,0.000146472,0.000154897,3.43081e-05,1.27132e-05,1.38602e-05
A0A3Q7IU14_185_H7N2,0,0,0,0,0,0,0,0,0,1.1075e-06,5.23697e-06,5.76296e-06
A0A3Q7HI95_317_H8N2,0,2.57431e-07,0,1.89721e-05,1.06325e-05,6.41063e-07,1.38439e-06,1.44789e-05,1.52779e-05,4.18274e-06,1.78083e-05,9.48092e-06
A0A3Q7JJ52_328_H8N2,0,0,0,0,0,0,0,0,0,0,7.80884e-06,6.75948e-06
A0A3Q7HIQ8_162_H8N2,0,0,0,1.66343e-06,0,0,0,0,0,0,2.72419e-06,1.24124e-06
A0A3Q7GVD6_157_H8N2,0,0,0,0,0,7.08594e-07,0,1.38248e-06,0,0,3.19838e-06,2.0495e-06
A0A3Q7HQQ2_196_H8N2,0,0,0,0,0,0,3.17632e-06,1.45869e-05,1.09544e-05,0,1.04298e-05,5.54248e-06
A0A3Q7G5R9_316_H10N2,0,0,0,0,0,0,0,2.19191e-06,0,1.04123e-06,2.07469e-06,8.81382e-07
O82777_177_H3N5F3Pen2,0,0,6.39959e-07,6.96178e-07,1.02261e-06,0,1.46367e-06,0,8.56133e-07,0.000113022,0.000167322,0.000170027
A0A3Q7F074_1328_H8N2,2.39359e-07,0,0,0,0,0,0,0,2.50397e-07,0.000203579,7.87927e-05,7.03971e-05
A0A3Q7H4L1_64_H7N2,0,0,0,0,0,0,0,3.9849e-07,0,1.23029e-05,1.50669e-05,9.51627e-06
A0A3Q7HWY2_820_H9N2,0,3.85036e-07,1.32541e-06,7.4438e-07,2.06384e-06,0,1.68607e-05,6.38426e-05,2.87402e-05,5.46661e-06,2.64324e-05,0
A0A3Q7FKY5_289_H8N2,0,0,0,0,0,0,1.37266e-06,0,0,6.95736e-07,1.69988e-05,2.04196e-05
A0A3Q7GAX3_325_H6N3,0,0,0,0,0,0,0,0,0,6.93888e-05,6.55956e-05,4.74456e-05
A0A3Q7I620_306_H8N2,0,3.21217e-07,0,0,0,0,4.88403e-07,0,0,0,5.97512e-06,1.51216e-06
A0A3Q7GT02_226_H8N2,0,0,0,0,1.81733e-06,0,2.48109e-06,0,1.31907e-06,5.9228e-06,5.24273e-05,8.67229e-05
A0A3Q7IYF8_200_H8N2,0,8.92732e-06,7.15423e-07,0,0,0,0,0,0,8.01341e-06,1.88228e-05,1.66163e-05
A0A3Q7HV28_434_H7N2,0,0.000396319,4.43312e-05,4.93723e-05,5.54176e-05,0,6.31741e-07,0,3.61224e-07,5.08097e-06,3.31843e-05,2.64177e-05
A0A3Q7F3X3_286_H7N2,0,0,0,0,0,0,0,0,0,0,1.27845e-06,5.44617e-07
A0A3Q7FF98_175_H8N2,0,4.95742e-07,0,0,0,0,0,0,3.28822e-06,2.52485e-05,3.56651e-05,5.70698e-05
A0A3Q7HHX3_378_H8N2,5.5371e-07,0,0,0,0,0,0,0,0,2.02163e-06,2.06525e-06,2.50495e-06
A0A3Q7GFN0_588_H7N2,0,0,0,0,0,1.00385e-06,0,0,2.11355e-06,0.000102662,0.000117488,0.000183191
A0A3Q7E7F3_114_H8N2,1.11102e-06,0,4.71532e-07,0,0,1.39646e-06,0,0,3.7391e-07,0,2.93479e-05,3.78766e-05
A0A3Q7G8D9_674_H8N2,0,0,0,0,0,0,0,0,0,0,2.88767e-06,0
A0A3Q7HE99_207_H8N2,9.00442e-07,3.85996e-07,2.1208e-06,0,5.34039e-07,3.62153e-07,0,0,0,6.54668e-05,9.22318e-05,0.000166112
A0A3Q7J1B1_386_H8N2,0,0,0,1.78361e-06,1.72013e-06,0,0,2.45689e-06,7.04503e-06,0,1.85638e-06,0
A0A3Q7FBD5_336_H8N2,4.87721e-07,5.18898e-07,0,0,0,4.1294e-07,5.44717e-07,0,0,0,3.96093e-06,0
Q6JN47_568_H10N2,0,4.2296e-07,0,0,0,2.74326e-06,4.27322e-06,6.83035e-05,0.000211836,0,8.0099e-05,9.32618e-05
A0A3Q7HHX3_340_H8N2,0,0,0,0,0,0,0,0,0,5.46125e-05,1.00477e-05,8.9711e-06
A0A3Q7GI01_468_H8N2,0,0,0,0.000189576,0.000112036,0.000165747,0,6.42725e-06,3.37664e-06,0,1.53607e-05,4.99481e-06
A0A3Q7F9I5_73_H5N2,0,0,0,0,4.2105e-07,0,0,0,0,0,2.18152e-05,4.25217e-05
A0A3Q7EIZ7_947_H8N2,0,0,2.51152e-06,0,0,3.56987e-06,0,2.13144e-06,5.04272e-06,0,9.21025e-05,4.31717e-05
A0A3Q7ILJ5_510_H8N2,0,0,0,0,0,0,0,0,0,0,4.27726e-06,2.73186e-06
A0A3Q7ENE1_166_H7N2,0,0,0,0,0,0,0,6.65828e-07,0,0,4.53577e-06,2.49547e-06
A0A3Q7HVX4_165_H7N2,1.58186e-06,0,0,4.40755e-07,1.77011e-06,0,0,1.03917e-06,1.16764e-06,3.62055e-06,3.46067e-05,7.57084e-05
A0A3Q7HH55_54_H8N2,0,0,0,0,0,0,0,4.54225e-06,5.01611e-06,0,5.56733e-06,6.34439e-06
A0A3Q7IJD7_123_H8N2,0,0,0,2.51743e-07,1.60931e-06,0,6.23936e-07,1.31058e-06,0,8.00234e-06,2.27215e-05,1.91071e-05
A0A3Q7F328_473_H5N2,1.48998e-06,6.50938e-06,4.69917e-06,3.08941e-06,2.84266e-06,1.34909e-05,4.28706e-06,5.87187e-07,3.31697e-06,8.3555e-07,5.84025e-05,7.77644e-05
A0A3Q7INM2_267_H8N2,0,1.42482e-06,0,2.29112e-06,0,8.07814e-07,1.05894e-06,1.48317e-06,2.13618e-06,0,6.70842e-05,9.92803e-05
A0A3Q7I3M8_41_H7N2,0,0,0,2.86307e-07,0,0,0,0,7.99157e-07,7.50839e-05,0.000124166,0.000122259
A0A3Q7JD65_553_H4N4F2Pen2,0,0,0,0,0,0,0,0,0,0,2.76743e-05,2.68894e-05
A0A3Q7J411_701_H8N2,0,0,0,0,0,5.95067e-07,0,0,3.405e-06,0,2.26742e-05,2.11665e-05
A0A0C5AJS1_115_H8N2,0,0,0,1.23327e-06,0,1.70581e-06,0,1.3704e-06,0,7.20643e-05,0.000109695,0.000128036
A0A3Q7F566_547_H4N4F1Pen1,3.98546e-07,4.83118e-07,7.8995e-07,0,1.59785e-06,2.59819e-06,0,0,0,7.80162e-05,0.00012824,0.000155744
A0A3Q7EH56_44_H7N2,0,0,0,0,0,0,0,4.71568e-07,5.0516e-07,0,3.06193e-05,4.01162e-05
A0A3Q7FKY5_426_H7N2,0,0,0,0,0,0,0,0,0,0,1.77347e-06,0
A0A3Q7FLZ0_456_H6N2,0,2.87845e-07,4.23483e-07,3.43837e-07,0,0,0,0,0,0,8.92362e-06,1.84671e-05
A0A3Q7F968_106_H6N3,2.2094e-06,6.82094e-07,0,0,0,0,0,0,4.73977e-07,0,4.74347e-06,3.94112e-06
A0A3Q7H8Q1_127_H5N2,0,7.49462e-07,2.60425e-05,2.35036e-07,0,0,0,0,0,0,4.16154e-06,5.7969e-06
A0A3Q7GNU8_210_H8N2,0,0,0,0,0,0,0,0,8.93677e-07,0,1.04572e-05,5.18839e-06
A0A3Q7F739_51_H7N2,0,6.11395e-07,0,0,0,0,0,9.38305e-07,8.71698e-07,4.56409e-06,5.0155e-06,1.00122e-05
A0A3Q7GNU8_210_H7N2,4.19164e-06,3.86259e-06,1.07779e-05,4.44362e-06,5.14811e-06,1.19993e-05,0,2.10278e-06,1.15323e-06,2.24806e-06,5.96036e-06,1.05839e-05
F8WS84_416_H7N2,0,0,0,0,0,0,0,0,0,0,5.67185e-06,0
A0A3Q7EN93_120_H6N2,0,0,0,0,0,0,0,0,0,0,3.30208e-06,7.73547e-06
A0A3Q7H8Q1_127_H7N2,0,0,4.73289e-07,0,0,0,0,0,0,2.38617e-06,4.70276e-06,1.22054e-05
A0A3Q7GVK8_320_H8N2,3.22666e-07,1.21835e-05,1.09665e-06,0,2.92762e-06,2.31294e-06,0,7.63213e-06,4.27245e-06,0,1.43015e-05,4.3829e-05
A0A3Q7I0P8_364_H8N6F3,0,0,0,0,0,0,0,0,2.62244e-06,0,1.40449e-05,0
A0A3Q7HR28_195_H7N2,8.49154e-07,0,0,0,0,0,0,0,0,6.60067e-05,3.95291e-05,6.56158e-05
A0A3Q7F8G5_727_H3N4F1Pen1,1.90496e-06,0,0,2.9813e-05,0,0,3.76675e-06,0,7.15392e-06,5.75983e-06,2.21871e-05,2.15049e-06
A0A3Q7HFP1_95_H6N3Pen1,0,0,0,0,0,0,0,0,0,0,3.12464e-06,0
A0A3Q7IQS3_207_H8N2,0,0,0,0,0,1.05547e-06,2.09409e-06,5.50388e-06,1.42669e-06,0,3.19316e-06,0
A0A3Q7JCT2_135_H7N2,0,1.30667e-06,7.72884e-07,1.16636e-06,0,0,0,1.92112e-06,1.75399e-06,3.48707e-06,1.46272e-05,4.0749e-05
A0A3Q7F9I5_112_H3N4F2Pen1,0,0,1.05864e-06,5.88727e-07,0,0,0,0,0,3.45457e-05,2.98501e-05,4.50094e-05
A0A3Q7F341_498_H8N2,0,6.55305e-07,0,0,0,0,0,0,0,0,1.2923e-06,1.1376e-05
A0A3Q7FT62_66_H8N2,0,0,0,0,0,0,0,1.50923e-06,1.88281e-06,0,8.72308e-06,2.21484e-06
A0A3Q7FF75_253_H8N2,1.04929e-06,0,0,0,0,0,0,9.42721e-06,0,1.73223e-06,0.000107884,0.000103375
A0A3Q7EJ69_761_H7N2,2.71369e-06,0,6.0708e-07,4.35892e-05,3.70621e-05,2.99421e-05,0,0,0,0,1.34558e-05,1.11999e-05
A0A3Q7F9I5_112_H4N2,0,0,0,0,9.68303e-07,0,0,0,0,0,3.16465e-05,3.2144e-05
A0A3Q7J606_113_H8N2,0,1.09121e-06,0,0,0,0,0,0,0,0.000154779,0.000149556,0.000211341
A0A3Q7HDP2_239_H8N2,0,0,9.982e-07,0,0,0,0,0,0,9.94978e-05,6.19722e-06,0
A0A3Q7F341_588_H8N2,4.49678e-05,3.98006e-07,0,0,0,0,0,0,0,0,8.18421e-06,5.7722e-06
A0A3Q7J606_109_H7N2,0,0,0,0,0,0,0,0,0,0,1.69482e-05,0
A0A3Q7J606_113_H7N2,0,0,0,0,0,0,0,0,0,7.05335e-06,1.72911e-05,1.23931e-05
A0A3Q7HP53_182_H8N2,6.53834e-07,9.78639e-07,0,0,9.21167e-07,0,0,0,0,4.29467e-05,4.90364e-05,7.39578e-05
A0A3Q7GC66_223_H3N4F1Pen1,0,0,0,0,0,0,0,0,0,0,1.92837e-06,0
Q6JN47_317_H8N2,0,0,0,0,6.22144e-07,0,0,0,0,0,1.27992e-05,0
A0A3Q7G8D9_481_H8N2,0,0,0,0,0,0,0,0,0,0,2.56905e-06,7.13828e-07
A0A3Q7IRM3_87_H7N2,4.91093e-06,3.1138e-06,0,9.20872e-06,9.72544e-06,1.06963e-06,0,0,0,1.23118e-05,1.93568e-05,2.14061e-05
A0A3Q7GNU8_160_H8N2,1.58474e-06,0,0,0,0,0,2.18271e-06,0,0,2.19112e-05,4.53719e-05,3.67566e-05
A0A3Q7G4V6_314_H8N2,0,0,0,0,0,0,3.2262e-07,0,3.91238e-06,1.60055e-05,5.82692e-05,5.94333e-05
A0A3Q7G011_105_H9N2,0,0,0,0,1.2791e-05,0,2.71925e-07,0,0,0.000132696,7.576e-05,9.27481e-05
A0A3Q7F8J8_160_H8N2,0,1.69167e-06,0,6.68511e-07,0,8.59015e-07,1.5508e-06,2.73481e-06,0,7.94081e-06,1.83632e-05,0
A0A3Q7GFG8_472_H8N2,0,0,0,0,0,0,0,0,0,4.73381e-06,2.49124e-06,1.2716e-05
A0A3Q7GIC3_279_H8N2,0,9.66069e-07,1.24622e-06,0,0,0,2.08628e-06,9.98955e-07,0,2.18904e-05,2.54845e-05,1.20059e-05
P29000_608_H5N6,0,0,0,0,0,0,8.81364e-06,0,0,0,4.30031e-06,0
P29000_608_H6N3Pen1,0,0,0,0,9.39573e-07,0,0,6.61689e-06,1.11622e-05,0,3.40441e-06,0
A0A3Q7EIV5_211_H7N2,0,1.26869e-06,0,0,0,0,0,0,0,2.78558e-05,4.82334e-05,3.60884e-05
P29000_608_H11N5Pen1,0,0,0,0,0,0,6.93176e-07,0,2.08205e-05,0,1.20335e-05,0
P29000_608_H5N4,0,0,0,0,0,0,1.32848e-05,0,3.32584e-05,0,2.31796e-05,9.93863e-06
A0A3Q7H962_445_H8N2,0,0,0,8.72143e-06,5.27596e-06,1.46446e-06,0,0,0,2.56855e-06,1.88782e-06,0
D3TI68_831_H5N3F2,0,7.55949e-07,0,0,0,0,0,2.42868e-06,0,0,4.26969e-06,0
A0A3Q7HE99_103_H8N2,0,0,0,0,0,0,0,0,0,1.72003e-06,1.93302e-06,3.82041e-06
D3TI68_666_H7N2,2.31007e-05,0,0,2.078e-05,1.88775e-05,1.74767e-06,1.24147e-05,0,0,0.000113553,0.00010842,9.10092e-05
A0A3Q7GNX8_471_H7N2,1.51574e-06,0,0,0,0,0,7.70954e-06,2.38618e-06,0,1.12416e-05,8.76344e-06,1.51696e-05
A0A3Q7JTK0_92_H7N2,0,0,0,0,0,0,7.29906e-06,8.24176e-06,0,4.65486e-06,8.28048e-06,7.53708e-06
A0A3Q7F5Y3_142_H5N2,2.45414e-06,8.5818e-06,0,2.68419e-06,0,0,1.48246e-07,0,0,5.84666e-06,4.7797e-06,0
A0A3Q7G5R7_107_H5N2,0,0,0,0,0,0,1.71963e-06,2.00955e-06,0,4.55016e-06,3.30189e-06,1.097e-06
A0A3Q7E7H8_169_H8N2,0,0,8.62745e-06,0,1.85017e-06,0,5.00594e-06,1.99715e-05,1.57976e-05,0.000279298,0.000187937,0.000105055
A0A3Q7HE03_188_H7N2,0,0,0,0,0,0,0,1.16592e-06,0,0,8.3166e-06,0
A0A3Q7FST1_64_H7N2,3.24296e-06,0,0,0,0,0,1.03941e-06,0,0,4.11524e-06,3.93609e-06,1.17706e-05
Q9M510_212_H7N2,0,0,0,0,0,0,0,0,0,5.01613e-06,8.77361e-06,0
A0A3Q7IRM3_346_H8N2,0,0,0,0,0,0,0,0,0,0,3.92269e-06,5.26045e-06
A0A3Q7HV28_366_H6N2,0,0,0,0,0,0,0,1.60553e-06,0,8.69361e-07,6.29811e-06,3.45217e-06
A0A3Q7GBH1_254_H8N2,0,0,0,0,3.13114e-06,0,0,0,9.73757e-07,8.70144e-06,2.22223e-06,2.67105e-06
P29000_276_H3N4F3,0,0,0,0,0,0,0.000624762,0.000688379,2.68697e-06,1.49965e-05,1.49884e-05,1.39283e-05
A0A3Q7GQ70_273_H8N2,0,0,0,0,0,0,0,0,2.32005e-06,4.19718e-06,3.43769e-06,2.48705e-06
A0A3Q7HVV9_120_H8N2,9.4667e-06,0,9.46261e-07,0,0,0,0,3.42964e-06,0,2.46739e-05,1.67548e-05,1.30826e-05
A0A3Q7IFT3_348_H6N2,6.95995e-07,2.4499e-06,2.17087e-06,0,0,5.04466e-06,0,0,2.24547e-06,2.32815e-06,2.15863e-06,1.77526e-06
A0A3Q7I1M1_87_H7N2,0,0,0,9.63235e-07,1.0463e-06,0,1.55986e-06,1.42231e-06,1.53797e-06,3.78027e-06,4.93903e-06,5.96166e-06
A0A3Q7GFU5_411_H8N2,0,0,0,0,0,0,2.42586e-05,2.09344e-05,1.54276e-05,2.40672e-05,1.78584e-05,1.77404e-05
A0A3Q7EYA0_331_H8N2,0,0,0,0,0,0,0,0,0,3.10977e-06,1.94437e-06,0
A0A3Q7J2K7_295_H8N2,0,0,1.24015e-05,0,0,0,5.0566e-06,9.04092e-06,8.03052e-06,5.87042e-05,4.46447e-05,2.86059e-05
A0A3Q7HVV9_373_H6N2,0,8.20721e-07,7.36789e-07,1.69882e-06,3.32755e-07,0,6.1984e-06,6.22508e-06,5.24213e-06,4.16421e-05,3.35671e-05,3.46021e-05
A0A3Q7ERU3_150_H7N2,0,0,4.74939e-06,1.20273e-06,1.49079e-06,0,9.64295e-06,5.26635e-06,6.87123e-06,1.70491e-05,9.45086e-06,1.69764e-05
A0A3Q7F7P0_533_H8N2,0,0,1.20801e-06,1.62476e-06,3.40057e-07,0,2.48215e-06,3.1451e-06,6.3946e-07,6.03074e-06,5.29558e-06,5.93992e-06
A0A3Q7J5M8_196_H8N2,0,0,0,0,0,0,0,0,0,6.31802e-06,4.63811e-06,4.92065e-06
A0A3Q7FVH3_166_H7N2,0,1.34192e-06,0,0,0,0,6.26634e-07,0,1.9542e-06,9.8644e-06,4.24053e-06,9.82681e-06
A0A3Q7HD84_101_H8N2,0,0,0,0.000266138,0.000216185,0.000200912,0,0,4.99661e-06,0.000254987,0.000183354,0.000151121
A0A3Q7HEE3_222_H7N2,0,0,0,0,8.37382e-07,0,6.85588e-06,4.1703e-06,5.35091e-06,6.45174e-06,9.55189e-06,8.61992e-06
A0A3Q7IRE3_210_H8N2,0,0,0,1.3259e-06,0,0,0,4.00461e-07,7.7885e-07,2.38547e-05,1.17892e-05,1.44179e-05
G0XZA5_80_H8N2,3.10679e-06,1.00788e-05,6.9106e-06,4.89957e-06,5.82981e-06,1.33056e-06,0,0,9.51988e-07,4.27735e-06,1.12583e-06,1.64539e-06
A0A3Q7H918_188_H8N2,0,0,0,0,0,0,1.09344e-05,2.33686e-05,3.10733e-05,6.45525e-05,3.87897e-05,5.69072e-05
A0A3Q7ILR7_171_H8N2,4.75233e-06,0,0,8.07966e-07,5.00267e-06,4.77585e-06,1.00423e-05,2.87101e-06,7.17505e-06,1.69255e-05,1.35012e-05,1.8528e-05
A0A3Q7FTM5_535_H4N4F2Pen1,0,0,0,0,0,0,0,7.64249e-06,3.21577e-06,8.39708e-06,7.80817e-06,4.08392e-06
P15003_214_H9N6F4,0,0,0,0,0,0,0,0,2.74803e-06,0.000193592,0.000113894,0.00012337
A0A3Q7H5H2_238_H8N2,2.55512e-06,1.11337e-05,1.20197e-06,4.0204e-05,3.78023e-05,2.47434e-05,1.70106e-05,2.17722e-05,7.88332e-06,3.41107e-05,2.74395e-05,2.09487e-05
A0A3Q7F740_253_H8N2,0,0,0,0,0,0,0,0,0,3.86294e-06,2.3868e-06,2.66032e-06
A0A3Q7HFP1_522_H8N2,3.44779e-06,0,1.1593e-05,0,0,0,0,0,0,4.17646e-05,2.61284e-05,3.69629e-05
A0A3Q7EYA0_704_H4N4F2Pen2,0,0,7.01229e-06,0,1.19083e-06,0,8.50518e-06,1.9964e-05,2.97447e-05,7.76409e-06,6.65704e-06,0
Q96477_132_H8N2,0,0,0,0,1.91293e-06,0,1.94743e-06,0,4.43162e-06,1.76819e-05,1.59218e-05,1.53602e-05
A0A3Q7IPT1_724_H5N2,0,0,0,0,2.84918e-06,0,1.66618e-06,6.77955e-07,5.07522e-07,1.29637e-06,3.00164e-06,0
A0A3Q7G7T0_196_H5N2,1.94152e-06,3.19984e-06,1.07692e-05,3.09938e-06,3.67433e-06,2.53213e-06,6.55761e-06,2.58054e-06,3.0678e-06,0.000144571,0.000158418,0.000180452
A0A3Q7H6Y1_197_H8N2,1.32518e-06,3.89049e-07,0,4.64084e-06,2.40688e-06,0,6.75189e-07,3.68035e-06,1.21337e-06,0.000178603,0.00017946,0.000226333
A0A3Q7I6P6_137_H8N2,0,1.32693e-06,0,0,4.88013e-06,0,1.20966e-05,1.01246e-05,8.04533e-06,9.49363e-06,7.1724e-06,1.13808e-05
A0A3Q7IXT7_320_H9N2,0,0,0,4.49094e-06,8.84634e-06,3.83838e-06,5.32606e-06,8.6706e-06,4.80032e-06,2.607e-06,1.19959e-05,1.05319e-05
G1DEX3_114_H7N2,0,0,0,0,0,0,9.89933e-07,8.62019e-07,0,1.57463e-05,1.03852e-05,1.73168e-05
A0A3Q7FD40_176_H10N2,0,1.84449e-07,5.90938e-07,7.58161e-07,1.22541e-06,0,7.07236e-06,3.2904e-06,1.80011e-06,0,1.43477e-06,6.29519e-08
A0A3Q7EHR7_83_H3N4F1Pen1,0,0,0,0,0,0,0,1.1137e-05,6.71479e-06,6.14969e-06,8.51368e-06,1.02972e-05
A0A3Q7GZY6_161_H3N3Pen1,0,0,0,0,0,0,1.90225e-05,1.62784e-05,2.09518e-05,0,5.30852e-06,9.31125e-07
A0A3Q7J4M1_566_H5N4F2Pen2,0,0,0,0,0,0,4.32546e-06,3.77908e-06,3.5116e-06,0,0,0
Q6JN46_564_H10N2,0,0,0,0,0,0,0,6.93536e-06,6.04445e-06,0,1.98853e-06,6.86541e-07
Q6JN46_564_H9N2,0,1.86604e-06,0,3.85458e-07,1.33877e-06,1.32398e-06,6.43123e-05,0.000103676,7.05918e-05,7.36957e-05,7.52872e-05,5.23682e-05
A0A3Q7GXS6_100_H3N2F1Pen1,0,0,0,0,0,0,3.8785e-06,4.09191e-06,4.27049e-06,0,0,3.15304e-07
Q9ZS44_182_H3N4F1Pen1,0,0,0,0,0,0,9.78881e-05,0.000291153,0.000157609,0,0,8.82602e-06
A0A3Q7G8A3_53_H3N4Pen1,0,0,0,2.09471e-06,0,0,0,8.15464e-06,5.04079e-06,0,0,0
A0A3Q7JY62_113_H4N3F2Pen1,9.63207e-07,0,0,1.41243e-06,2.46801e-07,0,0.00011545,0.00014429,0.000104047,1.53755e-06,1.96287e-06,2.56124e-06
A0A3Q7GAX3_109_H5N4Pen1,1.0177e-06,5.0781e-07,0,0,0,0,2.38996e-06,3.5034e-07,2.4392e-06,3.18268e-06,0,0
A0A3Q7G7T0_528_H5N6,0,0,0,0,0,0,0,7.44682e-06,1.12632e-05,0,0,0
A0A3Q7GXS6_125_H3N2F1Pen1,2.10927e-07,0,3.3424e-07,0,0,0,5.77836e-07,4.32532e-06,3.71578e-06,0,0,0
A0A3Q7G7T0_528_H3N4F3Pen1,0,0,0,0,0,0,0,0,7.93813e-07,0,0,0
A0A3Q7I6Z9_215_H3N4Pen1,0,0,0,0,0,0,0,1.02491e-05,1.50525e-05,0,0,0
A0A3Q7I6V9_226_H4N4Pen2,2.68209e-07,0,6.02923e-07,0,0,0,7.1806e-05,0.000172971,0.000101811,6.0205e-05,6.37069e-05,7.05747e-05
A0A3Q7GPG0_230_H3N4F1Pen1,3.16345e-06,1.16352e-05,0,0,0,0,3.76991e-06,9.21126e-06,9.50462e-06,0,0,0
K4BK85_54_H3N4Pen1,2.78854e-05,4.68085e-05,2.5783e-05,5.19013e-06,3.7137e-06,0,0,1.63273e-06,2.72144e-06,0,0,3.74533e-07
A0A3Q7I6V9_226_H3N4F1Pen1,0,2.74691e-07,4.1807e-07,0,0,0,8.19071e-06,4.64843e-06,4.17743e-06,0,5.83753e-07,2.92264e-07
A0A3Q7H4E2_209_H8N2,4.5454e-05,9.37821e-05,0,7.18587e-06,0,0,5.09468e-06,4.86895e-05,3.04091e-05,0,7.9114e-06,3.85016e-06
A0A3Q7I6V9_226_H3N4Pen1,0,0,0,0,0,0,0,1.63669e-06,2.07558e-06,1.83832e-06,8.61424e-07,1.65575e-06
A0A3Q7G7T0_261_H3N3F1Pen1,2.87998e-06,4.23763e-07,7.06038e-07,4.74179e-07,8.60534e-07,3.04928e-06,0,9.64693e-05,4.89049e-05,2.17031e-06,8.39429e-07,1.32395e-06
A0A3Q7G7T0_261_H4N3Pen1,0,0,0,0,9.61081e-07,0,1.35495e-06,4.08453e-07,7.49127e-07,0,2.11145e-06,0
A0A3Q7EKX3_572_H5N4F3Pen1,0,0,0,1.89414e-06,0,0,2.98246e-05,3.4811e-05,2.34075e-05,0,8.85273e-07,1.96081e-06
A0A3Q7GAX3_325_H10N4F1Pen1,0,0,0,0,0,0,1.96154e-05,2.59692e-05,2.05777e-05,3.63124e-06,2.68341e-06,0
A0A3Q7GAX3_325_H9N4F1Pen1,0,7.77339e-07,0,0,0,0,2.82665e-05,3.8347e-05,2.87683e-05,0,0,1.32365e-05
A0A3Q7G7T0_261_H3N3Pen1,0,0,4.54633e-07,0,0,0,3.61937e-05,0.000122392,7.90042e-05,0,0,4.9524e-06
A0A3Q7GAX3_325_H8N4F1Pen1,1.29419e-06,7.56381e-07,0,7.27255e-07,0,0,0.000534092,0.000943319,0.000569987,0,5.79361e-06,1.72771e-06
Q9M510_229_H4N3F1Pen1,4.76934e-06,5.59856e-06,5.34168e-06,2.36436e-06,0,0,9.63185e-06,4.09537e-05,2.53992e-05,0,0,0
A0A3Q7HV28_346_H10N2,0,0,0,0,0,0,0,1.73804e-05,4.39613e-06,0,5.12127e-06,6.61497e-06
A0A3Q7GAX3_345_H8N4Pen1,0,0,0,0,0,0,1.78279e-05,2.89215e-05,5.32987e-05,0,0,0
A0A3Q7GAX3_345_H7N4F1,0,0,0,0,0,0,0,2.7275e-05,1.78455e-05,0,0,0
A0A3Q7H4L1_64_H3N4Pen1,1.14059e-06,0,9.73533e-07,1.15394e-06,3.03812e-06,0,0,8.51581e-06,7.34276e-06,0,3.80023e-07,0
Q9ZRX6_47_H10N2,2.95669e-07,0,0,0,0,0,0,7.59786e-06,4.82215e-06,0,0,0
A0A3Q7GNC0_737_H8N2,0,0,1.21656e-06,0,0,0,0,6.27589e-05,5.33678e-06,1.85734e-06,5.45708e-05,0.000101113
A0A3Q7IYF8_200_H3N4F1Pen1,0,0,0,4.20659e-06,5.43204e-06,2.56627e-06,0,2.30861e-05,2.426e-05,0,0,0
A0A3Q7FF75_135_H5N4F2Pen1,0,0,0,0,0,0,1.51605e-06,3.16329e-05,3.18526e-05,0,5.47975e-06,3.38824e-06
A0A3Q7HXT9_114_H3N4Pen1,0,0,1.16497e-06,2.50067e-07,0,0,6.23682e-06,5.46315e-06,1.09689e-05,0,3.13048e-06,0
A0A3Q7FF75_135_H5N4F1Pen1,0,0,0,0,0,0,0,2.03317e-06,1.23715e-05,0,0,0
A0A3Q7F3X3_1199_H6N2,0,0,0,0,0,0,0,1.30625e-05,1.42512e-05,0,0,3.38926e-06
A0A3Q7J1B1_386_H7N2,0,0,0,0,0,0,6.52194e-07,3.91794e-06,8.54394e-06,6.31828e-06,5.05852e-06,1.31243e-05
A0A3Q7FF75_135_H5N4Pen1,0,0,0,5.61709e-07,0,0,0,1.31275e-05,1.56516e-05,0,1.63489e-06,0
A0A3Q7FX70_322_H8N2,1.88543e-06,0,0,0,0,0,0.000170988,0.00022535,0.000130186,1.44401e-05,1.20654e-05,0
A0A3Q7J1B1_386_H6N2,0,0,0,0,0,0,1.9991e-06,1.25015e-05,1.35105e-05,5.98086e-07,0,0
A0A3Q7FF75_135_H4N4F1Pen1,3.68525e-06,7.82783e-07,0,6.89593e-06,2.01433e-06,0,2.20942e-06,2.89257e-05,3.65325e-05,0,0,4.9868e-07
A0A3Q7FF75_135_H4N4Pen1,0,0,0,0,0,4.82619e-07,0,1.382e-06,7.48704e-06,7.68847e-07,0,0
A0A3Q7FF75_135_H4N3Pen1,0,0,0,0,0,1.80403e-06,0,4.02805e-07,9.67323e-07,0,0,0
A0A3Q7FX70_322_H7N2,0,0,0,3.29954e-07,0,0,0,0,3.50571e-06,0,1.1409e-06,0
A0A3Q7HE99_260_H3N2F1Pen1,1.37595e-05,0,3.03324e-05,0,0,0,0,7.50342e-05,3.92719e-05,0,0,0
A0A3Q7FF75_135_H3N4F1,0,0,0,0,0,8.82886e-07,0,0,3.41934e-06,0,0,0
A0A3Q7GKD4_105_H3N4F1Pen1,4.75986e-07,0,0,0,4.28025e-07,1.85011e-06,2.60799e-06,5.83799e-05,4.90905e-05,9.18809e-07,9.71102e-06,1.41284e-05
A0A3Q7IZQ5_337_H2N4F2,4.76499e-07,1.50577e-06,7.72873e-07,1.80563e-06,1.13828e-06,4.18191e-07,1.03345e-06,1.87909e-06,1.62665e-06,1.90205e-05,0,1.51968e-06
A0A3Q7F8G5_727_H3N3F1Pen1,0,0,0,0,0,0,4.84567e-06,6.08985e-06,4.81625e-06,0,0,3.45921e-06
A0A3Q7HFP1_95_H4N4Pen1,1.99562e-06,4.32859e-06,2.96307e-06,2.92365e-06,2.51194e-06,6.13701e-06,7.71106e-07,2.23032e-06,3.57122e-06,1.78205e-06,0,0
Q9M510_229_H3N4,0,0,1.07647e-06,0,0,0,0,0,2.19817e-06,0,0,0
A0A3Q7HSK0_411_H7N2,0,0,1.67974e-05,0,1.02987e-06,0,0,0,7.73668e-06,0,0,0
A0A3Q7ISH1_236_H3N4Pen1,0,0,0,0,0,0,8.49643e-06,8.48723e-06,8.19629e-06,0,0,0
A0A3Q7GKL8_665_H8N2,0,0,1.09025e-06,0,0,0,7.6085e-06,1.29719e-05,1.4077e-05,3.59091e-06,2.07272e-06,3.41855e-06
P29000_608_H5N3Pen1,0,0,0,0,0,0,0,0,2.02036e-06,0,0,0
A0A3Q7HG62_56_H3N4Pen1,0,0,0,0,0,0,3.5271e-05,2.18467e-05,4.69639e-05,0,0,0
A0A3Q7HV28_204_H4N4F1Pen1,5.54025e-06,0,6.83431e-07,6.54595e-07,4.78512e-07,0,0.000226594,9.96251e-05,9.31549e-05,6.4078e-06,1.62171e-06,3.38315e-06
A0A3Q7HV28_366_H5N4Pen1,0,0,0,0,7.38765e-07,0,0,1.81754e-06,1.13069e-05,0,0,0
A0A3Q7GFN2_425_H3N4F1Pen1,0,0,0,0,0,0,0,8.4853e-06,1.09217e-05,1.16341e-06,0,0
A0A3Q7HF41_41_H4N3F1Pen1,0.000147433,0.000102077,6.74409e-05,0.00020045,0.000190283,0.000119594,6.49009e-05,4.01254e-05,6.94944e-05,8.56501e-06,6.33995e-06,4.08824e-06
Q40129_109_H4N3Pen1,0,0,0,0,0,0,2.32283e-06,2.28995e-06,4.28588e-06,0,6.23928e-07,1.26254e-06
A0A3Q7FU91_91_H4N6,0,0,0,0,0,0,2.44282e-05,3.20439e-05,2.42019e-05,2.59593e-05,3.32831e-05,3.6419e-05
A0A3Q7HD84_101_H3N4F1,0,0,0,1.63362e-06,0,0,1.13455e-06,8.65209e-06,5.77268e-06,2.73646e-06,1.34305e-06,0
A0A3Q7INM8_320_H8N2,0,0,0,0,0,0,6.74012e-05,5.62565e-05,6.66699e-05,5.49552e-05,5.33042e-05,5.58264e-05
A0A3Q7FF75_185_H4N4Pen1,0,0,0,0,0,0,2.15604e-06,1.13905e-06,5.02445e-06,1.80951e-06,7.30988e-07,0
A0A3Q7HFP1_555_H3N4Pen1,1.59329e-05,8.47443e-06,4.69813e-06,1.5136e-06,7.01302e-06,5.52375e-06,7.83777e-06,8.65121e-06,6.79025e-06,3.18749e-06,3.43952e-07,0
A0A3Q7GZY6_142_H8N2,0,0,0,0,0,0,0,8.75554e-07,0,0,3.10212e-06,3.04436e-06
A0A3Q7F777_351_H7N2,0,0,0,0,2.19302e-07,0,0,1.09692e-06,1.09139e-06,7.85171e-07,1.9582e-06,2.89432e-06
A0A3Q7GDS0_159_H5N2,0,0,0,0,2.65611e-07,0,0,0,0,0,1.00901e-06,3.08128e-06
A0A3Q7GCZ1_108_H8N2,1.27459e-06,0,0,0,0,2.98365e-07,2.77045e-06,2.02121e-06,1.31058e-06,1.05833e-05,1.065e-05,1.66768e-05
A0A3Q7JIJ2_926_H7N2,0,0,0,0,0,0,0,8.34929e-06,5.30634e-06,0,0,1.20416e-06
A0A3Q7F2K6_145_H7N2,5.34104e-06,5.28955e-06,4.98103e-06,1.97602e-06,0,0,0,0,0,0,2.17282e-06,1.42975e-06
A0A3Q7F2K6_145_H6N2,0,0,0,0,0,0,3.8713e-07,0,0,0,0,4.521e-07
A0A3Q7IMQ2_142_H7N2,0,2.85319e-07,0,4.01496e-07,0,0,0,3.58707e-06,3.33347e-07,7.2942e-06,1.05774e-05,1.56614e-05
A0A0C5AJS1_430_H6N2,0,0,0,0,8.19474e-07,0,0,0,6.52387e-07,3.01152e-06,2.94921e-06,7.88741e-06
A0A3Q7GFG8_831_H5N2,4.76293e-07,0,0,2.00709e-07,0,0,0,3.84711e-06,0,4.09698e-07,5.54988e-06,6.09422e-06
A0A3Q7FZP1_399_H5N2,2.55479e-06,2.0602e-06,5.21411e-06,2.79514e-05,2.73168e-05,3.28624e-05,2.39524e-05,2.92613e-05,2.43184e-05,2.97264e-05,2.31972e-05,2.69664e-05
A0A3Q7FGZ9_547_H8N2,2.16697e-07,0,1.18195e-06,1.42974e-06,3.85523e-06,1.69374e-06,2.24769e-05,2.15954e-05,3.09797e-05,1.61888e-05,1.58192e-05,1.56055e-05
A0A3Q7I6V9_420_H8N2,0,0,0,0,0,0,0,5.37007e-06,6.68755e-06,2.58464e-06,1.15085e-06,8.21937e-06
A0A3Q7G7T0_261_H3N4F2Pen1,0,0,0,0,0,0,0,7.35134e-07,0,0.000129384,0.000178562,9.18402e-05
A0A3Q7H8B1_336_H10N2,0,0,0,0,4.36915e-07,0,0,0,0,0,8.79976e-06,5.92957e-06
A0A3Q7JJ52_850_H8N2,0,0,0,4.48761e-07,0,0,0,0,3.6629e-06,0,9.14591e-06,6.6589e-06
A0A3Q7I1S7_339_H8N2,0,0,0,0,0,0,0,0,0,0,5.61087e-06,6.31473e-06
A0A3Q7G7T0_261_H3N2F1,0,0,8.5241e-07,0,0,0,0,1.32571e-06,1.81534e-06,0,0,1.6608e-06
A0A3Q7IA20_502_H7N2,0,0,3.57486e-07,0,1.40269e-06,0,0,0,0,0,4.82996e-06,1.06071e-05
A0A3Q7ITF1_82_H8N2,8.97139e-07,9.75289e-07,0,0,0,0,9.50885e-07,5.81668e-07,0,1.07095e-06,0,4.66975e-06
A0A3Q7F2W9_286_H7N2,0,0,0,0,0,0,8.00492e-05,0.000122045,7.95844e-05,0,5.72817e-06,1.0619e-05
A0A3Q7HDB6_202_H5N2,0,0,0,0,0,0,0,0,0,4.87112e-06,1.69389e-05,2.20274e-05
A0A3Q7H3H8_52_H7N4Pen1,0,2.50237e-06,6.07037e-06,0,2.01453e-06,5.13453e-06,1.07608e-05,6.52418e-06,6.04722e-06,2.0476e-05,1.91531e-06,1.57623e-06
A0A3Q7H582_422_H8N2,0,0,0,0,0,0,0,0,0,0,0,4.37981e-06
A0A3Q7ES58_100_H8N2,1.01125e-06,0,0,0,0,0,0,5.01426e-07,0,0,2.25288e-06,1.22578e-06
A0A3Q7HEF3_356_H6N3,0,0,0,0,0,0,0,0,0,2.74422e-05,2.69003e-05,2.59335e-05
O82777_745_H5N2,0,0,0,3.27287e-07,0,0,0,1.51676e-05,1.37609e-05,0,2.48329e-05,3.43749e-05
A0A3Q7HEF3_356_H5N3,0,0,0,0,0,0,7.69484e-06,1.84685e-05,1.31225e-05,1.78592e-05,3.09505e-05,3.22856e-05
A0A3Q7J5M8_63_H8N2,0,0,0,0,0,0,0,0,0,0,0,1.89236e-06
A0A3Q7F2K6_661_H7N2,0,0,0,0,0,1.17975e-06,0,0,0,0,0,2.70151e-06
A0A3Q7HI95_92_H8N2,0,0,0,0,0,0,0,0,0,0,0,2.20738e-06
A0A3Q7HEF3_356_H4N3,0,0,0,0,0,0,1.3911e-05,1.85172e-05,1.79674e-05,1.29764e-05,2.43796e-05,2.55262e-05
A0A3Q7HE99_207_H7N2,0,0,0,0,0,2.54908e-07,0,0,0,0,1.5926e-05,3.46061e-05
A0A3Q7FZP1_305_H8N2,0,0,0,0,0,0,0,0,0,0,6.88104e-06,1.22684e-05
A0A3Q7FBD5_336_H7N2,0,0,0,4.50826e-07,3.81171e-07,0,0,0,0,0,2.71228e-07,2.37113e-06
A0A3Q7HE99_260_H6N2,0,0,0,0,0,0,0,6.25116e-07,2.98796e-07,3.78202e-05,5.54097e-05,0.000141836
A0A3Q7HE99_260_H5N2,2.10695e-07,0,0,0,0,0,1.14944e-06,0,0,2.72869e-05,9.10894e-05,0.000231326
A0A3Q7F595_260_H8N2,0,0,0,0,0,0,0,0,0,0,0,5.13462e-06
A0A3Q7HI59_276_H3N3F1Pen1,0,0,0,0,0,0,0,5.54618e-06,6.10948e-06,0,4.33024e-06,6.83091e-06
A0A3Q7FBU8_181_H8N2,0,0,0,0,0,0,2.7141e-05,3.65141e-05,4.09783e-05,0,5.15911e-06,8.17045e-06
A0A3Q7F968_106_H8N2Pen1,0,0,0,0,0,0,0,0,0,0,1.08998e-06,1.9508e-06
A0A3Q7GND5_132_H8N2,4.13589e-07,0,0,0,0,0,0,0,7.2529e-07,0,0,3.01803e-06
A0A3Q7JY62_134_H4N8F3,0,0,0,0,3.71265e-06,0,0,0,0,0,0,4.72368e-05
A0A3Q7HPL8_82_H7N2,2.47971e-06,1.66068e-06,7.62127e-07,1.98574e-06,0,4.56438e-07,0,0,0,5.40082e-07,6.8783e-06,5.88606e-06
A0A3Q7J5Y0_158_H8N2,0,0,9.29009e-07,0,0,0,0,0,0,0,1.66041e-06,8.90723e-06
A0A3Q7EN93_261_H7N2,3.39578e-05,4.42049e-05,0,1.83301e-05,1.87121e-05,0.000519249,0,0,0,0,0,8.79494e-06
A0A3Q7EP74_252_H7N2,4.3027e-07,0,0,0,0,0,0,0,0,2.01396e-06,2.6233e-06,4.35214e-06
A0A3Q7HSK0_411_H8N2,0,0,0,0,0,0,0,0,0,0,4.55788e-06,4.13686e-06
A0A3Q7ITB1_286_H8N2,6.66841e-06,0,2.13754e-06,0,0,0,0,0,0,0,0,4.12611e-06
A0A3Q7EES8_316_H8N2,0,0,6.52569e-06,0,0,1.73324e-06,0,0,0,2.14e-06,0,6.42804e-06
A0A3Q7F4F5_63_H8N2,0,0,0,0,0,0,0,0,0,0,6.04585e-06,8.06184e-06
A0A3Q7F9I5_112_H6N2,0,0,0,0,3.44292e-06,0,0,0,1.20773e-06,0,1.54651e-05,2.55978e-05
A0A3Q7G4Y3_382_H8N2,0,0,0,0,0,0,0,0,0,0,1.76405e-06,6.28548e-06
A0A3Q7HDP5_139_H8N6F3Pen1,2.15795e-06,0,0,0,0,0,0.000180628,0.000143098,0.000148501,0.000157767,8.97767e-05,9.44583e-05
A0A3Q7EJ69_713_H7N2,0,0,0,0,0,0,9.60115e-07,0,0,1.74064e-06,2.37392e-06,1.4188e-06
P05117_240_H2N4F2Pen1,0,0,0,0,0,0,0,3.78009e-06,0,2.31115e-05,1.55771e-05,1.12575e-05
A0A3Q7I6R5_137_H8N2,0,0,0,0,0,0,2.41948e-06,1.35553e-06,0,0,0,4.34913e-06
A0A3Q7F8U8_47_H8N2,0,9.26308e-06,8.84369e-06,7.82708e-06,7.71323e-06,9.83449e-06,0,0,0,3.56789e-06,5.46904e-06,6.45301e-06
A0A3Q7I7Q4_88_H8N2,0,0,0,0,0,0,0,0,0,0,2.63661e-06,6.56814e-06
A0A3Q7FRP2_123_H8N2,1.28377e-06,0,0,1.25524e-06,4.94661e-06,6.96548e-06,0,0,2.07033e-06,0,0,2.66392e-06
D3TI68_474_H4N6,0,0,0,0,7.24719e-07,0,0.000187984,0.000217125,0.000206385,0.000118287,0.000116385,0.000121574
A0A3Q7HTM2_1696_H6N2,0,0,0,0,0,0,0,0,0,9.57716e-06,4.50354e-06,9.02535e-06
A0A3Q7HTM2_1696_H5N2,0,0,0,1.31123e-05,3.30579e-05,8.07071e-06,4.73064e-06,5.25453e-06,3.44132e-07,1.73613e-05,1.65597e-05,4.85764e-05
A0A3Q7F1S0_66_H8N2,0,0,0,0,0,0,0,0,0,3.60105e-06,1.89451e-06,1.74031e-06
A0A3Q7HF41_41_H7N2,0,0,0,0,1.82521e-06,0,5.88136e-06,3.44237e-06,1.61534e-06,6.03869e-06,1.81132e-05,2.59447e-05
A0A3Q7JGF7_668_H8N2,0,0,0,0,0,0,5.5409e-06,0,2.26362e-05,0,3.10658e-06,2.41259e-06
A0A3Q7HD33_141_H8N2,0,0,0,0,0,0,0,0,0,0,0,9.56945e-07
A0A3Q7FQQ8_352_H8N2,0,0,0,0,0,0,4.54812e-06,2.99283e-06,2.28867e-06,4.28743e-06,5.24883e-06,4.51134e-06
A0A3Q7ICC7_240_H7N2,0,0,0,0,0,0,8.71043e-07,6.34647e-07,0,1.42474e-06,2.23989e-06,2.46164e-06
Q40129_109_H8N2,0,0,1.45905e-06,0,0,0,8.14477e-06,1.16009e-05,1.49624e-05,3.26014e-05,3.20703e-05,4.10797e-05
A0A3Q7G4V6_441_H8N2,0,0,0,0,0,0,0,0,3.90679e-07,0,4.23798e-06,6.93285e-06
A0A3Q7I0J8_168_H7N2,0,0,0,0,0,0,0,0,0,1.09608e-06,0,2.46369e-06
A0A3Q7HDP5_435_H3N4F2Pen1,0,0,0,2.66013e-06,0,0,2.81046e-05,0.000287604,3.91053e-05,2.14384e-05,1.35574e-05,1.91071e-05
A0A3Q7GLR8_286_H7N2,0,0,0,0,0,5.71717e-06,2.04034e-05,3.53102e-05,4.51734e-05,5.43434e-06,3.27635e-06,3.69474e-06
A0A3Q7J033_343_H7N2,0,5.36508e-05,0,7.98554e-05,8.20907e-05,9.22268e-05,0,0,0,0,1.32557e-06,3.27357e-06
P15003_214_H10N6F4,0,4.46837e-06,0,0,0,0,2.6392e-06,0,0,0.000263129,0.000162769,0.000177141
A0A3Q7EQN7_517_H5N2,1.71746e-06,0,1.03877e-06,0,0,0,0,9.57938e-07,0,2.72799e-06,8.89588e-07,3.51521e-06
Q9ZTJ6_384_H13N8,0,0,0,0,1.6759e-05,0,7.9302e-06,2.40506e-05,0,1.37245e-05,1.05259e-05,2.64691e-05
A0A3Q7IGR5_148_H8N2,0,4.48064e-07,1.98361e-06,1.21311e-06,1.73066e-06,2.81746e-06,1.51226e-06,1.33876e-06,1.44958e-06,2.64412e-06,1.93006e-06,3.76683e-06
A0A3Q7G069_351_H3N3F1Pen1,0,0,0,0,0,0,0,2.39707e-06,1.46885e-06,0,0,1.27473e-07
A0A3Q7FR86_484_H5N4F3Pen1,0,0,0,0,0,0,0,9.90106e-07,0,0,0,0
A0A3Q7HBA2_375_H5N4F3Pen1,0,0,0,0,0,0,1.55297e-06,3.14119e-06,1.15058e-06,0,0,0
A0A3Q7GDS0_159_H5N4F3Pen1,0,0,0,0,0,0,0,1.05021e-05,4.90799e-06,6.33379e-07,5.8765e-07,1.15234e-06
A0A3Q7GZY6_161_H4N3F1Pen1,0,0,0,0,0,0,0,4.83429e-06,2.73163e-06,0,0,0
A0A3Q7G7T0_261_H12N5Pen2,0,0,0,0,0,0,0.000137529,0.000146062,0.000141852,0.000122654,0.000137799,0.000134576
A0A3Q7GZY6_161_H3N3F1Pen1,0,0,0,0,0,0,2.30812e-05,3.25035e-05,3.74648e-05,1.14133e-05,5.66148e-06,1.29452e-05
O82777_177_H10N2,0,0,0,0,0,0,0,1.90059e-06,0,0,0,9.768e-07
A0A3Q7F777_351_H5N4F2Pen1,0,0,0,0,0,0,0,2.56652e-06,2.56425e-06,0,0,0
A0A3Q7F777_351_H4N4F2Pen1,0,0,0,0,0,0,0,2.87512e-06,2.66793e-06,0,0,0
A0A3Q7F322_185_H3N4F1Pen1,3.90782e-07,0,0,0,0,0,0,3.46958e-06,1.46831e-06,0,0,0
O82777_177_H2N4F3,0,2.03351e-06,0,0,0,0,2.31737e-06,2.53529e-06,4.55956e-07,4.07065e-06,0,3.9672e-06
A0A3Q7E7F3_175_H5N4F3Pen1,0,0,0,0,0,0,5.56867e-06,3.99327e-06,8.62972e-07,0,0,0
Q9ARC8_166_H3N5F3Pen2,0,0,0,0,0,0,4.68682e-06,8.99126e-06,5.932e-06,0,2.49205e-06,3.78833e-06
Q9ZS44_182_H3N2F1Pen1,0,0,0,6.02298e-07,0,1.46294e-06,5.24566e-07,3.50035e-06,2.26404e-06,0,9.70541e-06,6.29583e-06
A0A3Q7HNE8_413_H3N4F2,0,0,0,2.34291e-06,9.77255e-07,1.37186e-06,0,1.68374e-06,1.23503e-06,0,0,4.31262e-07
A0A3Q7F968_93_H3N4Pen1,0,0,6.68953e-07,1.80119e-06,0,0,0,2.99969e-06,2.3734e-06,0,0,6.85781e-07
A0A3Q7H582_119_H2N4F2,2.07095e-07,0,0,0,0,0,0,1.51515e-06,0,7.02255e-07,0,0
A0A3Q7HZ23_232_H3N3F1Pen1,0,2.79265e-07,0,4.3217e-07,0,0,2.32832e-06,7.72287e-07,1.55907e-06,6.99746e-07,0,1.19273e-06
A0A3Q7GFN2_345_H4N4F2Pen1,0,0,3.38798e-07,6.3519e-07,1.90725e-07,0,0,2.42631e-06,2.39085e-07,0,0,0
A0A3Q7HS85_556_H3N4F1Pen1,0,0,0,0,0,0,1.17404e-06,3.59742e-06,2.54339e-06,1.66076e-06,1.69376e-06,0
A0A3Q7IMQ2_142_H2N4F3,0,0,0,1.71724e-06,0,0,0,3.15937e-06,2.5487e-06,0,0,0
A0A3Q7ILU4_140_H5N3F2Pen1,1.65276e-06,0,0,0,0,0,8.04647e-07,8.25256e-07,6.30418e-07,0,0,0
A0A3Q7G7T0_531_H5N6F1,0,0,4.22118e-07,0,0,0,1.25568e-05,3.45744e-05,2.45272e-05,0,0,0
A0A3Q7GXS6_125_H3N3F1Pen1,4.29341e-06,2.10495e-06,3.55266e-06,1.36008e-07,2.72699e-07,2.48929e-06,2.42778e-06,5.00102e-06,4.13471e-06,2.4221e-05,8.71742e-07,4.40531e-07
A0A3Q7GFG8_831_H3N4Pen1,0,3.09959e-07,0,0,5.66882e-07,4.93208e-07,1.8484e-06,5.92748e-06,6.03505e-06,0,0,0
A0A3Q7FSD6_1179_H3N4F1Pen1,0,0,0,0,5.90952e-07,0,0,1.83801e-06,0,1.45922e-06,0,1.56628e-06
A0A3Q7FZP1_399_H3N4Pen1,0,0,0,0,0,0,0,1.74675e-06,3.03098e-06,0,0,0
A0A3Q7FV43_207_H4N4F2Pen1,0,0,0,4.14779e-07,0,0,0,1.29082e-06,0,0,0,0
A0A3Q7F792_295_H4N4F2Pen1,6.14057e-07,0,0,0,0,0,0,4.30982e-06,2.91003e-06,0,0,0
A0A3Q7H8B1_336_H5N4F3Pen1,3.45189e-07,0,0,0,0,0,4.45865e-06,3.84845e-06,7.55845e-07,0,7.99488e-07,7.41146e-07
A0A3Q7F792_295_H3N3F1Pen1,3.96123e-07,0,0,1.35694e-06,0,0,0,9.0868e-06,3.48459e-06,0,7.20027e-07,0
A0A3Q7H8B1_336_H4N4F2Pen1,0,0,0,0,0,0,0,1.13872e-05,0,0,2.59713e-05,0
A0A3Q7FFV1_438_H3N3F1Pen1,0,0,0,2.27833e-06,0,2.09991e-06,8.14267e-06,2.03794e-05,1.49211e-05,0,0,0
A0A3Q7GAX3_345_H10N4F1Pen1,0,0,0,0,0,0,1.80858e-05,2.59692e-05,1.95843e-05,0,0,0
A0A3Q7GAX3_345_H9N4F1Pen1,0,0,0,0,0,0,4.61732e-05,6.5199e-05,4.78343e-05,0,8.56387e-06,1.57848e-05
A0A3Q7GAX3_325_H7N4F1,0,0,0,0,0,0,6.34486e-06,2.97391e-05,1.98134e-05,0,0,0
A0A3Q7F968_78_H5N4F2Pen1,0,4.5778e-05,0,0,0,0,0,4.54828e-06,4.95248e-06,0,4.16699e-07,0
A0A3Q7I620_306_H3N4F1,0,0,0,0,0,0,0,5.05075e-06,1.24673e-06,0,0,0
A0A3Q7HE99_260_H4N4F2Pen1,0,0,0,4.5977e-07,0,0,0,6.73364e-06,3.39172e-06,0,0,0
A0A3Q7HVC4_674_H8N2,0,4.12039e-07,0,0,0,0,0,3.41737e-06,2.13387e-06,7.86037e-06,0,0
A0A3Q7HE99_260_H4N3F2Pen1,0,0,0,0,3.3054e-07,0,1.09541e-06,2.93401e-05,1.44102e-05,6.45536e-07,8.08063e-07,8.20604e-06
A0A3Q7J5M8_63_H3N3F1Pen1,0,0,0,0,0,0,0,4.93026e-06,0,8.98599e-07,0,0
A0A3Q7IJ34_126_H5N4F3Pen1,0,0,6.23988e-07,0,0,5.63348e-07,4.31446e-06,6.67762e-06,3.44976e-06,3.112e-06,1.09842e-06,0
A0A3Q7G8A3_224_H4N3F2Pen1,0,0,0,0,0,0,0,4.86355e-06,2.54595e-06,0,0,0
A0A3Q7ER11_142_H3N3F1Pen1,0,0,0,0,0,0,0,1.09439e-05,8.12835e-06,0,0,0
A0A3Q7HR28_195_H4N4F2Pen1,0,0,7.8305e-06,0,2.79287e-06,0,5.99645e-05,4.74463e-05,1.93195e-05,0,0,0
A0A3Q7FVH3_281_H6N4F1Pen2,9.3333e-06,2.27345e-05,9.71824e-06,6.06619e-06,9.59169e-06,6.99185e-06,0,1.04969e-05,6.45582e-06,0,0,0
A0A3Q7JMX3_277_H7N7F4Pen1,0,0,0,0,0,0,0,2.75232e-05,2.11809e-06,1.5251e-05,0,0
A0A3Q7IUF3_166_H3N3F1Pen1,0,0,0,0,0,0,0,3.26829e-06,0,0,0,0
A0A3Q7G7Y1_1837_H2N2F1Pen1,0,0,0,0,0,0,2.46705e-05,3.88767e-05,2.96458e-05,0,0,0
A0A3Q7F8J8_160_H7N2,0,0,0,0,0,0,2.25354e-06,5.10347e-06,0,6.83147e-07,0,0
A0A3Q7H8H1_251_H3N3F1Pen1,0,0,0,0,0,0,6.36273e-07,6.43921e-06,0,0,0,0
A0A3Q7H4L1_106_H3N4F1Pen1,0,0,0,0,0,0,0,1.0861e-05,0,0,0,0
A0A3Q7JVY0_383_H3N3Pen1,0,0,0,0,0,0,0,4.18164e-06,0,0,0,0
A0A3Q7EU46_201_H10N2,0,0,0,0,0,0,0,4.44138e-06,0,0,3.72294e-05,6.03975e-06
A0A3Q7HV28_448_H5N4F3Pen1,0,0,0,0,1.2117e-06,1.20139e-06,1.13329e-05,1.80782e-05,2.03856e-05,2.42312e-06,7.81914e-07,3.21212e-06
A0A3Q7HE99_103_H3N2F1Pen1,0,0,0,0,0,0,8.79685e-07,1.20329e-05,0,0,6.34076e-07,5.93949e-07
A0A3Q7FKY5_196_H3N4F1,0,0,0,2.78531e-05,2.54102e-05,9.07505e-06,0,1.02276e-05,6.56023e-06,0,0,0
A0A3Q7GFU5_129_H4N4Pen1,0,0,0,0,5.50593e-07,0,0,1.55626e-06,6.93567e-07,0,5.30569e-07,0
A0A3Q7HV28_366_H4N4F3,0,0,0,0,0,0,0,1.12402e-05,1.66848e-06,0,7.48962e-07,0
A0A3Q7EME2_55_H1N2Pen1,1.08751e-05,3.3622e-06,9.96228e-06,0,6.29416e-07,0,0,3.23707e-05,4.48025e-05,2.22471e-06,1.28155e-06,2.5075e-06
A0A3Q7JTK0_235_H3N4F1Pen1,0,0,0,0,0,0,0,1.40475e-05,2.95741e-06,0,0,0
A0A3Q7EHP2_279_H3N4F1Pen1,1.89403e-06,0,2.0857e-06,0,0,0,1.25824e-05,1.40992e-05,8.29733e-06,0,0,6.22875e-07
A0A3Q7GX88_42_H4N7,0,0,0,0,0,0,0,1.80112e-05,0,0,9.34391e-07,0
D3TI69_372_H6N4F2Pen2,0,0,0,0,6.29553e-07,0,1.02099e-05,1.14372e-05,9.48425e-06,0,0,0
A0A3Q7JF59_193_H2N4F3,0,0,0,0,0,0,0,3.47599e-06,2.55035e-06,1.93608e-06,0,0
A0A3Q7F6J3_308_H3N4Pen1,0,0,0,0,0,0,2.93655e-06,3.25818e-06,8.19394e-06,8.35768e-07,0,0
Q40129_109_H5N4F2Pen1,0,0.000147471,0,1.67606e-05,1.25501e-05,1.69321e-05,2.76556e-05,2.93452e-05,2.17624e-05,1.05761e-05,7.57647e-07,1.29955e-05
A0A3Q7JCT2_74_H3N4F1Pen1,0,1.23947e-05,9.97038e-06,1.10868e-05,1.83369e-06,1.18412e-05,5.8611e-06,7.03967e-06,8.47869e-06,4.22879e-06,1.96659e-06,3.1375e-06
Q40129_109_H5N4F1Pen1,0,0,0,0,0,0,1.52315e-05,2.89167e-05,2.47746e-05,1.16777e-05,5.90849e-06,0
A0A3Q7GX38_431_H8N2,0,0,0,0,0,0,0,7.69175e-06,4.25189e-06,5.28044e-06,5.90012e-06,0
A0A3Q7IZG1_80_H4N4Pen1,0,0,0,0,0,0,0,7.22621e-07,1.05522e-06,0,0,5.93335e-07
A0A3Q7GLR8_286_H4N3F2Pen1,5.39597e-06,0,0,4.67745e-06,3.95442e-06,0,7.71605e-06,1.19929e-05,1.50787e-05,3.86907e-05,2.79998e-05,2.39044e-05
A0A3Q7IRE3_210_H3N4,0,0,0,1.17367e-05,1.43263e-05,6.79775e-06,1.40681e-06,5.73006e-06,3.05222e-06,0,0,0
P15003_158_H2N2F1Pen1,0,0,0,0,0,0,1.88966e-05,1.25493e-05,3.0517e-06,0,0,0
A0A3Q7HDP5_435_H3N3F1Pen1,0,0,1.44206e-05,0,1.60208e-05,1.81179e-05,8.56693e-06,1.60072e-05,7.22804e-06,4.75169e-06,1.76119e-06,2.81227e-06
P15003_214_H5N8Pen1,0,0,0,0,0,0,0.000300612,0.000126466,0.000158172,6.64422e-06,0,0
A0A3Q7IGR5_148_H5N4F3Pen1,0,1.14743e-07,0,0,0,0,2.79684e-06,1.36364e-06,2.36445e-06,7.85622e-07,0,6.18317e-07
A0A3Q7J2M6_347_H7N4,0,0,0,0,0,0,0,1.19341e-05,0,0,0,0
A0A3Q7IGR5_301_H5N6,5.60057e-07,0,0,0,0,0,1.61064e-05,3.95329e-05,3.77002e-05,3.68978e-05,3.70237e-05,5.07184e-05
