ID,SRD5A3CDG_1,SRD5A3CDG_2,SRD5A3CDG_3,SRD5A3CDG_4,SRD5A3CDG_5,control_1,control_2,control_3,control_4,control_5
P32004_490_H9N2,20.3,356.8,7.8,120.7,18.4,27.9,18.4,15.4,15.7,15.5
P17936_116_H3N3F1,291.9,188.8,244.9,9782.5,250.3,932.6,504.6,261.5,558.9,312.2
P17936_116_H6N4,59.5,47.3,70.4,1360.9,71,116.4,86.7,50,98.8,56.6
Q15063_599_H5N4F1A1,481.6,475.8,621.9,637.8,10556.3,957.4,1165.7,573.5,497.7,584.9
P17936_116_H4N3F1,130.7,104.4,122.5,3688.2,221.6,377.2,243.6,119.3,264.5,136.2
P17936_116_H6N4F2,25.4,29.1,27,871.1,51.7,79.8,63.7,42.4,59.9,34.1
P17936_116_H7N6F1A2,102.6,81.3,140.5,729.2,112.3,124.9,58,56.3,76.8,61.1
P15144_42_H6N6A4,3.1,6.2,13.5,12.3,2.9,2.1,0,2.1,5.4,2.8
P17936_116_H6N4A1,73.4,81.8,100.1,1524.4,196.3,168.1,155.8,89.1,159.9,92.7
P04216_79_H7N6F1,284.7,289.5,325.3,586.7,231,203.5,271.2,281.2,227.9,243.5
P17936_116_H4N4F1,68.4,67.7,72,1096.6,133.2,138.4,94.4,71.5,120.9,74.9
P08962_130_H5N5F1A2,111.8,51,383.9,498.4,302.2,120.7,90.8,76,128.4,59.6
P11279_249_H4N3F1A2,138.4,14.6,174.7,253.1,43.9,71.2,50.4,27.9,44.6,44.6
P17936_116_H6N5F1,4527,1751.8,3236.7,3953.3,884.3,1436.9,766.5,764.6,999.9,1291.6
O95980_297_H5N4F1A2,3.6,63.3,5.5,10,68.4,13.7,12.1,6,1.9,23.4
Q15063_599_H5N4F1,477.4,243.1,479.1,377.5,10687,1388.4,1296.3,482.1,468.7,1278.6
P24821_1119_H6N6F4,155.7,102.4,114.8,3348,83.9,638.4,219.3,205.8,256.6,163.2
P17936_116_H6N5F1A1,105.8,89.6,145.9,1268.4,234.3,213,134.2,108.8,154.7,109.8
P07093_118_H5N4F1A1,615,542.9,640.2,704.3,6048.1,965.5,1099.5,702.9,642.1,969.5
P32004_490_H8N2,16.3,171.4,11.8,59.6,17.9,27.5,25.2,20.7,17.3,19.5
P04216_79_H4N3F1,1956.7,4391,1094.3,1294.1,2747.1,1896.7,1449,1512.3,1852.4,1458.9
P07093_159_H5N4F1A1,199.1,190.2,258.7,338.5,2654.8,290,393,229.5,226,353.3
P17936_116_H5N4F1A1,658.4,660.5,656.5,8054.3,1153.8,1265.9,1003,725.7,965.5,718.7
O95084_207_H5N4F1A1,224.1,357.6,386.7,313.7,6358,1085.2,818.9,338.1,458,557.6
Q15063_599_H7N2,316.6,261.2,301.4,260.7,3479.7,697.3,561.8,362.5,422.2,619.9
P08962_130_H5N4F5,118.4,88.3,300.9,527.1,184,141.9,108.4,79.5,111.1,77.4
P15144_42_H7N7A3,3.3,6,9.3,13.4,3.9,4.4,2.9,2.5,3.7,1.9
Q6YHK3_247_H5N2,302.3,49.3,548.7,105.7,78.4,85,107.6,152.7,45.9,75.2
P08648_182_H5N4F1A1,46.1,201.4,58,65.3,957.6,160.4,145.4,56.7,58.6,163.9
P17936_116_H6N5F3A2,55,42.6,42.7,547.5,73.2,93.5,64.9,51,70.4,55.4
O95084_207_H5N4F1A2,110.2,119.9,137.8,209.2,1588,283.9,230.6,138.1,160.7,149
P17936_116_H6N5F1A2,119.9,90.6,101.5,864.5,202.4,167.9,123,96.8,130.3,100.1
P23142_98_H9N2,108.7,374,186.8,138.6,81.2,76.5,92.5,145,35.4,50.6
Q9Y639_197_H5N4F1A1,31.6,575.4,53.9,148.3,380.7,192.4,149.6,55.6,50.8,88.2
P24043_89_H9N2,115.5,424.3,87,80,124.1,121.8,61,90.6,27.6,76.9
P21589_53_H5N4A1,6.8,22.9,8.7,37.8,216.8,37,38.8,11.3,9,37.4
P08962_172_H7N6F3,139.4,49.8,152.1,379.7,74.9,90.2,66,64.6,77.6,64.5
P04216_79_H5N4A1,23.1,40.5,25.3,29.4,343.9,51.4,71,31.8,27,35.2
P53634_53_H3N2F1,900.2,600.6,1205.2,370.1,408.6,489.4,292.7,271.3,266,316.4
P17936_116_H5N4F4A2,51.5,56.6,67.4,634.2,189.3,121.2,87.6,70.2,111.8,81.8
P07093_159_H5N4F3A1,55.5,50.1,69.9,75.5,594,96.8,96.3,68.9,58.8,81.4
P21589_53_H5N3A1,7.8,36.4,7.9,17.9,131.6,26.3,29.9,11.8,8.4,19.9
P02751_1007_H9N3,24.6,27.3,32.4,31.5,541.3,104.6,69.5,38.9,38.6,63.1
P06756_704_H5N4F1A1,34.6,463.4,46.8,104.5,1163.6,330.3,340.6,84.8,70.7,155.8
P17936_116_H7N6F1A1,41.5,48.5,48.4,467.3,147.8,95.7,78.1,52.9,75,62.4
P53634_53_H7N2,853.1,312.7,334.6,174.2,281.9,349.4,203.8,182.3,153.8,207
Q13510_259_H5N2,960.7,248,1095.4,780.2,1063.9,389.1,556,433.9,261.1,369.5
P07996_248_H5N4F1A1,428.9,469.6,401.6,422.4,6325.2,824.6,1020.2,521.4,615.3,927
P35556_2120/2033_H5N4F1A1,100.6,91.9,92,75.2,846.5,160.6,163.3,103.8,67.1,94.2
Q99715_2528_H5N4,259.8,291.5,463.2,538.3,3626.4,569.5,608.2,310.6,661.8,386.2
P17936_116_H7N5F2A1,18.3,16.4,16.3,168.4,35.1,34.7,23.3,20.4,24.5,22
P17936_116_H8N5F1,36.6,33.3,35.5,385.7,91.6,84.1,50.4,43.4,58.5,50
P21810_311_H5N4F1A1,128.1,131.4,121.2,124.6,1203.1,215.9,204.7,142.7,123.2,162.4
P08962_130_H6N6F3A1,82,34.2,166.6,333.8,175.5,96.3,88.2,63.4,83.9,62.9
P21589_403_H5N4F1A1,24.7,94.5,25.6,61.5,217.6,70.1,51.1,30.7,20.2,39.3
P53634_53_H6N2,2142.4,815.4,1560.9,470.3,515.4,1045.9,540.9,427.2,252.9,487.2
Q6YHK3_247_H6N2,377.8,65.7,349.4,167.1,66.8,94.6,143.5,149.8,46.2,80.4
P07996_248_H6N4A1,157,186.1,140.8,161.1,1028.6,261.6,259.4,172.8,212.1,238.1
P08962_150_H6N5F1A1,948.8,422.8,928,1418.8,435.3,409.3,399.1,410.4,467.6,400.4
P53634_53_H6N2F1,1566.7,657.3,954.8,450.8,601.5,664.6,472.4,438.4,375.4,489.7
P35555_1902_H5N4F1A1,282.9,166.3,262.5,112,2842.3,200.4,466,376.8,375.9,737.3
P15144_42_H5N6A1,186.2,641.4,451.1,333.1,106.3,170.5,149.8,128.3,314.2,109.3
P17936_116_H4N3F1A1,353.2,312.4,277.6,2166.3,631,479.2,397.8,316.4,392.4,313.9
Q9Y4L1_869_H4N2,193.9,125.4,147.7,170.2,538.5,109.9,147.7,163.7,76.5,100
P53634_53_H8N5A1,193.1,113.1,740.1,280.9,732.3,263.8,194.1,135.1,304.4,153.2
O95084_207_H6N4A1,87.7,89.4,83.6,82.7,881.5,164.5,156.2,88.4,97.9,118.4
P21589_403_H5N4F3,62,266,65.1,174.3,634.3,202.7,155.4,82.6,50.2,127.2
O00300_178_H9N2,105,64.4,248.5,204.1,99.9,55.6,53.8,70.2,95.7,98.2
P17936_116_H5N4F1,579.9,589.7,625.5,4915,1714.3,1219.6,876.5,598.1,985.2,692.8
P42892_187_H5N4A1,23,162.1,27.9,40.1,94.7,49.3,36.1,23.1,22.6,51.1
P17936_116_H7N5A1,54,46.9,79.6,486,346.1,121.1,123,70,129.7,89.6
P11279_249_H5N3A1,236.8,63.4,300.2,358,117.3,179.6,161.3,97.4,145.4,168.6
Q07954_2127_H6N5F1A2,163.3,133.5,156.7,121.7,58.9,69.2,38.4,114.8,45.1,68.4
P15144_42_H5N6F2A1,91.3,244.3,137,125.5,59.8,81.1,72.5,55.9,89.6,49.5
Q99715_2679_H5N4F1A1,688.6,859.1,1053.2,1244.5,7700,1630.5,1487.2,1006,1646.2,1192.3
P07996_248_H6N4F2,113.5,107.9,101.6,142.6,550.4,179,169.8,138.2,137.7,159.9
Q5ZPR3_309_H5N4F1A2,10,33.4,19.6,22.9,94.2,22.5,23.1,13,12.7,25.1
P24043_89_H8N2,31.8,122.6,37,28.9,41.3,43,24.8,32.4,18,22.4
Q9NR99_2007_H5N4A1,57.3,50.3,60.7,41.4,526.7,87.4,106.8,47.8,77.3,77.2
Q14108_105_H7N6F1,327.9,213.5,527.3,786.5,290.4,263,210.8,213.2,265.8,220.2
O75462_292_H9N2,48.7,84.1,65.1,50.4,785.4,98.2,105,57.7,222.2,77.4
Q08722_111_H6N5F1A1,185.3,119.9,250.8,195.8,133.6,103.1,74.2,106.2,90.7,105.9
P17936_116_H7N5A2,89.4,78.4,92.2,747.9,189.3,178.8,121.9,103.5,133.7,114.6
O95084_207_H4N5F1A1,216.5,202.8,158.6,203,1536.3,336.1,277.5,195.2,199.1,255.8
P15144_234_H5N2,727.8,1669.1,703.8,1407.4,609.3,511.4,329.1,272.4,961.5,738.6
P15144_42_H6N6F2A2,3.7,7.1,9.6,9.8,3.3,5,3.1,1.9,6,2.5
P02751_528_H5N4F3,318.1,194.4,288.7,207.9,3768.5,1177.1,658,424.4,395,712.1
Q16610_354_H5N4F1A2,107.6,119.4,101,355.4,187.4,94.8,91.5,82.3,102.1,112.5
Q6YHK3_337_H9N2,1075.7,546.7,667.6,730.4,239.6,460.5,372.6,381.1,207,393.2
P21810_270_H5N4F1A1,86.2,89.8,90.2,99.5,707.8,136.9,126.2,102.5,107.6,124.3
P04216_79_H5N4A2,165.7,464.9,93.9,111.2,773.3,383.3,244.3,167.4,127.6,158.5
P17936_116_H7N6F1A3,60.1,59.8,50.4,393.5,97.6,90.7,74.5,62.2,68.6,73.3
Q9UKX5_82_H5N4F1A1,318.9,299.6,214.6,171.5,2061.3,1026.8,911.6,604.2,762.5,700.7
Q99715_2679_H5N4,211.6,209.9,325.6,420.4,3604.3,600.3,613.1,324.9,759.7,492.2
Q15063_599_H5N4,116.9,118.8,97,89.9,679.5,147.5,139.5,100.6,107.5,126.2
P15144_42_H6N6A3,25.7,47.3,86.3,62.2,24,32,26.4,18.5,38.6,22.9
P08962_150_H6N5F1A2,324.1,547.5,335.7,695.7,663.9,417.2,278,234.3,246.6,271.8
P15144_42_H6N6A1,69.2,80.5,195.7,156.2,70,61.2,52.9,52.6,111.3,45.8
P05556_669_H5N4F3,179.3,389.1,132.8,151,732.6,294.9,303.1,192.9,211.3,236.2
P11047_1439_H8N2,906.2,923.4,707.3,734.7,458.5,449.4,324.5,547.8,344.8,615.9
P15144_42_H6N6F1,48.3,91.4,85.7,80.3,44.4,47.4,38.4,30.2,55.9,26.9
P08962_130_H6N5F1A2,321.7,266.1,337.9,531.1,318.5,257.4,178,194.6,246.7,141.6
Q13563_299_H9N2,48.9,42.2,39.3,86.7,26.1,39.2,29.3,23.8,16.9,30.4
P17936_116_H7N5F2,59.1,40.6,47.9,337.4,105.4,81.2,60.1,47.4,69.2,81.4
P06756_704_H6N5F1,8.9,9,27,54.4,8.4,13.1,12.7,14.4,8.1,13.6
Q99715_2528_H7N2,448.1,265.2,459.2,549.2,3404.5,608.1,614.9,314.8,908.8,508.3
P11279_249_H6N4F2,11.3,106.9,13.7,19.3,221.8,72.6,69.1,19.1,19.6,35.2
P04216_79_H5N4F1,1956,4185.7,1325.7,1670.9,3304.5,2102.9,1988.1,1813,1889.7,1664.7
P07996_1067_H5N3A1,89.8,102,80.1,73.3,1008.8,170.5,189.7,95.5,160.1,168.8
O95980_297_H6N5F1,23.5,12.7,36.6,28.9,6.6,11.1,14.9,17.9,8.7,10.2
P07093_159_H4N3F1A1,323.7,166.3,367.6,570.8,381,245.8,209.5,192.2,193.4,215.1
P07996_248_H5N4F3A1,139.8,125.9,137.9,142.8,1068.6,223.3,238.3,166.8,147.5,167
Q99715_2679_H5N4F1,396.9,462.6,1030.9,1316.3,8112.2,1435.3,1269,719.6,2454.6,1003.6
P12110_327_H8N2,5455.4,667.6,1496.1,246.5,452.9,866.3,1232.8,993.8,423.9,1358.3
P07996_1067_H5N4,81.2,100.7,106.8,144,1416.5,216.9,244.1,148.5,221.6,254.7
P10253_470_H5N2,1016.7,1259.9,445.2,980,565.5,637.7,329.5,450.7,474.7,620.5
Q9Y639_229_H9N8,625.8,555.6,658.8,1243.2,504.1,504,445.4,406.7,338.5,418.5
P07093_118_H5N4F3A1,359.2,206.8,402.5,435.7,966,330.1,393.1,355.6,298.7,502.4
P15144_42_H6N6A2,14.6,12.7,46.6,38.9,11.3,13.6,11.3,13.8,25.1,9.5
P20908_176_H5N4A1,527.1,757.1,1092.4,1053.9,4339,1189.7,932,708,1203.6,814.9
P02751_1007_H5N4A1,208.1,217.6,213.7,226.6,1988.9,468.8,371.2,265.2,234.5,350.4
P15144_42_H7N7F2,8.3,15.4,23.7,21.9,9.5,10.2,11.1,6.5,13.6,5.4
P07093_159_H6N5F1A1,78.8,62.7,133.6,269.1,154.9,92.7,91.9,75.8,70.5,84.6
P41221_312/291_H5N4F1,82.2,18,49.5,54.9,31.1,40.9,23.3,34,17,25.5
Q9Y639_229_H8N7,383.6,424.8,425.9,709.8,316.5,363.1,263.4,237.5,241.2,250.6
P10915_56_H5N4F1A2,158.3,118.1,155,160.4,1156.2,224,279.4,158.9,202.8,184.8
P12111_3037_H5N4F1A1,23.7,32.8,33.7,42.3,229.8,78,43.2,30.7,33.5,33.6
Q9NUM4_183_H7N2,690.2,335.2,464.9,501.2,444.7,230.3,204.8,275.3,543.8,219.4
P24043_303_H9N2,182.3,514.2,149.8,151.8,295.3,252.5,146.2,154.7,93.5,136.4
P15144_42_H6N6F2A1,59,64.6,166.5,120.4,45.4,57.8,49.5,43.9,87,38.1
P15144_234_H4N3,4147.7,1082.3,2226.2,1179.2,932.9,1372.1,914,1219.8,1109.6,1202.8
O60637_127_H6N5F1,84.9,17.3,69.3,33.4,29.1,16,18,46.1,32.2,30.1
Q6UVY6_517_H5N4F1A1,317,195.7,545.1,378.6,130.8,266.9,125.7,301,114.7,146.9
Q9Y639_229_H7N6,411.1,374.2,423.4,709.5,384.9,343.4,284.6,272.6,242.4,261.7
P17936_116_H4N5F1,145.5,89.6,121.5,561.9,180.5,141.1,128.7,114.2,164.8,123.2
Q13563_299_H8N2,157.1,301.7,208.5,466.7,147.6,215.4,177.9,131.7,145,115
P98095_1035_H5N4F1A1,279.9,107.3,225.1,174.5,862.2,174.5,195,166.1,272.3,202.8
Q14108_105_H6N5F4A2,889.5,444.3,593.5,1302.5,549.8,630.1,552.6,554.6,640.8,557.7
O00478_115/115/115_H5N4F1A1,96.8,271.7,112.9,115.8,256,163.6,91.5,69.5,73.1,127.1
Q5ZPR3_309_H5N4F1A1,103.5,430.6,136.5,190.3,658.2,265.6,252.1,144.4,98,180
P08962_150_H7N6F1A1,190.5,86.1,237.8,450.7,151.9,161.8,140.1,126.3,128.5,135.4
P15144_42_H7N7F1,11.8,36,25.4,20.2,16.8,13.6,15.5,10.7,21.3,7.3
Q07954_2620_H4N3F1,372.2,62.6,393.9,174.7,63.1,96.8,131.7,278.2,78.9,76.6
P15144_42_H6N7F2,23.1,38.4,32,36.9,19.8,16.4,17.2,16.7,29.7,13.3
Q5ZPR3_309_H6N5F1,42.5,16.7,57.4,73.4,17.8,25.2,26.8,31.1,23.8,22.4
P15144_818_H5N4F3A2,160.5,71.1,156,220.1,116.6,95.7,69.2,73.8,125,87.3
Q99715_1763_H5N4,121.9,69.6,160.6,215.6,400.4,140.6,128.1,103,110.4,123.3
Q08722_73_H6N3,776.2,465.8,902.4,631.6,521.8,485.6,511.8,559,369.2,495.1
Q07954_357_H6N5F1,21.9,16.9,54.5,55.5,15.8,20.4,20.9,23.2,20.9,18
P21589_333_H5N4A1,156.9,112.2,133.9,187.5,956.2,220.2,234.8,152.9,145,221.1
P17936_116_H6N4F1A1,62.2,41.9,63,489.5,159.7,119,112.9,77.1,125.5,79.6
P15144_42_H5N6,41.7,66.1,132.2,91.5,44.7,43.1,35.4,43.8,84,30.8
P15144_42_H6N6,23.7,14.5,97,57.2,31.3,21.3,30,18.4,54.8,16.8
P04156_197_H8N7F1A4,56.5,131.9,92.3,127.8,50.1,59.7,52,68.6,53,56.4
P15144_234_H4N3A1,2846.3,1129.3,1754.4,1359.6,2454.9,1463.1,1036.3,1153.7,1109,1267.5
P26022_220_H5N4F1A1,72.3,57,58.8,63.8,396.9,82.2,79.3,66.5,78.7,104.4
Q13563_299_H7N2,73,113.7,89.4,195.2,60.2,87.1,80.8,58.6,56.9,53.8
P07093_159_H5N4F1,617.9,194.4,592.7,809.9,2018.9,506,578.8,420,465,719.8
P17936_116_H7N6F3A2,62.7,48.3,44.3,293.7,88.4,105.5,67.1,51.3,57.3,60.2
P07093_118_H5N4F1A2,271.3,85.9,385.2,396.7,1887.9,337.1,462.1,341.7,245.1,537
P12109_212_H5N4F1A1,52.9,46.3,44.1,45.7,268.8,87.7,68.9,39.8,41.3,53.3
P07996_360_H6N4F2,333.9,305.8,257.1,287.3,1518.9,406.5,426.7,318.5,368.3,385.5
Q16563_71_H6N3A1,126.4,347.6,101.2,153.5,427.9,205.6,164.9,127.1,105.2,133.4
P15144_42_H6N7F2A2,18.9,45.9,27.9,28.9,18.7,23.9,17.7,14.4,20.7,12.9
P02461_1367_H6N2,21,32.3,31.7,27.9,24.6,22.8,19.1,18.6,12,15.4
Q99715_2528_H6N3,131.7,106,146.5,154.1,1130.4,192.3,220.8,117.5,358.3,178.5
Q07954_357_H5N4F1A1,24.7,543.2,54.4,125.6,373.6,264.7,233.4,64.2,39.6,115.6
Q07954_2620_H3N3F1,102.9,23.1,106.4,52.9,19,31,35.7,81.6,24.8,22
P15144_234_H7N6,299.8,201.5,248.9,233.1,114.4,144.1,150,137,158.1,114.9
P28300_81_H5N4F1A1,345.7,161.2,232.7,202.2,638.1,302.4,292.7,238.6,263.1,251
P15144_42_H8N7F1,16.3,21.2,82.4,66.2,18,14.7,26,15.7,61.2,13.4
Q5KU26_271_H7N6F1A4,8.5,34.4,18.2,11,12.2,8.5,10.6,15,7.7,12.4
P04156_197_H8N7F1A2,270.1,257.7,458.4,630.4,348.4,259.5,239.1,217,307.2,240.7
Q08722_111_H6N5F3,159.6,101,192,156.4,108,92.8,81.4,106.9,80.5,99.6
P12111_2558_H5N4A1,180.7,179.9,171.4,208,1054.2,271.2,279.4,199.9,202.3,202.6
P08962_150_H5N4F4A2,456.6,207.4,372.8,655.7,206.5,278.4,206.1,240.7,297.8,204
P15144_42_H8N7F3,6.3,12.6,27.3,22.2,10.8,8.2,9.8,8.8,17.2,7.2
P12110_140_H5N4A1,788.8,942.9,929,935.8,5409.5,2225.2,1596.7,874.6,1115.4,979.3
Q5KU26_323_H7N6F1A2,54.9,196,143.1,71.6,43,38.3,67.2,82.2,47.2,94.4
P15144_42_H5N6A2,71.6,106.1,78,91.3,54.9,51.9,49.8,34,60.5,64.3
Q99715_2528_H5N3,198.9,123.5,156.5,147.9,1046.1,228.6,199.6,134.3,336,186.3
P12109_804_H5N4,276.4,159.6,433,403.2,1769,586.9,479,258.1,348.6,302.1
Q07954_3264_H6N5F1,27.8,23.7,60.9,105.9,14.1,24.3,29.6,29.5,30.7,37.1
P10253_470_H6N2,435.2,607.5,280.9,527.2,293.9,399,169.2,256.9,240.7,331.7
P04156_197_H8N7F3A2,55.6,61.6,84.9,110.1,72.7,55.8,46.5,45.8,52.2,50.6
O95084_207_H5N4F2A1,91,86.1,69.7,129,557,164,128.3,103.5,92.7,120.3
P15144_42_H7N7,24,22,73.8,52.6,22.2,19.2,25,18.5,50.9,13.6
P04216_79_H6N5F1A1,1929.7,2715.7,1611,1944,2212.6,1875.9,1655.7,2027.8,1677.6,1366.6
Q07954_114_H6N5F1,37.7,7.2,77.2,35,14,13,21.6,23.4,35.8,18.4
P05556_669_H5N4F1A2,289.3,539.5,247.5,412.6,1430.4,903.6,781.8,366.9,352.8,477
Q99715_1763_H6N2,343.7,304.6,319.8,513,2607.6,522.7,573.7,332.1,783.3,473.1
Q13563_299_H6N2,106.6,122.4,119.4,229,104.1,113.9,93.8,94.5,70.5,75
P15144_42_H7N7F2A1,104.3,137,337.8,262.7,109.6,103.4,112.3,93.3,246.3,71.4
P11047_1439_H9N2,296.9,204.6,230.1,263.3,166.5,148.1,124.6,175.3,130.6,186.5
Q9Y639_229_H9N7F4,102.6,86.8,91.5,184.2,94.3,80.5,83.4,75.6,55.2,74.2
Q16610_354_H6N4F1A1,136.4,124.9,115.3,369.5,149.6,124.1,113.5,96.1,129.8,132.9
Q9P2B2_286_H5N4F1A1,189.3,184.2,152,171.2,240.2,168.4,80.1,167.3,90.3,118.5
Q9NR99_2500_H6N3,395.5,59.4,99.8,91.1,336.4,132.2,125,103.9,108.9,185.3
P11279_249_H4N3F1A1,665.5,812.9,779.8,1033.7,1886.7,1063,1010.9,327.2,429.6,744.6
P12109_537_H8N2,8121.2,839.1,2583.2,309.6,469.2,1132.9,1895.5,2581.7,365.2,2249.9
Q9Y639_229_H6N5F3A1,129.1,132.5,161.1,232.7,109.2,125.1,101,96.6,89.9,97.8
Q07954_3333_H4N3F1,418.4,196.1,377.2,384.1,462.1,238.3,253.3,258.5,269.4,211.4
P01033_53_H5N4F1A2,83,73.6,61.6,80.6,330.4,101.6,101.3,69.2,64.3,85
P08962_150_H5N4F1A1,120.5,72,124.6,265.5,98.7,110.5,81.5,89.3,88.3,86.8
Q14108_105_H8N7F1,113,68.4,117.9,183.9,82.5,87.7,59,67.4,98.7,67
P15144_234_H6N5,620.4,256.5,322.6,222.5,168.9,161.2,246.9,206.9,248.2,205.1
P11279_62_H4N3F1A1,408.2,167.1,307.7,376.1,437,271.1,252,185.8,211.3,219
P50454_120_H10N2,1081.7,221.6,269.4,142.5,238.7,277.6,263.3,316.2,177.6,278.7
P35555_1581_H5N4F1A1,910,825.2,914.2,924.4,5462.7,853.3,1418.5,1123.9,1059.8,1621.5
P15144_42_H6N7A1,36.3,91.2,72.7,67.2,25,38.3,39.6,34,62.6,22.5
Q08431_238_H7N2,648.3,888.2,628.1,928.3,6844.3,1673.4,1999.7,939.6,1674.9,1481.7
P15144_234_H3N3,1612.1,412.2,821.1,421.6,276.1,556.4,367.4,530,414.3,526.3
P04156_197_H9N8F1A2,84.9,62.8,88.3,146.9,51.2,61,50.1,55.5,58.4,68.7
Q9NR99_2500_H5N3,482.4,79.6,156.6,115.3,356.6,172.4,130.9,154,162.6,186.1
P07996_360_H5N4F1A1,1030.1,1187.1,903.8,1308.3,6449.5,1712.5,1785.6,1258.5,1536.3,1702.9
P15144_42_H8N6F2,6.5,10.5,18.8,20.3,12.6,11.2,8.9,7.9,12.4,6.2
P15144_42_H6N7A3,11.1,32.1,15.7,16.9,11,19.1,8.9,10.5,12.3,8.1
P15144_234_H4N4,1637.2,477,929.7,521.4,356.8,638,399.3,561.1,483.6,579.7
Q9Y639_229_H12N2,207.7,241.5,276.8,310.2,234.1,240.5,130.5,131.6,205.3,154.4
P15144_234_H5N4,1234.1,386.7,666.7,392.6,286.3,429,349.1,414.6,405,419.5
Q08431_325_H5N4F1A1,351.9,523.6,334.2,533.4,1991.4,600,643.9,397.5,390.2,508.7
Q5ZPR3_91_H5N4F1A2,107.5,343,92,162.3,444.6,260.2,192.5,108.3,95.7,125.6
P05556_212_H7N6F1A2,116.5,244.5,222.9,392.8,147.7,182.6,141.7,166.9,134.7,139.4
P08962_150_H7N5F2,200.1,100.7,178.1,276.4,139.1,133,119,111.2,121.9,126.3
Q08431_238_H5N4A1,48.6,43.2,78,156,238.5,95.7,90.4,69.3,60.5,70.1
P21589_333_H6N5,361.5,197.7,195.5,691.5,497.7,343.2,255.7,224.9,204.9,301.4
P05556_406_H5N4F1A1,175,187.2,181.5,194.3,469.5,331.9,363.8,242.8,237.4,293.4
P15144_42_H4N5,51.9,94.2,107.9,84.5,59.8,57.9,57,41.8,72.9,44.5
Q9H6B4_74_H5N4F1A2,378.9,949.9,374.6,535.9,637.1,667.9,481.2,418.9,330,410
P15144_42_H5N5A3,5.3,8.4,11,11.2,4.9,5.9,4.6,4.6,6.3,6.7
Q8N6G6_1518_H5N4F1A1,189,117.6,141,169.7,935,274.2,238.2,178.1,171.3,208.1
P15144_234_H6N5A1,2465.7,1130.5,2199.3,1590.1,2063.5,1435.4,1154.4,1328.4,1433.5,1163.8
P15144_818_H6N5A2,634.1,303.5,458,407.4,300.5,278.2,264,217.3,364.1,327.2
Q15063_599_H6N4F2,124,81.3,104.2,99.7,891.1,208.9,206.7,120.6,112.9,248.9
Q9H6B4_74_H5N4F1A1,29.7,131.5,32.8,51.4,107.9,76.8,59.2,33.3,31.5,43.2
P35555_1581_H6N4A1,273.2,256.2,296.3,369.2,1791.6,273,483.7,372.6,379.1,554.4
Q9UHN6_739_H5N4F1A1,4.6,45.5,7.8,15.7,64,27.5,25.3,10.8,10.8,20.8
P15144_42_H7N7A1,18.8,10.2,40.4,30.7,13.1,14.4,14.5,12.3,24.8,12.5
P15144_42_H5N5F2,172.1,144,315.4,241.9,118,118.1,116.6,129.3,204.4,119.2
P07585_262_H5N4F1A1,78.9,67.1,76.1,80.3,408.4,116.3,115.6,79,84.2,99.3
O43657_134_H5N4F1A1,20.1,82.6,15.8,29,83.5,50.6,38.8,24.2,20.6,26.5
P08962_172_H7N6F1A1,91.3,49.4,79.1,274.6,74.2,98.7,70.7,73.7,78.1,74.5
Q08431_325_H5N4F1A2,545,284.4,292,286.5,949.4,326,336,359.5,236.3,386.1
P02751_1007_H6N4F2,291.5,280.1,317.8,404,2185.1,683.6,504.3,375,345.8,517.6
P15144_42_H5N7A1,14.4,57.8,20.7,22.6,31.2,28.6,17.8,13.7,27.2,15.1
P15144_818_H7N6A2,119.1,72.7,122.9,123.2,53.1,81,50.2,49.9,92.2,69.7
Q14108_105_H7N6F1A1,739.3,309.6,796.5,1116.7,466.6,550.6,416.8,441.2,644,429.3
P15144_818_H6N5F2,310,221.5,295.5,331.5,212.8,225.2,167.2,148.8,243.3,174.3
P15144_42_H5N4F1A3,184.5,52.2,70.8,123,63.1,75.3,67.4,72,61.4,69.4
P26022_220_H9N2,176.5,71.8,123.7,112.4,110,76.1,75.4,101.1,57.3,106.5
Q07954_114_H4N4F1A1,16.1,85.2,26.5,38.4,176.7,71,86.3,20.7,22.9,39.6
P11047_1241_H9N2,883.5,475,606.3,528.8,914,479.2,426.5,453.7,450.7,581
P02751_542_H5N4A2,242.8,243,211.6,412.8,691.4,260.3,266.5,179.3,295.6,262.7
Q07954_2521_H6N5F1,20.8,12.3,39,50.5,10.2,9.2,26,22.7,18.4,17.4
Q6YHK3_1086_H6N3A1,177.2,91.6,302.9,130.7,118.4,108.2,119.5,155,85.6,110.9
P02751_528_H5N4F1A1,893.7,613.3,872.8,715.1,9141.1,3142.8,1680.6,1248.2,1074.4,1888.4
P35555_1902_H6N5F1,103.3,18.4,111.7,66.3,228.9,21.3,58.4,70.6,176.6,133.4
P04216_79_H6N5F1A2,1036.8,1586.8,1070.8,1114.7,1342.8,1111.4,894.8,1171.5,892.8,758.7
P12109_537_H5N2,2877.4,353,847.8,134.9,233.8,448.8,714.5,965,172.3,845.1
P09619_371_H5N3F1A1,20.9,146.7,13.3,26.9,111.1,50.5,71.4,20.3,24.7,58.9
P07996_248_H5N4F5,54.7,49.1,49.7,51.6,401.1,128.7,95,70.2,66.6,69.3
P12110_327_H9N2,1288.6,216.9,522.3,130.3,157.6,298.9,377.7,362.4,141.7,461.4
Q58DX5_556_H6N5F1,36.6,30.2,64.9,68.9,34.6,31,30.9,27.5,43.8,34
P10253_470_H3N2,851.5,796.1,726.9,962.4,649.6,629,635.4,536.9,508,528.9
Q14108_105_H8N6F2,105.5,31.2,58.1,131.4,65.2,67,50.3,48.2,58.9,54.3
Q99715_2528_H8N2,2674.1,1086,1320.1,939,3744.9,1301.2,1440.3,1064.6,1776.7,1371.5
P08962_130_H8N7A1,23.3,16.1,31.6,55.2,22.9,25.3,19.4,25.6,19.6,16.3
P15144_42_H6N6F2,18.8,18.2,47,37.8,17.6,16.9,21.1,19.5,25.3,16.5
Q76M96_835_H5N4F1A1,104.3,113.4,105.5,131,580.7,169.9,176.2,113.4,123.3,155.9
P17936_116_H5N4F1A2,182.3,130.8,155.7,1073.5,356.9,334.4,360.7,186.9,271.4,203.5
Q07954_3333_H5N4F3,81,116.2,66.7,73.8,182.6,91.7,85.5,57.7,61.3,75.6
P15144_42_H6N7,33.5,81.6,88.6,77.7,21.2,29.1,37,25.9,103.7,20.7
Q99715_2528_H5N4A1,369,402.1,517.6,713.8,2191.3,718.4,613.5,519.8,645.2,503.2
P15144_234_H5N4A1,2639.9,1139.5,1706.4,1131.9,1212,1303,1040.2,1110.4,1004.9,1143.8
Q12884_99_H5N4F1A1,95.1,135.9,61.2,71,296.1,163.7,94.4,64.4,68.7,80.7
P55290_86_H6N5F1A2,81.5,143.3,92,114,468.8,124.6,132.1,88.2,108.4,192.7
P04156_197_H8N7F1A3,77.4,91.3,98.1,145.6,88.4,77.8,62.7,71.9,73.1,74.8
Q9NR99_2500_H4N3,174,47.7,94.6,132.8,187.9,110.1,81.3,90.8,78.7,97.8
P13473_356_H6N5,155,94.3,249.5,411.6,249.7,179.2,192.8,183.5,130.9,149.6
P28300_81_H5N4F1,259.6,132.3,339.2,255.7,646.5,260.4,315.4,267.1,377.8,313
O60637_127_H6N5A2,7.3,9.5,10.1,12.3,81.2,24.6,21.5,11.9,12.1,17
P21589_333_H5N4F1,3209.7,533.4,1270.2,2025.1,2243.2,2454.2,1270.9,2448.9,1122.8,1559.9
P04216_79_H5N4F2A1,61.6,207.6,50.9,55.2,142.9,91.2,83.2,62,66.2,72.4
P21589_333_H5N4F1A1,1246.3,1166.4,835.8,1132.2,5188.6,1987.2,1488.4,1362.1,707.4,1391
Q9Y639_229_H6N5,1373.7,1188,1245,1836.7,1026.3,1064.6,961.9,914,999.8,896.9
P04156_197_H9N8F1A4,27.7,65.5,31.2,50.1,27,27,30.4,27.7,25.9,35.3
P11047_1395_H8N2,1041.3,919.7,726.3,631,667.1,611.3,509.7,649.3,479.4,646.6
P12109_537_H6N2,2675.3,327.1,948.1,174.9,327.9,512.4,720.5,919.2,201.2,884.4
Q13740_306_H7N2,2434.1,427.8,1217.8,401.8,732.1,762.3,880.6,905.2,372.9,870.9
P12109_804_H9N2,2434.1,427.8,1217.8,401.8,732.1,762.3,880.6,905.2,372.9,870.9
P15144_42_H5N6F2A2,26,45.2,30.6,39.8,23.5,24.2,26.2,25.8,23.6,20.5
Q9NR99_2415_H5N4F1A1,476.1,220.6,309.8,300.6,2120.7,635.6,422.8,321.7,602.3,517.3
P26006_265_H5N4F1A1,234.9,249,416.7,332.2,1202.4,395.5,397.3,268.4,398.9,315.8
P01033_53_H5N4F1A1,159.2,141.5,114.8,167.5,529.8,194.9,182.9,140.8,122,171
P10253_390_H3N2,99.1,91.7,75.8,76.7,64,66.6,43.3,54.7,62.6,70
Q10588_95_H6N5F1,192.7,170.6,206.6,523,262.3,220.4,166.9,176.5,178.7,247.6
Q6P179_219_H9N2,696.1,254.2,359.5,796,552,447.6,436.5,423.7,202,432.1
Q9Y639_229_H10N9,364.1,307.4,313.7,606.9,305.8,265.7,333.7,280.6,226.7,283.3
O95980_297_H5N4F1,175.3,86.8,173.9,97.4,44.5,78,76.2,130.2,64.5,74.9
P11279_103_H5N4A1,517.2,141.9,576.7,337.2,287.2,231.5,311.3,448.6,172.3,201.6
P15144_42_H7N7F2A3,14.4,31.7,32.2,53.7,17.5,42.7,18.1,13.7,16,19.3
Q07954_4364_H4N4F1A1,8.5,25.8,13,15.2,81.6,29.7,39.6,10,6.7,19.9
P08962_130_H7N6F1A2,245.1,197.6,243,461.9,373.5,267.7,207.9,234.8,246.1,163.2
P07093_159_H9N2,201.2,76.8,207.5,386.8,277.5,190.9,146.8,169.2,163.9,177.6
P06756_554_H5N4F1,97.4,259.2,65.8,119.1,245.3,142.3,135.6,104.3,111.9,86.7
P07996_1067_H7N4A1,32.9,25.1,28.7,36.2,99.1,32.8,38,32.7,27.4,33.2
P11047_1395_H7N2,267.9,262.6,221.5,205.6,318.3,213.3,156.7,197,180.6,196.4
P16070_57_H6N5F3A1,196.4,153.8,159.5,215.7,168.7,170.6,136.5,134.6,120.6,99.6
P05556_669_H6N5F1A2,73.4,190.8,62,111.3,339.6,146.1,157.9,87.4,81.6,102.7
P12110_327_H10N2,245.1,49.6,86.6,66.4,82.1,76.3,90,75.4,61.2,89.6
Q07954_4364_H4N3F1A1,20,185.1,32.4,72.3,172.4,137.1,104.6,39,25,51.6
Q07954_4364_H5N4F1A1,186.4,708.6,279.3,348.3,725.7,505.5,683.3,469.3,404.7,441.4
Q8TCT8_149_H6N2,247.7,121.7,168,212.3,193.7,145,151.1,136,116.9,150.7
P04156_197_H7N6F5A2,12.4,21.3,28.7,27.6,10.7,12.3,16.9,17.1,14.3,14.1
P08473_145_H6N5,218.4,417.7,404.9,607.8,180.2,299.1,242.4,314.1,252.9,248.4
P13987_43_H6N5F4A2,24,33.8,32.9,65.1,38.4,33.4,28.8,29.6,23.9,28.4
Q16585_211_H5N4,1253.5,464.3,1309.1,1295.9,713.2,825.9,779.1,796.4,865.9,847.8
P08962_172_H8N7F1A1,295.5,155.2,219.5,519.7,212.3,251.9,199.6,192.8,199.5,198.4
P15144_818_H7N6,196.3,88.9,188.7,205.9,417.5,182.9,142.1,110.6,224.9,155.6
Q16363_104_H5N4A1,28.6,72.9,37.5,54.9,451.7,162.2,111.7,65,34.5,107.1
Q9NR99_2693_H4N4F1,382,272.5,242.3,349.1,344.4,243.7,221.3,225.6,238,255.5
Q08431_325_H6N4F2,155.5,157.3,135.5,183.5,753.3,212.4,259.8,150.9,196.7,211.7
P15144_42_H6N5F4,10.7,11.3,33.3,26.5,17.7,12.9,17,9,26.8,8.4
P26006_86_H5N4F1A1,78.2,165.3,77.3,102.9,472.2,157.2,161.3,94.6,101.6,152.7
P15144_818_H5N4F2,456.1,161.8,257.9,179.6,171.5,174.7,177.5,131.3,206.1,225.3
P04156_197_H7N6F3A4,185.2,480.6,199.4,272.7,253.4,304.7,221.1,166.1,152.2,193.4
P12109_537_H7N2,423.4,73.4,165.9,48.8,56.9,91.8,131.6,151.3,47.7,151.9
Q08431_238_H8N2,420.9,686.6,463.5,484.7,3056.7,949,981.5,554.2,1169.8,837.1
P08648_868_H4N3F1,126.5,347,128.8,172.4,903.8,358.4,317.2,163.8,161.4,253.8
Q99715_2528_H6N2,743.3,479.3,633.8,656.7,2806.3,776.4,790,581.1,1184.3,654.3
P04216_79_H5N4F1A1,2692.6,5195,1907.4,2072.5,4519.9,2996.4,2365.7,2574.6,2566,2156.5
P04216_79_H7N5F2,177.2,120.1,173.8,160.6,110.5,113,92.8,137,114.7,98.9
P01033_53_H9N2,189.4,224.2,120.9,240.7,606.8,231.5,230.6,154.7,206,214.6
P08648_868_H5N4F1A1,291.1,993.8,295.6,606.6,2351.1,898.1,807.7,450.6,562.5,689.5
P15144_42_H7N7F1A1,5,12,8.3,12.6,7.6,5.6,7.7,6,8.3,6.6
P15144_681_H5N4F2,168.5,346.4,135.7,186.3,240.7,180.3,171.4,142.2,145.1,171.8
P21589_53_H5N4F1A1,303.1,254.3,282,314,348.9,222,227.6,380.8,83.8,216.5
P04156_197_H9N8F5A2,71.9,204.4,110,174.5,103.4,109.3,113.7,93.3,88.6,95.9
P13987_43_H8N7F1A3,16.8,11.1,20.6,31.1,15.2,14,14.8,16.3,13,13.4
Q99715_2528_H5N3A1,86.4,83.9,95.6,113.8,768.9,206,163.8,99.5,245.6,152
Q15063_599_H5N2,329.8,112.9,282.9,158.9,2827.2,823.5,494.2,371.1,374.7,739.6
Q6YHK3_1086_H6N2,1354.5,678.4,1261.3,874.7,302,703,864.2,737.2,447.8,626.8
P13473_356_H5N4F1,2175.7,464.8,1859.3,1282.2,1385.9,1177.7,1129,1588.5,656.3,867.2
Q10588_66_H6N5F1A1,147.7,96.9,238.3,374.8,276.8,179.8,158.7,194.2,155.3,169.8
P07996_1067_H7N4F1,62.9,64.4,64.9,141.7,198.3,75.9,112.3,64.2,84.3,66.1
P51688_264_H5N2,136.1,170.5,119,204.3,121.6,116,101.9,108.5,113.1,130.5
P17936_116_H6N4A2,88.3,66.5,81.8,315.3,138,115.2,122.4,91.6,100.8,93.7
P02751_542_H6N5A3,373.7,426.6,360.3,731.2,852.1,425.4,434.1,315,476.3,460.9
Q16585_211_H5N4A1,430.9,742.7,313.3,457.5,771.1,555.5,523.7,344.1,319.3,405.5
P04216_79_H6N5F1A3,72.7,96.1,69.6,54.4,157.3,96.2,78.8,66.9,58.7,41.8
Q13308_116_H5N4F1A1,374.4,1279.2,301.8,401.1,1455.4,860.6,902.9,339.3,329.9,467.1
P07585_262_H5N4F1,339.2,157.2,396.2,326,425.1,242.7,237.4,238.9,259.7,272.6
P13473_275_H4N3A1,103.6,167.2,120.2,194.6,389.4,194.1,180.7,104.3,130.4,133
P08648_868_H6N5F1A1,87,78.2,141.5,264.5,177.9,119.4,115.7,101.7,120.5,113.2
P12109_537_H10N2,753.4,126.9,302.3,169,165.7,228.1,296,308.3,117.3,205.9
P15144_234_H7N5F1,642.5,288,511,420.8,605,408.1,378.5,359.2,381,356
Q13683_1045_H7N2,213.7,147.1,357.6,499.8,587.2,263.2,221.2,283.9,172,442.8
Q15063_599_H8N2,107.7,74,91.1,90,573.1,178.7,158.8,96.5,108.5,175
Q9Y639_229_H9N8A1,196.4,174.4,220.8,322,203.9,182.2,203.2,169.9,145.1,156.4
P16070_57_H7N6F1A3,114,195.9,166.9,333.7,136.5,174.2,131.6,151.8,147.6,121.2
P21589_53_H3N3F1,231.1,55.3,148.8,214.5,78.6,111.9,79.7,221.9,48.4,96.8
P11047_1107_H8N2,364.2,360.9,315.3,291,301.7,273.4,200.6,273,214.9,290.9
Q9NYU2_269_H3N3F1,199.2,164.9,93.8,121.4,64,93.4,105.9,109.5,97.1,88.2
P15144_681_H5N4A1,1109.5,521.5,640.1,506,246.3,449.1,350,440,568.5,515
P15144_42_H6N5F1A1,49.5,16.5,29.6,37.7,22.6,25.1,24.5,25.9,19.5,24.8
P08962_172_H6N5F1A1,171,104.5,153.1,286,145.8,149.7,123.6,117.8,142.1,129.6
P07996_360_H4N3F3,88.1,93.8,67.8,83.9,487.1,150.9,156.5,100,95,130.1
Q92629_108_H5N4,809.7,251.4,988.9,631.8,337.3,365.3,502.4,622.3,368,469.2
P21589_333_H5N4,93.6,59.8,76.5,193.9,422.5,207.3,124.7,100,90,131.1
Q6V0I7_615_H6N2,149.8,118.6,242.3,181.4,558.8,201.1,248.6,178.2,168.8,169
Q9Y639_229_H6N4,77.3,77.7,75.6,98.6,105.9,73.9,66.2,51.6,81.4,62.8
P15144_42_H4N4F2A1,137.8,66,79.2,111.3,62.5,78.3,69.6,76.4,67.6,61
P07093_118_H6N5F1A2,34.8,13.3,58.3,93,100.8,46.2,46.6,42.5,44,52.8
P21589_333_H7N6F1,463,166.6,246.8,584.4,278.6,282.1,236.9,372.6,237.9,216.7
Q6YHK3_247_H7N2,89.5,35.7,63.5,55.6,35.8,42.2,53.4,41.2,38.4,41.6
P05556_212_H6N5F1,302.3,191.3,342.6,366,1001.9,365.9,366.7,287.1,363.3,323
P09619_371_H5N3A1,3.8,17.1,5.8,6.9,96.6,17.9,37.8,7.8,12.3,25
P04156_197_H5N4F1A1,165.7,301,134.9,112.1,186.2,125.1,156.2,116.6,156.3,143.5
Q9Y4L1_931_H3N2F1,132.3,144.3,141.9,209.2,321.6,159.1,139.9,122.6,171.9,142.6
P55290_671_H5N4A1,104.9,88.6,383.8,124.1,202.8,154.5,172.9,135.3,95.5,143
P15144_42_H5N4F1A1,297.7,116.6,201,257.5,128.5,150.4,136.6,173.6,140.2,176.6
P17301_1057_H5N4F1A1,167.1,163.5,139.9,466.2,154.4,209.8,180.2,159,160.3,137.9
P11279_249_H4N4F1,177.2,194.4,166.2,190.8,404.6,247.8,261.7,170.3,141.6,206.3
P13473_275_H5N4A1,434.6,385.2,284.7,418.5,1962.8,864.9,674.3,356.1,323.4,494.6
Q9Y4L1_931_H8N2,911.7,406.1,234.2,296.1,565.1,389.1,369.3,287.6,302.5,530.7
P13987_43_H8N7F3,27.2,19.8,27.7,61,25.5,27.6,25.7,23.3,23,26
Q07954_2620_H4N3F1A1,140.3,51.1,147.7,69.7,49.2,73.7,66.9,121.3,33.9,61.2
P15144_234_H5N4A2,1037.9,282.3,518.9,318.1,255.6,409.8,309.7,409.9,325.8,425.6
O15031_528_H5N4,459.4,213.2,360.1,289.1,389.1,345.7,325.3,264.2,292.5,262.7
Q99715_1763_H6N3,160.7,114.7,162.1,193.1,423.8,172.1,178.6,127.3,174.4,170.1
P11279_249_H4N4F1A1,236,154.9,206.2,156,810.7,493.3,543,181.3,201.6,288.2
P98095_1035_H5N4F1,157.9,23.8,80.5,44.4,81.6,44.7,54.4,44.1,77,82.8
O14672_439_H6N2,579.8,268.8,335.8,427.3,600.4,351.3,400.7,383.4,228.3,363.5
P21589_403_H6N4F2,103.8,161.2,99.8,156.3,250.5,143.6,123.6,128.7,88.4,118.4
P13987_43_H12N2,364.5,514.2,381.1,359.9,322.7,351.4,248.4,292.3,323,303.2
P21589_53_H5N4F1,594.9,193.8,520.3,800.7,253.1,445.4,378.5,971.9,303,330.6
P08962_172_H6N5F4A3,98.3,69.8,89.9,184.3,80.2,98.2,74.2,73.9,76.7,86
P02751_1007_H5N5F3,135.4,114.9,123.8,295.9,394.4,170.5,186.2,160.3,136.7,179.7
P13987_43_H5N4F2,1977.8,937.4,1318.7,1308,3237.1,1521.6,1309.4,1243.3,1448.8,1355.6
Q16563_71_H7N4,100.1,61.9,84.7,109.5,103.7,78.7,77.4,63.7,71.2,69.8
Q07954_3333_H5N4F1,3134,909.2,2023.6,1282.3,894.9,1135.5,1555.1,2122.8,1184.7,1192.1
P78536_594_H5N4F1A1,266.6,167.2,168.9,190,123.9,158.5,135.8,161.6,112.4,152.5
P13987_43_H6N5F1A2,1044.8,1291.6,1301.6,1513.5,2110,1348.1,1203.3,1081.5,988.8,1090.2
O75462_292_H8N2,84.7,107.7,80.3,62.8,416.1,110.5,109.8,67.4,172.2,131.8
P07093_118_H9N2,165,81.1,170.9,293.5,240.2,186.3,132.4,144.5,133,152.4
P15144_42_H12N2,127.5,40.7,59.6,135.2,58.4,65.4,74.3,73.9,54.3,64
P16278_464_H4N3F1A1,811.7,739.1,739.1,666.2,756.8,559.5,580.7,594.8,576.8,614.3
P05997_1400_H6N2,202.6,205.9,908,834.7,1181,505.8,484.5,281.4,873.8,482.6
Q9Y639_229_H5N4F3A2,179.4,162.1,202.9,235.1,173.7,178.5,147.6,146.3,134.7,144.7
P02751_542_H6N5F2A2,11.9,18.2,11.4,26.2,30.4,12.4,16.2,12,18.3,18.5
P11279_249_H3N2F1,699.6,628.7,682,876.9,1389.3,964.4,878.3,293.1,478,766.5
Q6P179_119_H6N2,444.8,170.4,262.5,318,663.3,324.1,332.4,293,211,307.5
Q9Y639_229_H6N5F3A2,453.5,626.7,578.1,627.5,513.5,497,523.2,433.6,345.3,413.3
P11047_1241_H8N2,1465.7,1118.9,1050.3,779.5,1544.1,999.1,816.8,884.8,866.7,1145.2
Q07954_2620_H5N3F1,215.4,74.6,143.3,58.3,41.7,73.2,99.2,112.7,65.1,71.7
P13987_43_H8N7,294.2,250.7,437.5,500.8,440.2,369,280.5,325.6,293.5,254.6
P13987_43_H6N4F3A3,119.5,81.2,100.8,165.3,103,95.9,87.1,90.4,82.8,95.1
P07942_1279_H9N2,475.3,248.3,223.7,207.4,413.8,346,223.2,260.8,141.8,270.9
Q07954_4075_H5N3,1364.5,470.6,986,736.9,1045.3,736.2,827.4,765.1,645.5,842.4
P13987_43_H8N7F1A2,95.9,88.6,87,156.5,97.1,88.9,94.4,76.6,75.3,81.1
Q07954_3662_H6N5F1,291.2,214,362.7,440.8,287.4,215.6,285.9,244.8,283.6,236
P02751_542_H5N4A3,82.5,96,75.7,142.4,196.7,99.4,103.5,76.1,96.8,95.3
P15144_42_H7N7F4A2,8.7,21.5,19,38.8,13.1,30.8,15.9,10.2,8.3,15.1
Q5ZPR3_91_H5N4F3,98.5,145.9,81.7,96.2,260.1,123.9,119.9,95.6,85.2,117.6
P02461_1367_H9N2,108.9,9.6,37.7,6.5,11.2,24,19.2,25.9,21.9,47.3
Q6YHK3_118_H4N3F1,132.8,76,133.5,85.2,197.5,97.2,116.7,98.1,91,94.2
Q6UY14_490_H5N4F1,136.9,77.6,215.9,189.5,221.9,104.5,91,89.2,245.3,140.1
P02751_1007_H5N4F2A1,77.9,64.6,82.9,90.9,390.5,151.3,112.1,87.8,86.7,125
Q9Y4L1_869_H9N2,2271.7,1011.1,663.4,795,1044,948.8,955.7,721.2,613.4,1369
P35613_160_H5N4F1A1,216.4,337.7,170.9,211.9,563.2,296.1,263.5,195.3,192.7,247.4
P13987_43_H5N4F1A2,2726,5302.5,2969.9,3046.8,7016,4605.7,3290.1,3022.1,2786.8,3083.8
P55290_86_H6N5F1A1,102.4,125.1,126.8,103.7,431.6,130.6,138.7,99.8,109.3,231.1
Q6YHK3_68_H5N4F1,267.6,97.4,165.5,104.3,104.1,114.4,131.6,106.9,119,117.5
Q14108_105_H7N6F1A2,1060.6,445.6,922.4,1327.9,682.7,860.6,683.5,657.1,830.2,670.5
P35555_1581_H6N4F2,287.2,245.5,315.9,386.1,1526.4,307,436.5,442.3,449,576.8
Q92629_108_H5N3,508.6,161,495.8,327.6,172.9,219.9,323,322.9,199.7,269.4
P12111_3037_H5N4F1,198.4,55.4,103.2,125.3,317.3,162.2,182.7,77.8,114.5,104.1
P35555_1067_H5N4A1,53.2,36.2,194.7,42.6,159.5,55.2,57.6,141.6,62.7,73.2
Q12884_99_H5N4F2A1,52.3,67.6,54.9,57.4,440.8,202.1,119.7,55.7,70.8,92.1
P01033_53_H8N2,259.1,331.3,176.1,322.9,1113.2,386.7,395.2,258.7,362,367
P05556_669_H5N4F1A1,1144.1,1876,954,1065.1,3731.5,2092.6,2231.3,1329.5,1393.9,1767.1
P16278_464_H6N3F2,305.9,371.2,189.4,269.4,249.5,269.1,236.8,216.2,174.7,217.1
P12110_785_H5N4A1,684.1,511,742.9,857.2,4627.6,1719.6,1603.6,679.9,997.9,968.4
P41221_312_H5N4F3,85.7,91.4,61.7,77.5,320.1,137.7,114.5,83.6,75.6,100.8
P15144_42_H4N4F4,46.5,58.5,69.5,62.3,40.4,37.2,49.8,41.3,54.9,40.1
Q8TCT8_149_H7N2,710.1,418.2,500.6,785,646.2,543.9,540.7,425.9,438,516.9
P04156_197_H5N4F1A2,265.7,687.8,213.7,231,484.3,316,300.2,257.9,338.4,306.9
P04216_79_H7N5,222.7,164.9,220.6,228.8,109.7,154.9,91.4,239.1,166.2,113.1
Q9Y639_229_H6N5F1A3,141.2,213.2,205.5,203.7,186.6,181.4,184.7,153.3,108,140.2
P08962_172_H9N6F3,71.4,35.1,78.6,139.1,55.4,67.9,63.8,55.6,65.8,53.8
P20908_1672_H9N2,2216.3,499.1,445.6,117.2,531.5,599.7,524.7,487.9,699.9,767.9
P08473_145_H5N4A2,202,999.1,243.5,417.6,308.7,531.1,379.9,275.8,284.9,283.6
P13473_356_H4N3F1,3318.7,906.7,2130.8,1329.3,1338.4,1487.2,1418.2,1795.6,1019.9,1589.2
Q9Y639_229_H7N6F3A2,28.3,41.2,35.1,55,29.3,31.4,35.5,32.3,23.6,30.3
Q08431_238_H6N3F2,165.2,180.8,173.5,211.9,854.5,282.2,349.3,212,213.3,229.3
P78536_539_H5N4F1,152.8,90.1,118.7,88.8,58.4,81,78.1,110.8,67,76.1
P07711_221_H8N2,156.6,173.2,175.8,199.9,578.5,204.2,216.5,179.1,259.4,183.3
P15144_42_H4N5F2A1,84.3,146.3,103.6,123,64.4,104.3,84.4,77.6,91.1,66.3
P07602_101_H4N3F1A1,1299.3,1046.4,745.8,766,1870.1,918.5,952.8,897.9,951.5,932.1
Q10588_95_H5N4F3,145.3,131.9,136.4,194.5,491,192.1,170.7,156.2,141.6,232.3
Q16563_71_H5N3A1,318.3,158.3,283.3,259.5,229.9,229.6,187.6,207.6,179,211.6
P04156_197_H6N5F1A2,432.7,418,488.2,418.4,565.9,346.1,311.2,368.6,460,403.1
P17936_116_H9N2,242,198.4,221.1,1088.8,510.3,404,356,229,534.9,314.2
Q07954_4364_H6N5F1,71.8,23.6,77.3,81.1,11.1,26.1,59.2,49.1,47.6,33.4
Q14956_200_H5N2,350.7,184.3,265.8,322.6,315,268.2,254.3,250.4,189.3,207.5
P08962_172_H9N8F1A2,37.4,20.1,24.9,56.3,23.6,27.4,26.8,25.4,29,23.4
P13987_43_H4N4F1A1,90.7,77.9,88.4,96.3,177.6,93,92.3,77.3,71.6,97.7
Q08431_238_H5N2,89.4,81.2,104.2,110.9,404.9,154,151.9,109,103.4,125
Q9NZP8_147_H9N11F1,58.8,71.6,37.7,30.4,39,30.9,35,35.6,27.4,64.4
P13987_43_H5N4A2,571.4,895.2,420.8,582.1,2356.3,1268.3,922.1,573,478.8,685.7
P17936_116_H5N4F2A1,74.4,72.1,83,259.5,327,144.4,179.8,102.7,132.5,104.9
P12109_804_H5N4A1,615.4,294.7,1277.3,864.4,1855.9,1333.9,976.1,638.9,537,510
Q16363_215_H9N2,366.9,214.9,452.1,357.4,335,303.5,256.2,328,235.7,282.3
P15144_42_H6N4A2,63.2,21.5,30.2,56,30.3,30,38.2,38.4,27.4,29.9
Q07954_4075_H5N4,2421.5,588.1,1913.9,1271.2,926.1,964.4,1206,1709.3,877.8,1093.7
P16070_57_H7N6F1A4,183.9,304,264.7,445,214,290.7,215.8,252,200.2,192
Q12797_706_H8N2,237.8,292.5,250.4,275.8,91.3,138.9,236.5,181.3,136.7,242.3
Q9Y639_229_H7N6A1,492.8,508.7,598.9,623.6,625.4,529.9,484.4,447.6,443.8,418.7
P15144_735_H7N6F3A3,135,244.1,158.3,198.4,145.6,169.8,118.4,164.8,153.6,112.8
P52179_1191_H8N2,1379.8,561.6,1399.3,803.5,365.9,742.5,909.8,733.8,606.4,688.7
Q6YHK3_337_H8N2,1379.8,561.6,1399.3,803.5,365.9,742.5,909.8,733.8,606.4,688.7
Q92896_165_H5N4A2,217.1,230.2,208.7,358.3,249.3,215.3,207.9,218,193.8,196.6
P24043_2028_H9N2,157.3,245.7,130.4,107.1,209.8,163.8,128.1,124.3,110.7,167.3
Q99715_1763_H3N2,399,346.7,322.9,357.8,679.7,309.1,353.5,303.9,356.5,396.5
P04216_79_H3N3F1,3577.7,4984,3130.2,3363,4418.8,4128.4,3425,4084.6,3400.7,2907.9
P04216_79_H6N3A1,255.6,473.5,165.7,144.4,1569.6,569.7,528.2,284.2,261.1,487
P08962_172_H8N2,110.4,182.5,113.2,260.5,208.8,194.7,130.2,106.6,158.8,125.1
O43852_131_H3N5F1,229.5,168,197,178,203,144.9,190.7,156.5,144.6,160.7
P15144_818_H6N5A1,368.9,152.2,244.5,230.8,200,189.7,188.4,158.2,217.9,223.8
P15144_234_H7N6F3,170.7,99.5,152.4,287.2,141.1,146.1,160.9,144.6,129.1,115
O75629_160_H6N2,556,354.6,282.3,311.7,557.2,348.9,345,345.4,217.7,431.9
P18084_586_H5N4A1,27.8,46.7,27.6,36.4,127.5,55.3,62.9,28.7,29.6,41.5
P13473_275_H6N5F1,236,99.5,123,137,85.9,133.1,85,158.7,67,114.7
P48960_38_H6N4F2A1,183.6,161.5,245.5,308.4,1027,294.8,310.2,300,397.8,276.6
P15144_42_H4N5F2,92.9,102.1,81.6,109.6,119.3,92.5,90.9,78.2,85.5,67.9
Q6YHK3_1086_H5N2,217.6,132,201.9,168.9,109.4,145.1,162.6,131.7,113.4,128.8
P15144_234_H5N3A1,2358.8,1597.3,1427.4,1367.9,858.5,1423.1,1017.1,1085.3,1324.7,1401.8
Q12797_706_H3N4A2,63.2,70.2,57.8,77.1,36.7,43.8,56.4,46,35.7,68.8
P04216_79_H6N4A1,648.2,1450.9,417.2,486.1,768.7,701.3,572.2,600.9,655.4,574.6
P05556_481_H5N4A1,114.2,119.1,115.2,87,1081.1,272.8,435.8,136,145,259.3
O43556_200_H7N2,375.9,493.1,252.9,390.2,316,305.5,323.7,279.2,285,312.8
O43556_200_H6N2,988.5,925.4,925.5,964.1,469.4,632.6,738.7,754,633.1,764.7
O75462_292_H7N2,221.2,212,186.8,149.1,1505.9,362.3,367.3,220.7,612.4,314.1
Q08431_238_H6N2,79.8,108.5,97.1,115.8,581.1,189.4,205.7,106.2,163.3,146.7
O14786_150_H5N4F1A1,591,331.7,315,366.9,516.7,360.8,351.6,407.1,317.7,315.8
P12821_445_H5N4F3,308.5,114.6,141,198.6,105.9,130.7,144.7,201.5,106.8,134.2
P08962_172_H8N7F6A1,91.8,46.9,64.6,148.8,77.6,73.1,74.5,72.1,62.1,73.4
Q08431_329_H6N4F2,97,97.7,91.5,128.4,385.7,142.8,158.4,109.9,119.5,131.4
P07996_360_H5N4,297.5,192.8,236.4,300.1,1301.4,397.2,426.8,289.5,419.6,446.2
Q96J84_46_H5N4F3A1,43,86.7,37.3,44.3,86.3,63.5,62.7,44.9,30.2,45.3
Q14108_105_H8N7F1A3,373.2,209.7,235.3,406.2,308.9,349.1,338.1,357.1,287.5,287.9
P12111_2558_H5N4,122,100.5,113.6,150.4,785.9,295.8,266.8,122.1,200.7,170.4
O94901_732_H8N2,72.1,54.2,49.9,194.3,75.7,84.6,63.6,65.6,73.2,83.3
Q07954_4075_H3N3,423.2,103.2,498.9,374.1,352.1,245.3,326.8,443.1,207.1,232.5
O95297_50_H5N4F1A1,603.5,377.2,479.9,377,512.7,437.2,426.2,421.2,335.1,333.6
Q13510_259_H6N2,1320.5,829.3,892.5,1084.7,1066.8,938.7,1207.5,878,646.8,967.9
Q76M96_667_H5N4F1A1,307.9,258.6,365.8,346.2,1624.1,467.8,501.1,447,455.4,543.3
Q6YHK3_118_H6N5A2,96.1,85.7,107.6,118.7,63.1,91.8,76.8,85.6,61.6,76.4
P17301_112_H9N2,118.4,150.2,117.4,365.7,146.6,174,168.6,150.7,142.6,112.5
P05556_406_H6N5F1,12.8,10.7,23.7,36.7,10,7.9,19.9,16.6,15,18.9
P08962_172_H9N8F3A1,195.3,121,139.2,354.4,176.6,189.9,169.1,152.1,165.2,146.5
Q9Y6C2_561_H5N4F1A1,42.6,43.8,54.6,51.2,212.8,82.3,79.7,48.5,66,61.3
Q92629_108_H4N3,403.6,226.9,430.8,339.2,1040.7,440.4,434,326,458.7,378.5
Q9GZX9_81_H9N2,141.5,97.7,112,109.2,174.8,97.5,116.4,99,107,110.3
Q9H6B4_74_H5N4F3A1,81.6,198.7,77.4,89.9,144.2,134.9,94.3,84.9,77.9,102
P07996_360_H6N4F2A1,247,226.1,205.7,320.7,446.4,324,316.1,266.2,269.8,330.9
Q9Y4L1_869_H6N2,559.3,323.4,318.3,319,637.9,362.6,421.1,321.2,284.8,412.5
Q16585_211_H4N3,360.1,133.4,290.4,330.1,214.7,213.7,200,230.7,203.1,262.5
P11279_103_H6N3A1,374.9,334.2,231.7,309,599.3,333.2,370.7,263.5,235.1,342.7
P08962_172_H8N7F3A1,175.2,109.4,151.7,295.6,147.4,163.2,149.5,135.9,155.9,130.4
Q5KU26_271_H6N5F1,120.6,122.2,96.6,90.8,102.1,84.2,94.2,105.7,63.6,97.2
P11047_1223_H8N2,462.6,406.3,351.3,379.9,366.7,352.3,308.3,356.3,278.7,348.6
Q9Y639_229_H5N4A1,142,219,142.7,153.3,617.6,265.1,211.5,160.1,222.2,206.9
Q07954_3333_H5N4F1A1,527.3,973.7,473.1,519.9,824.2,674.1,694.1,559.3,418.2,513.3
Q12884_99_H5N4F1A2,163.8,136.1,122.3,163,502,212.6,183.2,148.1,173.7,192.2
P15144_818_H5N4F2A1,353.1,133,170.3,139.3,116.5,130.7,159.6,126.6,149.4,197.8
P26006_969_H5N4,122.2,112.5,384,378,184.8,193.3,203.1,166.8,204.2,222.6
O95980_297_H5N4F1A1,131.7,233.3,193.4,112.5,153.5,147.3,131.3,203.9,68.7,139.7
Q07954_2620_H3N3,40.2,12.9,45.2,52.8,31.7,36.2,39.8,37.8,17,22.4
P13987_43_H7N6F1A1,145.2,134.8,134.7,203.2,161.4,145.7,129.1,134.6,111.3,132.7
Q15063_599_H4N4F1,181.7,144.1,153.9,148.2,721.9,231.9,222.9,204.8,207.6,265.6
P09619_371_H5N4F1A1,75.9,368,70.9,109.2,410.1,225.7,223.8,116.5,67.8,234.3
Q16563_71_H7N4A1,869.8,776.8,598.3,895,943.9,880.5,752.6,586.6,600.8,608.3
P12821_695_H6N5F1,190.5,78.2,98.2,110.5,185.9,111.9,115.6,115.2,106.5,107.8
Q99715_2679_H4N3F1,851.3,717.2,1038.2,1136.6,3852,1433.6,1151.7,962.7,1662,1172.8
Q07954_2117_H5N4F1A2,142.7,64.4,119.7,71,147.7,87.6,86.2,141,55.6,88.4
P15144_42_H5N5A1,75.2,39.8,92.7,82.1,40.1,52.8,47.1,64.5,64.3,48.8
P15144_42_H3N3,343.4,110,181.6,156.8,90.6,102.7,131,164.6,221.9,122.3
Q6YHK3_419_H5N4F1A1,679.3,349,583.1,412.5,345,427.7,413.6,392.2,343.5,416.8
P08473_145_H5N4A1,450.9,1409.1,439.2,518.2,544.8,943.7,511.8,503.7,366.9,504.4
P15144_42_H4N5A1,16.3,26.3,24.1,26.4,15.1,21,17.6,15.8,19.2,17.5
P08648_868_H6N5F1,245,192,417.5,573.1,443.4,297.6,319.1,266.1,364.6,329.3
P15144_234_H6N4A1,262.4,195.3,198.4,209.4,208.3,182.1,178.5,158.5,220.3,165.5
P12109_537_H5N4F1,421.4,47.2,152,53.4,118.5,195,115,104.7,82.9,170.3
P15144_42_H4N4,682.9,323,668.4,617.4,333.4,376.5,387,473,546.2,429.7
P07996_360_H6N3,277,235.5,259.9,261.1,1287.5,384.9,451.1,266.1,477.9,418.1
P17301_343_H5N4A1,325.1,399.4,330.2,1071.1,265,482.5,446.9,368.1,442.9,276.5
Q9Y639_229_H10N8F1,227.7,277.5,279.2,436.4,369.5,275.2,314.2,279,224.7,248.6
P08962_172_H7N6F3A2,63.4,50.5,81.1,99.8,76.1,79,60.3,61.9,56.2,55.7
P15144_681_H5N4A2,279.1,140.8,162.5,137,114.5,134.2,126,122.2,152.8,168.8
P11279_249_H6N4F2A1,60.2,9.8,63.7,39.3,16.7,42.9,35.6,25.6,18.9,37.2
P16070_57_H6N5F1A3,1056.2,1047.7,1043.7,1309,676.5,986.4,814.2,1028.1,805.3,700.9
P15144_818_H5N4A2,421.2,119.1,124.3,206.2,146.1,153.7,164.8,134.3,155.4,250.8
O95297_50_H5N4F1A4,108.3,81.5,111.2,133.3,104.1,101.2,93.7,92.4,77.8,89.8
P08962_172_H7N6F3A1,601.2,322.4,597.2,1130.6,474.4,579.3,479.2,498.8,590.9,493.4
P17936_116_H3N4F1,213.6,292.6,192.6,547.2,272.4,327.5,243.2,191.8,303.8,217.7
P04156_197_H7N6F1A5,151.4,173.7,220.8,162.1,107,136.8,132.8,125.4,146.3,147.9
O14672_439_H5N2,247.3,135.4,261.5,218,360.7,208.4,207.1,228.8,188.1,202
Q08431_238_H6N3,223.5,265,410.1,755.3,1364.8,564.6,740.9,411.4,480,443.2
P16070_57_H6N5F1A2,483.2,377.7,372.6,583.8,317.6,416.9,352,360.5,355.6,321.5
P12109_537_H9N2,5606.3,906.1,2601.7,592.9,767.6,1532.5,1860.5,2305.7,724,2444.6
P55290_86_H7N6F1A2,23.9,43.3,27.1,31.8,76.7,25.4,30.4,26.8,26.2,62.9
P13987_43_H5N4F2A1,445.1,610.2,342.8,425.9,1716.5,920.3,672.5,445.4,390.1,569.7
P02751_542_H6N5A2,206.5,223.9,198.5,358,572.8,293.8,268.1,206.8,277.7,274.6
P13473_275_H4N4A1,173.5,94.8,260.9,236.4,270.3,194.9,213.5,121.6,160.4,187.2
Q14108_105_H8N7F1A1,798.5,429.2,599.4,848.5,484.8,555,518.4,527.6,584,540.3
Q96K49_68_H6N3A1,399.4,372.3,295.6,382.5,616.2,495.4,460.6,352.9,291.8,388.2
P35442_1069_H5N4A1,76.1,91.5,90.5,80.3,363.2,164,125.9,80.7,99.7,124.4
Q9NR99_2500_H5N2,726.1,226.1,260,290,883.2,392.1,315.9,314.3,538.8,462
O95297_50_H6N5F1A1,142.4,102.5,131,107.9,106,103.3,104.1,112.4,82.4,98.1
Q12797_452_H3N2F1,454.9,460.5,568.9,638.5,511.2,508.3,396.3,494.1,399.3,436.9
P21589_333_H5N4F4A2,667.3,412,494.8,806,381.1,468.2,470,600.4,377.5,427
Q07954_357_H5N4F1A2,15.8,71.8,18.3,31.7,50.4,54,40.7,18.1,18.1,28.7
P13473_356_H6N5F1,844.8,332,1005.9,812.7,953,661.9,656.9,847.5,561.9,623.9
P07996_1067_H6N3F2,41.5,47.7,32.8,31.3,195,78.2,60.3,32.7,56.9,67.7
P07996_1067_H3N3,61.9,77.2,61.7,97.2,572.5,145.2,181,86.1,152.6,174.6
P15144_42_H6N7A2,5.1,16.3,10,8.2,4.3,9.4,6.5,5.8,8.6,7
O95297_50_H5N4F1,557.3,293.9,381.7,197.1,318.7,312,287.7,318.4,285.4,282.4
Q14108_105_H9N7A3,35.4,19.8,22.3,36.1,35.6,27.2,30.2,23.3,21,25.1
P50454_120_H8N2,1261.4,281,317.1,139.1,387.7,403.9,433.2,426.8,265.9,498.6
Q13510_259_H7N2,1700.5,1638.8,923.7,1652.5,2168.1,1614.6,2279,1274.3,1513.3,1900.6
Q99715_2528_H4N3,297.5,273,313.9,306.9,668.8,330.1,317.7,286.7,333.5,313.6
P08962_172_H8N7F1,81.5,36.8,49.4,70.7,52.9,46.9,50.4,46.6,49.7,54.1
P10915_56_H6N5F1A1,111.7,97,116.2,383.9,673.6,249.8,266.5,137.7,270.6,251.1
P13987_43_H6N4A1,229,420,204.3,273.8,386.5,306.2,278,216.8,223.7,263.6
Q9Y639_229_H8N7F2,42.8,52,52.9,73.2,63.9,48.1,56.5,44.6,45.6,47.9
P05556_520_H7N6F1A2,77.9,107.4,96.1,133.7,304.2,147.4,130.9,86.7,106.7,141.4
P21589_53_H4N3F1,518.2,225.8,414,645.7,295.6,415.1,366.9,866.8,225.2,333.9
Q5VW38_169_H5N4F1A2,194.4,473,174.7,288.2,565.9,426.4,334.3,225,215.6,244.8
Q14108_105_H7N6F3A2,118.3,56.2,92.2,125.3,92.3,93.5,102.1,84.2,91.6,84.8
Q14108_105_H6N5F4A3,562.8,297.8,385.6,538.5,375,487.3,452.3,506.6,441.8,438.2
Q9GZX9_81_H5N2,66.5,53.7,82.6,66.2,197.8,95.4,90.5,65.2,92.7,55.4
Q9Y639_229_H9N7F1,131.5,154.5,174.3,212.7,152.5,150.5,163.2,138.4,119.3,134.7
P11279_261_H5N4F1,672.8,276.3,366.9,549.4,425.5,410.3,433.3,468.5,318.2,329.3
Q9NR99_2007_H5N4F1A1,286.6,310.2,232.1,184.3,1007.7,530,276.4,249.3,391.2,282.3
Q9Y639_229_H7N6F3A3,121.8,205.8,201.1,217.9,271.3,198,194.7,188.9,134.1,155.8
P15144_42_H6N7F2A1,50.8,85.5,71.6,83.8,49.7,71,54.6,45.9,67.2,53.6
P13987_43_H6N4,390.1,126.3,291.9,255.6,140.9,185.1,161.8,208.3,282.6,194.7
Q9NR99_2350_H5N4F1A1,328.4,129.1,146.4,154.6,763.9,321.9,234.5,205.8,245.6,297.8
P16070_57_H5N4F1A1,1451,701.3,875.4,806.8,808.7,847.7,800.4,807.8,797.8,728.5
Q10588_95_H5N4F1A1,177.2,189.4,183.3,178.2,904.2,330.8,266.1,221.7,212.9,372
Q15063_599_H5N4F3,244.9,191,244.9,232.4,951.2,386.9,351.5,264.1,249.8,350.9
P12110_785_H4N3,357,240.2,310.1,376.6,1208.4,581.3,518.1,234.9,436.5,372.7
P12109_537_H4N4F2A1,329.6,64.6,138.8,82.2,77.8,113.3,144.6,139.6,69.6,129.2
P12110_785_H5N4A2,35.4,37.5,36.2,83.8,177.3,81.1,79.2,52.4,49.1,56.8
Q99519_186_H6N4F2A1,26.9,29.3,23.3,29.7,24.3,21.4,23.4,26.1,19.3,24.7
Q99715_2528_H6N3A1,113.9,114.1,124,140.8,714.5,211.5,181.5,136.9,316.8,192.9
Q14108_105_H10N7F3A1,120.6,66.3,84.5,170.3,97.9,100.6,95.3,95.1,80.9,92.8
P15144_42_H4N4A1,512.8,255.2,424,408.5,247.6,302.7,286.5,344.6,338.9,319
P08962_150_H8N7F1A1,148.6,85.4,91.4,151.7,89.9,94.7,83.7,100.7,108.9,100.5
Q99985_465_H5N4F1,162.2,154.6,193.2,222.6,138.3,147,134.8,116.5,216.1,137.3
P55290_52_H5N4F3,162.7,152.5,167.2,124.5,296.8,150.2,185.2,128.3,114.6,202.4
Q9NQ38_738_H5N5F1A1,254.7,147.9,188.1,288,259,223.9,216.1,164.4,189.8,188.7
P04216_79_H5N3A1,105.3,216,83.2,123.6,580.6,207.4,232.5,127.7,199.7,190.9
Q9HDC9_196_H6N2,1390.5,763.4,867,943.3,1204.9,907.2,792.9,911.1,932.8,925
P16070_57_H5N4F3,1025.3,605.5,654,575.3,940.3,703,663.8,709.3,660.4,551.8
Q16563_71_H6N4F1A1,353.1,222,223.7,197.8,252.2,266.7,205.7,209,182.8,216.5
P22413_285_H6N5F1A2,168.2,162.2,303.6,238,162.9,236.5,149.5,181.8,153.5,174.3
Q02809_197_H10N2,94.4,72.8,83.8,106.2,343.7,131.8,124.4,101.9,115.3,133.2
P13473_101_H5N4F3A3,126.4,159.9,114.3,227.8,140.3,146.1,125.8,151.8,103.5,138.2
P02751_1007_H6N4A1,319.7,351,342.8,629.7,1611.7,747.2,606.4,463.3,393.4,607.2
P13987_43_H6N4A2,847.5,1345,906.3,973.2,1289,1202.3,832.8,846.1,849.8,911.4
Q07954_3788_H5N4F1A1,231.6,1159.3,247.5,440.8,1197.9,863.6,847.5,378.4,301.2,448.4
Q16585_211_H6N5,246.5,85.3,178.2,222.7,106,117.9,174.8,142.4,145.7,146.3
P08195_365_H5N4F1A2,547.4,652.1,386.3,433.6,889.7,582.1,718.5,329,477.6,596
P16070_57_H5N4F1A2,2305.7,2083.9,1704.8,1497.9,1621.7,1748.8,1638.3,1704.2,1398.5,1508.3
P08962_150_H8N6F2,134.8,85.8,108,169.6,98.7,116.2,96.4,97.2,106.6,101.8
P55290_382_H5N4F1A1,321.6,691.2,628,316.6,577.8,527.7,632.4,420.5,250.5,371.1
P17936_116_H7N2,123.5,125.2,153.5,341.5,335.1,184,177.9,115.9,297.5,161.8
P20908_176_H5N4,456.7,494.4,971.5,1280.9,1086.6,829.7,634.1,440.1,1638.1,684.1
Q9NR99_2203_H5N2,515.8,241.9,231.7,243.5,566.9,338.8,259,249.9,346.5,371.1
Q6YHK3_118_H5N4F1A1,190.9,89.1,166.7,76.5,84.9,94.8,110.9,123.7,91.9,107.8
P13987_43_H5N4F1A1,5127.4,5564.5,4676.6,4669.6,6825,5402.6,4461.8,4282.6,4726.7,4506.3
P14625_217_H9N2,131.7,101.5,79.1,71.7,123.2,93.3,95.2,72.8,84.6,96.4
P07602_101_H5N3F2,188.4,135.8,88,99.8,206.4,125.4,121.9,121.8,118,139.9
Q8TCT8_149_H5N2,192.7,99.4,136.1,103,158.9,125,113.3,129.3,99.6,135.2
P05556_481_H7N6A2,22.5,54.5,61.4,91.9,59.7,53.6,41.4,37.5,68.5,52.3
Q9UBG0_69_H7N6F1A1,62.2,89.6,81.8,152,58.9,73.7,72.6,95.7,85.4,60.9
P11279_84_H6N4A2,708.3,428.3,609.3,745.3,440,553.2,485.9,480.7,541.4,499.8
Q14108_105_H7N6F3,166,80,150.3,189.3,93.9,131.9,98.1,113.4,136.5,113.9
P24821_1485_H6N5F1A1,1308.4,1004.9,2065.9,799,1240.1,1362.4,1310.1,1034.9,1030.6,871.9
Q14108_105_H8N6F2A1,327.5,123,250.4,403.2,239.4,267.4,223.8,215.8,254.6,213
P13987_43_H5N4F2A3,243.1,124.6,131.8,148.5,128.9,150.1,136.9,129.3,109.6,153.8
O95297_50_H6N5,143.5,89.3,109,107,203.8,134.9,124.7,92.5,101.8,117.6
Q9NR99_2203_H6N2,3362.9,1146.8,1356.1,875.2,2834.6,1584.5,1463.2,1161.5,2546.2,1633
Q07954_3839_H6N5F1,110.7,45.7,123.4,135.2,117.6,73.9,131.7,103.5,82.1,75.5
P05556_481_H7N6F1A4,39.1,107.9,66.3,94.7,27.2,63.8,46.6,93,54.2,36.2
Q12841_144_H9N2,562.8,247.8,329.2,259.7,365.1,312.4,327.4,291.8,256.9,358.2
P16278_247_H7N2,173,191.6,93.3,139.9,98,127.1,122.2,115.1,111.7,134.2
O15031_528_H5N4A1,251.9,172.5,193.3,193.9,252.1,197.7,193.2,186.8,181.8,173.5
P35555_1067/1112/1025_H5N4,92,34,127.9,52.2,97.2,52.9,73.2,101.8,57.8,68.1
P07996_360_H6N5F1,54,48,48.8,97,244.4,84.6,96.8,65.8,95.4,89.2
Q10588_192_H7N2,313.5,243.1,216,305.3,282.2,241.6,241.3,239,210.5,261
P15144_42_H3N3F2,31.8,20.1,36.9,27.4,17.7,17.7,23.7,21.6,35.1,19.4
Q6ZMP0_373_H5N4F1A1,131.8,87,84.5,121.1,196.7,113.2,112,106.8,81.3,132.3
P06756_74_H5N4,557,397.3,514.7,1111.6,1718.2,960,824.8,653.7,577.1,761.6
P02751_528_H6N5F1A1,342.8,278.1,369,396.7,2060.8,919,613.6,475.5,448,573.1
Q06033_91_H5N4F2A2,45.7,49.8,63.5,204,97.8,91.8,101.8,79.5,68.1,64
P15144_42_H4N4F2,121,67.3,92.1,101.3,124.1,81.1,87.9,84.3,104.2,87.4
P04156_197_H8N7F3A3,148.5,178.2,184.1,218.6,166.4,160.7,163.3,150.8,148.1,165.3
Q07954_3788_H8N2,93.9,78.6,93.2,86.5,471.2,166.7,169.6,118.3,159.8,110.4
P11279_249_H3N3F1,1646,1076.2,1289,1381.1,2010.7,1869.6,1551.9,1330.5,981.6,1301.3
Q6YHK3_1355_H5N4F3,123.4,79.3,105.6,109.3,90.3,94.2,87,91.9,78.5,95.7
P21589_403_H4N3F1,175,55.5,105.6,168.1,121.7,142.3,96.9,125.6,80.6,106
Q14108_105_H10N7F1A1,140.5,83.9,104.1,192.1,107.3,121.3,108.6,109.8,103.6,109.9
Q13433_266_H5N4F1A1,69.5,150.3,67.7,102.8,148.3,122.6,109.5,88.4,78.2,75.9
Q12797_452_H3N4F1,199.3,141.6,120,143.6,149,139.9,135.5,132.6,135.7,120.7
P06756_554_H5N4F1A1,35.9,66.4,44.4,51.3,187.5,90.2,70.7,51.8,65.7,61.7
Q14108_105_H7N6F1A3,591.2,288.8,463,637.6,472.2,495.1,462,411.9,442.7,442.9
P20908_176_H9N2,5764.2,1551.3,1449.7,601.4,1777.5,1917.4,1805.8,1764.1,1914.7,2621.6
Q12797_452_H3N3F1,483.1,380.8,351.3,349.9,285.8,314.6,319.1,367.3,315.2,318.2
Q9NR99_2693_H4N3F1,841.3,324.1,339.4,359.8,607.3,512.6,360.6,373.2,523,413.6
Q9NXG6_348_H6N2,407.1,515.7,236.2,271.8,409.7,303,357.6,257.4,366.7,340.9
Q14108_105_H8N6F2A2,199.7,109.8,174.6,268,165.1,173.1,157.4,172.8,147,161.7
P04216_79_H8N7F1,86.6,58.1,71.3,96.3,74.3,76.5,72,74.1,60,59
Q14108_105_H9N7F2,104.7,48.6,60.4,88.7,82.4,72.9,64.1,63.7,68.1,71.3
P11279_261_H6N5F1,306.8,140.7,208.1,240.4,188.4,201.3,201.8,225.1,148.6,181.7
P17936_116_H6N4F1,108.4,87.1,110.1,342.2,195,159.8,177.7,110,135.2,162.5
Q16563_71_H6N5F1A1,90.9,47.9,65.9,68.6,81,77.9,57.2,66.5,49.9,62.1
Q07954_1645_H5N4A1,208.4,300.3,223,252.2,305.3,249,257.3,227,156.3,251.8
P20908_176_H5N4A2,268.6,225.3,461,346.7,779.8,434.7,387.2,258.1,803.8,412.5
Q9Y639_229_H8N7A1,118.6,116.6,142.1,165.5,191,161.9,132.4,113.2,127.4,115.1
Q16563_71_H7N4F1A1,203.5,136.9,120,133.2,365.7,197.9,180.2,149.8,154.2,168.1
P04216_79_H9N2,388.2,555.5,261.3,464.7,433.6,462.1,366.9,402.7,322.7,310.3
P12109_804_H8N2,1582.2,337.5,890.4,298.5,1061.8,866.6,919.7,578.8,597.7,736.6
P13473_275_H5N4,1348.7,516.3,946.1,1668.1,1628.8,1381.2,1115.1,884.7,898.5,1139.6
O95980_297_H4N3F1,161.6,96,167.2,89.1,60.8,105.3,90.9,159.2,60.4,94.1
P20908_176_H4N3,81.4,90.5,187.4,175.4,235.5,139.7,128.5,90.3,207.2,118
P02751_1007_H5N4F1A1,1293,636,1243.6,1012.4,8265.6,3611.8,2275.6,1869.5,1541.7,2421.9
P11279_62_H5N4F1A1,134.3,85.9,73.1,60.7,170.1,127.8,88.5,97.9,67.5,83.7
P51688_264_H6N2,617.5,548.3,452.4,571.2,632.4,459,536,473.5,434.2,603.1
Q6P4E1_150_H5N4F1A2,269.7,247.6,193.9,208.7,227.4,233.6,162.8,239.8,176.2,206.5
P12110_785_H9N2,3777.7,1124.9,2058.8,1067.4,939.5,1696,1893.8,1742.5,909,1726.1
Q16585_211_H6N3,234.5,163.2,158.2,235.9,177.1,195.4,178.6,149.5,163.8,174.2
Q9Y639_229_H7N6F2,66.5,64.7,103.6,110.1,183.7,104.4,95,81,108.3,81.4
Q99715_2679_H8N2,8540.2,2394.1,3139.7,1098.3,3142.5,3097.1,3369.6,2726,4662.2,3671.3
P08473_285_H6N5F1A1,166.4,221.9,160.5,168.8,121.6,177.6,146,159.3,124.5,139.1
P05556_212_H10N2,226.8,161.1,174.8,169.7,344.8,258,208.1,187.8,152.4,152.4
P15144_42_H4N4A2,937.9,377.2,553.7,623,362.6,573,482.1,519.5,483.6,482.4
P21810_270_H5N4F1,212,225.4,185.1,200.6,535.3,292.7,258.7,221.7,196.6,239.4
P07996_1067_H5N4A1,398.5,532.1,472.7,665.6,4677.4,1160.5,1310.2,817.2,1218.3,1501.5
Q9NR99_2693_H5N4F1,528.9,159.3,303.7,282.6,475.6,378,281.7,313.2,305.7,280
Q8IWA5_417_H5N4F1A2,83.6,159.2,74.5,126,164.1,123,110.6,91.9,105.5,110.3
Q16563_71_H7N3F1,922.2,591.4,652.6,658.4,823.8,772.3,668.5,566.8,605.9,638
P07093_118_H6N5F1A3,83.2,52.8,91,157.9,164.2,93.9,106.4,102.1,89,98.1
Q07954_3662_H5N4F1A1,395.5,969.6,368.7,442.3,997,720.1,779.9,455.7,324.8,549.8
Q16563_71_H4N8,131.2,118.2,102.8,189.8,212,166.4,150.6,103.6,121.1,131
Q13308_567_H5N4F1A1,256.4,263.1,271.9,338.7,543.9,375.7,395.3,274.1,318.5,310.6
P16070_57_H8N7F3A3,7.7,14.8,8.9,15.1,12.4,18.8,11.3,8.9,8.6,5
P13987_43_H7N5A2,550,536.3,664.2,745,761.7,653.7,565.4,579,563.7,547.4
P07996_1067_H5N4A2,98.7,130.5,111.8,176.9,874.3,283.8,259.4,193.8,207.8,298.8
Q6YHK3_118_H6N5A1,95.9,74.4,115.4,116.4,89,97.3,85,87.3,82.3,87.3
Q9UH99_636_H3N4F1,712.7,347.9,324.1,400.1,412.1,357.8,424.6,410.3,365.4,406.9
P16070_57_H7N6F5A2,28.9,29,24.2,53.5,25.7,34.5,25.4,35.6,24.4,24.4
P05556_520_H7N6F1A3,49.5,66,78,109.4,99.5,92.5,71.8,67.9,54.3,73.5
Q9NR99_2693_H4N3,219.5,232.8,165.5,279.4,510.6,295.4,243.1,192.2,227.6,301.7
P02751_528_H6N5,141.1,103.8,125.7,137.8,660.1,196.1,229.8,159.7,151.9,308.4
P05556_481_H8N6F1A2,21.6,56.4,50.8,85.4,45.9,46.9,41.5,44.3,51.5,48.7
P15144_42_H6N4F2,99.2,61.3,82.1,123.7,63.2,76.1,83.7,88.8,62.8,73.2
P13473_356_H5N4,1659.1,602.5,1702.8,2413.3,1574.7,1504.5,1657.4,1572.3,1037.7,1354.2
P11047_650_H9N2,2607.3,2343.5,2149.1,1866.5,2173.8,2269.5,1681.7,2196.8,1571.9,2264.5
Q6YHK3_118_H6N4F2,272.9,125.9,239.5,149,132.6,170.5,168.9,187.1,123.9,174.4
Q16585_158_H5N4F1A1,109,295.6,106.6,147.3,337,238.6,224.7,143.8,139,146.5
Q6EMK4_117_H5N4F1A1,427.3,257.7,325.5,196.9,373.6,250.8,282.1,324.6,255.5,304.6
P16070_57_H7N5F2A2,645.8,752.6,716.4,880.1,727.3,804.1,657.4,719.7,596,560.9
P07996_360_H5N4F3,38.2,39.7,50,71.2,189.8,73.4,76.1,54.4,81.5,63.4
P11047_1241_H6N2,222.6,193.5,184.7,164.1,437.2,247.8,219.8,218.2,195.1,198
O15031_1002_H9N2,725.3,629.1,518,561.5,356.5,493.6,575,488.8,414.7,536
P05556_669_H6N5F1,570.8,378.1,566.7,688.1,584.2,486.4,576.4,475.2,549.2,628.1
P04156_197_H9N8F3A4,15.6,36.3,22.4,22.3,33.9,22.5,34.6,22.4,14.8,23.1
Q99715_2528_H9N2,5444.5,1876.3,2760.4,1107.8,3013,1997.4,2366.9,1916.4,4090.6,2416.6
P21589_333_H7N6F1A1,533.6,331.6,418.1,712,336,405.5,408.9,556.1,341,388.9
Q99715_1763_H9N2,1627.6,510.3,698.1,308.7,331.1,446.4,684.8,545,942.2,513.2
Q6UY14_1001_H4N3F1,249.5,86.9,452.1,368.4,190.1,138.3,99.6,135.5,635.4,205
Q9HD45_174_H5N6F2A2,142.1,155.4,146.5,184.1,129.5,150.7,139.5,136.7,125.4,130.6
P15144_818_H5N4A1,453.4,175.6,186.1,150.7,380.3,251.4,239.3,176.3,255.6,291.4
P12111_3037_H8N2,213.3,174.6,79.6,77.1,129.6,104.7,136.4,93,154.4,119.8
P13473_275_H7N6F1A1,211.6,149.2,125.8,174.5,278.8,178.2,179.3,208.4,138.3,144.9
Q07954_3788_H6N4A1,205.2,571.6,188.1,321.4,620.3,488.2,462,267.2,216.3,289
Q13683_1045_H8N2,125.7,83.3,116.8,159.8,147.8,127.4,103.2,120.9,82.9,138.2
Q70UQ0_328_H3N2F1,297.6,273,295,473.5,348,303.8,300.2,281.8,307.9,331.5
P11047_1205_H8N2,649.1,393.6,542.9,461,323.2,461.5,389.9,469.5,358.5,463.4
Q9Y639_229_H7N6A2,46.6,58.9,66.5,42.3,68.4,53.6,52,54.4,38.4,57.4
Q16563_71_H7N4F2,25.2,26.2,20.2,27.9,31,30.6,23.5,18.4,21.5,24.1
Q9UKX5_291_H5N4F1A1,23.8,68,30,21.1,253.6,86.1,133.2,43.1,52.8,43.7
P16070_57_H5N4F5,678.4,375.3,510,667.4,425.3,482.1,471.7,512.9,472.4,465.8
P41221_312/291_H10N2,860.7,1026.1,422.6,411.8,173.8,400.1,567,229.5,767.7,657.3
Q14108_105_H8N7F3A3,229.9,135.8,170.3,296.2,252.6,278.9,249.9,244.1,194.1,204.9
Q12884_99_H6N4F2,85.1,57.5,61.2,54.7,87.2,74.5,58.9,59,63.9,56.8
Q14956_93_H8N2,95.4,70.1,96.8,151.1,121.2,114.2,111.9,87.7,79,92
P54289_324_H9N2,1197.4,777.4,893.4,916.9,957,811.5,1053,711.8,674.3,1308.3
P27487_685_H5N4F1,76.2,24.6,48.3,38.5,36.4,44.8,36.8,34.3,45.9,41.4
P13987_43_H8N5F1A1,204.6,169,243,285,225.7,227.4,190.5,207.5,197.3,200
Q9BXX0_458_H5N4F1A1,225.8,111.4,177.1,117.1,274.2,170,139,208.7,138.9,165.2
P15144_42_H6N4A1,190.7,119.6,140.5,222.3,126.6,139.1,151.5,162.2,117.6,155.3
Q07954_2620_H5N4,113.4,33.5,155.6,238.6,121.5,127.7,156.5,149.6,71,96.8
P16278_464_H3N2F1,843.6,921.9,804,1684.2,1414.1,993.4,986.2,842.6,1417.9,906.1
P08962_172_H9N8F5A1,342.2,268.1,317.2,570.6,365.8,428.5,333.8,339,289.5,301.9
P13473_58_H6N5F1A3,218.5,178.5,142.7,187.2,125.9,165.7,138.2,242.6,111.2,116.9
P12109_804_H6N3,376.3,174.5,308.9,281.7,720.5,515.5,410.8,187.7,336.5,240.8
P55290_86_H7N6F3,90.4,71.8,99.4,95.7,209.5,92.4,116.7,80.9,97.2,127.8
Q6YHK3_68_H6N5F1A1,92.2,45.2,84.3,76.3,65.8,64.1,65.7,69,65.8,66.1
Q9NR99_1735_H5N4F1,600.4,249.9,238.3,270.4,519.7,344.8,306.7,275.6,375,406.1
P15144_681_H6N4F1A1,95.2,43.4,49.3,42.5,32,49,42.6,38.6,46.6,61.8
P16278_464_H4N2,662.1,393.8,290.8,438.4,466.9,423.6,385.9,362.7,363.1,514.8
Q9UBG0_492_H5N4F1A1,1471.8,2940.2,1010.7,1208.4,2288.9,2004,1931.6,1485.2,1332.5,1567.2
Q68CQ7_103_H5N4F3A2,250.1,172,226.6,169,170.8,179.8,158.3,179.4,198.9,184.4
Q07954_3662_H5N4F3A1,135.8,358.5,119,187.7,560.8,376.3,309.6,182.1,148.2,225
Q9NR99_2203_H6N3,335.5,159,189.4,218.9,402,247,211.1,201.3,263.5,266.5
Q10588_95_H6N5F1A1,62.1,65.2,59.1,85,132.8,75.9,69.1,63.8,53.5,106.2
P07996_248_H5N4F1A2,166.3,172.5,168.4,201.1,586.7,265.5,253.5,216.7,203.1,242.3
P13987_43_H6N5F1A4,123.6,84.5,174.8,141.6,163.4,147.2,120.9,123.7,119.6,116.2
P00533_196_H5N4F1,180.8,136.6,180.3,177.8,153.4,160.2,150.5,209.5,102,134.1
P12111_2079_H8N2,421.9,165,150.1,100.5,302.3,217.7,233.5,169.5,173.5,246
P04156_197_H6N5F3A2,170.7,323.9,199,227,679.5,348,406.5,186.2,244.1,275.6
Q14108_105_H9N7A2,110.5,89.8,85.2,180.3,97.6,120.9,95.4,102.1,96.4,99.7
Q5VW38_169_H12N2,36.6,78.9,26.4,39,70.1,64.6,47.6,37,40.1,40.3
P21589_53_H3N3,36.1,16.8,54.8,78.8,45.8,43.1,42.6,70.6,17.9,38.3
P54289_604_H5N4A1,284.4,148.1,300.5,207.6,458.1,258.5,265,204.5,217.9,333.7
Q14956_200_H6N2,686.6,600.6,493.6,657.8,494,561.9,589.7,526.1,448.4,560.8
P21589_53_H5N4,20.6,8.8,22.8,69.8,41.8,34.4,30.9,35.3,23.2,26.3
P08648_868_H5N4F1A2,266.4,337,217.4,365.9,750.5,464,396.3,287.8,265.9,361.6
P21589_333_H6N4,501.2,232.9,257.6,368.8,541.3,465,279.6,414.5,253.8,331.9
Q99715_2528_H4N3A1,72.6,76.4,97.1,109.7,353.4,158.7,134.3,106,138.7,113
P07093_118_H6N5F3A2,62,28.2,136.8,223.5,146.6,111.7,99.5,114.8,80.8,141.2
Q14108_105_H8N7F3A2,203,108.9,107.3,137.6,151.4,146.9,156.9,166.2,152.8,139
P35555_1581_H5N4F3,273.9,196.4,299.5,295.4,1005.1,255,365.8,385.5,391.1,503.3
P13473_275_H7N6A2,20.8,22.5,20.8,36.3,64.3,33.6,41.1,27.7,22.6,26.4
P15144_42_H6N7F2A3,4.4,7.1,2.7,3.9,3,8.3,3.8,1.7,3.4,2.2
P15144_681_H6N5A1,51.9,46.7,46.1,60.3,47.1,46.8,50.3,46.3,41.5,46.9
P11279_103_H5N3A1,644.3,104.4,565.1,280.3,201,323.9,417.9,549.2,138.9,220.8
P15144_42_H5N7,26.2,104.1,27.3,45,141.2,58.5,66.9,56.3,80.4,54.1
P78536_539_H5N4,635.7,420.8,512.8,589.4,416.8,484.5,402.6,490.5,478.8,568
Q6UY14_1001_H5N4F1,360.8,161.7,552.6,392.6,209.2,189.6,151.9,203,662.8,335.4
Q13308_567_H5N4F1,357,106.3,207.5,123.8,149.2,167.1,183.8,137.1,191.3,189
P13987_43_H7N6F1A2,416.1,355.4,412.9,516.2,477.3,430.6,382.3,405.8,376.2,408.8
Q07954_3788_H6N4F2,24.5,43.3,18,25.4,45.8,36,40.8,26.4,16.3,25
P55290_382_H5N4F3,131.2,260.6,223.2,140.3,233.2,216.2,236.6,177.6,115.6,163.8
P16070_57_H5N4F3A1,1076.7,710.9,805,537.8,534.1,704.2,659.5,752.5,646.5,610.7
Q9NUM4_183_H8N2,206.9,146.4,128.2,159.6,219.7,148.1,137,118.2,241.1,148.2
P35613_268_H5N4F1A1,48,105.6,31.8,34.4,265.2,127.8,110.1,49.5,89.1,70.1
P02751_1007_H6N4F1A1,312.5,259.4,251.8,351.5,955.5,468.8,406.9,346.8,330,409.8
Q6YHK3_68_H5N4F1A1,430.2,162.4,334.9,170.8,164.9,261.4,261.3,256.1,262.3,255.5
P06756_615_H7N2,157.3,205.7,153.9,171.5,251.3,190.8,189,165.1,150.5,170.6
P13987_43_H7N6F6A3,98.7,88.6,95.9,163.4,133,120.3,112.6,106.1,87.8,107.6
Q14956_93_H7N2,95.3,80.6,88,140.3,90.1,92.9,104.3,90.2,82.8,85.6
P13987_43_H8N7F3A2,139.4,131.2,143.1,192,169.2,154.8,150.1,148.1,124.6,137.7
Q07954_928_H5N4F1A1,54,95.2,49,55,156.9,89.4,98.5,59.8,54.7,76.2
P12110_785_H6N5,230.4,156.1,215.9,297.7,554.7,378.7,296,188.7,254.4,225.4
Q9Y639_229_H5N4,800.9,524.3,798.6,513.9,932.1,654.3,556.8,590.9,976.5,517.7
Q13586_171_H9N2,176.5,210,132,157.9,148.4,140.6,162.6,148.2,152.1,158.4
P13987_43_H5N4F1,4138.9,1654.1,3323.9,2880.4,2220.8,2625.3,2186.1,2494.9,3225.6,2604.4
P16070_57_H7N6F3A1,42.3,41.6,40.5,59.7,62.3,66.3,42.7,36.8,37.5,44.5
P41221_312/291_H9N2,246.2,404.9,142,158.2,78.4,163.3,176.7,89,276.9,246.2
Q9NR99_2415_H4N3F1,577.2,170.8,230.8,255.3,567.9,373.5,264.1,232.9,443.2,352.6
P11047_1223_H6N5F1,87.8,68.8,90.5,108,103.5,81.3,81.8,79.5,75.1,106.4
P13987_43_H6N5F1A1,2297.6,1835.6,2124.1,2732.3,2565.9,2262.2,2059.3,2029.4,2095.7,2240.2
P16070_57_H10N7,107.8,109.5,103.9,127.9,117.2,128.3,105.6,116.5,82.6,91.2
Q6YHK3_118_H5N4,604.3,276.4,540.8,336.1,649.1,437.8,529.3,375.3,426.9,458.6
P02751_542_H7N5F1A2,64,69.1,67,100.8,119.1,107.9,79.2,51.9,75.8,74.2
P08473_145_H9N2,396.9,295.3,201.4,216,230.5,274.1,254.4,210.2,201.9,300.6
P13987_43_H7N6F3,109.5,75.6,93.6,147.1,112.1,115.5,90.2,108.7,83.2,100.8
Q16563_71_H6N3,249.8,213.5,204.4,269.6,323.1,250.3,234.6,171.6,278.6,233.1
Q14236_47_H5N2,463.3,123.2,190.1,179.6,451.5,247.3,227,241.7,301.7,287.1
P13473_58_H5N4F1A2,796.1,407.8,529.6,737.5,661.9,628.9,693.8,625.2,465.8,490.4
Q07954_3788_H6N5F1,133.7,76.8,135.6,130.9,100.4,95.7,114,117.2,109,99.7
Q14108_105_H9N8F1A3,109.9,66.3,89,175.8,114.8,108.9,115.9,102.3,89.7,98.8
O60637_167_H5N4F1,106.2,52,100.4,261.3,107.4,103.3,108.5,181.9,97.5,90.9
Q13308_116_H6N5F1,387.5,78.7,149.7,81.6,176,118.4,234.9,104.8,200.1,152.5
P05362_267_H8N6A3,21.1,27.6,15.9,36.1,28.8,35.4,23.4,17.3,26.4,17.7
Q14108_105_H7N6F3A1,289.5,163.4,247.7,265.4,149.5,220.5,202.9,173.9,220.4,218.3
Q9UBG0_69_H6N5F1,64.3,57.8,66.8,76.9,38.6,48.2,51.6,60.1,74.4,48.5
Q5VW38_169_H6N4F2A1,195.9,201.1,143.4,202.9,321.9,223.7,221,166.8,183.7,194.6
P07996_360_H5N4A1,225.7,232.3,267.6,289.9,543.7,311.4,338.3,270.1,244.7,348.5
Q8TCT8_149_H8N2,384.7,517.2,280.3,774.5,597.7,521,482.8,329.5,527.3,514.4
P16070_57_H9N7F1,48.4,41,43.3,66.3,39.4,48.4,47.7,45.1,37.2,43.3
P48960_33_H5N4F1A2,105.6,198,68.4,107.5,353.3,212.3,159.2,99.4,139.3,164.7
P98160_89_H6N5,177.3,91.5,137.3,114.3,398.2,202.7,178.5,136.9,167.9,169.5
P11279_261_H4N3F1,486.7,274.4,334.9,344.9,421.3,365.9,371.6,289.2,343.7,364.1
Q9Y4L1_931_H3N3F1,190.9,158.2,114.1,141.9,161.1,121.3,147.4,138.4,153.7,152.9
Q9UN70_245_H5N4F1A1,170.3,155,141.8,232.8,194.6,207.8,153.6,171.7,133.6,166.6
P02751_542_H5N4A1,14,12.5,12.1,11.6,45.1,26.6,15.3,11.1,11.1,24.7
P07996_360_H5N4F1,1096.6,1016,1116.1,1440.4,8451.5,2244.3,2827.5,1533.3,3090.6,2689.3
O95084_207_H6N5F1,160,115,190.3,218.2,206.1,162.5,145,136.8,204.1,180.6
P00533_603_H5N4F1,297.8,178.1,253.8,199,188.8,218.6,195.6,242.9,142.7,242.2
P04156_197_H7N6F3A1,170.5,116.2,175.2,139.1,215.2,130.3,145.8,152.4,186.8,145.9
O95980_86_H5N4F1A1,509.2,425.2,566.7,410.2,268.6,375.7,368.8,554.9,290.7,443.8
Q10588_66_H4N3F1A1,507.1,459.1,493.7,849.9,1190.5,918.3,546.9,605.5,583.8,612.6
P16278_464_H3N2,318.5,384.1,272.5,530.4,447.1,361.8,354.2,312.6,443.9,351.4
Q9H0X4_389_H5N4,545.7,162.7,295.7,188.6,234.8,241.2,224.6,206.9,305.9,355.4
P61916_58_H5N4,108.7,104.6,102.8,174.5,182.6,144.2,124,110.5,132.6,118.1
P08648_773_H7N6F1A3,58.8,38.8,38.6,59.8,73,53.6,54.7,46.4,42.3,54.6
P15144_42_H4N6A1,16.8,43.2,15.7,24.9,20.3,27.1,33.6,23.7,17.7,11
P15144_42_H4N3F3,81.9,47.8,52.3,76.4,101.8,69.5,65.2,65.8,74.2,62.3
P02751_528_H6N5F2,137.7,91.2,114.5,129.2,615.2,295.8,224.5,164.3,142.1,191.1
P13987_43_H5N4F4A2,154.6,143.1,133.1,177.5,119.1,152.2,121.5,162.6,126.8,117.6
P00533_352_H6N2,349.5,214.2,277.6,247,212.4,254.6,248.7,291.7,180.9,241.4
P07996_360_H5N2,428.2,466.7,255.8,324.8,1431.7,609.2,604.3,413.9,772.3,715.3
P04216_42_H5N4F1A2,511.4,805.6,404.8,460.3,899,657.6,594,560.7,608.6,485
P07996_1067_H6N4F1A1,37.7,36.7,33.1,46.5,120.7,57.4,59,40.3,40.4,60.2
P11279_84_H5N5F1A2,100.6,62.3,86.8,101.3,89,102.2,83.8,87.6,63.6,75
Q07954_4364_H7N5F2,45.6,81.9,46.2,59.1,71.4,58.6,86.2,43.9,44.1,52.3
P07996_248_H5N4F1,898.4,906.9,873.7,1400.1,4493.9,1464.8,1899.3,1093.1,1849.1,1937.8
P17301_1057_H5N4F1,234.2,170.1,194.2,363.6,236.9,238.9,217.9,216.4,230.6,220.3
P16070_57_H6N5A1,309.5,245.3,301.4,499.3,473.7,394.9,340.2,300.9,341.3,337.7
Q14108_105_H9N7F2A1,399.7,206,264.8,412.6,274.3,318.4,304.3,296.3,310.8,291.1
O75976_626_H5N4A1,100.1,68.3,98.9,96.3,67.1,75.6,81.1,105.1,71.1,71
P15144_42_H5N3A1,60,12.9,25.4,25.6,23.7,23.6,27.6,22.5,29,35.8
P13591_347_H6N5F1A2,29.7,43.8,36.2,39.9,21.3,28.2,50.3,29.4,30.7,21.8
P05556_481_H6N5A2,16.8,33.7,23.6,23.2,147.3,60.6,50.4,30.1,36.6,51.9
P05556_212_H7N6F1,63.2,45.9,60.9,78.3,108.9,52.6,87.4,55.9,73.8,65.7
P12110_785_H5N4,463.9,300.3,487.3,633.2,3063.8,1397.6,1206.6,446.2,932.1,664
Q07954_3839_H6N4,470,148.9,390.5,295.3,259,248.6,326.6,378.8,255.9,258.7
P13473_356_H4N3A1,131.9,148.5,81.4,124.3,305.3,190.7,190.3,112.7,94.2,155.6
O43852_131_H3N4F1,718.2,328.2,443.2,416.2,809.4,498,589.6,478.3,427.5,557.8
Q07954_3048_H6N5F1,720.3,321.8,688.4,550,405.5,407,580.5,509.2,591.9,483.6
P16070_57_H8N6F2A3,34.5,41.4,39.3,55.8,56.8,60.6,44.9,40.8,35.7,32.3
Q92629_108_H6N3,615.2,302.5,522,415,328.1,368.8,561.2,433.6,295.9,394.5
O95185_236/222_H5N4F1A2,385.7,284.1,249.9,328.8,621.1,346.1,376,303.4,325.1,408.7
Q9Y6C2_794_H4N3,233.4,179,232.7,183.8,210.6,229.5,195.2,171.1,164.8,218.4
O15031_1099_H5N4F1,896,530,802.7,764.3,616,664.9,773.8,769.8,713.3,775.4
P10915_56_H6N4A1,177.3,132.1,137.4,125.3,1273.3,358.7,468.9,233.9,362.2,315.4
P26006_86_H6N5F1A2,32.5,25.6,40.4,47.3,56,48.8,36,29.9,34.4,41.1
Q14108_105_H10N8F4A1,56.4,32.4,34.9,35.6,76.8,60.8,61.9,68.6,38.7,51.8
O00592_360_H5N4F1,152.7,86.8,133.5,192.1,153.3,154.3,127.7,146.2,121.3,127.8
P13987_43_H6N4F2,1274.1,1228.7,1253.9,1333.5,1525.4,1404.8,1149.3,1185.4,1314.7,1184.9
Q9NR99_2693_H5N3,1347,1109,816.2,1285.2,1839.5,1320.1,1163.5,956.2,1197.6,1399.5
P12111_2558_H6N2,269,216.3,237.1,218.4,261.5,240.9,253.9,203.1,220.7,216.5
P41221_312/291_H7N2,361.4,457.3,224.2,207.6,151.4,233.7,255.6,151,353.4,332.5
P15144_42_H3N4A2,52,91.6,56.6,82.1,71.2,84.8,65.6,58.4,74.4,51.3
Q99715_1763_H4N4F3,448.6,168.7,228.5,133.3,333.2,269.8,249.8,208.8,281.8,232.1
P04216_42_H6N4A1,133.5,104.2,110.3,91.9,86.9,105.3,96.2,96.6,102.2,98.4
P08962_130_H6N5F1A1,295.7,274.4,115.8,233.6,379.3,342,230.9,202.7,361.1,193.4
P26006_969_H6N5,150.3,146.8,220,280.7,249.3,191.7,223.1,180,199,197.9
P13987_43_H7N6F1A3,376.1,293.8,359,409.4,385.5,371.8,332.4,370.3,320.3,332.7
P56199_1113_H7N2,156.5,83.5,150,142.4,212.5,128.6,139.8,137.2,137.2,163
Q99571_75_H5N4F3,73.2,45.2,52.6,49.5,120,82.2,64.2,51.5,46.9,78
P11279_249_H4N3F1,1177.5,1265,803.3,954.5,2461.9,1663.7,1720,1102.9,886,1371.1
P08962_150_H6N5F3A2,112.8,54.8,117.2,160.5,103.1,106.7,104.3,116.1,102.5,90.5
P15144_234_H7N6A2,176.9,73.5,153.3,92.6,144.3,127.6,120,133.1,117.9,109.6
P11279_84_H5N4F1A2,514.1,351.6,406.6,524.8,625.1,496.3,485.6,427.9,403.1,487.2
P05556_212_H7N5F2,131.2,110.8,134.8,183.5,124.4,139.7,128.6,136.8,108,137.2
Q92896_165_H5N4F1A2,393.3,304.8,311,438.4,398,384.1,339.4,383,285.2,361.6
Q9NR99_2350_H5N4F1,742.5,208.6,262.3,249.5,960.3,513.7,398.4,283.4,737.1,567.3
O00754_930_H7N2,705.8,531.7,391.9,606,404.9,452.6,599.3,521,397.6,538.8
Q8IWA5_417_H6N5F1A3,98.4,175.9,108.5,204.5,140.6,159.8,130,136,133.1,133.2
P07996_360_H4N3F1,367.3,303.7,289.8,384.6,2794.6,721.3,923.7,445.6,960,888.1
Q969V3_428_H8N2,617.3,523.3,410.2,532.9,867.5,635.7,710.7,499.3,440,520.9
P21589_333_H8N7F1,298.1,98.6,138,240.3,217.6,167,217,253.4,159,147.6
P13987_43_H10N7,242.8,296.7,292,321.9,331.1,327.7,265.7,286.9,273.2,258.7
Q13443_381_H8N2,373.4,379.6,244.5,401.1,354.7,373.4,355.2,298.7,316.2,324.5
Q7Z4H8_306_H8N2,651.5,489.3,340.4,540.4,393.4,488.2,449.2,538.1,334.3,488.2
P13987_43_H6N5F4A3,36.1,31.8,38,65.9,40.7,43.6,43.3,42.3,29.7,43.5
Q5ZPR3_104/322_H5N4F2,116.6,138.5,140.8,156.1,126.9,151.6,125.4,161.3,81.3,127.1
P16070_57_H7N6F3A2,26.9,29.3,30.6,46.5,44.3,48.6,32.1,32.4,33.9,22.2
Q07954_3839_H5N4F1,1613.7,484.4,1520.5,1079.8,833.1,870.5,1236.2,1447.7,886.8,829.1
P13473_356_H5N3F1A1,170.3,88.2,102.6,181.8,359.6,224.6,196.2,144.1,163.3,131.8
Q9NR99_2350_H6N5F1,153.1,116.9,134.6,158.4,231.9,158.6,117.8,126.1,197.1,157.9
P15144_42_H5N5,43.3,25,51.7,63.5,27,39.3,36.9,45.1,50.2,29.1
P11279_249_H5N4F1,205.6,173.4,102.6,138.5,279.1,247.1,336.8,245.4,166,228.9
Q07954_2620_H5N4A1,21,11.3,26.8,35.8,17.9,29.4,21.4,25,13.2,18.5
Q14108_105_H9N7F4A2,45.9,25.7,28.5,52,61.2,55,48.3,40.6,38.3,48.4
P15144_234_H5N4F2,481.8,203.4,475.2,310.2,442.2,439.7,346.4,385.7,276.3,375.9
P04004_169_H6N3A2,175.3,130.3,140.8,501.8,308.7,193.8,338,261.3,207.4,198.1
P08962_172_H5N4F3,137.5,100.5,111.6,257.7,190.3,170.6,124.9,111.9,221,132.8
Q5ZPR3_104/322_H5N4,581.5,595.2,715.9,773.1,676.3,724.6,681,755.8,445.7,582.9
P04004_169_H6N3A1,394.5,334.4,371.9,1099.3,578.9,427.5,731.3,580,471.8,442.2
P04216_79_H9N7A2,62,64.8,88.9,110.6,78.2,78.3,78.9,83.8,76.2,69.1
P13987_43_H7N5F2,680.5,627.1,568.1,694.8,656.8,648.1,599.2,646.8,566.5,622.4
Q4KMQ2_493_H7N6F1A2,113.8,76.1,97,118.5,141.5,118.5,116.2,90.4,104.1,93.3
P11117_177_H5N4F1A1,15.9,37.1,14.6,19.8,106.3,45.5,50.5,20.7,26.4,42
P02751_1007_H7N5,91.8,51.1,154.2,159,460.7,206.6,178.7,161.9,138.2,190.7
Q07954_3839_H5N4F1A1,493.4,486.9,498.3,560.8,1025.1,689.7,699.9,598.5,426.7,514.6
P04216_79_H7N5A2,477.5,543.7,535,518.9,574.8,538.8,483.4,597,474.7,439.5
P13987_43_H7N6F1,411.3,230.3,322.5,472.3,291.7,340.8,328.6,326.4,292.3,364.1
Q12884_679_H5N4F1A2,170.7,106.3,91.5,96.7,235.3,175.7,136.8,115.2,113.2,128.9
P13473_275_H5N4F1A1,476.7,480.1,378.7,307.6,646.9,563.4,433,441.9,371.2,380.2
Q9UBG0_492_H5N4F1,1323.4,418.9,585.8,571.6,947.9,816.5,677.8,831.6,844.1,720.5
P13726_156_H6N4A1,115.5,113.8,118.6,164.4,111.2,118.5,128.6,83.9,160.5,104.9
P12111_2079_H5N4F1,1028.6,327.4,518,385.2,909,831.7,779.6,455.5,688.6,662.3
Q14108_105_H7N6F3A3,250.5,150.7,202.3,322.8,195.8,265.1,223.2,228.6,188.9,191
P07996_360_H7N2,53,52.7,54.6,58.1,270,104.1,90,68.1,118,87.3
Q12884_99_H5N4F1,77.8,42.3,62.3,60.8,110.4,81.3,60,56.9,71.5,69
P54289_604_H4N3,352.4,195.3,337.4,257.7,361.3,252.7,310.3,226.9,264.1,386.9
P12111_2331_H5N3F2,109.6,64.4,78,68.5,294.7,173.7,128.2,99.8,76.7,111.4
O95297_50_H5N4F3A3,52.6,46.6,66.5,65.9,55.2,62.1,58.5,52.7,44.5,57.4
P08648_868_H6N4A1,165.3,297.4,190.4,174.7,578.3,325.3,310.7,192.4,247.6,273.7
P41221_312/291_H6N2,128.2,239.8,79.6,90.6,56.2,99.2,93.1,53.9,166.7,157.9
Q07954_2620_H6N3F1,312,181.6,170.3,66.8,44.6,122.9,194.3,199.5,138.4,89.5
P35555_1902_H7N5A1,38.2,5.7,76.6,34.2,74.4,5.6,27.2,48.3,59.2,79.9
P11279_84_H4N3F1A1,1971.5,729.9,1368.6,1749.1,4093.3,2488.8,2549.6,1164.6,1595.7,1728.8
Q12884_49_H6N3,860.7,221.1,505.8,298.7,695.4,513,585.2,477.9,336.2,569.2
P05556_212_H6N5F1A1,588.4,568.4,703.8,878.9,644.8,617.8,771.2,666.1,674.5,716.2
P16070_57_H6N5F1A1,181.7,106.1,103.2,105.9,154.4,142.8,117.6,122.4,113.6,129.9
P13987_43_H5N5F1,158.9,218,125.2,164.8,252.9,136.6,156.7,130.7,134.4,326.1
Q9NR99_2415_H6N4A1,148.3,76.9,112,114,410.3,185.4,148.8,114.7,210.3,169.6
Q5KU26_271_H6N5F1A2,110.5,106.7,89.3,89.2,82.6,90.7,93.3,109.3,70.5,96.4
Q16585_158_H5N4F1,254.9,189.4,257,249.1,137.5,182.5,211.6,218.1,222.5,212.4
P55290_671_H6N2,480.2,1207,433.3,586.8,1726.5,973,949.9,604.4,550.1,1190.2
O95297_50_H5N4A4,98.1,83.8,117.9,99.8,126.2,103.8,90.5,107.6,104,100.3
P05556_669_H8N2,266.8,182.6,167.5,206.5,284.3,245.2,221.3,195.3,208.9,196.1
P04216_79_H5N4F4A2,607.2,321.8,461.6,460.2,363.2,371.8,427.9,536.5,400.8,395.4
Q14108_105_H8N6F4A1,161.7,89.7,129.3,219.5,191.9,167.1,158.5,142.3,133.5,161.6
P12109_804_H4N3A1,386,201.1,661.6,562.6,788.8,929.6,548.6,356.9,349.6,320.8
Q14108_105_H8N7F1A2,1382.5,814,902.9,1092.9,935.2,1143.4,1179.6,1124.7,1198.1,1170.7
P13987_43_H6N4F3A2,150.2,128.4,125.1,183.9,170.6,158.7,147.2,136.8,127.3,161.4
P13473_275_H7N5F1,243.5,188.6,209,310.1,649.1,387,352.9,270.6,242.7,290.9
P05556_94_H5N4F1A1,103.6,187.9,128.7,124.4,371.5,394.5,526.5,273.3,402.7,406.9
Q07954_4075_H4N3,923.2,369.6,933.1,715,687.7,678.6,765.6,903.3,576.7,703.8
P55290_382_H5N4F5,49.8,82,92.5,58.7,73.4,80.9,92.8,75,35,60.5
Q9Y4L1_931_H7N2,519.2,288.2,334.2,275.8,494.6,446.2,312.7,515.5,234.7,337.6
Q14108_105_H9N6F5A1,39.8,25.2,40,44.6,23.5,28.6,32.9,41,31.3,33.4
P54289_324_H8N2,1759.3,1271.9,1923.6,1543.9,2330.5,1529.6,1892.9,1432.2,1552.3,2414.4
P16070_57_H6N5F2A1,114.7,83.8,97.4,152.2,132.4,121.5,109.8,100,114,115.6
P07996_360_H4N2,112.7,98.9,138.7,133.4,489.9,200.7,197.4,172,185.3,186
P13987_43_H8N2,126.8,206,133.1,240.8,263.1,227.9,191.3,161.6,182.2,174.9
P07093_118_H6N5F3,97.1,63.8,108.4,140.8,176.5,105.2,130.3,89.7,118.3,124.6
Q14108_105_H11N8,208.4,107.3,148.6,260.9,182.9,199.3,177.5,179.1,160,163.6
P55268_1348_H4N6,88.5,48.5,53.9,33.5,82.6,60.3,56.2,49.7,62,69.2
Q92542_45_H9N2,663.3,442,520.5,701.8,625.9,666.9,547.7,474.5,507.2,665.8
Q9Y6C2_766_H6N5,184.4,110.2,150,182.8,317.9,250.5,192.4,167.1,131.2,175.3
P13987_43_H6N4F2A1,568.4,570.8,553.5,554.8,575,579.8,481.4,564.3,550,561.6
P04216_79_H8N2,622.9,1184.4,663.1,1067.8,1259.4,1076.7,954.7,948.3,871.6,803.1
P16278_464_H5N2,973.8,722.7,604.4,879.1,1669,912.4,1040.1,719.8,938.9,1093.5
P02751_1007_H5N4F1A2,437,324,488.4,686.5,1530.8,907.5,685.3,638.4,527.9,605
Q8IZ52_138_H7N2,82.6,128.9,78.8,92,116.7,95.5,101.8,89.5,100.8,96.8
Q07954_3839_H5N3F1,581.7,326.1,334.9,254.5,666.1,426.2,504.2,321.8,472,376.3
P16070_57_H6N5F2,195.4,144.8,172.1,285.1,320.3,239,216.6,176.8,216.3,236.7
P21589_403_H6N5F1,188.4,71.1,106.5,124.4,106.1,109.3,117.4,148.5,91,113.1
P13473_356_H5N3F1,1495.8,749.2,875.8,935.5,1299.5,1207.8,1180.6,986.1,840.4,990.7
P35556_2120/2033_H5N4F1A2,162.3,70.6,282.7,190.1,331.7,162.3,161.9,361,156.8,166.8
P13987_43_H6N5F3A1,255.9,267.2,272.4,292.3,356.7,304.7,277,249.2,284.3,289.5
P04156_197_H8N7F1A5,61.2,67.2,75.4,63.9,42.1,60.1,61.2,52.8,56.5,70.7
P35555_1067/1112/1025_H5N4A1,27.9,8.4,40.3,21.5,31.3,20.6,21.2,43.2,18.3,22.6
Q99715_2679_H4N4F1,127.6,115.5,221.6,148.7,358.9,214.6,171.9,145.9,222,191.7
Q14108_105_H9N8F2A1,75.2,43.2,61.6,80.5,75.2,73.1,66.2,62.2,61.2,64
P16070_57_H6N4A2,1055.9,708.4,841.3,804.8,644.1,794.6,811.5,874.6,744.4,721.5
Q9H0X4_389_H5N4A1,201.2,333,195.8,201.6,500.3,396.3,326.8,194.7,260,216.2
Q9Y639_229_H9N7F1A1,72.7,90.7,95.9,94.7,131.2,90.6,106.2,96.5,91.4,87.7
Q9Y639_229_H10N7A1,189.9,289.1,259.9,219.6,205,225.9,232.3,280.8,180.1,213.8
Q9UBG0_364_H5N4F1A1,282.9,612.3,152.1,141.2,624.1,404.2,499.6,269,273.7,319.2
P05556_212_H9N2,346.8,368,339.2,386.2,878.4,634.8,526,448.1,320.2,330.1
P55290_86_H6N5F1A3,13.3,14,23,12.1,23.7,18.1,21.4,13.4,11.7,19.3
P15144_42_H4N3F2A2,38.1,26.4,38.7,48.2,68.4,59.7,45.3,41.7,31.9,35.6
Q9H6X2_184_H5N4F1A2,95.1,273.8,102.1,153.7,194.4,227.9,207.7,125,105,132.7
P18084_347_H5N4,154.3,167.1,191.9,349.3,259.3,242.9,238.7,201.7,171.1,239.6
P04216_42_H5N4F1A1,281.1,198.5,179.6,213.6,237,199.8,247.3,235.5,171.8,227.9
Q07954_3839_H6N3F1,331.5,214.9,146.3,126.2,240,208,231.5,160.4,214,218.9
Q9NR99_2693_H5N3F1,732.5,251.7,206.3,156.9,529.6,384.5,295.7,232.6,525.9,392.4
P21589_333_H6N4A1,476.3,274,347,352.7,698.7,484.4,391.7,548.3,255.6,416.3
P02452_1365_H9N2,163.8,60.6,67.1,52.3,177.6,89.5,110.7,75.6,109.1,123.9
P20908_176_H8N2,914.2,353.2,294.9,176.9,432.7,413.6,416.6,347.7,447.2,494.4
Q9UBV2_608_H9N2,1344.1,1019.8,1156.2,1082.9,3201.7,1620.3,1468.6,1202.1,1644.3,1682.8
P05556_481_H6N5A1,31.3,46.8,37.4,26,470.1,189.4,150.7,64.9,73.7,118.3
P08473_145_H7N6,58.2,71.1,69.1,89.6,78.1,72.9,74,68,80.1,62.4
Q8TCT8_149_H9N4F1,85.4,59.3,87,75.8,95.7,80.9,81.6,88.4,67,75.8
P16070_57_H4N3F1A1,1108.9,564.7,831.9,509.6,552.5,708.6,723.8,758.8,701.8,591.6
Q92542_45_H8N2,336.3,269.1,258.1,354.7,353.9,334.1,361.2,263,303.7,274.1
P06756_74_H6N3A1,175.9,96.7,89.5,119.6,116,115.4,110.7,94.7,108.7,154.6
O60486_692_H6N5A3,257.8,172.5,263.5,1038.9,447,359.2,662.5,485,337.1,287.1
Q12884_99_H6N4F1A1,72,46.2,57.1,78,184.6,102.8,98.1,73.5,78.9,75.3
P13987_43_H9N6F1A1,31.4,23.8,22.9,41.3,28.6,34.1,27.5,29.6,24.6,29.1
P15144_42_H5N5F2A1,127,58.3,93.7,108,58.5,88.5,73.5,98.4,81.5,94.3
P98160_89_H6N5A1,98,67,73.5,117.2,128.1,102.8,95.6,81.9,90.7,102.8
P17948_164_H5N4F1A1,156.7,136.9,147.6,185,239.4,188.1,156.9,166.7,156,180.4
P16070_57_H7N6F2A3,121.7,100,110.9,232,168.6,190.2,133.2,143.6,119.6,132
P04004_169_H5N2,145.2,99,105.8,309.6,213.2,146,212.7,181,151.2,165
Q9Y4L1_931_H5N2,788.7,469.1,434.2,426.6,749.7,531.1,662.1,491.8,485.8,642.1
P14625_217_H8N2,219.3,209.7,106.8,119.8,189.9,142.4,183.8,135,200.4,167.7
P04004_169_H5N3A2,229.6,211.6,223.5,613.4,405.8,277,408.5,360,308.1,298.3
P55899_125_H5N4F1A1,124.4,269.9,112.4,181.7,287,274,230.4,150.9,129.7,172.1
P08195_365_H5N4F1A1,316.6,416.3,152,129.8,630.9,281,475.3,171.7,328.2,359.6
P35555_448_H5N4F1A1,407,177.2,312,311.3,661.3,384.5,343.1,335.3,326.5,446.2
P04156_197_H5N4F2A1,293.3,177.5,114.6,94.9,254.8,184.4,205.7,162.3,163.4,203.3
Q07954_1575_H5N4F1A1,421.7,126.1,405.1,255,265.9,237.8,283.5,441.8,217.2,268.4
Q14108_105_H9N8F3,196.2,119.5,118.4,147.1,153.3,152.9,150.1,156.1,143.6,159.8
P12111_2558_H6N4F1,147.8,129.8,153.4,198.2,295.5,228.8,201.5,142.7,160.7,175.6
Q8NBJ4_144_H5N4F1A2,446.1,255.2,252,267.4,185.7,251,236.5,331.7,251.8,312.2
P16070_57_H7N6F3A3,244,294.4,255.7,368.2,274.9,368.9,255.3,279.5,258.8,251.1
P16070_57_H6N4F2A1,1401.4,792.2,1032.1,1027,857.5,1107.5,969.7,1109,932.4,909.4
P11047_1395_H6N2,206.5,172.6,166.8,162.1,207.8,198,165.7,194.1,184.8,158.7
P17301_343_H5N4A2,255.7,364.8,329.3,913.5,206.6,489.1,438.7,521.6,353.6,234.6
Q13308_567_H5N4F1A2,216.5,197.1,169.5,240.5,290.3,256.8,227.5,207.5,186.4,218.6
Q14108_105_H9N7F4A1,456,265.2,301,558.6,342.3,406.7,395.8,397.6,352.9,366.5
Q9Y639_229_H6N5A1,166.9,212.6,226.5,170.1,192.9,175,229.1,213.2,149.7,188.1
Q12797_452_H5N2,478.4,292.1,584.7,400.4,437.9,494.5,462.9,475.9,344.6,384.7
Q9BY67_101_H5N4F1A2,349,100.1,99.5,64.8,77,70.5,267.1,91.2,139.6,112.4
P21589_333_H3N3F1,522.4,135.6,236,414.4,389.8,458.3,264.4,407.6,250.2,294.3
P98160_3780_H5N4F1A1,461,462.1,512.1,472.4,4160.3,2141.8,1177,841.2,783.3,1041.5
P07996_1067_H4N3A1,155,167.6,146.3,216.7,1082.8,387.4,362.7,240.3,353.8,400.3
P50454_120_H7N2,1978.5,458.2,475.3,154.6,712.1,687.7,817.1,752.4,507.3,964.9
P16278_464_H5N3F2,616.1,549.5,474.5,665.4,876.9,669.1,643.5,548.9,669.3,611.5
Q92629_108_H3N2,307,169.3,267.2,221,201.2,205.6,216.8,303.3,190,235.5
P50454_120_H9N2,1257.1,315.4,307.4,79.5,458.2,451.4,553.9,460.5,323.3,598.9
P07996_360_H12N2,127.2,116.4,112.1,184.9,400,181.8,219.4,143.4,174.1,210.4
Q08431_325_H6N4A1,127.2,116.4,112.1,184.9,400,181.8,219.4,143.4,174.1,210.4
P12111_2079_H9N2,185.6,77.9,88.8,75.3,105.7,106.4,113.1,87.5,97.4,122.5
Q9NR99_2693_H5N4,593.2,473.8,604.8,606.4,1300.7,718.6,611.2,581,890.3,735.1
O14672_439_H7N2,296.7,388.8,201.5,386.9,627.4,401.5,399.9,282.9,395.6,399.3
P07585_262_H4N6,310.3,241.3,258.4,265.7,300,270.3,285,268.5,247.4,289.6
P13473_356_H7N5,250.3,114,293.3,211.7,364.3,177.4,213.7,263.3,252.8,313.4
P13987_43_H5N4F4,96.2,61,62,70.7,65.6,80.9,71.4,70.4,54.5,74.6
P13987_43_H6N5F1,687.1,323.3,557.7,638.9,461.4,528.6,498.7,547.5,485.8,580.1
P15144_42_H6N3A2,16.8,9.7,13.6,19.5,20.2,15.8,18.9,18.6,16.1,9.6
P07996_360_H5N4F1A2,550.3,477.5,409.2,574.6,1731.7,762.9,788.9,621,702.8,851.2
Q99715_1763_H8N2,151.3,87.9,85.8,81.9,164.5,114,111.7,97.9,123.6,118.8
P21589_333_H7N6F1A2,366.8,244.7,334.4,446.1,263.6,306.1,333.4,435.6,231.3,334.2
P07996_360_H6N5F3,144.3,137.6,134.6,258.9,301.7,202.8,216.2,172.8,199.7,176.8
Q70UQ0_328_H3N4F1,231.4,194.2,239.1,302.1,702.2,463.9,292.6,264.6,306,328.5
P07996_360_H5N3A1,271.6,170.4,185.2,202.1,269.5,232.1,196.3,202.6,206.8,252.2
O75477_108/106_H9N2,162.7,115.3,132.9,122.7,169.5,161.6,150.3,130.2,123.5,131.9
P02790_187_H5N4A2,147.6,96.3,120.3,157.1,126.8,135.7,141.2,126.5,108.7,130.9
P15144_42_H6N4,15.6,7.5,19.8,20,9.8,10.3,18.1,16.7,13.6,13.5
P06756_74_H5N4F1,1243.6,645.8,1190.1,1302.3,1794,1498.8,1402.2,1610.3,896.9,1067.4
P07996_360_H5N3F2,94.1,70.4,90.6,107.7,226.3,122.2,130.2,99.3,105.2,128.3
Q9HDC9_160_H3N4F1,647.9,424.9,256.7,380.3,267.7,277.9,364.2,328.1,608.8,386
P12110_785_H6N5A1,120.8,109.8,131.9,199.5,228.4,209.7,167.6,128.7,138.2,141.3
P13473_101_H7N6A2,121.2,131.3,97.9,155.6,130.6,131.9,123.3,151.4,92.6,133.5
P50454_120_H6N2,983.6,241.6,289.6,97.1,355,349.1,431.5,385.1,281.5,508.3
P11047_1205_H9N2,112.8,85,93,114.8,151.2,118.1,112.5,103.3,99.5,120.2
Q9Y639_229_H8N7A2,54.7,72.8,92.4,53.4,66,65.7,72.2,79.4,50.1,70.1
P13987_43_H8N6F2A2,35.1,28.1,37,35.5,39.9,32.3,34.2,37.7,33.6,36.9
Q16363_557_H5N4F1,85.1,86.8,96.1,86.1,95.8,82.4,88.5,85.4,68.6,122.7
O15031_528_H9N2,120.6,98.8,147.7,105.8,201.7,130.8,121.8,104.9,200.4,113.3
P21589_333_H8N6F2,151.2,114.3,135.2,200.6,111.3,129.8,146.1,164.9,133.4,134.9
P11117_267_H9N2,321.5,266.7,285.9,357.5,420.8,347.4,325.5,274,350.6,347
Q9NR99_2693_H6N2,575.4,475.9,296.8,1965.9,1603.7,953.7,763.4,493.8,1535.1,1149.1
P13473_275_H6N5F2A1,117,79.6,113.1,175.6,185.5,172.2,141.7,130.4,105.7,117.8
P21589_53_H4N4F1,41,12.4,35.8,36.3,12.2,22.2,21.9,58.4,12.5,22.1
Q07954_3839_H4N4F3,227.7,165.3,176.4,147.4,312.8,228,225.6,196.7,175.7,199.6
Q07092_327_H9N2,239.1,137,92.2,83.5,176.4,156.2,198.4,124.5,99.2,147.3
P13987_43_H7N5F2A2,381.9,361.9,550.7,527.9,517.6,541.1,437.5,495.9,443.2,415.2
P07996_248_H6N5F1,320.3,383.4,290.4,642.9,1275.9,597.1,598.1,400.2,675.2,633.6
P12110_785_H8N2,1994,775.2,1090.4,653.5,687.3,1052.3,1361.9,964.3,805.4,1002.6
P13473_275_H6N5A1,994.3,737.4,835.4,1230.2,2494.8,1554.3,1531.7,1083.2,926.6,1181.3
P15144_234_H6N3A1,125.7,123.7,88.4,110.5,145.6,133.1,124.7,106.3,107.3,121.1
Q08722_73_H6N3A1,122.7,88.4,97.2,100,139.9,116,109.3,104.7,92.9,124.1
P21589_53_H4N3,50,22.3,57.4,105.1,71.2,59.2,64.8,93.9,23.6,64
Q07954_357_H5N4F1,74.1,22.5,53.5,31.1,15.7,38.5,44.7,53.3,28,32.1
Q99715_2679_H9N2,8696.9,3048,3976.9,1895,2199.4,3137,3733.9,3190.7,6447.4,3599.4
Q14DG7_1015_H6N5F1,67.7,42.7,44,47.4,85.6,64.8,64.8,40.7,56.8,59.9
P13473_356_H4N3,772.8,393.3,757.4,968.9,1270.7,904.7,955.4,858.4,657.3,781.8
O95084_207_H6N5F1A2,79.4,94.6,118.4,151.2,178.4,140.3,111.7,112.2,144,113.2
P20594_277_H5N4F1A1,20.5,105.2,24,37.2,92.3,72,74.3,37.4,48.1,47.4
P04216_42_H6N5F3A1,403.6,339.6,315.4,389.1,471.8,415.7,421.4,395.1,407.7,459
Q99571_75_H4N3F1A1,74.3,34,111.8,105.1,65.3,86.5,74.4,52.3,84.4,93.2
O95297_50_H7N6A1,97.7,85.2,70.7,85.6,107,106.7,100.8,80.4,66.8,91.9
P13987_43_H8N6F2A1,151.8,99.2,137.9,178.4,167.3,167.7,149.5,146.4,134.2,138
P13473_275_H6N4F1,168.7,127,158.9,207.8,459.1,297.6,244.8,178.1,186.2,216.7
P24821_1119_H6N4,203.1,94,170.7,116,413.3,210.1,210.8,169.8,179.8,228.3
Q70UQ0_328_H7N2,547.3,413.1,363.4,369.4,589,530.4,472.3,354.8,452.1,476.6
P04156_197_H6N5F1A4,146.7,565.9,142,215.5,841.6,607.5,578,219.3,203.5,307
Q9UBP4_204_H5N4F1,20.1,38.3,74,84.7,39.1,49.8,75.9,24.8,62.7,43.5
Q12884_99_H6N4A1,86.9,73,80.2,83,184.5,128.4,97.9,85.2,102.5,94.6
P13473_356_H6N5F3,195.6,119.6,202.4,198.8,181.5,189.2,200,190.4,140.9,179.4
P11279_62_H6N5F1A1,186.5,164.2,158.1,206.3,298.2,206.7,205.7,185.3,217.4,200.9
Q04900_146_H9N2,223.8,214.4,178.3,264.3,248.6,328.8,278.4,230.9,222.5,202.3
P07996_248_H6N5F3,133.6,143.6,134.4,262,372.1,210.4,210.9,171.1,233.7,223.4
Q92629_108_H5N4A1,442.9,195.7,606.2,447.8,370.3,358.5,496.7,531.5,315.9,369
P21589_333_H6N5F1A2,667.1,483.7,688.8,853,435.5,586.8,621.9,904.6,369.2,658.9
P04004_169_H5N3A1,169.8,137.8,133.7,267.7,205.5,172.8,210.2,195.5,168.7,171.3
P07996_248_H6N2,374.5,441.6,280,368.5,646.5,407.5,594.9,440.4,1012.9,538.6
Q58DX5_295_H5N4F1A1,319.5,193.4,314.3,268.6,273.9,252.3,297.1,246.6,307.3,272.9
P07996_360_H4N3A1,118,107.1,111.7,159.9,305.5,182.5,163.1,146.3,139.3,175
Q03405_194_H5N4F1,140.3,69.5,113.9,90.4,75.4,94.8,112.1,75,96.5,113.6
P13473_275_H7N6,387.9,306.4,301.7,821.8,580.5,625.3,489.4,544.2,292.4,459.3
Q96KA5_91_H7N2,281.8,256.6,229.6,186.8,649.8,350.1,327.9,250.1,329.8,355.1
Q9NR99_2350_H4N3F1,1387.4,382,552.7,516.6,1676.2,1096.9,772,671.4,1470.6,1101.2
P07996_360_H5N3,182.2,152.1,198.4,153.4,798.5,341,367.4,246.9,411.1,314.7
Q9UBG0_69_H7N5A1,48.5,59.8,44,72.7,47.6,60.9,65.5,61.9,46.2,39.6
Q16563_71_H8N5A1,159.4,121.6,125.4,166.3,202.8,195.6,161.8,143.9,128.8,149.8
P28300_81_H5N4F1A2,69,51.1,53.4,81.8,119.8,71.3,83,82.6,69.8,88.4
P08648_182_H5N4F1A2,168.9,252.1,235,320.7,277.3,252.1,250.5,244.9,216.6,298
Q9Y639_229_H10N8F1A1,130.3,139.1,163.6,161.1,148.7,156.3,160.6,157.1,123.6,150.2
Q5NDL2_354_H9N2,179.1,166.4,163.2,189,545.6,276.9,268.1,241.1,193.6,272.3
P15144_42_H6N5F1A2,56.6,49.5,63.6,85.9,69.4,75.9,66,65.1,58,62.4
P16070_57_H8N7A1,110.4,104.8,83.3,130.3,102.7,131.8,93.2,108.2,102.9,99.5
P35613_160_H9N8F1A3,85.4,81.1,91.7,124.5,118.4,114.3,107.1,91.7,95,96.9
Q9H6B4_74_H6N5F1A1,74.8,39,49.3,50.6,53.4,46.3,56,49.8,53.2,63.9
P16070_57_H5N4F2,343.8,227.5,286.5,417.5,920,516.3,503.6,329.9,443.2,419.6
Q14108_105_H10N7F1A2,28.5,11.1,17,30,26,26.4,20.8,25.3,19.4,21.6
Q16563_71_H9N5F1,175.5,130.2,134.3,262.9,232.3,214.2,215.6,177.4,166.1,169.5
P12109_212_H5N4F1,331.5,270.1,404.4,405.7,655.8,796,559.2,386,611.5,396.4
P48960_33_H6N4F2A1,125.8,95.5,124.7,139,246,140.9,159.6,147.9,149.4,139.9
P04216_42_H6N5F1,39.3,41.7,38.2,53.1,65.5,47,49,50.1,47.4,46.5
P13987_43_H8N6F2,147,96,122.1,172.4,185.2,159.2,154.5,139.2,125,151.7
P55290_52_H5N4F1A2,107,117.7,150.7,97.7,176.1,136.2,156.8,119.5,90.4,152.7
Q8IV08_387_H5N4F1A2,292.6,102.7,115.8,89.9,135.1,180.2,147.6,153,123.4,139.2
Q13308_567_H6N5F3,102.3,50,85,87.1,161.7,108.9,110,75.5,99.8,97
Q14956_93_H9N2,129.5,140,84.2,184.9,113.5,157.6,152.2,119.8,108,121.4
P26006_656_H6N2,306.1,295.7,310.7,381.6,354.8,338.3,340.7,308.6,325.6,353.7
Q9Y639_229_H9N8A2,165.9,213.7,225.9,215.2,185.4,194.3,235.6,227.8,164,195.5
P13473_356_H6N4F1,187,134.8,220.4,406.2,294.7,318.7,273.2,235.3,184.1,246.6
P13612_79_H6N3F1A1,69,66.4,62.7,71.3,55.3,59.2,71.4,62.1,63.7,72.3
P55268_1348_H8N2,736,701.9,588.9,600.8,898.2,738.2,727.7,607.8,759.8,736.5
Q13740_265_H6N5F1,152.2,128.3,180.5,183,372.6,209.1,189.5,205.2,250.5,175.3
P11047_650_H6N2,358.2,241.3,387.6,352.2,411.1,387.1,338.1,399.4,258.4,391.4
P01033_53_H5N4F3A1,147.2,138.5,136,179.8,337.5,241.5,188.9,167.7,183.6,170.2
P12110_140_H9N2,1550,505.3,979,488.6,780.7,966.7,902.2,947.6,599.9,948.2
P15144_42_H5N5A2,313.8,142.9,276.6,268.8,146.5,227.3,199.2,261.3,201.5,275.6
Q86WC4_93_H5N3A1,62.2,55.4,58.8,68.7,64.1,64.8,67.6,59.6,57.8,63.8
Q15417_240_H10N2,232.5,183.9,440.3,138.5,408.2,275.4,260.6,210.1,343.1,334.6
P12110_140_H8N2,280,191.8,198.4,193.3,208.2,205.2,237.1,200.4,200.4,244.4
Q07954_4075_H5N4A1,204.7,108.9,196,197.1,142.5,182.2,182.3,233.7,114.3,149.4
P08962_150_H8N7F1A2,202.9,151.1,136.9,236.5,236,225.2,191,198.6,217.3,145.8
P06756_74_H8N2,287.2,235.2,195.2,249.8,638.1,404.2,356.9,265.8,287.8,315.2
Q99519_186_H5N4F1A2,173.7,163.7,140.1,183.7,104.6,165.9,161.9,178.9,135.8,135.1
Q14108_105_H8N7F5A1,196.6,83.3,132,208.5,172.1,174.2,164,152.3,145.7,168.8
P08962_172_H7N6F4A4,173.1,129.7,126.7,267.5,189.1,229.3,165.6,178.9,169.7,156.9
P50454_120_H5N2,1493,334.2,366.9,130.3,529.8,514.5,619.7,581.2,407.8,777.2
Q9Y6C2_766_H6N4A1,311.1,150.3,184.7,189.2,238.9,231.3,219.6,203.5,187,250.8
P13473_356_H6N3F2,178,114.5,111.2,225.3,211.9,204.8,187.1,144.3,152.7,166.6
Q9NR99_321_H5N4A1,97.6,62.5,69.6,74,151.1,106.4,81.3,80.9,90.8,103.3
P17301_343_H5N4F1A2,99.6,118.7,105.7,142.5,100.8,123.9,123.4,129.5,99.9,100.5
Q08722_73_H6N2,362.1,323.9,262.3,279.1,347.6,330.4,308.3,284.5,324.8,354.7
P07996_360_H6N4,87.1,63.2,74.1,88.3,574.2,162.3,211.8,99.6,220,208.9
Q8IWA5_417_H6N5F3A2,67.2,102.3,62.3,126.6,108.5,101.4,92.5,89.7,92.9,98.8
P13674_113_H9N2,3115.6,1154.1,1753.7,885.3,1386.9,1732.4,1671.7,1652.4,1876.2,1981.7
P13987_43_H7N4F1,504.1,340.8,394.1,440.8,513.2,507,408.6,387,458,472.1
P78536_539_H9N2,157.7,114.7,127.7,83.3,258.6,165.1,153.5,144.9,151.5,140.5
P11047_1205_H7N2,110.5,97.7,118.3,110,226.3,150.7,146.2,121.2,119.5,137.3
Q92896_165_H5N4F2A1,412,188.7,226.2,266.1,310.9,311.4,319.3,283.8,227,288.4
P15144_42_H5N4F1,135.5,116.5,136.8,191.7,139.2,133.9,146.2,152,146.9,154.1
P07996_1067_H4N4,94.6,140.4,116,216.5,987.6,311.3,349,205.8,323.6,394.7
Q4KMQ2_361_H7N2,367.1,203.3,281.2,223.8,305.5,300.7,291.9,252.4,267.7,294.7
P30101_90_H5N3F2A2,64.9,46.9,49.3,49.1,164.8,78.9,87.9,59.9,75.5,80
Q13308_116_H5N4F1,1518.2,432.5,767.9,466,627.7,777.8,832.8,595.1,918.9,760.9
P14625_62_H6N2,488.9,401.4,371.7,422.4,599.8,571.7,693.1,549.4,685.2,574.1
Q5KU26_271_H5N4F1A1,554.1,502.7,472.7,347.5,371.4,363.2,519.2,581.1,290.6,591
Q07954_3048_H7N5F2,171.8,103.9,144.4,120.6,100.4,125.4,133.3,134.9,141.9,118.6
P12110_785_H5N4F1A1,928.5,990.6,936.9,999.1,2125.7,1755.9,1543.7,1016.7,1077.9,709.4
Q8IZ52_138_H10N2,76.8,78,62.6,67.9,84.8,77,93.4,68.4,66.1,72.8
P07942_1279_H8N2,203.8,116.1,84.4,98.8,241.1,190.4,157.4,162.6,72.3,176.8
P11279_249_H5N4F1A1,893.3,853.3,748,714.6,1774.5,1290.9,1300.7,878.1,716.5,997.3
Q9Y639_229_H6N5F3A3,29.3,44,38.9,20.8,20.9,31.4,38.4,37,24.1,26.2
P07996_360_H6N2,131.4,175.7,114.1,177.7,836.8,339.4,381.5,204.5,577.6,366.9
Q6UY14_1001_H5N4F1A1,89.8,46,164.8,119.9,150.8,92.4,83.2,89.4,200.9,117.4
P11279_84_H5N4F1A1,189.2,83.2,101.2,191.9,213,139.9,178.6,121.7,174.9,180
Q9GZX9_81_H8N2,615.4,459.3,478.7,451.3,442.7,535.8,616.7,446.9,461.4,439.2
P12109_212_H6N2,156.8,68.5,118,86.3,272.1,150.4,151.7,135.5,138.5,140.7
P98095_507_H5N4F1,447.8,140.9,236.7,163.9,339.9,214.9,257.5,225.3,288.7,371.5
Q13586_171_H6N2,665.2,507.3,428,476.3,482.6,468.8,538,550.8,501.7,555.9
Q9NR99_2007_H5N4F1,30.8,6.9,14.5,19.5,38.2,28.7,17.1,15.3,30.8,20.4
Q14108_105_H8N7F3,513,234.8,406.8,493.2,287.4,386,351.9,399,489,351.7
P26006_265_H5N4A1,154.8,156.5,192.5,219.9,227.5,199.2,216.4,156.7,202.7,197.2
P16070_57_H5N4A1,749.9,519.2,559,884,1199.2,888.9,864.6,668.9,806.9,768.4
P11279_84_H6N5F1A1,128.4,187.4,83.4,137.1,166.2,149.2,140.2,157.4,121.7,149.6
P16278_464_H6N2,1087.9,783,504.5,708.8,1172.3,788.6,844.1,600.9,1093.7,1024.3
Q9NR99_2693_H6N3F1,721,368.2,316.9,350.3,587.9,511,425.3,364.5,588.4,507.6
P13473_356_H5N4A1,1276.1,772.1,1144.5,1522.8,2147.2,1681,1727.1,1351.2,841.4,1417.2
P16070_57_H6N5A3,998.6,948.9,1212.4,2216.7,1486.2,1791.3,1362.1,1250.7,1345.5,1269
Q9UP95_312_H8N2,174.2,185,140.8,159.6,204.6,184,189.3,165.8,173.9,171.7
P13473_356_H5N3F2,133.5,85.9,95.3,115.5,136.1,138.8,124.4,119.3,84.1,113.3
P11047_1439_H7N2,80.5,67.5,54,55,49.8,49.4,56.1,64.5,46.3,97.9
O75718_87_H8N2,188.4,130,123.5,139.1,181.4,156.3,159.9,142.5,148,174.2
P02751_528_H6N5F1,373.4,154.6,615.4,600.7,1901.1,918.9,699.6,635.3,568.1,912.3
Q9Y4L1_515_H4N4F3,315,170.3,133.7,171.5,176.9,177.4,225.7,167.4,163,257.6
P55290_382_H5N4A1,103.4,117.7,99.6,110.1,225.1,140.7,146.3,129.7,101,154.4
P08473_145_H5N4,372.1,514.1,452.6,554.8,406.8,514.9,464.7,486.4,429.3,462.3
P07602_101_H5N3A1,198.2,119.3,131,143.5,143.9,146.7,150.3,151.3,151.9,154.5
P26006_926_H6N5F2A1,29.4,29.3,34.7,54.1,51.4,59.3,37.5,39.7,30.4,37.2
P02790_187_H5N4F2A1,76.7,33.7,74.1,77.7,52.9,67.4,74.4,60.6,54.4,66.6
P11047_1241_H5N4F1,197.1,195.2,179.3,240.6,316.6,257,228.4,214.9,191.1,267.3
P11279_249_H5N5F1A2,62.7,16.7,95.9,91.5,38.4,78.3,70.9,85.7,43.5,35.1
P14625_217_H5N2,215.7,177.4,221.9,192.2,278.8,226.7,220.7,217.2,225.4,225.6
P02751_542_H6N4F1A1,72,55.3,56.7,80.1,174.1,110.5,86.8,68.9,81.6,102.7
Q86WC4_93_H8N2,86.1,83.2,68.6,81.7,89.2,90.5,88.9,78.3,77.8,85.1
Q9NR99_2693_H6N3,1173.6,1007.9,624.7,923.7,1549.5,1041.4,1082.4,706.7,1387.7,1213.8
P12110_327_H7N2,174.5,73.9,130.4,93.8,110.9,137.9,145.1,91.5,102.6,123.5
P13987_43_H4N3F1,1550.1,1050.7,1433.8,1266.5,1238,1474.7,1189,1329.4,1502.1,1235.6
P15144_42_H4N3F1,454,209.8,311.7,302.8,253.9,313,285.4,316.9,349.3,312.9
Q9HD45_174_H5N4F2A1,468.1,333.1,311.7,425.8,450,540.9,462.5,438.3,385,447.6
Q14108_105_H10N8F2,130.8,78.4,72.9,108.1,92.7,92.5,101,95.8,91.5,116.8
Q9UBG0_69_H5N4F1A1,321,665,205.2,223.9,434.8,407.2,469.2,360.7,295.7,373.8
P04216_42_H6N5F3,94.8,73.4,62.2,52.3,78.2,68.1,76,83.9,65.2,78.8
P06756_74_H7N2,186,174.6,160.8,154.8,258.9,205.3,208.8,197.4,189.4,163.3
P05362_267_H8N6F4,92.4,95.3,66.1,174.7,162.3,164.5,128.7,91.7,108.7,115.7
P12111_2079_H5N4F1A1,147.3,141.5,151.5,188.4,342,217.7,238.5,179.9,182.3,183.1
Q16585_211_H8N2,97.6,112.4,110.7,144,161.7,140.7,134.5,109.3,126.9,135.4
Q13586_171_H8N2,995.8,1694.8,1016.8,1369.9,1190.3,1216.5,1465.3,1256.5,1466.8,1067.3
Q99715_2679_H5N4F1A2,194.1,205.4,247.9,367.2,616.2,428.3,314.2,284.2,346.6,310.8
P08962_150_H8N7F3A1,67.8,48.2,51.9,74.5,75.6,73,67.1,69.4,67.7,51.2
P13987_43_H4N7F4,253,160.1,206,182.9,234.3,254.6,193.9,221.3,188.5,212.1
O75976_626_H5N3A1,138.8,135.7,120.5,118.7,111.5,137.8,129.3,144.5,122.5,111.7
Q08722_73_H8N2,268.7,318.2,208,294.7,423.5,320.2,315.3,258.2,304,365.3
P04216_79_H11N8F1A1,65.5,85.8,59.3,66.4,66,70.1,66,71.6,75.8,70.9
P05556_669_H6N5F1A1,701.3,411.5,572.9,817.7,679.6,722.3,676.3,645.6,564.1,762
P12111_2331_H8N2,201.5,100.5,67.5,46.2,101.6,129.5,126.9,76.2,85.4,117.5
Q14108_105_H9N8F1A2,289.5,207.1,185.2,211.6,272.5,266.1,286.9,331.1,229,296
P16112_333_H5N4F1A1,114.7,106.2,98.3,131.9,308.5,198.2,176.1,141.6,109,161.5
Q9Y4L1_515_H9N2,3412.6,2024.4,1173.1,1384.5,2100.7,2036.3,2521.6,1752,1656,2485.6
P04216_42_H6N5F3A2,80.8,69.5,68.9,86,84.4,91.7,76.8,84.8,81,69.1
Q16563_71_H8N4A1,210.9,236.7,181.6,249.6,447.4,347.9,263.7,197.3,299.6,264.7
Q08722_73_H7N2,135.2,139.2,107.4,142.7,135,138.3,145.5,125.6,128.4,145.1
Q5ZPR3_215/433_H6N5F1A2,140.8,138.7,151.6,176.6,172.1,198.7,159.8,160.6,149.4,139.2
P07996_248_H6N4,71.8,78.1,79.1,106.2,655.6,167.4,245.9,124.3,241.8,247.4
P05362_267_H7N6F1A2,174.7,244.3,114.3,289.8,454.3,355.3,219.6,174.8,347.4,227
Q96JB6_198_H5N4A1,28.7,19.1,28.4,23.6,201.7,152.2,42.6,30,29.5,58.3
Q16563_71_H9N6A1,140.4,105.5,84.4,124.5,139.3,143.2,148.7,108.2,91.3,124.6
P13987_43_H7N6F3A2,183.1,177.1,198.2,243.8,238.3,215,212.7,247.5,202.3,201.4
O15031_795_H5N4F3,220.3,142.9,158.7,167.5,245.4,205.1,194.5,176.1,195.7,197.9
Q13586_171_H7N2,220.1,298.2,229.9,301,325.1,265.2,313.2,281,307.6,258.3
P13473_101_H3N2,1169.3,680.7,832.2,1110.2,987.3,1048.9,1159,873.2,911.8,966
P12111_2558_H6N5F1,90.7,65.1,87.2,124.6,134.3,123.5,108.8,94.6,100.1,93.8
P12111_2558_H4N4F1,90.7,65.1,87.2,124.6,134.3,123.5,108.8,94.6,100.1,93.8
Q9GZX9_81_H5N6,51.3,32.1,42.6,48.8,49.1,46.6,48.2,46.4,50.4,40.8
P69849_218/218/218_H9N2,368.9,341,297.1,407,523.8,444.5,454.7,380.6,377.3,354.6
P02751_542_H5N4F1A2,259.3,226.4,236,267.1,1674.9,1209.5,439.2,410.1,359.5,347.8
P55290_382_H6N4A2,61.7,76.2,86.9,65.3,70.4,86.7,84.6,81.6,49.6,71.9
P09619_354_H7N6F3,135.4,102.1,103.4,105.7,117.7,124.9,108.6,106.3,118.4,127.9
P43121_418_H5N4A1,58.9,56.5,42.9,52.8,109.6,85.3,79.7,54.6,55.3,58.2
Q14108_105_H10N8F1A1,74.4,38,55.8,98.4,60.6,72.3,71.5,71.3,63.4,61.4
P55083_137_H5N4F1A1,756.3,391.9,411.2,1299.5,1316.2,612.3,718.7,650,581.7,1776.5
Q9UN71_543/545/541/545/541_H5N4F1A1,125.3,93.8,102.3,93.9,124.7,109,112.5,100.6,126.2,113
P07996_360_H4N4F3,71.4,62.1,54.8,63.6,97.3,82.2,68.5,67.9,68.5,75.9
P04216_79_H5N4F4A1,133.4,95,127.5,110.2,177.2,181.1,126.8,135.2,110.7,115
P11279_103_H4N2,637.1,348.6,564.9,515.8,536.6,573.3,564.8,593.7,451.5,522.9
P11117_133_H5N4F5,138.7,157,122.7,169.8,257.7,193.7,189.9,158.3,150.3,187.5
Q13563_305_H6N6F4,19,23.3,19.7,41.4,24,24.1,28.6,32.8,21.2,25.8
P35613_160_H6N5F3A2,110.1,121.8,99.6,131.8,210.6,174.6,147.4,116.2,123.8,138.9
P13987_43_H11N9F1,24.6,22.3,20.5,30.8,20.2,31.5,20.3,26.7,22.9,21.8
Q969V3_428_H6N2,208.1,186.5,141.6,187.9,242.4,217.2,228,180.2,178.3,202.1
P24821_1485_H7N6F1A1,65.8,41.5,68,76.5,192.1,109.1,109.2,81.5,73.9,88.3
P13987_43_H6N5F1A3,583.2,497.6,674.8,719.5,824,775.4,694.9,681.5,662.1,620.8
P13473_356_H5N4F2A1,208,137.7,169.1,258.6,242.4,237.7,246.9,227.2,139.7,206.8
P08648_773_H7N6F1A2,77.4,68.6,65,102.7,142.3,111.8,94.7,87.6,83.2,97.8
P69849_618/618/618_H6N2,214.3,160.8,146.9,196.8,243.7,213.2,238,170.8,193.3,187.8
Q07954_4364_H6N5F1A2,21.6,52.9,34.2,58.8,62.1,52.3,88.5,27.5,32.7,38.3
P15144_42_H3N4F2,5.4,10.7,4.8,10.7,6.1,11.8,10,7.2,5.9,4.4
P13473_356_H3N2,1558.2,674.4,704.9,743.8,1750.6,1170.9,1378,1226.6,644.4,1244.4
P02751_1007_H3N4F1,505.9,319.8,335.8,369.4,1050.9,642.7,480.2,474.9,406.7,688.4
Q13740_167_H5N4F1A1,395.4,578.4,526.4,528.9,470.6,680.5,723.8,663.1,555,453
P26006_265_H6N4F1,88.7,87.8,100.2,104.2,136.8,134.6,114.1,92.7,99.5,99.4
Q99985_585_H8N2,313.3,359.1,349.2,313.6,755.8,423.2,351.2,297.1,703.2,407.7
P11047_1223_H6N2,152.4,175.5,131.8,123.2,202.5,177.5,159,171.9,152.9,159
Q13308_283_H5N3F1A1,417,250,263.1,136,145.1,251.6,258.8,248.1,235.6,271.1
Q6EMK4_117_H4N3F1A1,543,370.2,445.5,309.3,365.3,392.5,420.5,502.4,330.8,477.8
Q14108_105_H8N7F1A4,181.5,108.9,133.7,231.6,211.5,240.2,218.7,222,171,176.7
Q08722_111_H5N4F1A1,106.8,81.1,80.1,63.1,128.8,104.8,91.4,88.7,99.1,96.7
P08962_130_H7N6F1A1,85.2,103.8,50.8,114.8,169.3,140.1,108.4,94.8,127.1,98.5
P13473_101_H6N5A3,35.8,29,21.4,26.5,25.5,26.7,30,34.6,23.9,29.3
P06756_615_H10N2,255.7,141,216.1,378.7,400.1,241.2,304.6,321.7,251.8,336.1
O15031_733_H5N4F1A2,176.2,141.7,203.8,204.2,217.1,189.1,180.9,174.3,160.6,281.4
Q07954_357_H3N3F1,227,77.9,172.5,107.1,46.7,112.5,152,169,108.7,118.3
P04216_79_H7N6F1A1,190.6,247.7,169.2,238.5,327.1,243.2,287.3,258.9,235,203.8
Q12797_452_H6N2,828.1,779.9,748,744.4,615,852.3,855.1,729.3,774.4,678.9
P15586_362_H9N2,171.2,248.2,201.7,242.2,423.9,303.2,283.8,277.5,227.8,255.6
P13987_43_H6N5A1,115.8,68.2,80.8,104.4,99.2,93.6,103.2,92.5,83.1,118.1
P05556_669_H5N4F1,2104.7,750.9,1793.2,1327.1,1147.5,1501.2,1852.9,1625.7,2168.9,1850.7
Q9Y639_229_H10N7F2,46,61.2,54.3,50.9,48.2,51.8,57,72.8,40.8,50.6
Q6UVK1_2075_H5N4F3A1,91.2,56.2,75.5,62.6,92.4,66.4,103.1,55,79.3,92.1
P17301_343_H5N4F2A1,123.1,111.7,121.1,234.1,123.8,166.2,160.2,156.2,129.8,135.7
Q9UBP4_204_H6N4F2,13.9,19.3,34.8,38,22.1,32.2,33.5,12.6,34,22
P13987_43_H6N5F3A3,307.1,194.8,374.4,317.9,489.4,390.3,362.1,336.7,335.3,341.5
Q12841_144_H8N2,396.5,208,273.7,185.7,353.7,309,321.3,280,259.6,317.4
P21589_333_H6N5F1,1010.9,364.1,473.1,798.7,746.1,767.8,728.8,938.2,547,578
Q07954_3839_H4N3F1,1550,645.4,1472,1202.5,876.5,1049.4,1355.8,1664.7,951.4,1011.7
Q14766_1366_H5N4F5,107.8,67.1,105.2,66,73,104,71.9,118.2,78.2,67.9
Q07954_4075_H6N3A1,262.7,198.2,143.9,150.2,190.9,212.2,237.1,184.4,152.9,207.1
P69849_218/218/218_H4N4F3,86.9,78.9,64.1,85.3,87.3,93.2,85.8,71.8,79.1,93
Q07954_3662_H6N4,891.4,289.9,587.4,356.9,301.1,389.3,624.9,539.6,535.3,460.6
P08962_130_H5N4F1A1,109.8,75.3,74,126.3,114.4,109,106.8,79.4,137.4,92.8
Q9HDC9_160_H3N3F1,343.6,438.6,260.8,488.5,329.9,416.1,379.4,359.2,466.1,336
Q14108_105_H9N8F5A1,22.3,12.2,15.6,17.8,37.3,23.6,30.9,20.6,12.4,23.1
Q13683_86_H5N4F1A1,56.1,61.9,62.6,85.7,87.9,69.8,67.6,79.7,63.8,91.5
O00478_115/115/115_H5N4F3A1,98.9,41.2,91.4,56.4,58.3,80,59.4,95,54.8,74.9
P48960_38_H5N4F1A2,219.5,314.4,158.3,206.9,480.2,333.3,308.9,244.5,265.8,298.3
P04216_42_H5N4F1,123,145.9,100.6,98.9,108,122.3,110,122.4,155.3,96.3
O95297_50_H5N4F1A2,77.5,56.1,48.4,51.4,42.2,73.5,56.2,60.3,37.9,62
P08648_182_H3N3F1,153.9,138.2,152.3,152.7,235.7,197.3,191.5,152.1,149.7,185.5
O14672_439_H9N2,850.6,694.9,720.4,1015.8,1040.7,976.5,910.5,876.7,911.3,872.6
Q02809_197_H5N2,146.7,116.4,159,117.6,230.8,174.3,167.6,182.7,137,149.1
P11279_84_H5N3A1,703.8,389.3,458.1,729.5,1062.8,759.2,792.9,508.2,699,759.2
P13987_43_H8N6F4A1,168,124.2,159.7,177.6,247.2,210.8,173.5,190.7,169.1,179
P07996_360_H4N3,163.5,94.6,137.4,162.1,732.4,283.8,315.7,197.6,242.7,318.7
P09486_116_H5N4,46.8,31.8,49,36.3,146,71,81.8,44.5,38.9,90.3
P13987_43_H5N4F3,649.3,498.6,556.4,631.1,778.4,724.4,639.8,636,633.7,648.2
P13612_79_H5N3F1A1,80.9,80.8,99.7,85.3,83.4,90.5,102.3,87.8,84.2,88.8
P10619_333_H5N2,113.1,112.4,90.7,112.4,168.3,144.4,125.8,106.2,128,125.2
P12109_537_H5N4F1A1,285.8,65.3,128.2,59.4,144.4,154.6,156.7,138,86.9,184.5
Q07954_3839_H6N3F1A1,244.4,228.2,147.3,176.2,266.8,233.6,239.1,190.5,244.6,213.8
O15031_733_H5N4F3,280.6,198,255.9,227.8,274.3,252,244.5,237.9,241.2,329.4
P48960_108/111_H5N4F1A1,78.1,238.6,31.1,57.2,246.5,157.4,187.3,86.6,48.8,208
P13473_101_H6N5A2,274.3,272.8,220.8,256.7,287.6,275,306.2,310.7,239.7,254.4
P13987_43_H7N5F3,237.5,131.1,169.2,203.9,215.3,218,195.2,208.8,189.5,200.1
Q13308_567_H6N4A1,42.4,51.5,46.9,51.4,110.2,79.4,68.4,51,66.3,54.6
P04216_79_H4N3F1A1,782.1,1202,524,574.6,1090.5,985.8,849.7,817.4,1042.5,847.1
P13473_356_H6N4F2,195,87.6,148.1,176.5,199.1,203,178.8,198.6,136.2,136
P05556_481_H9N2,15.2,18.5,11.7,22.3,8.8,30.6,19.5,17.8,6,7
Q07954_2472_H5N4,452.4,236.3,325.2,309.7,334.2,381.7,414.5,375.6,376,357
P13987_43_H9N6F3,50.5,47.5,46.4,62,64.9,63.1,64.8,53.7,54.4,51.1
P12110_785_H5N4F2A1,162.3,143.4,209.1,657.2,301.8,364.5,399.5,252.8,280.2,262.7
Q13308_405_H5N4F1A1,1091.9,775.1,817.5,637.4,1023.2,1161.8,994,770,835.6,987.5
Q6YHK3_118_H6N4F1,377.6,166.7,365.1,284,310.3,329.7,400.4,267.3,272.8,321.7
Q9UBG0_492_H6N5F3A1,187.7,192.1,175.9,189.9,158.9,212.6,164.3,221.9,178.2,180.8
Q14112_703_H5N4F1,27.1,9.2,12.1,10.1,138,43.3,52.6,25.9,15.6,70.7
P02751_1007_H7N4F1,524.7,356.4,476.3,622.4,1444.7,958.2,711.4,661,597.2,701.4
Q13740_480_H5N4F1A1,237.3,417.2,271.7,305.2,417.5,423.6,390.3,338.9,312.3,282.8
Q13308_283_H4N3F1A1,291.7,143.3,259.7,147.4,163.5,218.1,200.7,226.2,189.2,232.3
Q14517_3422_H5N4,298.2,343.9,286.1,345.8,472.6,408,422.7,325.3,361.2,335.6
P06756_74_H5N4F1A1,1168.8,601.5,922.6,894.4,740,963.8,937.3,1054.5,700.7,935
P04216_79_H8N6F2A1,148.1,95.4,122.8,137.6,138.6,127.7,153.8,161.4,124.9,113.9
Q14108_105_H9N8F1A1,113.8,54.2,51.9,76.8,61.4,72.1,82.5,69.3,66.7,89.4
P10253_470_H7N2,1095.3,899,584.9,799.9,778.9,929.8,405.2,709.6,1227.8,1140.3
P05556_520_H9N2,441.1,455,346.6,579.7,454.6,819.3,585.8,530.3,265.3,264.2
P55268_1348_H6N2,165.5,130.3,137.3,108.4,206.1,181.6,170.1,147.5,155.3,139.4
P05362_267_H9N6F5A1,42.2,47.4,33.4,72,58.5,78.7,58.2,45.9,45.8,40.6
Q96AY3_393_H8N2,664.8,436.1,210.3,124.5,258.5,257.7,305,244.9,573.2,418.6
P08648_868_H6N7F4A3,176.5,148.2,159.8,210.6,299.2,239.4,221.6,193.4,182.7,219.2
Q5ZPR3_104/322_H4N3,238.9,297.5,293.2,322.4,311.5,360.4,336.4,301.5,246.9,309.7
O75718_87_H7N2,134,104.1,133.6,94.2,315.5,237.8,141.4,138.7,148.9,163.5
Q76M96_667_H5N4F1,584.9,400.6,644.5,580.4,1316,637.1,688.7,642.3,988.6,790.9
Q16563_71_H9N4F1,62.6,41.9,36.4,53.8,59.7,68.4,60.1,40.2,45.4,56.4
P01033_101_H5N4F1A2,108.7,123.5,136.4,160.7,494.7,256.8,231.1,204.5,180.3,216.3
Q6PIU2_287_H6N2,297.5,356.9,315.3,399.4,377.8,397.5,422.4,328.5,343.5,366.6
Q07954_4364_H5N4F2A1,16.6,67.4,19.5,33.4,340.5,208.4,168.5,41.4,23.3,66.4
P21589_53_H4N2,18.9,35,16.6,32.9,66.2,37.6,39.8,43.3,16.8,43
Q4KMQ2_493_H6N5F1A2,141.8,66.2,88.3,76.8,157.2,136.7,112.5,107.6,100.4,107.3
P06756_74_H6N5F1,179.1,151.1,154.3,267.1,273.9,249.3,232.9,205.8,224.7,179
P26006_926_H6N5A1,59.5,67.8,114.6,130.2,111.2,115.8,103,96.1,104.5,95.2
Q92896_786_H5N4A3,243.6,417.2,203.5,231,261.2,357.2,271.9,341.5,224,250
P11047_650_H7N2,346.3,349.4,341,490.1,642.4,554.6,474.2,421.8,370.2,489.9
Q10588_66_H5N4F1A1,507.7,181.6,508,637.2,860.2,696.1,458.1,602.2,401.5,713
O60637_127_H5N4F1,111.3,13.1,63,35.6,32.4,42.8,47.1,71.9,59.6,50.7
Q9Y6C2_766_H5N4A1,790.4,435.3,518.2,695.5,1410.9,994.1,837.2,694.3,695.4,881.5
Q9Y639_197_H5N4F1,104.2,101.5,116.4,105.2,76.3,107.4,123,130,81.3,94.9
P04216_79_H7N5F2A2,188,148,202.3,194.5,203.5,215.5,200.1,226.1,192.9,163.1
P55290_530_H5N4F3A1,136.3,126,172.5,129.3,257.7,181.9,214.2,157.3,113.3,209.1
O15031_127_H5N4F1A1,277.2,233,204.7,210.7,252,238.6,263.2,231.8,243.1,278.4
P12111_2558_H3N3F1,352.9,226.2,297.1,196.2,440.7,414.4,325.4,228.4,331.8,312.9
P16070_57_H6N5A2,206.2,151.9,183.3,352.1,300.5,301.4,254.9,208.3,265,243.5
P12821_695_H5N4F1A1,161.1,61,91.1,124.5,96.3,95.6,129.4,139.5,97.5,107.4
P08962_172_H10N7F3A1,51.7,42.3,53.1,69.8,67.8,72.9,58.9,59.5,59.6,52.7
O15460_115_H4N4F3,108.2,73.2,69.9,79.2,80.5,83.4,89.1,77,96.4,92.5
Q5KU26_386_H5N4F1A1,249.3,164.1,190.6,134,145.2,181.6,214.3,192.4,127.5,226.4
Q13308_116_H6N5F1A1,477.7,234.3,296.3,254.5,379.3,345.4,387.2,292,343.4,383.9
P21589_333_H4N3F1,2575.6,480.2,1166.6,1426.6,1394.4,1787,1095.7,2333.4,862,1437.7
P55899_125_H5N4F1,181.9,65.1,171.9,153,97.8,146.4,125.8,156.3,157.4,128.8
Q07954_1645_H9N2,198.2,181,174.5,187.5,196.3,221.8,188.4,216.1,169.6,204.9
P13473_356_H5N4F3,178.1,92.6,140.7,149.9,225.2,178.9,200.3,180.8,136.9,143.1
O60637_167_H5N3F1,106.5,62.4,97.2,75.7,202,131.5,109.1,118,114.9,107.4
P12110_785_H7N2,829.7,427.1,507.8,454,375.2,562.9,702.3,532.1,487.2,486.7
Q07954_4364_H5N4F1,913.3,184,552.2,309,156.1,271.2,557.8,485.3,555.2,390.3
P04216_42_H5N4F5,97.7,77.3,76.2,78.8,84.3,89.5,81.7,98.3,95,78.4
P05556_212_H5N4F1A1,1156.4,1036.7,847,813.6,3044.6,1873.3,1853.4,1353.3,1172.3,1490.7
P12111_2079_H6N2,287.3,104.4,123.1,91,171.8,157.8,193.6,140.2,155.2,185
Q07954_4075_H5N2,1220.8,551.4,476.4,545.2,773.2,847.7,962.5,684.6,683,902.6
Q14112_703_H5N4F1A1,105,57.5,59.6,55.1,263.9,132.1,112.5,98,80.1,156.3
Q12884_314_H5N4A2,238.8,163.1,168.4,218.6,281.8,266.4,227,197.9,201.7,252.7
P13473_275_H6N5,743.4,347.4,431.8,783.1,936.2,949.4,601.6,704.2,469.6,744.3
P15144_42_H7N5,21.5,14.2,19.5,29.1,20.4,20.3,27.2,23.1,16.8,24.7
O95297_50_H6N5F1A2,36.4,30,34.8,29,33.6,38,38.5,37.8,24.7,36.4
Q9NR99_1910_H5N4F1,291.3,139.4,210.1,211.7,330.1,250.1,219.8,236.6,296.3,263.8
P13611_330_H5N4F1A1,126.7,92.8,124.2,115.5,338.1,211,194,127.4,171.1,150.7
P17301_343_H5N4F4,111,133.4,155.5,392.4,96.8,236.1,204.5,230.1,164.9,117
P26006_86_H5N4F1,435.2,296.8,435.2,347.8,840.2,476.5,594,361.5,596.5,495.3
Q6YHK3_68_H5N4F1A2,876.3,222.4,707.3,281.4,316.1,522.9,621.3,625.1,439.4,617.9
Q07954_3839_H6N4F2,309.5,176.9,298.2,273.7,280.4,270.1,330.4,368,218.2,248.2
Q70UQ0_328_H9N2,171.1,99.5,125.4,148.3,271.3,199.3,176.9,150.3,148.7,199.1
Q9NR99_2500_H4N2,255.9,123.3,153.1,146.6,328.4,236.4,217.5,181.8,190.9,253.2
O75882_300_H9N2,92.8,89.7,82.8,83.4,91.9,108.7,68.9,89.5,106.2,99.2
Q14956_93_H4N4F3,217.6,259.3,171.9,312.8,265.9,273.2,289.3,250.5,237.2,266.4
P11279_249_H5N5F1A1,78,53.5,75.3,99.9,78.7,126.1,100,140.7,51.9,74.7
Q14108_105_H7N6F1A4,414.8,190.1,334.5,393.2,287.9,429,398.3,453.5,326.1,322.1
P98095_507_H5N4F1A1,350.9,115.5,169.9,131.5,139.1,150.7,164.8,201,183.8,273
Q07954_3662_H5N4F1,1358.2,428.5,932.3,494.6,341.8,611.9,932.6,807.3,790.5,674.6
Q07954_3048_H9N2,378.9,322.7,309.4,295.5,429.5,396.8,382.7,378.4,346.7,359.9
Q99715_2679_H6N2,528.4,236.5,286.9,180.4,290.9,259.8,287.4,268.9,553.5,266.3
Q9NR99_2203_H7N2,1882.9,780,603.3,694.7,3513.4,1779.2,1095.3,806.1,2445.5,1903.7
P35556_2120/2033_H5N4F1,701.3,160.4,549,203.4,390.9,279.7,395.4,793.3,354.5,331.2
P07602_101_H5N4F1A1,152.2,131,95,97.9,204.3,167.6,142.9,146.4,120.1,154
P43251_349_H6N2,252.1,166.6,168.6,156.9,252.2,165.3,208.3,286.8,200.6,209.6
Q9P232_468_H5N4F1A1,175.2,75.6,152.2,110.2,221.4,210.7,174.9,141.1,127.3,135.4
Q9Y6C2_561_H7N6F1,53.3,47.8,45.2,52.3,106.2,74.8,65,49.6,71.4,66.8
Q9Y6C2_766_H9N2,204.8,156.6,137.1,121.7,217.8,214.5,181.2,165.6,167.8,171.7
Q14108_105_H8N6F2A3,47.8,21.2,39.1,49.3,26.3,45.3,40.8,45.9,33.8,31.7
Q9Y4L1_515_H5N2,394,359.4,327.8,385,587.8,450.1,494.9,430.5,400.3,432.9
P11279_103_H5N2,1268.4,564.9,793.9,928.6,1146.3,1153.2,1240.8,1018.1,684,960.7
Q9BXX0_587_H5N4F1A1,223.1,58.9,157,77.2,121.2,116.6,72.9,262.4,120.7,113
P08962_172_H9N7F4A1,42.5,27.4,41.6,64.9,42.5,56,45.3,46,45.3,42.9
Q9UH99_636_H6N2,516.6,683,461.2,505.6,1879.9,815,1024.3,702.4,842.7,970.5
P22413_285_H5N4F1A1,298.1,220.2,463.9,196.1,195,277.5,267.9,273.6,278.2,381.4
Q96KA5_91_H8N2,487.2,510.6,398.7,440.4,761.6,692.2,603.9,433,545,523.9
O75718_87_H9N2,638.3,377.8,280.9,272.2,687,542.8,508.4,379.5,429.1,569.7
P15144_42_H4N3F1A1,153.8,72.7,100.8,117.2,146.2,116.5,124.2,117.3,150.2,127.9
P05997_1400_H7N2,299.6,189.9,175.6,222.1,559.5,300.8,283.1,193.8,436.8,344.3
P16070_57_H5N7F1,313.2,222.2,241.5,288,346,349.8,280.8,281.8,257.2,351.6
P05362_267_H6N5F3A2,43.2,42.9,33.9,82.2,84.2,87.9,61.2,50,54.5,55.3
P55290_671_H5N4F2,56.7,55.5,88.3,80.7,89.1,78.8,94.8,80.8,61.9,83.1
P04156_197_H7N6F1A4,167.3,92.2,230.6,190.2,121,136,171.7,169.8,171.2,215.7
P16070_57_H7N5F3A1,151.3,148.8,187.3,267.1,244.2,276.4,201.4,205.4,200.2,194
Q07954_446_H5N4A1,283.7,177.3,240.7,200.4,368.9,317.4,327.4,259.7,273.1,298.2
P55290_86_H5N7F5A1,144.6,154.1,185.7,188.5,406,269.9,296.7,174.8,173.4,249.2
P04156_197_H6N5F2A2,340.6,150.7,244.4,183.4,342.8,282.4,233.8,288.8,288.2,268.5
P12110_140_H5N4,627.4,425.9,533.8,583.6,1153,956,776.9,485.4,781.7,587.6
P13473_101_H4N3F2,225.8,129.5,174.6,217.9,264.2,246.9,247.6,144.4,201,252.5
P13987_43_H8N6A1,44.8,31.6,40.3,61.8,57.7,54.2,53.5,50.7,46.4,50.2
Q92629_108_H5N3A1,900.6,454,722.1,725.8,637.2,745.2,877.2,743.8,648.2,699.6
P02751_1007_H12N2,115.3,81,101.5,113.3,789.8,187.4,187.7,129.7,400.6,391.4
P13987_43_H4N7,139.9,95.8,141.9,120.7,132,139.1,117.8,130.1,156.6,137.1
Q9HD45_174_H5N3F3,79.4,60.2,58,94.5,82.6,88.9,92,75.4,68.2,80.2
P54289_824_H8N2,327.9,284.8,456.1,345.6,470.7,385.6,446.4,313.6,324.6,566.5
P13473_275_H5N4F3A3,67.7,45.5,87,97.7,49.8,105.3,77.9,97.1,35.3,60.1
O75629_160_H7N2,412,224.2,203.5,190.2,421.7,288.5,285.3,280.1,265.2,449.6
P35555_1581_H7N5F2A1,46,29.4,48.4,50.7,50.7,42.8,39.5,56.1,49.6,55.4
Q13433_241_H9N2,41.8,41.1,35.6,36.3,37.2,57.5,42.3,29.7,36.5,41.6
P22413_731_H5N4F1A1,196.7,522.7,837.8,344.1,374.6,549.7,442.8,338.8,557.1,572.5
P08962_172_H7N6F6A3,158.7,121.2,138,282.4,164.2,232.4,185.1,189,182.4,146.7
P13987_43_H4N7F2A1,153.9,128.4,140.9,128.3,171.9,183,157.5,157.9,135,149.5
Q9NYU1_286_H6N2,228,124.2,138.1,153.5,338.2,220.2,208.5,177.7,209.3,247.9
Q9Y6C2_766_H6N5F1A2,219.9,128.6,128.3,188.1,201.9,225,147.4,271.3,136.2,159.1
P16070_57_H9N6F3A2,11.4,16.1,16.9,28.7,22.8,28.4,20.6,19.3,21.5,14.1
Q9UHN6_1092_H5N4F1A1,51.4,48.4,49,46.7,51,66.5,54.6,47.2,40.9,57.9
Q9NR99_2415_H5N4F1,438.6,136.3,205.7,174.8,607.9,369.6,254.5,206.5,485.5,378.1
P98160_89_H5N4A1,933.5,520.4,640.2,803.5,2097.9,1427,980.4,890.6,885.4,1232.2
Q12884_314_H5N4A1,119.4,84.1,110.5,121.6,152.7,153,131.8,119.3,116.7,117
Q07954_3264_H5N4F1,245.7,73.9,175.8,104.7,102.8,116,217,135.1,119.2,175.1
P07093_118_H6N4F2A1,279.7,192.1,276.9,291.3,381.5,235.8,285.2,283.1,325.9,412.8
P21589_403_H6N5F3A1,27.1,24.7,28.1,52.1,35.4,32.7,40.5,42.7,27.8,38
P04216_79_H6N5F1,571.8,547.6,425.4,525.1,532,502.9,657.3,696.2,584.8,631.2
P11047_1107_H5N4,200.3,117.6,148.1,129.3,399.2,215.8,221.3,176.8,174.5,291.3
P13473_356_H5N4F1A1,681.1,424.5,488.1,499,580.5,699.6,631.1,648.4,401.8,522.1
Q07954_2905_H5N4F1A1,254.7,222,218.5,240.6,347,322.3,294.3,268.5,238.3,269.9
P35555_1902_H7N5F2,67.4,26.6,104.8,54.1,131.8,45.5,59.2,85.1,121.5,106.6
Q9UBG0_69_H5N4F1A2,64.5,51.9,52.9,66.3,75.8,73.2,89.7,57.5,62.3,55.8
P04216_79_H4N4F1,1090.8,1259.7,796.5,889.7,1173.6,1147.8,1223.8,1232.2,1102.9,976.8
Q07954_357_H4N3F1,644.2,206.7,488.2,275.2,134.5,346.1,426.9,518.3,314,297.7
Q07954_2127_H5N4F1A2,115.9,68.8,86.5,71.4,85.6,79.4,119.1,93.9,66,107.6
P02751_528_H5N4F2A1,93.7,91.5,93.7,115,222.3,196.4,122.9,118.1,104.2,129
Q8IZ52_138_H8N2,93,85.2,78.6,102.7,154,108.4,122.2,101.9,102.1,124.3
Q16363_215_H5N4A1,40.4,38.1,41.5,46.3,156.3,97.2,78.8,48.2,45.7,81.3
Q9HD45_174_H6N4F1A1,309.6,297.5,235.6,255.2,285.4,336.7,321.7,268.3,292.6,287
Q9Y4L1_931_H6N2,1409.7,868.5,609.6,636.6,1271.9,1082.4,1259.2,811.3,907.8,1163.6
P21589_53_H6N5F1,102.5,26.9,70.3,65.6,31.1,36.6,79.3,126,33.9,47.1
P06756_74_H3N3F1,437.6,241.2,412.3,404.9,485.1,499.9,461.2,506.3,302.8,388.2
Q07954_3788_H6N5F1A1,159.5,122.6,166.7,258.7,231,188.2,235.3,235,162,202.5
P42892_210_H5N4A2,390.3,282.5,322.2,225.4,265.7,353.5,338,354,223,351.7
Q9HD45_174_H4N3A1,440.1,387.9,327.9,380.3,445.2,483.9,446.3,371.3,416.5,442.4
P13987_43_H4N3F1A1,1469.1,961,1421.5,1085.6,1268.7,1459.3,1190.7,1411.3,1439.2,1266.7
Q13740_361_H5N4F1,275.3,293.2,259.8,287.7,325.5,316.6,367.4,283.4,346.6,258.1
P21589_333_H6N4F2,266.9,105.4,189.6,187.2,190.1,227.1,180.4,280.5,136.8,199.8
Q07954_3788_H5N4F1A2,180.2,243,179.1,269.9,566,385.1,358,270.1,280.2,276
P12110_140_H4N3,291.1,166.6,257.4,285.2,630.9,463.2,385.7,250.1,383.3,297.9
P21589_53_H4N3F1A1,173.9,61.6,170,141.2,62.4,96.8,111.7,267.4,52.9,136
P55290_530_H5N4F1A1,43.1,36.2,36.7,38.8,56.2,44.5,53.5,38.5,35.1,58.7
P05556_481_H5N4F3A3,32.4,63.1,57.4,97.3,97.6,76,65.7,67.2,81.6,89.3
P11279_103_H6N3,482.1,259.5,345.6,345.8,406.7,463.9,451.4,471.3,278.1,344.9
P13987_43_H5N4F2A2,107.3,72.6,98.8,113.3,97.2,123.4,102.9,98.5,95.8,113.8
Q9UBP4_204_H10N2,43.7,135.4,143.3,249.2,87.3,155.3,218.3,47.4,225.1,73.9
P07996_360_H5N4F3A1,174.2,162.6,183.3,341.1,392.4,289.3,274.9,243.4,285.1,284.9
P35613_160_H8N7F5A1,116.5,102.8,125.4,149,132.4,153.6,127.3,128.1,144.9,130.5
Q8N6G6_702_H5N4F1,196.8,88.4,145.4,161.4,275.4,212.6,172.1,206.4,169.7,187.4
P11279_84_H8N6F4A2,64.8,76.3,80,72.2,59,81.1,67.7,109.2,71.1,56.1
Q9P232_468_H5N4F1A2,129.9,65.7,108.6,118.8,219.5,175.9,143.8,141,108.6,133.5
P16070_57_H5N4A2,933.2,849.1,826.5,1244.3,1878.1,1464.8,1425.9,996.9,1125.5,1257.2
P42702_680_H5N4F1,217.4,136.6,209.7,190.5,351.8,297.1,243.3,227.2,184.2,258.3
Q9NR99_2693_H5N2,316.6,162.2,138,145.9,576,277.9,234.2,178.6,403.9,371.5
Q5KU26_271_H5N4F1,236.3,152.7,175.9,145.2,215.5,230.5,193.5,189,145.6,255.1
P54753_445_H5N4F1,302.8,154.6,181.9,147.3,268.5,230.3,229,214.4,263,219.3
Q9Y2G5_189_H6N2,95.6,93.3,93.3,93.5,141.9,128.4,123.6,98.2,101.3,115.6
P21589_333_H4N3F1A1,652.4,222,417.1,554.8,434.8,542.3,450.3,692.2,316,498.7
P26006_926_H5N4,272.6,185,229.9,251.7,365.8,280.3,310.9,250.7,284,304.7
Q9Y639_229_H7N2,445.6,349.9,302.8,221.1,396.2,407.4,359.9,303.8,371.1,438.6
P08473_145_H6N4F1A1,105.1,151.3,95.6,159,115.1,151.4,143.7,145.8,114.7,130.9
P56199_418_H6N2,505.7,398.1,869.7,662.8,517,447.3,754.1,662.4,595.1,779.6
P13987_43_H6N4F1A1,255,288.6,184.5,219,399.2,349.2,303.7,271.7,282.5,269.4
P20908_176_H5N4F2A1,49.8,44.9,117.1,92.3,118.4,114.6,83.2,76.6,110.4,78.6
P13987_43_H5N4F3A1,244.3,177.4,250.8,232,282.1,292.2,253.6,266.2,256,234.5
Q9UN71_543/545/541/545/541_H5N4F1A2,142.4,126.5,109.2,120.5,109.3,131.1,129.1,145.4,125.6,136.1
P26006_969_H5N4F1,152.7,91.4,151.6,128.2,151.5,162.7,170.6,138.1,110.5,159.5
P16278_464_H5N4F1A2,511.6,593,424.2,508.4,519.6,569.3,516.7,546.6,646.4,527.7
Q76M96_835_H5N4F1,124.4,106.7,118.6,177,168.4,137.4,161.3,131.2,183.9,149.3
P15144_234_H6N5A2,572.8,289.1,449.8,378,502.6,531.3,495.3,496,449.6,435.8
Q5ZPR3_215/433_H5N4F1A1,292.5,197.2,221,263.6,366.7,418.1,323.7,237.5,227.8,266
Q92626_640_H5N4F1,39.1,7.2,25,11.9,87.3,29.9,50,31.9,37.9,37.6
P26006_926_H6N5F2,88.7,105.2,146.1,182.3,212.2,190.7,158.2,138.9,158.7,160.6
P02452_1365_H6N2,69.3,53,68.3,54.7,85.4,69.5,75.4,68.8,69.2,80.6
P13726_156_H6N5A2,87.2,70.9,109.9,159,131.5,107.6,161.7,93.7,137.9,113
Q13308_405_H6N5F1A1,734.8,326.3,421.8,363.9,531.9,537.2,559.6,442.1,476.2,600.1
P13473_58_H4N3F1A1,918.8,369.1,651.2,865.9,840.2,943,959.5,695.6,743.8,665.9
Q68CQ7_257_H5N4F1A2,156.7,86.3,129.5,168.8,364,259.2,217.9,166.2,176.2,176
Q9Y6C2_766_H5N4F1A1,2753.7,1108.5,1444.9,1349.5,2832.7,2171,2110.6,2158.8,1735,2263.5
P24821_38_H5N4F3,89.2,98.7,65.5,83.2,273.9,191.5,138.2,102.5,107.3,132.1
Q9Y4L1_931_H4N2,223.3,150.4,90.3,96.7,186,169.7,197.4,129.8,137.3,187.3
P12110_140_H5N4A2,600.8,562.7,681.3,759.2,1396.8,1524.3,1027.7,691.2,830.7,714.6
P06756_74_H4N3,93.5,76.8,81.3,154.6,344.7,193.9,203.9,119.1,126,184
P16278_464_H5N4F3A1,232,243,184.6,218.1,252.3,265.2,235.9,244.1,268.6,231.5
P26006_926_H5N4F2,91,110.8,93.2,107,150.6,110.4,136.3,121.1,102.3,138.9
P02751_528_H5N4F1A2,95.6,65.9,93.3,133.2,338.9,236.1,168.2,137.8,125.5,133.6
P35555_448_H8N2,271.2,212.7,218.6,209.3,307.9,271.8,270.7,266.7,297.3,238
P13987_43_H7N5F2A3,80.9,62.8,111.4,100.7,109.3,123.2,99.3,89.5,104.4,96.3
Q12797_12_H10N2,9.8,13,29.2,27.5,12.3,32.9,21,17.1,16.7,13.5
P13987_43_H7N4F1A1,477,389.4,547.8,397,421.9,539.6,406.4,545.7,491.5,479.7
P02751_1007_H7N5F2,285.5,275.8,340.2,492,602.7,501.5,456.5,455.4,377.8,410.9
P20908_176_H7N2,566.6,299.7,285,226.6,446.1,429.4,386.9,339.8,412.4,445.3
P78536_539_H5N4A1,223.9,196.2,188.5,245,187.9,293.7,220.3,233.4,201.4,232.9
P07996_248_H8N2,563.1,676.7,329.5,446.4,1056.8,837.6,982.9,648.4,1289.3,896.6
Q13740_480_H6N3,672,584,595.5,590.6,1175,806.2,1044.3,705.6,599.4,838.8
P13473_275_H6N5A2,499.4,374.7,428.7,491.6,850.3,723,652.9,572.3,400.7,571.9
Q07954_3048_H6N5F1A1,514.6,297.7,484.7,453.5,269.5,377.6,466.2,470.4,478.8,437.9
P11279_103_H5N3,385.1,198.6,302.4,247.4,254.3,328.9,359.8,357.6,202.9,283.6
Q8TF66_369_H5N4F2,114.2,104.7,105,105.3,153.7,139.7,140.6,107.3,120.1,136.4
Q9UBG0_492_H5N4F1A2,521.6,448.2,388.6,477.7,552.2,541.3,617.3,566.9,520.6,554
Q9UH99_636_H7N2,120.8,130.7,86.9,93.1,171,131.8,151.5,117.3,119.6,146.4
P25445_118_H5N4F3,58,41.7,46,56.2,82.5,61.7,58.2,62.1,66.1,66.6
P55083_137_H5N4F1,792.5,152.9,259.9,227,1226.8,397.8,424,392.6,401.6,1327.2
Q16563_71_H6N3F1,347.1,493.7,382.4,386.2,497.3,605.9,446.9,375.1,460.3,444.5
P06756_74_H4N3F1,578.9,286,563.1,522.8,696.3,642.9,642.7,703.1,434.9,507.7
P02751_528_H5N5F1,76.7,59.9,65.4,79.8,104.6,97.5,74.4,80.7,62.6,112.7
P11279_261_H5N3F1,281.4,224.4,174.1,179.5,292.1,243.7,301.3,220.8,265.1,244.3
Q13308_567_H6N4F2,211.6,123,192.6,164.8,321.4,245.4,244.7,189.6,211.6,231
P07996_360_H3N4F1,203.8,185.9,281.7,244.5,776,312.2,364.5,310.1,459.2,427.9
Q13308_116_H4N3F1,594.4,232.7,427.6,243.9,505,499.7,451.8,335.6,513.4,419.4
Q9Y6C2_766_H6N5F1A1,204.9,127.4,115.1,173.4,225,250.1,165.4,194.3,149.6,178.2
P04216_79_H11N7F2A1,71.1,50,55.1,97.9,73,85.3,86.6,84.8,67.8,60.4
Q07954_2127_H4N3F1,477.8,152.6,327.2,164.8,227.2,230.3,403.5,271.7,250.9,340.2
P13473_49_H5N4A1,179.8,135.4,145.7,163.9,244.1,194.9,221.8,204.2,155.8,187
Q07954_4278_H5N4F2A1,22.8,16.9,20.1,61.5,33.5,39.9,38.2,35.8,28.8,29
Q6YHK3_1086_H8N2,61.8,64.4,43.2,63.2,45.6,60.7,64.3,51,74.7,57.9
O15031_528_H4N3A1,58.2,54.2,46.8,56.3,51.6,64.8,66.8,61.4,53.6,49.7
Q9HDC9_160_H5N2F1,189.1,182.3,149.7,149.3,181.1,197.3,179.8,180.2,215.7,172.2
P35555_448_H5N4F1,357.7,123.2,277.7,160.2,386.5,156.2,219.6,262.4,401.7,409.1
Q70UQ0_328_H8N2,160,143.1,127.7,151.5,195.4,190.3,182,139.9,173.4,177.8
P69849_218/218/218_H8N2,315.8,283.6,254.1,295,391.5,341.3,357.2,314.8,363.5,333.1
Q14108_105_H10N8F4,105.1,71.3,67.3,89.7,101,101.2,95.5,104,84.4,97.4
P11279_322_H10N2,236,91.4,63,103.1,103.7,113.8,169.4,95.3,97.1,188
Q9Y4L1_515_H4N2,771.6,667.3,519.7,465.9,1190.7,936.5,796.9,566.8,781.2,936.2
O15118_70_H4N3F1A1,87.1,61.2,72.2,74.3,98.6,94.9,83,79.1,86,94.3
P07996_360_H4N3F1A1,425.4,280.1,301.2,369,616,543.3,496,407.5,409,527.7
P08648_182_H4N3F1,215.7,187.1,210,210.3,300,296.1,264,225.7,225.4,238.4
Q07954_1511_H5N4F1A1,266,120.4,177,139,303.5,232.3,225.7,193.7,186.5,281
P26006_265_H5N4A2,195.1,187,237,262.5,217.5,244,257.8,219.4,248.6,253.1
P02751_1007_H7N4F3,157.8,109.7,146.9,288.2,402.7,327.1,255.5,242,191.8,213.8
O75718_87_H4N4F3,585.4,372.2,364.6,428,635.4,538.7,536.5,452.8,561.8,565.6
P28300_81_H6N5F1,24.3,21.7,35,38.6,23,28.9,27.3,34.9,36.2,31.5
O15031_528_H5N4A2,840.8,742,810.2,748.6,598,817.8,941.5,1002.2,863,751.5
O95980_297_H6N5F1A1,20.3,7.6,20.5,7.3,8.3,11.1,16.1,18.5,10.7,14.9
P11279_322_H8N2,259.6,112.5,81.2,137,117.7,136.2,186.1,126.1,118.4,222
P11117_133_H4N3F1A1,297.2,142.1,176,197.5,195.7,222.3,218.6,201.6,248.5,232.7
P06756_74_H6N3F1,431.7,471.5,216.5,242.7,578,490.2,443.7,289.5,471.2,467.6
P13473_58_H6N5F3A1,80.9,35.3,45.8,66.1,66.2,49.3,87.9,68.1,60.8,61.9
P13473_101_H4N3A1,477.8,213.5,322.3,353.4,389.2,434.8,500.6,286.6,327.9,407.7
P35613_160_H6N5F1A2,97.3,66.5,77.5,72.4,107.7,112.1,77.5,87,104.8,88.4
P12111_2558_H5N4F1,719,485.8,709.8,605.6,1278,1246,909.9,546.9,874.7,657.6
Q14108_105_H8N6F4A2,393.4,201.4,318.1,515.5,261.6,433.6,375.2,431.3,319.8,326
Q9UBG0_140_H5N4F1A1,502.9,546,257.9,178.1,511.2,510.7,540.8,474.8,441.1,464
P08648_182_H5N4F3A1,206.3,248.1,243.1,297.3,279.4,296.3,269.4,276.6,260,320.8
Q14108_105_H9N8A1,87.6,38.7,59.6,97.7,76.3,82.1,76.1,86.5,77.7,79.6
P05556_520_H7N2,43.2,50.5,46.6,70.1,82.5,81,77.5,60.2,58.7,49.8
P28300_81_H6N4F2A1,15.6,13.7,11,31.5,22.7,19.6,23.4,21.2,22.1,19.3
P25445_118_H5N4F1A1,141.3,113.8,98.8,121.4,132.1,136.2,141.7,117.7,137.2,146.1
P04216_79_H7N6F3A1,45.2,44.4,44.4,50.2,67.7,60.6,52.4,66.9,59.4,42.3
Q16563_71_H7N2,90.5,187.6,74,160.1,183.2,184.7,140.8,118.4,181,152.5
P08962_172_H10N8F4A1,52.6,39.9,37.1,77.9,69.7,80.8,58.3,56.2,62.5,52.1
Q07954_4364_H6N4,216,39.9,126.8,67.8,35.5,66.6,129.4,111.8,137.2,98.4
P20929_6001_H7N4,325.4,156.7,151,140.7,392.1,318.5,274.2,223.9,169.2,318
Q92629_108_H7N3,290.4,229.1,298,341.5,201.4,313.8,339.6,289.2,289.8,289
Q99571_208_H8N2,283.1,211.3,307.8,295.3,360.9,370.4,335.7,291.5,316.7,316.7
Q14108_105_H9N7F2A2,285.1,162.2,175.6,249.8,213.8,263.2,249.4,248.6,221.2,232.8
P48960_38_H5N4F1A1,166.8,134.4,104.5,160.5,198.7,172.9,173.7,167.2,156.9,184.9
P06756_615_H4N4F3,187.2,153.1,155.2,201.4,272.3,259.9,231,192.9,187.1,213.7
O75976_172_H5N4F1A1,410.7,414.9,353.5,421.1,462.7,482.2,471.5,444.6,460.6,450.5
O95084_207_H4N3F1,67.4,78,105.5,85,166.3,97,90.3,74.1,204.9,96
P02751_1291_H5N4F1A1,91.3,87.4,85.5,108,293.3,165,149.2,116.6,135.7,178.7
Q8NBJ4_109_H5N4F1A2,110.9,136.6,78.3,96.1,117.3,143,120.3,115.5,95.9,129.2
Q16585_211_H5N2,353.1,452.4,196.2,294.4,405.4,380.8,387,312.4,440.7,385.2
O00469_725_H6N2,218,176.3,173.2,172.8,168.1,213.8,203.5,176.6,223.8,200.2
P08195_365_H7N5F2A2,146,205.6,124.3,131.5,235,169.7,218.8,146.6,206.8,202.1
P78536_539_H5N4F1A1,43.5,29.8,37.6,31.6,58.4,55.7,42.5,45.3,35.2,46.5
P13987_43_H5N5F3,307.4,243.4,233.3,239.8,352.9,339.1,309.4,258,330.9,306
Q5VW38_169_H6N5F4A1,101.5,75.1,75.3,93.2,138.5,127.7,119.8,102.8,88.3,103.7
Q07954_4075_H5N3A1,319.4,179.7,237.9,250.7,325.4,332.9,367.6,279.1,251.1,241.9
P12110_140_H6N4F1,149.3,130.3,175.5,187.6,259.4,280.5,208.3,162,196.8,164.2
Q07954_3048_H6N5F1A2,432.9,377.3,384.9,454.4,401.9,489.2,464.9,474.5,431.4,443.2
P12111_2558_H5N3,142.2,120.1,99,130.3,270.9,188.6,193.9,111.7,212.2,149.9
P13473_356_H5N3A1,230.9,277.5,148.8,260.4,585.6,455.2,421.5,250.5,218.4,342.6
Q9UBP4_204_H5N4F1A1,36.5,53.3,101.8,105.7,63,100.1,104.4,42.2,84.4,73.8
Q92542_506_H8N2,96.2,88.4,82.2,95,128.8,115,123.1,100.1,98.4,114.9
P06756_615_H3N4A2,169.1,163,117.3,187.1,175.8,204.2,205.1,170.3,172.9,160.8
P11717_581_H7N2,202.1,214,142.6,177.1,212,221.1,239.7,193,194.8,217.5
Q15417_240_H9N2,442.9,352.8,323.7,260.5,584.4,460,348.1,299.4,518.2,583.9
P69849_618/618/618_H7N2,745.1,623.6,433.4,500.6,532.9,728.1,727.4,590.1,548.1,596.5
P98160_3780_H6N4F2,494.4,368.7,449.1,492.9,1231.1,897.4,695.8,646.6,515.9,662.1
Q07954_3333_H5N4F1A2,641.7,388.6,523.5,522.2,459.2,576.3,558.8,667.6,497.4,604.5
Q9UBG0_1134_H5N3F1,112.1,63.3,83.2,72.8,118.4,122.8,89.7,89.3,84.9,120.2
P10586_966_H5N4F1A1,259.1,140.8,189.2,180.9,197.9,233.4,183.2,247,191.5,236.4
P35556_2120/2033_H6N4A1,141.4,32.8,166.3,64.2,106.5,79.7,87.4,238.6,85.2,85.7
Q9UBG0_492_H6N5F1A2,104.1,102.7,77.5,105.4,99.9,118.5,121,111.8,91.4,109.8
O95980_86_H5N4F1A2,253.3,246.7,384.6,244,179.4,307.5,253.7,458.3,205.4,251.2
Q92896_677_H5N4F3A2,76.4,70.1,63.8,174.2,81.1,90.1,126.5,114.4,100.2,94.3
P05362_267_H8N6F2A2,36,38.7,26.2,68.9,54,72,42.6,45.2,46.8,46.1
P12110_630_H6N2,295.7,250.1,276.2,279.7,452.6,475.8,390.4,253.2,314.4,321.4
P28300_81_H10N2,188.8,137.8,269.3,175.2,352.8,246.4,306.4,275.4,286.1,222.6
P10915_56_H5N4F4,60.8,42,52.3,101.8,131.8,86.4,101.6,63.8,101.5,85.8
P13473_356_H5N4F1A2,161,105.8,131.8,131.3,111.3,168.4,144.2,152.2,114.6,145.2
Q07954_3788_H5N4F1,749.4,248,528.5,349.1,431.5,473.7,562.3,531.6,544.1,495
P05556_520_H7N6F1,100.8,81.9,134.6,167.9,214.6,165.9,140.8,116.8,223.4,144.2
P07996_248_H6N5F1A1,118.9,103.8,94.5,138.2,297.8,194.5,180,136.1,151.9,189
P11047_1223_H5N4F1,187.4,121.5,124.5,127,199.2,187.5,157.7,153,146.8,214.1
Q9Y6C2_766_H4N3,334,106.2,177,148.4,382.9,350.3,285.9,158.3,212.7,291.9
P05556_520_H7N6F5,43.9,39.7,53.7,75.1,85.7,72.4,74.4,57.5,64.9,68
P04216_79_H10N2,332,359.1,208,278.6,367.8,399.1,347.9,370.6,331,300
O15031_528_H6N4F1A1,196.6,184.7,177.2,182.7,147.2,216.1,227.1,231.8,195.3,188.4
P28300_81_H4N4F2A1,87.5,56.8,94.4,62.1,156.6,98.5,122.6,110.1,101.4,85.2
Q13308_116_H3N3F1,328.7,134.8,201.1,151.9,219.2,262.9,248.6,194.5,232.4,234.2
Q9Y6C2_766_H5N2,443.4,216.1,244.1,184,573,399.7,364,233.9,469.7,412.9
P04216_79_H6N4F2A1,197.1,185,152.3,146.3,260,244.2,210.2,203.9,208.2,199
P06756_74_H5N3F1,659.8,635.1,462.8,544.3,932,1019.8,999.3,708.1,911.1,728.8
P04216_42_H6N5F1A1,98.4,95.7,72,76,126.8,103.3,110.1,118.1,112.5,87.5
Q58DX5_534_H6N3,126.2,87.1,107.2,108.7,130.9,182.8,134.4,122.6,90.5,104.6
P08648_868_H6N4F2A1,482.3,323,377,448.9,639.5,601.3,507.2,452.3,444.3,569.1
P02751_1007_H6N5F1A1,289.7,231.1,493.8,585.8,1178.2,768.9,649.3,634.9,499.2,598.4
P08473_145_H6N5A2,34.6,60.2,33.6,46.8,23.9,54.7,42.4,49,35.2,44.5
Q9NR99_2350_H3N3F1,274.7,101.1,106.9,120.4,387.6,219.4,184.8,133.3,365.9,220.6
P09619_215_H6N5F1,102.2,72.6,97.9,80.9,111.4,104.9,106.6,110.6,95.8,110.2
P35613_302_H3N3,162.8,57.6,150.1,53.9,100.9,110.8,105.3,93.1,184.5,102.9
P35555_1581_H6N5F1,802.5,380.7,783.9,526.5,910.4,498.8,647,699,1090.3,932.3
Q14517_1940_H7N2,1238,732.8,885.3,635,767.3,1018.7,889.8,1029.1,820.4,1080.3
P02751_528_H6N4F2,762.2,409.3,518.3,483.7,1766.5,1309,780.5,719.9,643.1,1025.1
Q13433_266_H5N4F1,228.4,148.4,197.8,174.3,146,217.3,216,218.1,171.7,194.5
P08473_285_H5N4F1A1,69.7,66.2,46.9,40.7,33.7,62.1,59.1,63,52.7,55.6
P13987_43_H7N6F5,58.4,37,46.8,67.6,71.4,64.5,68.1,70.9,55.8,60.6
P69849_618/618/618_H9N2,289.6,293.2,212,262.7,309.4,351,382.4,285,264.5,273.5
P13473_356_H5N4A2,140.2,84.2,118.7,198.2,147.7,166,178.6,169,108,163.5
P35613_302_H6N5A2,194.3,71.9,177,64.6,186.7,148.7,159.8,106,241,136
P05556_406_H9N2,241.5,324.5,221.8,429.5,248.1,522.9,421.2,420.1,151.4,155.1
P11279_84_H6N5F1A3,286.1,162.7,214.3,180.4,131.9,270.9,186.8,326,147.9,180.7
P04216_79_H8N6A1,181.4,123.6,157.8,151.5,119,160.5,179.6,201.3,146.1,149.2
P08962_130_H7N6F3,47.2,45.5,38.1,66.5,104.2,83.4,80.8,51.1,77.2,51.6
P09619_371_H4N3F1A1,89.2,120.5,77,60.8,67.8,96.5,115.2,102.3,70.6,89.7
P02751_1007_H4N4F1A1,140,112.1,146.9,147.5,213.7,216.1,176.4,162.6,149,164.7
P07996_1067_H4N3,90.5,112.5,88.5,146,521.8,215,226.1,158.1,224.9,272.4
P02751_1007_H6N5F1,414,291.2,503.9,497.1,974.3,725.3,587.8,572.7,526.8,651.6
P04216_79_H6N4A2,103.9,146.9,91.3,109.4,134.4,135.6,125,132.9,149.6,127
P11279_261_H6N3,154.9,132.1,82.9,117.9,223.1,185.6,204.7,143.1,129.1,150.8
P16112_658_H5N4F1A1,236.8,215.3,217.9,310.4,554.7,448,381.4,313.6,277.7,336.6
Q12884_49_H6N3A1,346,118.4,166.4,143.9,757.6,417.8,475,258.6,214.2,388.5
Q07954_3333_H6N4F2,351.2,161.7,304.5,236.6,199.1,265.6,287.2,405.7,224.2,252.1
Q92629_108_H6N2,809.2,1169.4,690.3,852.3,589.1,975.4,1027.8,738.2,1191.4,775.9
P05556_520_H10N2,119,72.8,63.2,122.3,76.9,154.1,124.5,101.9,69.1,70.9
P12111_2079_H7N2,156.6,73.5,96.5,89.7,189.1,146.2,154.5,113.9,127,152.4
Q9Y4L1_515_H8N2,1936.2,976.3,584.3,499.5,902.9,952.9,1219.6,815.8,1009.6,1620.4
Q07954_3333_H5N4A1,327.8,246.6,342.1,412.7,631.5,523.2,514.5,401.7,389.2,452.2
P11717_581_H6N2,263.6,159.1,226.6,190.8,242.3,202.5,272.9,318.2,208.9,238.9
P13987_43_H8N6A3,73.6,69.6,78.6,111.1,97,111.9,104.2,98.7,90,88.3
Q07954_2620_H5N3A1,159,73.2,105.9,108,78.5,140.8,134.2,137.4,68.3,121.2
P50454_120_H3N2,4387,1320.1,1520.9,666.1,2098.2,2154.2,2424.9,2096.7,1805.1,2989.1
Q9UBP4_204_H9N2,95.8,326.5,422.6,474.6,250.2,397.4,487.4,109.9,556.9,250.8
P13674_259_H8N2,577,351.1,485.7,285,397.7,463.7,481.8,424.9,502.9,534.3
O75976_855_H5N4F1A1,122.3,161.4,103.9,101.2,126.7,169.3,133.9,130.4,139.5,133.8
Q9UBG0_492_H6N4A1,627.4,906,393.3,455.9,723.6,749.4,789.8,712.1,629.9,707.7
P04216_79_H6N5F3A1,35.8,23.5,35.4,41.6,37.8,41.5,42.5,41.4,41.2,33.4
O14786_150_H5N4A2,172.2,109.2,160.3,204.7,233.7,212.5,190,221.1,166.1,221.8
P54289_604_H4N3A1,216.9,120.9,265.6,141.1,162.3,194.5,255.2,192,155.3,245.2
P05556_520_H8N2,218.1,281.1,238.8,350.9,366.7,461.7,390,326.6,285.2,209.5
P04216_79_H7N6F1A2,723.5,454.4,588,603.6,621.1,684.3,707.8,855.3,633.3,556.9
Q9UBG0_1157_H5N4F1A1,129.5,113.4,107.6,233.9,159.8,145.9,223,197.2,156.1,133.5
P08648_182_H5N4F1,498.9,239.6,388,313.7,837.7,579.6,605.1,400.2,507.8,527.2
Q9UBG0_69_H9N2,726.3,825.9,399.7,491.7,620.9,645.6,963.7,713,643,560.1
P05556_406_H8N2,40.8,58.5,34.9,55,42.7,72.6,65.2,67.3,35.8,26
O94856_988_H5N4F1,287.7,181.1,257,213.2,185,201,281.5,242.3,319.5,249.7
P04216_79_H8N6F4,60.8,31,36,43.4,52.9,47.9,56.8,55.6,47.9,49.8
P04216_42_H5N4F3A1,145.9,145.6,107.7,135.5,167,161.3,155.3,174.8,176.6,139.9
Q13510_259_H9N2,336.4,225.5,237.9,200.5,278,337.5,279.9,298.4,235.5,321.2
Q9Y6C2_766_H5N4,1124.7,472.4,655.3,621.9,1438.5,1143.6,1101.7,724.1,877.2,1122.9
Q92629_108_H5N2,520.2,694.4,381.6,442,325.3,562.7,510.7,410.6,716.3,523.3
P21589_403_H5N4F1A2,107.4,39.5,96.4,61.8,51.5,68.4,64.7,137.5,43.1,97.3
P34810_199_H5N4F1,551,325.2,403.3,489.2,270.9,477,359.9,661,514.3,338.8
P50454_120_H6N4F2,30.8,29.8,24.4,9.4,17.6,18.3,24.7,26.8,25,34.3
Q6ZMP0_709_H6N5F1,15.8,24.5,15.2,32.2,20.6,15.8,23.1,43.8,17.7,24.5
O14672_439_H10N2,281,178.1,212.9,285.4,271.9,318.1,284.6,255.1,294.9,265.5
Q10588_66_H5N3F1A1,181.9,262.1,133.2,212.8,438.5,326.2,262.3,240.3,261.5,327.2
Q13308_116_H6N4F2,391.8,198.6,269.4,221.3,211.5,320.4,307.7,259.2,310.8,293.4
Q07954_2905_H5N4F1,316.1,105.8,223.2,137.4,128.2,178.4,251.3,209.3,213.3,199.4
P12111_2331_H4N4F3,312.1,155.9,129.5,109.1,145.6,211.2,228.7,160.6,184,200
P11279_322_H4N2,120.3,61.3,75.6,100.8,78.4,114.1,106.8,102.1,75.6,105.6
Q9NR99_2007_H5N3F1,42.4,15.7,11.8,7.8,34.7,27.1,22.3,18.7,38.3,23.5
Q07954_2472_H5N4A1,82,64.8,77.9,104.5,100,106.3,111.6,107.6,80.7,89.9
P02751_528_H4N4F1A1,91.2,89.6,73.3,81.7,229.1,190.8,113.8,103.4,97.5,147.6
O15031_127_H5N4F1A2,182.5,159.4,138.8,201.5,142.3,225,167.7,179.1,177,204.5
P05997_1400_H9N2,2908.7,1347.2,1044.2,486.4,2044.9,1767,1911.7,1475.6,2663.6,2078.5
Q5ZPR3_104/322_H5N4F1A1,231.2,209.8,308.1,268.3,251.7,351.4,298.6,364.3,220.7,233.2
O15460_115_H9N2,273.5,153.7,153.8,119.6,148.2,186.1,180.9,163.4,245,207
P16278_464_H5N6F1A2,271.2,198.7,237.7,205.5,454.5,345.8,301,266.5,301.7,367.9
P05362_267_H5N4F3A1,198,168.2,144.2,227.6,244.3,265.4,241.5,207.2,209.4,213.5
Q16585_158_H5N4F3,178.5,171.8,177.5,194.7,217.8,238.6,237.7,212.1,212,188.3
P12111_2331_H9N2,712.4,360.7,260.3,164,280.6,453.1,515.4,319.2,354.8,417.4
O15460_115_H8N2,134.3,84.4,76,59,82.5,92.3,88,80.2,130,114.9
Q92896_786_H5N4A2,186.5,138.1,141.6,138.8,200.8,198.6,208.5,195.9,160.2,170.5
P12111_2331_H10N2,100,50.9,45.7,43.5,58.8,75.4,89.7,62.9,59.2,59.2
Q9UKX5_1059_H6N2,89,40.4,55.8,40.9,151.8,92.2,103,83.4,74.9,84.6
Q9UKX5_291_H6N3A1,46.3,47.7,60.1,64.6,385.8,139.8,148.5,92.1,178.7,141.9
P11279_249_H6N5F1A3,17.7,13.9,31.6,21.7,12.5,26.8,26.2,25.3,16.2,18.5
P05556_212_H5N4F1A2,510.3,323.3,349.8,350.7,480,601.5,534.6,514.2,442.1,547.5
P16070_57_H6N4F1A1,117.1,92.2,98.4,163.3,176.6,171.4,157.2,129.6,134.3,158.9
P05362_267_H8N6F4A2,50,71.1,35.3,82.6,92.3,126.9,63.6,61.2,72,60.9
Q92896_165_H5N3A1,229.7,181.6,157.7,206.7,223.5,249.4,237.6,201,221.1,251.4
Q9Y4L1_869_H8N2,1742.9,1037.3,733.5,742.9,1404.5,1249.5,1477,1010,1039.6,1799
P05556_520_H5N4F1A1,62.6,38.4,31.9,15.2,352.7,120.5,223.7,77.4,58.9,101.3
P12110_785_H5N4F1,1301.9,627.7,1200.5,1157.3,2094.7,2322.8,1719,863.5,1683.1,827.3
P07996_360_H4N4F1A1,216.5,149.5,150.7,200.5,309.8,318.8,319.7,264.8,242.4,314.3
Q07954_4278_H5N4F1,456.4,171.6,333,235,142.1,221.1,368,354,339.9,272.3
P08648_182_H6N4A1,462.8,493.5,530.1,583.3,846.8,790.7,733.6,601.5,663.4,601.2
Q6ZMP0_373_H5N4F1,921,1193.1,671,1225.7,1734.2,1477.7,1441.8,1842.5,1163,1875.3
Q9HD45_174_H5N4A2,1336.9,1270.4,932.6,973.7,1370.7,1753.2,1558.6,1299,1603.8,1516.3
P07602_101_H5N4F1A2,226.4,186.1,138.6,183.6,172.1,214.3,196,223,204.9,216.3
P08195_365_H6N5F1A2,220.7,347.4,163.7,183.3,716.7,313.4,556.9,216.9,421.8,388.7
Q07954_2905_H9N2,122.7,83.3,69.3,53.9,113.5,118.8,110.1,104,84.5,97.6
P54802_261_H10N2,366.1,273,271.4,303.4,366.8,405.7,427,365.4,317.4,323.5
P13987_43_H7N5F3A1,230.9,115.5,165.5,182.8,204.4,234.3,187.5,232.1,187,205.2
O60637_167_H5N3F1A1,128.1,82.4,101.8,104.9,142.1,157.5,180.5,205.9,131.6,105.9
P12110_140_H6N2,435.5,178.9,228.8,141.4,358.4,323.1,455.7,253.5,267.1,263.9
P11279_84_H7N6F3A3,49.7,65.5,45.2,50.4,43.2,64.6,56.3,96.7,36.3,41.8
Q9UH99_636_H5N2,1033.3,542.7,764.9,516.1,811,729.2,1037.7,882.2,671.8,949.4
P54802_503_H4N3A1,108.6,87.3,64.5,57.6,57.9,62.1,102.5,107,69,97.1
P13987_43_H10N7A1,38.9,25.7,46.9,48.3,59.1,54.3,54.4,46.9,49.6,49.8
P12110_630_H7N2,149.4,98.9,112.8,124.7,254,228.3,206.8,113.8,173.8,139.3
P48723_184_H8N2,862.1,707.5,557,615.5,872.8,902.6,932.8,661.9,814.1,900.7
Q07954_4278_H6N4F2,73.9,149.2,75.8,122.6,180.6,180.2,186.9,127.9,103.2,103.4
P48723_184_H7N2,176,123.5,126.6,120.2,179,168.7,182.7,156.6,150.2,187.1
Q07954_3048_H6N5F3,144.4,77,133.6,118.1,112.6,120.9,137.2,144.3,145.6,134.8
Q07954_2620_H4N3A1,29.3,13.7,34.8,39,22.4,38.4,32.8,43.4,15.7,32
P06756_74_H5N3F1A1,423.2,299.8,277,309.1,345.2,446.9,393.3,359.3,306.3,423.3
Q9Y6C2_766_H6N5F1,508.4,276.8,364.9,451.2,813.8,771.9,524.3,513.8,521.4,485.7
P07996_248_H9N2,655,624.6,304.5,470.7,1168.4,752.2,873.8,627,1047.7,985
Q9UH99_636_H8N2,553.8,570.6,296.4,364,557,560.1,681.3,407.8,418.2,665
P11047_650_H8N2,480.9,609.9,449.7,740.1,946.2,888.1,747.4,623.8,609.9,900.1
Q07954_3953_H5N4F1A1,811.3,608.3,594.4,505.3,821.5,988.4,1012.8,969.8,738,956.6
P54802_261_H6N2,452,269.4,205.1,259.1,347.8,322.9,470.5,349.3,242.1,407
O75094_1406_H5N4F1,247,73.9,174.1,102.5,203.1,169.9,199,217.6,131.4,217.7
Q13308_175_H5N4F1A2,159.6,116.3,116,108.4,104.2,155.3,142.6,122.4,120.3,166
Q07954_3264_H4N3F1,476.4,188.2,329.1,289.3,226.9,280.5,462.8,329.7,264.3,427.7
Q9NR99_2500_H6N2,326.1,230.6,285.5,263.5,862.1,518.7,388.6,312.2,559.2,522.3
Q07954_4364_H6N4F1,92.3,14.1,33.7,18,218.8,99.6,98.3,85.6,65.7,91.6
Q9HDC9_160_H5N2,2495,1584.9,2079.5,2082.4,2522.3,2813.7,2645,2498,2375,2259.7
P05556_520_H4N4F3,22.9,29.2,19.4,28.2,54.1,47.1,37.5,32.4,31.5,31.5
P04062_98_H7N6,95.3,55.7,73.8,95.3,90.7,103.7,86.9,107.9,85.8,96.5
P09486_116_H9N2,826.6,341.6,325.8,151.4,1005.2,549,846.5,405.3,453,848.8
Q07954_3788_H5N4,149.7,48.5,83,61,108.4,99.1,109.7,111.5,96.2,111
P12111_2558_H6N3F1,70.9,81.9,69.4,83.9,121.9,124.9,108.2,81.1,91.9,95
Q5VW38_169_H5N4F4A1,176.3,140.7,118.1,168,285.8,263.4,236.5,173.2,170.1,198
Q9Y6C2_766_H5N4F1A2,1272.5,510.2,596.9,602.7,875.1,840.4,840.8,1090.3,649.8,1097.2
Q16363_315_H5N4F1A1,125.8,122.3,137.9,156.5,188.8,195.3,154.4,165.2,127.4,214.8
Q6YHK3_118_H5N4A2,365,203.8,285,222.1,213.7,291.7,330.1,297.1,223.6,369
O95967_198_H5N4,395.2,317.4,270.2,270.8,567.3,426.8,538.3,406,367.8,395.4
P05556_406_H7N2,25.5,39.8,20.7,43.8,23,52.7,45,44.2,16,21.2
Q07954_2905_H6N4A1,95.2,65.4,65,59.1,70.6,77.6,83.9,97,69.2,88.8
P13674_113_H6N2,744.2,811,652.7,643.4,947,863.4,859.5,779.3,1147.1,804.1
Q9H5V8_386_H5N4F1,119.9,121.5,150.3,123.7,172.7,211.7,133.5,119.8,204,138.1
Q13308_646_H6N2,269.6,201.1,227.6,268.3,345.1,347.3,309.2,259.8,311.8,311
Q07954_4075_H6N3,1098.1,566.6,610.7,556.7,1048.1,810.1,1106.6,787.8,950.4,1026.5
Q13740_95_H5N4F1A1,70.5,98.5,94.4,96.2,123.2,116.7,142.6,109.6,105.9,91.8
P13987_43_H6N5F3A2,76.4,58.7,92.2,82.1,92.1,103.8,86.1,100.3,96.7,84.3
Q15417_240_H6N4F2A1,314,258.9,255.5,244.2,395.8,343.4,374,297.3,342.6,367
Q96J84_140_H5N4F1A1,152.4,84,123.2,111,186.6,165.1,153.7,157.2,148.8,147.3
P06756_615_H3N4F3,84.1,65.9,71.4,78.3,114.2,90.8,98.8,94.5,91.5,110.7
O15118_135_H5N4F1,146.8,106.5,154.3,286.8,256.6,261.7,259.5,167.9,189.2,239.1
P12111_2558_H6N4A1,225.4,221.5,286.7,520.6,343.7,516.3,411.9,317,373.7,260.4
Q13433_266_H5N4,104.9,95.9,104.2,133.4,200.7,167.4,173.7,127.7,119.9,163
Q92896_165_H5N4A3,482.6,266.6,300.5,426,351.2,474.4,455.7,407.3,318.3,494.3
P06756_74_H5N3A1,179.7,128.9,125.5,163.7,201.1,199.4,196.6,157.8,156.8,229.8
P13987_43_H7N6F5A1,57.7,47.4,66.8,70,66.2,89.4,67.3,79.2,63.8,63.2
P04216_79_H6N4F4A2,56.8,31.1,53,40.4,51.6,57.3,51.8,63,56.2,46.1
O75976_1070_H5N4F1,921.8,727.5,709.1,578.2,427.9,701.3,844.2,838.1,993.9,586.6
P11117_267_H8N2,580.6,460.7,454.4,558.9,845.4,662.3,739.7,486.6,734.3,794.4
Q70UQ0_328_H6N2,2727.3,2198.8,2529.9,2517.4,4310,4397.3,3092,2336.5,3779,3235.1
P35613_160_H7N6F1A3,116.9,75.8,104.1,120.1,153.5,151,132.6,111,144.2,133.8
P05556_481_H7N6F2,7.8,16.9,17.1,21.2,51.8,22.8,20.3,16.8,35.7,39.8
P11279_322_H6N2,128.8,60.7,57.1,92,77.8,104.3,120.9,89.5,68.1,108.4
Q07954_3839_H5N3,184.2,128.3,125.7,130.2,214.9,191,207.5,149.3,175,201.3
Q13740_265_H6N5F1A1,132.6,120.7,168.6,222.4,224.9,243.8,192.8,203.8,225.1,160.4
Q9HD45_174_H5N4F4,148,98.9,115.4,126.8,157.3,177.4,159,152.5,115.1,159.1
Q9Y639_229_H8N7A3,99.7,115.7,140.7,89.1,184.5,143.3,188.8,171.5,108.5,131.3
Q13740_361_H5N4F1A1,178.4,202.8,199.7,170,176.7,220.7,234.2,206.5,249.2,185.4
Q9Y6C2_794_H5N4,514.6,287.7,337,350,645.6,588.2,485.8,443.9,456.7,548.6
Q14956_200_H7N2,118.3,201.7,91.2,192.6,169.3,252.5,187.9,125.4,173.6,174.4
P13473_356_H4N3F1A1,853.6,457.4,592.2,707.7,557.8,1032.8,767.4,897.8,477.3,570.6
P11117_267_H7N2,450.9,373.1,408.9,550.4,565.8,543.3,590.3,417.3,605.2,621.2
P50454_120_H4N2,2267.8,808.8,727.8,384.2,1180.6,1324.6,1365.7,1096.3,1010.6,1551
Q13308_116_H4N4F1,135.1,79.6,98.5,81.1,95.4,132.7,119.1,103.5,111.1,112.6
Q9P2E5_121_H9N2,241.4,181.4,189.9,214.7,272.8,272.5,307.9,262.4,221.6,236.9
Q9Y6C2_766_H7N6,259,85.9,129.4,136.1,176.1,166.1,173.7,243.3,129.1,218.9
P16278_464_H7N2,995.6,874.5,393.8,618.4,1570.2,886.3,936.2,727.1,1421.5,1300.4
P12110_785_H6N5F1,286.2,327.6,368.4,455,478.6,787.5,435.6,319.9,433.1,292.2
Q92896_165_H6N3F3,84.4,80.2,45.4,78.3,108.3,106.9,105.5,71.5,83.6,102.1
P16278_464_H9N2,233,229.5,192.1,234.4,331.3,315.4,278.3,325.7,278.5,247.3
Q92629_108_H6N3A1,287.4,157.8,221.3,211.3,235.4,271,352.5,278.7,189.6,227.2
Q9BY67_101_H6N5F1A2,57.2,36.8,37.7,58.6,52.8,52.1,71.8,61.1,56.8,46.3
Q15063_599_H6N2,235.7,67.8,188.9,100.7,962.7,509.9,308.8,246.8,269.1,510.2
P12111_2558_H9N2,1201.7,547.3,496,309.4,485.4,771.9,931.9,604.3,578.9,717.9
O95967_198_H5N4F1,421.3,208.7,218.9,142.7,321.9,295.4,291.8,321.8,220.4,428.4
P09619_371_H4N3F1,343.6,131.8,203.3,123.2,149.2,203.2,225,270.8,179.6,249.7
P13473_356_H3N3,148.6,91.4,129.1,211.5,164.5,221.6,205,172.4,122.7,162.4
Q9UBG0_634_H5N4F1,750,460,470.2,305.8,332.3,537.2,473.7,649.9,601.7,489.5
P21589_53_H5N4F1A2,144.4,59.6,187.4,125,53.5,79.4,119.2,289.8,48.7,139.5
O15031_1002_H8N2,358.8,316.6,309.7,298.6,388.4,329.8,435,362.7,478.2,380.3
P11279_84_H8N7F3A2,41.7,28.9,29.1,34,50.6,45,50.5,45.9,39.2,38.3
Q9NR99_2693_H8N2,162.4,208.9,136.4,167.7,379.1,257.4,208.4,169.1,337.5,280.2
Q14108_105_H9N7F2A3,24.9,14,17.1,24.4,32.9,35.8,28.9,26.7,19.1,24.1
P02751_1007_H5N5F1,253.3,230.1,252.4,266.9,1587.3,509.8,403,366.1,317.1,1481.5
O14672_439_H8N2,593.3,589.4,664,852.5,1130.9,924.3,893.6,882.2,1085.4,767.5
Q9Y6C2_561_H5N4F1,187.9,76.2,114,79,176.4,139.5,158.5,120.5,143.5,191.3
P08195_365_H5N4F3,423.4,443.7,280.7,305,579,434.4,601.4,344.4,470.4,566
Q07954_2127_H9N2,296.2,177.6,172,140.2,159,250.6,239.4,266,182.9,185.2
P08962_172_H8N6F4,70.5,48.2,47.9,76.8,69.5,80.8,70.8,71.2,81.4,68.2
Q02809_197_H7N2,330.4,188.9,188,109.9,291.2,278.9,269.7,269.8,223.1,278.5
Q13308_116_H7N5F2,233.7,148.2,145.9,128.4,149.3,192.1,205,166.7,180.2,215.7
P11279_84_H7N5F2A2,100.9,66,92.8,86.3,62.6,105.8,83.7,118.9,80.7,98
P10915_56_H6N5F1A2,15.2,8.3,8,12.4,74.2,35.2,26.2,17,30.1,32.3
O00192_521_H5N4F2A1,45.9,16.6,47.4,43.5,24.5,46.1,49.4,52.4,27.2,37.1
P04216_79_H7N6F3A2,43.5,32.4,42.9,43,69,58.3,54.4,60.2,61.4,41
Q07954_2127_H6N5F1A1,64.2,65.2,66.4,62,62.7,84.8,70.1,79.4,75.2,72.8
Q07954_2127_H5N4F1A1,608.5,188.9,396.2,216.5,322.9,317.9,584.5,369,371.6,459.9
P11047_1439_H5N4F1,171.4,122.5,180.9,176.8,276.1,207,198.4,195,167.3,339.2
P16278_498_H4N3A1,71.3,55.9,50.1,69.5,90.9,79.5,96.6,75.6,74.4,76.9
P55268_1348_H7N2,378.6,272.2,364.9,261.6,616.5,395.9,438.2,431.2,488.7,506.5
O14786_261_H5N4F1A1,269.7,126,212,210.9,152.1,226.7,261,201.6,223.5,246.2
P09486_116_H5N4A1,43,24.8,48.6,30.7,158.9,74,87.8,55.1,46.1,102.4
P05362_267_H8N6F4A1,42.4,29.9,21.9,51.7,64.5,75.6,43.9,33.5,52.4,46
Q07954_3333_H5N4,1064.5,505,1169.2,1424,1420.9,1428.2,1859.9,1131.6,1291.6,1318.6
Q9UBG0_497_H5N4F1,1599,333,591.9,367.1,314.6,669.5,682.9,875.3,967.2,636.7
Q9Y6C2_794_H5N4A1,439.6,287,307.6,385.7,657.6,601.5,521.8,463,441.4,615.6
P04216_79_H8N7F1A1,77.3,56.1,63.2,74.2,72,64.3,95.6,94.9,68.7,86.6
Q07954_446_H5N4,27.2,13.7,25.2,17.5,38.6,27.9,30.9,29.5,30,27.9
Q6ZMP0_441_H8N2,187.3,386.4,151.5,344.7,313.8,332.2,306.1,385.3,241.5,390.5
P26006_656_H7N2,232.9,217.3,179.1,226.1,266,260.4,282,205.7,288.7,305.1
P35555_1902_H4N3F1,358.9,32,209.7,48.1,497.6,42,175,273.9,365.7,515.2
P13987_43_H6N5F2A2,148.2,96.2,131.7,164,175.3,176.5,165.2,178.1,165.6,171.5
P06756_74_H4N2F1,631.6,531.6,423.1,471.6,1012.1,927.1,804.8,571.5,651.6,722.3
P35613_160_H5N4F1A2,304.5,373.6,307.8,388,919.7,804.1,503.2,454.1,465.8,521.3
P04216_79_H7N6F4,32.3,39,32.1,43.5,70.9,67.4,52.8,48.4,40.9,51.6
P07996_360_H8N2,558.3,659.6,315.9,527.4,1149.9,797,991,690.8,1674.2,893
Q08431_325_H6N5F1A1,60.7,65.9,51.1,68.3,123.3,91.6,105.7,79,81.4,85.3
P13473_356_H4N2,906,535.6,429.3,498.3,1158.1,937.5,932.7,826.6,613.8,922.3
P04216_42_H6N5F1A2,99.7,134.4,84.3,73.1,145.3,125.1,129,163.8,120.3,106
P06756_74_H4N3F1A1,173,111.4,124.7,135.5,110,178.2,138.7,169.5,119.2,180.2
Q68CQ7_257_H5N4F3A2,341.9,247,151.8,118.1,197.3,321.2,228.5,247.4,209.8,261.2
Q07954_3333_H9N2,471.2,355.9,354.1,304.9,493.3,546.6,520,519.9,423.8,412.9
Q8NHP8_465_H7N2,293.7,195.8,150,222.8,265.3,266.8,318,310.7,205.7,253.1
P35555_1581_H6N5F1A1,307.9,163.3,436.9,301.6,505.1,259.2,312.9,434,571.4,482.1
Q6YHK3_118_H5N4A1,644.7,285.4,586.9,367.7,493.3,610.4,694.3,525.7,449.5,576.3
P02751_542_H5N4,47.2,7,37.9,21.6,273,114,88.2,56,70,147.1
Q07954_3333_H5N4A2,241.4,152.8,239,301.6,267.7,340.6,310.6,316.8,236.8,337.8
P10915_56_H4N3F1,226.1,204.9,221,241.8,1162.3,535.6,587.6,326,505.8,516.2
P13473_356_H8N2,134.3,138.9,98.6,107.2,188.7,161,142.4,123.8,202.4,173.2
O14786_150_H5N3F1A1,141.6,113.5,70.7,66.3,78.7,121.3,98.9,81.7,146.8,117.4
Q07954_114_H4N3F1,896,283.5,559.6,324.2,313,421.6,723.4,578.9,637.7,496.7
P05556_520_H4N4F4,58.9,48.7,42.6,59.8,54.2,75.3,62.2,66.8,64,49.5
Q07954_3788_H4N3F1,560.5,236.3,463.1,381,455.3,465.1,540.5,495.3,550.2,470.8
Q6UVK1_1131_H5N4F1A1,182.9,155.5,187.1,213.2,279.8,264.9,264.4,217.8,223.1,255.8
P28300_81_H8N2,141.2,127.9,176,153.3,283.4,248.1,231.3,194.1,226.2,184.5
P55083_137_H5N4F3,135.9,81.8,83.4,100.3,249.4,120.2,130.5,118.8,116.7,297.5
Q13308_405_H5N4F3,194.6,90.6,130.3,83.4,104.5,164.1,144.3,126.1,130.1,162.1
P11279_84_H3N3F1,897.4,122.2,582.7,671.3,612.6,949.9,933.6,422.2,614.7,559
P11047_1439_H5N4,28.3,28.8,26.5,53.6,80.4,48.2,48.7,37.8,35.4,92.3
P04216_79_H5N4F1A2,960.5,785.6,632.8,552.6,774.3,932,779.9,970.8,995.9,790.5
Q9Y6C2_766_H5N4F1,2350.2,776.6,1344.7,1251.1,2434,2357.7,2200.5,1467.1,2034,1779.3
P13987_43_H6N5F2A1,228.8,126.8,128.5,152.3,266.3,222.7,260.8,241,152,212.5
P16070_57_H7N5F1A2,193,187.3,235.5,368.9,352.6,434.7,301.2,294.3,301.7,281.6
Q02809_197_H8N2,197.6,108.8,92.6,56.5,151.2,147.4,144.6,132.2,139.5,168.6
Q07954_3839_H7N3F1,125.6,107.4,100.1,101.1,192.1,175.5,152.3,114.5,142.9,170.8
P12111_2331_H3N4A2,154.9,79.3,72.5,47.8,100.2,119.6,131.4,95.1,94,108.9
P02751_528_H8N3,251.5,151.5,215.7,188.7,775.3,576.8,319,335.6,301,379.4
P11279_84_H3N2F1,1873,809.4,1228.5,1939.7,2090.2,2089.8,2278.2,1378.2,1800.9,2053
P13987_43_H6N5F4,63.7,39,46.3,52.5,68.8,76.3,66.5,66.3,49.5,68.2
P04216_79_H5N5F1,248.4,201.1,150.7,173.3,177.5,208.3,226.1,271.6,241.5,202.3
P02751_542_H6N5F1A2,34.3,32.7,44.1,68.3,88.1,87.3,60.6,76.6,46.7,52.3
P10915_56_H6N5F1,55.4,48.8,48.1,81.2,333.7,150.3,150.4,73.2,194.2,117.9
Q92896_210_H5N4F3A1,220.1,106.9,132.2,137.9,213.1,209,213.8,165.5,186.8,204.9
P11279_249_H5N4F1A2,290.8,60.9,294.3,141,101.4,271.7,311.7,173.4,183.2,282.3
Q07954_2117_H5N4F1A1,444.4,230.8,303.7,218.3,159,282.3,355.5,452.2,205,345.5
P08473_145_H6N4F1,252.8,550.6,227.3,265.1,199.5,512.1,344.1,343.1,280.1,329.8
P05556_481_H8N2,9.3,16.7,10.7,9.6,12.6,20.9,15.2,14.7,9.9,10.6
P06756_615_H9N2,974.6,816.3,699,1021,1212.7,1451.7,1292.6,1058.8,854.4,1060.8
P11279_84_H7N6F3A2,72.1,74.2,75,103.3,61.4,106.4,84.8,122.4,71.5,82.2
P13473_101_H8N6F3A1,75.4,118.3,68.8,152,107.2,193.4,128.6,134.5,87.3,87.8
P13473_101_H5N4F2,137.5,106.2,100.6,123.9,141.5,149.2,169,145.2,122.8,152
P12111_2558_H5N4F3,106.5,70.7,93.4,81.4,133.8,142.3,112.4,100.5,115.9,117.2
Q08380_551_H9N2,176.1,295.1,164.7,435.4,432.1,311.8,310.9,528.8,234.9,434.3
P05556_212_H6N4F2,532,364.2,377.9,479.7,542.4,684,581.9,520.8,433.2,561.1
P05362_267_H7N6F1A3,161.2,260.8,122,273.4,399.3,489.3,234.5,202.8,327.5,219.5
Q9UKX5_291_H4N3F1,183.6,169.8,66.2,57.8,195.6,148.6,186.3,181.9,141.7,157.3
P12111_2558_H7N2,153.8,125.5,129.2,108.5,154.5,176.3,195.8,125.1,173.8,144
P28300_81_H7N2,160.4,141.1,178.8,144.5,258,199.8,247.5,186.8,250,187.7
P07996_248_H4N3F1,479.7,636.5,468.2,837.2,5543.8,1599.6,2073.2,1110.6,2107.4,2781.6
O14656_158_H9N2,180.7,143.3,150.1,201.8,180.3,225.1,218.3,180.9,202.8,212.7
Q6UVK1_685_H5N4A1,133.3,116.5,145.6,193.6,170.3,179,235.6,144.1,168.3,195.2
P12110_785_H6N5F1A1,180.1,189.4,312.9,339.8,259.1,528.3,302.4,263,286.9,176.6
P08648_868_H4N3F1A1,234.3,181.2,215.4,202.3,420.8,370.6,294.1,264.9,255.3,339.3
Q13308_405_H5N4F1A2,439,230.7,375,307.3,269.5,427.5,405.7,395.7,352.3,484.6
Q07954_4364_H4N4F1,217.6,81.1,181.3,107,100.2,174.5,160.9,169.3,152.2,178.6
P11279_322_H7N2,94,59.2,71.5,92.6,77.8,96.8,111,98.9,73.1,100.7
O95084_207_H5N4F2,197.7,78,120.7,83.9,361.4,186.1,145,127.9,332.3,232.7
Q96J84_46_H5N4F1A2,137.4,120.9,99.2,115.7,119.5,146.5,151.3,140.9,133,149.4
Q07954_3788_H6N5F3A1,83.7,47.3,90.7,119.2,92.4,116.5,105.4,124.5,83.1,97.7
P21589_333_H5N4F1A2,347.6,225,255.2,242.5,346.4,362.1,320.5,486.8,195.2,359.9
P55899_125_H5N4F3A1,80.3,66.6,96.7,113.8,75.5,110.3,105.9,120.7,81.2,109
O00192_521_H4N3,63.8,31.5,84.8,60.2,94.2,67.2,81.1,88.6,82,88.4
Q07954_4364_H4N3F1,404,89.9,242.1,162,90,189.6,301.5,243.8,262.7,205.5
P11279_322_H9N2,228.7,106.8,103,166.1,124.9,172,214.7,169.4,134.1,198.2
P16070_57_H5N4F1A3,103.1,56.4,70.7,88.4,105.2,128.5,119.4,92.7,88.1,87.5
Q13510_259_H8N2,731.1,581.3,302.9,377.4,776.1,580.5,684.6,454.4,766.9,886.9
P11047_1107_H9N2,852.3,673,623.9,473,524.7,755.9,664.4,891.2,725.1,797.5
P12110_140_H7N2,544.3,376,372.7,330.7,468.8,475.5,610.1,495.8,494.1,474.3
P02751_1007_H5N5,84.4,48.1,76.9,72.9,155.6,95.9,89.7,105.4,94.3,148.8
P27487_685_H5N4A1,38.8,26,33,42.5,38.9,60.4,47,28.1,40.3,42.9
P02790_187_H5N4A1,106.5,65.5,95,98.6,125.7,126.2,124.2,102.7,121,125.7
P08195_365_H8N7F3,122.7,100.2,113.1,100.6,119.6,105.9,179.5,89.6,143.7,160.4
Q12884_49_H7N2,287.6,228.1,207.1,254.2,593.9,523.4,365.5,248.7,376.4,404.3
Q8TF66_369_H5N4A1,353,212.4,350.9,275.4,374.7,416.7,429.8,350,287.5,431.3
P02751_1007_H4N4F1,991.4,426.9,680.8,572.8,1650.7,1362.7,889,946,679.8,1410.7
Q9UBV2_272_H9N2,178.7,156.4,162,220.3,202.3,232.8,215,215,215.9,246.6
Q99571_75_H6N5F1A1,44,55.5,43.1,48.8,67.1,83.4,62.1,60.7,48.6,61.5
P12109_212_H4N3F3,24.9,12,41.6,35.2,83.5,75.9,51.7,34.7,47.7,31.4
Q6YHK3_247_H8N2,39.6,36.3,32.6,35.1,23.2,45.2,40.9,34.7,42.2,41.2
P06756_74_H5N2,79,104.5,63.4,84,298,163.5,165.4,96.1,170.3,175.1
Q07954_3953_H5N4F1A2,103.9,82.3,89.6,118.2,112.2,130.5,125.6,118.9,114.4,130.7
P53801_54_H9N2,259.4,150,157.5,265.2,205.2,268.4,281.6,198,189.5,333.8
Q13308_116_H6N4A2,183.3,178.3,157.8,143.6,156.8,224.4,215.7,188.7,163.5,212.5
Q5ZPR3_104/322_H5N4A1,131.8,161.8,223.6,218.2,230,292.6,237.6,313.4,120.5,219.2
P35613_160_H8N7F3A2,65.8,43.2,62.3,72.4,95.4,97.1,79.6,70.2,84.4,84.6
Q07954_4075_H9N2,952.8,648.9,666.4,544.3,654.6,979.1,999.6,1074.1,708.2,759
Q07954_2521_H5N4F1A1,108.8,62.3,103.4,77.5,53.2,95.1,110,118.7,74.1,99.6
Q9HD45_174_H6N4F2A1,64.4,30.8,34.9,30.6,49.3,64.9,51.5,43,46.6,51.9
P02751_1007_H6N5F3A1,48.2,31.1,50.2,59.4,107.8,102.3,70.8,68.4,59.2,63.7
Q9HD45_174_H5N4F1A2,2095,1231.3,1184.9,1271.1,1901.8,2409.9,2144.4,1736.4,1633.2,2107.9
O00461_257_H5N4F1A2,120.6,157.2,115.1,165.3,117,186.5,168.6,152.7,162.5,159.5
Q07954_3333_H7N2,112.5,103.9,110.8,93.3,213.2,156.4,160.4,116.5,176.3,169.3
P11279_84_H7N6F1A4,79.3,92.3,77.7,82.5,47.8,104.2,87.6,143.5,65.8,65.5
P05362_267_H10N8F1A1,43.2,53.8,28.7,54.3,70.3,87.2,48.8,51.1,63.1,57.5
P02751_1007_H6N4F3,139.7,114.6,124.5,205.1,265.6,274.5,212.6,192.6,174.9,189.9
Q13308_116_H6N4A1,382.3,183.8,249.1,176,230.2,339.4,339.8,241.7,297.2,283.8
Q5ZPR3_104/322_H6N3A1,95.9,105,76.9,79.1,103.5,136.2,121.8,106.2,77.9,124.2
Q9HD45_174_H5N4F1A1,142.2,94.6,98.8,119.1,199.9,209.4,170.3,165.5,103.8,156.2
P55290_52_H8N7A1,96.9,126.1,121,160.8,214.3,212.4,180,184,117.5,191.4
P13473_101_H7N6F2A2,29.5,33.1,25.8,34.5,33.2,40.7,42.9,42.2,31.4,35
Q16363_810_H5N4F1A1,23.2,38.5,42.4,47.3,61.3,50.3,51.9,57.8,33.7,68.2
P12110_140_H5N4F2A1,65.5,51.1,81.5,78.4,139.2,137.6,98.7,75.1,110,90.5
P05362_267_H8N7,166.1,77.6,82.7,167.5,235.6,309.3,167.1,136.3,143.1,142.7
P53801_54_H7N2,290.6,136,211.2,261.7,247.4,285.9,341.6,234.4,230.2,320.7
P35613_160_H7N6F1A4,90.2,82.3,135.2,115.3,135.5,157.8,120.6,130,161.4,118.5
O14786_150_H6N4F1,167.1,92.2,158.5,207.5,243.2,229.9,196.8,192.8,215.9,235.2
P13473_101_H6N4F1A1,191.3,139.5,143.6,162.3,202.7,162.3,256.1,207.1,178,231.4
P17936_116_H8N2,184.4,174.9,186.9,708.4,228,332.9,354.4,185.7,674.3,281
Q14956_200_H8N2,178.5,218.2,140.6,167.1,240.2,276.1,240.4,223.4,198.3,226.9
P12110_785_H4N3F1,1395.2,864.6,1529.7,1329.3,1983.7,2731.3,1936.5,1113.9,1960.3,1020
P02751_1007_H4N3A1,224.8,252.6,161.1,290.3,451.3,355.6,373.3,285.1,318.7,370.3
P98160_3780_H5N3F1A1,468.1,365.8,320.1,269.1,1211.3,916.9,655,471.2,512,696.2
P13611_1898_H8N2,220.4,137.8,151.7,134,429.9,277.8,340.1,245.6,210.1,252.1
Q5ZPR3_104/322_H4N3F3,142.4,150.2,162,179.4,181.3,230.2,205.7,223,156.9,191.1
P02751_542_H9N2,30.6,10,11.2,9.3,20.8,23.2,14.5,19.1,19.4,25
P35555_1902_H6N4F2,120.8,38,97.7,37,329.7,69.3,113.1,177.5,182.4,227.8
Q13740_306_H5N4F1A1,106.2,459.4,211,181.3,586.7,427.5,552.2,357.4,319,253.1
P02751_1291_H6N5F3,184.7,148.7,173.8,167.5,195,255.8,197.4,185.8,190.6,245.6
P57087_187_H5N4F1A2,292.1,235.2,242.7,275.9,399.7,418.5,382,312.5,369.5,306.1
Q14108_105_H10N7F5,37.8,23.4,17.9,27,31.9,37.8,37.9,39,24.8,31.3
Q07954_114_H5N4F1,206.5,38.4,125.1,60.2,44,78.7,134.9,125,148.2,100.3
P24821_38_H6N5F1,131.3,63.4,110.9,129.3,121.5,142.3,155,108.6,106.5,176.7
Q9UBG0_69_H5N4F1,744.6,504.1,468.9,405.8,373.7,537.7,627.3,675.1,690.9,563.4
Q92629_108_H9N2,275.4,129.1,131,122.8,123.2,169.6,232.4,166,159.2,241.5
Q07954_4364_H6N4F3,7,16.4,4.7,10.6,56.9,41.5,35.5,12.4,8.3,20.8
P02751_1007_H4N3F1A1,710.6,415.3,748.5,690.8,3594.7,2178.1,1427,1266.9,1129.6,1634.6
Q9UBG0_140_H4N3F1A1,380.6,330.9,205.7,145.9,323.9,370.8,354.1,344.3,312.1,339.1
P35555_1902_H9N2,189.8,68.5,133.5,94,223,190,173.4,186.6,180.3,149.2
Q9UBG0_634_H6N5F1,424.5,206.8,246.1,191.8,262.1,313.8,359.8,352.4,329.6,302.6
P12110_785_H6N5F1A2,259,214.5,325.2,343.7,276.7,493.8,339.6,364.9,291.6,271.7
Q13510_259_H3N4F3,120.6,187.3,90.7,156.4,232.4,208.3,212.2,138.5,230.4,188.3
P12110_785_H6N2,654.5,286.7,317,192.4,238.5,420.7,643.9,370.7,348,314.3
P02751_542_H6N4A2,33.9,34.9,30.1,34.1,76.6,95.1,42.2,37.8,44.3,41
P09619_371_H5N4F1,88.8,23.3,54.7,29.8,15.8,40.4,55.2,67.8,46.6,53.9
Q5ZPR3_104/322_H5N3F1A1,167.6,303.5,227,216.5,222.4,349.7,275.6,333.8,179.7,274.3
P07996_248_H5N4F3,66.1,59.5,60,85.6,252.1,167,137.3,109.7,109.1,127.5
Q13308_116_H6N5F1A2,763.6,424.1,553,458.9,510.8,700.2,741.6,570.5,607.1,751
Q13740_265_H6N5F3A1,36.2,28.9,36,42.2,46.1,54.7,54.4,49.4,41.1,36.1
P02786_251_H5N4F1A1,661.4,448.7,509.7,737.5,418.8,735.6,844.4,740.3,602.6,532.3
Q99519_186_H5N4A1,157.3,158.1,161.9,225.5,215,241.7,281.6,199.5,203.7,217.9
O00469_725_H8N2,51.3,36.7,45.3,36.8,78.3,63.6,60.2,47,68.2,70.8
P07996_248_H4N3F1A1,103.5,103.7,91.8,133.9,432.5,193.1,234.2,176.2,211.4,264.8
O75882_416_H8N2,229.1,162.7,178.3,175.8,354.2,329.1,284.2,216.6,263.7,279
Q13308_463_H6N2,666.2,279,415.5,251.9,309.9,494.2,559.4,422.6,451.9,470.8
P02751_1291_H6N5F1A1,146.7,108.2,145.6,131,195.3,228.7,159,159.7,166.5,193.4
Q86WC4_128_H7N6,24.1,21.4,30.3,33.3,59.8,44.8,44.7,31.7,51.5,38.2
P13473_356_H5N3,309,196.4,200.6,222.8,299.2,325.8,334.5,274.8,265.6,332.9
Q5ZPR3_104/322_H5N4F1A2,149.2,192.3,209.5,176.7,189.6,244.3,208.8,302,166.8,223.9
P07996_248_H3N3F1,83.6,63.6,72.8,99.7,680.2,219.1,274.1,140.5,284.9,330.6
Q07954_2905_H6N4F2,72,53,78.2,64.1,72,90.5,83.6,93.8,78.2,78
Q9Y6C2_766_H4N3F1,555.6,137.6,266.5,220.8,436,489.8,436.6,301.7,397.7,395.7
P07942_1279_H6N2,371.8,240.4,239.5,233.4,808.9,548.8,486.2,476.5,346.8,510.4
P35555_1581_H5N4F2,116.9,57.6,72.1,70.5,164.9,85.8,116.1,132.6,116.9,151.5
P12110_785_H4N5F2A1,123.5,70.7,114.1,120.4,209.1,206.1,180,112.9,151.9,147.1
P13674_113_H7N2,489.9,350,363.8,242.2,324.8,398,403.1,346.3,583.4,484.7
O95084_207_H6N4A2,96,75.8,193.5,121.4,327.6,159.4,131.4,164.7,337.1,226.4
Q9UBG0_1134_H5N4F1,357.9,223.1,284.3,413.3,339.1,400.2,466.5,403.8,394.1,359.8
Q9Y6C2_766_H8N2,228.7,154.5,141.2,128.2,227.5,252.9,232.5,170,230.3,216.1
P29317_435_H5N4F1A1,79.9,124.9,90.5,114.8,211.1,152.5,178.4,114.6,193.9,138.4
Q07954_2117_H4N3F1A1,58.5,27.5,36.8,32.8,44.2,42.1,41.8,59.3,41.7,65.3
Q13740_480_H5N4F3A1,85.9,92.5,87.3,117.6,120.7,158.4,132.7,119.7,121,99.9
P08195_365_H6N5F1A3,117,173.1,85,79,314.7,160.4,288.8,109.1,202.2,203.1
Q9HDC9_160_H7N2,230.3,273.5,191.3,248.8,239.8,320.9,357,250.1,309.5,246.4
P13473_356_H7N3,671.1,519.3,435.1,733.3,745,663,921.1,717.1,729.2,861.7
P13473_356_H7N3F1,496.5,327.9,305.9,495.7,837.3,870,732,476.2,476,535.6
P09619_371_H5N4A1,49.1,36.6,46.6,69.9,452.5,168.7,201.9,96.8,105.5,248.4
P08195_365_H6N5F3A2,135.8,88.2,105.9,96.1,192.5,111,210.2,105.4,180.6,168.7
P34810_199_H5N4F1A1,135.4,80.9,99.5,126.4,143.8,159.5,151.9,182.6,126.7,114.6
P13987_43_H6N5F2,209.6,152.5,135.8,140.7,222.2,213.5,226.2,201.2,196.4,243.1
Q9UBG0_69_H6N5F1A2,88.5,94.2,71.8,91.8,58.9,117.3,93.6,130.4,91.1,76.3
Q07954_2127_H4N3F1A1,241.4,119.6,196.6,165.9,150.6,171.8,257.1,214.5,188.3,266.4
P12110_785_H8N7,84.6,80.8,110.8,135.5,102.8,177.8,125.3,121.1,112.8,110.1
P02751_528_H4N4F1,500,190.4,287.8,220.9,499.2,537,341.3,386.1,278.7,593
Q9HDC9_160_H8N2,209.4,277.3,160.1,194.1,167.5,279.4,296.6,234,236.1,222.9
Q07954_3662_H5N4F1A2,193.1,134,154.6,157,214,244,214.2,239.2,155.1,220.6
P20908_1672_H7N2,172.3,197.1,256.9,407.1,1037.1,420.3,350.9,191.9,1155.8,487.7
Q9UBG0_492_H6N5F1A1,208.6,122.2,130,137.6,126.8,168.1,193.6,191.1,170.1,190.4
Q5ZPR3_309_H5N4F1,45.6,29.3,52.5,45.3,33.1,57,48.9,62.3,42.1,48.9
P24821_1034_H5N4F1A1,359,235.8,330.5,351.8,1170.7,853.5,792.8,568.3,371.8,497
Q07954_3839_H9N2,634.4,441.8,495.4,446.8,574.4,731.9,724.6,775.9,537.9,497.7
Q07954_1575_H6N3A1,442.5,359.8,281.3,377.4,619.5,613.9,652.5,424.5,472.2,539.9
P21589_403_H5N4F3A1,86.4,37.3,73.8,59.3,51.4,72,66.5,122.3,39.2,88.6
P13473_101_H6N5F2A2,116.6,118,102.3,166.1,161.5,166.7,197.1,174.5,140.5,159.1
P02751_528_H5N4F4,167,120.4,155.8,168.6,550.4,521.3,264.7,222,211.8,245.7
Q13308_116_H6N4F2A1,268.8,151.8,196.7,155.1,132.1,245.6,211.7,214.4,199.6,269.4
P24821_1485_H8N6F2A1,232.2,174.3,241,305.8,431.3,432.8,402.6,317.8,288.8,304.3
Q9UBG0_69_H6N5F1A1,299.1,254.2,250.3,291.5,269.7,332.7,383.9,390.5,327.7,286.6
Q13740_306_H6N4A2,26.5,58.6,47.8,38.5,60.7,61.6,69.4,70.3,47.4,44.1
Q9Y6C2_766_H5N4A2,438.3,230.4,259.1,306.6,607,494.8,410.6,477.1,290.4,651.2
P35613_268_H6N5F1,412.3,69.2,192.5,76,176.5,199.8,173,169.6,429.1,198.7
P24821_1034_H5N4F1,73.9,37.3,65.8,46.5,103.4,93.1,97.1,77.7,62.9,82.4
P28300_81_H9N2,247.7,248.9,362.9,245.8,560.8,431.4,492.2,401.5,429.3,364.4
P21589_53_H5N2,13.5,23.6,17.5,32.5,39.7,35.1,36.6,35,17.4,36.4
Q16585_211_H5N4F2,100.6,56,108.6,86.5,88.1,105.9,105.9,109.4,120.3,115.2
P05556_520_H5N4F4A2,122.9,48,100,102.4,162.5,136.6,122,102.7,184.8,132.4
Q9HD45_174_H5N4A3,488.7,236.1,260.6,324.3,409.3,526.5,478.2,418.2,303.3,451.2
Q9UBG0_364_H5N4F1,310.5,79.9,131.7,74.9,111.2,127.2,188.5,160.7,253.5,167.4
P02751_1007_H6N4F2A1,162.4,129.5,163.2,300.5,377.8,368.3,327.8,277.2,210.4,252.5
Q07954_357_H5N4A1,21.8,23.7,27.9,45,145.1,88.2,85,45.9,44.3,70.5
P02751_1007_H5N4A2,57.1,51.3,56.9,81.6,158.6,165.8,101.3,88,70.6,88.2
P30101_90_H3N2F1,246.4,312.3,345.3,386,153.3,405.4,341.7,477.6,346,258.9
O00192_521_H4N3A1,110.9,41.4,103.2,82.8,52.8,96.5,115.3,119.5,66.2,98.5
P11279_261_H6N2,205.8,206.6,90.2,188.3,371.5,311.7,247.9,179.4,320.3,288.1
Q13308_283_H4N3A1,137.6,91.5,161,128.8,111.1,178.9,179.7,146.8,127.5,166.2
P21589_333_H7N6F1A3,159.6,106.3,196.8,220.1,89.2,138.6,215.3,324.3,116.1,185
P02751_528_H5N4,1137.2,481.2,840.1,628.5,4111.4,1865.6,1411.3,1122.1,1384.5,3349
P08195_365_H5N4F1,367.8,235.1,247.8,213.7,223.6,258.2,351.8,245.1,401.8,377.4
Q07954_4075_H8N2,395.4,231.7,248,203.2,428.5,386.5,390.8,342.5,458.4,417
Q96E93_150_H4N3,117.2,68.8,102.4,99.6,195.6,169.6,132.5,128.8,128.2,182.5
O43556_200_H8N2,424.4,700.5,332.9,566.1,472.9,637,712.3,467.8,764.4,598
Q13308_116_H7N6F1A2,39.8,28.3,37.4,33.9,41.3,42.4,58.2,39.4,39.7,50.5
O00192_521_H5N4A2,173.5,75.9,225.5,168.2,125.4,184.3,215.7,236.4,147.3,195.4
Q07954_3662_H5N4F3,257.3,108.6,193.9,129.8,132.2,204.1,227.6,225.5,191.2,198.8
Q8TCJ2_641_H4N4F3,395.2,355.2,319.3,311.5,516.3,541.4,511.1,452.2,487.8,426.6
P11279_84_H6N4F2A1,149.4,82.9,95.5,99,119.2,152.5,140.6,122.5,130.7,149.9
O14786_150_H5N4A1,345.1,351.4,335.3,471.8,847.4,798,750.8,507.4,404.5,537.1
Q02809_538_H9N2,67.5,39.9,34,25.4,54.3,59.5,50.7,62.2,54.7,54.9
P16112_658_H5N4F1,232.7,179,195.7,209.7,440.7,396.7,331,284,248,345.2
Q9NR99_2415_H5N4F2,181.7,41.6,66.5,40,277.5,201.4,138,87.4,160.1,188
P11279_84_H6N5F3A1,94.4,79.5,64.1,106.7,104.3,144.2,108.7,135.8,82.9,101.4
Q07954_2117_H4N4F1,124.4,67.2,91.1,85.8,70.2,117.5,112.8,132,80.8,116.8
P14625_62_H9N2,229.1,171.8,175.2,162,209.1,218.5,278.6,233.5,244.6,233.9
Q5ZPR3_309_H3N3F1,54.5,36.4,64.8,56.3,36.7,75.2,58.4,74.3,47.4,62.2
P13473_356_H6N3,897,580.4,428.6,686.6,1173.5,1044,1191.6,784.4,841,948.3
P10915_56_H6N4F2,501.9,369.3,462.5,587.6,2006.7,988,1175,739.5,1146.1,967.9
Q07954_3662_H6N4F2,167.3,130.3,125.7,126.1,161.4,189.7,186.2,205.3,139.3,187.6
Q96AY3_70_H6N2,182.3,154.1,129,107.2,303.9,240.7,254,188,254,233.7
O00192_521_H5N4A1,147.9,67.7,173.3,139.9,121.2,166,181.1,203.3,122.7,157.6
P29317_435_H5N4F1A2,207.3,314.3,246.3,321.7,383,390,422,305.1,423.2,342.4
P56199_1113_H9N2,198.2,307.3,153,212.7,190.8,263.6,283,192.5,184.8,434.3
P12111_2558_H8N2,411.4,246.9,188.4,136.5,177.2,300.7,374.9,229.6,304.1,275.2
P13987_43_H5N4F1A3,14.2,7.6,11.5,13.6,16.6,17.5,16,15.1,16.6,16.1
Q07954_928_H5N4F1,118.7,69.5,125.8,78.3,114.7,95.8,143.6,125.5,163.3,121
Q9GZX9_81_H5N4F4A2,112.4,93.8,100,125.7,260.3,297.9,216.2,127.7,141.8,102.8
Q07954_3333_H6N3,386.4,235.7,198.6,182.8,393.6,379.1,424.6,268.1,341.7,376
Q07954_2472_H5N4F2,95.4,55.4,86.1,93.5,139.4,166.1,120.2,118.4,97.7,99.5
P06756_74_H5N3,189.7,250.3,176.2,323.9,1290.2,728.3,735.4,298.2,501.8,594
Q07954_3839_H5N3F1A1,281.9,227.2,175.4,204.8,256.4,304.7,358.4,239.8,269.3,295.9
P54802_261_H4N3F1A1,250.1,147.8,132.5,171.4,199,204.1,241.3,239.5,235.9,233.5
O60637_167_H6N3F1,178.2,91.5,139.1,100.6,255.3,209.5,211.2,171.6,223.6,164.3
P20908_176_H6N2,814.9,394.2,322.5,195.5,552,506.9,505,437.4,959.1,513.2
Q8TF66_369_H5N4A2,262.5,190.3,279.3,243.2,308.2,330.2,335.2,327.8,266.7,385.6
P13674_259_H7N2,375.5,265.2,439.4,239.4,478.8,410.1,457.3,381.6,607.2,449.3
P20908_1672_H8N2,396.8,154.8,142.4,91.7,324.4,264.1,282.7,195.1,383.8,297.7
P12109_212_H5N4F1A2,348.6,304.5,472.1,437.1,624.5,767.9,593.4,497.2,557.7,492.1
Q13740_361_H5N4F1A2,542.8,602.2,715.1,749,576.9,1021.9,823.4,877.8,722.2,641.7
P06756_615_H8N2,433.3,369.8,380.7,491.7,786.8,734.6,690,591.1,558.6,584.8
Q9UBG0_634_H5N4F1A1,386.1,263.8,226.7,205.6,170.3,308.3,313.4,389.2,317.4,278.8
P02751_528_H5N3,184,122.5,121.2,117.3,246.9,206,173.9,162.5,180.1,293.7
O00192_521_H5N3A1,183,72.7,188.8,151.9,123.1,171.1,212.5,225.9,138.2,175.7
Q13740_265_H6N5F1A2,420.3,422.3,420.6,639.4,366.6,832,538.8,722.8,697.9,457.6
Q13308_116_H5N4F2A1,184.8,101.5,111,162,215.5,226.9,212.3,171.7,164.3,219.7
P13473_356_H5N2,1680,1060.9,791.7,1087.8,1989.5,1937.7,1697.4,1338.3,1475.9,2038.3
P09619_215_H5N4F1,85.5,63.2,67.2,74.2,98.8,120.8,101.6,89.9,87.6,99.5
P07996_1067_H4N4A1,89.7,89.1,94.8,139.8,252.9,232.5,173.9,139.4,151.9,158.3
P35555_1902_H6N4,137.2,0,66.7,5.8,130.3,9.2,55.9,74.3,140.1,157.5
Q14517_1940_H5N4,95.4,296.8,151.5,256,432.4,320.2,452.7,243.3,383.4,184.6
P04062_98_H4N3F3,185.2,105.8,153.7,144.9,191.4,236.4,202.2,186.8,191.8,187
P24821_38_H6N5F3,101.7,64.7,94.6,104.9,92.8,120.5,136.7,111.4,94,127.3
P02751_1007_H6N3A1,103.4,98.6,99.1,110.6,163.9,162.2,154.1,126.7,132.5,164.9
Q14108_105_H9N8F3A1,73.5,44.4,45.1,47.2,65.6,70.5,71.2,75.5,62.2,75.4
Q86WC4_135_H6N2,43.2,55.3,39.8,51.5,85.8,91.3,99,70.9,48.1,45.3
P08195_365_H5N4F3A1,164.8,151.2,92.3,154,234.1,178.6,301.5,137.4,192.3,215.1
P13987_43_H6N4F3,211.7,100.3,151.4,163.1,190.9,239.3,195.1,207.9,201.9,207.9
P11279_84_H7N6F1A2,79.7,90.3,71.3,127.9,100.7,147.7,109.5,158,87.2,103.3
P09619_371_H3N3F1,232.4,60.9,148.2,75.4,61.1,113.6,150.3,189.6,133.4,158.2
P98160_3780_H7N3F1,156.6,77.6,121.5,112.7,173.9,208.2,157.2,149.6,151.5,161.6
Q9C0E2_579_H3N7,156.6,77.6,121.5,112.7,173.9,208.2,157.2,149.6,151.5,161.6
Q99519_186_H6N4F1A1,168.9,144,164.8,222.5,278.3,299.2,259,243.5,209.2,251.6
Q13740_480_H5N4F1,227.2,347.6,677.3,407.7,326,446,555,671.5,569.5,320.8
P13473_356_H6N4,178.6,119.4,117.4,117.5,219.7,174.6,243.2,172.2,155,226.3
P11279_261_H7N2,159.8,184.9,119.8,178.4,364.4,264.4,258.9,162.3,372.1,243
Q13308_116_H4N3F1A1,739.6,398.6,522.2,320.7,361,633.2,632.2,546.7,528.3,684.4
Q9HD45_174_H5N4F2A2,540.3,270.5,322.9,337.8,506.4,759.4,652.1,622.4,432.5,676.8
P02751_528_H6N5F1A2,118.9,108.4,141.7,175.6,280.9,293.1,199.1,221.6,153.9,199
P05362_267_H7N6F1A4,75.1,115.3,48.6,99.5,123.4,208.2,93.9,90.3,114.3,90.4
Q07954_4364_H6N4A2,45.8,112.5,58.3,75.7,117.3,152.3,119.5,102,60.9,94.8
Q15417_240_H12N2,700.7,531.8,582,491.3,925.1,885,848.6,670.5,794.9,979.3
O75882_300_H5N4F1A1,57.8,29.1,37.2,20.8,72.6,73.5,49.5,57.5,42.6,58.2
Q02809_197_H9N2,241.1,150.8,123.2,76.7,173.9,204.6,183,189.6,202.7,211.3
P04216_79_H4N3A1,186.4,257.1,171,211.7,577.1,361.3,411.9,256.4,397.2,390
Q9UHN6_739_H5N4F1,84.4,80,59.2,47.4,62.6,101.1,73.9,57.7,88.4,110.9
P05362_267_H7N6F3A3,96.1,126.2,88.2,161.1,184.4,259.2,151.1,143.8,153.1,142.5
P08195_365_H9N7F1,110,83.1,84.5,82.5,164.6,118.3,168.9,92.3,150.5,149.9
Q14108_105_H11N8F3A1,26.5,19.5,15.1,17.2,43.9,35.9,34.9,38.4,22.4,26.8
O14786_261_H5N4F1A2,245.2,187.3,194.7,242.5,207.7,297.6,254.1,307.9,241.3,296.1
Q8N6G6_1518_H5N4F1,243.7,76.5,283.9,327.1,678.9,431.3,335.3,513.4,364.2,444.5
P13473_101_H7N6A3,148.2,120.5,102.9,126.7,140.4,173.3,160.6,184.2,149.6,161
P16070_57_H5N4F2A1,118.8,83.1,100.7,131.6,143.3,161.8,152.2,134.9,146.9,154.2
P55268_1348_H5N4F1,59.7,60,65.3,51.4,79.5,104.1,73.1,60.9,70.7,101.5
Q9UHN6_739_H4N3F1,60.2,55.1,42.6,36.1,40.4,67.2,53.9,44.6,51.3,87.5
P02751_1291_H5N4F3A1,147.9,87.5,118.5,153,186.7,211.4,192.9,163,139.3,194.5
P13473_101_H7N5F1A1,134.9,125.1,102.1,141.5,169.2,192.5,184,187.2,143.6,166.8
Q96KA5_91_H6N2,139,119.8,114.4,122.2,236.5,198.6,198.7,150.4,193.5,210.2
P05362_267_H8N7A1,99.1,94.4,72.4,166.9,157.3,266.9,123.6,132.8,129.8,114
P52799_139_H5N4F3A1,67.5,55.8,70.5,85.5,66.5,79.3,115.3,83.3,73.5,98.3
Q07954_136_H6N4A1,140.9,62.1,105.2,84.6,114.3,139.6,139.4,134,107.8,139.1
P08648_868_H5N4F1,961.4,353.9,808.7,524.1,719.1,807.9,859.5,721,1182.1,812.4
Q9UKX5_82_H6N4A1,75.9,48.7,63.6,64.5,254.5,145.4,135.3,109.2,135.4,135.1
P06756_74_H3N2F1,361.1,250,212.2,199.1,509.5,512.9,433.3,300.7,348.8,399.1
Q9UBG0_69_H5N4,175.9,81.9,104.6,56.6,75.4,101.8,135.5,133.9,143.9,128.9
P13473_101_H5N4A2,496,278.8,315,312.8,430.5,434.3,624.9,470.8,369.9,488.6
P12111_2558_H6N4F2A1,394.1,342.4,452.9,468,681.7,744.9,600.2,514.1,572.1,617.5
P35613_160_H7N5F2A2,75.2,62.3,64.2,70.5,122.3,135.4,95.7,91,103.4,88.8
Q07954_4364_H9N2,914.6,611.1,586,508.2,407,907.9,889.2,1077.9,492.9,582.6
P13473_356_H6N3A1,882.6,661.4,453.3,921.8,1474.3,1538.8,1422.5,898.4,842.6,1032
Q7Z7M9_578_H5N4F5,60.3,37.9,45,48.6,47.4,69,59.3,58.8,53.9,71.3
P28300_81_H6N5F1A1,24.3,19.3,23.2,35.4,38.5,36.7,39.6,33.9,36.2,37.6
O75718_87_H6N2,735.4,677,578.4,457.1,745.3,834.7,823.2,763.8,881.5,873.3
Q9UBG0_492_H6N4F2,223.6,108.8,120.5,98,103.3,145.3,168.5,199.8,172,170.2
Q9Y639_229_H5N4A2,122.6,84.4,126.9,120.1,173.1,156.8,167.9,177.9,179.2,138.6
O14786_522_H6N4F2,185.2,122.6,154.5,154.9,230.3,241,211.3,210.8,228.1,217.7
P13987_43_H8N5F4,102.8,74.4,93.6,89.9,103.9,200.2,104.9,107.1,99.3,96.4
Q4KMQ2_361_H8N2,951,787.1,600.5,662.3,1050.8,1223.4,1109.8,866,1024,1079.6
P02751_528_H4N4,199,118.9,138.2,124.6,335,229.6,198.5,168.3,160.6,441.7
Q07954_928_H5N4F3A1,84,59.8,81.3,75.2,103.5,114.2,94.9,116.1,91.8,111.9
Q10588_95_H6N4F2,138,102.3,107.1,147.8,379.6,278.3,204.3,210.9,196.6,255.9
Q5ZPR3_215/433_H5N4F1A2,82.2,76.5,76.9,71.6,79.3,114.9,103.5,106.1,75,106.9
Q07954_136_H6N4F2,181.8,83.3,143.2,104.3,114.2,151.2,180.4,177.2,144.9,168.2
Q07954_4364_H10N2,67.2,31.3,27.1,31.6,21.3,57.6,52.7,60.2,32.5,31.3
Q70UQ0_328_H5N2,992.9,410,875.9,753.6,2220.7,2016.7,1108,993.5,1120.9,1656.7
Q12884_49_H8N2,404.5,409.6,232.2,327.2,959.3,987.5,505.9,357,633.3,580.3
P24821_1485_H6N5F1,131.2,117.4,113.3,121.2,172.1,237.1,185.9,154.4,129.1,154.8
P04216_79_H6N3F1,126.2,254.4,88.3,97.6,360.7,216.2,255.8,135.9,357.9,253.2
Q07954_2521_H4N3F1,358.3,159.5,262,174.5,152.2,255.6,336.2,345.6,240.2,279.2
P35613_160_H8N7F5A2,14.5,14.8,18.3,14.6,21.7,28.8,20.6,20.9,19.8,20.4
Q13308_116_H6N5F3A1,94,46.9,82.7,68.4,112.4,98.7,114.5,94.8,106.8,117.9
P09486_116_H6N2,68.1,80.2,58.7,60.5,130.5,119.8,132.2,66.3,90.7,115.3
P05556_417_H5N4F1,92.7,74.8,71.3,74.8,131.3,124.8,119.4,105.5,120.1,116.3
P05556_212_H4N2F1,252.6,200.7,182,183.3,310.7,332.6,331.7,275.5,270.4,277.7
Q9NR99_2500_H5N3F1,69.8,50,49.4,39.8,164.6,92.6,83.3,58.7,147.6,110.1
Q13740_480_H5N4A1,70.2,103.4,91,106.3,146.2,162,153.6,132.1,123.6,110.4
Q07954_3048_H6N5F1A3,159.7,175.3,155.4,182.2,172.6,215.4,223.8,267.1,181.8,226.2
P05556_50_H5N4F2A1,72.8,53.3,57.4,64,117.1,117.7,92.6,84.8,87.1,98.5
Q9ULI3_1152_H5N4F1,169.5,114.8,176.4,109.8,212.6,158.6,271.2,173,211.4,218.4
P48960_453_H5N4F1A2,105.9,74.8,98.8,87.8,95,120.2,119.7,121.7,102.7,145.3
P11279_84_H7N5F2A1,127.2,85.4,79.2,98.9,145.6,184.3,144.8,159.3,96.9,121.9
Q07954_3839_H6N3,259.1,224.9,151.3,170.1,554.3,386.8,430.7,238,363,375.6
Q6UVK1_685_H6N4F1,23.6,19.6,22,29.3,28.5,37.1,38.7,29.6,28.5,28.4
P48960_108/111_H6N4F2,99,48.7,42.3,40.4,46.2,66.6,79.4,91.2,39.7,88.2
Q07954_3264_H5N4F1A1,425.3,210.2,322.6,232.2,177,296.2,469.9,370,214.7,454
O75976_1070_H5N4F1A1,286.7,320.6,248.2,341.7,323.7,483.2,448.4,389.8,385.4,301.4
P05556_520_H6N5F1,131,24.3,74.1,43.6,111.3,71.2,143.2,84.7,104,104.4
P12109_804_H5N3A1,599.8,323.2,924.7,580.9,1095.8,1673.4,1066.3,601.5,762,551.1
Q9Y6C2_766_H5N5F2A1,294,89.2,121.4,118.2,220.4,167.6,193.2,280.2,142.5,330.7
O00192_521_H5N4,19.9,15.1,25.6,25.4,21,27.3,36.6,31,20.4,26.1
P02751_1007_H6N3F1A1,151.8,115.3,132.1,157.8,249.7,247.1,207.1,163.2,220,229.7
P52799_139_H5N4F1A1,144.4,93.9,157.6,177.9,122.1,112.9,323.6,121.3,151.7,211.1
P05556_212_H5N4A1,654.8,520.3,555,662.3,1766,1330.6,1327.9,815.7,1069.7,1203.5
Q14697_97_H9N2,1556,1715.8,1258,1453.2,1178.8,1848.1,2013.6,1947.4,2174.7,1492.8
P12109_212_H6N4F2,106.2,64.4,179.5,172.5,311,265.3,228.5,148.7,253.5,207.1
Q8TCJ2_641_H7N2,700.2,639.1,560.5,569.5,766.4,981.9,924.5,792.7,850.7,733.4
P05556_212_H6N4A1,420.7,331,289.9,331.4,607.4,614.9,583.4,460.4,436.1,534.1
P08195_365_H6N4F2A1,180.1,142.1,100.5,92.2,171.7,159.9,252.4,111.1,183.2,203.2
P02751_528_H6N4A1,628.1,272.7,403.4,316.8,1106.4,1135.3,583.2,572.4,525,801.9
Q13433_241_H5N4F1,41.2,25.5,36.1,28.1,31.5,43.1,48.1,38.9,32.9,52.5
P07996_360_H9N2,672.3,620.2,249.1,356.5,599.6,627.4,713,538,984.6,773
Q07954_2117_H4N3F1,335.9,167.9,242.1,172,153.6,322.5,277.2,362.1,166.1,295.4
Q13308_283_H6N3A1,249.8,179.5,168.4,136.5,155.1,231,286.6,197,215.2,251.9
P21589_333_H6N5F1A1,758.4,232.7,423.1,385.1,380.7,510.7,596.1,871.4,378.1,540.5
P10915_56_H5N4F1,187.5,137.8,212,290.1,3456.6,1041.9,1620.5,530.7,1513.3,988.1
Q9HD45_174_H6N4F3A1,113.6,50.9,58.8,65.3,87.7,128.7,102,94.9,69.4,105.2
Q9UBV2_608_H8N2,124.7,174.6,151.4,207.8,259,258.2,297.2,202.7,283.4,178.2
P11717_581_H8N2,421.4,701.4,311.7,489.1,521.9,714.1,734.2,581.8,580.4,641
P05556_212_H4N3F1,125.1,98.5,92.9,86.3,157.9,171.2,167.9,129.2,132.9,144.4
P02751_528_H5N4F1,2583.7,1199.9,2123.8,1661.5,6413.6,5087.7,3224.8,2897.1,2955.7,4750.1
P02751_1007_H5N4,936.4,380.3,796.5,642.7,2854.3,1891.4,1324.5,1062.3,1078.5,2107
P22413_731_H5N4F1A2,138.5,299.3,707.7,256.5,254.1,491.3,380.6,381.7,455.1,495
P13473_101_H5N4A1,470.4,330.1,287.2,269.1,1067.5,589.5,888.2,678.8,369.8,703.6
P02751_528_H5N4F2,168.7,52,92.8,66.9,1748.5,1321,418,334.2,302.5,463.8
P98160_89_H6N4F1,135.4,55.9,79.9,63.6,159.9,158.1,122.5,101.9,117.5,159.9
P98095_507_H5N4F1A2,136.1,64.6,79.4,65.3,73.6,94.8,106.3,122.4,89.2,146.7
O95297_50_H5N4A1,87.6,67.9,67.4,68.5,303.4,205.2,183.2,108.5,147.9,149.6
P12109_804_H4N2,524,307.1,843.9,515.3,965.8,1526.8,938.4,544.3,695.1,515.8
P11279_249_H9N2,29.6,45.4,30.4,50.3,44.1,72.9,62.4,57.7,33.1,41.1
Q07954_114_H3N3F1,723.5,109.1,437.5,264.6,113.5,293.1,510.8,499,478.9,422.6
Q9UBG0_497_H6N4F2,700.2,417.1,480.1,319.3,248.4,525.9,539.9,695,547.5,589
O94856_778_H5N4F3A1,104.7,81.6,99.3,85.7,139.8,159.5,130.5,135.9,129.4,128.8
P02751_1007_H3N3,1270.1,534.1,947.4,767.9,2236.1,1932.1,1361.2,1238.7,1161.7,2011.2
P12109_804_H7N3F1,221.2,125.1,244.9,156.3,255.2,399.9,305.6,194.7,254.9,187.6
Q96JB6_198_H6N4F1,54,33.6,66.4,77.2,79.4,111.4,61.4,63.2,102.4,77.8
Q96RW7_1552_H5N4F1,217.4,52.6,97.1,56.7,101.7,68.7,165.5,105.9,74.7,289.4
P02751_528_H6N4F1A1,80.8,72.9,68.6,77.7,238.1,223.4,135,118.4,104,140.3
P98160_3780_H4N2F1,193.9,103.3,129.5,132.8,273.7,246.8,214.7,161.7,232.1,262.9
Q07954_114_H4N3F1A1,411.9,343,309.5,275.2,246,420.5,491,484,320.5,412.4
P12110_785_H5N4F1A2,923.5,777.1,1140.4,949.8,1049.2,1730.8,1392.5,1237.3,1194.1,951.4
Q5ZPR3_104/322_H5N4A2,111.9,128.1,171.8,191.4,182.5,257.5,196.7,258.8,123,220.3
Q9HDC9_196_H8N2,837.2,829.4,642.6,755.7,795.1,1144.8,1175.5,951.5,1015.2,903.7
Q96K49_159_H5N4F1A2,42.4,26.4,21.5,21.1,21,45.8,29.6,29.7,31.5,41.5
P08473_145_H6N5A1,194.1,291.9,213.8,236.6,205.9,341.2,340.1,324.5,261,270.4
P35555_1581_H6N5F3A1,200.2,123.3,286.4,193.8,273.4,175.7,221.5,352.9,332.5,367.3
O75976_855_H5N4F3A1,264.1,231.3,190.7,196.6,184,338.6,236.9,288.2,252.8,320.4
Q14236_47_H6N2,635.1,701.3,641.2,669.1,1302.2,1016.6,825,769.8,1676.9,1032.3
P05556_481_H6N5A3,23.2,34.1,34.1,33.9,120.1,79.1,78.4,55.5,52,65.8
Q9NR99_1910_H4N3F1,1838.6,2025.1,1364,1632.9,1642.6,2164.8,2280.6,2093,2378.7,2548.8
Q13308_116_H5N4F3,233.9,130.5,184.7,145.4,147.4,231.8,223.6,218,206.7,255.3
Q9UBG0_69_H6N4,360.2,168.3,199.5,113.7,109.3,211,249.6,277.9,304.4,240.2
Q9UBG0_492_H5N4F2,220.9,64.8,110.3,74,142.9,150.4,174.2,164.4,122.9,215.2
P98160_3780_H5N4F2,175.4,90.8,124.9,146.3,315.2,319,203.6,204.3,171.8,252.2
Q07954_114_H5N4F1A1,929.5,461.3,703,503.2,542.5,733.3,985.9,927.9,756.2,835.9
Q07954_3839_H4N3F1A1,355.6,287,332.3,330.5,340.7,477.4,493.6,499.3,336.5,416.3
P04216_79_H5N4,82.7,98.9,74.5,131,388.9,206.8,244.3,116.8,225.6,254.8
P08473_285_H5N4A1,61.4,54.8,55,73.6,56.4,126,76.6,64.6,67.3,72.6
P15848_188_H6N2,308.2,270.1,190.5,218.8,293,352.6,383.8,272.7,349.8,372
Q92896_786_H5N4F3A1,223,106.7,116.9,128.6,128.3,200,220.7,201.4,152.4,176.4
P07996_248_H6N4A2,30.3,20.8,21.2,31.1,72.9,62.8,52.7,38.4,34.8,49.8
Q14982_44/44_H6N4F2,26.4,22,35.7,36.1,58.6,58.9,46.4,36.3,40.8,59.7
Q13740_306_H10N2,36.1,75.2,62,57.9,101.4,102.7,119.6,81.6,95.1,51.4
O43556_200_H9N2,225.3,156.7,191.1,187.5,337.3,248,329.8,296.4,238.4,374.3
P02751_1291_H6N5F1A2,75.8,51,76.3,66.7,124.2,155.4,89.5,94,86.8,108.1
P02751_1007_H6N4F1,430.2,240.8,365.4,335.8,1186.9,972.2,593.1,573.2,535.4,794.2
P98160_89_H5N3F2,160.5,59.5,70.9,59.9,129.9,149.1,138.8,105.7,106.2,151.8
Q07954_3333_H6N3F2,94.4,147.2,72.6,82.7,319.4,252.5,257.7,111.3,176.7,173.6
P35555_1581_H5N4F1,1977,428.2,1349.8,686.3,2130.7,642.1,1261.3,1658.4,3078.2,2276.3
P35613_268_H5N4F4A2,441.8,113.2,408.7,302.4,189.7,398.3,282.1,248.5,734.9,311.5
Q07954_3839_H5N3F2,49.7,45,47.1,56.1,121,97.3,101.9,60.1,80.9,92.5
P98160_89_H5N4A2,660.2,305.4,449.4,506.7,865.7,1091.8,590.8,658.8,554.1,889.4
Q13740_306_H6N5F1A2,72,334.3,165.2,269.6,159.2,365.4,350.8,260.3,258.2,123.7
P08962_172_H6N5F3A1,144.7,94.8,107.1,144.5,169.3,199.6,165.4,131.2,244.1,156.6
P09619_371_H5N4F1A2,108.9,116.2,70.4,79,126.3,131.1,116.6,147.8,72.2,212.8
P35555_448_H5N4F1A2,146.6,89.9,243.6,149.3,247.3,177,189.4,313.9,201.4,310
P02751_1007_H5N4F1,3309.9,1323.7,2877.2,2312.5,7834.9,6565.6,4416,4103.9,3831,5988.3
Q13308_116_H5N4F1A2,1871.8,1372.8,1424.6,902.9,1280.7,2069.4,1894.9,1725.5,1504.2,2148.1
Q14108_105_H9N8F5A2,23.2,14.7,10.2,21.6,30.2,33.7,29.2,35.1,19.2,19
P48960_108/111_H5N4F3,26.1,18.5,18.3,20.4,31.5,33.5,35.2,28.9,27.5,31.5
Q9UBP4_204_H8N2,73.9,201.5,232.1,235.7,148,250.8,342.2,89.4,360.8,172.9
P07996_248_H3N4F1,349.9,322.1,361.7,361.7,609.5,491.7,571.8,530.7,559.8,584.6
O95084_207_H5N4F1,609.4,362.9,1231.5,740.2,1929.2,1067.6,838.9,611.9,2906.8,1232.6
P35613_302_H8N7A4,33.1,39,33.5,37.7,55.3,60.9,65.7,38.3,56.2,50.3
P35555_1581_H6N5F1A2,75.9,37.1,104.3,78,117.8,75.5,79.9,144.6,129.8,135.2
Q07954_2521_H3N3F1,506.3,253.9,387.4,277.7,216.6,398.1,510.9,523.3,365.4,451.4
P02786_251_H5N4F1A2,545.6,364.6,470.7,388.8,572.9,855.4,646.9,614.3,463,839.7
O14786_522_H5N4F1A1,846.1,478.3,620,779.5,711,1072.1,947.6,916.2,873.2,902.6
Q9UBG0_69_H4N3,268.4,130.8,156.7,95.3,103.2,173.4,199.1,225.8,240.8,195.9
O00192_521_H3N3,83.1,33.4,99.4,76.8,57,91.5,105.1,119.5,68.4,95.4
P57087_187_H5N4F1,99.9,45.8,109.6,65,137.9,117.3,126.2,95.1,179.7,110.8
Q07954_3333_H5N3A1,679.3,395.6,525.4,512.9,734.2,1097.3,1028.5,703.3,872,915.8
P24821_1485_H7N6F1,134.9,99,128.5,137.9,219.5,250.5,201.2,173.4,174.4,189.5
P05556_212_H5N4F1,1008.1,429.9,611.9,411.9,1649.9,1307.1,1256.4,906.4,1115,1066
Q9UBG0_69_H6N4A1,118.6,92.1,74,76.5,86.4,132.6,132.9,124.6,112.6,112.9
P10915_56_H4N3F1A1,81.1,61.4,88.8,126.2,431.3,218,256.5,132.4,252.8,225.5
P13473_275_H6N4A1,189.9,93.1,132.9,102.6,138.5,236.8,155.2,180.7,157,174.4
Q9Y4G8_940_H4N3,190.2,61.9,161,122.4,217.4,273.6,181.2,201.7,171.4,209.4
Q9Y4L1_515_H7N2,1570.9,1175.5,831.9,793.2,1546.4,1712.2,1764.8,1340.2,1641.4,1696.4
P16112_658_H5N4F3,71.9,42.8,76.6,71.3,215.5,165.1,120.9,138.3,91.9,142.9
P21589_333_H7N5F2,172.9,50.5,101.8,74.3,98.7,131.6,139.4,196.1,87.3,132.9
Q07954_114_H4N4F1,48.9,14.2,37.6,26.2,15.1,32.9,41.2,39.2,39.2,43.4
Q8TCJ2_623_H9N2,1012.8,922.4,749.1,800.2,1111.2,1352.6,1330.9,1169.3,1327.1,1160.6
Q8TCJ2_641_H9N2,3439.6,2965.7,2611.7,2597.9,4045,4813.9,4666.5,4095.5,4369.3,3663.2
P02751_1007_H5N4F3,81.4,59.2,88.5,68,226.3,168.7,119.4,124.9,152.6,156.8
P11279_84_H4N3F3,671.1,157.8,399.2,362.9,348.5,755.6,560.2,424.8,444.2,497.3
P35555_1902_H5N4F1,86.6,10.6,79,27.5,137.9,17.4,58,80.7,143,173.4
Q07954_3048_H5N4F3,588.8,281.9,352.2,265.2,562.9,718.7,724.9,642.4,483.8,666.3
P02751_528_H9N2,325.9,98.2,161.6,142,265.6,350,232.3,247.4,245.7,299.3
Q9UBG0_634_H5N4F3A1,184.5,137,141.8,141.5,121.4,192.6,210.6,227.4,182.9,192.3
P24821_38_H5N4F1,367.3,209.4,275,273.1,352.6,526.5,429.2,361.3,293.3,436.5
Q07954_3788_H9N2,661.2,427.2,464.2,351.9,361.5,688.9,696.3,764.8,494.9,495.3
Q9Y4L1_515_H6N2,693.2,510.2,405.3,374.8,641.5,676.3,747.2,611.8,815.6,788.8
P05556_212_H6N4,189.4,83.7,120.3,74.7,293.9,248.6,231.1,156.6,208.3,212
P02751_1007_H5N3F1A1,130.4,103.1,96.3,147.3,217.7,229.2,192.2,146.4,191.8,204.6
Q07954_2620_H9N2,322.3,209.8,220,158.2,181.4,329.6,346.1,369.8,237.8,233.6
Q96AQ6_455_H8N2,229.2,358.4,221.3,246,398.2,490.1,430.8,334.5,358.1,406.8
Q5ZPR3_104/322_H4N3A1,162.7,250.8,239.4,302.9,348.2,439.8,353.9,369.2,255.4,396
Q92626_1425_H9N2,251.9,112.6,119.5,68.8,150.3,161.6,176.8,158,138.3,344
P07996_248_H7N2,209,256.3,154.2,230.1,393.5,253.2,357.8,242.8,576,301.1
Q13308_116_H7N5F2A1,45.8,23.3,37.2,32.2,26.3,50.1,47,38,45.7,48.9
P13473_356_H7N4,224.5,139.7,122,170,329.8,233.7,416.8,222.5,211.7,289.9
P24821_1485_H7N6F1A2,204.6,129.2,234.6,270,303.4,404.4,386.7,284.9,246.7,270.1
O15460_115_H5N2,103.5,108.3,93.1,87.1,110.1,126,125.3,109.6,203.8,135.8
P98160_3780_H5N4,134.6,73.1,95.1,93.9,229.9,211.3,187.9,128.7,166.8,179.6
P04216_79_H7N4A1,55.6,95.3,56,74.9,167.4,121.8,148.3,82.9,153.1,120.8
P98160_3780_H6N3F2,178,126.1,136.3,146.8,191.6,264.1,209.1,177.3,198.2,238.3
P12111_2558_H5N4A2,159.3,142.2,213,310.7,629,592.3,458.8,258.9,377.4,344.6
Q07954_2521_H4N4F1,32.9,25.5,39.4,27.9,19.3,40.5,43.2,44.1,33.8,41.1
Q9UBG0_140_H3N3F1,1254,571,536.7,232.9,401.3,707.3,807.1,946.4,879.8,848.8
P04216_79_H5N3F1A1,62.6,143.4,39.5,50.2,148.9,118,130.5,66.1,184.2,123
P05556_481_H6N5A4,11.4,5.4,11.3,12.8,17,21.3,19.3,10.2,14.7,15.5
P13473_275_H4N3,1833.5,686.7,1130.4,1239.6,1398.6,2100.6,1848.2,1474.4,1432.7,1947
Q9UBG0_69_H3N3F1,418.2,236.5,239.1,188.1,245,351.7,365.2,367.3,365.1,408.5
P48960_108/111_H5N4F1A2,897,920.9,541.5,456.8,479.9,913.3,950.3,1262.9,500,988.5
P41221_312/291_H5N4F2,50.3,18.4,18,24.4,59.8,53,41.1,40.3,74.7,30.4
Q13740_480_H5N4,315.1,286,348,438.1,541.5,578.6,669.8,465.9,551.6,438.8
Q07954_4278_H12N2,24.6,15,23.1,36.3,17.1,39.1,32.4,39.1,24.1,28.2
Q9UKX5_1059_H8N2,194.2,132.3,110.3,108.3,264.8,234.6,220.1,171.4,251.7,259.4
P98160_210_H5N4F3,138.2,68.7,83.9,81.7,174.8,188,143.3,121.2,137,179
Q6YHK3_68_H5N4F3A1,181.8,108.8,182.7,129,111.4,183.2,205.9,260.7,173,179.8
O14786_522_H5N4F1A2,147,109.5,102.6,127.7,90.6,173.8,153.7,174.6,139.4,170.2
Q07954_2521_H6N4A1,120.9,69.7,118.4,71.5,55.5,107.1,136.1,151.9,90.9,127
O14786_261_H12N2,190.6,126.3,131,155.4,127.8,226.2,190,233.6,176,203
P13473_275_H4N4,101.9,57.7,61.9,78.3,131.3,119.4,130.5,112.2,109.5,135.5
P13473_356_H6N3F1,191.1,108.3,130.3,190.9,260.3,307.2,294.6,193.9,194.6,250.3
P02751_542_H4N4F1,39.1,9,23.1,14.6,31.5,47.5,22.5,33,24.4,37.8
P10915_56_H6N4F2A1,84.5,78,75.2,99.9,191.1,158.2,163.1,116.2,146.3,161
Q9UBG0_69_H4N3F1A1,158.8,94.8,90.4,76.8,88.5,140.8,149.2,158.6,133.4,135.7
P02751_1007_H5N3F3,93,80.9,80.5,97.3,141.5,148.9,130.9,117.6,136.9,161.2
Q07954_3048_H5N4F1,1006.8,229.8,489.4,231.4,476.6,705.6,900,643.8,584.5,599.2
P98160_89_H4N3,697.2,307.3,500.8,738.2,778.8,1035.8,746,737.4,735.1,1010
P02751_1007_H4N5F1,507.8,296.5,490.4,469.1,1366.7,647.2,627.3,630.3,619.8,1894.4
P12111_2558_H5N3A1,186.5,178.6,164.2,152.1,422.2,395.2,314.3,201.2,354.8,294
P05556_669_H6N4F2,615.9,277.6,483.6,437.2,699.4,697.4,732.9,599.9,790.3,762.5
Q9HDC9_196_H7N2,209.4,216.3,205.9,246.4,193.3,330.9,320.6,315.4,318.4,229.4
P13473_101_H6N4F1,295,162.7,195.8,177.5,262.5,219.8,327.9,309.7,263.2,425.8
Q9UBG0_492_H7N4F1,143.6,85.9,88.5,70.5,80.1,128.6,125.8,141.9,132.6,133.9
P13987_43_H6N5F4A1,92,50.6,60.2,65.1,106.9,113.4,106,117.1,92.4,101.6
Q9UBG0_140_H4N3F1,1347.9,654.1,565.5,248.6,545.1,870.8,975.2,1029.7,954.6,927.6
P98160_210_H5N4F1,48.1,33.5,45.6,43.8,98.4,90.2,69.9,63.6,78.3,79.5
Q92626_1280_H9N2,626.2,330.3,306,242.2,639.3,560.5,591,548.9,629.4,708.8
P04216_79_H4N4F1A1,206.5,213.7,139.4,117.6,202.1,241.4,229.7,269.6,290.8,215
P02751_542_H5N4F1A1,4,1.8,4.6,2,37.8,30.2,13.4,9.1,8.8,9.7
P28300_81_H4N3F1,56.2,27.4,72.9,63.7,92,45.4,99.6,59.7,101,137.3
Q99715_2679_H3N2F1,288.4,244.6,275.4,326.4,524.5,484.7,460.7,360.2,500.2,550.7
P04216_79_H5N4F2,130.2,65.8,49.8,50.8,127.6,152.9,111.5,118.1,113.1,107.2
Q13740_306_H7N5F2,34.4,52.4,53.3,53.4,56.8,69.1,93,67,74.7,52.3
P10915_56_H9N2,547.8,248.8,450,463,3150.9,1702.7,1401.2,728.6,1833.9,1248.7
P56199_1113_H8N2,270.9,342.7,274.5,402.3,696.9,460.2,610.7,342,624.7,790.9
P08195_365_H6N5F1A4,48,30.4,34.4,27.7,49.4,47.7,73.7,34.1,61.1,53.7
P02751_528_H4N3,298.9,128.4,234.3,171.9,636.1,544.2,339.5,324.1,332.9,551.8
P35555_2077_H5N4F1A1,238.9,43.2,265.7,92.6,321.4,81.3,164.9,337.3,339.2,446.9
P11279_322_H3N2,54.3,32.9,38.2,54.4,61.6,77,84,60.7,57.2,65
P21589_53_H5N3F1A1,128.3,79.2,65.6,63.3,74.2,117.6,114.4,145.9,82.7,124.4
P02461_1367_H8N2,47.2,8.4,62.4,20.2,113.7,97.6,50.9,57.5,52.4,100.7
P24821_1034_H5N4F1A2,95.2,64.5,113.5,121.6,248.6,201,245.2,203.7,144,123.4
P35613_160_H7N6F1A2,68.7,45.6,51.3,63.4,92.9,100.4,87.2,78.8,101.9,90.9
Q9GZX9_81_H6N2,356.1,269.3,350.4,256,214,395.3,607.7,354.8,425.7,279.3
Q9UBG0_69_H4N3F1,858,587.8,497.1,433.2,621.6,879.3,879.4,845.3,872.2,802.3
P24821_1485_H5N4F1A2,101.6,62.4,91.7,111.9,155.4,135.5,219.5,152.5,93.3,146.3
P11279_84_H5N4F2,129.2,67.8,91.6,101.7,193.3,183.9,188,154.5,127.7,179.9
Q99519_186_H5N4A2,109.9,113.4,116.5,160.8,151.7,203,223.5,161.6,156,188.2
Q5ZPR3_309_H6N4F2,34.8,25.8,36.8,35.1,29.6,54,46.1,55.4,31.7,44.6
P12109_212_H8N2,168.4,137.4,148.3,129.5,254,269,256.8,238.2,219.5,214.7
Q9Y4L1_862_H7N8,177.8,128.1,128.4,126.9,228.9,236.2,255.2,194.8,198.3,245.8
P98160_3780_H6N3F1A1,146.6,100.1,116.8,125.2,164.9,225.8,163.7,146.6,181.3,218
Q96AY3_393_H4N2,2105.2,2321.2,1393.7,949.9,2112.3,2345.1,2261.9,1914,3836,2355.5
P08195_365_H7N6F1A1,127.4,83.2,91.2,71.6,131.6,106.3,165.1,86.1,177.7,187.9
Q6YHK3_68_H5N4F2A1,111.1,48.9,72.6,70.1,85.6,121.3,118,103.1,82.5,131.1
Q07954_1511_H5N4F1,148.3,111.8,118.2,118.8,85.6,180.9,178.7,174.8,160.9,139.1
P02751_1007_H3N3F1,2051.2,658.8,1551.9,1148.8,4298.6,3688.9,2402.5,2336.5,2019.3,3460.2
Q8N6G6_1084_H5N4F1A1,211.5,136.4,213.4,203.3,308.7,327.7,258.3,383.7,216.7,353.5
P08473_145_H7N5F1,70.7,103.7,71.8,82.9,89.1,141.6,118.2,126,104.4,110.2
Q13308_283_H5N3A1,418.9,250.9,313.3,228.3,308.3,461.8,508.4,320.3,403.8,489.2
O95084_207_H4N5A1,37,36.2,22,25.9,118.9,49.3,49.4,36.8,151.1,58.3
Q07954_357_H10N2,166.4,103.4,99.7,66.5,115.7,183.5,177.1,213.4,116.3,103
Q5ZPR3_104/322_H5N4F3A1,39.6,31.7,46,36.9,82.8,72.6,55.4,70.7,55.5,86.7
P08174_95_H6N5A3,78.3,60.9,78.1,102.8,78.8,135.6,102.7,113.2,105.6,116.8
Q92629_108_H8N2,347.2,477.6,247.5,282.5,363.6,500.8,563.8,372.6,499,537.5
P02751_528_H7N3,233.3,199.7,175.1,183.3,340.9,338.8,300.9,239.2,273.6,478.4
Q07954_2521_H5N4F1,126.6,67.7,118.4,75.4,65.1,115.4,154.4,139.9,115.3,127.8
P08195_365_H6N5F3,198.9,113.2,124.4,109.8,161.1,150.4,233.6,143.4,247.1,246.5
P11279_249_H6N5F1A1,55.1,48.4,40.5,70.2,77.9,117.4,91.1,168.4,56.5,69
P09619_215_H5N4F1A1,182.7,100.8,119.4,120.5,148.3,217.5,215.3,206.9,140.9,189.1
Q15223_297_H5N4F1,35.7,10.7,8.6,12.7,17.2,22.5,16.4,17.9,38.5,27.3
Q9NRN5_248_H5N4F1A2,39.8,30,56.1,54.3,67,78.6,88.5,75.4,62.1,52.4
Q9UBG0_492_H4N3F1,270.6,158.8,162.4,123.7,154.8,243.4,235.1,274.6,252.7,254.3
P05556_50_H6N4F3,29.5,32.7,34,34,56.2,54.7,56.3,49.4,48.9,60.6
P04216_79_H5N3,78.9,104.8,57.8,78.1,228.3,148,165,96.2,193.9,190.3
P04216_79_H7N5A1,265,68.2,167.6,151.2,121.9,235.3,194.2,233.9,248.8,210.8
P13473_356_H6N2,1827.9,852.6,695.1,476,1494.8,1715,1485.1,1208.6,1373.8,1978.2
P30101_90_H4N4F2A1,331.4,171.4,284.6,185.4,620.9,492,456.2,429.2,356.5,580.7
P10915_56_H4N4F1,59.4,44,48.4,61.4,282.5,138.9,182.6,88.8,157.5,152.4
Q92896_786_H5N4F1A2,408.6,126,187.3,147.3,184.7,291.4,358.5,321.7,252.3,307.4
P98160_3780_H6N4,344,67.7,253.5,180.4,308.8,416.1,302.2,326.7,276.7,355.7
P48960_108/111_H6N4F2A1,229.4,192,157,165.3,147.8,231,266.1,359.3,157.1,283.3
P02751_1007_H5N4F2,333.4,290.4,280.3,316.3,1821.7,1580.4,755.3,680.9,600.3,808.4
Q9NX62_259_H5N4F3A2,280.4,193.4,163.6,272.8,264.3,406.3,342.4,340.6,290.8,329.8
P02751_528_H6N3,1211.7,751.4,652.3,622.9,1222.9,1213.3,1204.7,991.8,1083.6,2010
Q9UBG0_69_H6N4F2,97.5,74.9,75.4,73.9,73.2,115.6,122.5,118.3,111.6,107.7
P24821_1485_H7N6F1A3,48.5,30.8,49.5,59.7,93.6,105.3,90.4,77.8,63.3,74.7
P08195_365_H6N5F3A3,104.3,75.3,78.7,67.1,152.9,128.9,182.6,89.4,148.3,150.3
P02751_1007_H6N2,281.3,226.9,227.6,299.2,396.8,439.3,392.3,324.4,376.6,562.6
P35555_1902_H3N3F1,245.1,17.3,145,25.2,279.5,30.2,113.5,229.3,277,392.4
Q9UBG0_69_H3N3F2,82.4,62.7,76.2,75.9,81.8,110.8,118.2,108.2,121.5,96.1
Q9UBG0_69_H8N2,129.1,129.4,64.2,61.6,118.4,129.2,170.8,130.7,189.2,116.3
P13473_275_H4N3F3,53.4,37.9,35.7,59.5,113,90.4,120.3,96.6,49.1,82.4
P24821_1119_H6N4F2,89.3,49.4,79.4,66.8,95.6,120.9,129.8,104.7,88.1,114.1
Q02809_197_H6N2,263.7,126.4,144.7,68,198.3,273.4,229.4,263.3,178,230.6
P11279_103_H6N2,109.6,133.4,63.9,186.9,253.3,279.2,227.6,161.8,197.9,229.4
O95185_236/222_H5N4F1A1,220,127.6,128,212.7,184.5,220.9,284,195.7,293.1,287.3
P08962_172_H6N5F1A2,166.7,123.4,115,176.2,197.1,232.8,201.1,172.4,356.8,179.5
O14786_522_H5N4F3A1,139.1,100.5,107.3,136.5,129.5,175.8,174.4,192.8,155.4,201.5
P35555_1581_H5N4F1A2,349.7,209.4,439.3,341.1,392.2,405.4,469.2,637.5,456.7,574.5
Q07954_3333_H5N3F2,141.1,76.2,113.6,103.2,169.5,210.4,182.1,133.9,169,191.5
P11279_249_H7N6F1A1,12.7,8.1,12,8.6,17.7,13.6,26.7,18.2,11.5,16.9
Q6V0I7_2921_H5N4F1A1,278.1,192.9,244.8,224.2,197.3,352,370.6,308.7,255.1,386.2
Q07954_114_H6N4A1,198.7,51.2,141.1,93.3,50,119.4,180,186.9,154.8,144.9
Q13740_306_H4N3F1,222.4,412.1,614.9,302.9,319.1,637.5,837.4,593.7,699.1,358.9
O60637_127_H9N2,48.1,41.4,45.9,59.5,57,81.6,93.4,60.2,73.9,62.5
Q9UBV2_195_H9N2,198.8,204.7,195,209.1,266.5,331.5,316.3,298.1,340,299.7
Q07954_3333_H6N3A1,70.9,48.9,45,52,94.3,109.6,98.5,59.5,90.8,100.9
P02751_1007_H6N4,1346.4,443.5,1007.8,703.6,3093.4,2682.1,1649.2,1522.1,1430.3,2455.2
P14625_217_H6N2,187.5,185.7,137.1,124.9,257.6,260,308.1,216.3,300.3,234
P13473_356_H7N2,941.2,1121.1,422,1077.2,2456.6,1982.1,1746.4,1244.5,1829.2,2097.9
Q08431_64_H5N4F1A1,32.9,38,52.6,118.3,123.1,106.2,134.3,98.2,103.9,97.1
Q07954_2127_H3N3F1,633.8,255.6,361.1,249.3,349.4,582.6,647.3,524.4,460.1,522.7
P11279_322_H11N2,99.1,78.3,25.5,42.1,70,83,172.5,102.7,43.5,64.6
P35555_1581_H12N2,308.9,139.1,450.6,291.1,357.5,252.9,322.3,677.6,445.3,594.8
Q9UBG0_634_H6N4F2,206.4,163.9,137.6,129.5,138.3,207.8,229.1,267.6,235.8,209.7
Q07954_4075_H6N2,1176.2,1314,595.2,852.2,1310.3,1702.4,1439.8,1065.6,1704.6,1868
Q13740_480_H12N2,256.2,294.8,276.8,347.9,390.3,617.3,464,497.4,415.4,327.9
P06756_704_H4N3F1,17,6.3,13.8,15.9,21.3,29.1,23.8,22.1,11.5,23.7
P24821_38_H6N5F1A1,113.6,56.2,115.5,115.9,105.4,174.5,168.7,141.6,104.9,162.9
P08473_145_H4N3,427.2,675.2,499.4,435.9,171.6,937.9,446.9,712.3,602.4,587.4
P09486_116_H8N2,198.1,120.6,114.6,65.9,502.1,295.3,390.4,160.3,218.4,425.4
P54802_503_H5N4F2,46.1,38,33.6,36.3,50.2,50.3,67.5,70.8,48.1,67.4
Q07954_357_H9N2,154.4,90.5,113.1,74.9,103.8,162.3,165,197.8,148.7,125.7
P10619_333_H7N2,196.2,121.6,159.3,155,242,331.8,277.3,196.4,225.2,272
P13473_275_H5N4A2,153,93.7,137.2,125.1,197.4,214,240,212.2,181.6,205.2
Q9Y4L1_862_H9N8,153.5,119.8,86.3,91.5,144.2,177,201.3,145.2,150.5,213.8
P04216_79_H7N3F1,75.1,180.8,66.6,81.8,327.3,193.1,233.2,121,312.5,231.6
P98160_3780_H4N3F1,808.1,237.1,577.8,401,674.6,1074.4,725,678.9,691.2,860.9
P12111_2558_H5N4F1A1,499.8,427.6,976.7,793,1061.1,2003.2,1192.6,707.4,1137.8,575.7
P02751_1007_H4N4F3,403.5,216.8,266.1,368.2,447.3,810.2,507.3,496,344.2,391.9
Q96RW7_1929_H5N4,209.7,129.9,147.2,129.2,439.4,407.3,303,232.8,226.4,413.8
Q9UHN6_914_H9N2,1255.3,1032.2,938.1,653,2251.9,2168.8,1646.7,1267.1,1871.4,2248.9
P05556_406_H6N4F2,16.1,10.9,21.8,16.1,19.1,28.4,31.7,21.5,24.1,20.4
P11279_249_H3N4F1,105.9,22.2,96.1,62.9,52,114.7,142.8,69.1,82.1,101.4
Q13740_167_H5N4F1A2,115.6,134,138.4,125.8,188.9,239.4,225.6,220,169.9,202.6
P08648_868_H5N4F2,360.7,112.2,207.3,162.9,470.3,463.6,388.9,323.5,393,407.6
P02751_1007_H4N3,1588.1,710.8,1265,1135.2,4115.7,3249.2,2332.7,1875.1,2072.6,3766
O60637_167_H5N4,58.5,46.8,51.7,70.6,147.6,129.4,139.6,106.3,88.7,103.5
P08195_365_H7N6F3A1,70.6,65.3,55.9,75.7,164,100.5,185.3,77.6,153.2,136.6
P09486_116_H7N2,162.6,165.1,140,107.9,572.1,379.2,529,173.3,311.4,346.1
P13726_156_H5N3A1,91.3,80.1,84.9,99.3,96.4,145.6,166.6,83.9,175.3,113.6
Q9NR99_2203_H8N2,826.5,531,346.7,456.2,1986,1336.4,840.9,603.7,2001.8,1504.3
Q6V0I7_615_H7N2,193.3,132.8,195.9,141.5,115.5,255.3,316.9,228.6,172.6,210
P98160_3780_H5N4F1,2200.9,317.8,1593.9,909.7,1876.8,2756.4,1811.9,2044.6,1692.8,2178.3
P05556_520_H7N6F1A1,66.6,18.7,61.4,55,98.6,95.5,86.7,64.1,130.4,80.4
P11279_84_H5N4F3A1,139,64.2,88,76.6,129.2,173,172.6,129.5,120.4,161.6
P02751_528_H6N4,457.7,107.5,308.4,162,1153.7,988.2,528.1,450.9,482.4,886.3
P16070_57_H5N4F4,135,102.9,122.6,177.8,206.3,235.4,237.3,190.8,231.5,239.6
Q07954_3839_H6N3A1,259.6,247.5,149.7,179.5,273.7,368,358.3,247.6,339.8,378.1
Q9NR99_2693_H7N2,401.6,376.3,323.8,450.3,1458.1,1029.3,763.1,490.2,1266.6,1040.2
Q07954_2127_H6N5F1A4,85.2,41.3,84.1,82.2,40.1,80.2,113.1,110.8,97.1,106.6
Q9UHN6_739_H9N2,11,14.5,8.4,12.6,16.6,28.7,19.2,14.7,13.5,20.2
Q9UBG0_69_H5N4A1,106.3,58.1,57.6,76.6,71,120.7,109.1,136.5,89.4,108.5
P35555_1902_H6N4A1,111.4,6.3,87.5,25.8,135.9,19.9,67.1,129.2,118.9,225.1
Q92626_1425_H8N2,331.8,202.1,210.5,153.5,256.4,298.6,321.6,309.6,291.6,541.5
Q07954_4364_H5N3A1,70.6,13.3,56.4,50.4,39.5,66,56.6,55.9,85.6,87.5
P11279_249_H6N4A2,50,14.1,50.4,31,31.5,59,69.3,34.4,43.7,64.2
P24821_1485_H5N4F1,209.9,112.6,168.4,134,232.6,276.4,362.9,233.3,174.8,264.2
Q92629_108_H7N2,954.9,1807.2,678.8,1135.1,1027,1751.1,1748.5,1173,2457.4,1449.3
P08195_365_H12N2,537.2,358.1,318.2,220.5,514.9,485.8,852.6,336.6,620.6,693.8
P05556_481_H6N5F1A3,33.4,26.2,24.1,15.4,36.1,69.5,40.1,41.1,21.4,35.3
Q07954_3048_H6N4F2,419.7,183.3,233.1,154.4,271.6,433,447.8,396.7,271.7,387.1
P02751_528_H4N3F1,4936.5,1349.4,3802.8,2124.1,12196.1,11051.9,5821.4,5276.5,5536.2,9773.5
P02751_1007_H3N2F1,569.2,315.8,350.7,412.4,707.6,827.4,661.3,526.6,661.1,942.5
Q07954_2620_H7N2,203.2,158.4,155.5,115.2,126.5,246.5,227.2,267.8,184.5,241.9
Q07954_4364_H7N2,138.1,100.9,104,80.5,97.6,165.5,185.7,170.4,147.7,135.5
P02751_1007_H9N2,1650.7,333.6,711.4,632.6,1070,1850.5,1131.4,1109.5,1282.6,1420.3
Q07954_2620_H10N2,78,58.6,40.8,46,53.2,99.3,108,108.8,52.5,58.7
P12111_2558_H6N3F2,95.8,79.5,73.4,89.7,163.2,190,159.4,119.3,166.2,140.1
Q15389_243_H5N4F1,54.3,53.9,98.3,244.1,158.2,126.9,323.5,308.4,88,95.2
Q12797_12_H4N4F2A1,3.5,3.1,8.8,8.1,0,9.8,8.6,6.8,5.6,5.6
Q8TCJ2_641_H8N2,627.1,529.8,455.8,426.6,970.3,1066.7,1114.4,914.9,845.8,726.7
P10915_56_H5N4F1A1,298.3,264.7,346.9,514.1,4822.8,1843.8,2489.5,1069.6,2253.2,2055.1
P11279_84_H6N5F1A2,333.6,311.9,227.9,320.2,469.4,672.1,523.5,596.8,353.4,439.6
P21589_333_H6N5F1A3,443,350.5,746.2,404.2,232.4,446.4,678.6,1350.2,258.3,650.9
Q13308_116_H7N5F2A2,78.1,46.5,62.7,53.8,70.4,97.3,96.2,93.6,82.2,115.6
Q9UK32_651_H6N2,210.9,244.5,299.1,186.8,397,421.7,389.3,317.5,593.9,361.3
Q07954_4364_H5N4F1A2,33.8,21.6,31,37.3,24.7,55,45.1,56.3,28.9,46.1
P14867_38_H4N3,83.9,57.4,46.9,42.6,62.7,101.5,100.4,87.1,69.7,99.7
Q07954_3788_H6N4F2A1,21.1,9.4,19.8,20.6,16.2,27.6,26,30.3,24.1,28.1
Q9UBG0_69_H4N4F1,174.4,122.4,104.1,95.2,101.4,177.1,201.1,201,173.9,180.7
P57087_187_H5N4F3A1,45.7,30.5,54.4,45.1,72.8,95.7,93.3,48.8,82.8,68.1
O60637_167_H6N3,61,43.1,45,63.2,173,119.2,165,88.7,125.9,104
Q07954_4364_H5N2,49.6,38.5,29.7,26.9,45.2,55.3,70.8,58.7,61.2,51.3
Q07954_4364_H6N4F2,45,17.3,34.1,25.9,27.1,44.1,62.7,44.3,42.7,40.2
Q9H6B4_74_H6N5F1A2,56,49.9,53.9,51.1,51.9,79.7,65.4,86.9,71.6,108.3
Q9UK23_420_H5N4F1,65.2,41,50.4,23.3,25.7,65.5,75.1,67.4,64.6,49.7
P06756_74_H6N3,1461.5,771.8,906.7,871.5,2171.7,2053.3,2136.7,1288.3,2089.8,2135.3
Q9UBG0_69_H5N4F2A1,137.9,84.3,89.1,112.2,156.5,217.8,197.2,187,139.7,169.9
Q9UKX5_462_H5N3F1A1,250.5,180.5,153.5,145.6,406.2,369.8,388.1,257.7,395.1,375.7
Q07954_3839_H8N2,176.8,120.9,118.6,87.5,228.3,215.9,240.7,192.1,272.6,230.8
P98160_89_H5N3A1,236.5,103.8,115.4,97.8,240.5,302.3,224.8,195.8,193.1,334.2
Q07954_2521_H4N3F1A1,235,158.6,237.6,165.4,96.6,253.7,298.6,341.5,219.5,293.7
P30101_90_H3N3F1,139.5,154.9,93.6,140.4,60.5,195,180.7,213.6,188.9,150
P98160_3780_H6N3,880.4,371.3,511.6,637.6,937.4,1355.7,1022.6,706.2,1028,1151.7
P05556_520_H6N5F1A1,50.5,22.3,32.6,20.4,73.2,62.4,77.7,52.6,46.8,74.4
P12111_2558_H5N4F1A2,329.1,267.9,528,610.5,522.2,973.7,803.9,621.4,678.9,496.7
Q12841_175_H8N6F4,64.1,54.6,70.3,77.1,97.4,103.3,127.2,105.7,144,95.4
P02751_1007_H4N3F1,4326.5,1358.9,3612.6,2574,12064.1,10490.1,6403.5,5727.6,5596.6,9692.9
P48960_33_H6N4F2,57.2,41.9,53.3,55.9,70.1,81,84.8,98.2,97.9,80.1
P04216_79_H5N3F1,195.9,511.3,110.5,133,509.4,363.2,475.1,213.3,728.6,538.7
P13726_156_H6N3A1,50.4,51.6,41,50,59.1,78.7,98,49,105.4,69.6
Q5ZPR3_309_H4N3F1A1,58.3,39.3,77.3,55.9,48.7,94.3,88.7,109.7,56.9,94.7
P13612_138_H5N4A1,9.4,9.7,13.6,12.3,42.4,39.3,29.6,19.5,19.4,31.2
Q9UKX5_528_H7N2,192.8,73,95.5,96.6,161,112,106.5,195.3,263.4,307.1
P05556_481_H5N4F1A2,228.3,59.6,103.9,42.3,154.4,195.1,229.7,217.8,108.1,186.1
P02751_528_H3N3F1,443.3,112.3,343.1,195.1,1134.4,956.2,577,486.5,534.4,994.1
O60637_167_H5N3A1,40.3,43.6,28,39.4,66.6,78.2,88.7,57.2,64.3,58.8
P09619_215_H5N4F3,161.4,88.6,99.2,102.3,196.7,205.1,246.3,198.8,172,211.7
P02751_528_H6N4F1,328.3,83.7,228.1,142.1,1045.3,938.4,469,346.9,430.9,735.9
P13674_113_H8N2,1187.6,610.4,659.5,428,864.1,1303.9,992.2,820.9,1311.4,1571.5
P35555_1902_H5N4F1A2,295.3,72,384.3,103.7,479.3,138.3,238.2,638.9,394,728.4
Q9UKX5_1059_H7N2,41.8,18.2,17.4,15.1,81.4,62.8,62.8,45.2,60.9,47.2
P50454_120_H3N3F1,39.6,24.3,36.9,25.7,23.6,47.5,29.8,35.2,37.6,90.7
Q5ZPR3_309_H6N4F2A1,40.4,36.8,60.8,51.9,41.4,85.9,71.4,98.3,42.7,72.8
Q92896_786_H7N6F2,455.6,248.1,211.5,214.7,195.7,433.8,392.9,511.1,315.3,474.4
P56199_418_H7N2,638.4,554.3,365.9,475.4,653,609.7,903.4,660.1,1031.4,1115.2
P24821_1485_H5N4F3,154.9,89.8,111.8,101.5,196,187.7,292.6,179.8,155.9,235.9
P28300_81_H5N2,239.2,153.4,141.8,119.4,653.5,469.6,460.7,335.2,411.8,426.8
P05556_406_H6N4,70.2,29.2,62.1,63,81.1,94.4,112.8,81.4,110.8,92.9
P98160_3780_H6N3F1,565.7,298.6,290.2,304.6,549.4,714.1,617.3,369.1,782.1,755.8
Q86WC4_135_H9N2,30.1,31.8,26.1,59.1,78.5,91.7,106.2,50,55.6,60.7
P98160_3780_H4N3F1A1,414.4,235.7,331.3,334.3,408.9,766.1,454,469.2,451,647.3
Q07954_2620_H5N2,197.9,133.4,131.8,150,147.3,237.8,359.7,243.5,163.5,224.7
Q96RW7_2395_H5N4F1,616.7,162.2,340.3,163.9,385.3,349.9,650.3,412.2,372,915.4
P24821_1119_H5N4F1A1,416.7,272,380.6,426.2,612.2,898.1,848.9,617.9,471.6,579
P98160_89_H3N3F2,290.1,119.9,203,196.8,264.6,428.6,267.7,330.2,263.2,451.6
P48960_371_H4N3F3,62.9,36.2,56.5,69.3,53.7,91.3,107.4,75.9,74.2,103
Q07954_2620_H4N2,175.3,108.4,98.3,124.9,117.9,205.8,301.3,195.1,133.2,178.2
Q9UBG0_492_H5N4F3,395.9,182.5,248.3,133.4,126.2,285.1,339.8,417.6,383.2,340.1
Q92896_786_H5N4F1A3,1161.6,598.7,513.8,511.2,395.3,1043.9,977.6,1255.8,734.4,1161.7
Q07954_2620_H6N3,90.2,58.3,52.4,70.1,77.7,120.1,166.7,102.8,74.3,103.7
P07996_360_H3N3F1,284,159.4,181.5,156.1,350.3,365.4,450.4,288.8,339.2,400.2
P11279_84_H4N4F1A1,600.9,240.7,356.5,448.9,1115.1,1068.7,1081.9,803.4,626.6,922
P23142_98_H5N4F1,71.7,17.9,37.7,11.7,97.6,88.2,99.3,100.5,23.3,74.5
Q9UBG0_140_H5N4F1,121.1,49,55.5,47.2,54.3,87.3,120.8,115.1,94.6,115.6
P04216_79_H6N3,212.6,621.1,137.3,202.3,1536.5,644.3,870.5,374.8,1437,1094.3
P15586_362_H5N2,135.8,120.1,185.7,145.1,204.5,318,250.3,237.3,233.7,253.7
Q10588_95_H5N4F1A2,149,136.3,117.7,171.7,358.2,376.1,251.8,277.3,229.6,390.3
P05556_406_H6N4A1,84.3,54.8,70.4,60.6,93.7,124.6,129.2,112.9,103.7,124.9
Q5ZPR3_104/322_H5N3A1,96.4,183.4,103.7,153.6,281.1,351,315.8,214.2,166.3,294.2
P35555_1902_H4N3F1A1,172.7,14.3,147.1,15.5,205.8,27.4,93.9,233.7,184.9,371.2
P24821_1485_H7N5F2A1,80.2,48.8,82.9,83.3,136.2,221.4,159.1,138.2,82.7,107
Q02809_538_H8N2,40.9,32.4,24.5,15.6,43.7,54.7,47.3,39.2,64.2,53.4
P24821_1485_H6N5F3A1,102,57.8,82.5,94.3,216.5,233.9,191.6,163,124,199.2
Q9NR99_2500_H8N2,59.6,126.5,39.6,65.5,281.9,184.4,117,66.5,370.8,206.6
P13674_259_H5N2,99.8,112.1,142.2,106.8,164,215.9,185.4,174.6,272.6,184.3
P98160_3780_H5N3F1,1398,474.9,755.4,662.2,1161.5,1753.7,1384.6,889.4,1568,1777.9
P02751_542_H5N4F1,95.6,24,78.5,41.8,226.4,235.5,124,142.4,140.5,155.5
P30101_90_H5N2,849.4,228.1,558.6,258.7,1035.4,1151.1,1144.9,861.5,793.9,907.1
P13674_259_H6N2,615.5,694.5,885,567.9,1013.2,1243.3,1154.2,1091.8,1717.4,1065.5
Q99571_75_H5N4F1A2,115,73.1,99.7,90.2,82.6,189.2,127.5,152.1,135.9,160.4
O95084_207_H4N5F1,89.3,67.2,75.5,80,260.4,108.4,101.3,79.1,536.5,127.6
P11279_103_H7N2,274.8,281.9,229.5,395,532.3,650.1,566.5,415.5,676.3,558.4
P04156_197_H9N7A1,166.5,55.7,110.3,91.3,104.7,119.5,190.1,161.8,195.5,217.4
O95980_297_H5N4F2,50.2,15.6,24,15,29.1,51.4,45,62.5,26.7,38.9
P09619_371_H4N3,43.4,12.9,24,20.9,24.1,38.3,46.9,39.5,34.4,51
P28300_81_H5N4F2,139.6,40.8,143.9,99.5,220.9,191.2,191.9,171.3,172.7,355.7
P53801_54_H8N2,227.5,191.2,166.5,339.6,425.2,490.7,467,291.6,468.7,552.3
P35555_1902_H6N4F2A1,109.8,38.3,143.9,47.2,135.7,66.9,89,232.1,149.1,261.8
P12107_1640_H9N2,100.7,110.6,87.6,65.8,1205.8,635.1,1090.4,355.2,158.4,403.9
O00192_521_H3N2,112.4,63.4,106.4,95,91.1,158.2,186,155.4,143.7,145
P98160_89_H3N3,219.2,66.9,126.2,84.5,271.3,329.1,243,189.4,234.5,297.7
Q6V0I7_615_H9N2,312.1,279.4,269.7,226.3,98.5,373.3,557.6,448.1,293.3,328
Q9Y6C2_766_H7N2,93.7,80.9,77,90.9,129.2,188.7,159.5,88.9,202.2,156.7
P12111_2558_H5N3F1A1,94.7,85.2,60.5,78.4,117.2,179.9,151.5,89.8,196,118.7
O60637_127_H6N5A1,19.2,7.3,10.9,14.7,26.8,24.4,41.4,17.6,25,25.2
P10915_56_H5N4F2,69.3,56.3,80,71.3,868.4,365.4,526,190.1,446.2,412
Q9HDC9_160_H6N2,471.2,695.9,316.4,523.7,589,994.2,1096.8,811.7,842,652.4
Q13740_306_H3N3F1,45.6,77.3,76.7,67.6,86.3,123.8,143.9,114.7,126.9,90.2
Q9UHN6_739_H6N4,55.2,61.3,39.4,43.3,47.2,78.3,86.7,59.1,97.1,96.7
P02751_528_H8N2,359.8,151.2,217.4,206,485.7,564,402.6,356.9,536.5,550.3
P35555_1902_H5N4F2,37.7,0,12.6,1.7,69.2,7.6,23.3,39.4,37.9,97.6
Q9Y6C2_794_H5N4A2,192.1,138.4,128.3,132.7,223.7,292.1,251.5,312.2,201.6,328.8
Q9NR99_2500_H7N2,92.2,194.5,51.4,98.1,667,374.6,216.6,110.9,755.8,422.4
P35555_1902_H4N4F1,33.3,0,27,4.4,35.4,9.7,16.4,40.1,41,63.7
P05556_481_H5N4F1A1,81.3,14.8,37.7,7.9,32,53.4,78.6,64.1,43,58.3
Q9Y639_229_H8N2,1199.9,536.2,621.6,779.4,1857.6,1794.9,2317.5,1172.9,1894.8,1414.8
Q9Y639_229_H9N2,911.7,679.6,549.3,920.2,1708.9,2122,2056.8,1201.3,1521,1311.8
Q9UBG0_69_H6N4F1,155.4,59.6,66.2,55.4,101.9,156.7,159.7,160.8,131.5,146.4
Q13740_306_H4N3F1A1,356.9,770.2,972.3,468.3,495.9,1283.1,1492.3,1415,1059.6,733.5
Q9UKX5_82_H4N3F1,477.9,332.8,281.4,240.8,1037.9,907.3,837.8,648,846.7,869.3
Q13740_265_H5N4F1A1,87.7,64.7,82.2,65.9,203.8,261.3,176.3,162.1,146.3,128.7
Q9UKX5_462_H4N3F1A1,306.2,193.6,175.4,197.7,401.1,495.9,493.2,416.7,385.2,421.4
Q07954_3048_H5N4F1A2,621.3,337.1,294.1,220.5,393.8,710.3,709.5,761,390,678.6
P35555_1902_H3N2F1,22.4,5.6,30.5,8.5,26.5,8,16.3,45.7,32.1,60.8
Q07954_114_H6N4A2,163.7,53.4,120.2,104.1,51.7,150.3,153.9,228.1,140.4,187.6
Q9UBG0_140_H4N3F3,139.2,88.9,84.6,57.6,56.4,139.7,153.3,176.9,118.7,156.6
Q13740_361_H5N4F3,108.4,190.8,207.5,146.9,146.4,250.4,340.5,279,365.6,163.5
Q13740_265_H5N4F1A2,122.5,96.8,113.1,101.9,118.2,226.8,196.9,247.9,150.3,145.6
P02751_1007_H7N2,964.2,641.2,700.1,715.8,2100.1,2378.9,1485.2,1329.5,1553.5,2244.5
Q13740_306_H5N4F1,311.3,437.4,516.5,438.2,589.6,783.8,1015.8,701.9,988.3,547
P02751_1007_H5N2F1,118.5,81.8,80.3,112.3,223.2,249.4,179.2,145.7,222.1,288.7
P05556_406_H4N3F1,40.9,24.5,32.4,31.8,39.4,61.7,69.3,57.9,52.1,56.9
O60637_167_H6N3A1,25.4,24.6,27.1,32.9,64.1,67,79.7,48.1,60.4,51.9
P11279_249_H5N4F2,35.1,9.2,9.8,13.1,43.3,59.2,41.2,38.3,16.7,40.1
Q07954_2127_H5N4F3,279.1,115,148.4,121.2,162.5,333.4,305.3,294.4,260,270.2
P56199_460_H9N2,45.3,74.6,66.9,69,87.5,82.3,125.4,93,163.1,144.4
P35555_1713_H10N8F2,261.8,29.8,136.6,44.8,254.9,54,190.1,250.5,435.9,359.7
P35555_1902_H6N4A2,51.4,0,61.2,6.5,62.1,12.1,24.1,108.6,54.6,122.6
P56199_317_H5N4F1A1,204.7,236,195.6,176.6,411.1,377.5,579.3,372.7,556.9,585.5
P04216_79_H7N4,106.7,132.1,97.9,94.5,249.4,210.7,274.4,150.7,294,286
Q07954_2127_H6N5F1A3,48.3,32.5,40,38,51.1,78,75.7,75.6,78.1,67.8
P05556_406_H5N4F2,27.7,9,9,7.6,44.7,37.9,46.5,25.9,27.4,37.8
P02751_1007_H8N2,685.7,245.8,423.2,386,871.1,1126.4,784.5,665.5,1091.5,1009.7
P13591_347_H5N4F1A1,187.3,79.5,211.2,103.5,150.8,67.9,473.7,206.9,235.2,329.8
Q13740_306_H6N4F2,120.3,227.9,216.2,161,208.4,362.3,424.4,330.9,351.7,206.2
P24821_1119_H5N4F1,201.6,42.7,143.9,112.6,172.7,312,328.8,209.9,140.8,218.5
P48960_371_H4N3F1,192.7,133.4,137.2,116.1,136.7,262.3,320.8,177.9,243.5,285
Q08380_69_H9N2,123.3,203.9,85,102.2,186.1,167.8,194.6,449.4,113.4,337.1
Q07954_114_H5N4F1A2,272.6,95.2,235.1,208.9,70.8,265.9,292.8,437.9,240.3,360.5
Q13740_306_H6N4A1,137,262,240.5,204.1,256.9,408.4,508.8,396.3,432.3,248.6
P02751_1007_H5N3,140.4,96,101.9,105.3,331.9,267,324.4,184.9,222.2,407.6
P24821_1485_H5N4F1A1,140.4,96,101.9,105.3,331.9,267,324.4,184.9,222.2,407.6
P10915_56_H7N5A2,9.1,4.8,11.3,16.9,32.8,31.2,27.2,16.6,34.2,26.8
P02751_1007_H6N3F1,171.2,108.9,98.7,101.8,214.8,240.3,239.7,162.9,291,333.1
P24821_1034_H6N4A1,91.9,62.9,101.5,92.5,101.9,195.5,210.4,168.4,121.9,126.1
P30101_90_H8N2,112.1,86.2,70.9,56.6,82.8,163,155.5,124.4,135.5,167.6
Q13740_306_H5N4F1A2,176.3,508.2,341.9,249.1,277.9,570.1,773.7,675.2,485.6,336
P30101_90_H9N2,358,238.8,228.5,182,320.9,525.1,540.8,368.1,473.4,526.4
P11117_177_H5N4F1,63.5,30.1,36,29.7,50.7,56.4,74.9,59.1,109.5,85.8
P04156_197_H6N5A4,271.3,107,179,146.8,182.1,254.2,331.3,307.1,340.5,395.4
Q13740_306_H6N5F1A1,86.9,112.1,109.1,127.1,164.3,222.8,318.1,183.2,244.7,132.9
Q9UKX5_528_H8N2,339.4,184.5,194.6,195.7,283.3,256.7,249.1,351.9,588.5,755.9
Q07954_3788_H5N4F2,90,37,46.8,35.6,72.5,108.5,119.4,94.7,78.9,117.1
P11279_249_H5N4A1,15.4,8.8,16.4,9.7,10,29.4,28.9,14.5,16.1,22.1
Q86UX2_421_H5N4F1A1,36.7,17.3,42.9,16.7,27.3,30.7,43.5,31.9,61.2,92.1
Q07954_4364_H8N2,528.8,387.9,374.4,273.5,437.8,693.1,869.2,750.2,788.2,588.6
Q86WC4_135_H8N2,119.8,132.2,92.2,179,294.4,339.7,471,198.5,229.4,269.3
Q13740_265_H7N6F1A4,17,20.8,21.6,33.6,17.9,65.2,22.8,66.5,30.5,20.3
P13726_156_H6N3,155.6,156.2,129.9,130.2,203.4,239.3,345.3,161.6,405.8,284.2
P12110_140_H5N4F2,94,94.6,185.1,190.9,339.2,557.7,370.6,216.3,371.5,158.2
P11279_249_H7N5A2,26.2,13,25,21.4,18.3,44.9,39.8,52.5,23.7,32.3
Q86WC4_135_H7N2,41.4,40.3,28.4,51.2,89.5,103.8,140.2,68.3,74.6,79.9
P11279_249_H7N5F2,16.6,9.1,12.3,12.3,21.2,32.1,24.3,37.4,17.5,21.9
P24821_38_H6N4F2,382.2,225.6,294.4,288.8,402.3,753.1,668.9,558.4,359.2,640.7
P04156_197_H6N5F2A3,90.5,19.8,50.8,41.1,57.6,76.6,100.9,80.1,105.6,123.8
Q07954_4278_H5N4F1A2,22.5,18.3,22.2,35,29.7,61.8,53.7,57.5,26,40.8
P24821_1119_H5N4F3,49,25.4,39.3,48.6,38.5,99.9,101,73.3,41.4,62.4
P24821_184_H5N4F1A1,103.6,37.4,63.8,50.2,171.4,193.1,190.2,141.1,99.7,179.8
P50454_120_H5N4F1,150.9,101.8,162.6,76.1,117,199.3,172,216.6,148.4,411.1
Q9UBG0_69_H5N4F2,311.5,133.6,129.2,135.4,208.1,378.3,349.4,373,288.5,343.6
Q9UBG0_140_H6N5F1A1,70.8,48.4,49,44.7,81,92.1,126.1,116.6,125,95.2
P24821_1119_H4N3F1,263,72.5,246.6,214.5,383.4,554.6,601,380.5,312.7,381.1
P05556_669_H4N3F1,303.9,70.9,198.1,148.4,182.7,332.3,337.2,261.8,380.5,397.1
P12111_2558_H5N4F3A1,128.1,85.4,255.6,154.8,189.9,464.9,316,241.5,316,206
P28300_81_H4N2,174.4,99.3,102.4,93.3,302.8,315.6,299.4,227.9,302.7,326.9
P30101_90_H10N2,214.6,168.4,153,127.7,224.7,345.9,355.9,297,352.1,363.1
Q07954_114_H5N4F2,163.4,22.3,52.9,33,45.7,101.2,148.9,129.2,111.3,122
P02751_528_H5N3F1,343.9,83.4,114.1,85.4,254.5,311.7,279.1,233.9,298.3,580.7
P23142_98_H5N4F1A1,330.8,103.4,197.1,88.3,503,532.4,530.8,650.1,170.5,483
P24821_1485_H6N5F1A3,60.9,31,54,63.1,74.7,137.6,128.2,129,65.2,89.3
P35555_1902_H4N4F1A1,32.9,0,46,8.8,47.8,11.3,28.9,81.8,41.3,101.4
O60637_127_H7N6A2,7.8,3.7,9.6,10.1,22.4,25.1,24.1,20.4,15.2,20.3
P08195_365_H6N5F1A1,228.9,139.4,138.8,77.9,243.9,210.8,431.4,145.8,463.1,375.6
Q68CR1_527_H9N2,35.7,60.8,31.3,38.3,175.9,118.9,164.6,113.2,186.9,87.8
P02452_1365_H8N2,73.8,35.7,55.6,36.5,119.4,171.3,107.5,93.5,99.7,160
Q07954_3048_H5N4F1A1,758.3,220.1,367.6,130,339.8,744.3,848.9,807.2,471.1,712.8
O00469_365_H6N2,185.4,140.6,182.8,142.1,329.3,342.1,416.7,227,560,391.4
P24821_1018_H8N2,227.3,190.2,199.4,213.8,349.3,586.2,595.5,405.2,329.6,427.1
P98160_89_H4N3A1,938.7,206.4,596.1,472.9,696.5,1503.7,838,1103.8,826,1510.3
P05556_520_H6N4F2,52.2,14.1,26.6,18.3,58.3,60.4,95.6,61,42.5,77.7
P02751_139_H5N4F1A1,72,50.9,68.3,96.1,185.9,321.4,150.7,141.4,133.2,198.7
Q9UKX5_82_H5N4F1,72.2,41,42.1,30.8,172.3,169,148.8,100.7,143.5,154.3
Q13740_306_H6N4F2A1,101.6,240,217.8,154.9,144,318.2,446.3,427.9,324.1,202.1
Q5ZPR3_309_H4N3F1,55.2,18.5,27.4,26.1,56.7,102.7,84.3,85.6,35.5,61.1
Q07954_357_H5N4F2,89.6,13.6,29.2,16.5,34.1,88.5,85.7,94.7,39.3,60.7
Q07954_4278_H5N4F2,63.6,16.9,35.2,28.1,39.6,78.6,88.3,73.6,64,65.3
Q07954_2117_H5N4A1,28,23,26.1,35.6,88.8,99.1,98.7,61.4,56.6,92.8
P53708_719_H7N6F1,17.2,14.7,21.4,32.4,32.5,30.1,93.4,38,28,52.7
P05556_481_H4N3,41.5,20.2,31.8,18.7,85.5,78,111.7,54.4,66.4,98.4
P23142_98_H5N4F1A2,157.3,80.2,94.9,61.5,184.3,270.4,255,397.1,77,196.4
Q07954_4364_H5N4F2,383,36.8,159.2,86,104.9,289.3,357.8,352,270.8,343.6
P09619_371_H5N4,28,8,35,39.5,65.6,64.7,88.3,51.1,88,78
P05556_481_H6N5F2A1,13.7,10.5,19.3,20.4,25.9,50.1,38.9,25.1,38.1,37.3
P02751_1007_H6N3,521,351.5,359.8,401.6,1312,1153.6,1139.4,653.6,1344.6,1930.7
Q13018_909_H5N4F1,25.5,20.5,18.3,10.5,18.2,13.8,40.2,62,34.9,46.2
O00192_521_H6N5,14.2,11.7,15.6,18.7,14.7,28.7,42.7,35.1,18.4,35
O43493_152_H5N4F1A2,86.3,63.2,82.3,78.2,49.6,161.9,133.8,152.9,147.6,173.1
Q08380_125_H7N2,44.2,59.9,29.8,32.5,62.4,59.9,61.9,155,71.1,141.6
P08174_95_H5N4A2,99.9,65.1,81.8,100.9,66.4,179.2,161.5,167.3,150.7,228.7
P24821_38_H5N4F1A1,300,146.8,216.2,240.6,317.7,686,603.4,488.3,320.1,519.6
Q9UKX5_82_H5N4F2A1,75.1,44.9,46.5,49.6,141.7,166.9,168.9,112.8,168.9,149.4
P02751_1007_H3N2,187.7,80.1,97.6,105,284.6,372.4,266.2,185.9,277.5,517
Q5ZPR3_309_H5N4F2,70.6,26,37.4,28.6,98.2,149.5,128.6,126.4,59.5,100
P50454_120_H4N3F1,39.2,20.5,54.2,19.6,34.4,50.3,37.5,64,34.1,178.8
P17342_86_H5N4F1,25.8,16.4,13.9,35.7,72.2,114.2,38.8,59.1,60.9,83.3
Q07954_357_H5N4,31.1,17.5,37,47.4,90.4,112.7,131.8,57.7,91.1,92.7
P02751_1007_H5N3F1,633.7,318.3,287.3,307.8,842.8,1042.5,883.9,542.4,1118.1,1615.7
P98160_2121_H5N4F1,111,40,71.8,54.6,126,212.9,159.6,141.4,148.1,218.6
Q5ZPR3_309_H6N4F3,19.7,11.1,12.7,11.6,20.1,42.7,31.8,42.7,18.1,29
Q07954_3839_H7N2,142.7,360.3,81.4,135.3,281.6,427.5,353.4,204.3,704.7,513.9
P05556_481_H5N4A2,15.9,7.4,14.4,10.1,66,29.3,123.5,18.4,36.2,43.6
P35555_1713_H4N4F2,710.6,188.8,423.4,296.7,574.7,385.5,1231.9,1123,959.9,1549.5
P30101_90_H7N2,112.7,108,99.4,90.8,100.3,236.7,248.1,181,218.9,244.7
P05556_481_H5N4A3,57.2,32,58.3,56,224.9,137.6,400.2,99.2,126.8,187.4
P11279_249_H6N5F1A2,258.1,123.4,164.3,162.8,200.6,535.1,414,548.7,235.1,313.2
Q13740_265_H6N5F1A3,223.3,256.5,329.7,328.7,175.7,619.1,494.1,943.5,589.1,297.5
Q9UKX5_449_H7N2,27.3,9,13.5,8.7,94.7,76.4,94.1,56.6,64.5,52.2
Q9UKX5_82_H5N4F1A2,403.6,269.8,292.5,331.9,932.1,1117.7,948.9,876.8,1165.2,1170.1
Q07954_2620_H7N3,27,50.6,16.5,32.3,32.4,69.2,79.2,42.5,91.7,77.1
O95965_405_H10N2,213.4,75,190.9,118.4,413,362.9,501.5,268.9,802,369.8
P05556_481_H6N5F3A1,14.9,6.6,10.6,7.7,16.6,39.9,24.6,24.8,21.1,19
Q5ZPR3_309_H5N4F1A3,22.8,12,27.3,23.8,34.7,62.8,84.3,52.3,28.7,49.8
O60565_42_H5N4F1,91.4,28.5,76.3,69.8,57,197.6,138.1,110.6,196.1,104.3
P10915_56_H10N2,119.4,73.9,113.3,134.9,771.9,559.3,764.9,356.6,681.7,450.8
P56199_418_H8N2,240.2,593.7,272.3,413.5,718.4,720.2,1044.7,673.2,1580.3,1176.6
Q13018_909_H5N4F1A1,18.8,11.9,12.8,4.2,8.7,13.5,30.6,37.8,19.6,30.6
Q13740_306_H6N5F1A3,71.2,398.4,273.6,240.8,100.4,747.1,517.2,667,419,226.2
P50454_120_H6N3,31.7,28.3,46.3,20.4,55.2,67.7,54.8,39.1,52.4,237.6
O60565_42_H5N4F1A1,7.6,1.4,4.8,4.1,6.4,13.6,12.1,12.3,10.9,11.5
P05556_94_H3N3F1,113.5,97.3,111.9,113.7,138.8,296.9,341.9,214.3,314.6,273.4
P50454_120_H5N4,31.6,16.8,34.3,11.9,52.9,68,34.3,29.5,26.9,213.1
P02751_1007_H5N2,447.7,254.1,260.5,319.7,1315.1,1077.9,892.1,593.8,1616.1,2553.9
P16112_387_H5N4F1,37.3,38.6,33.2,38.2,121.8,265.2,148.3,85.4,97.2,104.1
P24821_1034_H4N3F1,122.5,40.2,132.6,96.4,115.5,323,375.1,277,153.8,193.2
P56159_59_H5N4F1A2,117.6,79.3,102.3,108.3,64.6,93.4,171,126.9,383,523.2
P05556_94_H5N4F1,134.6,127.5,142.1,148.9,203.4,409.8,508.6,317.2,467,376.8
P05556_94_H4N4F1,75.3,77.1,89.8,89.1,110.3,249.5,289.7,189.8,269.2,218.7
Q9UBG0_1157_H5N4F1,73.1,65.2,62.1,67.8,118.1,80.8,411.1,256.4,261.2,87.2
P05556_406_H6N3F1,12,12.1,11.1,12,17,27.3,41.3,15,60.9,37.8
P05556_94_H4N3F1A1,51.6,41.7,50.3,51.4,66.9,150.3,178.2,119.8,168,153.1
P02751_139_H5N4F1,87.7,30.3,83.7,41.2,224.5,379.4,217.9,206.7,174.7,407.6
O75326_258_H8N2,105.4,71.9,92,115.5,274.1,201.6,430.1,161.7,774.4,414.4
Q9UKX5_449_H8N2,18.5,6.8,7.9,4.4,38.1,40,49.2,32.6,64.3,43.6
Q6V0I7_615_H8N2,198.8,156.6,157.5,109.5,125.6,410.4,526,418.7,455,460.1
Q07954_4364_H4N3F2,65,7.5,33,18.1,39.8,99.2,138.8,95.5,54.9,110.4
Q9UKX5_449_H9N2,23.5,14.9,10.3,7,39.1,56.9,55.7,41.1,72.9,63.1
P02751_139_H4N3F1,52.4,17.1,50.7,38.9,117.2,234.1,138.6,122.9,113.6,258.5
P30101_90_H6N2,261.5,333.4,232.3,235.5,368.4,921.7,1021.7,726.1,1132,821.6
Q07954_2521_H5N4F2A1,9.6,4.8,14.9,8.3,11.8,42.8,36.6,35.8,14.8,32.5
Q08380_125_H3N4A2,34.1,214.1,34,42.6,112.7,146.7,181.9,642.3,71.4,427.4
Q08380_125_H8N2,35.5,296.6,40.6,56.3,156.4,184.3,277.9,833,145.5,635
Q9UKX5_1059_H9N2,23.3,8.6,11.2,10,85.2,91.8,108.6,57.1,152.4,117.1
P16112_387_H9N2,14.8,10.7,15.1,14.2,35.3,116.1,58.5,121,21.2,54.2
P43121_544_H5N4F1,0,4.2,3.6,4.2,25.4,75,57.2,35.1,18.5,46.6
