glycan,10ca_eoc_a_0_N10_1,10ca_eoc_b_0_N11_1,10ca_eoc_c_0_N12_1,12_eoc_b_0_H1_1,12_eoc_b_0_H2_1,12_eoc_c_0_H3_1,14_eoc_a_0_I1_1,14_eoc_b_0_I2_1,14_eoc_c_0_I3_1,15_eoc_a_0_J1_1,15_eoc_b_0_J2_1,15_eoc_c_0_J3_1,16_eoc_a_0_K1_1,16_eoc_b_0_K2_1,16_eoc_c_0_K3_1,17_eoc_a_0_L1_1,17_eoc_b_0_L2_1,17_eoc_c_0_L3_1,18_eoc_a_0_M1_1,18_eoc_b_0_M2_1,18_eoc_c_0_M3_1,1_eoc_nbf_0_O10_1,1_eoc_nbf_b_0_O11_1,1_eoc_nbf_c_0_O12_1,20_eoc_a_0_N1_1,20_eoc_b_0_N2_1,20_eoc_c_0_N3_1,21_eoc_a_0_O1_1,21_eoc_b_0_O2_1,21_eoc_c_0_O3_1,22_eoc_a_0_P1_1,22_eoc_b_0_P2_1,22_eoc_c_0_P3_1,25_eoc_a_0_P10_1,25_eoc_b_0_P11_1,25_eoc_c_0_P12_1,26_eoc_a_0_B4_1,26_eoc_a_0_B5_1,26_eoc_c_0_B6_1,27_eoc_a_0_C4_1,27_eoc_a_0_C5_1,27_eoc_c_0_C6_1,28_eoc_a_0_D4_1,28_eoc_b_0_D5_1,28_eoc_c_0_D6_1,2_eoc_a_0_C1_1,2_eoc_c_0_C3_1,2ca_eoc_a_0_J10_1,2ca_eoc_b_0_J11_1,2ca_eoc_b_0_J11_2,2ca_eoc_c_0_J12_1,30_eoc_a_0_E4_1,30_eoc_b_0_E5_1,30_eoc_c_0_E6_1,31_eoc_a_0_F4_1,31_eoc_b_0_F5_1,31_eoc_c_0_F6_1,32_eoc_a_0_G4_1,32_eoc_b_0_G5_1,32_eoc_c_0_G6_1,34_eoc_a_0_H4_1,34_eoc_b_0_H5_1,34_eoc_c_0_H6_1,41_eoc_a_0_I4_1,41_eoc_b_0_I5_1,41_eoc_c_0_I6_1,45_eoc_a_0_J4_1,45_eoc_a_0_J4_2,45_eoc_b_0_J5_1,45_eoc_c_0_J6_1,46_eoc_a_0_K4_1,46_eoc_b_0_K5_1,46_eoc_c_0_K6_1,47_eoc_a_0_L4_1,47_eoc_b_0_L5_1,47_eoc_c_0_L6_1,49_eoc_a_0_M4_1,49_eoc_b_0_M5_1,49_eoc_c_0_M6_1,4_eoc_a_0_D1_1,4_eoc_b_0_D2_1,4_eoc_c_0_D3_1,4ca_eoc_a_0_K10_1,4ca_eoc_b_0_K11_1,4ca_eoc_c_0_K12_1,50_eoc_a_0_N4_1,50_eoc_b_0_N5_1,50_eoc_c_0_N6_1,51_eoc_a_0_O4_1,51_eoc_b_0_O5_1,51_eoc_c_0_O6_1,52_eoc_a_0_P4_1,52_eoc_b_0_P5_1,52_eoc_c_0_P6_1,53_eoc_a_0_B7_1,53_eoc_b_0_B8_1,53_eoc_c_0_B9_1,54_eoc_a_0_C7_1,54_eoc_b_0_C8_1,54_eoc_c_0_C9_1,55_eoc_a_0_D7_1,55_eoc_b_0_D8_1,55_eoc_c_0_D9_1,58_eoc_a_0_E7_1,58_eoc_b_0_E8_1,58_eoc_c_0_E9_1,59_eoc_a_0_F9_1,59_eoc_b_0_F8_1,5ca_eoc_a_0_L10_1,5ca_eoc_b_0_L11_1,5ca_eoc_c_0_L12_1,60_eoc_a_0_G8_1,60_eoc_b_0_G9_1,60_eoc_c_0_G7_1,68_eoc_a_0_H7_1,68_eoc_b_0_H8_1,68_eoc_c_0_H9_1,69_eoc_a_0_I7_1,69_eoc_b_0_I8_1,69_eoc_c_0_I9_1,6ca_eoc_a_0_M10_1,6ca_eoc_b_0_M11_1,6ca_eoc_c_0_M12_1,70_eoc_a_0_J7_1,70_eoc_b_0_J8_1,70_eoc_c_0_J9_1,71_eoc_a_0_B10_1,71_eoc_b_0_B11_1,71_eoc_c_0_B12_1,72_eoc_a_0_C12_1,72_eoc_b_0_C11_1,72_eoc_c_0_C10_1,73_eoc_a_0_D10_1,73_eoc_b_0_D11_1,73_eoc_c_0_D12_1,77_eoc_a_0_E10_1,77_eoc_a_0_E12_1,77_eoc_b_0_E12_1,77_eoc_c_0_E11_1,79_eoc_a_0_F10_1,79_eoc_b_0_F11_1,79_eoc_c_0_F12_1,7_eoc_a_0_E1_1,7_eoc_b_0_E2_1,7_eoc_c_0_E3_1,84_eoc_a_0_G12_1,84_eoc_b_0_G11_1,84_eoc_c_0_G10_1,87_eoc_a_0_H10_1,87_eoc_b_0_H12_1,87_eoc_c_0_H11_1,89_eoc_a_0_I10_1,89_eoc_b_0_I11_1,89_eoc_c_0_I12_1,8_eoc_a_0_F1_1,8_eoc_b_0_F2_1,8_eoc_c_0_F3_1,9_eoc_a_0_G1_1,9_eoc_b_0_G2_1,9_eoc_b_0_G2_2,9_eoc_c_0_G3_1,11_bod_a_0_J3_1,11_bod_b_0_J4_1,11_bod_b_0_J4_2,11_bod_c_0_J5_1,11cb_a_0_K9_1,11cb_b_0_K10_1,11cb_c_0_K11_1,12_bod_a_0_K3_1,12_bod_b_0_K4_1,12_bod_b_0_K4_2,12_bod_c_0_K5_1,13_bod_a_0_L3_1,13_bod_b_0_L4_1,13_bod_c_0_L5_1,14_bod_a_0_M3_1,14_bod_b_0_M4_1,14_bod_c_0_M5_1,15_bod_a_0_N3_1,15_bod_b_0_N4_1,15_bod_c_0_N5_1,16_bod_a_0_O3_1,16_bod_b_0_O4_1,16_bod_c_0_O5_1,17_bod_a_0_P3_1,17_bod_b_0_P4_1,17_bod_c_0_P5_1,19_bod_a_0_B6_1,19_bod_b_0_B7_1,19_bod_c_0_B8_1,1cb_bod_a_0_J9_1,1cb_bod_b_0_J10_1,1cb_bod_c_0_J11_1,20_bod_a_0_C6_1,20_bod_b_0_C7_1,20_bod_c_0_C8_1,21_bod_a_0_D6_1,21_bod_b_0_D7_1,21_bod_c_0_D8_1,22_bod_a_0_E6_1,22_bod_b_0_E8_1,22_bod_c_0_E7_1,24_bod_a_0_F6_1,24_bod_b_0_F7_1,24_bod_b_0_F8_1,24_bod_cc_0_F7_1,25_bod_a_0_G4_1,25_bod_aa_0_G6_1,25_bod_b_0_G5_1,25_bod_bb_0_G7_1,25_bod_cc_0_G8_1,26_bod_a_0_H6_1,26_bod_b_0_H7_1,26_bod_c_0_H8_1,27_bod_a_0_I6_1,27_bod_b_0_I7_1,27_bod_c_0_I8_1,28_bod_a_0_J6_1,28_bod_b_0_J7_1,28_bod_c_0_J8_1,2_bod_a_0_B3_1,2_bod_b_0_B4_1,2_bod_c_0_B5_1,30_bod_a_0_K6_1,30_bod_b_0_K7_1,30_bod_c_0_K8_1,31_bod_a_0_L6_1,31_bod_b_0_L7_1,31_bod_c_0_L8_1,32_bod_a_0_M6_1,32_bod_b_0_M7_1,32_bod_c_0_M8_1,33_bod_a_0_N6_1,33_bod_b_0_N7_1,33_bod_c_0_N8_1,34_bod_a_0_O6_1,34_bod_b_0_O7_1,34_bod_c_0_O8_1,36_bod_a_0_P6_1,36_bod_b_0_P7_1,36_bod_c_0_P8_1,39_bod_a_0_B9_1,39_bod_b_0_B10_1,39_bod_c_0_B11_1,3_bod_a_0_C3_1,3_bod_b_0_C4_1,3_bod_c_0_C5_1,40_bod_a_0_C9_1,40_bod_b_0_C10_1,40_bod_c_0_C11_1,41_bod_a_0_D9_1,41_bod_b_0_D10_1,41_bod_c_0_D11_1,42_bod_a_0_E9_1,42_bod_b_0_E10_1,42_bod_c_0_E11_1,43_bod_a_0_F9_1,43_bod_b_0_F10_1,43_bod_c_0_F11_1,44_bod_a_0_G9_1,44_bod_b_0_G10_1,44_bod_c_0_G11_1,45_bod_a_0_H9_1,45_bod_b_0_H10_1,45_bod_c_0_H11_1,46_bod_a_0_I9_1,46_bod_b_0_I10_1,46_bod_c_0_I11_1,4_bod_a_0_D3_1,4_bod_b_0_D4_1,4_bod_c_0_D5_1,5_bod_a_0_E3_1,5_bod_b_0_E4_1,5_bod_c_0_E5_1,6_bod_a_0_F3_1,6_bod_b_0_F4_1,6_bod_c_0_F5_1,6_bod_c_0_F5_2,7_bod_a_0_G3_1,7_bod_b_0_G4_1,7_bod_c_0_G5_1,8_bod_a_0_H3_1,8_bod_b_0_H4_1,8_bod_b_0_H4_2,8_bod_c_0_H5_1,9_bod_a_0_I3_1,9_bod_b_0_I4_1,9_bod_c1_0_I5_1,9_bod_c_0_I4_1
GlcNAc(b1-2)Man(a1-3/6)[Man(a1-3/6)]Man(b1-4)GlcNAc(b1-4)GlcNAc,0.171644797,0.133377577,0.197413328,0.187534478,0.204985667,0.352020375,0.165300387,0.203661703,0.209196324,0.155311176,0.17315372,0.226733347,0.186468778,0.237726328,0.255345967,0.103539733,0.090983111,0.097719445,0.09582453,0.091711941,0.138935497,0.251042257,0.265179151,0.243935591,0.140160332,0.111337922,0.169475825,0.177493682,0.208453886,0.226824824,0.109305422,0.103268869,0.188012529,0.236718202,0.429921338,0.348077623,0.09558703,0.128740183,0.129883793,0.169647539,0.190227634,0.163942592,0.038777464,0.05097127,0.04483063,0.122920028,0.153547848,0.323946241,0.428871437,0.428871437,0.316279795,0.049740743,0.038594628,0.055020664,0.167910523,0.103462972,0.118495219,0.210983268,0.224434678,0.202269762,0.14500419,0.195686946,0.254820072,0.275599021,0.236466765,0.242926475,0.232151692,0.254333678,0.227967782,0.260090439,0.249542786,0.218894988,0.27917751,0.097335173,0.117619629,0.097135354,0.087707177,0.110488558,0.103120595,0.04483261,0.047609329,0.042384074,0.320091669,0.122444793,0.290587048,0.351732029,0.44309024,0.315471334,0.188663563,0.27191461,0.235071698,0.216568965,0.20607154,0.331512646,0.206764584,0.274295536,0.281511638,0.099262012,0.08311786,0.074939272,0.292372808,0.275236111,0.238953653,0.14350436,0.234021814,0.123110019,0.167714268,0.148236358,0.1240864,0.126037332,0.091282886,0.159201574,0.196339413,0.183188831,0.230504284,0.248470435,0.170289128,0.075031295,0.069578183,0.068393978,0.201419608,0.156214204,0.132712687,0.24231231,0.215190523,0.279300874,0.072730614,0.08908736,0.098338982,0.075690381,0.093292515,0.095820505,0.302383673,0.452043193,0.431502314,0.169228487,0.162982986,0.128198843,0.100845493,0.173309032,0.200230063,0.142667752,0.071846686,0.069429103,0.080166494,0.153772234,0.20383449,0.143649728,0.264430773,0.138302481,0.212305574,0.131396124,0.149410236,0.088739216,0.194923826,0.163719814,0.215026453,0.137693319,0.143697338,0.154235189,0.165280401,0.553383098,0.390396331,0.374864822,0.428852525,0.119464831,0.136524308,0.129588256,0.330958076,0.305627949,0.374742088,0.234629113,0.132617341,0.150773235,0.144688441,0.30901138,0.381351742,0.351087559,0.290916009,0.227859864,0.31246869,0.445662192,0.28052356,0.357705628,0.496410713,0.275560939,0.248730326,0.225348291,0.276716568,0.364063939,0.182106424,0.243199018,0.144772769,0.417551156,0.342738539,0.244726059,0.237858805,0.267963446,0.182112505,0.130274078,0.117808643,0.159915461,0.279968052,0.294930881,0.412138095,0.288580774,0.094984217,0.164815155,0.097311065,0.207965931,0.196452558,0.188957811,0.220441,0.225347819,0.327040137,0.292381449,0.346726824,0.1762199,0.195618432,0.182049944,0.182342536,0.15760826,0.157185554,0.145065203,0.141921609,0.165963365,0.206701809,0.18905532,0.210139434,0.162152459,0.127103324,0.163436468,0.366552193,0.391145114,0.294485996,0.230320427,0.213998403,0.208349348,0.260820624,0.208488747,0.250648149,0.127650654,0.130128384,0.146166753,0.512300067,0.427636679,0.431705456,0.170596077,0.167979247,0.155307799,0.12834948,0.130593577,0.204154589,0.185910003,0.271681218,0.292109104,0.141144974,0.163698391,0.181982507,0.340936318,0.305756628,0.219439678,0.181995237,0.198332007,0.225955193,0.110459129,0.119112383,0.115028799,0.260007224,0.222118789,0.245477581,0.3980463,0.263603509,0.377096083,0.431874249,0.411999283,0.364100629,0.364100629,0.086294723,0.099119688,0.127227365,0.225990475,0.214257404,0.208402674,0.189474893,0.332060479,0.31560014,0.245480674,0.284190634
{Man(a1-2/3/6)}Man(a1-2/3/6)Man(a1-3/6)[Man(a1-3/6)]Man(b1-4)GlcNAc(b1-4)GlcNAc,2.81004442,2.091401466,3.069975626,2.103238325,2.82356386,4.389639653,2.435136097,3.362069056,3.366931146,1.684773808,2.200849865,2.606153165,3.254696851,3.681931496,4.55663244,1.579536209,1.365130652,1.732753421,1.771262774,1.494114973,1.784839232,2.152927121,2.3822009,2.135961884,2.304882145,1.930677343,2.843132999,0.77790965,0.977518905,1.078246301,2.066967238,1.859144011,3.723726095,1.613475008,3.128212977,2.43946699,1.056981775,1.197103477,1.740921664,1.254765154,1.454075192,1.21345852,0.607295578,0.906331093,0.67042386,1.998292069,2.634911741,1.828925554,2.619167267,2.619167267,1.968380288,1.266847665,0.893777716,1.498574524,2.033658038,1.493863799,1.967805606,1.134329418,1.259119355,1.382393333,2.322215375,3.347923801,3.868667113,1.931364352,1.531793578,1.629620377,2.892947749,3.224735168,3.101210245,3.864773951,2.715031632,2.454082356,3.211642931,1.285389126,1.625306583,1.42322262,1.980757571,2.341114698,2.196529937,1.914874422,2.138698276,1.772987009,0.975765111,0.527296412,1.341944459,2.046627533,2.790087649,1.925154789,1.79065483,2.532318811,2.10454496,2.264872283,2.030439504,3.081755728,1.577397239,2.089633103,2.120045347,1.793932691,2.160009326,1.626317533,2.387331802,2.126730442,1.913117039,1.582090457,2.788585781,1.716175603,3.158543654,2.652260281,2.212300239,1.89838542,1.792986662,2.321380316,3.186320837,2.743544243,1.679293113,1.881495866,1.127953548,1.664173174,1.641408923,1.423589567,1.099975069,0.755902557,0.6327845,1.928935099,1.757502992,2.544825414,0.968318173,1.497965863,1.699163697,0.797784385,1.101584513,1.107783288,1.133077336,1.822740296,1.540037698,1.647805058,1.694299255,1.239203402,0.891053537,3.227391944,3.646800446,2.602141539,1.486658182,1.600528288,1.674067379,1.574388711,2.338499959,1.519803904,2.472545507,1.437830031,2.105239058,2.599605691,2.520717019,1.62996115,1.938660837,1.621582908,2.233103407,1.367221965,1.459457862,1.645745411,1.857585305,4.893634372,3.691313471,3.4958668,4.353974216,1.503129331,1.737981051,1.572202569,5.233666518,5.122276952,5.988672202,4.188679173,4.374933475,4.448938512,4.153333282,5.554731669,6.416942574,5.573697658,1.768855564,1.547918486,1.879828291,3.366644579,2.29211646,2.764561067,5.685711494,3.658870131,3.0031061,3.151746328,3.84793891,4.901486683,1.12714068,1.54731771,0.929286808,5.070948322,4.223901697,2.908238836,3.790435317,4.17028227,2.901612846,1.021652683,1.086277096,1.514643819,3.341940219,3.390373493,4.90981927,3.259275434,2.321948153,2.589276603,3.008823071,3.554109685,3.25407517,1.761427393,2.047044145,1.90560176,3.174239739,2.863865672,3.404661061,2.178864649,2.471651416,2.223601051,2.700865562,2.278110308,2.805497694,3.187755481,3.491419786,4.166386501,1.940634246,1.608617336,1.91477694,1.662960488,1.434178893,1.888770671,4.174073777,4.422259315,3.279774595,2.577000869,2.570644061,2.569831584,3.69986635,2.84692458,3.618599459,0.72863203,0.739568235,0.823512515,6.200253408,5.654257408,5.876800499,2.06687116,2.939351374,2.508510958,2.713809836,2.925734144,5.019499172,2.198121656,2.439507648,3.515789746,2.155453841,2.571675794,2.944447683,2.38634432,2.157435768,1.534945534,3.793087842,4.177686739,5.019750532,1.740509063,1.860551983,1.775747214,4.194755571,3.58226606,3.336458471,3.056403568,2.367411323,2.989653173,4.36001785,4.177156499,3.794866429,3.794866429,2.859116876,3.074234252,4.495414732,3.509585917,3.46345449,3.388808419,3.158408543,4.801766972,4.936511343,3.503428758,4.193554469
Gal(b1-4)GlcNAc(b1-2)Man(a1-3/6)[Man(a1-3/6)]Man(b1-4)GlcNAc(b1-4)GlcNAc,0.207336091,0.162027301,0.211782359,0.220879854,0.258785357,0.388953728,0.219798013,0.262352992,0.271724211,0.171123394,0.19413048,0.229508694,0.237907,0.288164436,0.294975839,0.125761905,0.110647351,0.128424931,0.116859088,0.11127727,0.169003253,0.206287409,0.215682319,0.196282651,0.171737627,0.154247484,0.211273937,0.117309849,0.130673496,0.137281865,0.149531578,0.142689317,0.244726704,0.268126521,0.476280618,0.375317468,0.121306153,0.159313744,0.156759522,0.165008517,0.168139288,0.148388772,0.048234578,0.066103237,0.057233274,0.152642189,0.180861313,0.31686008,0.406513419,0.406513419,0.304442207,0.079189339,0.057843733,0.093104428,0.194276731,0.126335733,0.147834137,0.217876044,0.23516873,0.220050289,0.192571796,0.258521527,0.329673184,0.287559525,0.243196841,0.253305454,0.251448954,0.272849108,0.254693148,0.285391603,0.28503656,0.247479775,0.304845845,0.132343365,0.164466722,0.140089419,0.145867984,0.173571278,0.16965196,0.087357789,0.089811038,0.080056559,0.315197372,0.110614256,0.236750894,0.33894964,0.441690787,0.306142536,0.217320136,0.292493857,0.258792421,0.23179761,0.209943173,0.338759089,0.167959075,0.218305715,0.219742653,0.128478026,0.115029662,0.103231242,0.292829402,0.275240751,0.254526986,0.171529102,0.280472534,0.149872235,0.225382847,0.202325264,0.181163401,0.17695153,0.139152699,0.214723226,0.258108422,0.244728508,0.23019651,0.228763181,0.166397498,0.09778806,0.089556152,0.083529209,0.209174566,0.166326213,0.159288847,0.228375986,0.208589686,0.262230469,0.10154672,0.12293727,0.134629817,0.088337247,0.108923077,0.115886649,0.191557639,0.27181276,0.277273458,0.100958834,0.095082821,0.079714421,0.063090027,0.274684442,0.290559614,0.215849876,0.097715077,0.094949724,0.107529985,0.194667938,0.264672576,0.177467881,0.266620269,0.146199274,0.218785808,0.16600554,0.178639653,0.108986118,0.195697936,0.161188257,0.215020466,0.143661396,0.151924416,0.164413461,0.170503032,0.62314421,0.469491444,0.448193867,0.517700087,0.142146257,0.157858242,0.142238374,0.445324254,0.423159506,0.507028504,0.33000553,0.286729662,0.280227681,0.270760441,0.440109251,0.523815577,0.505882834,0.344236954,0.2716481,0.370176616,0.495034616,0.319281104,0.414191655,0.635204761,0.439540001,0.362129424,0.329987269,0.370702672,0.455569411,0.195197932,0.252340208,0.16262118,0.535708133,0.427156033,0.310080563,0.367794942,0.378927499,0.268958694,0.142288258,0.12791164,0.179757058,0.360362258,0.380374481,0.518421998,0.368145199,0.146468316,0.219336673,0.156371876,0.278706618,0.25369494,0.216329222,0.254097917,0.256382125,0.420455438,0.416981194,0.470531683,0.261156625,0.283396824,0.274686534,0.264714141,0.222013785,0.236923413,0.204482419,0.216821583,0.242861454,0.260665439,0.239008096,0.26318738,0.198231008,0.158153714,0.200148671,0.467658401,0.525484774,0.383779705,0.31354547,0.28067804,0.282323562,0.461838057,0.377807529,0.445912026,0.126052135,0.121249752,0.141642392,0.776513906,0.652814205,0.671547909,0.211780502,0.210575758,0.18765907,0.18173427,0.197044896,0.287465524,0.240473652,0.322082341,0.344741363,0.200497057,0.247519937,0.260847321,0.324267228,0.303860644,0.226796138,0.279385231,0.302219594,0.332892782,0.153028482,0.163000725,0.163250698,0.35662324,0.308734225,0.316305946,0.432070647,0.29487891,0.401507439,0.573688986,0.560480107,0.477406572,0.477406572,0.165080904,0.166184123,0.229579826,0.332917113,0.310290036,0.31269667,0.289375973,0.456927281,0.440813884,0.334780297,0.371804
GlcNAc(b1-2)Man(a1-3)[GlcNAc(b1-2)Man(a1-6)]Man(b1-4)GlcNAc(b1-4)GlcNAc,0.363582916,0.291108999,0.339071599,0.624758073,0.814712534,1.045686282,0.265087752,0.317027515,0.319545578,0.184195074,0.200812132,0.215301484,0.326279838,0.377162794,0.363951299,0.255625728,0.218781473,0.255666392,0.123737897,0.120903423,0.159756265,0.265239399,0.28059331,0.248999568,0.272178465,0.251501803,0.305753803,0.15407467,0.187626585,0.211069902,0.190632109,0.180596732,0.275688164,0.420630054,0.660200945,0.571645746,0.123705544,0.156699648,0.15422235,0.139175117,0.141914484,0.129418982,0.050749362,0.068838849,0.061709459,0.192244302,0.218165439,0.184590033,0.214664565,0.214664565,0.174569509,0.110823252,0.075542173,0.125483858,0.225995765,0.148871465,0.150739254,0.190897757,0.239808756,0.224965627,0.363469378,0.476236453,0.55691125,0.438223217,0.381018687,0.393864338,0.246907777,0.279922902,0.241154928,0.276477106,0.488761342,0.515211061,0.576703954,0.20399281,0.260958224,0.214277148,0.108577159,0.126175625,0.125805861,0.087809881,0.088222172,0.08996582,0.266834294,0.091743333,0.170652061,0.583866724,0.722619715,0.505491596,0.940448596,1.134686715,1.004287511,0.459734314,0.415668097,0.580603061,0.320854537,0.390555595,0.403059067,0.232647604,0.248971506,0.195120444,0.356653266,0.33703151,0.322025417,0.146398265,0.201417159,0.122918587,0.258948727,0.248249625,0.154615268,0.159743161,0.122799605,0.380109693,0.385950205,0.381402658,0.516384528,0.476935248,0.343710847,0.189072532,0.168749882,0.16695202,0.203230887,0.163154756,0.15412126,0.274360015,0.262825011,0.307526466,0.087707015,0.095567791,0.097559278,0.101206732,0.137780316,0.128802523,0.215873525,0.284126978,0.27935867,0.256881117,0.219693523,0.184623846,0.149074276,0.201793201,0.226485195,0.163548381,0.108286428,0.114488433,0.127390717,0.149981365,0.20486255,0.14475687,0.292229828,0.198938047,0.265964238,0.255944396,0.282413233,0.180002412,0.245972777,0.204602163,0.259722268,0.316160714,0.331209448,0.363701375,0.371784747,0.632260238,0.454052968,0.451464886,0.465358268,0.126028715,0.138714514,0.120211779,0.403275785,0.391582501,0.416037727,0.316895874,0.180362196,0.182633769,0.185051758,0.439362032,0.481449488,0.491829498,0.387383339,0.325327019,0.405464582,0.353039984,0.241995686,0.324479872,0.394884192,0.285655068,0.251315631,0.328808715,0.315910929,0.361018711,0.134795936,0.163975113,0.116457011,0.285519752,0.232542425,0.186271045,0.302778418,0.306679242,0.248153613,0.177594607,0.17194393,0.215481834,0.236927228,0.265669531,0.305776362,0.24073108,0.100494695,0.168095308,0.100869798,0.191814872,0.182493862,0.203083514,0.232637336,0.239668506,0.246228665,0.243976585,0.275931069,0.313536784,0.345320877,0.322432139,0.185138566,0.16045995,0.146133152,0.264436009,0.285072428,0.290512896,0.112550677,0.115246855,0.123106904,0.219732685,0.176523238,0.211538171,0.246040506,0.274687062,0.215384065,0.284083795,0.2501534,0.242507643,0.477368669,0.434208157,0.446552114,0.159712733,0.152230919,0.169743701,0.477307033,0.387341519,0.382017062,0.38448158,0.423853094,0.37305129,0.828404088,0.920556861,1.259583539,0.45963199,0.530458079,0.560469855,0.510515456,0.608005923,0.589742367,0.355207835,0.362448204,0.298084712,0.457285996,0.484432225,0.51364108,0.181404606,0.193498512,0.19224832,0.636474226,0.554277855,0.547553458,0.550496277,0.4042863,0.481221258,0.535224147,0.545299656,0.45725604,0.45725604,0.113032989,0.109237872,0.13022242,0.308053736,0.29266262,0.287924389,0.271309686,0.307567938,0.294186525,0.246760196,0.260788474
Man(a1-2)Man(a1-3)[Man(a1-3)[Man(a1-6)]Man(a1-6)]Man(b1-4)GlcNAc(b1-4)GlcNAc,2.06109921,1.583091545,2.045554868,2.31182204,3.175088285,4.548393336,2.548864942,3.386347412,3.462451023,1.324633211,1.722219528,1.959325702,3.425477979,3.802533103,4.459257,1.985301758,1.681515261,2.065591885,1.852988803,1.644028239,1.792080366,1.85814613,2.015380094,1.764999977,2.399165348,2.128848522,2.953815274,0.680791869,0.888753895,1.019694344,2.231056465,2.01992024,3.649428712,1.610807768,3.039848866,2.355200454,1.39954449,1.479075166,2.168859377,1.247925885,1.39480244,1.161768202,0.624860896,0.925838184,0.722087216,1.664660524,2.109426705,1.068588644,1.40970254,1.40970254,1.14067088,1.464046577,0.977807786,1.750442886,2.114959535,1.651704346,2.201766212,1.225908531,1.281363014,1.441001649,2.179958719,3.062587132,3.497890127,1.935375299,1.56105939,1.670833383,1.872834256,2.053391516,2.021122856,2.456319265,2.915327967,2.718696741,3.428626295,1.366865504,1.716355323,1.510250907,2.230893933,2.631761744,2.539811542,1.979027051,2.145352064,1.907002277,0.944905524,0.561450894,1.070043399,2.065133653,2.770232466,1.897510968,1.802081593,2.408145709,2.039777524,2.217889086,1.999500455,2.903548276,1.471227397,1.851654133,1.890595473,1.099747517,1.323168925,0.993523851,1.726229264,1.527477913,1.409985991,1.522865649,2.419321606,1.640981052,2.492917702,2.131192473,2.362914194,1.935385313,1.976368834,1.915138992,2.408754327,2.20851863,1.461579234,1.499465285,0.935580744,2.184492348,2.050292777,1.90107881,0.889058991,0.60462483,0.535609021,1.684376303,1.622912291,2.24357907,1.203581267,1.804367731,1.942205423,0.705383462,0.977381109,0.974111457,0.976532664,1.474352525,1.220904586,1.153279911,1.122768547,0.828690526,0.632162126,3.423342175,3.800636306,2.723838409,1.371561096,1.504611323,1.555129338,1.445234285,2.202142707,1.38528229,2.275460626,1.41051071,2.045005095,2.642319761,2.588419749,1.748898301,1.653381858,1.384990299,1.867701925,1.366151011,1.471906684,1.663178497,1.790758741,3.808019874,2.817055888,2.715986318,3.222609061,1.184314588,1.341775874,1.130193042,3.751812566,3.850661854,4.296093097,3.161675072,5.393335251,5.136264257,4.937814379,5.994600323,6.787741164,6.268331477,1.774872559,1.60735998,1.812166549,2.801576466,1.952747884,2.413074907,6.00765766,4.774822719,3.855830318,3.371874189,3.826987156,4.527543805,0.658531508,0.863397289,0.570606325,4.428301941,3.641945181,2.672351972,3.809604669,3.985842647,2.926421274,0.888887553,0.942674697,1.267698174,2.59038693,2.613560379,3.521969621,2.519722064,2.107100217,2.811686185,2.627036629,3.701368597,3.367468689,1.250128931,1.481084477,1.356223795,2.758542096,2.506000016,2.962694802,1.707750424,1.930447224,1.787909901,2.665177553,2.282969878,2.743341227,2.669050507,3.307434938,3.426927868,2.065212651,1.741901777,2.073525964,1.64836103,1.475228137,1.833395122,3.154607523,3.483075304,2.629781679,2.881081066,2.790820533,2.73736727,3.338084389,2.706920325,3.322038861,0.735362885,0.761008186,0.837243203,6.857128958,6.163184704,6.475124067,1.526750989,2.032004287,1.747406751,3.003298775,3.323690094,5.283116683,2.223923197,2.395141273,3.117858651,2.013292403,2.422452242,2.568825671,2.134506361,2.023039199,1.498497668,3.507962043,3.817529119,4.386366413,1.766550187,1.892653695,1.812951367,3.25500621,2.807486204,2.591520267,2.991177518,2.35781258,2.851445098,3.758792669,3.691981741,3.219625024,3.219625024,2.720017054,2.744126569,4.034465804,3.140434703,3.089683304,3.123087272,2.908394449,4.043239489,4.233439539,3.036544503,3.553432404
GlcNAc(b1-2)Man(a1-3)[GlcNAc(b1-2)Man(a1-6)]Man(b1-4)GlcNAc(b1-4)[Fuc(a1-6)]GlcNAc,1.87340845,1.517102417,1.658218338,2.436027321,3.119352254,3.663151899,3.681036814,4.369815597,4.077248828,1.005382953,1.188931083,1.177452388,6.528485959,6.761691888,7.026935699,3.215807835,2.888174254,3.107556634,0.595039758,0.548597407,0.533537182,6.434088904,6.971265144,5.882136249,2.202671673,2.006307071,2.183209588,3.255445571,4.19036484,4.387084816,1.308642476,1.205600055,1.616963422,2.43592669,3.808837541,3.215154635,1.457736144,1.443711801,1.830370817,2.304276437,2.353826919,2.197534889,2.460150847,3.02423212,2.757417099,3.665704197,3.716183212,0.859889287,0.908289803,0.908289803,0.791593313,3.444773317,2.333778715,3.85398235,4.535605816,3.967807943,5.235682361,3.218040609,3.264089717,3.291866713,2.845348748,3.530627373,3.903187115,4.544996719,3.851030927,4.237513398,1.21181595,1.273560621,1.268477836,1.422261512,3.057612917,2.662815624,3.134014955,4.09406834,4.320368247,4.465252418,1.409306879,1.499596962,1.564799127,1.025403686,1.046842566,1.010646238,1.922990207,1.503361848,1.823151369,5.857836221,6.983789291,5.025388827,4.030925351,4.491482252,4.1303214,5.02929006,4.436647059,5.658417531,6.260888187,6.785889813,6.722578958,2.48678081,2.801228996,2.173037143,1.730257858,1.562486903,1.513327016,1.473340738,1.775718151,1.459646943,2.504044739,2.279492292,1.426403697,1.310739412,1.294843822,1.337795962,1.353347304,1.423204296,4.179003177,4.039662289,3.151439206,1.172007468,0.988750557,1.071925109,3.65102624,2.688160861,2.435431663,3.498526508,3.566067567,4.420948297,0.915063129,1.192396588,1.21296585,1.317305913,1.868163967,1.892574915,4.887018705,6.028779306,4.927834749,7.380373626,7.420800671,6.227154431,5.119338767,1.701588659,1.747658459,1.43635133,1.977881551,2.214617634,2.173709312,1.934228892,2.725050476,1.921332534,3.866322332,2.729298424,3.593028504,1.794193245,2.178970712,1.212006196,7.888006002,7.210767499,8.08341267,4.790411643,4.960658337,5.195963309,5.563662879,6.391298595,4.837277579,5.050783038,5.375197859,1.346102308,1.463028769,1.228965292,3.299471469,3.509357457,3.76771206,3.023685585,1.309884958,1.127421458,1.046985091,2.920742456,3.30600563,3.266724487,3.692322579,3.3956133,3.673677625,3.387560445,2.699347376,3.240662859,1.209903968,1.324045545,1.122559205,1.83582032,1.888452229,1.91285723,1.079737965,1.22903795,0.956113632,1.855939022,1.629855847,1.316954398,1.677268729,1.618820451,1.311788323,1.636835346,1.810174702,2.128479132,2.451146518,2.203202046,2.828228992,2.24211195,0.639036222,1.445277576,0.70157959,1.776028925,1.626459971,1.266426539,1.551301411,1.392942085,1.403334213,1.325852825,1.429637974,0.830213409,0.894599665,0.824779686,1.2856059,1.099423948,1.200839935,1.560986988,1.992243145,1.775047659,1.340671056,1.184534148,1.265339522,3.646675407,3.615582391,3.917834403,1.389307349,1.496638746,1.220008575,1.959255964,1.802569845,1.764020892,1.698256998,1.562022073,1.589523807,1.579376028,1.596316672,1.747122102,2.980526382,2.710733882,2.702096123,3.383731169,4.167996972,3.66347559,3.222660966,3.601697691,4.667996516,4.377472996,4.514055175,4.99850774,1.386910094,1.657022802,1.548342113,9.112336408,9.382517019,7.66241387,5.387996548,5.808946239,6.108522896,0.609606036,0.671748864,0.635646308,2.992749763,2.605191905,2.47778467,3.668731137,3.06370325,3.005173249,3.147047932,3.405298318,2.855001694,2.855001694,0.931427433,0.809388274,1.116841052,1.819453201,1.681608991,1.818261384,1.610405468,2.321847197,2.358764116,1.8252845,2.017988933
Neu5Ac(a2-3/6)Gal(b1-4)GlcNAc(b1-2)Man(a1-3/6)[Man(a1-3/6)]Man(b1-4)GlcNAc(b1-4)GlcNAc,0.744369536,0.591883726,0.646718985,0.620554343,0.8296284,0.979197623,0.564309889,0.687742383,0.635502136,0.770792307,0.944705883,0.953088138,0.688898471,0.747141271,0.689870424,0.503267866,0.42996758,0.482883287,0.427292835,0.404064391,0.405613825,0.705822354,0.752333307,0.608761534,0.480805427,0.458650461,0.48657815,0.335302676,0.458997137,0.522275002,0.525584181,0.485359162,0.621262092,0.825554696,1.381080072,1.176582862,0.39159689,0.421811227,0.520987707,0.526222473,0.551189191,0.517437815,0.241643056,0.320362558,0.291121122,0.58217963,0.608745683,1.133194039,1.210455352,1.210455352,1.133296828,0.407656227,0.266086936,0.479181346,0.664796525,0.467799546,0.55140748,0.773965817,0.79948003,0.895999246,0.495696791,0.598979853,0.721585428,1.017058466,0.824662833,0.916110822,0.729637695,0.768038368,0.787046328,0.901150869,0.985735652,1.021209024,1.24031319,0.452754116,0.604157404,0.532220776,0.345437314,0.389408504,0.415310369,0.359193496,0.373087016,0.376474488,0.597043937,0.402800798,0.494694433,0.961131965,1.261896889,0.845111827,0.609946807,0.735229963,0.675307258,0.970084165,0.863236612,1.193484675,0.688479165,0.802393962,0.81264071,0.46070757,0.548770645,0.436244504,1.140321973,1.082641971,1.046486496,0.558413783,0.716606956,0.594886363,0.840757006,0.773944861,0.438747288,0.396150665,0.380489232,0.591870562,0.637568034,0.648682108,0.954960687,0.853710062,0.61111651,0.506965776,0.406403843,0.457956876,0.677866526,0.491659585,0.455317735,0.809800635,0.827213165,1.027702806,0.355026688,0.477149548,0.469354444,0.39929326,0.5644753,0.541630756,0.846185198,1.038102843,0.875333169,0.481385331,0.403316064,0.32548866,0.3004287,0.673944103,0.707572612,0.573971682,0.424777988,0.486343027,0.495369193,0.448281595,0.61865185,0.457110251,0.751797586,0.475098089,0.677292755,0.634332351,0.702793653,0.423721569,0.700060466,0.611433048,0.725648172,0.621398114,0.637615715,0.716325909,0.70417209,1.783998156,1.394580926,1.420793654,1.44346216,0.761481471,0.858164816,0.657224059,1.210276524,1.301898108,1.316193637,1.092635046,0.671358446,0.570209217,0.574928016,0.979058797,1.093836779,1.122123896,0.892534905,0.796289218,0.901063817,1.443190219,1.198044283,1.449767691,0.708390454,0.746203013,0.637069248,0.789638981,0.769218242,0.821697479,1.010734503,1.187167318,0.879875897,1.275023364,1.04114826,0.882133148,0.804202636,0.780186461,0.643439873,1.019609815,1.182650604,1.40394124,0.939476393,0.897055968,1.127987477,0.883911994,0.403206861,0.569398259,0.435273629,0.74479411,0.674936883,0.749773209,0.931601252,0.868566883,1.17912728,1.128584776,1.193816872,0.63086312,0.691267052,0.634357331,0.589339961,0.51539113,0.54717552,0.422112887,0.54656684,0.500593465,0.790244882,0.707372695,0.779974302,0.437943088,0.414325672,0.467201723,1.293273327,1.404122955,1.141918301,0.801744749,0.748399715,0.692994544,0.675389597,0.617609521,0.649874442,0.699640498,0.730238619,0.800052412,1.235896385,1.108004493,1.09030671,0.610880402,0.65493697,0.57116752,0.449884681,0.51053531,0.6501554,0.810439521,0.869370782,0.925998166,0.58579469,0.698135135,0.652745141,0.764471284,0.826329114,0.659005326,0.828806685,0.853987153,0.89746892,0.526325933,0.583261477,0.554312404,0.91670034,0.816007937,0.794343566,1.179062191,0.94338892,0.964646619,1.349028833,1.43054841,1.198530934,1.198530934,0.577934687,0.492376978,0.722256086,0.953536031,0.850163485,0.911247257,0.80559697,1.213600856,1.207891829,0.972192117,0.99669628
{Man(a1-2)}Man(a1-2)Man(a1-3)[Man(a1-3)[Man(a1-6)]Man(a1-6)]Man(b1-4)GlcNAc(b1-4)GlcNAc,0.719611131,0.556098419,0.650825954,0.745213338,1.056734249,1.392023465,0.780627414,1.035320194,1.04370777,0.483373438,0.625643958,0.663477441,1.383166302,1.540221491,1.610082139,0.500688983,0.423309156,0.51874796,0.673069419,0.647743627,0.614453344,0.783778539,0.828670709,0.696244367,0.600743613,0.58655413,0.648287758,0.22180664,0.288792741,0.333285021,0.605965999,0.56337958,0.866984151,0.609803758,1.097640931,0.886147935,0.434799962,0.470046987,0.628368628,0.412151799,0.433902459,0.372192454,0.197466484,0.275601839,0.240539082,0.520206414,0.634744046,0.446856154,0.54177755,0.54177755,0.435041138,0.461567613,0.296336806,0.560661468,0.700168666,0.544343765,0.680323301,0.548842584,0.551877146,0.64162309,0.691768339,0.906688503,1.053919542,0.547201132,0.449437852,0.49199365,0.700623605,0.770630227,0.755024377,0.870914804,0.752523465,0.686021351,0.804131457,0.439089962,0.539482843,0.509488625,0.718668589,0.838560283,0.881345194,0.852256591,0.905097426,0.907255598,0.397727747,0.224469525,0.342443512,0.702756482,0.92715947,0.631664942,0.59352341,0.756393038,0.648110363,0.742419268,0.66602143,0.947363382,0.583259477,0.681708294,0.700360629,0.390492554,0.449566487,0.346467524,0.627561463,0.563363597,0.546693969,0.444244636,0.646995611,0.461842382,0.759638457,0.688690886,0.795268757,0.656007354,0.678816505,0.734735128,0.78147221,0.783266334,0.616210894,0.544346388,0.385118906,0.893848788,0.774904698,0.763841197,0.38361014,0.265996039,0.263700409,0.509525741,0.525284973,0.655698945,0.403330266,0.556691266,0.551885614,0.251633412,0.351290986,0.350061564,0.290645232,0.406258822,0.349531784,0.29658029,0.262483303,0.208005843,0.169028849,1.210834019,1.306762633,0.951607431,0.519181572,0.58224971,0.612461725,0.414757531,0.620919347,0.394490924,0.663930828,0.469773816,0.615991956,0.849998808,0.846575548,0.567800001,0.666654426,0.558055281,0.725099366,0.527947017,0.544897062,0.632346884,0.66861922,1.308551038,0.965424687,0.951104978,1.017298753,0.436712989,0.475267975,0.393820338,1.287382481,1.368314047,1.422922064,1.120564803,2.284995683,1.973867804,1.93446731,1.804598253,1.989946161,1.970522486,0.813896691,0.734560438,0.813443383,0.983080595,0.709521828,0.911686309,1.667941193,1.602128273,1.363232332,1.197031542,1.219661165,1.311813444,0.330357926,0.394412881,0.297713713,1.187927505,0.975562704,0.78054872,1.430928133,1.402339683,1.119016488,0.278345333,0.298067095,0.365634372,0.943163276,0.911932601,1.165158825,0.885828835,0.541462918,0.913082963,0.637418927,1.116573391,1.049621404,0.436752609,0.526771951,0.492427399,0.882734181,0.799062675,0.957111013,0.588655218,0.659040317,0.628302334,1.004742989,0.872925065,0.974607949,0.865890485,1.140859706,0.998106628,0.816154269,0.763205937,0.87469208,0.519726253,0.487494115,0.545913601,1.155271096,1.392873127,1.08274205,0.775001871,0.702829469,0.65678325,1.487563818,1.260245932,1.450032695,0.284326043,0.288431569,0.315701219,2.135396874,1.852822386,1.921333292,0.52898996,0.637033413,0.563359849,1.222881004,1.423067426,2.024726232,0.769356527,0.818188776,0.922403144,0.744378415,0.909059038,0.862039114,0.676079645,0.694149451,0.545595064,1.129342681,1.21481146,1.306819126,0.584029094,0.630059005,0.599115577,1.396744506,1.218459042,1.156475901,1.02825805,0.804242773,0.911112111,1.264972104,1.28473941,1.070207075,1.070207075,0.818079729,0.749664865,1.09134128,1.173668351,1.093012065,1.149703279,1.059064913,1.711032574,1.791522412,1.325590671,1.466511549
Gal(b1-4)GlcNAc(b1-2)Man(a1-3/6)[GlcNAc(b1-2)Man(a1-3/6)]Man(b1-4)GlcNAc(b1-4)[Fuc(a1-6)]GlcNAc,1.197769062,0.996981987,1.032382702,1.004615997,1.312004402,1.436806619,1.644878755,1.966263128,1.806616065,0.988302355,1.167085508,1.129021158,2.305543317,2.469963256,2.28853704,1.675163097,1.520259659,1.654012635,0.827732683,0.773361769,0.718908205,1.010523151,1.051040687,0.849359783,1.330110424,1.235629118,1.250839603,0.782421957,1.069002555,1.153435076,1.166501647,1.102743631,1.428807494,1.733190269,2.715711064,2.368115003,0.985554851,0.997074778,1.208948438,1.014678492,1.03486608,1.001749258,1.175006949,1.414811584,1.351163198,1.705681206,1.678616169,1.094726307,1.117731645,1.117731645,1.004653139,1.419069766,0.957815158,1.61073485,2.080489869,1.651651737,2.014818138,1.839178388,1.911567214,2.111779128,1.800772257,2.121518294,2.399911283,2.785753276,2.31094622,2.619976177,0.615817215,0.640468973,0.653700358,0.732403793,1.237798654,1.151549651,1.363325014,0.954853656,1.153116264,1.121460568,1.241893957,1.322913737,1.389929169,0.506066406,0.522181722,0.537975419,0.837416553,0.621111559,0.697320612,2.607954431,3.214390056,2.26312628,1.416787253,1.569425178,1.462437816,1.817120982,1.606017071,1.981170489,2.269875507,2.482804445,2.445073417,1.59314503,1.839071217,1.441279209,1.674064096,1.559981622,1.539015702,1.837373715,2.10367348,1.921073643,1.974272813,1.833919433,0.903994693,0.832296815,0.850738964,1.843588655,1.931382788,1.93296333,2.255041661,2.011524286,1.569698621,0.530183313,0.423174077,0.48939568,3.069691501,2.215378621,2.13422057,1.97119661,1.955176812,2.415364189,1.221881458,1.573196133,1.559072945,0.59835684,0.841840174,0.827394478,1.422300364,1.645000894,1.380038217,1.768332549,1.629429843,1.377628372,1.228241894,1.830932021,1.91545075,1.622471935,1.254974746,1.382462077,1.417641888,2.20861468,2.909092411,2.190577061,1.343569405,0.883169375,1.206282151,0.862106293,1.083596099,0.563366372,2.505584777,2.274285945,2.594632309,1.570873377,1.615545625,1.742936935,1.792062674,3.695098835,2.893172403,3.053008248,3.156029561,1.351308246,1.461884465,1.177988366,2.784609862,3.078065633,3.205470539,2.701302127,1.711794829,1.411882446,1.373303866,1.904521233,2.117304359,2.121897235,3.046775707,2.881778937,3.106716707,2.72502752,2.366045399,2.771156929,1.648556955,2.022625904,1.783492399,2.006547651,1.983470244,1.954335181,1.457127268,1.608976766,1.289729437,2.428662375,2.10453804,1.81762475,1.739938329,1.682568202,1.447881591,1.121037552,1.291701451,1.459446003,2.5694794,2.270894377,2.904605631,2.298947226,0.77955773,1.39529396,0.812619142,1.7559203,1.589197683,1.74364232,2.138174998,1.956170148,1.573662391,1.501595367,1.567470795,1.271188672,1.349037232,1.255075917,1.649830462,1.389600811,1.597775284,1.466502577,1.903004051,1.692082188,1.680898623,1.502831318,1.647372544,1.69603061,1.702392428,1.78802647,1.850744602,1.99846449,1.648471333,1.901985556,1.774565362,1.703071091,1.855087209,1.73309188,1.778891844,0.530262339,0.545441673,0.596851537,3.43297672,3.222945433,3.244124975,2.291371904,2.8893022,2.52740027,1.43409699,1.627847169,1.99330811,3.082975619,3.168783749,3.335526061,1.173714408,1.444809396,1.335446567,5.235193393,5.62893485,4.585990823,4.835610082,5.092278665,5.264382045,0.654889064,0.699851274,0.667665591,2.129397015,1.905960505,1.824551176,1.202476076,0.987336352,0.924858051,4.832244461,5.263809122,4.531801916,4.531801916,1.125325357,0.926441553,1.296130666,2.070536995,1.848385838,2.019384955,1.824633231,3.00529478,3.03932753,2.496488125,2.602169027
Gal(b1-4)GlcNAc(b1-2)Man(a1-3)[Gal(b1-4)GlcNAc(b1-2)Man(a1-6)]Man(b1-4)GlcNAc(b1-4)GlcNAc,1.038090481,0.854384063,0.926866833,0.566714381,0.749293187,0.837093203,0.731756288,0.898151646,0.821724306,0.53094404,0.645002926,0.62774945,0.609038095,0.67404657,0.596451941,0.401345942,0.353533934,0.39792004,0.504547053,0.476379001,0.467494429,0.781056935,0.809032376,0.659639981,0.776348392,0.709293364,0.718470848,0.202431454,0.278566508,0.306375668,0.485463147,0.456736163,0.614416914,0.864008037,1.41289187,1.234127413,0.337019538,0.362959964,0.435074583,0.432458945,0.450808437,0.432985036,0.234245306,0.293659148,0.280027137,0.433936779,0.444079945,0.846866977,0.88855882,0.88855882,0.793900497,0.476229603,0.320984407,0.550012562,0.71886976,0.542251719,0.612649709,0.621947485,0.646944479,0.783053371,0.818563287,0.983142401,1.147954488,0.851194203,0.684308205,0.789986956,0.43036938,0.456188674,0.470701882,0.535188225,0.573945648,0.570907666,0.679662081,0.463943521,0.562898435,0.547899061,0.448723186,0.499036311,0.509643999,0.25966193,0.265867371,0.275600043,0.309134011,0.172791744,0.23642332,1.023502497,1.309880247,0.890442901,0.809743083,0.936095358,0.865535741,0.722618077,0.651700315,0.841064132,0.439216925,0.495214747,0.491098309,0.469807392,0.56820533,0.437960083,0.981756262,0.951479655,0.928784393,0.517281922,0.628399786,0.567601811,0.85742992,0.793539595,0.673253893,0.598521307,0.616095908,1.228812069,1.407452795,1.348375163,0.825798665,0.701636134,0.533044384,0.235411075,0.182528783,0.20968956,0.538636852,0.392256703,0.385975594,0.582381636,0.569542553,0.705251033,0.41433121,0.552907479,0.546864202,0.225261922,0.299652554,0.294264183,0.316283101,0.365560094,0.341054311,0.277521648,0.24508314,0.214737112,0.189228862,0.776803323,0.800884743,0.68022243,0.408327072,0.448420863,0.476231273,0.384083469,0.520034966,0.367935002,0.59467479,0.402190336,0.552111211,0.336345327,0.408537524,0.209954035,0.754393836,0.671407484,0.788675128,0.478057381,0.49531303,0.54728709,0.543510647,2.635380934,2.091307909,2.199418992,2.306768712,0.473489378,0.525827766,0.400129642,1.452215787,1.622292551,1.694399377,1.383466239,1.274843651,1.05476956,1.071912178,1.055783747,1.171716712,1.163912673,0.976084541,0.901020342,1.007611346,0.917912452,0.780419108,0.931408921,0.946052869,1.114026047,0.960484869,0.924348324,0.883641666,0.908195527,0.882587875,1.013487792,0.763388529,1.163523826,0.969368754,0.822299341,0.917204688,0.890473375,0.756604413,0.300004944,0.332495593,0.395084868,0.882968969,0.797085456,1.025833723,0.783181671,0.432738628,0.672140638,0.453208881,0.893037648,0.797934781,0.611414126,0.784893209,0.711995885,1.071509639,1.041964919,1.079860266,2.092513997,2.219241586,2.018228369,1.088946333,0.921095647,1.100987873,0.78768985,1.003458415,0.915145211,0.525152827,0.460884705,0.512195514,0.49465602,0.477779943,0.527425312,1.00002487,1.113466086,0.876744952,0.999496044,0.933415031,0.884452289,1.741640059,1.564153221,1.663080292,0.269999458,0.271075062,0.300956965,1.218897737,1.140022684,1.117646401,0.581145905,0.692598621,0.600315219,0.688266749,0.774964518,0.929277912,0.997387011,1.05699735,1.123962301,0.661772691,0.818119667,0.764223431,0.816388807,0.893767885,0.712787033,0.88220752,0.922698324,0.941470721,0.559436892,0.590758992,0.568018277,1.42754547,1.296011763,1.217880419,1.11690691,0.89751368,0.877382939,1.161992495,1.249839781,1.056320505,1.056320505,0.635770273,0.513226507,0.750942252,1.847015377,1.626825275,1.790969919,1.621896586,1.53077702,1.551172471,1.259316932,1.282562114
Gal(b1-4)GlcNAc(b1-2)Man(a1-3/6)[GlcNAc(b1-2)Man(a1-3/6)][GlcNAc(b1-4)]Man(b1-4)GlcNAc(b1-4)GlcNAc,0.378588638,0.329099102,0.331511773,0.430687065,0.539050012,0.558776948,0.640762362,0.752991173,0.704817338,0.246017494,0.289740782,0.269607568,0.815392503,0.884370457,0.763554886,0.192052001,0.181824144,0.198810545,0.294624326,0.301512976,0.281912791,0.48811015,0.488861071,0.410259899,0.257436223,0.257369117,0.23600141,0.283030603,0.358388875,0.378650528,0.291016936,0.287765078,0.339028201,0.483121115,0.687388898,0.676475021,0.26601397,0.29688665,0.322039827,0.477034573,0.47448463,0.471757267,0.452941285,0.505608768,0.534628089,0.427718639,0.427796867,0.334140042,0.33283729,0.33283729,0.305319272,0.291438675,0.203160803,0.335798127,0.547713114,0.458362734,0.526759627,0.281373442,0.34903961,0.394931118,0.774158573,0.863468273,0.947569564,0.702890653,0.60369397,0.681120344,0.453121542,0.464638048,0.477835977,0.550767734,0.414248752,0.387479665,0.417079302,0.344085405,0.409978236,0.402150524,0.404083181,0.432833156,0.479093979,0.216378511,0.226865107,0.272491064,0.258623009,0.15604721,0.203737084,0.732411518,0.892974102,0.655795275,0.39863466,0.439725064,0.40857036,0.370178618,0.350446793,0.426299762,0.651842956,0.704425,0.679378857,0.510966358,0.597607665,0.475509322,0.294461651,0.292313781,0.287550436,0.565989148,0.61314063,0.598447001,0.941322801,0.912802082,0.489076933,0.478844179,0.476655461,0.787005563,0.737117802,0.770092369,0.762726182,0.601439496,0.515259854,0.192395758,0.153894714,0.18345816,0.378090435,0.281805516,0.293836136,0.426336012,0.432313945,0.472049289,0.247769713,0.273233411,0.262257354,0.160296113,0.20929989,0.219394628,0.313256382,0.32985022,0.322229336,0.391207946,0.348800157,0.320387169,0.312661309,0.381920279,0.390209727,0.337407499,0.365050035,0.40282026,0.436690135,0.313171395,0.394208122,0.29054346,0.397333208,0.328365333,0.382650707,0.266226935,0.294398446,0.183366754,0.578227612,0.520769648,0.590386282,0.662675496,0.653001553,0.729143989,0.73348816,0.400076242,0.324463467,0.337271684,0.292368746,0.359310785,0.382394313,0.317969379,0.868813444,0.945434136,0.967911115,0.837044638,0.685053256,0.555156276,0.55638662,0.788958962,0.839142662,0.880068568,0.496617088,0.453805619,0.507501832,0.454710416,0.412118536,0.49281549,0.568215021,0.634175049,0.599344162,0.399384036,0.370583957,0.373254834,0.448769656,0.47244013,0.406413814,0.392302088,0.358990386,0.326784956,0.389121609,0.373347152,0.345584663,0.27890004,0.300970046,0.325340582,0.411542051,0.392868394,0.432980823,0.372720184,0.184689126,0.304599198,0.176607916,0.338959439,0.325837972,0.207618718,0.234654183,0.237598527,0.564836648,0.536643732,0.557015081,0.30062254,0.301432766,0.297123454,0.303647358,0.25741168,0.265414914,0.376531379,0.438693828,0.378151507,0.163513792,0.173332503,0.165511906,0.420172584,0.422124479,0.434472987,0.460857985,0.538975542,0.458296275,0.377934629,0.311388921,0.295129172,0.682283356,0.668251063,0.629119677,0.169858821,0.165581996,0.186722962,0.503050354,0.454550755,0.42984354,0.518116457,0.585853606,0.550997773,0.7337105,0.850516624,0.899477829,0.928385466,0.960513351,0.893929866,0.586482473,0.674950123,0.607429937,0.592148777,0.67451329,0.560330049,0.820104019,0.832053593,0.819888328,0.211626179,0.222925542,0.21550439,0.740588679,0.694552482,0.688826434,0.742048236,0.615328915,0.548918625,0.548673006,0.600872262,0.494421836,0.494421836,0.293895162,0.239135837,0.28727752,0.645297399,0.540843729,0.589809643,0.531846449,0.66445352,0.640196307,0.568741821,0.560810952
Neu5Ac(a2-3/6)Gal(b1-4)GlcNAc(b1-2)Man(a1-3)Man(b1-4)GlcNAc(b1-4)GlcNAc,0.558061156,0.425642672,0.526271119,0.490026643,0.650978583,0.839464278,0.407984126,0.515753363,0.469823175,0.832699794,1.027804797,1.099350096,0.228129445,0.276072825,0.255875888,0.318070193,0.282449299,0.326619086,0.365335413,0.333515197,0.378996138,0.545277442,0.596091691,0.50380232,0.430701885,0.389205604,0.466219175,0.454932947,0.62649052,0.703429516,0.362339646,0.336468839,0.505100733,0.767844633,1.358209015,1.091275023,0.320776251,0.35655624,0.433414269,0.562012717,0.619910789,0.550221241,0.081801174,0.109516257,0.100505931,0.307225832,0.33456615,1.237748412,1.402329284,1.402329284,1.268571578,0.101249799,0.071178447,0.11700211,0.490536619,0.290917682,0.32611332,0.766522239,0.767035762,0.806393818,0.321428636,0.411703679,0.513425962,0.83078102,0.65816188,0.730201623,0.53159537,0.582332978,0.565224333,0.666824772,0.691444919,0.70380019,0.91613748,0.166307266,0.262653392,0.182811675,0.266526243,0.306744115,0.295135944,0.079954047,0.08827504,0.082280546,0.804896153,0.494088626,0.751854641,0.897239751,1.208837259,0.777479728,0.388632483,0.496310773,0.447248708,0.981246813,0.856751628,1.244362882,0.72896805,0.925436505,0.936224223,0.23084273,0.267667576,0.215008817,1.197136952,1.103214663,1.044819505,0.39792766,0.566926658,0.423424683,0.452840872,0.405125611,0.271197493,0.253138316,0.224528396,0.418904068,0.496215325,0.486073741,0.89500496,0.886061117,0.566983377,0.290734685,0.246258353,0.260063261,0.753250622,0.57896232,0.493457009,0.845789828,0.799917025,1.030502687,0.1873523,0.253813332,0.269663032,0.268188474,0.368110225,0.368171367,0.97396506,1.290298096,1.072965522,0.392475146,0.344465803,0.267838913,0.226887838,0.551907571,0.583220793,0.459513086,0.32163739,0.353955861,0.365208703,0.46109747,0.646678492,0.46477508,0.650695699,0.353540184,0.552237964,0.441219474,0.531591812,0.286328354,0.533184257,0.451166284,0.546938753,0.433241285,0.463443838,0.512748048,0.51074157,1.806192308,1.381640327,1.397207152,1.508242752,0.844312591,0.978592747,0.728715967,0.757747484,0.792820188,0.860161281,0.638764889,0.248110327,0.235629961,0.230766986,0.881213164,1.009656641,1.001574858,0.691568759,0.60771341,0.708948646,1.606889366,1.214356399,1.478943849,0.643341486,0.544667545,0.441777402,0.720717084,0.752984666,0.901862983,1.018522098,1.29443974,0.855536893,1.257788168,1.008632186,0.785483638,0.693829814,0.716601948,0.520573829,0.429140413,0.453649062,0.594823245,0.942825052,0.910045639,1.221035185,0.885351176,0.193649792,0.503073434,0.199433364,0.711875806,0.62257489,0.763526526,0.978322121,0.86225237,1.093742285,1.049351385,1.126044542,0.454883645,0.49622181,0.453678976,0.339201438,0.296625618,0.323134843,0.259120402,0.290269306,0.296673498,0.871464138,0.713920812,0.833451097,0.331487201,0.331630348,0.370162325,1.250531963,1.335439713,1.006928003,0.692525931,0.658016878,0.615396949,0.520534967,0.444779699,0.484937052,0.744935024,0.78866147,0.862508975,1.128197548,1.004518068,1.002757828,0.410636175,0.424863388,0.363847233,0.31610289,0.329704475,0.484349773,0.544473854,0.623533064,0.709198238,0.372911633,0.458860493,0.453121802,0.828138285,0.839010049,0.624129781,0.408037929,0.429146507,0.465582657,0.401871838,0.442292032,0.426974604,0.597045852,0.526564758,0.510203557,0.842357626,0.631237875,0.747567491,1.281750164,1.332516386,1.115464643,1.115464643,0.238414837,0.212346262,0.310902258,0.547809163,0.504347981,0.5264472,0.474140605,0.89445381,0.911328613,0.690080546,0.742650429
{Man(a1-2)}Man(a1-2)Man(a1-3/6)[Man(a1-3/6)]Man(a1-6)[Man(a1-2)Man(a1-3)]Man(b1-4)GlcNAc(b1-4)GlcNAc,1.581640115,1.296123648,1.340678839,1.477494318,2.005059961,2.398142959,1.731523156,2.177643487,2.21262841,1.077630468,1.34272353,1.339474993,2.486202674,2.674947822,2.754172961,1.199899867,1.020868209,1.184720756,1.323896879,1.310837551,1.132184393,1.665995218,1.701430082,1.424391928,1.380113561,1.398270975,1.439765154,0.580579065,0.735874709,0.864724429,1.257925067,1.202116331,1.638207513,1.36280451,2.138029114,1.866284425,0.941420114,0.95228443,1.299722411,0.814594198,0.836562283,0.771744116,0.50302877,0.652712109,0.621040627,1.116413574,1.267058627,1.03326949,1.165118607,1.165118607,0.97750322,0.916030968,0.600751974,1.112154023,1.488112955,1.213703918,1.426228575,1.051088134,1.06362365,1.313912004,1.329891706,1.598397901,1.794450078,1.216910511,1.031480071,1.157461179,1.089178597,1.152094149,1.195708743,1.315066182,1.323074536,1.258577117,1.392040957,1.101851075,1.269742224,1.292071107,1.485754462,1.668260089,1.834021594,1.783039657,1.825413221,1.950152786,0.623853551,0.45805125,0.531639137,1.620095056,2.023588809,1.50310261,1.294719479,1.539329637,1.374574004,1.620287727,1.46574758,1.86425837,1.329274965,1.398650387,1.411720332,0.814646905,0.906768061,0.713010078,1.367547724,1.2441816,1.246349755,1.10446808,1.379357414,1.166629946,1.68487515,1.58778256,1.89479499,1.525727353,1.742179148,1.684480294,1.607819454,1.682768742,1.240685743,1.028900625,0.835163633,1.461739522,1.209078915,1.307518689,0.831774269,0.518939697,0.549240632,1.031104651,1.11221796,1.329087268,1.07161457,1.302338526,1.228656255,0.506210339,0.714720798,0.684302906,0.648638072,0.778826745,0.657272225,0.542467752,0.479541389,0.404346725,0.350536684,2.428910029,2.569913917,1.993627534,1.232301613,1.373519688,1.417165043,0.783604449,1.152445524,0.734050575,1.28839787,1.093143955,1.255890009,1.724272843,1.7177484,1.233325283,1.445121281,1.261360553,1.547981116,1.068974821,1.104400193,1.237877458,1.327265768,2.108007269,1.6586355,1.687835924,1.68654083,0.99716755,1.067956138,0.900819267,2.043095348,2.257423622,2.210711839,1.947840985,4.192003073,3.422775716,3.445660415,2.973024336,3.1539739,3.219589508,1.753048501,1.651415323,1.731609382,1.785451502,1.462338845,1.770872337,2.489359753,2.886607231,2.607867373,2.08552487,2.045905436,2.014946672,0.836134945,0.931786476,0.77727175,1.798088773,1.587325208,1.386966128,3.073323769,2.857957669,2.604520301,0.535074454,0.608920599,0.661009576,1.904293211,1.754762454,2.085658164,1.768131055,1.129575625,1.895220639,1.253381988,2.097906673,2.102363697,0.878483541,1.015080924,0.953758976,1.70239816,1.575775486,1.775165801,1.361859337,1.508720564,1.405816471,1.948392631,1.711629859,1.783354981,1.770114547,2.42648109,2.014172221,1.548026019,1.552065085,1.655122459,1.114880028,1.068346667,1.165165864,1.992490532,2.362783689,1.995363192,1.546517638,1.371070891,1.303992925,3.164896943,2.874085888,3.159582276,0.681259904,0.687618407,0.748596976,3.182827933,2.832745509,2.948316581,1.018135041,1.225012086,1.115145263,2.305814747,2.797186314,3.372034195,1.676536543,1.697988121,1.750556623,1.684762177,1.99705324,1.835893307,1.21139867,1.300833282,1.067144314,2.019479733,2.181818531,2.234828995,1.201071424,1.246613522,1.196049681,2.646432512,2.36036378,2.289265633,1.658981222,1.379748182,1.348095383,2.081470236,2.188092977,1.844665749,1.844665749,1.703117708,1.525755737,2.055893464,2.454669436,2.248542017,2.403623417,2.292630613,3.219303577,3.297261712,2.666181069,2.873816578
Neu5Ac(a2-3/6)Gal(b1-4)GlcNAc(b1-2)Man(a1-3/6)[GlcNAc(b1-2)Man(a1-3/6)]Man(b1-4)GlcNAc(b1-4)GlcNAc,1.404234254,1.232888936,1.176904056,0.971486772,1.19817572,1.223370387,1.061060558,1.20917198,1.102259942,1.313585988,1.486744695,1.371307816,2.196273028,2.248434416,2.075784697,0.715578512,0.639652278,0.667966819,0.689499456,0.686004858,0.556835179,1.548210053,1.585016797,1.309818931,0.878601222,0.906583579,0.767173784,0.976089252,1.227922683,1.258701801,0.796412598,0.777825448,0.813454271,1.709408003,2.237312817,2.161032181,0.586181595,0.59822863,0.71378423,0.873966323,0.868701246,0.865604664,0.415814609,0.465149961,0.505510914,1.01675065,0.94865717,1.42195883,1.329599891,1.329599891,1.248538737,0.90737784,0.636244281,1.03225165,1.088534664,0.85760236,0.932617776,1.208038099,1.269919921,1.463435023,1.061415444,1.136524341,1.263958568,1.469499761,1.25563652,1.425575979,0.844456771,0.848291272,0.885904878,0.941084748,1.348166304,1.331543851,1.464788014,0.902462387,1.09669263,1.058969906,0.786880466,0.812668135,0.944990991,0.747494512,0.756988326,0.868179958,0.626377246,0.539231904,0.525215829,1.814862407,2.176799306,1.648961273,1.005363617,1.093949241,1.036141054,1.544626346,1.397541456,1.633839318,1.027091586,1.074092886,1.056734171,0.71391202,0.814880748,0.691305934,1.520753883,1.479531154,1.523188351,1.005715378,1.088530848,1.083642739,1.473498591,1.444016739,0.724258045,0.679646477,0.703549409,1.149924471,1.041473722,1.113582106,1.366392023,1.120509515,0.96174892,0.577922193,0.462306539,0.548109412,0.936530605,0.708278899,0.701819656,1.286200034,1.350582236,1.470104395,0.66538603,0.749099601,0.711736884,0.614300584,0.821327548,0.81490377,1.264606474,1.319159757,1.195508033,1.485996504,1.272186874,1.175385575,1.16641185,0.98473875,1.01332696,0.907134721,0.664961125,0.737006803,0.75847051,0.627822598,0.749599777,0.623924795,1.467321256,1.246771909,1.448997823,0.695820985,0.803246478,0.511519001,1.283133202,1.168869467,1.27079582,0.797078123,0.792463406,0.869738099,0.853155055,2.277851713,1.937175025,2.066259109,1.797074831,1.151699508,1.211287476,1.035897588,1.99495596,2.189598934,2.057945935,1.95667393,1.160936546,0.931938707,0.94592824,1.420135325,1.513747256,1.55720121,1.718125217,1.579534538,1.667559645,1.810401608,1.808108682,2.064565173,0.998554071,1.250586048,1.187985352,1.63231289,1.50983215,1.403204242,1.476203073,1.520638675,1.374969438,1.797759626,1.723730784,1.607141937,1.398256598,1.318751371,1.258417205,1.915167265,2.204889378,2.283128071,1.488075991,1.361494378,1.463743745,1.343919798,0.545592164,0.93167764,0.556232435,1.020381684,0.983162088,1.160240359,1.33587561,1.251771362,1.831105066,1.75346434,1.751991289,0.957604185,0.954098516,0.93006919,1.144077771,1.028398482,1.017258328,0.720467699,0.908160013,0.769998194,1.137585837,1.098832689,1.100879318,0.932838518,0.983745968,0.978178711,1.792001558,1.936404468,1.74996133,1.107854714,0.998294072,0.926091151,1.189344158,1.20954635,1.100794325,1.304226842,1.358197706,1.489196838,1.699940819,1.620559863,1.509080353,1.119975538,1.16974353,1.113217985,0.95548638,1.114048285,1.099320055,1.349524361,1.358082222,1.250538607,1.503524721,1.604542831,1.483526181,1.008501573,1.161256817,0.992511367,1.147470138,1.14848932,1.128976532,0.903145146,0.993375473,0.937372465,1.666587142,1.557260419,1.555217414,1.77781965,1.588169116,1.336950545,1.839364912,2.071187395,1.737471137,1.737471137,0.859273026,0.722071639,0.869973508,1.725259463,1.500215802,1.628660395,1.458640091,1.899078489,1.803823817,1.677124779,1.668790218
Gal(b1-4)GlcNAc(b1-2)Man(a1-3)[Gal(b1-4)GlcNAc(b1-2)Man(a1-6)]Man(b1-4)GlcNAc(b1-4)[Fuc(a1-6)]GlcNAc,0.326524795,0.304189319,0.293728728,0.225964501,0.290670174,0.29882452,0.390034877,0.464527319,0.431502035,0.403186803,0.482187791,0.456382018,0.35673513,0.409051478,0.354203284,0.312099519,0.277334523,0.311209327,0.356299414,0.364044204,0.326894073,0.177005726,0.168809371,0.159180459,0.356960868,0.350047625,0.322359563,0.13809048,0.175554509,0.18457508,0.353219936,0.349794993,0.432330125,0.550513386,0.847269146,0.788907005,0.262083652,0.30443668,0.331748182,0.268355494,0.264935879,0.259622694,0.2736699,0.324253046,0.341661133,0.363668406,0.358093871,0.559791848,0.601409383,0.601409383,0.507301261,0.369135676,0.255182589,0.428120509,0.470258459,0.369761919,0.402150129,0.508448684,0.465254449,0.562547958,0.49637647,0.533532558,0.634557894,0.53731358,0.438025927,0.515325112,0.206959058,0.219718156,0.217689916,0.260121091,0.287738673,0.283016605,0.318705441,0.193006009,0.241344467,0.229979546,0.356129284,0.388334687,0.415766284,0.170523452,0.202807432,0.208869274,0.270907463,0.169745947,0.217751574,0.49404674,0.620854505,0.469258125,0.313529275,0.352090609,0.3280074,0.378204358,0.357352947,0.71360116,0.358136113,0.398865432,0.384234455,0.393712955,0.457200662,0.409454009,0.567130999,0.568776243,0.575678082,0.58929378,0.676163719,0.64772574,0.537418979,0.520444648,0.282963637,0.269510959,0.26018065,0.767332831,0.768786789,0.791860183,0.569401462,0.433053965,0.37299917,0.143438018,0.115648928,0.135306557,0.807264308,0.565579247,0.603036158,0.377232855,0.389288306,0.428245311,0.387172536,0.4750389,0.459347747,0.131581825,0.174586828,0.172261453,0.197407769,0.211668027,0.209672277,0.189918452,0.162896707,0.148039691,0.140352757,0.693804716,0.721595618,0.621501383,0.311509186,0.340963839,0.369747027,0.701895251,0.88252696,0.692505656,0.293766251,0.217890351,0.221262768,0.186966596,0.216804611,0.125234062,0.553962453,0.485008219,0.561892238,0.283511151,0.302629369,0.340258844,0.308675081,1.301087166,1.080735774,1.134900659,1.081678324,0.483609445,0.514802469,0.420375138,0.8500441,0.95490356,0.927916485,0.831778295,0.855937285,0.696593025,0.704446711,0.571149418,0.633595091,0.674810905,0.985746023,0.885686263,0.961913809,0.769661714,0.701583957,0.850052866,0.788115846,0.98868794,0.879970172,0.799840055,0.746537504,0.719179071,0.773593099,0.832411525,0.692242079,1.147267411,0.99157437,0.908972635,0.531173686,0.504290821,0.460433742,0.302626191,0.339200628,0.3478765,0.86775128,0.795801861,0.944927411,0.779819445,0.297097663,0.511215453,0.30492652,0.629459348,0.584296002,0.61132259,0.751285989,0.698794771,0.638128451,0.62701039,0.636374667,0.771931394,0.800438021,0.775656776,0.694027261,0.593174201,0.639030729,0.650405515,0.840528729,0.735891969,0.647090095,0.587951186,0.627675031,0.421703901,0.417202465,0.439424633,0.864193698,0.996703796,0.844331523,0.587258334,0.545729747,0.498067206,0.772860252,0.739352281,0.730623594,0.183182973,0.180104352,0.210574361,1.244313094,1.181348288,1.154404123,0.852932153,0.736913469,0.646950046,0.360128597,0.412036915,0.449561941,0.765500817,0.782283764,0.777749753,0.364937918,0.418861791,0.379443528,1.252959059,1.412545342,1.1832533,1.299705945,1.34036933,1.357175421,0.263981861,0.282454357,0.273564753,0.546373414,0.516973376,0.520951412,0.346277901,0.266037963,0.262900991,1.699061623,1.855603835,1.588800908,1.588800908,0.487794544,0.389492323,0.517582192,1.020790186,0.856735927,0.944086005,0.864070717,1.443212138,1.421583526,1.252181956,1.225189288
Gal(b1-4)GlcNAc(b1-2)Man(a1-3/6)[GlcNAc(b1-2)Man(a1-3/6)][GlcNAc(b1-4)]Man(b1-4)GlcNAc(b1-4)[Fuc(a1-6)]GlcNAc,0.144285792,0.132679496,0.138301923,0.103237611,0.107798247,0.117758091,0.145313621,0.156077979,0.158803029,0.146203344,0.166721727,0.150380249,0.122049114,0.14381099,0.130927082,0.080241691,0.074886158,0.08856913,0.086936854,0.103977963,0.118596135,0.106857908,0.100781243,0.09694932,0.102536787,0.098557641,0.100024235,0.082155117,0.094013786,0.095805643,0.091805572,0.098138675,0.132647989,0.196178654,0.228310554,0.230664143,0.097867036,0.136309697,0.122262744,0.109174176,0.10567243,0.106023857,0.066431412,0.069008987,0.085302567,0.098978655,0.111356482,0.151909581,0.166349677,0.166349677,0.15082171,0.082645727,0.068558223,0.09719148,0.133604627,0.121257282,0.125244482,0.132113682,0.139696991,0.155674601,0.126360709,0.126483084,0.150355883,0.160923727,0.154979021,0.164669785,0.158946067,0.171217675,0.150780453,0.165189792,0.157792621,0.170637245,0.165961145,0.110029824,0.126223474,0.120338904,0.15991203,0.165795654,0.187022004,0.060502342,0.066029976,0.098743908,0.19319252,0.113366178,0.155597878,0.178364229,0.19927819,0.185352487,0.10008192,0.117525175,0.112784289,0.146306674,0.160323499,0.220581409,0.14624439,0.152560867,0.147767701,0.159643787,0.160437139,0.141421422,0.156935016,0.151962339,0.154591387,0.119877243,0.132871181,0.123700724,0.146860359,0.154400092,0.150005756,0.158180243,0.13881309,0.21129941,0.157234808,0.191407727,0.195252427,0.131409152,0.132421176,0.068677008,0.060134991,0.068342825,0.132556117,0.11928027,0.128173689,0.119973708,0.119841413,0.111188679,0.091057586,0.089951771,0.08898856,0.074520749,0.081599442,0.093783727,0.097225364,0.094694842,0.114410012,0.071880751,0.061979843,0.065052214,0.06036022,0.097275605,0.105666313,0.086227521,0.103242304,0.107745654,0.127396753,0.120394323,0.141997169,0.111558097,0.112173944,0.097382541,0.101642502,0.102188377,0.099439657,0.078982336,0.116485529,0.104042908,0.124263805,0.134424419,0.130341647,0.15204156,0.140678153,0.200753286,0.18349499,0.182504221,0.140998825,0.162247299,0.167995451,0.157855333,0.184332008,0.17537645,0.163738891,0.15203644,0.229753425,0.201802899,0.208172412,0.226574701,0.239531542,0.285670455,0.229554755,0.212600999,0.242609488,0.178703183,0.171839915,0.212644842,0.253079706,0.21368857,0.211530363,0.189582627,0.174603022,0.175794987,0.192499053,0.192012828,0.190232947,0.15364426,0.145685978,0.136615161,0.144070347,0.14054654,0.128248351,0.104541355,0.099382733,0.100893448,0.139715366,0.159661512,0.153816946,0.140627297,0.081353949,0.116582383,0.07358164,0.125225499,0.121103326,0.11035732,0.115863117,0.123463637,0.140296123,0.142128466,0.142427452,0.106428027,0.107759706,0.10880706,0.143168247,0.127069221,0.107580805,0.105927064,0.104229994,0.110517951,0.118671499,0.126002641,0.123746774,0.157987638,0.142915699,0.139860774,0.163889767,0.214060309,0.169683715,0.151118511,0.129779245,0.116046932,0.19363062,0.207511051,0.182752559,0.139048993,0.134485411,0.143404583,0.224724701,0.19512604,0.183175582,0.143497109,0.115959862,0.11865059,0.155452202,0.169188056,0.170280515,0.155442632,0.187555798,0.145862156,0.156821177,0.161311315,0.162516145,0.311070557,0.354981637,0.323796906,0.116328475,0.113994894,0.111541261,0.110526783,0.118159984,0.115134419,0.179638164,0.178229855,0.195489481,0.212733165,0.170825488,0.171532692,0.236870561,0.248406882,0.20925567,0.20925567,0.12610724,0.106821117,0.106301624,0.198445108,0.170669994,0.162377254,0.14969821,0.211417678,0.193719847,0.198255608,0.194706152
Gal(b1-4)GlcNAc(b1-2)Man(a1-3)[Gal(b1-4)GlcNAc(b1-2)Man(a1-6)][GlcNAc(b1-4)]Man(b1-4)GlcNAc(b1-4)GlcNAc,0.156110315,0.146132548,0.157592883,0.123584357,0.140914915,0.149849524,0.236201222,0.272018568,0.272886312,0.145811022,0.169774485,0.152224166,0.124652114,0.149462868,0.126484627,0.074325745,0.068653965,0.078287739,0.110664647,0.120693784,0.135385135,0.106127691,0.100119246,0.097531684,0.109293714,0.10974935,0.110347289,0.072489511,0.086421203,0.08799727,0.103027737,0.106391979,0.137949522,0.226948338,0.289721824,0.293619479,0.111081239,0.144408524,0.131873882,0.135465683,0.13168322,0.135013925,0.106115377,0.11664246,0.13508795,0.117650828,0.127253522,0.184229026,0.198570052,0.198570052,0.173670098,0.082606823,0.063270062,0.096472688,0.172741378,0.145706681,0.153585683,0.137749572,0.151603023,0.178557807,0.228487475,0.23488399,0.272903715,0.194136311,0.175821434,0.190377737,0.241119572,0.252951641,0.252821193,0.300897888,0.164135186,0.169181996,0.17432674,0.097059143,0.113371585,0.10539261,0.164346721,0.178812184,0.190350271,0.062478463,0.069126517,0.087306659,0.164207147,0.086674003,0.131015549,0.245565475,0.2845797,0.241546346,0.152067624,0.173261841,0.166644197,0.167814076,0.176847258,0.225690161,0.162005434,0.173014119,0.168064113,0.161907424,0.177073295,0.162457176,0.1556258,0.156815162,0.157333419,0.196370065,0.221955059,0.217651524,0.249488332,0.259740631,0.188125684,0.18662208,0.169041638,0.328271524,0.286877508,0.324392472,0.249695093,0.17364754,0.164232371,0.05821438,0.051940424,0.055933039,0.141743998,0.116100844,0.121142263,0.16754893,0.163944393,0.157593033,0.101070618,0.105914207,0.101686589,0.06030495,0.065894588,0.068802311,0.083042449,0.082721931,0.101975589,0.066206685,0.061590802,0.064400303,0.056582144,0.15223394,0.161838228,0.138657949,0.110241844,0.113867842,0.133404845,0.157197717,0.181178741,0.137347536,0.118161084,0.092562228,0.099215715,0.096515549,0.09920246,0.070593215,0.167592747,0.147537572,0.171630811,0.161566664,0.159503976,0.185554701,0.17653286,0.211999101,0.186752089,0.19599988,0.160111333,0.160434793,0.166434024,0.14703192,0.295777303,0.305903739,0.296584513,0.263873226,0.342144765,0.282889469,0.290807325,0.313248231,0.334388607,0.367189485,0.253717285,0.23194458,0.267581491,0.181340606,0.168854191,0.208694943,0.347791105,0.342297057,0.333385542,0.215979414,0.19768861,0.207776245,0.245398228,0.252806217,0.226421983,0.194803272,0.179048877,0.166947222,0.159087287,0.156439142,0.146382822,0.093923017,0.093926415,0.098698606,0.186774101,0.188023576,0.195912304,0.171960519,0.093756135,0.145153297,0.087726719,0.160452913,0.150925953,0.106895586,0.121197202,0.124869254,0.210266572,0.203455182,0.211746579,0.178496303,0.182311307,0.175094842,0.169257654,0.147749318,0.142652222,0.134874089,0.145344064,0.139030998,0.115519817,0.125628463,0.122535105,0.170030384,0.155204501,0.164508253,0.20646118,0.256456085,0.217608581,0.167501379,0.140573513,0.131216866,0.366244148,0.366770029,0.335459826,0.101655355,0.09925836,0.10939579,0.255256549,0.226133028,0.215870422,0.195376121,0.177767806,0.174759476,0.204083532,0.227523483,0.232219253,0.268703641,0.286729104,0.252028148,0.185628618,0.197809938,0.186447357,0.201357081,0.228665573,0.207074785,0.219566153,0.218098199,0.209809307,0.113013064,0.121440838,0.118332376,0.256311375,0.247087699,0.257307819,0.221852201,0.173535623,0.171820482,0.281080672,0.299109611,0.250676808,0.250676808,0.147681431,0.119968689,0.130150022,0.318001104,0.262570918,0.274961601,0.249357606,0.353556571,0.331033819,0.3260354,0.302343763
Neu5Ac(a2-3/6)Gal(b1-4)GlcNAc(b1-2)Man(a1-3)[Man(a1-3)[Man(a1-6)]Man(a1-6)]Man(b1-4)GlcNAc(b1-4)GlcNAc,0.719208513,0.608552369,0.577345518,0.351381045,0.439310325,0.462241524,0.59670403,0.685846523,0.658373575,0.420885086,0.4967026,0.451749072,0.72176301,0.764108531,0.684180908,0.361684276,0.313566106,0.345801154,0.502024259,0.523627418,0.43705559,0.541017432,0.52759998,0.44773033,0.5053136,0.50864871,0.430690096,0.211246352,0.283254121,0.29349402,0.345456928,0.348422015,0.39633284,0.587904839,0.793438567,0.767602188,0.227326434,0.268073139,0.293368443,0.299964822,0.295623916,0.292880852,0.243699818,0.272590913,0.301051644,0.460970277,0.465541076,0.584247292,0.566373879,0.566373879,0.525535281,0.447847831,0.311804677,0.524902277,0.499056123,0.433788387,0.501287679,0.395861491,0.42066869,0.528621117,0.392254388,0.410931965,0.470861764,0.604001107,0.525070338,0.595491612,0.697557184,0.709043443,0.742144587,0.791978513,0.470899044,0.492053224,0.513633695,0.26220654,0.326042836,0.310065203,0.366507512,0.391368538,0.441611799,0.627094575,0.628648001,0.75854207,0.272665699,0.203858447,0.224943971,0.569458754,0.720950909,0.544139956,0.468508445,0.535413182,0.501430429,0.454343873,0.441873553,0.506894392,0.330716171,0.345095169,0.338393133,0.362034103,0.410797423,0.33533547,0.459683705,0.445398857,0.446529301,0.413176221,0.441960644,0.446079312,0.824113804,0.81006965,0.441013173,0.406499565,0.423816984,0.582931251,0.499167897,0.565204545,0.488148623,0.350750653,0.309781187,0.335455376,0.268293104,0.307975467,0.367491097,0.280032527,0.281008535,0.401013167,0.4382462,0.447462518,0.425957039,0.465636443,0.439713668,0.200134271,0.258396466,0.264341641,0.279994922,0.286711402,0.270227114,0.202251649,0.169033512,0.158944732,0.158032803,0.565428948,0.607913622,0.528127129,0.389553873,0.434524761,0.45719672,0.30954495,0.359033101,0.297070177,0.355740326,0.306973352,0.338633174,0.303986965,0.331899253,0.232151154,0.479367654,0.426048785,0.485465419,0.337913944,0.326202781,0.37521508,0.355761549,0.718658308,0.627904758,0.645685902,0.543709593,0.415789579,0.433122438,0.378781324,1.197793803,1.313443248,1.177345111,1.166918138,0.954491519,0.744072928,0.79811549,0.601782476,0.627000299,0.739028652,0.740955272,0.715037499,0.73650484,0.439512251,0.436551166,0.539402123,0.647440808,0.782619106,0.780496925,0.736198142,0.650505842,0.608892574,0.58431636,0.598437023,0.550096626,0.628912274,0.573361991,0.542655837,0.63391374,0.591305131,0.567273557,0.185650878,0.202747934,0.204143465,0.437652477,0.424908303,0.42537948,0.394667707,0.309257122,0.354773382,0.30519608,0.38318825,0.376966538,0.323526461,0.360408964,0.352486975,0.696003488,0.636795524,0.652913507,0.451147521,0.446352115,0.427993104,0.555211712,0.498497831,0.47306796,0.499481453,0.630247233,0.513291599,0.299446807,0.303740908,0.312171471,0.376256764,0.383003086,0.368608237,0.577089791,0.694597904,0.562226094,0.559613438,0.497278716,0.412242613,0.591511035,0.62351003,0.534025891,0.244484822,0.251514927,0.272153225,0.619223886,0.572965196,0.534592602,0.404614442,0.428806611,0.417429206,0.474098518,0.559512965,0.554006701,0.651067619,0.672611123,0.590366729,0.63940793,0.66761915,0.610047263,0.302867336,0.348997385,0.304153357,0.484288817,0.477722897,0.469156977,0.304489649,0.331954773,0.315467767,0.789109396,0.743874586,0.757047785,0.614648161,0.527432085,0.459522274,0.673763117,0.732770805,0.60771463,0.60771463,0.505099223,0.420464785,0.508677182,0.873914733,0.751564824,0.807430194,0.735333856,1.138027894,1.062254758,1.003914614,0.99277354
Neu5Ac(a2-3/6)Gal(b1-4)GlcNAc(b1-2)Man(a1-3/6)[Gal(b1-4)GlcNAc(b1-2)Man(a1-3/6)]Man(b1-4)GlcNAc(b1-4)GlcNAc,16.92030323,16.01159508,16.52278245,10.58830247,12.2951498,11.93843411,11.86639878,12.9240052,12.2591193,11.49525592,12.43798213,11.89676125,11.69178664,12.02128857,11.60644837,10.9778506,9.959924271,10.22228855,14.56405095,13.55997406,14.61477468,17.63795718,17.95643643,16.03470149,14.32534413,13.03432294,14.43893692,10.53825927,12.41534087,12.60231911,10.57361576,10.43543924,11.95342647,15.23266187,17.44418192,16.96657705,10.04021495,9.669298634,11.01373083,12.12896477,12.22183119,12.83644645,8.504211335,9.105770149,9.724458219,10.87887594,10.14579827,14.99994808,14.77055601,14.77055601,14.03417292,13.77418102,11.41514137,14.97761714,13.72058435,12.09914397,12.73201907,13.04707874,13.56713028,15.04964021,12.69044519,13.3534774,14.34772285,13.19929551,11.80464885,13.3223597,8.299782227,8.247697228,8.951715174,9.55383192,9.057187302,8.826430128,9.86169575,10.85429886,11.82687976,12.13607808,12.43116825,12.58351612,13.38811759,9.36229057,9.29116016,9.942913203,8.427177034,8.679543577,7.860875985,16.70314099,18.13465214,15.42249643,14.50867723,14.98944385,15.10214422,11.73357038,10.89002857,11.75912002,8.612600507,8.89807642,8.483815905,10.48507517,11.530894,10.27010871,14.58026623,14.63817161,14.76875006,13.55716901,14.08709001,14.18326312,17.49153286,16.46037739,12.36886014,12.63756927,13.08355074,16.60718906,17.60360535,17.42633868,11.64630041,10.64186046,10.04498674,5.077923352,4.155360276,5.14655373,13.081965,10.72736342,10.83554466,9.861098876,9.915629972,11.61572734,13.31066946,14.62515733,14.69553043,6.969589322,8.190751658,8.222617391,7.448006002,7.487426618,7.030582601,9.338971871,8.926273965,8.81402531,8.263512935,14.13034457,14.77072807,14.02987579,10.47971197,10.64660465,10.87035887,11.05203446,12.51935779,11.2211156,13.2224975,11.55055238,13.33040182,7.238864191,7.668039076,5.370833599,14.01491578,13.47536263,14.1776715,9.307814123,9.33189549,9.699051522,9.856082539,14.26996445,13.11533972,14.02083671,13.49098564,11.39197156,11.67124771,10.24682631,16.86041668,18.38502596,18.0643113,18.02004616,17.36673366,14.81812718,15.40498513,10.67938287,11.42399843,11.15814856,15.5912248,14.6895984,15.3087192,14.43261652,14.68899236,15.44787306,13.63726085,17.63044665,17.27707096,15.78728493,15.89063751,15.06846877,14.90930251,14.91978714,14.05159373,16.36445366,15.84891455,15.52633614,14.6686303,14.16515859,14.47244753,8.958438781,10.54092931,10.28595322,13.74233335,12.90260632,14.41522917,12.84064101,11.03654131,12.68769166,11.20353168,13.99382728,14.06616024,12.64456638,14.41908564,13.7116363,16.72912929,16.72412903,16.1970894,15.25301615,15.26776263,14.73381832,18.41881422,16.81779205,18.09668355,12.50889702,14.77400309,13.49717291,15.04435842,14.45679281,14.8745882,12.59812625,13.31350011,13.40253348,16.03437606,14.92559147,14.80179679,16.92529053,16.30318616,15.93599131,15.79623355,15.8107578,16.2116784,8.096051464,8.321665524,9.186754524,13.75100176,13.72647913,13.32960874,12.1261603,13.77875273,13.00594796,10.07702342,11.08007509,11.15405455,14.30148923,14.07253844,13.79031261,14.26813733,15.56988819,15.15484088,9.606956821,10.51648561,9.572444833,9.558556237,9.65677095,9.681424188,13.96368106,14.11685631,13.72894042,17.24979501,16.84863913,17.16129045,16.61986478,16.03484794,13.94632395,12.97669582,14.0020316,13.06874597,13.06874597,12.45169936,11.48001088,13.16591936,19.13499292,17.58166365,19.09249238,18.47184207,17.36327478,16.53590874,16.24198216,16.31010071
Gal(b1-4)GlcNAc(b1-2)Man(a1-3)[Gal(b1-4)GlcNAc(b1-2)Man(a1-6)][GlcNAc(b1-4)]Man(b1-4)GlcNAc(b1-4)[Fuc(a1-6)]GlcNAc,0.30556966,0.283354305,0.260915866,0.124424491,0.138982599,0.134445537,0.224960158,0.241698991,0.233584335,0.185861489,0.213793648,0.186959684,0.141955005,0.164711058,0.146166289,0.07600896,0.072165573,0.079970485,0.100161029,0.119769076,0.133409369,0.16869611,0.158563244,0.151646548,0.115799628,0.122658072,0.116144606,0.096380387,0.111263811,0.108098004,0.096203414,0.10538954,0.125465402,0.362451658,0.409241383,0.44326228,0.159923463,0.203522821,0.179271925,0.151896202,0.146329392,0.144613384,0.089661283,0.094844178,0.149734418,0.16263511,0.166709165,0.226277056,0.237749878,0.237749878,0.220065175,0.10856499,0.085610553,0.116006583,0.211527592,0.196099093,0.192444485,0.19119371,0.192024997,0.2184002,0.23278118,0.220618881,0.250070446,0.341501633,0.326681738,0.342844927,0.261667516,0.275255834,0.256698908,0.283884567,0.309793386,0.357185273,0.352891653,0.139328414,0.178352057,0.155454216,0.260104869,0.270685084,0.303598201,0.066352699,0.082040418,0.093447904,0.236735527,0.161341145,0.201857091,0.328013787,0.37383804,0.333691854,0.168890885,0.185662258,0.186079025,0.214560059,0.238798603,0.361254264,0.229008578,0.26064953,0.245397531,0.269282313,0.304049365,0.289882211,0.262071382,0.252456606,0.265296661,0.21755862,0.228694981,0.238389096,0.265569797,0.279437609,0.312113766,0.328445961,0.316532324,0.495926877,0.385533907,0.453074755,0.386599155,0.262649769,0.273527748,0.073324634,0.063214418,0.071064179,0.175076901,0.159361756,0.16705119,0.16803229,0.175974024,0.152421268,0.125723802,0.124316085,0.118572138,0.08727009,0.102913363,0.113128811,0.105165849,0.095124448,0.115091421,0.067382251,0.056454837,0.060783934,0.061987425,0.120485389,0.121500171,0.116881239,0.108893031,0.102733187,0.125467494,0.164624165,0.169793218,0.142457421,0.166186557,0.152035943,0.143389048,0.121092065,0.124189444,0.08964043,0.162305076,0.138911747,0.153593032,0.236421354,0.233887753,0.276180866,0.242010647,0.254800003,0.245135191,0.256748183,0.188728899,0.283395582,0.294045881,0.266590297,0.258651574,0.262529262,0.251922227,0.23719062,0.48835724,0.438679642,0.463059371,0.442240391,0.441284138,0.554981978,0.30372655,0.257678486,0.290765457,0.224490291,0.220340983,0.270130106,0.375201046,0.357339972,0.357132794,0.362149881,0.29474914,0.28991244,0.363990369,0.351205173,0.353381759,0.224490633,0.211974745,0.200431993,0.208945718,0.206833561,0.189546559,0.13931588,0.117324817,0.134457487,0.208118205,0.214175859,0.200997161,0.19428955,0.107504877,0.207449991,0.089676262,0.222176322,0.211463398,0.187345525,0.193826484,0.206330463,0.232323825,0.232712373,0.236754673,0.19045648,0.183270966,0.176546441,0.240352421,0.231731497,0.209200292,0.132047809,0.1219197,0.133036571,0.177230023,0.19035027,0.182121297,0.32172562,0.316177573,0.302539848,0.258995045,0.316484476,0.277536992,0.198879046,0.171918453,0.157221931,0.494181894,0.555400758,0.434534737,0.259097591,0.247917735,0.267487562,0.308128622,0.282011434,0.261067843,0.277376247,0.128308204,0.133400437,0.284611777,0.304188343,0.28166695,0.331924487,0.35193821,0.282168407,0.269702006,0.256329451,0.244898678,0.244701145,0.278190164,0.266185427,0.157233118,0.146823045,0.140368387,0.177049385,0.204685054,0.19034797,0.269732305,0.268469528,0.295682705,0.438843207,0.379752576,0.343764597,0.324844598,0.350769967,0.299034421,0.299034421,0.171308126,0.131265173,0.12073262,0.401673963,0.340163224,0.343928709,0.308277011,0.335621398,0.302483112,0.328611689,0.304967729
Gal(b1-4)GlcNAc(b1-2)[Gal(b1-4)GlcNAc(b1-4)]Man(a1-3)[Gal(b1-4)GlcNAc(b1-2)Man(a1-6)]Man(b1-4)GlcNAc(b1-4)GlcNAc,0.282428638,0.272500892,0.231464714,0.164949753,0.188241348,0.178355397,0.253139307,0.285599734,0.275228641,0.26462929,0.31566387,0.267298462,0.121641346,0.142940476,0.123351109,0.094342786,0.087104789,0.101316083,0.094918979,0.118000788,0.121624975,0.157416121,0.139920688,0.140587084,0.131274511,0.14308493,0.126440314,0.086400204,0.097148668,0.096636061,0.107021166,0.116486949,0.14077532,0.377007527,0.414745262,0.458779687,0.130856897,0.178768466,0.154859026,0.133830545,0.125639043,0.124186453,0.077466446,0.083315012,0.103430831,0.132046314,0.143863444,0.179361012,0.209366605,0.209366605,0.176368331,0.095936347,0.074959681,0.106154099,0.21822542,0.209539152,0.212053214,0.199901481,0.199745959,0.232941938,0.185375544,0.16024436,0.190235123,0.213335953,0.214147115,0.212871887,0.295353087,0.30826759,0.303671326,0.361089045,0.25191623,0.289021068,0.270335293,0.179719866,0.208404404,0.195990613,0.16959879,0.189771909,0.212175625,0.073610498,0.082953331,0.117954302,0.19123944,0.119932168,0.169156613,0.371842688,0.413405144,0.383783518,0.288068276,0.292938511,0.269996551,0.289555511,0.328823205,0.407459786,0.147111025,0.151901303,0.146774652,0.177852487,0.191671421,0.277595915,0.28072809,0.277701185,0.298678458,0.159051249,0.176769461,0.171695501,0.198917138,0.22785721,0.232512809,0.223573133,0.224103467,0.339609299,0.252594254,0.311030239,0.299109769,0.182965603,0.196528853,0.073518983,0.066876024,0.071268792,0.139167956,0.129814609,0.13587756,0.187640788,0.201908716,0.16998276,0.14419063,0.140214882,0.132055892,0.10553543,0.114415398,0.123238011,0.108244111,0.101463247,0.124002672,0.067942906,0.058141203,0.060525484,0.059710087,0.167171794,0.163147545,0.156582154,0.089185107,0.093003491,0.111688795,0.148574634,0.157831213,0.127623268,0.154280226,0.149265212,0.141738622,0.113766456,0.117009159,0.089898334,0.166842221,0.151243098,0.166427126,0.165083585,0.192845111,0.223284288,0.166879272,0.219951503,0.215190895,0.219718267,0.162500396,0.190227869,0.191201489,0.181619081,0.307109948,0.308269827,0.276852536,0.281818045,0.300224432,0.307780378,0.314372121,0.329275303,0.328907801,0.411288825,0.315373528,0.29603104,0.31882563,0.204472271,0.20494427,0.250643861,0.382167756,0.356831153,0.339573512,0.407096355,0.304940404,0.309895417,0.227293243,0.219140899,0.223200538,0.180788524,0.166422033,0.164358186,0.212348125,0.210287773,0.191721565,0.106299374,0.098104651,0.102818749,0.165840184,0.176582673,0.167847002,0.161808704,0.107840071,0.170425002,0.103007217,0.174917402,0.168552939,0.138970711,0.14180052,0.148583278,0.218494471,0.225700885,0.22697354,0.153087603,0.152978746,0.15622977,0.240673851,0.242977767,0.203409727,0.147104113,0.138516502,0.140514406,0.146103961,0.154968429,0.150883388,0.260775593,0.241680611,0.231919946,0.186833089,0.240876886,0.204170288,0.233983111,0.210391284,0.191052647,0.327645611,0.364016785,0.280445546,0.217355856,0.216084826,0.232817098,0.26520459,0.242559365,0.217509731,0.207926002,0.142258276,0.146248681,0.226506713,0.241687999,0.21189806,0.240985708,0.26227464,0.223240781,0.227238617,0.204391514,0.203011841,0.19721486,0.216966282,0.212808993,0.136811766,0.12973379,0.120113024,0.217558113,0.253316586,0.235170202,0.320800396,0.328101704,0.353424064,0.35291658,0.296475015,0.281658194,0.285840662,0.300079065,0.252915077,0.252915077,0.213182772,0.164895011,0.158759911,0.340053399,0.279829468,0.282016819,0.262819903,0.308620028,0.282633683,0.321242192,0.277744089
Neu5Ac(a2-3/6)Gal(b1-4)GlcNAc(b1-2)Man(a1-3/6)[Gal(b1-4)GlcNAc(b1-2)Man(a1-3/6)]Man(b1-4)GlcNAc(b1-4)[Fuc(a1-6)]GlcNAc,0.419297967,0.388694951,0.3474303,0.645962286,0.773393993,0.72324831,0.712330435,0.765436714,0.708239192,0.924819867,1.063907455,0.922624571,1.738825661,1.813664695,1.596194707,0.78972806,0.707688015,0.77209056,0.96341059,0.998330744,0.732979273,0.624893322,0.592289377,0.51256506,0.708943856,0.743509908,0.5629414,0.458379755,0.581429717,0.597554541,1.044111531,1.059777702,1.044178516,1.300180714,1.430183944,1.54363454,0.618321721,0.658736029,0.720871538,0.762657661,0.747658908,0.76845544,0.711933661,0.729215416,0.827396975,0.996482385,0.921390029,0.651785406,0.590393388,0.590393388,0.55846154,1.241869396,0.971799958,1.380089545,1.01085352,0.968715891,1.063820032,0.823160657,0.857741097,1.027045293,1.038052962,1.040535585,1.13087737,1.089408823,0.968305887,1.089290409,0.692008886,0.683195894,0.732464209,0.759813102,1.056933951,1.054838186,1.119231584,0.894921199,1.065932998,1.065582711,0.958352415,0.965821609,1.10589563,1.314170621,1.345300095,1.687994998,0.6269525,0.630246849,0.525543403,0.534423252,0.60473179,0.530322265,0.782810717,0.837284159,0.785868518,0.553587043,0.566808242,0.588678998,0.536762718,0.551875388,0.516228893,0.678786403,0.78619423,0.693711863,0.731032967,0.72334593,0.764102601,0.814511103,0.798666072,0.902249832,0.999066588,1.017383723,0.3731715,0.380754846,0.371809963,1.211062001,1.046099586,1.171233826,0.926183793,0.678246099,0.617580784,1.461438347,1.139127294,1.430618027,0.948909021,0.760655759,0.803000562,0.626797179,0.67708075,0.679199525,0.783152969,0.801346084,0.761707151,0.374805195,0.458274504,0.462377388,0.581762942,0.524157441,0.518379327,0.698076551,0.608605667,0.608045714,0.626815863,1.149848173,1.173154609,1.131806163,0.75028141,0.802642588,0.883885943,1.11356528,1.19860253,1.093631689,0.894518781,0.875080697,0.950508306,0.729862257,0.706151681,0.544264099,0.867758647,0.814189674,0.855880998,0.465864904,0.441033209,0.509680694,0.473329388,1.395091437,1.342255769,1.421058062,1.14586165,0.940158913,0.96220983,0.848276002,1.029477508,1.103799731,0.968373315,1.026600278,1.436001354,1.151294499,1.24411598,0.959604687,0.961992934,1.014521954,1.100831625,1.013592077,1.035866302,1.028142752,1.113572347,1.232002318,1.088406067,1.30393117,1.369708855,1.226255605,1.071358179,0.959068237,0.873288228,0.852232353,0.838463306,1.599015247,1.62223319,1.643947969,0.773949654,0.740704854,0.774797945,0.570705895,0.602988846,0.605050442,1.155517679,1.046656249,1.002241021,1.019731679,0.619768333,0.86932854,0.582771816,0.897366831,0.904514239,0.995745604,1.09180188,1.029843776,0.84907883,0.806380693,0.789794453,0.806487683,0.759708969,0.742612897,0.660819002,0.626648383,0.590541855,0.829320754,0.962656602,0.809531423,1.016760927,1.01860817,1.003145982,0.77451661,0.830284523,0.78926949,1.758483003,1.933120869,1.798804771,0.817731676,0.732505873,0.682416975,1.241758291,1.329377861,1.148334743,0.636169343,0.674416946,0.726630048,1.775509138,1.752371085,1.623670973,0.866669889,0.911823909,0.921642242,1.128891911,1.24771428,1.096159824,0.96575987,0.948531419,0.819932791,1.199716644,1.205720898,1.115165049,2.046290874,2.247317742,2.119597771,1.36854248,1.328506557,1.279166703,0.697412375,0.749506553,0.696372562,1.007208096,0.998922018,1.03692987,1.397431272,1.294552642,1.085539877,1.594647142,1.767533493,1.535912748,1.535912748,1.033764474,0.859995027,0.92974921,1.008997228,0.853113416,0.89587817,0.823704394,1.243688447,1.112293158,1.180545949,1.117466926
Fuc(a1-3)[Gal(b1-4)]GlcNAc(b1-2)Man(a1-3/6)[Gal(b1-4)GlcNAc(b1-2)Man(a1-3/6)][GlcNAc(b1-4)]Man(b1-4)GlcNAc(b1-4)[Fuc(a1-6)]GlcNAc,0.367477768,0.332137805,0.312365575,0.279850344,0.329455772,0.303578989,0.313033424,0.334269913,0.314593053,0.536000421,0.632047911,0.532535148,0.219237074,0.245772764,0.201882608,0.254197465,0.231140262,0.262434358,0.533267089,0.572975094,0.435621405,0.476224948,0.45267929,0.387678625,0.475264339,0.518345617,0.382185418,0.707931674,0.892019534,0.920686239,0.324005699,0.331495242,0.330673119,0.599144815,0.687656663,0.744926521,0.311113145,0.35677381,0.377569786,0.696407256,0.697998389,0.719258585,0.257342455,0.269639793,0.320960448,0.216940954,0.218286397,0.744995966,0.629234645,0.629234645,0.65686603,0.363826479,0.280390815,0.417810873,0.538273713,0.507191661,0.558588762,0.473964706,0.522189224,0.618896531,0.341600402,0.33302609,0.372405581,0.524163289,0.469371397,0.520048539,0.450588517,0.448684339,0.477009296,0.483804284,0.492932431,0.563319735,0.577793656,0.280287171,0.365570478,0.338972988,0.534522115,0.550755244,0.637501946,0.240461015,0.256416311,0.367098733,0.665290387,0.707680606,0.561733262,0.614648883,0.699963259,0.596226309,0.356751378,0.386712341,0.372875826,0.630031724,0.633839796,0.646063305,0.761690844,0.801627472,0.755277131,0.375643092,0.446453363,0.405576798,0.717583613,0.718612185,0.757161338,0.450214825,0.444479792,0.520417887,0.790326943,0.813755728,0.232988394,0.23748201,0.226631295,0.549107428,0.452000695,0.545622372,0.687956542,0.484500556,0.434755071,0.257431633,0.201072368,0.250262294,0.997832342,0.792820553,0.827179313,0.513152559,0.534835344,0.521545106,0.30380103,0.302700279,0.291299053,0.254951492,0.3108017,0.302965736,0.776736737,0.692336853,0.676384109,0.451118419,0.372051618,0.387996879,0.421812386,0.525271308,0.524121778,0.513854294,0.393532508,0.423967366,0.4887658,0.575444673,0.621601517,0.581241764,0.327333496,0.282424761,0.307610438,0.643207443,0.618107634,0.510864099,0.575183889,0.534033544,0.568405077,0.267537128,0.250300688,0.293139822,0.260822812,0.44363879,0.436607411,0.462995002,0.349457407,0.969976367,1.010716805,0.853300892,0.40114461,0.419630028,0.358741953,0.377358607,0.302199394,0.268179366,0.290925253,0.578371234,0.582557247,0.624408112,0.65886797,0.619045701,0.646731387,0.33692729,0.375387566,0.425918129,0.416350117,0.433689282,0.452379592,0.528037618,0.434449822,0.436648228,1.092023692,1.066132961,1.028636985,0.291336999,0.285065344,0.291642317,0.348067301,0.324022854,0.331956848,0.321700063,0.342019679,0.338709869,0.316589814,0.308204942,0.291372724,0.284498957,0.327340273,0.323586921,0.31799336,0.341592522,0.337223178,0.281392754,0.300303186,0.304139278,0.427391206,0.41776091,0.392047701,0.501138697,0.461773964,0.450398591,0.270066158,0.262475961,0.236454596,0.227584339,0.242922451,0.216111473,0.341117454,0.348220413,0.345046494,0.287512657,0.284567806,0.26689943,0.422853694,0.511525588,0.459998039,0.528421455,0.493002828,0.439631765,0.453219173,0.507188742,0.406862951,0.53836403,0.570037449,0.612739788,0.431879624,0.412905638,0.3634858,0.352714426,0.326905034,0.329175277,0.316187369,0.338444472,0.296521845,0.341699419,0.350342858,0.291493164,0.580011064,0.57429849,0.531032612,0.396401152,0.446855626,0.422294514,0.293413115,0.275695664,0.263877345,0.518821045,0.566841165,0.521140045,0.402475474,0.402374671,0.43589735,0.313020688,0.269248846,0.25204257,0.561203629,0.618813586,0.524952661,0.524952661,0.60515188,0.482846097,0.511311107,0.322984537,0.262670151,0.268856486,0.246143726,0.472702507,0.423214047,0.467620238,0.415392203
Neu5Ac(a2-3/6)Gal(b1-4)GlcNAc(b1-2)Man(a1-3/6)[Gal(b1-4)GlcNAc(b1-2)Man(a1-3/6)][GlcNAc(b1-4)]Man(b1-4)GlcNAc(b1-4)GlcNAc,0.366375321,0.360544307,0.306537539,0.531081067,0.597706255,0.5129148,0.701147958,0.715818132,0.658456151,0.639825395,0.725879103,0.584612113,0.615424342,0.65155788,0.543688269,0.307077906,0.288364699,0.307400034,1.477504967,1.58406365,1.128684178,0.308603123,0.28622307,0.267355633,0.715372898,0.79167531,0.54206969,0.565037988,0.629371517,0.610739636,0.438819554,0.466062486,0.402165792,0.699077418,0.698858713,0.788993979,0.431471246,0.467728397,0.477922491,0.879237331,0.83342916,0.855999214,2.034218982,1.906366956,2.235332073,0.525010827,0.498084068,0.737686502,0.661931523,0.661931523,0.646045167,0.533582788,0.438767257,0.583433522,0.708551578,0.682229729,0.66479592,0.434249489,0.485590483,0.590275588,1.103462148,1.064099256,1.09429715,0.802525167,0.761796406,0.800335152,0.531719586,0.519992746,0.534874291,0.531387431,0.496157655,0.536282973,0.502175005,0.269675661,0.331657718,0.303470289,0.666507051,0.657940012,0.76060064,0.448577732,0.487548603,0.713034372,0.336175582,0.31092732,0.291640983,0.857871994,0.895182799,0.869429479,0.478622006,0.495582521,0.479429996,0.595577627,0.654164556,0.656532758,0.561652172,0.574721532,0.536449772,0.42116635,0.491986678,0.463605943,0.645239754,0.649845299,0.696436338,0.748518954,0.679559575,0.820986882,1.01812201,1.081510182,0.567031636,0.58185019,0.608893855,1.45179394,1.162428873,1.313750591,1.079236901,0.817532659,0.792623237,0.315808184,0.263313932,0.311926546,0.540480331,0.468463321,0.524082452,0.529118019,0.555843085,0.488811058,0.514384159,0.500517811,0.451020874,0.217565674,0.248128213,0.273221304,0.315089976,0.259089313,0.293579442,0.345778038,0.298530755,0.322987097,0.370545592,0.846422701,0.820025181,0.835421138,0.963119,1.024002706,1.121117682,1.053322445,1.099265043,1.073981855,0.382414432,0.390268181,0.362061307,0.335592106,0.327423011,0.273308555,1.046801425,1.014376489,1.001500368,0.576275883,0.521749603,0.60532353,0.557379596,0.519830294,0.540057361,0.568417491,0.406610061,0.673213548,0.673700425,0.625169243,1.037135773,1.042702418,0.945017913,1.032253196,1.203709969,1.017575869,1.116803446,0.926290833,0.893698224,0.958239084,0.937241953,0.873581578,0.84231673,0.735857513,0.851659802,0.922530048,0.954317699,1.0368222,1.149355356,0.574924318,0.45879562,0.438776065,0.895435869,0.844647356,0.899477057,0.949782454,1.023899785,1.06722987,0.510559102,0.500443626,0.546175736,0.40523199,0.368107087,0.374775698,0.631399753,0.590649596,0.496271736,0.568228696,0.529031836,0.492196763,0.492267815,0.458858424,0.467845574,0.425262733,0.411701906,0.414441785,1.043582292,1.015133179,0.978805847,0.576147406,0.529740394,0.531773859,0.581618428,0.59157289,0.512240404,0.949162608,0.987887606,0.842446059,0.451965367,0.465547258,0.431377891,0.654197561,0.68895206,0.625950919,1.119564727,1.283110661,1.268378156,0.67205895,0.592982074,0.57265782,1.604065876,1.822105533,1.485198693,0.361099214,0.36946565,0.399880149,0.726587276,0.721784563,0.635012795,0.979234533,0.909311701,0.954163299,0.904731003,0.955043389,0.804477648,0.798400457,0.781312159,0.630464001,1.244488414,1.130881506,1.058059506,0.604698852,0.65428371,0.661457867,0.800846375,0.749338609,0.687635828,0.40819748,0.463106543,0.429512641,0.901607503,0.930440505,0.990389545,0.837484382,0.798806286,0.700453662,0.794329774,0.886076981,0.763213318,0.763213318,0.959951322,0.818891188,0.756980197,0.649157341,0.551019637,0.56054742,0.513655036,0.646352407,0.569601241,0.653495864,0.592491151
Gal(b1-4)GlcNAc(b1-2)[Gal(b1-4)GlcNAc(b1-4)]Man(a1-3)[Gal(b1-4)GlcNAc(b1-2)Man(a1-6)]Man(b1-4)GlcNAc(b1-4)[Fuc(a1-6)]GlcNAc,0.131357094,0.130503128,0.130935113,0.100181929,0.114439777,0.113658901,0.131413368,0.142534636,0.147063189,0.186447432,0.228141378,0.192269364,0.08648723,0.105436724,0.095043152,0.065924354,0.066015938,0.079471209,0.084658663,0.119229185,0.118044525,0.084634572,0.077493579,0.079931192,0.098150355,0.106612394,0.101302653,0.079350992,0.090634825,0.093063771,0.088749591,0.102466035,0.12488759,0.207528825,0.230553903,0.254348397,0.088531652,0.136839011,0.108000441,0.098675631,0.095043054,0.096072467,0.067672755,0.071589929,0.120895213,0.08732993,0.103249687,0.146207901,0.176067829,0.176067829,0.153419387,0.061599813,0.053408437,0.070601921,0.128359819,0.130409674,0.13033659,0.144790325,0.141294661,0.158330196,0.111213998,0.093355641,0.111276703,0.137550109,0.136082686,0.137973067,0.145801131,0.1544158,0.140847037,0.157511575,0.170442625,0.193880562,0.183135336,0.101910741,0.117824293,0.106605333,0.129301623,0.138383184,0.153021951,0.054840706,0.074317945,0.100733571,0.231052575,0.197779449,0.215615219,0.176386174,0.192462073,0.196691162,0.115957313,0.130898054,0.127494252,0.175754568,0.206815783,0.29727083,0.118453498,0.125599762,0.118883747,0.124608715,0.132235736,0.145740566,0.180426347,0.181552498,0.192520557,0.109923707,0.127670121,0.122069449,0.1293843,0.154138312,0.138662608,0.141937844,0.125618528,0.197431032,0.139580153,0.183729902,0.209968371,0.121383246,0.137805997,0.074143214,0.066002754,0.072478055,0.213773874,0.199184266,0.215459855,0.124072532,0.124868733,0.107125271,0.101037886,0.09443292,0.085734276,0.078520819,0.083528388,0.088736309,0.105596329,0.096489675,0.113212851,0.053374324,0.047186881,0.053859792,0.050609168,0.09621574,0.098245371,0.091157903,0.073097426,0.074014134,0.095245198,0.192904956,0.201451697,0.178242106,0.117323036,0.102658316,0.096931525,0.097776656,0.090412626,0.075997605,0.121000477,0.10514207,0.121463893,0.107140003,0.108049529,0.134666447,0.113261065,0.15093601,0.159671968,0.159340773,0.113696666,0.192378787,0.198509809,0.183819751,0.178429032,0.169991888,0.163333752,0.155165319,0.169255528,0.171929124,0.180777275,0.216125367,0.210444155,0.272681145,0.237650532,0.204327423,0.224030355,0.14413005,0.146222838,0.186335331,0.258618059,0.219010954,0.208602402,0.21694796,0.173732442,0.187487471,0.188448306,0.178223889,0.186903807,0.143574083,0.134401177,0.141253044,0.129822372,0.124976386,0.119645905,0.091487198,0.083905919,0.083316005,0.112906903,0.134197144,0.118596523,0.116406239,0.083474919,0.105176886,0.077453498,0.112596864,0.105836558,0.105607838,0.101890134,0.114024163,0.135782545,0.148345359,0.146479026,0.100802851,0.095557709,0.105080908,0.120042796,0.119293767,0.102309982,0.104445158,0.096986086,0.104470834,0.106583874,0.120745806,0.113811771,0.160313975,0.137421823,0.140682476,0.14549681,0.189323604,0.173707776,0.140009399,0.119118732,0.106229548,0.205159528,0.227812955,0.188234007,0.148349178,0.146280483,0.156499415,0.178549085,0.158942527,0.145574233,0.299551878,0.105334522,0.113448513,0.152287251,0.156198324,0.143088075,0.124020886,0.140671646,0.112261485,0.166254106,0.15082458,0.149146339,0.144298437,0.154236282,0.169729281,0.099795378,0.092441812,0.087313843,0.122634956,0.135682025,0.129755923,0.168808229,0.175871554,0.201723575,0.187167824,0.156250711,0.16205278,0.21643385,0.225338969,0.194442514,0.194442514,0.161934917,0.129550754,0.115630252,0.161991822,0.136229074,0.128998547,0.124964195,0.17033109,0.150492602,0.177013467,0.149461461
Gal(b1-4)GlcNAc(b1-2)[Gal(b1-4)GlcNAc(b1-4)]Man(a1-3)[Gal(b1-4)GlcNAc(b1-2)[GlcNAc(b1-6)]Man(a1-6)]Man(b1-4)GlcNAc(b1-4)GlcNAc,0.492835338,0.440314995,0.386446508,0.428577553,0.510118417,0.430597209,0.449578559,0.456440838,0.43204784,0.816398761,0.997411271,0.797837086,0.244378726,0.273654374,0.233151145,0.311187833,0.299826866,0.347499309,0.313374187,0.439784828,0.314718538,0.326254561,0.29656006,0.291801291,0.495928893,0.471809761,0.310108628,0.317182412,0.430330996,0.397047075,0.264758504,0.335113506,0.351082124,0.764786698,0.755487764,0.834592671,0.28776298,0.374767236,0.390922824,0.428007178,0.433328302,0.441125857,0.248373725,0.247275416,0.339259697,0.362950245,0.39336229,0.502317275,0.467712695,0.467712695,0.481989269,0.294781998,0.255763094,0.343393603,0.496479016,0.542576418,0.549714458,0.533657649,0.504460545,0.622681468,0.340932647,0.32474335,0.34021367,0.4283551,0.421882388,0.432837533,0.629102198,0.628939076,0.586900853,0.589347836,0.47996003,0.592956346,0.5339702,0.4321729,0.504454918,0.490571225,0.649796204,0.638519627,0.652071374,0.222479658,0.258113744,0.479268856,0.770928339,0.85250602,0.654935323,0.675218912,0.783584124,0.707020975,0.404953408,0.439383696,0.421649013,0.849656055,1.050958447,0.987911678,0.480380462,0.518455954,0.481412193,0.521182908,0.67341324,0.621894946,0.645555022,0.610032972,0.627214215,0.306502722,0.314368206,0.360866022,0.444304325,0.538560368,0.434384714,0.440780634,0.436601674,0.645129986,0.439228165,0.61134269,0.777610319,0.469039114,0.46234489,0.255785464,0.222245339,0.246319399,0.963675642,0.932157504,0.865800992,0.429412968,0.474992343,0.361048178,0.426683095,0.382207527,0.34634793,0.363858006,0.394757269,0.473288084,0.506970236,0.41667972,0.468733856,0.230342257,0.189117742,0.2106077,0.242275558,0.396922972,0.38166366,0.421938268,0.285152849,0.334600759,0.422615672,0.819110726,0.856354669,0.816041015,0.32507605,0.344705053,0.299342462,0.400050582,0.383282847,0.384349211,0.504653862,0.473402841,0.491310709,0.326522607,0.310220952,0.385492733,0.319234179,0.573671213,0.674245373,0.675865411,0.45361915,0.994638071,1.030705301,0.971617972,0.489451307,0.463368421,0.384345592,0.436285745,0.501654032,0.478623492,0.526109155,0.528539333,0.511856329,0.835672493,0.749243927,0.820276802,0.737360564,0.597144871,0.72669357,0.906192744,0.474024577,0.480765478,0.533045991,0.685907427,0.48700728,0.445248766,0.676277289,0.633028959,0.684592863,0.493443878,0.498925635,0.497412643,0.430925921,0.400333942,0.383304465,0.433514155,0.367108673,0.374991332,0.322471556,0.332420303,0.254782503,0.277805521,0.349858967,0.36927561,0.319376556,0.364756667,0.330650825,0.327481242,0.306759582,0.310355367,0.442523792,0.439670323,0.428066433,0.39360777,0.353669041,0.354453041,0.437087194,0.466203412,0.366679419,0.226965445,0.224724704,0.209120001,0.308944634,0.321455673,0.309118474,0.394740979,0.382745872,0.34647588,0.473913059,0.649413403,0.487906966,0.707668183,0.621876273,0.492824682,0.584091652,0.726034035,0.481024375,0.550156071,0.573381364,0.600453363,0.514713036,0.520757904,0.426418801,0.54376775,0.353101767,0.385916098,0.424878851,0.437353029,0.37695426,0.402816629,0.410710732,0.322152825,0.534157769,0.429220251,0.425061154,0.294460536,0.313785425,0.346774378,0.318895174,0.2912095,0.258759658,0.461473067,0.541544516,0.494586752,0.46657038,0.495274134,0.541290937,0.447980539,0.404559525,0.377692956,0.89546202,0.931239529,0.824582107,0.824582107,0.869055454,0.653359273,0.58501317,0.477694845,0.396225945,0.37793486,0.336269471,0.4541607,0.401253044,0.499109594,0.429546646
Neu5Ac(a2-3/6)Gal(b1-4)GlcNAc(b1-2)Man(a1-3)[Neu5Ac(a2-3/6)Gal(b1-4)GlcNAc(b1-2)Man(a1-6)]Man(b1-4)GlcNAc(b1-4)GlcNAc,48.51079092,51.88813214,52.05288683,39.87602208,37.89073332,37.86098889,47.44760358,45.57627626,46.6721654,43.62514855,38.37102854,44.73573616,26.71449923,25.88195039,27.2803657,50.39786872,50.41564275,46.38478273,48.36993301,42.54564342,57.11725241,37.77026598,38.37150573,38.18018196,46.63519898,39.90364603,51.98731427,40.87215396,39.48302987,37.89767615,44.01494317,44.32100402,49.99600593,44.6824658,36.061299,36.74256608,51.55790776,50.39434048,48.7591825,41.10500923,41.66026944,44.32712238,39.65374506,39.59377985,42.06471204,45.04016817,42.0478722,53.4692993,54.45558758,54.45558758,54.12567597,41.12511132,43.55946785,42.95860109,43.37516738,43.85933442,43.2944263,42.982114,43.35414907,40.01026378,34.00504948,33.60016433,34.20297236,39.48109942,40.76453244,41.54706655,48.63554314,48.82697939,50.39105041,49.9887926,34.6649194,34.10222809,35.12106035,41.14539824,39.16470848,40.26113822,46.67830275,45.0100227,43.13970199,39.55686616,37.76488542,33.26774396,48.47281693,47.40521344,51.11799745,40.83834844,34.92194545,41.52795859,32.8908803,31.82355801,33.58835545,46.02789797,46.4830853,43.1474873,45.37004573,44.7576239,42.71545024,56.53118565,50.77564025,52.80331853,43.65528038,45.41591463,44.7582386,47.14703286,46.10783137,45.38248206,43.79069936,40.71776065,51.6614602,56.30617548,55.06791494,34.55718817,39.84279841,36.21845459,30.78479524,41.34266716,46.24871166,35.97281724,34.30735065,38.50575425,51.81438516,53.15546875,53.41836584,39.77107675,38.1551445,41.84268699,51.5460686,50.68902436,52.36426136,54.65498137,52.3239059,55.02966873,36.36028364,35.33237649,38.59403581,34.50491631,38.00791136,40.84335312,36.64828253,43.1164199,43.83752354,44.62080056,50.73880924,45.61231717,43.73582533,53.28571455,52.44217067,54.58086549,39.84005879,41.50633329,39.68458265,49.55748929,47.07938111,43.36373933,40.46169644,42.04303018,41.24313217,40.25005734,41.4643972,39.61713879,41.40330541,36.02944889,39.77876858,40.26472554,43.02613903,47.93402751,45.77364033,48.22959663,38.03274415,37.77769541,38.79950947,41.99598196,41.24723557,42.08417143,43.47917169,34.3871421,34.69638399,34.48363508,44.95392208,44.20647211,44.51079817,42.90642818,44.87576822,40.32612212,42.7802873,44.0713379,45.73782061,46.21685201,49.40683524,48.1635028,48.34256586,47.08440553,48.78406782,40.74617501,43.37276621,44.97756816,49.02023632,49.81521778,53.91785064,47.50388409,51.2158199,47.59926302,46.80685443,49.01184531,46.08406027,49.35857154,57.07874712,51.72394285,55.68399245,48.79346505,51.24530796,48.55061543,49.18599089,49.91555685,49.52118775,50.67447632,49.51902057,54.42773297,54.92259417,55.52805328,46.45689392,45.92012527,47.62307383,51.07876751,49.4165036,50.97367295,50.20512026,51.56156261,50.92846158,44.95122101,45.9625853,46.08372504,43.72041021,36.4002799,40.91302975,43.88163314,43.68536841,45.52622479,40.91625381,41.23345984,44.24028264,48.1180209,45.9965412,49.16140832,36.23401789,36.79361063,38.90232553,45.07316869,45.70345368,45.70042742,42.25580429,42.42846834,40.6253474,42.61722589,42.32840951,41.98928156,44.79371226,46.25878992,48.59358802,31.49353961,30.86330582,33.09641079,37.8924462,39.0334636,39.40840914,46.53378728,41.91618923,44.48705247,37.13573143,37.89505733,38.56407038,28.91095055,31.51979253,30.16145481,30.6745462,29.93071925,34.76405555,34.76405555,30.75341654,38.38710662,38.20168604,42.4708664,45.37535476,44.53793957,47.29926243,39.60149764,40.05275834,42.64652747,44.97561215
Neu5Ac(a2-3/6)Gal(b1-4)GlcNAc(b1-2)Man(a1-3/6)[Gal(b1-4)GlcNAc(b1-2)Man(a1-3/6)][GlcNAc(b1-4)]Man(b1-4)GlcNAc(b1-4)[Fuc(a1-6)]GlcNAc,0.735653638,0.665832866,0.562118634,0.335684605,0.36609972,0.298985877,0.601877024,0.559522673,0.497989525,0.724451995,0.845339553,0.641115741,0.322473164,0.337068813,0.27417563,0.187672439,0.174860446,0.193857849,0.286856879,0.353874569,0.23580823,0.27668771,0.26222056,0.252165065,0.280978001,0.322653429,0.210556108,0.206027093,0.222288993,0.205277292,0.212884745,0.239957887,0.193702082,0.982496117,0.86405671,1.030214779,0.509199789,0.554948288,0.534824924,0.420476848,0.401456282,0.395562121,0.298495909,0.279070591,0.336142797,0.527037815,0.476954929,0.469525171,0.423924585,0.423924585,0.448370295,0.318791311,0.276465449,0.329695581,0.674219897,0.707367983,0.660280923,0.493605374,0.519937055,0.582810497,0.583117049,0.548847959,0.549473106,1.084213486,1.103487562,1.074650988,1.078737178,1.067716659,1.059921151,0.966976805,1.03816844,1.239583834,1.080075456,0.409991256,0.529698745,0.440529066,0.815890174,0.792113664,0.887615665,0.216769374,0.233604805,0.368138547,0.523388245,0.57209124,0.450087334,0.683079837,0.702774597,0.695319476,0.387292548,0.392830709,0.37006849,0.705337284,0.817194274,0.738567375,0.667226541,0.691029988,0.653358528,0.81120014,1.023867668,0.95243091,0.7130099,0.694462508,0.762420867,0.467118081,0.402660457,0.494313378,0.504776947,0.617172,0.798970542,0.784893754,0.853208239,1.195645864,0.853208047,1.05049753,1.389702239,0.992481033,0.962738159,0.233234632,0.197567797,0.232859949,0.393211261,0.401790997,0.417361191,0.50425096,0.547787716,0.428368083,0.277436852,0.263955577,0.245302565,0.278598552,0.32361977,0.330363132,0.252754448,0.205560162,0.249759244,0.156534783,0.130887122,0.143653758,0.182470856,0.277320387,0.238706226,0.297513185,0.365215912,0.376796557,0.440063509,0.335779585,0.31333728,0.328302419,0.344079369,0.387497451,0.333948604,0.238129651,0.26783241,0.219163231,0.447405787,0.440196771,0.40796194,0.745015447,0.678727059,0.757756403,0.664112372,0.585788946,0.690635935,0.723861585,0.505749082,1.267522119,1.315148064,1.252315274,0.504316083,0.457223693,0.385909086,0.459925113,0.884404781,0.875871877,0.937886207,1.000787818,0.900708903,1.068871699,0.478034114,0.463735838,0.455500306,0.511776713,0.613254641,0.67129023,0.541940934,0.512921433,0.585369511,0.804337994,0.580010176,0.555000119,1.150288266,1.077365793,1.202657903,0.475009893,0.517393587,0.553430592,0.464606592,0.458666601,0.462318576,0.412035238,0.356965123,0.366686136,0.568528438,0.546400164,0.410176793,0.523058857,0.243391458,0.614253213,0.20953777,0.547443094,0.517058241,0.601444999,0.54532529,0.559512558,0.542890402,0.547098468,0.51916887,0.484089529,0.450718346,0.428878922,0.480599759,0.563381252,0.440848389,0.261087108,0.241433026,0.235468732,0.493507665,0.513086219,0.474252584,0.653899429,0.698229219,0.624168183,0.578995152,0.699878896,0.720799454,0.423392333,0.411229333,0.378324376,1.131262721,1.358719366,0.949702079,0.909748471,0.934738903,0.957104805,0.708322288,0.73696981,0.609648037,0.488154034,0.358184018,0.404775595,0.929652353,0.91126745,0.734210344,0.86333803,0.830425005,0.670491929,0.623594001,0.500717738,0.471368853,0.812094694,0.847591225,0.881580354,0.439347997,0.390625617,0.341332407,0.544144285,0.674635375,0.603838262,0.52119987,0.55791483,0.603220794,0.781262677,0.759028973,0.707186858,0.859865223,0.9269843,0.831652897,0.831652897,0.512498097,0.40614419,0.354187056,0.804207857,0.704385976,0.685352346,0.615373028,0.584868743,0.536727575,0.666894635,0.554812374
{Neu5Ac(a2-3/6)}Gal(b1-4)GlcNAc(b1-2)[Gal(b1-4)GlcNAc(b1-4)]Man(a1-3)[Gal(b1-4)GlcNAc(b1-2)Man(a1-6)]Man(b1-4)GlcNAc(b1-4)GlcNAc,2.286176405,2.194989015,1.891993892,1.632140191,1.787202658,1.532500772,1.884277296,1.803862148,1.740920093,2.529977113,2.886487726,2.47137043,0.832418062,0.851843741,0.747260596,1.247005853,1.180845118,1.273561098,1.119200589,1.278669485,0.824807283,1.473086861,1.422450044,1.3817375,1.403220774,1.545371462,1.077979731,0.882123998,0.961447865,0.981125264,0.676003737,0.716458312,0.582443228,2.998180942,2.660262466,3.234315406,1.381311465,1.455525568,1.471325632,1.385503761,1.37611416,1.397967317,1.100402273,1.048383915,1.227309652,1.315214924,1.305839991,1.05594595,0.994392626,0.994392626,0.985072796,1.256696121,1.129974615,1.358830549,2.072831028,2.450468841,2.308659708,1.638790961,1.630372028,1.871637766,1.505216145,1.399090158,1.396390108,1.640892977,1.843387321,1.693411264,2.422395833,2.342984376,2.393690858,2.372979366,2.146976943,2.43520791,2.106075153,2.089926207,2.223374689,2.20033501,1.665196882,1.705881885,1.867835695,1.080333301,1.142468117,1.688956703,1.272967243,1.513252814,1.123566221,2.72759122,2.695914057,2.890830532,2.798729505,2.737151953,2.533795876,3.072058384,3.425363684,2.967580163,1.24340651,1.28700728,1.197897095,1.482954176,1.825980412,2.579232923,2.294413227,2.326259109,2.541167018,1.540035831,1.335692183,1.629015175,1.386690248,1.655351826,2.123574004,2.016412801,2.341537183,2.716162996,2.143926399,2.518108388,2.307026035,1.688565529,1.675058816,0.845772694,0.742024927,0.796810507,1.040251158,0.993905303,1.0201196,1.114334931,1.201860644,1.006381426,1.400690694,1.305114717,1.194403487,1.362780213,1.460180021,1.447569033,0.931194872,0.733538202,0.851196965,0.823639082,0.742230193,0.834893323,0.980898299,1.770327726,1.639058388,1.885727737,0.905461486,0.991962572,1.146966134,1.218604303,1.168337216,1.270124046,1.247801585,1.53870656,1.339816173,0.786482934,0.755071817,0.726355822,1.254766508,1.271146746,1.251535698,1.799094463,1.891997772,2.04314109,1.730429419,1.04814127,1.173879014,1.22981371,0.93711439,1.479966099,1.540697856,1.411462485,1.748372425,1.624412013,1.330499035,1.696620661,1.622280874,1.799346099,1.887944968,1.89359853,1.642375397,1.852259179,1.602956414,1.695384845,1.566465109,1.241278022,1.495063696,1.509472113,1.646460323,1.609629517,1.802134815,2.693799758,1.95329217,1.818370238,1.56644565,1.45677379,1.558935131,0.924008482,1.005204033,1.077044443,1.360206521,1.380082786,1.423091138,0.842033356,0.775401219,0.758175643,0.979019835,0.911298489,0.742160927,0.890124669,1.239603128,1.4885794,1.155455564,1.286631182,1.271520944,1.38982361,1.333846339,1.280449645,1.367414303,1.353276792,1.334249046,1.259669273,1.1704712,1.203329842,1.758216268,2.002858095,1.657908199,1.205745546,1.11749482,1.046597048,1.414922387,1.391183175,1.382752263,1.971658621,2.031715348,1.900099437,0.962901449,1.106608655,1.17503218,1.822237515,1.847826023,1.741411652,1.999117132,2.304372021,1.750883363,2.453269297,2.514061352,2.511319292,1.228987937,1.292441768,1.101388024,1.715430158,1.506476303,1.60815905,2.07080581,2.0031366,1.569288065,2.100127769,1.981003534,1.738124973,1.873143616,1.546219107,1.485053412,1.675778867,1.723132216,1.824516028,0.842912539,0.756010569,0.629808477,2.745018583,3.109200276,2.903651887,2.196393896,2.403650267,2.507355619,2.157804601,2.173020683,1.98830744,1.337723773,1.426686945,1.333794087,1.333794087,2.261006863,1.898124979,1.752108233,2.018154474,1.859229315,1.797658266,1.671325192,1.57788439,1.500546916,1.8815014,1.533328008
Neu5Ac(a2-3/6)Gal(b1-4)GlcNAc(b1-2)Man(a1-3)[Neu5Ac(a2-3/6)Gal(b1-4)GlcNAc(b1-2)Man(a1-6)]Man(b1-4)GlcNAc(b1-4)[Fuc(a1-6)]GlcNAc,0.551066319,0.521655575,0.449144809,1.506994857,1.569053091,1.311436451,1.428455991,1.323632758,1.184593899,1.904832044,2.07885979,1.706908027,2.497368158,2.467189625,2.267079982,2.110388241,2.030445128,2.013318901,1.919030315,2.173337442,1.41525055,1.002227148,0.966502489,0.957502224,1.465642724,1.639577867,1.102508946,1.60089502,1.669519424,1.599075859,3.040582201,3.165629798,2.546941766,1.423943167,1.237644519,1.485706981,1.038186941,1.069636245,1.096668544,1.536040135,1.480199893,1.494243454,2.084927573,1.936456628,2.211830667,1.09285791,0.977460742,0.932317745,0.809158386,0.809158386,0.893109429,1.448326273,1.335251677,1.505891109,1.33810419,1.380437099,1.285477904,1.681656614,1.588055731,1.711057353,1.344780058,1.28290598,1.251876701,1.903563037,1.933099404,1.922722794,2.12313726,2.03942045,2.099582002,1.933713507,1.895263936,1.911430065,1.703254938,1.897538886,1.997817558,2.001288863,1.2952248,1.23804484,1.330804756,2.054807424,2.099562898,2.856129365,1.699657167,1.952533898,1.518051348,0.775152752,0.742903495,0.802767723,1.316881318,1.290854765,1.2251683,1.068547741,1.177887812,0.964052101,1.062432724,1.079997451,1.009878694,1.195007418,1.460780135,1.407384841,1.244559127,1.289556579,1.368731911,1.084297706,0.907773661,1.113921837,1.318890903,1.508103535,0.440503292,0.435066218,0.453244188,1.367110693,1.049774347,1.28216361,1.552866381,1.191607182,1.159354115,3.524941831,3.140189467,3.503598449,0.874523141,0.926029738,0.917257583,1.070506556,1.165725615,1.017708835,1.688262579,1.538784091,1.479862289,1.186646365,1.269601783,1.301386385,1.554734367,1.266148508,1.454316859,2.169801078,2.066008894,2.27749676,2.559183189,1.06855283,1.045826869,1.146361361,1.971557629,2.116928495,2.290822215,1.468043437,1.337188846,1.487658077,1.524097164,1.935606362,1.700139911,2.661257882,2.299439555,2.479397972,0.942780039,0.945966647,0.886236993,0.778347846,0.722127901,0.801842234,0.701940226,0.960236577,1.142117622,1.165270669,0.868342071,1.734930852,1.801122615,1.708626665,0.992981993,0.929318489,0.774385953,0.966653772,1.07831949,1.110132614,1.151876879,1.506301255,1.293178215,1.417995093,1.627692532,1.676477122,1.50551678,1.599187911,1.915511637,1.919224332,1.005016907,0.944292452,1.104160786,1.007157411,0.745636484,0.7056603,1.156634193,1.080873208,1.184413407,1.144559741,1.28131458,1.383184809,0.636764178,0.637556107,0.643409059,1.418502522,1.252977256,1.267429732,1.028587666,0.967357762,0.747951438,0.949295514,1.289391028,1.780998918,1.200913138,1.569117498,1.583183394,1.940457684,1.779298342,1.741162997,1.156208605,1.139450202,1.083377935,0.909231105,0.845298818,0.857043474,0.627792063,0.72286187,0.57877799,1.360180109,1.282942401,1.212455034,1.048451724,1.052647372,1.026725872,1.474640127,1.566548846,1.435809396,2.14694206,2.331237017,2.488852131,0.869200405,0.802357507,0.755949832,1.029278215,1.190273642,0.910501306,2.065932873,2.16633061,2.221108025,1.581892404,1.65726037,1.43344842,0.911225739,0.803480895,0.891714356,1.01905996,0.979786036,0.781059427,0.871148805,0.835611698,0.702195832,2.302986574,1.917090557,1.860462354,2.274601398,2.287646398,2.471458384,1.206230438,1.135880028,1.026075745,1.596648627,1.783910957,1.664450822,1.648296232,1.765771335,1.851993983,1.924781872,1.987990451,1.827928515,1.277428532,1.366574917,1.263978953,1.263978953,2.096166881,1.817178447,1.667602424,1.022012513,0.929581079,0.90048852,0.8162002,0.746553246,0.700431556,0.869072272,0.734989859
Neu5Ac(a2-3/6)Gal(b1-4)GlcNAc(b1-2)Man(a1-3)[Neu5Ac(a2-3/6)Gal(b1-4)GlcNAc(b1-2)Man(a1-6)][GlcNAc(b1-4)]Man(b1-4)GlcNAc(b1-4)GlcNAc,0.213043588,0.206792891,0.184792172,0.279960459,0.278407216,0.221358704,0.286176817,0.257449286,0.233578293,0.295978847,0.316606814,0.24229613,0.222190223,0.228935306,0.193032603,0.121023275,0.120750186,0.127401723,0.228342114,0.29717374,0.191679436,0.223253186,0.213700035,0.221119734,0.185347178,0.241564562,0.155809743,0.222909348,0.221332292,0.209304754,0.118024428,0.133260434,0.124512223,0.322029819,0.307822091,0.36238696,0.213906234,0.255337132,0.226029481,0.259186682,0.244024612,0.235320038,0.535443371,0.486994644,0.547923869,0.333675119,0.313635177,0.276431,0.260628288,0.260628288,0.280448606,0.125743591,0.11703535,0.126554139,0.290762109,0.301904006,0.254702364,0.266751182,0.259838825,0.285483346,0.353100296,0.32469692,0.307994171,0.360256454,0.392431922,0.35597226,0.731122194,0.697668541,0.685731582,0.610376511,0.600295642,0.688939145,0.578001313,0.228239919,0.247130746,0.192099629,0.32693484,0.317034933,0.342719028,0.125146485,0.137545928,0.216680776,0.24159735,0.233961662,0.230455767,0.320401434,0.293284842,0.3351229,0.265244822,0.269017357,0.24684382,0.327273772,0.369209821,0.350844892,0.338046233,0.351251855,0.335984934,0.293998216,0.363953751,0.363269227,0.422123355,0.440440874,0.476451239,0.312646835,0.271509399,0.323840308,0.275520435,0.348079557,0.231124925,0.231279183,0.230984313,0.470070277,0.330239285,0.420740241,0.504231346,0.346293863,0.330297012,0.459721132,0.418413223,0.434301554,0.16073962,0.188247519,0.200015569,0.395329638,0.429045499,0.319285282,0.143568721,0.126797952,0.123181119,0.159783736,0.163827716,0.16628901,0.212421099,0.166454199,0.206227663,0.236261082,0.215831352,0.239708382,0.308487908,0.185169539,0.17028887,0.184075735,0.167044544,0.192972293,0.21336536,0.219011707,0.209186167,0.208731091,0.198190955,0.221852454,0.180968598,0.183893456,0.188818782,0.169150165,0.207216638,0.210628425,0.182530112,0.582337357,0.531551677,0.569337252,0.504085648,0.284750377,0.360754285,0.354306593,0.246827224,0.340680971,0.35979168,0.346818548,0.232965394,0.192907818,0.165810235,0.197575587,0.340174615,0.389320516,0.38891829,0.529187771,0.449846969,0.528412371,0.248660891,0.264186453,0.255965396,0.201687735,0.23372862,0.256445486,0.316251953,0.251702215,0.286855354,0.282404721,0.216113856,0.228944185,0.408650518,0.384217769,0.442007277,0.242174508,0.258753124,0.290539836,0.180281228,0.180153095,0.175438547,0.338525911,0.265808818,0.283552759,0.270274692,0.275015946,0.212785729,0.262697213,0.139547711,0.247021445,0.128416625,0.216252679,0.210788035,0.25767447,0.21291406,0.234295172,0.211698572,0.221873731,0.214824921,0.239094791,0.223808955,0.225074995,0.20185808,0.248010663,0.180151603,0.205496717,0.166778398,0.175378548,0.232217593,0.256234963,0.23345725,0.362488463,0.366768681,0.330220477,0.280425569,0.351433797,0.366306069,0.226551247,0.214808545,0.205328614,0.438535399,0.520046751,0.371273311,0.34773079,0.373265892,0.349779304,0.256724283,0.261064311,0.221034929,0.296965356,0.214592677,0.248636258,0.32465037,0.294917921,0.233987177,0.260967382,0.258027166,0.211188485,0.355077448,0.272628112,0.260155874,0.388831868,0.388457664,0.428269098,0.246890324,0.217761034,0.192867953,0.204845752,0.246736072,0.235298057,0.228627405,0.246176332,0.258808944,0.606360969,0.611345041,0.605994535,0.376308367,0.385508889,0.354957819,0.354957819,0.273574291,0.226098022,0.186898779,0.258555582,0.239548827,0.223483908,0.204676971,0.212917943,0.202724451,0.257898593,0.198499015
{Neu5Ac(a2-3/6)}Gal(b1-4)GlcNAc(b1-2)[Gal(b1-4)GlcNAc(b1-4)]Man(a1-3)[Gal(b1-4)GlcNAc(b1-2)Man(a1-6)]Man(b1-4)GlcNAc(b1-4)[Fuc(a1-6)]GlcNAc,0.13523985,0.137973536,0.133867897,0.225446555,0.261641158,0.218636586,0.179317813,0.174900418,0.159747613,0.287015755,0.329143553,0.255236174,0.326726863,0.36298079,0.289840044,0.137668547,0.134621904,0.152060419,0.175843543,0.217144854,0.161140304,0.127708684,0.117983907,0.126794463,0.138136548,0.161747497,0.121996615,0.157567142,0.199676868,0.22172852,0.168399261,0.181419416,0.1689152,0.245278415,0.25670345,0.303966279,0.147210205,0.193290501,0.163639053,0.215173933,0.225829946,0.220528484,0.197156799,0.205533872,0.235426716,0.153113432,0.168773181,0.128771627,0.144123324,0.144123324,0.135481447,0.162568773,0.150887532,0.177798269,0.243847347,0.283147109,0.312117565,0.200304305,0.192068896,0.211829481,0.21385748,0.194052065,0.197893083,0.25012546,0.262990258,0.244104869,0.323550034,0.321302229,0.307045614,0.308620379,0.524622674,0.569028144,0.513129386,0.253385825,0.307505915,0.267864131,0.177901579,0.186257598,0.192114461,0.167974457,0.194282502,0.285559516,0.224608804,0.209945841,0.20437799,0.17655715,0.173673056,0.189417805,0.296200335,0.306105693,0.285965588,0.205673183,0.229309181,0.268199783,0.114720134,0.127236292,0.122340535,0.177378632,0.218580704,0.22260266,0.204931816,0.211612784,0.226434203,0.15928194,0.151803632,0.176161339,0.162554643,0.199949851,0.149107176,0.159933098,0.147273202,0.276014406,0.204615729,0.260054099,0.300722766,0.191081456,0.185389024,0.409502059,0.345125557,0.405839871,0.136820002,0.145066292,0.155912008,0.220737934,0.216767277,0.195943894,0.151347046,0.1420206,0.131863224,0.131539422,0.137448654,0.136113667,0.199532486,0.15769229,0.179681767,0.145896813,0.131033013,0.146633646,0.170969879,0.153024474,0.143840668,0.158932595,0.103683029,0.112636941,0.136118785,0.2451824,0.230938761,0.231818484,0.258602182,0.251153881,0.259961967,0.153829189,0.146858676,0.131464324,0.182431937,0.180459713,0.192979391,0.15834135,0.165283541,0.184632321,0.15174606,0.134802968,0.161985616,0.158880766,0.11800409,0.216825399,0.2370869,0.208361279,0.186927007,0.165565934,0.145353573,0.161947037,0.178863617,0.208538287,0.200745286,0.293028319,0.25748403,0.312108455,0.210226747,0.20893864,0.219299763,0.1765435,0.199112811,0.215989823,0.240324839,0.19778136,0.210885363,0.247038699,0.187037704,0.207589369,0.156280993,0.151380516,0.159368655,0.156190821,0.15587387,0.16667091,0.132759187,0.135316855,0.128638671,0.154369507,0.132930278,0.133557547,0.135100165,0.145296011,0.127365308,0.132448154,0.117676288,0.181044406,0.112526215,0.185576783,0.168325448,0.188964052,0.175915058,0.189260057,0.169775359,0.179212574,0.169922015,0.114215118,0.109600862,0.116136492,0.131840928,0.151664507,0.121386197,0.148888589,0.126534191,0.136120925,0.127750052,0.139484058,0.129474972,0.248213373,0.232258613,0.231316174,0.20618112,0.260153635,0.250518436,0.132708605,0.125366218,0.113132474,0.206657781,0.234858742,0.179633517,0.270038986,0.296546091,0.288988467,0.173806074,0.174469061,0.153179436,0.215001013,0.130061991,0.142095136,0.210675923,0.196806901,0.164994802,0.153878757,0.156121369,0.131280835,0.265838088,0.224875032,0.21365435,0.282010668,0.28818471,0.30530763,0.165925582,0.154078463,0.140906187,0.191841164,0.224001831,0.204583527,0.240017208,0.260522004,0.275425178,0.514997016,0.496458903,0.466143514,0.223672873,0.230535128,0.210479063,0.210479063,0.232499996,0.185538746,0.166102752,0.172662634,0.160158297,0.150470868,0.144021214,0.147032776,0.136128746,0.170916595,0.135756085
Neu5Ac(a2-3/6)Gal(b1-4)GlcNAc(b1-2)Man(a1-3)[Neu5Ac(a2-3/6)Gal(b1-4)GlcNAc(b1-2)Man(a1-6)][GlcNAc(b1-4)]Man(b1-4)GlcNAc(b1-4)[Fuc(a1-6)]GlcNAc,0.094521881,0.10098791,0.097693326,0.155588985,0.153240673,0.126876571,0.114865862,0.101359014,0.097721222,0.165743254,0.182962643,0.139503035,0.182411365,0.186376377,0.159541252,0.087435065,0.086064171,0.093814612,0.134015127,0.177432664,0.135706072,0.100439428,0.090500811,0.103952693,0.11866587,0.145739642,0.107065788,0.165566848,0.169174691,0.157324348,0.127312335,0.14216549,0.122681781,0.157865563,0.137033681,0.157756984,0.125114746,0.170247486,0.13805955,0.177455408,0.169635087,0.163274673,0.274846184,0.258301387,0.292599811,0.110486975,0.114882295,0.098141844,0.111370018,0.111370018,0.114191665,0.104086153,0.102213589,0.10578464,0.123544296,0.139145302,0.123933756,0.149346536,0.14368917,0.145197225,0.146804743,0.133784473,0.126531217,0.163406951,0.180960336,0.162956989,0.147062772,0.14827628,0.132663694,0.123646706,0.264753149,0.298941983,0.248499706,0.138222935,0.15576163,0.135925398,0.155887061,0.152266408,0.16038737,0.106097386,0.118627757,0.191818707,0.167440631,0.156303301,0.17046691,0.11585034,0.110461472,0.127059312,0.174093577,0.179403842,0.173018168,0.108648952,0.130266031,0.122100333,0.097635819,0.098816491,0.099246035,0.088713461,0.090891552,0.092491713,0.12986392,0.124682606,0.13006506,0.096831081,0.094107376,0.095513707,0.094465608,0.126703392,0.100780473,0.101926078,0.091257792,0.161374686,0.103387604,0.139257684,0.224385212,0.14134767,0.14735931,0.127778182,0.118172986,0.11871448,0.092890445,0.11593749,0.12764012,0.123594038,0.135019695,0.098144169,0.118736998,0.10678127,0.099678627,0.112881849,0.118581072,0.119032308,0.197872611,0.155360875,0.185792241,0.10149658,0.091506156,0.100425127,0.130533319,0.099230743,0.094568188,0.101111497,0.106090067,0.122075069,0.133951104,0.146062612,0.139547119,0.141148981,0.137341828,0.171462688,0.140344341,0.130376048,0.118459448,0.124393701,0.09308396,0.091603596,0.084566122,0.108577281,0.101017868,0.110502368,0.097246492,0.111379796,0.144095321,0.135848566,0.102051403,0.124688693,0.131594332,0.130222586,0.105944932,0.086975926,0.082305969,0.085469388,0.09522849,0.121860898,0.115303088,0.185584244,0.161985805,0.203487184,0.166606364,0.186725343,0.187493317,0.13604792,0.153399513,0.170252317,0.159745422,0.113642244,0.118230235,0.134688969,0.116398971,0.133098096,0.096760016,0.091855536,0.102646068,0.14402103,0.151855168,0.170228417,0.088456265,0.088562055,0.082080177,0.174150374,0.139540225,0.145732047,0.115154534,0.128478614,0.113008368,0.120671056,0.086743063,0.109676674,0.083095193,0.10677486,0.10480574,0.170309385,0.139330192,0.156137317,0.091379417,0.097720388,0.096825894,0.073415418,0.074430015,0.079623634,0.091271715,0.100585173,0.080017951,0.115306739,0.095233967,0.103712918,0.129889203,0.141743801,0.134444175,0.186987799,0.175774073,0.165808685,0.183149232,0.235395143,0.235511888,0.126493692,0.112451361,0.099435398,0.135773809,0.154809481,0.119195138,0.24771032,0.262022235,0.246914627,0.144849202,0.149498903,0.130343278,0.157127494,0.113552135,0.130548033,0.156088813,0.14647723,0.11994976,0.090456337,0.095607156,0.082036925,0.168074955,0.127441851,0.120707663,0.34496673,0.33068513,0.384220911,0.09366715,0.085255187,0.075796736,0.12742617,0.158279104,0.144020069,0.104266864,0.112611426,0.124211762,0.227200274,0.218580377,0.233194016,0.197229849,0.200475114,0.180616056,0.180616056,0.156641631,0.128628377,0.102516219,0.081893157,0.081394238,0.076788993,0.076360057,0.078835324,0.076880666,0.092424969,0.077466413
Neu5Ac(a2-3/6)Gal(b1-4)GlcNAc(b1-2)[GlcNAc(b1-4)]Man(a1-3)[Neu5Ac(a2-3/6)Gal(b1-4)GlcNAc(b1-2)Man(a1-6)]Man(b1-4)GlcNAc(b1-4)GlcNAc,2.376480303,2.37258572,2.059323402,2.175620375,2.067683087,1.709902812,2.007477667,1.672584476,1.620544948,1.994440115,2.127288322,1.712670266,1.178494885,1.155816259,1.06310804,1.718296643,1.765849547,1.78877714,1.881590441,2.308490559,1.277669005,2.352901251,2.27803086,2.459525892,2.38142822,2.963145781,1.758993619,2.050366858,1.946677033,1.898576529,1.046408155,1.115470967,0.697082031,2.20308037,1.580713638,1.981249048,2.203604774,2.290717968,2.242490755,2.22865436,2.251813443,2.26514743,2.006467878,1.862632221,2.071329456,2.005338111,1.901792379,1.471982513,1.257798425,1.257798425,1.542210359,2.503461965,2.572099824,2.486216496,2.321209566,2.643675238,2.335232895,2.504524058,2.37657157,2.548788038,3.076067042,2.895240467,2.663013166,1.472557365,1.594358795,1.532050094,1.462939751,1.37655687,1.368454524,1.186270013,1.253420481,1.311606115,1.110490229,2.120723245,2.102154274,2.199991185,2.836808683,2.693172195,2.91902824,1.895081342,1.964715115,2.880171997,1.761097993,2.115415783,1.581657766,1.945967704,1.729337847,2.188212385,2.705476466,2.634361628,2.656198959,1.749639778,1.989884158,1.437900466,1.901715062,1.897122437,1.884248401,1.448715905,1.736506818,1.815286593,1.57510263,1.596298926,1.71327079,2.350265259,1.98224759,2.421504646,1.574352217,1.983820783,2.551387421,2.355999974,2.54311604,3.2797872,2.58270079,3.001177762,2.362245506,1.947294072,1.871593891,0.563240534,0.51911889,0.527515102,1.507083537,1.865924641,1.851611326,1.864589899,1.975112068,1.615091145,1.702257018,1.461124986,1.420222494,1.921694662,1.838762802,1.809256608,1.921065718,1.512123825,1.778744122,1.256658603,1.196623546,1.327012704,1.662370265,2.273022675,2.065114549,2.472040844,1.619287414,1.781193045,1.93388209,1.776026366,1.413169197,1.807049165,1.575108657,1.989669349,1.679875315,1.086553151,1.114204646,1.169472342,2.041447531,2.134559815,1.881587732,2.513316875,2.325652374,2.369945194,2.196043871,1.293458527,1.805638173,1.737192367,1.306986913,1.719677262,1.742990862,1.770361498,1.552392234,1.28447452,1.038068622,1.412401092,1.3302945,1.656875511,1.650410942,1.502798909,1.295527486,1.325673158,1.50696182,1.867828146,1.534442132,1.372310442,1.722004988,1.617536478,1.426254184,1.208953516,1.537464073,1.322768517,1.03316529,1.003463999,2.044910265,1.941664239,2.264341985,1.449809279,1.656955465,1.935985411,1.155821924,1.183611862,1.256344914,2.32678746,1.866608857,1.967867262,1.802195089,1.777060109,1.213994213,1.736475258,1.78264377,1.272849228,1.727782621,1.046429833,1.019322468,2.317476666,1.891577103,1.921420337,1.13598076,1.163856491,1.114872207,1.34899852,1.209695629,1.248929481,2.304522719,2.877667643,2.213007178,1.337831176,1.116396958,1.110428176,2.334543075,2.348184022,2.217415029,1.981510545,2.126217512,1.958854681,1.177185141,1.417553031,1.594013951,2.386084339,2.511621403,2.469692265,1.437472313,1.653980258,1.289992165,1.771104989,1.855544296,1.711211175,1.26510827,1.403760072,1.204834544,2.680121827,2.218265835,2.515881326,2.42126607,2.202263955,1.772964105,2.504419426,2.373397708,2.084261379,1.866106096,1.37131834,1.336571028,2.779530425,2.633730862,3.147209964,1.077441477,0.981043157,0.868246703,2.278170787,2.618622937,2.458566376,1.780827461,1.993946973,2.041162451,1.664174886,1.759372991,1.817083144,2.048161883,2.025275582,2.010598737,2.010598737,3.148520271,2.710974806,2.320947673,1.732834792,1.67231315,1.494708144,1.422012152,1.295248327,1.32428733,1.752570383,1.338152977
{Neu5Ac(a2-3/6)}Neu5Ac(a2-3/6)Gal(b1-4)GlcNAc(b1-2/4)[Gal(b1-4)GlcNAc(b1-2/4)]Man(a1-3)[Gal(b1-4)GlcNAc(b1-2)Man(a1-6)]Man(b1-4)GlcNAc(b1-4)[Fuc(a1-6)]GlcNAc,0.098359711,0.104598344,0.097478862,0.851354714,0.818522417,0.654628762,0.292431497,0.250475736,0.235276129,0.586601677,0.640413035,0.486209897,1.218788517,1.213717662,1.092496467,0.593823752,0.611956841,0.652014636,0.308799591,0.404199363,0.228045574,0.469347298,0.444991218,0.497935035,0.389219033,0.519981467,0.275174321,0.693320795,0.666724236,0.65951758,0.958741946,0.999460425,0.65878615,0.351770175,0.290157759,0.364607608,0.312639391,0.368350522,0.338440904,0.585777394,0.590933715,0.590633318,0.862868403,0.815224794,0.910923778,0.241214779,0.247169751,0.183499568,0.172525406,0.172525406,0.203272448,0.248202215,0.248924269,0.246416323,0.354142334,0.359528567,0.301463021,0.540515715,0.557166351,0.533796829,0.804318841,0.754494735,0.686645373,0.708691681,0.774135534,0.746326043,0.647053791,0.614718296,0.606515971,0.5339247,1.76628382,1.896586741,1.650646618,0.948846269,1.126633605,1.016892517,0.171288245,0.172860776,0.18530973,0.564496169,0.60134651,0.935818036,0.738273403,0.898944444,0.669604962,0.081400101,0.077222689,0.09243408,1.188249754,1.15648526,1.143995822,0.142529782,0.160668807,0.137459536,0.136058446,0.138269928,0.138382609,0.288082577,0.342464623,0.366457461,0.222336771,0.216948106,0.240188587,0.170754898,0.151548388,0.17704056,0.22863628,0.310250111,0.07764603,0.081846934,0.064781673,0.35559445,0.247795186,0.333145319,0.928286195,0.695325469,0.682596819,1.553349624,1.444693331,1.497458992,0.172066152,0.208244435,0.221599562,0.472539011,0.52047134,0.404674818,0.605156083,0.51310215,0.491803284,0.34512976,0.335567558,0.334063232,1.135356682,0.858772373,1.030767725,0.751665491,0.714021599,0.807869883,1.007304549,0.150515713,0.137948742,0.158785612,0.406744578,0.459821381,0.528020982,0.194238611,0.161491874,0.176244606,0.898388149,1.2360348,1.044434734,0.878268257,0.756078209,0.950720598,0.141986767,0.143406153,0.132947922,0.089674739,0.085674969,0.095991705,0.082642788,0.113494196,0.151919266,0.144675983,0.107660014,0.499632347,0.511536035,0.509945869,0.193387779,0.153359532,0.131744329,0.162727919,0.20865165,0.270709129,0.267345908,0.477937718,0.407272936,0.430103583,0.314598239,0.376880652,0.329325029,0.309605172,0.378137057,0.360227246,0.198411415,0.141826624,0.167661862,0.103286462,0.088263411,0.112286919,0.243757542,0.231105921,0.266695468,0.102943438,0.109845747,0.126249346,0.091582687,0.092804247,0.090659513,0.234024009,0.183512386,0.193820553,0.136968794,0.140595902,0.119073877,0.135323416,0.279699349,0.522640008,0.265480945,0.431641428,0.418458735,0.701847754,0.574116096,0.588766006,0.188713293,0.1960955,0.191924988,0.128657776,0.122564942,0.127626412,0.102473347,0.1212239,0.093156814,0.29399849,0.233180473,0.235671383,0.190877802,0.203006294,0.190956949,0.546129048,0.572359519,0.528004076,0.350555299,0.473586014,0.502495124,0.165143936,0.160387694,0.152854621,0.143525638,0.158512627,0.120891557,0.875020612,0.933778155,0.871383787,0.199150974,0.22475117,0.191965745,0.082274725,0.057165073,0.067046416,0.106378866,0.092030747,0.077590012,0.074493735,0.081130237,0.068721476,0.558817392,0.403249837,0.377216601,0.165701493,0.161488628,0.177933447,0.146970341,0.136123789,0.118244599,0.548707167,0.646182314,0.5942023,0.504527497,0.569674491,0.592584458,1.55281903,1.657827695,1.689131122,0.250681201,0.248048946,0.230432819,0.230432819,0.589547947,0.482328447,0.404333763,0.189321365,0.184786161,0.167498402,0.162678854,0.100578966,0.098122736,0.123192136,0.094846881
Neu5Ac(a2-3/6)Gal(b1-4)GlcNAc(b1-2)[Neu5Ac(a2-3/6)Gal(b1-4)GlcNAc(b1-4)]Man(a1-3)[Neu5Ac(a2-3/6)Gal(b1-4)GlcNAc(b1-2)Man(a1-6)]Man(b1-4)GlcNAc(b1-4)GlcNAc,5.945440341,6.404284255,5.4351342,7.066456708,5.876028207,5.084215807,5.42188503,4.113198409,4.290678664,6.968287964,7.128406642,5.886454702,3.92514511,3.656774437,3.530280955,5.264313572,5.772593064,5.953957921,8.071711982,10.13222564,5.495087964,6.831956667,6.323155653,7.718278765,7.341776108,10.09818367,5.519975963,9.13158628,8.103455481,8.005100477,4.394130652,4.613981116,2.616456381,4.986467074,3.26602383,4.033092844,10.79801031,11.36750326,10.23509144,8.706413187,9.156573611,8.724255216,8.470792208,8.431808325,8.200894064,9.103208781,9.649008711,5.510774333,4.520771295,4.520771295,6.113094719,10.39866858,12.10213908,9.529913028,6.848364174,9.040051713,7.842610602,8.500418463,7.762716493,7.889157898,9.860418041,9.100568216,7.658818997,4.639292301,5.549726199,4.713135129,2.880107264,2.705334416,2.514636619,2.127933736,3.048745118,3.048031106,2.537439252,6.499589056,5.902682364,6.233234718,10.7686423,10.28585154,10.64204787,8.029784635,8.327168965,10.59939456,5.641143642,6.47661625,5.366396328,5.133880097,4.231219886,6.335901031,6.421827772,5.858685316,6.003324223,5.182727979,5.665542315,4.272765488,8.756544355,8.290288872,9.01605466,4.935209565,5.358885669,6.078041343,5.895695227,5.656783537,5.843808006,9.524357581,8.159035547,9.525449394,5.297705336,7.427210025,7.756492958,6.205660365,6.580673986,9.508996863,7.097347534,7.986488799,7.448254238,6.340524654,6.248529362,1.836813626,1.82534911,1.721684267,6.220080184,8.824875383,8.57495577,8.263106044,8.3573816,6.487945619,6.689981606,5.713581458,5.379993644,9.156090773,8.598671925,7.858123141,7.024309205,6.057910955,6.53111193,4.463864933,4.217810692,4.459070049,5.379805859,7.776928612,6.701044003,8.477695259,6.617864501,7.493597261,7.871257821,7.608181333,5.106037171,7.442718955,5.208468565,6.02779646,5.269692749,3.767721884,4.169942664,4.952075955,8.033882742,8.74014835,7.360728054,11.43836049,10.58725483,10.29212117,9.837382485,3.901375976,6.380889129,5.504828295,4.531999258,5.998302625,6.074235668,6.559698264,4.217006236,3.033601944,2.31347447,3.474699843,2.841833157,5.080889491,4.19725969,4.521522944,3.68720884,3.607757809,3.451770073,5.12014466,3.998724981,4.06424506,4.985252874,4.572432065,4.205591803,3.046352642,3.755038428,3.716215681,2.815093238,2.802471349,6.849511615,6.700818723,7.9337182,5.225903974,5.960713689,7.409692143,4.457764277,4.424465142,4.364257262,11.71115914,9.383444612,9.954679416,7.082433241,7.159030821,5.060668319,7.380171052,5.851066504,3.653661065,5.852400578,3.040166144,2.834493199,6.388036365,4.876428343,5.144011638,2.835865703,2.938801699,2.901161529,4.893840257,4.292767003,4.71468779,6.12780661,7.9161647,6.16787078,6.154789464,4.571931768,4.904381991,7.035998847,7.413231216,6.942337638,6.642739877,6.694745202,6.164188218,3.494058589,4.707614962,5.302766534,6.300588614,7.214523099,7.262584969,4.733994231,5.259407206,4.064396787,6.079127183,6.280542005,5.238587833,3.023621879,4.184978837,3.706372252,10.9589646,8.435943966,9.955325248,9.399168722,7.933358538,6.053611907,6.560968556,6.220439885,5.868836098,5.508295667,3.828763659,3.597262931,11.07330091,9.961988959,12.40722179,7.772841782,6.892630237,6.100753209,6.125518009,7.114590943,6.731922528,3.333470384,3.88556446,3.718494098,3.066785988,3.317701628,3.775521513,8.603531676,7.667250514,8.322329408,8.322329408,10.58398755,9.242817231,7.431563578,3.385907765,3.894714749,3.198944976,3.277078677,3.044899465,3.550610939,4.877041179,3.231360471
{Neu5Ac(a2-3/6)}{Neu5Ac(a2-3/6)}Gal(b1-4)GlcNAc(b1-2)[Gal(b1-4)GlcNAc(b1-4)]Man(a1-3)[Gal(b1-4)GlcNAc(b1-2)[Gal(b1-4)GlcNAc(b1-6)]Man(a1-6)]Man(b1-4)GlcNAc(b1-4)GlcNAc,1.031871505,1.088752709,0.888515461,1.519441894,1.301412093,1.058538128,0.860516977,0.657271515,0.673384215,1.195441269,1.261841207,0.974965705,0.806456443,0.782976971,0.717824572,0.61306259,0.689025995,0.792570129,0.819611343,1.156781047,0.498605229,1.026741384,0.94178606,1.196900284,0.877532853,1.305386804,0.547142343,1.174160612,1.065754351,1.096266247,0.314784577,0.34042125,0.204511811,1.261942756,0.983630149,1.245493173,0.980896522,1.038741199,0.935572381,1.261381501,1.266764366,1.187632829,1.14375215,1.105675037,1.069003998,0.985650266,1.10886031,0.535626699,0.433674085,0.433674085,0.612878692,0.841313171,0.963121211,0.74664031,1.140812008,1.628791306,1.383126214,1.254664362,1.148308125,1.158055354,1.349613333,1.18129011,0.940320088,0.780665236,0.96785931,0.771788957,0.785679644,0.748485334,0.677089855,0.587013208,1.186645419,1.299850502,1.045693454,1.333336724,1.253320647,1.250870396,1.137428459,1.133337917,1.157179831,1.243990655,1.331766886,1.855678319,1.047551228,1.253696806,0.945906914,1.100006124,0.969959405,1.419891013,2.392624399,2.173375455,2.209140076,1.098683802,1.268678892,0.932777469,0.971447977,0.941912111,1.029154288,0.582038538,0.688346935,0.85120072,0.822560015,0.802563862,0.861154417,1.098546203,0.914879804,1.149145353,0.471802516,0.714759613,1.248032069,0.966501475,1.066678431,1.775142544,1.295000847,1.503197333,1.678488565,1.268308919,1.239585147,0.206248541,0.211130295,0.185727319,0.644885145,0.923663097,0.918032356,1.027969303,1.114090962,0.756593544,0.681290831,0.561623181,0.504459167,0.783868945,0.749163224,0.670660227,1.401743299,1.117776784,1.234291956,0.519184307,0.46593908,0.508083482,0.674525664,1.39821057,1.181935909,1.560851194,0.513827487,0.611350665,0.691184858,0.953389676,0.642498996,0.936231722,0.874492438,1.137218395,0.933436295,0.336336718,0.379670679,0.45395138,0.719280731,0.781159572,0.663521259,2.178919852,2.053533613,2.06683725,1.87701839,0.357809389,0.561617111,0.488405603,0.361854939,0.768710705,0.79344821,0.831983254,0.538465753,0.379403361,0.297651569,0.425593076,0.33431916,0.631968014,0.516569291,0.887793389,0.650025133,0.721979407,0.515256791,0.726335076,0.595769022,0.517853855,0.631875498,0.585812882,0.622281224,0.428107609,0.531143877,0.70532379,0.449304472,0.469763483,0.825324054,0.798608101,0.951783438,0.433083448,0.490441297,0.631701263,0.489615864,0.485300714,0.46411867,0.486628729,0.359549253,0.391324481,0.52716914,0.497227724,0.34790804,0.510850625,0.515219522,0.46753964,0.5095986,0.388416301,0.356801608,0.816634179,0.61081899,0.643080655,0.315368775,0.326510375,0.32492521,0.42703826,0.359457391,0.403910276,0.845617594,1.164824497,0.874495267,0.513451255,0.348508044,0.378017758,0.761477589,0.77826844,0.73840998,1.235162939,1.192545729,1.095992872,0.318338901,0.515486138,0.549742105,0.868168227,1.022039598,0.980824443,0.646264644,0.736814849,0.496306941,1.000524096,1.084429559,0.865983086,0.360834842,0.502813499,0.428189391,1.121792715,0.81569677,0.981681881,1.505966121,1.215991282,0.84135665,1.336001671,1.270990407,1.157456917,0.693001736,0.474219756,0.426912802,1.640629586,1.532557053,1.775335157,0.583025418,0.489634928,0.398070945,1.203985241,1.417806427,1.3095339,0.83181128,0.98408165,0.934836461,1.100423117,1.183657749,1.359514274,0.802132059,0.712967101,0.756823965,0.756823965,1.260072832,1.027825498,0.812695553,0.458114096,0.542693074,0.442588878,0.445347675,0.474292543,0.513975121,0.735674997,0.453279004
Neu5Ac(a2-3/6)Gal(b1-4)GlcNAc(b1-2)[Neu5Ac(a2-3/6)Gal(b1-4)GlcNAc(b1-4)]Man(a1-3)[Neu5Ac(a2-3/6)Gal(b1-4)GlcNAc(b1-2)Man(a1-6)]Man(b1-4)GlcNAc(b1-4)[Fuc(a1-6)]GlcNAc,0.321283851,0.350745912,0.294002168,6.525605002,5.395616726,4.574340911,2.136048493,1.64852171,1.681842257,4.900244983,5.036050653,4.15029239,8.553282629,8.087960847,7.909391307,5.491699736,6.199162313,6.381723582,3.014894736,3.94277921,1.901228927,3.284707059,3.010176024,3.828924636,2.919872252,4.05598625,2.028035636,8.283216643,7.34151886,7.344829694,10.0639818,10.35771658,6.44600226,1.747403028,1.278586454,1.572818149,2.908313911,2.922572644,2.654767003,4.967666898,4.941975319,4.72952183,8.840000473,8.371647542,8.101038641,2.379872527,2.453486812,1.315897159,1.06570505,1.06570505,1.46180526,2.314130196,2.613605923,1.990827105,2.104551455,2.3480186,1.914257375,3.599329166,3.485886444,3.033820987,4.603026959,4.122040625,3.442112055,4.423012108,5.219120875,4.498847199,4.820050837,4.564327912,4.265930387,3.646161889,9.115842226,9.354704023,8.026673789,6.407444058,6.580174582,6.153051825,0.943596258,0.936545027,0.944753123,6.44346545,6.747444614,8.339719828,6.974981095,7.933054781,6.500886445,0.171915824,0.156650522,0.211148437,5.84184183,5.27320043,5.410573089,0.832544525,0.89926241,0.664717227,1.16139073,1.095671674,1.210975574,2.389583235,2.652499356,3.006041737,1.635382449,1.556002554,1.651905075,1.208308064,0.983621839,1.209951043,1.464170041,2.130390385,0.133652966,0.117093973,0.10018633,1.70923062,1.263169798,1.559247198,5.398395709,4.666187148,4.71607342,10.99325599,11.40624876,10.78609001,1.375587354,1.958239554,1.975743042,3.59935237,3.799195692,2.907379252,5.510809521,4.737512994,4.465064208,4.216236887,3.954195315,3.617099825,8.863647774,7.557508307,8.325002446,8.547042935,8.394751708,8.993829259,10.41388264,0.874834549,0.738452518,0.964927454,4.715733203,5.320700985,5.543834004,1.342853437,0.896199195,1.27873343,6.541464212,8.496909771,7.467654085,8.125529783,7.56804709,10.64339423,0.869133455,0.942441339,0.775101642,0.249597614,0.236137747,0.256489968,0.213665628,0.41794222,0.688551133,0.586510669,0.44988055,4.237907776,4.282809621,4.636224398,0.907556521,0.634548425,0.485133884,0.733464502,0.842294032,1.554834284,1.302411147,2.831918225,2.228967746,2.243970922,1.496856596,2.299946004,1.766880327,1.954487676,2.391220632,2.092497885,0.795069746,0.536738336,0.672232368,0.175576328,0.124873427,0.148468637,1.580700525,1.548120111,1.818785842,0.390446737,0.441556999,0.567883049,0.369608857,0.355531961,0.347633843,1.88204108,1.447756057,1.549098997,0.63942598,0.614784253,0.431642156,0.625392751,2.529075064,3.831160905,2.52095262,3.16715762,2.960743505,4.505687541,3.438687447,3.64932378,0.932663278,0.978066927,0.945667149,0.828994112,0.72440568,0.804065826,0.313116152,0.434552372,0.323377489,2.702185378,1.950883728,2.066679191,1.01265661,1.055816881,0.975733679,4.063157473,3.962298424,3.728164215,2.021260046,3.04691765,3.309184083,0.700553072,0.786267267,0.755924826,0.635651085,0.712750123,0.497420621,7.513264108,7.737725556,6.513290555,0.816818589,1.250333331,1.108231794,0.126724002,0.086299399,0.103341691,0.245264102,0.184176694,0.127230934,0.112671571,0.115130423,0.106369946,3.979661814,2.885077081,2.663167624,0.590788078,0.561560222,0.604366623,1.661125625,1.470019891,1.239499013,3.759051332,4.265593065,4.061217281,2.342631891,2.748710723,2.648669048,6.793610924,7.49406102,8.478767992,1.55440505,1.362879028,1.471134895,1.471134895,4.802834053,4.119276758,3.343361741,0.743351079,0.884737718,0.72882754,0.742217557,0.289067616,0.313992287,0.438070515,0.277014353
{Neu5Ac(a2-3/6)}Neu5Ac(a2-3/6)Gal(b1-4)GlcNAc(b1-2/4)[Gal(b1-4)GlcNAc(b1-2/4)]Man(a1-3)[Gal(b1-4)GlcNAc(b1-2)[GlcNAc(b1-6)]Man(a1-6)]Man(b1-4)GlcNAc(b1-4)[Fuc(a1-6)]GlcNAc,0.062977724,0.074201839,0.076391773,0.628750749,0.53426592,0.428616591,0.192068029,0.156310589,0.16833548,0.509625351,0.540777072,0.412648987,0.83005567,0.802747567,0.74073336,0.287644184,0.333374344,0.400139045,0.130785847,0.196784046,0.126739903,0.19299128,0.173337656,0.23645487,0.153492201,0.236928075,0.132347015,0.422338798,0.383859114,0.399134636,0.328107961,0.350655172,0.207632841,0.243167163,0.232000488,0.280727271,0.165419822,0.215226179,0.165122089,0.341702644,0.34029307,0.309577322,0.580960178,0.576240768,0.533336624,0.144794067,0.181466106,0.09785155,0.110711692,0.110711692,0.117387087,0.100798754,0.120051192,0.088179983,0.177410554,0.228052731,0.186273963,0.269600185,0.264216786,0.230788037,0.352589542,0.285581479,0.225946759,0.455395252,0.582361763,0.442256066,0.876501966,0.831409746,0.756203456,0.655022217,1.965634289,2.164197104,1.776719894,0.806049126,0.874782569,0.719117128,0.081639794,0.091436582,0.088426569,0.474372985,0.514641455,0.723181443,0.599006295,0.727729125,0.561462657,0.05926667,0.053899657,0.068077614,1.080484647,0.966659186,0.932668576,0.13752605,0.151442289,0.171346685,0.09747746,0.093000843,0.109567525,0.195421331,0.215641747,0.27558251,0.231519916,0.223961348,0.250339094,0.095820147,0.098535306,0.095223824,0.088823168,0.129699321,0.059823044,0.069745179,0.047679097,0.179281988,0.123680835,0.156066474,0.720957746,0.506422472,0.511439774,0.971913718,1.00448474,0.900176958,0.089970931,0.11983408,0.142390034,0.282455474,0.320871096,0.202380891,0.292692963,0.256199742,0.224650957,0.249078597,0.238748814,0.211833555,0.802359333,0.634515045,0.703672894,0.488754624,0.444074361,0.491641057,0.64036841,0.094933928,0.085573846,0.096892823,0.173225594,0.207096068,0.245205306,0.130214042,0.116238023,0.113663989,0.569178481,0.810426095,0.655993011,0.365023667,0.352626861,0.518183933,0.060097577,0.061643156,0.058874984,0.079682284,0.081157805,0.083329943,0.074979595,0.053660125,0.072805443,0.063690563,0.05563958,0.275815749,0.28882689,0.299874801,0.09458556,0.071484136,0.067047638,0.074382412,0.075964879,0.134979252,0.112544048,0.404181107,0.285407922,0.343727529,0.168818773,0.199897493,0.185819692,0.153278371,0.167705835,0.16013448,0.136381426,0.087027535,0.087352972,0.086561026,0.080111617,0.101775151,0.108090295,0.107481509,0.11996757,0.060473034,0.05831698,0.062450474,0.067601511,0.069007666,0.062980179,0.107682591,0.088738578,0.090943495,0.064907856,0.079260056,0.080719522,0.073125326,0.147707956,0.270623298,0.144699123,0.237168063,0.209906508,0.292924237,0.226174728,0.245355565,0.09100421,0.09980955,0.099831015,0.071339369,0.067792736,0.077466237,0.057011597,0.068203735,0.059749473,0.161637796,0.108683398,0.130851989,0.096304544,0.108922512,0.101235603,0.434324844,0.379167361,0.364678359,0.126720866,0.202719442,0.200948219,0.085719019,0.091729686,0.085199441,0.104447526,0.107799966,0.084295536,0.803493619,0.865782027,0.68715262,0.081348221,0.10126249,0.093325275,0.054494316,0.034089709,0.036553681,0.078278987,0.064509379,0.054988034,0.047383392,0.052986072,0.048574942,0.267551629,0.20046996,0.172524943,0.131397111,0.12759647,0.127332378,0.09472447,0.082457651,0.071763898,0.448566201,0.523093858,0.480170133,0.299608537,0.354765959,0.337302556,1.196065885,1.317833759,1.490204082,0.118597452,0.111298614,0.108790425,0.108790425,0.370825134,0.296008213,0.227858208,0.07430976,0.091757587,0.079247031,0.08704042,0.057750003,0.05772288,0.071440803,0.057208828
{Fuc(a1-3)}Neu5Ac(a2-3/6)Gal(b1-4)GlcNAc(b1-2)[Neu5Ac(a2-3/6)Gal(b1-4)GlcNAc(b1-4)]Man(a1-3)[Neu5Ac(a2-3/6)Gal(b1-4)GlcNAc(b1-2)Man(a1-6)]Man(b1-4)GlcNAc(b1-4)[Fuc(a1-6)]GlcNAc,0.041011724,0.049794295,0.059073874,0.25291507,0.214956415,0.168882179,0.102725383,0.086337751,0.092899611,0.225196508,0.239811223,0.18007657,0.701608912,0.667097963,0.596772433,0.180220109,0.211727536,0.245733261,0.070233591,0.099978314,0.098136421,0.094201646,0.08284519,0.117432992,0.12006683,0.182583318,0.109144072,0.30495115,0.284133458,0.286730106,0.83955251,0.848703073,0.427977553,0.087608199,0.090453985,0.096827601,0.101064662,0.144626095,0.095714883,0.147048748,0.140098814,0.124078628,0.326847299,0.319862456,0.297054026,0.07098492,0.083237484,0.067311088,0.08145692,0.08145692,0.087818256,0.054380667,0.065672596,0.047711266,0.068105153,0.075827416,0.06229619,0.116333188,0.120485047,0.102291743,0.232681811,0.192401708,0.154684566,0.231963373,0.293163628,0.224595491,0.3975521,0.391196308,0.329177868,0.290905478,0.882446937,0.945589277,0.768636019,0.351625233,0.369628322,0.299641536,0.048840422,0.053620396,0.051971375,0.241704059,0.269087586,0.337721741,0.338689998,0.373965439,0.331733251,0.042830668,0.038923617,0.046433047,0.376407105,0.334202042,0.326184782,0.065989968,0.072619261,0.080216707,0.053852853,0.049644046,0.057068108,0.096440011,0.091238062,0.107376083,0.118545341,0.115043458,0.12582954,0.052920056,0.061310364,0.048883568,0.057303682,0.081971586,0.047841972,0.058061288,0.03877398,0.067422295,0.049560658,0.060573818,0.262632883,0.176510123,0.191405341,1.738425789,1.821258529,1.611275033,0.052019937,0.071134677,0.086789142,0.131648948,0.150410856,0.09712789,0.198014022,0.168051037,0.150109491,0.129740804,0.120836373,0.110267554,0.411550786,0.345504491,0.36730476,0.558365025,0.513772271,0.536493679,0.691369157,0.04251428,0.04482746,0.038958264,0.199320402,0.245787177,0.269046031,0.086176028,0.079026099,0.069842848,0.363203489,0.500095816,0.414217423,0.581193706,0.54030371,0.886569184,0.035248366,0.035256478,0.033033174,0.054352981,0.053208068,0.055866622,0.051429462,0.038827266,0.051893372,0.044967264,0.043128283,0.15185765,0.155763343,0.169728501,0.061420438,0.048461693,0.051989024,0.0488066,0.050634775,0.087541937,0.074456575,0.233240015,0.17044714,0.204038441,0.11759552,0.133311602,0.133211123,0.084500645,0.087761701,0.086218934,0.10201545,0.062508044,0.058518917,0.067583487,0.070401302,0.090278037,0.060537911,0.060828108,0.064788125,0.046094491,0.043528505,0.045768186,0.055780516,0.055390331,0.051861196,0.097570038,0.081400096,0.083527238,0.050565712,0.065982152,0.070093207,0.059353845,0.107799617,0.191952045,0.106560504,0.174151934,0.153712716,0.200645322,0.151679758,0.176898622,0.072272751,0.079676817,0.080210782,0.051095986,0.052225419,0.060218498,0.042805831,0.044711179,0.043140165,0.126216457,0.090017263,0.10628659,0.060326889,0.069468732,0.066086999,0.223161209,0.191506537,0.185851061,0.091696693,0.146972957,0.140971857,0.053628658,0.048720232,0.047343997,0.06522453,0.063246952,0.059219251,0.422560756,0.466270309,0.369918825,0.057640647,0.068031566,0.066793823,0.036836736,0.027429981,0.028586991,0.056106226,0.048754851,0.044934885,0.035211538,0.042084901,0.038046859,0.210323729,0.156351986,0.14221125,0.068044443,0.065522267,0.065826097,0.053723641,0.049384907,0.044834267,0.213030937,0.24613709,0.228613078,0.136108536,0.15632679,0.154249558,0.499596761,0.552656243,0.633689725,0.074730063,0.072773709,0.067042892,0.067042892,0.234284161,0.19372933,0.145716984,0.049125002,0.061189767,0.053485138,0.061901885,0.039406101,0.039133535,0.046072461,0.040366581
{Neu5Ac(a2-3/6)}Neu5Ac(a2-3/6)Gal(b1-4)GlcNAc(b1-2)[Gal(b1-4)GlcNAc(b1-4)]Man(a1-3)[Neu5Ac(a2-3/6)Gal(b1-4)GlcNAc(b1-2)[Gal(b1-4)GlcNAc(b1-6)]Man(a1-6)]Man(b1-4)GlcNAc(b1-4)GlcNAc,0.813623261,0.952699684,0.742980769,1.821145924,1.400299145,1.133953117,1.096606451,0.785426927,0.883359973,1.44627391,1.445655764,1.160937125,1.08584492,0.999322769,0.94411847,0.850092866,1.025524115,1.182646602,1.195973408,1.726272692,0.630961524,1.365084122,1.160787639,1.709843131,1.061830488,1.844355487,0.67151121,1.896153503,1.643011852,1.697993201,0.579885658,0.574947881,0.261331426,0.860015942,0.649034815,0.792879914,1.581589162,1.566090475,1.374253524,2.037822474,1.934125344,1.679447126,2.018057224,1.913613802,1.602907071,1.837025499,2.140464149,0.740306595,0.524378924,0.524378924,0.817871752,2.171477902,2.639515923,1.571384574,1.11774419,1.575479894,1.251804134,1.501470703,1.375012265,1.30393844,2.05139104,1.718526476,1.268864824,0.950929125,1.179097785,0.870187934,0.77236178,0.742871075,0.626657038,0.539178037,0.852312229,0.855323228,0.712299768,1.701752183,1.413772917,1.474584851,1.608827703,1.685309588,1.535079758,2.340177376,2.46667491,2.330061936,1.34274925,1.585669719,1.305683389,0.948917741,0.778966047,1.296294562,1.988235702,1.731317709,1.806722718,1.189623247,1.284828568,0.975585554,2.084800661,1.777128973,2.226820338,0.952665409,1.04980125,1.211192503,1.137403805,1.081192928,1.093569379,1.689035712,1.403908933,1.721733972,0.621643331,0.962148977,1.701545341,1.146470303,1.195304924,1.620767091,1.213914019,1.346573967,2.033801382,1.65012852,1.654860294,0.303570679,0.330858315,0.265377064,0.909780025,1.381604032,1.432832155,2.541581848,2.630716423,1.784570881,0.882991671,0.702142994,0.600970812,1.694241888,1.624453491,1.363360175,2.331961717,2.236930683,2.079231576,1.117546315,0.976492352,0.967773193,1.209018954,1.542511736,1.244594491,1.745581906,1.13508659,1.399555143,1.388253316,1.184541296,0.622706442,0.999408492,1.128704302,1.187861197,1.063706434,0.580436181,0.778727111,1.046423218,1.476401987,1.673622639,1.280511694,3.846111618,3.620049976,3.468488403,3.190341044,0.462842777,0.833747505,0.602617918,0.477371844,1.141823928,1.19306835,1.315022746,0.561408648,0.367600182,0.281377539,0.403633823,0.263989074,0.613461137,0.421696734,1.112518624,0.808314982,0.813234833,0.562379209,0.797278576,0.619366194,0.660952595,0.680781224,0.652398822,0.605296797,0.35041446,0.380657267,0.582873289,0.377512068,0.407559299,1.108055976,1.116456571,1.247467575,0.656872477,0.774206691,1.033356881,0.620333607,0.559868574,0.511496322,1.741917205,1.311058654,1.445718061,0.697473403,0.620502783,0.475200708,0.671204639,1.000647214,0.494381149,0.99976984,0.435697456,0.376731938,0.906545635,0.656347145,0.701932035,0.351672772,0.355056299,0.366554517,0.627062119,0.494200447,0.606476915,1.004576093,1.393378336,1.078805182,0.641765073,0.407740558,0.4563263,0.865132253,0.908185278,0.84496195,1.164473917,1.018479752,0.920563131,0.360419611,0.716786318,0.721981286,1.31115829,1.626367039,1.576246541,0.737288545,0.787346032,0.565062766,1.027268848,1.113098093,0.823538329,0.333830168,0.574141978,0.495278883,1.446898649,1.083019677,1.317975746,1.966392594,1.505316314,0.970832252,1.444386678,1.382022095,1.354190532,0.695057479,0.498934424,0.416252423,1.562086665,1.415931849,1.765017532,1.47274202,1.230267545,1.024319637,1.312379046,1.479659272,1.41687553,0.73506338,0.889215077,0.803429032,0.820901965,0.911206865,1.095275985,1.126304146,0.887931709,1.080357717,1.080357717,2.327783107,1.992352056,1.518529255,0.341542647,0.525465597,0.389685091,0.430807228,0.463016753,0.505427453,0.740378535,0.430498714
{Neu5Ac(a2-3/6)}Neu5Ac(a2-3/6)Gal(b1-4)GlcNAc(b1-2)[Gal(b1-4)GlcNAc(b1-4)]Man(a1-3)[Neu5Ac(a2-3/6)Gal(b1-4)GlcNAc(b1-2)[Gal(b1-4)GlcNAc(b1-6)]Man(a1-6)]Man(b1-4)GlcNAc(b1-4)[Fuc(a1-6)]GlcNAc,0.052559772,0.067202083,0.067861502,1.19160296,0.900768207,0.71621884,0.352638077,0.254146423,0.291626955,0.775295754,0.778939775,0.607734744,1.492561327,1.376670903,1.317644846,0.704329938,0.868862979,1.031695686,0.305671795,0.472771347,0.196583749,0.447845515,0.368225465,0.585992049,0.291063972,0.53082016,0.205045922,1.185062537,1.021001915,1.078624256,0.905368023,0.876283933,0.387049885,0.223647472,0.186258374,0.217794278,0.281927195,0.313298629,0.244346304,0.853236738,0.789295042,0.671882782,1.561267859,1.445314742,1.199407523,0.351075583,0.425665938,0.152333857,0.135245322,0.135245322,0.180239708,0.42924619,0.520000167,0.293555431,0.251257399,0.280435258,0.214427683,0.437654772,0.451278498,0.366147177,0.653465833,0.52431349,0.390314796,0.666500622,0.823588954,0.607136411,1.312475663,1.247084482,1.066130529,0.917287215,1.641015659,1.704462693,1.42441759,1.286170984,1.209409,1.126663845,0.112571167,0.125571231,0.116283581,1.443819575,1.521708565,1.421348786,1.190218828,1.40779815,1.177473586,0.042166494,0.037627169,0.048549239,1.129515365,0.978986952,1.019587711,0.144252055,0.154863975,0.132961276,0.208380712,0.172613428,0.224837861,0.422485296,0.465260681,0.532945563,0.30177959,0.285178368,0.301513478,0.161594891,0.145751759,0.163053706,0.129780766,0.205739865,0.047638477,0.05548356,0.037607933,0.211858181,0.149124606,0.195371624,1.16526631,0.946855733,0.964408667,1.648508191,1.795366835,1.566376779,0.144293205,0.21948,0.244367641,0.894286352,0.950297122,0.608172592,0.498735263,0.413106241,0.33948112,0.728475742,0.693247679,0.58153897,2.154202329,2.039018513,1.921482963,1.822292847,1.660134259,1.647195428,2.015619894,0.129647605,0.113768544,0.141182449,0.597234735,0.744657334,0.744112355,0.179075138,0.12369386,0.144950426,0.947580095,1.135748685,1.035474899,1.013232495,1.094564755,1.885459849,0.121893201,0.132904187,0.104756221,0.070483704,0.070466039,0.072205481,0.064008275,0.058307574,0.090163923,0.072077087,0.063328667,0.624296663,0.638416379,0.719793056,0.106027696,0.075332516,0.068759493,0.08068894,0.075727719,0.155054455,0.113789942,0.569402646,0.411082765,0.419476982,0.211176003,0.265324311,0.226988985,0.261549184,0.260198761,0.247959811,0.142615811,0.083564779,0.080155067,0.064718597,0.065564409,0.086379127,0.199241398,0.198219857,0.218545814,0.067114881,0.06641381,0.078857832,0.070072733,0.06659536,0.065116667,0.352287852,0.260888063,0.289407873,0.073881591,0.083906362,0.083786002,0.080101016,0.430149541,0.400088081,0.428477456,0.339267532,0.304713315,0.480328013,0.352124152,0.393323693,0.108152698,0.116841277,0.116986133,0.096723262,0.084738749,0.105092338,0.059165797,0.072376417,0.065291401,0.222609122,0.140318185,0.163268102,0.127185317,0.138563287,0.126833806,0.513451919,0.416126165,0.388604169,0.173414178,0.359413254,0.341778106,0.128599008,0.144729191,0.138949994,0.108952392,0.111519461,0.088454259,1.033090555,1.113681595,0.820136227,0.087023374,0.137421697,0.124926482,0.039550833,0.027698646,0.030713043,0.062428586,0.051436096,0.044472588,0.037814811,0.043133275,0.041546702,0.379238556,0.288331691,0.23644598,0.09324058,0.088448084,0.088810537,0.229138867,0.18149329,0.152625465,0.664923457,0.741609715,0.706740711,0.38502924,0.467039271,0.426898803,1.248392566,1.429618107,1.71116735,0.172975549,0.145093128,0.15916652,0.15916652,1.099418069,0.920654532,0.694768804,0.070937942,0.105741443,0.084388874,0.096918599,0.054569931,0.057089719,0.071666357,0.053715344
{Fuc(a1-3)}{Neu5Ac(a2-3/6)}Neu5Ac(a2-3/6)Gal(b1-4)GlcNAc(b1-2)[Gal(b1-4)GlcNAc(b1-4)]Man(a1-3)[Neu5Ac(a2-3/6)Gal(b1-4)GlcNAc(b1-2)[Gal(b1-4)GlcNAc(b1-6)]Man(a1-6)]Man(b1-4)GlcNAc(b1-4)[Fuc(a1-6)]GlcNAc,0.046166269,0.06034447,0.062810894,0.277306491,0.219354848,0.166397785,0.111664204,0.08815702,0.10395669,0.238924596,0.245232671,0.18612929,0.745828257,0.687059065,0.642442457,0.187895355,0.232568713,0.287712526,0.082409096,0.137652987,0.091737746,0.123355851,0.099351551,0.161159406,0.095717108,0.166453326,0.089865257,0.304108897,0.261373143,0.281981954,0.430991,0.412704937,0.186076647,0.082491606,0.077416764,0.076149959,0.108735689,0.141274856,0.091555521,0.260246679,0.21999633,0.176444352,0.509887824,0.457980451,0.363095432,0.129510966,0.16661909,0.075949208,0.083544755,0.083544755,0.09754977,0.166816009,0.202074345,0.09683424,0.081861102,0.094128913,0.07333955,0.12692172,0.130535333,0.115264891,0.254504084,0.17860441,0.128869988,0.205238482,0.251539045,0.179855922,0.589154697,0.562314959,0.458899161,0.3980957,0.952440952,1.019609919,0.853393539,0.352768785,0.375455823,0.296550219,0.07461261,0.089371288,0.079312062,0.457894688,0.494723517,0.430086593,0.505791971,0.589429819,0.528619755,0.064252577,0.057932852,0.083810679,0.333606028,0.293550348,0.299862862,0.108814508,0.127398931,0.117888907,0.151911685,0.11178605,0.154732374,0.139916941,0.141214008,0.155399967,0.179306603,0.15940086,0.169276792,0.067233775,0.074527567,0.066425591,0.05120721,0.073033157,0.071214207,0.073001257,0.050173467,0.09431654,0.06336127,0.085186208,0.388623963,0.264415008,0.288070808,2.863945414,3.18996395,2.73972656,0.135765435,0.213372156,0.238059823,0.336341943,0.386987928,0.210751545,0.143768089,0.124085398,0.103276101,0.208724528,0.195661952,0.17404543,0.744247467,0.739185898,0.644789984,0.834471171,0.735208634,0.695895519,0.900667817,0.056743895,0.053817363,0.05416715,0.198022442,0.252786271,0.252187459,0.154073676,0.103872481,0.117875774,0.348990636,0.416739836,0.368058297,0.489602068,0.533258967,0.980014421,0.105915042,0.11420994,0.088533495,0.156738032,0.142696005,0.161175296,0.125467327,0.051916289,0.082486784,0.059226203,0.052630498,0.215830242,0.214870447,0.255441841,0.052109478,0.039186907,0.042237159,0.040744426,0.037228682,0.062829901,0.052794698,0.213264612,0.16260221,0.185859367,0.123623861,0.133624031,0.126546879,0.10534523,0.092748845,0.098372212,0.094132797,0.055017952,0.051135362,0.085893388,0.074933797,0.095361911,0.082272954,0.081941264,0.0829336,0.061427561,0.05920466,0.06938174,0.071037626,0.069970976,0.066903921,0.285205394,0.203575751,0.233243007,0.05968817,0.074194853,0.074062509,0.067300362,0.121863326,0.134283772,0.121958083,0.127883992,0.116137628,0.163727099,0.118004206,0.148936989,0.060961054,0.064049768,0.068272674,0.054166172,0.051867175,0.064856186,0.050866308,0.064125206,0.055383332,0.090777926,0.061378674,0.078069413,0.080203873,0.081724899,0.077230267,0.205503634,0.159172578,0.152175582,0.0710489,0.133482968,0.112937884,0.107290083,0.119081484,0.107481102,0.108461585,0.11757529,0.08516872,0.363657476,0.39479775,0.295785878,0.049991474,0.064258167,0.062264035,0.067744308,0.046231888,0.055018943,0.194178351,0.153115779,0.10310121,0.050862702,0.056059224,0.053781197,0.137522709,0.115756274,0.097463774,0.12162223,0.115634531,0.125498779,0.113762052,0.093122936,0.077749728,0.239909278,0.266970405,0.255656349,0.120394764,0.139696597,0.134904404,0.51392508,0.588332235,0.700997648,0.115697759,0.0939295,0.103533825,0.103533825,0.331100995,0.275428855,0.190719522,0.034871255,0.050572822,0.042558016,0.050830714,0.037998327,0.038044218,0.045346134,0.038849876
Neu5Ac(a2-3/6)Gal(b1-4)GlcNAc(b1-2)[Neu5Ac(a2-3/6)Gal(b1-4)GlcNAc(b1-4)]Man(a1-3)[Neu5Ac(a2-3/6)Gal(b1-4)GlcNAc(b1-2)[Neu5Ac(a2-3/6)Gal(b1-4)GlcNAc(b1-6)]Man(a1-6)]Man(b1-4)GlcNAc(b1-4)GlcNAc,0.82919403,1.125757287,0.851847624,2.395974126,1.751173829,1.374358027,1.544020554,1.120954444,1.351356414,2.20824469,2.073535901,1.701693068,1.478123572,1.304677905,1.22715997,1.180721096,1.552357566,1.773028367,2.003108696,3.08399251,1.005614988,2.002519841,1.701364254,2.686005559,1.533988555,2.936317356,1.043079606,3.314007476,2.827962563,2.968120368,1.176338665,1.135228611,0.39610509,0.690196635,0.636898852,0.718293904,3.246620927,2.655330819,2.423356277,3.723362392,3.09976681,2.455811263,3.486752584,3.105439484,2.160941999,4.283307699,5.32172756,1.172119543,0.78421095,0.78421095,1.143670779,5.38070257,6.772628157,3.01902333,1.405042746,1.959654324,1.505238158,2.1948241,1.921570941,1.810105014,3.759744813,2.689911663,1.787578828,1.398298164,1.69552471,1.134070612,0.821501237,0.800120155,0.624543968,0.544402426,0.700317735,0.664884808,0.561546998,2.505939807,1.721787237,1.898386265,2.325598364,2.722758613,2.183164008,4.692617438,4.627011214,2.897638908,1.81537134,2.082258375,2.004542176,1.318078745,1.050739333,1.857801136,2.125680989,1.752719741,1.879095022,2.014741244,2.256044474,1.709464738,4.608478751,3.352817273,4.520704812,1.499373093,1.614299828,1.654057772,2.966250399,2.821604311,2.727046823,3.103029654,2.52530338,2.930504972,1.169338848,1.745281707,2.311772854,1.663475711,1.527675073,1.850265225,1.433043435,1.585754127,2.805189893,2.310753444,2.4092765,0.392477925,0.466707361,0.377149021,1.461044846,2.332957619,2.40729865,5.325819873,5.498443769,3.517238252,1.261207528,1.096868571,0.841754709,4.214053103,3.851223579,3.183438425,3.064037401,3.616800621,2.869301594,2.370387643,2.124048131,1.870442097,2.268162676,1.895314422,1.363933179,2.102125577,2.385644398,2.860860949,2.634032684,1.519544438,0.668680895,1.066665428,1.646603266,1.442559673,1.369481598,0.989577061,1.50335303,2.189667606,3.023354117,3.451693678,2.490082639,8.08895143,7.887809726,7.475029744,6.867906296,0.760616784,1.451134698,0.890201852,0.767441116,1.690897267,1.756092492,2.065900466,0.702648153,0.438558098,0.314593224,0.476530597,0.27198241,0.735893787,0.454201801,1.798232218,1.255990919,1.210113992,0.845979771,0.93625536,0.721496108,1.049025253,0.8926375,0.920504689,0.866389395,0.385404467,0.333546792,0.81713126,0.494790751,0.579005175,1.620617409,1.663523778,1.622605111,1.213024126,1.45147304,1.85133886,1.078950698,0.933868681,0.847741554,6.382600513,4.990701816,5.533280684,1.137694944,0.95921808,0.782445452,1.114587411,1.899984864,0.591292146,1.935746597,0.56640828,0.448213825,1.130050048,0.790434362,0.928516305,0.53235798,0.497646048,0.554925226,1.064824087,0.849026724,1.045871357,1.322663078,2.035828702,1.598095818,1.327578174,0.71052004,0.84958344,1.197233902,1.215998124,1.074059235,1.583182942,1.102293828,1.048241285,0.497787519,1.062893215,0.986602738,1.958115471,2.719412954,2.607235667,1.229823934,1.218993051,0.877618166,1.554090656,1.679739262,1.207348166,0.504596649,0.822981226,0.71756955,2.366137548,1.934465723,2.320325965,3.944992425,2.80285769,1.613935821,1.566403283,1.509403142,1.579768621,0.79712559,0.72559277,0.533434119,2.892735307,2.666130035,3.149581218,4.214102165,3.42844325,2.989955393,2.068673828,2.144947088,2.143803002,0.77471601,0.911412731,0.787833409,0.657727727,0.777474108,0.884324251,1.961941275,1.38098558,1.924259576,1.924259576,4.345448773,4.035831681,2.85455966,0.287634571,0.656498463,0.444557754,0.549120836,0.52663316,0.558580972,0.854909926,0.463264161
Neu5Ac(a2-3/6)Gal(b1-4)GlcNAc(b1-2)[Neu5Ac(a2-3/6)Gal(b1-4)GlcNAc(b1-4)]Man(a1-3)[Neu5Ac(a2-3/6)Gal(b1-4)GlcNAc(b1-2)[Neu5Ac(a2-3/6)Gal(b1-4)GlcNAc(b1-6)]Man(a1-6)]Man(b1-4)GlcNAc(b1-4)[Fuc(a1-6)]GlcNAc,0.058429698,0.085295316,0.079984031,2.425005657,1.796444762,1.375773282,0.74863904,0.550553033,0.672357055,1.743344656,1.630638343,1.331465743,2.821131742,2.514717196,2.42664186,1.458960101,1.967629765,2.270677284,0.82881258,1.369687895,0.41118007,1.150714824,0.949615062,1.595829312,0.638599344,1.283492723,0.427128301,3.327826841,2.811978694,2.995295239,2.470057417,2.329679426,0.802733111,0.28231674,0.278957341,0.305446445,0.863869477,0.708855237,0.614338883,2.422830087,1.951914994,1.546147926,4.045306117,3.509056217,2.419054359,1.374977174,1.636303845,0.318296665,0.229567821,0.229567821,0.326664918,1.721752339,2.1527099,0.868880258,0.523172763,0.5930946,0.416727886,0.979552514,0.945084807,0.767125093,1.676191234,1.145897471,0.76126354,1.430907217,1.733261067,1.16497852,2.223520533,2.130538064,1.688458092,1.474330005,2.176204675,2.138246566,1.864042467,2.580780593,1.924205037,1.955926464,0.203279526,0.258793303,0.208091276,4.153414943,4.082304983,2.408988718,2.331763756,2.573110186,2.524246208,0.046893308,0.037843244,0.051137947,1.791502453,1.473291531,1.570623296,0.34218366,0.373348281,0.293038085,0.684639506,0.46927788,0.677187262,0.973608583,1.065594838,1.05014622,1.012332576,0.963603981,0.97031744,0.425422174,0.348064122,0.404539901,0.328892887,0.509137857,0.042830043,0.052200349,0.031809486,0.357250788,0.255996548,0.364476795,2.204787326,1.850042411,1.989114263,3.267008239,3.887699143,3.134404786,0.343507078,0.570918133,0.634027059,2.618940447,2.753320393,1.688281932,1.085174566,0.980448854,0.742566783,2.698390336,2.433238912,1.959418012,3.832019464,4.580327052,3.701029746,5.506993685,5.17553967,4.606480973,5.378198327,0.23996079,0.177044057,0.247693641,1.879885572,2.243144266,1.991743268,0.286699259,0.14658981,0.190900687,1.895277215,2.038294198,1.946433707,2.198018539,2.723344041,4.981723309,0.355938718,0.403208668,0.278031457,0.087179998,0.09279079,0.092657265,0.07509688,0.100187834,0.186947112,0.115278868,0.099912623,1.348816049,1.372657846,1.654588371,0.167518828,0.109042297,0.086043518,0.117827512,0.09699585,0.249397792,0.163513935,1.259725722,0.868804371,0.84466643,0.418372191,0.436467753,0.346906605,0.597884987,0.48922678,0.499843757,0.222275015,0.106039236,0.090845308,0.061029347,0.062228201,0.080399099,0.427997343,0.445309744,0.419087096,0.11793177,0.127864287,0.161411327,0.114272424,0.103170915,0.100640918,1.612788838,1.225713845,1.393431299,0.113228336,0.112871792,0.104192885,0.120094142,1.213004311,0.701380923,1.257251123,0.685087598,0.526012138,0.877224918,0.598051146,0.732818705,0.198708437,0.187000802,0.216020867,0.205574618,0.167423567,0.217705559,0.077251389,0.11654479,0.097800051,0.588526477,0.304125169,0.366446364,0.241510062,0.231146688,0.204332955,1.019653798,0.67866103,0.659454912,0.286299634,0.673002405,0.59851033,0.236503483,0.312305726,0.297696045,0.206515144,0.197837093,0.145566399,2.318427681,2.48604899,1.810018873,0.158907395,0.259304202,0.235735049,0.036630592,0.027216355,0.030254207,0.080627809,0.059596295,0.0489547,0.032375164,0.036766262,0.036139213,0.638801262,0.621633953,0.437944336,0.142438815,0.138174585,0.122633998,1.013756005,0.787482417,0.675192436,1.584255744,1.588966148,1.608243161,0.5942188,0.705944306,0.611339221,1.497317154,1.841972895,2.103272491,0.406090122,0.288435188,0.386584766,0.386584766,2.826204181,2.645140383,1.893133969,0.080071771,0.179757345,0.126125662,0.161427584,0.065880406,0.069083122,0.094661202,0.061083139
{Fuc(a1-3)}Neu5Ac(a2-3/6)Gal(b1-4)GlcNAc(b1-2)[Neu5Ac(a2-3/6)Gal(b1-4)GlcNAc(b1-4)]Man(a1-3)[Neu5Ac(a2-3/6)Gal(b1-4)GlcNAc(b1-2)[Neu5Ac(a2-3/6)Gal(b1-4)GlcNAc(b1-6)]Man(a1-6)]Man(b1-4)GlcNAc(b1-4)[Fuc(a1-6)]GlcNAc,0.029684858,0.041155156,0.048790366,0.83369966,0.623698314,0.466405995,0.22936393,0.176781149,0.223431559,0.609268099,0.575835387,0.452027975,2.247363001,2.011022584,1.943919939,0.570049178,0.78716096,0.963880419,0.165186398,0.2990569,0.131904978,0.22818648,0.184790955,0.322176972,0.159166638,0.323723509,0.139648353,1.192400956,0.988901241,1.10456095,1.963286502,1.830222155,0.619047848,0.083323084,0.086130559,0.084943184,0.139401068,0.16304492,0.105882636,0.728496982,0.569920044,0.434190585,1.805764879,1.562512986,1.020626617,0.168753192,0.218276103,0.082599927,0.09010294,0.09010294,0.102599878,0.241293694,0.305666633,0.11259879,0.098793484,0.097592913,0.069858951,0.203920592,0.21024056,0.163700658,0.448696578,0.280720452,0.189694927,0.550473589,0.674746757,0.440245285,1.774548036,1.71394197,1.343444786,1.170038307,2.150024033,2.158799342,1.888992904,0.925677444,0.81331176,0.678196456,0.03978837,0.048856553,0.04335526,1.698236733,1.638614343,0.932479614,1.185408036,1.350223992,1.336233269,0.029259162,0.025949078,0.033486133,0.697463631,0.584437149,0.615186088,0.067552863,0.069151796,0.07655957,0.093581398,0.066112898,0.092352452,0.273969551,0.279308509,0.278843485,0.207940061,0.203861876,0.210022838,0.064278271,0.068553377,0.059066392,0.068813258,0.101761994,0.037182477,0.050062191,0.027710757,0.065761859,0.050621153,0.067704244,0.684239843,0.521717877,0.587841392,8.946211612,11.06426966,8.798907955,0.067116613,0.103837344,0.124285208,0.530165839,0.613750758,0.342901814,0.39336782,0.358918811,0.264828268,0.632541189,0.537889282,0.443230523,1.788214598,2.258708102,1.755214183,4.109557709,3.946242973,3.446268719,4.023026946,0.045511826,0.045328995,0.04156657,0.675889657,0.80535336,0.730172193,0.100471712,0.077969215,0.07016028,1.04363104,1.28079876,1.196123447,1.59008765,1.935830484,3.948641545,0.048236213,0.051152241,0.042101456,0.037906783,0.039034823,0.03620885,0.035237236,0.034220206,0.047423676,0.037506488,0.038648789,0.471941434,0.467972032,0.581273598,0.055499357,0.041020435,0.042140154,0.042507804,0.040050547,0.077736976,0.060765515,0.433637588,0.293933621,0.294628385,0.157906744,0.143660322,0.131989471,0.189017795,0.14734932,0.153428837,0.099639125,0.057488163,0.051139605,0.050182576,0.058350163,0.079745033,0.08272843,0.086930033,0.078435719,0.042629781,0.039210196,0.042456596,0.050347198,0.048834582,0.049095573,0.290780869,0.21926651,0.256816386,0.045091758,0.060770911,0.068287564,0.054589656,0.293930656,0.294675367,0.307973362,0.298459507,0.232968392,0.329158019,0.224868125,0.298698278,0.080254213,0.0813166,0.092078719,0.054767234,0.052451221,0.067742239,0.033565747,0.035382916,0.037703084,0.175917045,0.098723335,0.122985063,0.069171562,0.071842195,0.067656042,0.350436683,0.219427915,0.229583455,0.10038332,0.214259503,0.187029483,0.049311532,0.052431475,0.052391473,0.060861178,0.054737891,0.054925481,0.990336899,1.083826821,0.782198169,0.06208874,0.07995737,0.08131015,0.02690916,0.021200304,0.022512794,0.042198846,0.036582912,0.037754838,0.024490829,0.03084067,0.02956239,0.250515915,0.255654318,0.181593482,0.043163693,0.041553249,0.041507392,0.115309047,0.091058331,0.081873741,0.527398999,0.521212289,0.530842714,0.241327844,0.282792906,0.247160743,1.201283648,1.493660343,1.688969713,0.078808352,0.067407104,0.071831737,0.071831737,0.805929207,0.743839851,0.519384397,0.036269064,0.060487116,0.047666934,0.064380429,0.032328468,0.032947743,0.037687624,0.033686696
{Fuc(a1-3)}{Fuc(a1-3)}Neu5Ac(a2-3/6)Gal(b1-4)GlcNAc(b1-2)[Neu5Ac(a2-3/6)Gal(b1-4)GlcNAc(b1-4)]Man(a1-3)[Neu5Ac(a2-3/6)Gal(b1-4)GlcNAc(b1-2)[Neu5Ac(a2-3/6)Gal(b1-4)GlcNAc(b1-6)]Man(a1-6)]Man(b1-4)GlcNAc(b1-4)[Fuc(a1-6)]GlcNAc,0.025169663,0.033807939,0.043284025,0.164732582,0.129804101,0.100356243,0.062957988,0.053692081,0.070161099,0.131572535,0.125383137,0.105343215,0.960332316,0.873224271,0.803019752,0.13351991,0.185209035,0.220914304,0.039006374,0.057527897,0.072521662,0.043584026,0.036425626,0.057834085,0.043216403,0.068842839,0.06612907,0.260731212,0.212967158,0.242661027,0.792075356,0.736037303,0.25628295,0.038505934,0.037699365,0.031952438,0.050291222,0.090886121,0.043577988,0.149959004,0.116415717,0.093307943,0.383444249,0.344221056,0.211632056,0.04161619,0.050154039,0.044701619,0.059788577,0.059788577,0.063109595,0.033811936,0.045934437,0.022464411,0.02891265,0.028764192,0.024463634,0.046539486,0.051943554,0.04145332,0.095759246,0.058928172,0.049039423,0.135600238,0.160919404,0.108725008,0.4614927,0.465897381,0.350781523,0.306759148,0.739525975,0.735677008,0.642566699,0.196635189,0.196828953,0.141910449,0.024415051,0.028055911,0.027894769,0.366216441,0.357040699,0.203322208,0.338096188,0.369679074,0.42342562,0.025101828,0.022252722,0.027542568,0.171398112,0.156108529,0.158496547,0.03005699,0.031582577,0.040988237,0.028345148,0.023887265,0.030294661,0.065787341,0.052772651,0.056957251,0.058105558,0.059044229,0.059131719,0.027878597,0.037916691,0.026881177,0.026639337,0.032420203,0.033510416,0.04792946,0.026327226,0.026002055,0.024272872,0.026381153,0.125856699,0.091511515,0.123203831,4.874337768,6.223890228,4.786700655,0.030705877,0.040993877,0.056463375,0.087056605,0.099809026,0.063849895,0.09790156,0.092568868,0.075908205,0.106634389,0.089283386,0.079376896,0.428924594,0.572310584,0.429948225,1.386930633,1.337134722,1.119107155,1.34326571,0.025778397,0.027491217,0.020624053,0.161690459,0.184333222,0.175832704,0.063796203,0.061433784,0.04838907,0.34393592,0.412303293,0.391135219,0.517303373,0.625165932,1.385946418,0.017929388,0.018063483,0.017596738,0.035331098,0.035235596,0.03377091,0.032677664,0.023513569,0.029167083,0.02598338,0.029853338,0.101138296,0.096279962,0.125532689,0.032352138,0.026368695,0.031481006,0.026630865,0.026104829,0.038550138,0.035716673,0.11976048,0.096565176,0.096914504,0.06923264,0.059880244,0.070032238,0.057812479,0.043651726,0.045522423,0.070659914,0.04360647,0.040474824,0.045281861,0.053071891,0.071879258,0.028814748,0.029436515,0.026747318,0.033548779,0.028164338,0.029391221,0.039859779,0.039939078,0.041302014,0.056778165,0.052461475,0.0563761,0.036130017,0.050763483,0.059684815,0.043519743,0.068778386,0.092125357,0.073734118,0.102941167,0.088980909,0.094145006,0.070163096,0.100866109,0.043512845,0.047440636,0.051047385,0.030789634,0.033043097,0.040633342,0.026922859,0.02667806,0.030477608,0.070822048,0.048298501,0.063839234,0.042249643,0.048877932,0.047683929,0.124267046,0.084852919,0.094152724,0.046240908,0.057239667,0.051198645,0.029036606,0.025788234,0.027855515,0.041061556,0.034966526,0.04044765,0.2192706,0.240867622,0.182015181,0.034133219,0.035167753,0.038742929,0.024563788,0.019126544,0.019831832,0.036632273,0.03299526,0.03407994,0.022949883,0.026527222,0.028520868,0.077896864,0.083821546,0.067724683,0.034301218,0.033517065,0.032719121,0.031162146,0.028628451,0.028786163,0.118926206,0.116403411,0.122506319,0.07064398,0.079610064,0.076759611,0.428561198,0.537421009,0.600937941,0.03279308,0.036644088,0.03019128,0.03019128,0.128727923,0.124102501,0.08605031,0.02443173,0.03288326,0.028999768,0.039063631,0.026370253,0.026471883,0.028048096,0.028259358
