ID,control_1,control_2,control_3,control_4,NGLY1CDDG_1,NGLY1CDDG_2,NGLY1CDDG_3,NGLY1CDDG_4
Q14314_336_H5N4F1A1,7,19.9,10.4,18.4,21.6,170.8,300.5,50.4
P04222_110_H5N4F1A2,26.7,62.2,52.1,47.4,840.9,47.4,289.8,28.8
P16112_387_H9N2,6.3,7.9,14.8,23.7,25,46.9,130.4,110.8
P08473_285_H5N4A1,64.3,123.5,78.7,113.9,151,420.4,652.1,220.7
P16112_333_H4N3F1,10.3,12.1,27.9,25.3,17.8,34.7,108,115.3
P16112_387_H8N2,6,7.8,11.1,17.3,8.8,20.1,66.9,57.7
Q14314_179_H5N4F1,53.3,66.5,58.5,74.1,77,319.7,384.6,119.1
P08473_285_H4N3,24.9,27.1,29.9,35.3,47.8,112.9,172.3,72.3
Q96F46_67_H9N2,9.7,11.5,19,7.1,27,50.2,48.5,32.3
P16112_658_H8N2,50,60.2,60.2,63.6,79,116.2,276,288.8
Q96F46_265_H8N2,9.6,12.3,33.9,14.1,39,82.9,59.8,45.1
Q14314_263_H7N2,13.8,13.3,16.5,18.2,22.3,61.5,90.6,17.9
Q14314_179_H6N5F1,16.5,26.5,16.4,18.1,25.9,78.8,101.5,33.5
Q14314_336_H4N3F1,12.6,15.5,17.3,12.7,19.9,52.8,82.7,22.9
Q5T1H1_2824_H9N2,15.5,31,23.8,43.7,79.9,100.3,89.9,62
Q96F46_67_H8N2,18.3,23.1,60,23.7,63.3,113.8,115.7,70.8
P08473_285_H5N4F1A1,33.7,74.6,30.4,52.8,121.1,156.6,186.3,84.4
P08473_145_H5N4,95.5,333.2,149.4,235.4,314,840.6,794.6,356.9
P08473_285_H4N3F1,37,52.2,33.4,64.1,112.1,142.8,161.5,97.9
P04222_110_H6N5F1A2,11.4,28,19.6,18.2,123.4,18.6,46,22.2
P16112_333_H5N4F1A1,9.8,13.7,27.8,26.5,11.3,26.8,77,94.2
P16112_333_H6N5F1A2,8.7,13.6,18.7,13.3,13.3,17,56.6,56.1
Q96F46_67_H6N2,54.6,75.9,154.9,60.1,165.6,266.7,259.9,190.4
Q16363_742_H9N2,186.9,130,273.3,239.5,425.7,519.5,486.6,683.1
P08473_145_H4N3,50.9,148.3,75.8,98.2,130.6,347.7,309.6,159
P22105_3920_H5N4F1,17.3,17.3,19.8,27.3,29,105.4,43.9,28.2
Q96F46_67_H7N2,7.7,9.6,28.4,11.7,23.7,52.3,38.7,28.4
Q8IYK4_382_H8N2,31.9,31.3,41.9,42.3,44.8,47.6,81.9,189.2
P08473_145_H8N2,10.6,22,18.9,17.3,25.6,53.9,55.5,29.9
P13612_138_H4N4F1,11.5,10.9,18.8,12.6,17.8,35.2,32.7,42.8
P16112_333_H6N5F1A3,13.2,24.3,30.1,27.1,19.7,30,79.2,96.6
Q29983_125_H5N4F1A1,7.9,19.5,3.1,8.4,17.4,29.9,9.1,35.8
P16112_387_H5N4F1A2,11.2,19.2,63.5,33.3,21.3,25.8,89.4,164.9
P13612_79_H6N3A1,10.8,15.3,18.2,13.6,15.4,28,40.5,52.7
Q96F46_265_H9N2,21,28,43.5,24.1,57.6,86.4,68.7,58.3
P21589_333_H3N3F1,93.4,151.2,106.6,139,203,244,328.5,352.2
P13612_138_H5N4F1,11.2,12.8,17.7,9.3,13.4,31.8,31.1,40.4
P16112_333_H6N5F1A1,16,20,44,37.4,23.4,33.7,100,109.7
P08473_145_H5N4A1,33.1,93,42.7,49.4,70.4,160.1,171.3,93.7
P21453_30_H6N5F1A1,11,21.6,15.1,22.2,27.6,44.5,39.9,46.6
P13612_138_H4N3F1,20.1,19.7,33.7,20.6,31.5,49.4,58.9,72.6
P21589_333_H5N4F1A1,626.2,961.8,728.9,936.5,1295.4,1594.6,1901.9,2295
P21589_311_H6N3,120.9,130.5,57.7,99.6,191.4,170.4,215.1,345.2
P21589_333_H5N4,47.5,94,45.9,49.4,47,127.2,190,167.5
P16112_333_H3N3F1,11,18.4,25.7,21.8,15.8,25.9,63.2,66
O15031_733_H5N4F1A2,112.4,160.1,162.8,158.3,407.7,361.6,333.9,201.9
Q9BXX0_587_H5N4F1A1,2.3,10.7,10.8,20.6,31.5,32,21.5,12.3
P26022_220_H9N2,36.1,117.7,55.7,198,307.2,391.1,121.2,70.1
P16112_658_H5N4F1,44,37.9,49.6,60,38.6,68.7,213.8,95.8
P13612_79_H5N3F1A1,18.7,23.1,23.3,18.6,26.8,41.4,45.7,67.1
P16112_658_H9N2,103.5,110.9,109.7,124.9,143.5,167.4,316.9,340.9
P08473_145_H9N2,20.1,48.9,19.2,30.9,40.3,84.2,85.4,46.8
Q8IYK4_382_H6N2,125.3,114.4,124.1,160.3,158.8,183.6,266,518.6
Q29983_220_H6N5F1A2,7.7,34,13.8,14.8,29.6,45,19.4,56.4
P21589_403_H4N3F1,40.6,70,48.8,67.5,74.9,115.4,134.1,159.4
Q86XX4_2664_H8N2,34,48.7,42.5,44.6,74.2,61,90.9,135.9
O75094_72_H5N4F1A1,11.9,19.6,19.8,37.5,26.2,67.1,43.7,50.5
Q14314_179_H7N6F1,67.4,103.4,86.4,88.6,106.3,168,331.3,123.1
P16112_333_H4N3F1A1,16.4,19.9,24.9,27,18.6,27.8,62,77.3
P21589_333_H3N2F1,64.9,121.8,81.7,99.3,140.7,166.9,214.2,238.8
P23142_98_H9N2,49.6,43.8,41.8,63.8,48.1,171.9,128.3,62.6
P21589_333_H6N3,40.9,74.1,40.5,43,35.1,83,139,148.4
P08473_145_H6N5A1,28.2,59.7,48.5,53.2,54,128.9,110.6,93
P16112_333_H5N4F1A2,28,42.4,62,43.2,42.4,47.4,101.6,166.2
P21589_333_H6N5F1A1,44.5,46.5,42.2,51.2,58,101.1,92.4,121.7
P21589_311_H6N2,102.9,155.5,99.7,131.2,181.1,232.7,297.8,278.5
P07711_221_H5N2,581,582,496.6,522.9,1124,982.5,1158.3,740.6
P21589_311_H5N4,43.9,65.4,39.2,46.5,84.3,95.2,65,145.4
Q6UY14_1001_H5N4F1,8,21.7,58.1,29.7,48.7,65.7,76,44.4
P21589_333_H5N4F1,330.4,616.6,358,457,582.1,865.5,922.3,1096.1
Q16363_742_H7N2,41.3,37.6,50.2,46.3,79.5,88.7,77.3,103.1
P42892_166_H6N5F1,2.9,3.1,7.9,5,6.3,9.2,10.5,11.3
Q5T1H1_2824_H7N6F1,8.1,18.1,13.9,33.3,24.5,48.2,45.3,26.1
P16112_333_H6N5F1,6.5,7.3,14.4,13,7.3,14.5,36.2,22.8
P06756_615_H10N2,56.6,58.4,58.2,83.6,57.3,107.4,110.7,226.2
P21589_333_H4N3F1A1,127.1,161.1,141.1,162,226.4,236.8,310,375.7
Q9HCL0_583_H5N4F1A2,40.2,39,47.4,60.1,78.2,67,84,129.9
O75094_192_H6N2,45.1,72.6,55.3,81.6,71.6,181.5,126,109.9
P15144_818_H5N4F1A1,46.2,64.6,40.3,43.9,130.1,81.3,63.9,98.3
O75094_72_H4N3F1,21.3,32.3,35.9,53.4,35.8,96.4,65.3,75.6
P13612_138_H4N3F1A1,9.3,11.3,14,10.3,14.5,18.2,21.5,31.5
Q9BXX0_587_H5N4A1,2.9,16.1,16.5,19.7,21.7,39,26,18.2
Q9P232_956_H5N4F1,32.8,46.5,30.3,32,93.8,58.7,44.3,72.2
P21589_333_H4N4F1,61.2,85.2,71.3,83.5,113.8,126.5,156.1,173.8
P08473_145_H4N4,23,51.5,30.6,38.6,42.3,95.4,78.3,55.7
Q96J42_293_H9N2,211.5,247.1,203.2,195.3,250.8,211.5,872.9,279.6
Q15063_599_H9N2,54.6,122.5,51.2,56,283.3,141,62.8,47.5
P21589_311_H4N3,25.6,44.8,24.5,30.1,44.1,59.7,42.2,88.8
Q15063_599_H8N2,41,167.3,57.5,57.4,335.1,156.7,72.8,41
P16112_333_H5N4F1,22.2,43.7,44.1,45.6,34.5,55.1,108.3,93
P21589_333_H6N5F1A2,201.4,188.4,271.7,261.5,344.2,322,450.9,607.5
P07711_221_H6N2,41.9,36.8,35.1,34.9,58.3,57.9,108.2,52.5
P16112_658_H5N4F1A1,70,56.9,111.9,101.3,80.3,89,190.8,270.4
P16188_110_H5N4F1A2,26.9,36.6,109.9,36.1,102.9,84.8,39.9,159.9
Q13822_411_H10N2,28.6,47.2,19.9,35.8,68.5,58.7,53.2,62.2
P21589_333_H5N4A1,40.2,66,42,39.7,43.6,77.9,112.8,108
Q4LDE5_1978_H9N2,18.9,27.1,25.9,36.5,37,75.9,29.7,54.6
Q9BRK3_306_H5N4F1,20.7,38.6,23.5,33.3,43.7,58.2,51.3,56.3
Q6YHK3_68_H5N4F1A2,100.7,88.1,98.7,89.4,158.2,127.3,149.5,243.7
Q13740_480_H5N4F1,84.8,96.8,128.7,165.9,153,225.5,199.4,276.3
P21589_311_H5N4A1,17.6,33.5,22.7,24.3,40.5,39.5,32.3,62.3
P21589_311_H5N3,85,131.2,78.9,95.3,144.1,152.2,148.4,249.7
Q13740_361_H5N4F1A2,154.1,161.5,166,186.2,179.8,294.1,337.2,373.6
P21589_333_H6N3A1,38.8,55.2,42,44.9,36.6,57.3,115.3,111.5
P21589_333_H6N5F1,193,303.3,203.5,263.6,297.3,397.7,462.5,434.4
P26022_220_H5N4F1A2,9.8,25,17.2,38.3,49.3,52.7,33.6,22.6
P16112_658_H4N3F1,36.6,32.7,71.8,68.4,46.5,52.9,119.4,147.6
O95980_352_H5N4F1A1,76.6,95.4,101.9,124,94.8,196.4,175.3,228.4
P56199_840_H6N2,242.9,313.4,294.8,299.2,436.9,305.5,581.6,678.7
O43155_202_H5N4F1A2,44.6,35.5,57.5,55.8,59.2,67.3,89.4,120.7
O75094_192_H7N2,91.5,137.6,102.8,194.2,120.2,352.5,212.7,230
P21589_333_H4N3F1,357.9,579.4,448.9,521.9,543.6,764.5,784.5,1116.8
Q7LGC8_464_H5N4F1A2,37.6,43.3,38.2,48.7,53.6,64.6,75.5,93.5
Q6YHK3_68_H6N5F1A3,54.7,52,60.8,55.2,81.7,69.3,104.5,125.4
Q9BXX0_587_H5N4F1,9.8,39.1,29.5,45.3,61.4,66.5,47.2,35.8
Q15063_599_H4N5F1,18.8,95.3,28.1,32.8,175,57.5,37.8,28
Q5T1H1_2824_H6N5F1,18.2,33.9,24.9,36.5,42,72.9,40.5,37.5
P15144_818_H4N3,28.8,40.1,36,28.1,49.6,50.4,66.4,59.3
O14522_1416_H5N4F1,48.9,109.9,98.9,99.2,159.3,137,120.6,187.5
P13473_101_H6N5A2,80.7,148.7,117.8,134.2,218.8,210.2,188,198.1
P11279_103_H4N3A1,45.7,58.2,42.4,51.5,95.5,93.1,55.9,89.2
P21453_30_H5N4F1A2,18.1,34.8,20.8,30.2,35,49,44.9,45.7
P56199_1113_H9N2,100.4,127.5,130.9,148.3,168.6,107.3,203.2,271.2
Q6V0I7_615_H9N2,67,53.7,43.8,55.8,58.1,55.8,63.1,191.8
Q8ND94_132_H5N4F1,18.5,30.2,37.4,26.4,49,52.4,39.6,46.7
Q13449_40_H5N4F1A1,16.6,24.9,22.2,47,24.3,56.6,56.9,46.4
O00592_360_H5N4F1A2,33.2,20.6,29.1,38.3,38.5,49.9,60.7,52.5
Q8WUJ3_165_H5N4A1,45.4,59.2,49.4,87.3,87.8,127,86.3,99.8
Q6YHK3_68_H5N4F1A1,47.3,59.2,48.7,55.5,79.8,83.6,68.4,117.7
O15031_733_H5N4F1A1,70.9,110.3,85.5,92,168.6,167,133.7,125.1
O75094_192_H9N2,86.2,128.3,114.8,139.5,125.4,259.6,180.6,210.3
Q9BRK3_306_H5N4F1A1,31,35.2,40.4,41.3,49.7,66.4,56.4,71.9
P21589_333_H8N7F1,67.2,53.2,68.8,57.3,54.2,115,112.4,125.3
Q6UVY6_517_H5N4F1A1,76.3,139.7,121,184.8,386.1,99.8,184.7,153.4
Q07954_2127_H10N2,65.5,79.8,75.1,82.6,87.1,91.6,228.2,91.2
P17948_164_H5N4F1A1,18.1,24,21.1,17.9,33.7,32,40.6,27
Q6UY14_490_H5N4F1,24.9,64.3,132.4,76.2,107.3,137,157.1,87.7
Q5KU26_386_H6N5F1A1,26.5,28.6,26,33.6,48,62.8,40.2,37
O75629_160_H7N2,109.6,145.6,128,154.4,302,179.8,218.5,180.8
Q9P232_765_H5N4F1A1,32.1,58.3,25.4,36.8,72.5,59.3,55.1,62.7
Q13740_91_H5N4F1A2,101.1,63.6,128.5,134.6,103.3,153.6,169.4,273.3
Q13510_259_H6N2,265.3,199.6,214.2,188.2,332.4,279.2,425.1,381.4
Q9BRK3_306_H4N3F1A1,32.8,28.9,36.3,39.8,38.8,56,51.7,78.6
Q99715_2679_H7N2,69.4,138.3,114.5,108,211.1,200.4,216.6,73.3
O75094_192_H8N2,28.7,44.5,45.5,70.9,37.9,113.4,70.3,87.5
Q9BXX0_587_H4N4F1,3.5,10.4,8.4,14.8,14.1,23.4,13.2,9.6
Q13740_167_H5N4F1A1,179.8,192,240,289.6,220.5,404.3,382.4,457.4
O00592_360_H5N4F1,110.8,90.2,108.6,132.3,148.2,196.8,197.2,175.3
P21589_333_H7N6F1,92.3,92.6,84.8,90.4,86.8,153.9,167.5,175.7
Q9P232_489_H5N4F1A1,55.9,91,55.3,64.9,125.7,107.8,85,113.7
Q13740_480_H5N4,51.5,42.3,55.7,57.4,42.2,88.4,95.5,108.5
P23142_98_H8N2,142.5,131.1,138.8,174.2,132.3,341.6,292.5,181.8
Q92629_108_H5N4,59.9,48.7,59,60.6,94.3,89,73.1,111.9
Q9BXX0_587_H5N4,3.9,13.4,10.7,20.7,16.2,29.8,18.5,13.9
Q9Y639_229_H5N4,153.8,289,167.5,180.4,399.9,249.7,298.3,324.8
Q15063_599_H4N4F1,18,53.4,18.1,20.3,79.1,46.1,25.1,26.3
P16070_57_H5N4A2,505.3,354.1,466.3,390.4,372.6,642.2,812.1,932.8
Q13740_361_H5N4F1A1,366.9,338.2,403.2,468.2,439.4,694.1,678.4,713.6
Q08722_111_H5N4F1,47.6,70.8,66.9,72.5,106.6,98.4,86.4,121.5
Q13822_411_H9N2,23.8,37.4,24.2,31.4,57.7,52.4,31.3,45.4
Q9Y639_229_H10N9,77.7,87.1,56.7,84.4,90,130.5,151.7,115.6
Q13740_361_H4N3F1,66.7,66.1,64.8,82.6,76,122.3,133.9,114
Q6V0I7_615_H5N2,50.7,46.3,46.4,48.3,50.9,56,61.3,136.5
Q5T1H1_2824_H5N4F1,36.8,73.1,51.4,90.9,107.2,136.4,89,67.9
P08473_145_H10N2,9.8,26.2,11.1,17,18.4,32.7,35.3,15.2
P06756_74_H5N4F1A2,66.3,85.5,86.6,104.3,110,136.9,117.2,179
P15144_681_H3N3,32.4,43.2,56.2,40.3,78.9,58.9,54.1,80.2
Q13740_361_H6N5F1A1,36,33.4,33.3,44.4,41.9,58.9,71.1,59.9
P07093_118_H5N4F1A1,84.1,103.3,95.8,110.5,115.4,157.8,138.3,119.8
P15144_265_H8N7A1,29.3,40.6,56.6,39.9,60.3,70.8,58.6,72.2
P08473_145_H6N5A2,18.6,29.9,30.1,36.5,30.8,53.4,46.2,50.7
P11047_1241_H9N2,62.2,109.3,68.8,86.6,166.5,134.3,110.5,102.5
Q6V0I7_1828_H6N2,119.2,131.3,107.8,111.3,159.6,145.8,192.4,238.7
P11047_1395_H9N2,35.6,66.7,40.4,63.7,103.4,85,69.1,66
Q6YHK3_118_H6N5A1,20.3,27.4,25.1,20.1,25.2,34.9,29.7,55.6
P16070_57_H6N5F1A3,107.1,190.9,143.6,137.1,214.7,192.3,226.8,271.8
Q6QNK2_319_H5N4F1A1,15.1,25.2,24.6,35.2,31.6,52.5,30.8,41.7
Q13740_499_H5N4F1,19,27.2,23.3,34,30.9,50.3,36.7,44
Q6EMK4_117_H6N5F1,13.1,17.2,11.3,17.1,24,26.7,22.1,18.6
P17948_323_H5N4A1,93.9,120.2,111.6,72.6,164.3,162.8,216.3,76.4
Q16363_787_H8N2,21.7,24.2,28.5,28.9,38.6,38.9,36.7,46.3
Q6V0I7_2921_H5N4F1A1,166.6,171.7,152.3,149.9,211.6,200.1,205.6,377.7
P16070_57_H4N3F1A1,228.8,278.5,250.6,271.8,412.8,361,341.9,483.8
Q13740_361_H6N5F1A2,145.8,122.3,186.8,196.4,180.1,213.7,254,363.9
Q9Y639_229_H6N5F3A1,28.4,40.1,28.3,31.6,42.6,44.5,48.9,63.4
O75094_622_H9N2,23.3,36,27.2,57.9,29.5,85.4,27.3,81.9
P21589_333_H7N6F1A3,40.8,24.8,77.1,54.9,67.1,55.6,77.3,106
Q6EMK4_117_H5N4F1,57.4,71.3,60.7,85.1,99,140.2,100.9,84.7
P21810_311_H5N4F1A2,15.6,26,19.4,22.9,25.5,31.7,33.5,39.1
P16070_57_H5N4F1A1G1,88.2,86.8,98.5,103.2,136.6,119.8,125.4,200.5
O94856_973_H5N4F1A2,28.2,37.6,34.9,39.4,58.6,41.2,47.5,69
P04156_197_H5N4F1A1,24.1,29.9,32.3,27.2,52.2,35.9,35.6,51.5
P15144_234_H6N4,21.8,25.8,30.5,24.1,30.8,41.5,38.5,46.9
P15144_681_H4N3A1,71.9,91.8,134.7,104.9,157.2,130.4,120.2,213.7
P42892_166_H5N4F1,80.3,140.5,110.1,142.6,173.3,217.6,163.9,174.8
Q9Y639_229_H7N6F3A2,75.4,124.3,88.4,108.7,149.6,127.6,170.8,163.3
Q9Y639_229_H8N7F3A2,32,35.7,22.2,29.9,35.3,42,57.1,50.1
Q9Y639_229_H8N7F5A2,37.6,46.9,42.7,46.2,58.5,51.9,75.7,80.5
Q9P232_956_H5N4F1A1,33.8,50.2,32.4,32.3,68.5,51.3,44,64.8
Q9H6X2_184_H5N4F1A2,43.5,43,44.8,45.4,70.2,54.8,59.6,87
Q10588_95_H5N4F1A1,211.7,327,131,294.9,627.4,357.6,266.2,231.4
P54753_445_H5N4F1,32.3,66,37.8,53.6,68.2,86.7,65.3,71.2
P15144_234_H6N3,52.3,86.3,90.6,67.8,99,94.1,125.6,137.2
Q99715_2679_H8N2,354.4,609.8,513.1,476.3,829.3,781.3,748.9,314.8
Q6V0I7_1225_H5N4F1A1,37.9,32.4,46.5,36.1,44.5,45.2,52.1,92.6
Q68DK2_1000_H10N2,75.2,12.8,17.1,66.6,67.7,92,13.8,89.4
P16070_57_H4N3A1,194.4,121.2,203.6,179.2,166.5,231,265.6,405.9
O43852_131_H5N4F1,62,66,60.3,53.5,80.1,87.1,122.8,80.1
Q16363_215_H8N2,41.1,39.4,49.6,42.1,52.1,76.5,78.8,55.9
P15144_265_H8N7F2A2,14.8,18.1,36.4,19.4,29.4,28.9,31.8,45.4
Q16585_258_H5N4A1,20.8,28.2,23.4,22.7,28.5,30.7,43.3,42.6
Q9P232_765_H5N4F1A2,21.5,36.3,24.1,24.3,41,40.4,32.5,48.1
Q969P0_463_H5N4F1,34.8,49.8,37.2,40.8,73.8,52.8,50.1,71.2
Q6V0I7_615_H3N2,48,45.9,49.2,46.4,51.7,60.2,62.5,114
P16112_658_H5N4F1A2,19.3,17.6,35.2,25.9,19.2,20.6,38.3,71
P15144_265_H8N7A3,94.8,98.1,219.7,120.6,158.1,186.2,182.2,284.2
P06756_74_H4N3F1A1,44.3,78,60.2,66.8,73,96.9,72.2,136.8
P00533_352_H5N2,69.7,112.4,59.7,71,130.1,100.9,95.4,148.6
P15144_265_H6N5F3A2,50.6,66.8,99.3,61.7,84.3,120.4,99.1,118.5
Q9P232_895_H5N4F1A1,35.6,57.9,40,38.9,78.2,68.5,48.9,65.9
Q6YHK3_337_H9N2,512.9,673.7,428.8,466.9,753.1,735,698.9,970.5
P15144_681_H5N4A1,178.9,234.5,251.7,177.9,309.6,297.9,272.5,397.5
P17936_116_H3N2,62.2,31.5,42.8,44,100.1,48.2,50.9,74.3
Q13740_480_H5N4A1,91.7,66.9,106,106.1,72.3,145.8,164.5,178.7
Q6YHK3_68_H5N4F1,49,63.2,52.6,56,68.4,88.3,81.5,95.9
Q6EMK4_117_H6N5F3A1,13.6,17.1,19,18.2,24.7,27.4,23.4,27.2
P42892_166_H4N3F1,35.2,50.5,36.8,49.4,60.1,80.5,57.2,62.2
Q9Y6C2_766_H8N7A1,21.7,42.1,52.8,47.9,50.9,57.2,51.4,89.3
Q9Y6C2_766_H6N5F1A3,21.7,42.1,52.8,47.9,50.9,57.2,51.4,89.3
Q6YHK3_419_H5N4F4A2,34.3,33.4,31.2,27.7,57.4,37.9,31.4,64.2
Q9BRK3_306_H9N2,43.4,47.6,35.3,38.3,56,53.6,65.9,72.5
Q9Y639_229_H9N8A1,17.5,19.6,18.4,22.3,31.6,24.1,31.5,29.9
Q13740_167_H5N4F1A2,240.5,242.4,362.2,372.9,315.5,415.6,412.8,616.7
P11279_103_H5N4A1,34.6,53.4,37.6,37.7,71.6,71.6,37.9,64.5
P15144_265_H6N5A2,109.7,215,227.5,152.9,327.8,225,222,284.3
Q9H6B4_74_H6N5F1A1,72.6,103.4,76.2,102.1,152.8,126.9,119,133
P16278_464_H7N2,156.1,170.8,180.3,164.3,333.6,232.2,269.9,171.8
O95297_50_H6N5F1A2,50.6,78.9,60,61.4,116,81.1,79,100.2
Q92629_108_H5N4A1,41.8,34.3,40.4,39.6,48.5,56.9,54.4,74.3
Q6YHK3_118_H5N4,76.1,74.4,68.5,59,97.8,102.3,89.5,126.8
Q5ZPR3_104_H5N4A2,42.4,48.2,44.6,65.3,65.3,71.8,65.1,97.9
Q07954_1511_H5N4F1A1,86.6,100.2,112.8,109.4,182.9,142.2,98.8,187.7
P13473_101_H5N4A1,104.6,94.9,102.8,134,194.9,176.4,123.3,157.8
P15144_681_H5N4,24.1,40.5,44.9,42.3,59.7,50.6,50.7,65.9
Q6UVY6_517_H4N3F1,42.7,93.6,71,99.8,215.3,57.2,106.7,79.8
Q9P232_913_H6N5F1A2,63.6,64.3,61.4,71.4,100.5,71.5,89.8,127.8
Q8WUJ3_889_H10N2,45.6,62.1,41.1,57.6,71,103.3,71.2,62.5
P55290_530_H5N4F1A2,93.3,77,71.7,79.1,115.3,113.8,162.8,87.2
Q13332_940_H5N4F1A2,28.3,34.1,38.4,35.5,50.8,53.4,42,56.8
Q13740_361_H3N3F1A1,127,125.7,144.6,162.3,146.7,198.7,215.9,271.4
P26022_220_H10N2,9.5,26.8,15.3,35.4,38.2,51.3,23.3,16.6
P56199_1113_H8N2,352.5,471.2,636.2,654.9,646.7,486.7,826.3,963
P15144_681_H6N5A3,18.1,25.1,39.7,29.5,44.4,28.6,37.5,56.6
Q10588_95_H6N5F1A1,40.1,56.8,35.2,58.1,117,59.1,55.3,51.3
O15031_1099_H5N4F1,232.4,344.1,255.9,278,457.6,380.6,357.9,300.2
P16070_57_H5N4F1A2,823,963.7,818.1,932,1377.3,1213,1071.9,1584.1
Q6V0I7_615_H7N2,43.5,46.2,31.8,42.7,37.2,37.9,44.2,124.2
P55290_638_H5N4A1,87.7,87.5,82.2,78.6,123.5,136.1,154.2,84.1
P26022_220_H8N2,72.2,156.7,104.6,221.8,280.5,319.5,153.1,69.7
P13473_101_H6N5A3,57.5,76.4,90.9,91.2,124,99.5,106.1,138.2
Q99715_2679_H4N2,190.5,281.3,273.1,289.3,487.3,421.6,424.7,196.2
Q9Y639_229_H9N8,85.1,137.6,72.1,102.6,138.9,154.7,157.9,135.9
O95297_50_H6N5F1,21.3,38.7,28.3,39.7,52.9,35.4,40.7,60.1
Q9UKX5_291_H4N4F1,19,34.2,25.2,37.4,54.8,36.7,29.1,50.2
Q6V0I7_1828_H7N2,130,140,139.8,149.6,167,176.9,180.8,300.3
P01861_177_H2N2F1,21.4,5.4,24.9,25.5,22.4,14.4,20.1,56.9
P07093_159_H5N4F1A2,45.7,33,65.9,63.2,55.8,79.9,76.5,94.1
O95297_50_H6N5,26.3,29.3,33.9,32.1,33.3,41.5,49.2,54.9
Q9UKX5_291_H3N3F1,26.1,42.9,33.3,43.6,64.5,46.4,36.6,67.1
P07339_263_H6N2F1,163.5,148.6,149.5,157.4,337.4,229.3,201.2,142.3
P21589_333_H5N4F1A2,46.8,53.3,59.1,63.3,75.7,62.2,70,118.7
Q6ZMP0_441_H8N2,46.4,71.4,42.3,84.6,185.1,76.7,63.7,33.6
P06756_74_H5N4F3A1,37.2,40.3,51.4,52.1,58.2,58.3,57.9,91
P15144_234_H6N3A1,225.6,493.4,377.9,307.3,508.5,435.4,568.8,541.7
Q92629_108_H4N3,20.9,26.2,24.3,27.4,37.2,31.8,33,42.5
P13473_356_H5N4,150.1,196.5,172.4,173.1,277.4,278.6,218.4,235.9
Q9H6B4_74_H4N3F1A1,22.9,29,36,35.5,41.5,37.1,41.3,60.2
P10253_470_H8N2,25.5,61.2,32.5,44.5,63.7,61,50.8,63.3
Q08722_73_H5N2,195.5,317.4,204.7,203.8,302,263.7,310.4,464.9
Q9HCL0_420_H5N4F1A1,26.9,32.5,32,34.5,44.6,42.2,42.7,53.7
P56199_217_H5N4F1A2,55.4,41.9,87.3,84.7,69.9,63,81.4,177.1
P15144_681_H5N4A1G1,7.4,10.3,16.1,12.3,15.7,14,12,25.3
P01861_177_H3N3F1,20.3,9.5,26,20.9,17.1,17.3,19.1,57.9
Q6EMK4_117_H3N3F1,76.1,99.9,96.8,98.3,114.9,167.7,138.3,117.2
Q6V0I7_615_H6N2,122.3,116.8,97.4,118.1,133.6,124,128.6,272.9
P15144_265_H8N7F2A1,40.6,38.2,66.9,48.1,54.4,63.8,64.9,97.4
Q6EMK4_117_H5N4F1A2,164.9,186.5,237.1,262.1,254,346.2,297.3,332.2
O00754_930_H7N2,124.3,150.1,104.9,126.1,204.3,168.3,169.4,188.2
Q6YHK3_1355_H5N4F1,27,36.3,32.3,39.4,62.1,40.4,35.9,56.6
P15144_818_H6N5A1,41.3,60.3,60.5,43.5,69,68,79.6,71.4
O60637_127_H8N2,29.9,21.8,30.5,25.8,41.9,43.3,32,38.7
Q9H6B4_74_H7N6F1A1,22.5,32,21.5,30.4,56.1,34.7,30.3,32.4
Q9P232_913_H5N4F1A2,36.8,50.8,33.8,39,58.9,57.6,53.4,61.4
Q6V0I7_615_H8N2,98.3,105.9,122.6,86.3,112.2,121,130.6,231.7
Q13332_733_H5N4A1,139.4,205.5,174.3,180.2,201.9,365.8,220.9,219.6
Q15063_599_H5N4F1A1,157.3,636.9,173.2,201.2,734.4,413.6,222.4,181.8
P25116_35_H8N2,22.6,26.2,21.4,24,29.7,39.6,33.2,33.1
P04062_309_H5N4F1A1,43.6,47.4,41.1,42.4,74.4,65.5,49.1,62.1
Q92629_108_H7N3,67.1,60.8,68.4,65.8,78.7,65.3,93.1,139.9
Q9Y4D7_155_H5N4A1,23.2,28.4,30.6,31.1,26.4,38.7,53,44.8
P16070_57_H6N5F1A2,62.4,69.5,68.5,73.5,96.8,80.8,83.2,132.9
Q13740_361_H4N4F1A1,50.1,62,62.2,68.4,67.5,82.4,87.2,111.6
Q13740_265_H5N4F1A2,73.8,73.9,84.3,108.5,102,125.4,108.6,153.2
P08962_130_H7N6F1,6.9,13.7,8.1,16.4,12.9,16.8,15.2,19.7
Q16585_211_H6N2,137.1,124.6,152.8,185.4,205.6,227.5,202.8,223.2
P11047_1395_H6N2,84.8,178,107.3,111.4,130,159.2,184.2,216
Q13740_265_H5N4F1A1,110.2,144.6,90.8,160,145.1,215.8,197.2,165.7
Q9P232_468_H5N4F1A2,81.1,118.4,79.2,84.9,170.2,119.7,109.9,120.6
Q6QNK2_394_H5N4F1A1,6.7,4.4,12.7,17.3,7.8,29,7.5,14.5
Q07954_4075_H5N4,228.3,296.3,178.1,189.6,307.3,365.2,211.4,255.3
Q92629_108_H6N3,51.1,49.6,43.6,40.7,53.8,40,79.3,91.1
Q08722_73_H6N3F1,41.8,98.8,64.4,74.6,126.1,77,72.7,123.4
Q92629_108_H5N3,71,62.8,63.6,60.7,89.6,70.9,89.1,118.9
Q92896_165_H5N3A1,67.7,54.2,61.6,53.3,69.7,64,105.5,98.6
Q9P232_931_H5N4F1A2,52.5,78.5,57.1,60.7,98.3,88.3,75.5,92.8
Q07954_1511_H5N4F1A2,28.7,44,40.6,45.4,53.1,52.8,42.9,77.4
P55268_1308_H9N2,71.1,82.8,81.6,78,103.1,121,105,117.7
P24821_1119_H9N2,121.4,166.9,65.4,103,201.5,130.4,185.7,133.1
Q9P232_895_H5N4F1,34.3,47.4,32.1,33.2,66.2,45.9,46.3,51
Q6V0I7_615_H4N2,81.3,66.1,69.4,79.2,77.6,71.6,79.8,192.4
P11279_84_H4N3F1,159.5,150,135,209.9,252.7,259.4,217.3,202.2
Q9Y639_229_H5N4A1,52.8,89.8,77,59.9,126.4,75.6,88.2,107.2
P13473_356_H6N4,27.2,25.6,28.8,26.9,34.3,34.8,40.5,44.6
Q9NYU1_286_H5N2,17.7,38.4,31.1,37.2,38.3,59.1,41,38.3
P01861_177_H4N4G2,76.1,30.7,75.2,87.1,69.5,65,64.2,183.4
Q16585_211_H5N3A1,36.7,28.2,37.1,33.2,37.2,36.1,46.7,71.9
Q9P232_931_H5N4F1,34.1,64.9,36,46.6,79,71.2,48.9,58.1
Q5KU26_271_H5N4F1A1,38.8,25.1,37.8,35.5,69.4,53.8,31.4,39.7
P15144_234_H5N3A1,188.2,380.5,290.4,213.4,380.6,333.5,410.7,393.9
P04156_197_H5N4F1A2,146.6,212.8,190.8,145.3,205.6,159.9,199.5,356.8
Q16363_787_H9N2,101,116,111.2,111.1,164.8,154.3,135.6,166.7
Q13740_361_H5N4F1G1,20.9,18.5,22.1,21.3,25,33.4,29.3,29.4
Q13332_733_H4N3,36.8,52.8,48.5,43.1,54,86.9,59.7,55.5
P02790_187_H6N5A2,40.5,37.8,57,46.5,56.1,54.3,45.2,101.2
Q08722_111_H6N5F1A1,113,164.1,178.5,143.2,248.2,165.7,182,215.2
Q7Z4H8_61_H6N2,40.6,61.4,43.8,59.1,63.3,74.7,73.1,77.5
P15144_234_H5N2,157.3,341.6,243.9,183.6,311,259.4,380.2,354.1
P11047_1223_H9N2,28.7,38.1,27.6,40.8,58.8,55.3,38,38.1
P00533_352_H6N2,169.2,249.4,114.3,189.3,311.3,237.3,208.1,259.2
Q9H6X2_184_H9N2,32,34.2,33.9,36.2,36,45.4,39.6,70.7
O75094_622_H5N4F1,30.2,31.7,30.4,50.2,35.3,75.2,31.4,58.5
O60486_692_H7N4F1,81.7,86,82.9,84.9,98.5,101.6,105.8,165.7
Q9Y639_229_H7N6F3A3,17.4,25.4,28.5,23.9,34.8,23.4,36.1,39.5
Q92508_2294_H6N5F1,30.4,39.2,46.1,47.6,55.5,49.7,58.5,65.6
P01861_177_H5N5F1G1,16.2,13.3,23.1,22.3,20.1,17.6,18.6,48.8
P13473_356_H6N5,37.1,36.4,36.6,40.2,45.9,55.8,53,56.2
P56199_840_H7N2,299.8,374.3,463.4,454.1,493.5,360.5,656.1,722.2
P42892_166_H5N4F1A1,97.9,168.8,113,154.8,168.3,212,197.8,160.3
Q7Z7M9_273_H5N4F3,27.2,29.5,25.9,36.5,41.6,47.1,35.2,42.9
P15144_234_H7N4A1,85,116.7,125.2,101.1,111.9,143.7,151.4,192.4
P10253_470_H7N2,34.6,76,50.3,48.6,74.8,75.8,76.9,65.8
P10253_470_H6N2,59.8,318.7,133.5,133.8,174.5,286.1,193.7,249.7
P10253_390_H9N2,20.7,52.6,38.2,40.2,48.9,69.1,36.4,57.9
Q7Z7M9_256_H5N4F3A1,26.9,21.9,22.1,25.5,39.7,28.3,29.5,37.4
Q9Y639_229_H6N5F3A2,87.3,99.4,89.4,94.5,155.9,96.3,132.6,133.7
P78324_245_H4N4,49.4,44.5,46.8,41.6,69.3,57.1,63.5,65
P08473_145_H5N4F1,5.2,17.8,8.6,13.4,14.4,20.9,14.6,12.9
P55268_1249_H10N2,36.8,44.5,34.7,37.4,46.2,53.2,51.9,62.7
O00754_766_H4N3F1A1,28.9,37.2,42.5,36.7,57.8,47.5,44.3,53.1
Q99715_2679_H9N2,359.7,692.5,529.5,557.9,913.2,802.9,841.1,395.9
P15151_120_H5N4F1A2,44.7,37.6,51.1,59.5,53.6,56.3,63.2,95.9
P34810_199_H5N4F1,200,259.1,253.7,253.8,344.8,295.7,302.6,389.1
Q16585_211_H6N3A1,78.1,74.1,78.3,72.6,71.3,71.5,125.6,154
Q9Y639_229_H4N3,136.5,232.5,163.3,141.7,304.4,184.1,214.3,236.4
Q16585_211_H5N2,169.6,202.7,152.3,194.6,221.6,228.4,245.9,306.2
Q13740_91_H4N3F1,45.1,49.9,57.8,56.1,56.1,71.3,77.1,86.3
Q08722_73_H6N2,71.2,106.3,91.8,83.5,108.2,107.4,137.5,137.9
Q8NBJ4_109_H5N4F1A2,117.3,153.9,138.4,138.6,155.1,168.2,200.1,239.2
P16070_57_H5N4A1,258.8,208.9,222.7,195.6,192.3,288.3,362.8,388.5
Q6EMK4_117_H5N4F1A1,200.7,203.5,250.8,263.3,291.9,365.2,309.4,309.3
Q9Y639_229_H6N5,333.2,529.9,358.4,389.8,660.5,503.8,551.6,521.5
Q7Z7M9_395_H6N2,98.5,118.4,109.2,110.9,126.2,135.5,133.7,211.3
Q7Z7M9_395_H5N2,49.3,52.5,48.9,48.1,53.3,50.4,68.2,104
Q07954_3048_H5N4F1,62.8,103.8,49.9,75.9,118.4,117.9,87.5,81.6
P55290_500_H6N5F1A2,59.7,49.7,70,72.2,67.1,73.1,88.6,120
P11279_261_H3N3F1,64.5,65.1,63.8,73.4,121,86.3,69.8,92.7
Q9UKX5_291_H4N3F1A1,21.7,43,36.9,39.4,54.5,38.7,32.6,69.6
P16070_57_H6N4F2A1,28.2,34.9,35.6,32.5,45,45.3,35.4,56.1
P15144_128_H5N4A2,18,53,36.3,32.8,51.8,49.4,39.3,53.6
P35555_2767_H9N2,89.9,115.6,117.8,129.3,167.3,175.5,142.7,141
P56199_1113_H7N2,95,98.9,125.7,117.6,145,99.7,151.1,208.8
P17936_116_H6N2,303.3,162.1,197.9,185.2,437.3,202.5,204.6,328.4
P01861_177_H5N4F1G1,97,43.6,99.5,114.1,86.6,80.5,90.9,231.2
P55268_1499_H9N2,53.5,73.4,55.1,60.4,83.1,97.1,81.7,72.8
Q8NHP8_515_H5N2F1,45.8,63.8,51.1,45.4,91.4,68.1,59.5,65.5
P56199_418_H3N2,71.4,89.1,114.9,110.4,130.7,74.9,152.5,174.3
Q7Z4H8_419_H9N2,33.1,45.7,30,36.7,50.6,41.1,53.6,55.2
P56199_418_H4N2,82.7,108.9,136.7,143.5,142.7,95.4,174.5,237.3
Q7Z7M9_395_H7N2,121.2,124.4,134.3,127.9,148.3,146.4,148.8,255.8
P56199_100_H5N4F1A1,39.9,42.1,49.4,52.3,70.7,43,51.6,87.6
P55268_1249_H9N2,82.3,118.9,99.9,106.6,123.3,145.6,149.3,143
Q8N6G6_251_H5N4F1,60,83.5,66.8,74.5,90.7,103.9,87.7,109.7
P15144_234_H4N2,95.2,148.8,138.3,103.5,139.1,150.6,170.4,208.4
Q9UKX5_291_H5N4F1,12.8,28.2,18.9,27.7,39.5,24,20.8,36.2
P55268_1348_H8N2,43.5,50.8,39,46.8,55.4,51.9,52.9,53.5
P78324_270_H5N3A1,18.6,13.5,18.3,11.2,20.5,21.6,15.8,26.8
P16070_57_H5N4F1A1,259.3,296.9,205.2,250.2,328.9,359.1,337.2,364.9
Q9Y639_229_H8N7,130.3,195.3,113.2,149.1,220.6,202.4,196.9,187.6
P16070_57_H6N4A2,50.6,58.3,51.4,60.3,73.3,64.8,67.2,97.7
P01861_177_H4N3F1,64.1,34.7,69.9,66.9,64.1,54.2,59.6,145.7
Q13740_361_H4N3F1A1,136.2,150.7,166.3,187.8,157.4,238.5,228.6,254.4
P10586_721_H5N4F1A1,28.6,77,44.8,52.9,60.5,85.6,73.4,59.1
P07339_263_H6N2,122,94.1,100.7,96,200.9,135.8,136.5,92.4
Q7Z4H8_306_H6N2,182.6,213.5,152.7,206.9,224.1,251.9,289.2,269.6
Q9UKX5_291_H5N4F1A2,17,27.1,22.9,33.8,36.2,27.2,26.5,48.1
Q6YHK3_118_H5N4A2,85,77.4,80.3,75.6,91.4,101.8,95.2,146.9
P20908_176_H7N2,138.5,141.3,136.1,158,225.4,218.7,209,131
Q13740_361_H5N4F1,85.2,78.6,74,96.9,82.7,144.1,135.3,95
P15144_265_H5N4A1,194.5,460,295.7,247,458,385.4,371.4,419.6
Q16585_211_H7N4,28.4,33.2,29.9,24.1,30.8,37,41.2,48.8
P42892_210_H6N5A3,43,50.3,56,65.7,63.2,71.2,70.3,88.4
P24821_1485_H8N2,46.7,62.4,39.7,44.6,74.3,53.2,77.1,59
P35052_116_H5N4F1A1,35.4,35.5,60.3,48.7,46.4,44.1,73.9,80.7
Q16585_211_H3N3,38.4,47.3,46.9,46.5,65.6,53.5,61.1,63.8
Q9Y639_229_H7N6A1,48.8,62.7,57.7,54.9,89.6,61.5,73.4,80.6
Q14956_200_H5N2,67.7,91.4,82.7,73.3,99.9,88.9,99.8,140.1
P21589_333_H5N3F1A1,62,95,76.2,81.3,69.5,88.1,148.8,121.3
Q96J84_46_H5N4F1A2,45.2,48.5,64.6,61.1,61.4,66.5,65.4,104.7
Q6YHK3_118_H5N4A1,155.9,165.3,125.8,128.9,185.8,196.8,157.8,241.6
P11279_62_H5N4F1A1,37.3,55.7,43.7,56.9,61.1,61.4,57.5,82.8
Q16585_158_H5N4F1,142.5,136.5,182.6,158.1,160.9,147.5,164.6,250.1
Q08722_73_H7N3,68.3,102.3,94,87.4,128,107.3,113.4,129
O95297_50_H8N2,38.5,40.6,39.1,41.2,39.4,46,44.9,86
P01861_177_H5N5F1G2,23.4,17,33.5,27.6,29.6,27.8,23,57.2
Q07954_4075_H5N4F1,54,73.1,47.1,63.8,106.1,87.1,48.5,80.9
P01130_657_H5N4F1A2,14.3,9.9,20.5,17.8,11.2,14,16,43.5
P13473_101_H5N4A2,102.8,73,124,120.6,151.3,128,110.5,179.7
Q6YHK3_337_H3N2,148.2,195.3,147.1,157.1,225.8,203,205.1,242.5
P07339_263_H7N2,158.8,126.3,144.8,140.1,275.9,196.7,188.2,109.7
P07602_426_H5N2,89.9,115.8,84.1,109,182.8,144.5,130,81.7
P15144_818_H5N4A1,156.4,165.7,220.7,124.8,242.5,206.9,218.8,234
P35613_268_H5N4F1,175.8,310.4,222.4,273.2,424.2,328.8,216.2,279.6
P13473_356_H5N4F1,145.8,226,143.6,166.6,315.4,240.4,161.1,204.4
Q8TBP5_83_H5N4F1A2,31.8,27.9,32.9,28.7,38.4,35.9,37.5,52
Q9Y6C2_766_H5N4A2,61.6,62.1,90.2,89,95.3,93.1,87,133.6
Q16585_211_H5N4,200.5,189.7,209.6,223.9,268.9,242,271.9,329.3
Q13740_91_H5N4F1A1,160.8,178.8,175,188.4,154,254.4,264.5,276.1
Q7Z4H8_61_H7N2,31.1,36.7,31.6,34.1,43,43.3,50.4,43.5
Q96KA5_91_H5N2,204.9,247.9,188.3,211.6,295.6,283.4,262.7,309.2
Q13740_167_H4N3F1,71.6,89.1,91.5,109.7,88,133.7,132.6,134
Q8IWA5_417_H6N5F1A1,18.4,21.9,31,25.5,28.6,34,31.7,36.3
P28799_265_H8N2,114,125.7,138.3,127.9,196.2,157.4,161.2,167.5
P15144_234_H5N4G1,27.5,54.6,29.3,30.9,48.8,47.6,44.8,50.7
P16278_464_H6N2,387.5,497,467.3,422,676.9,578.5,618.4,518.2
P11279_103_H4N3,90.1,115.8,100.4,103.4,157.2,142.2,101.5,151.5
P08962_130_H9N6,11.2,5,8.5,9.5,4.3,7.9,17.8,16.1
P01861_177_H5N4F1,81.6,44.2,90.2,101.6,85.1,74.7,70.7,197.5
P15144_234_H3N2,175,419.3,265,215.6,359.8,323,367.5,397.7
P06756_74_H5N4F1A1,58.9,94.3,65.2,70.3,94.6,112.3,83.7,98.1
Q6P4E1_115_H5N4F1A2,63.5,43.1,55.5,56.4,69.4,65,74.8,84.9
P15144_681_H5N4A2,57.1,90.2,108.4,72,102,87.5,88.9,162.4
P78324_270_H6N3A1,43.2,28.1,39.4,34.3,44,42.7,42.3,66
P10909_86_H9N2,22.7,9.6,22.1,30.7,21.3,49.5,22.1,21.5
P56199_418_H2N2,74.7,92.3,112.1,118,117.9,83.9,145.1,186.9
Q07954_3953_H9N2,75.1,118,76.2,97.4,111.3,108.8,147,125.5
P56199_418_H8N2,260,351.6,396.5,403.1,418.8,298.2,498.9,596.9
Q07954_4075_H8N2,167.9,172.1,203.9,190.2,226,246,230,222.1
P56199_1113_H4N2,76,81.6,120.4,121.2,125.6,88.8,135.6,185
P28799_265_H5N2,53,69.3,62.8,65.1,86,78.4,76.7,94.2
Q07954_3048_H5N4F1A1,257.5,362.9,243.8,296.7,420.9,350.8,321.7,344.8
Q8IWU6_131_H5N4A1,61.8,54.1,66.5,106.4,59.9,114.5,147.2,65
Q6YHK3_247_H9N2,16.8,23.2,12.1,11.5,20.2,23.4,20.6,20.9
Q6YHK3_419_H5N4F1A2,153.1,126.4,117.8,175.7,158.6,190.1,154.7,263.1
P07602_426_H6N2,112.2,164.1,114.5,155.5,251,192.7,166,120.9
Q5ZPR3_104_H4N3A1,84.8,88.4,78.8,100.1,82.7,115.7,104.7,167.7
O00754_367_H7N2,311.4,302.7,312,298.6,502.6,388.1,374.1,371.6
P13611_1663_H8N2,113.6,63.7,70.2,89.8,94.5,109.3,141.5,105.1
P06756_874_H5N4F1A1,70.4,79.7,63.9,89.1,91,104.1,83.3,126.3
Q96PE1_436_H5N4F1A1,13.9,15.8,14.3,14.6,20.7,20.7,15,21.8
O94813_186_H5N4F1A1,24.8,34.6,30.3,37,35.9,48.9,37.1,47.1
Q9Y4D7_155_H5N4F1A1,14.8,23.7,22.1,19.7,30.9,23.3,23.1,29.8
P13473_356_H5N2,457.1,529.4,458.7,474.6,561.5,599.6,653.3,744.6
Q07954_1511_H4N3F1,33.3,37.6,40.5,32.5,52.5,47.1,41,51.2
P11717_581_H6N2,105.6,145.8,88.5,122,139.4,167.5,166.3,142.4
Q7Z4H8_419_H6N2,97.7,89.8,68.6,87.1,84.9,93.3,139.5,139.7
P15144_234_H3N3,284.5,710.5,407.5,384.3,577.7,579.4,535.9,687.7
Q9Y4D7_155_H9N2,35.3,42.9,35.5,47.6,47.4,49.1,58.3,60.1
Q6YHK3_118_H5N4F1A2,108.6,143.8,110.8,131.7,188.7,139,139.1,192.5
Q9UBG0_69_H5N3F1,27.8,34.5,33.7,39.6,22.6,35.8,60.8,61.4
Q6EMK4_117_H4N4F1,50.5,57.3,55,70.1,70.2,94.1,81.3,64.5
Q6YHK3_419_H5N4F1A1,263.2,239.7,266.1,251.3,334.9,299.5,283.3,416.9
P11047_1107_H9N2,93.5,185.6,114.9,149.4,184.4,203.4,162,173.7
O14786_150_H4N3,54.1,90.7,60.9,67.3,84.8,107.2,83.4,87.9
Q6EMK4_117_H4N3F1,66.9,85.2,85.9,94.5,93.4,159.3,110.8,78.9
Q16585_211_H4N6F1A1,62.1,58.5,86.6,73.4,80.2,74,80.9,138.2
P16278_464_H8N2,29.6,34.5,30.6,36.4,42.5,44.9,44.6,42.4
Q7Z7M9_256_H8N2,44.4,39.1,42.9,41.2,61.3,55.4,46.6,59.5
P35556_1112_H9N2,16.6,19.6,16.5,22.3,16.1,25.3,21,37.3
P17301_343_H4N3A1,50.2,41,66.5,63.3,51.4,41.6,58.3,142.4
Q6YHK3_419_H5N4F1,201.9,186.2,200.4,195.1,287.2,257,212,262.1
Q8N6G6_1004_H5N4F1A1,12.6,36.3,23.4,36.4,26.3,36.8,34.2,47.1
Q9BX67_104_H5N4F1A2,11.4,19.6,17.1,16.8,20,22.6,19.2,24.4
Q92629_108_H5N2,66.8,68.6,50.7,51.2,74.9,57.7,79.4,103
Q13740_480_H6N2,16.9,14.4,24.6,25.9,18,33.2,27.5,29.8
O15118_598_H5N4A1,167.8,201.4,152.3,215.4,257.2,231.7,250.1,237.9
P08962_130_H5N4F2A3,8.2,20.5,14.6,19.4,23.3,17.6,21.2,21
P08962_130_H7N6F1A1,8.2,20.5,14.6,19.4,23.3,17.6,21.2,21
P08473_145_H6N5,112.8,148,107.5,116.4,110.6,210.8,193,127.9
Q92542_45_H9N2,113.4,110,136.9,121.2,169.8,178,138.4,151.6
P13473_356_H4N3,199.7,247.2,209.6,179,267.6,294.3,256,288.8
O75629_160_H6N2,107,158.8,112.7,133.8,173.2,164.8,153,187.3
P15144_234_H5N3,255.6,456.1,401.6,333.2,437.8,435.1,495.4,546
P17301_343_H5N4A2,122.4,125.2,190.6,173.7,161.2,119,147.2,382.3
Q9H6B4_74_H5N4F1A1,201.8,290.1,231.8,236.3,286.6,316.2,329.4,337.2
P78324_270_H6N2,111.6,68.7,95.2,86.3,83.9,151.7,102.7,139.9
Q76M96_667_H5N4F1A1,83.7,102.7,155.9,176.1,214.9,137.4,128.9,191.8
P13473_275_H5N4F1,137.9,279.2,156.2,220.5,378,262.1,190.5,218.3
Q7Z4H8_306_H7N2,37.2,54.1,41.3,50.4,52.9,62.6,66,60.3
Q16585_211_H5N4A2,63.4,43.2,68.8,57.9,65.3,48.4,77.5,117
Q7Z4H8_419_H8N2,96.5,104.2,81.9,88.6,117.9,117.3,139.7,115.2
P13473_49_H4N3,59.8,89.3,86.3,84,107.9,124.2,83.2,106.4
P05155_238_H8N2,25.7,51.4,37.4,38.8,50.5,58.9,38.7,54.3
Q8NHP8_515_H3N2F1,318.9,310.9,380.2,197.4,426.8,437.8,367.2,362.3
P29317_435_H5N4F1A1,33.6,32.8,29.3,32.4,45.4,38.2,42.6,42.9
O00754_766_H5N4F1A2,27.4,30.9,30.6,32.2,37,34,38.4,50.4
Q92896_165_H6N3A1,81.3,46,70.1,56.6,78.2,49.7,101.3,105.9
Q92629_108_H6N3A1,54.4,38.9,37.4,35.3,39.2,33.3,68.7,77.8
P54289_781_H5N4F1,96.3,135.6,121.3,137.9,176.1,139.6,137.6,194.4
Q07954_1645_H5N4,71.7,112,97.6,100.7,137.6,153,105.6,107.6
P17948_164_H5N4F1,99.8,210.3,113,83.9,195.7,189.8,193.5,89.5
Q07890_1297_H5N4A2,33.9,23.3,41,40.9,42,33.8,34.7,72.9
P07339_263_H5N2F1,94.8,110.3,100,104,165.4,123.5,140,110.1
P55290_671_H6N2,189.2,196.8,142.7,133.8,209.1,219.3,335.4,109
Q16585_211_H4N3,73.3,66.5,71.7,78.6,95.1,83.9,91.8,111.3
Q5ZPR3_215_H5N4F1A2,117.4,119.8,144.6,161.7,151.8,162.1,154.9,246.8
O15031_1099_H5N4F1A1,43.6,77.3,39.3,40.9,65.5,74.8,65.4,58.8
P11279_261_H5N4F1,167.7,169,172.4,187.3,315.9,206.9,173.2,219.8
P08236_272_H9N2,100.3,77.4,119.1,116.6,131.8,131,88.1,192.6
P24821_1018_H9N2,51,69.7,47.4,64.5,75.2,70.2,83.4,77
P05155_238_H9N2,34.6,80.8,47.9,56,70.9,98.3,48.7,70.4
Q9Y639_229_H7N6F1A4,72.6,114.8,110,93.3,132.1,94.8,148.9,137.6
P08962_130_H8N7F1A1,18.3,38.9,32.5,42.8,53.4,32.5,41.4,46.8
Q14956_249_H3N2F1,38.6,73.5,52.9,45.9,98.5,48,64.3,66.2
P07339_263_H5N4F1A1,21.7,22.5,23.2,21.8,26,28.6,26.5,36
Q9P2B2_286_H6N5F1A1,26.7,61.4,30.4,39.2,56.7,59.5,38,52.8
P11279_261_H6N2,222.8,189.6,200.9,253,296.7,258.5,287.6,293.6
P36955_285_H5N4F1A2,31.4,20,41.6,41.3,32,31,29.6,83.5
P28799_265_H9N2,47.5,66.2,62.4,53.5,83.9,73.6,66.9,76.2
Q5ZPR3_91_H5N4F1A2,202.2,256.4,233.3,284.5,225.5,241.4,233.6,279.5
Q07954_1511_H4N3F1A1,22.5,27.3,25.2,22.4,34.9,36.5,23.1,33
P15151_120_H5N4F1,89.1,81.1,76,97.7,87.3,129.4,127.4,106
P17936_116_H5N2,182.3,143.8,161.4,153.7,298.3,171.9,167.2,201.3
P11279_76_H6N4F2,100.1,135.9,101.1,130.6,191.3,157.6,134.8,127.8
P78324_270_H5N3,24.4,28.4,23.1,30.2,27.8,41.3,30.1,39.5
Q969V3_428_H3N2,69.8,85.9,64.4,76.9,97.4,90.8,104.9,95.1
Q6YHK3_118_H4N3,207,229.2,210.4,215.8,264.7,281.8,225.2,355
P55290_638_H5N3A1,87.6,90.3,71.7,65.5,100.3,89.8,149.8,71.7
Q9UKU9_164_H9N2,47.1,51.7,35.3,45.1,59.2,53.5,53.7,67.6
Q16585_211_H6N3,197,178.4,152.8,172,193.1,165.6,253.5,301.7
Q92859_470_H5N4F1A1,75.2,97.1,69.2,92.3,59.7,116.4,128.9,130.3
P06756_74_H5N4,89.8,97.2,89.3,83.9,81.5,145.7,135.7,106.4
O14672_439_H6N2,116,174.1,99.1,132.6,174.9,181.7,170.4,152.7
Q6YHK3_419_H6N5F1,40.1,37.8,33,35.6,57,47.5,37.9,48.4
P13473_101_H7N6A3,9.8,10.1,19.4,15,15.4,15,17.6,22.7
P05155_238_H5N4F1A2,15,27.4,20.6,23.1,32,28.7,22.1,29.3
O95490_744_H7N2,30.4,42.3,43.5,43.9,54,47.9,51.2,55.3
P04156_197_H5N4A2,59.5,61.8,80.2,87.7,106.3,78.2,83.4,94.6
P04216_42_H8N7F1,36,34.9,34.6,57.2,37.5,52.5,46.4,75.3
Q07954_4075_H4N3,300.6,370,247.6,258.6,427.7,462.4,285.2,349.3
P15144_234_H4N3,635.7,1244,918.7,779.1,1139.9,1154.9,1047,1309.4
Q96AY3_393_H8N2,32.2,35.9,42.5,53.7,56.9,65.4,52.8,38.5
O00481_115_H5N4F1A2,45.7,136.4,110.9,97.4,160.6,108.4,102.9,135.2
P02790_187_H5N4A2,397.8,326.2,464.3,456.2,451.7,431,417.5,835.6
P15144_234_H3N3A1,60.4,157,92.9,84.7,131.7,129.4,109.3,142.6
O15031_1049_H5N4F1A1,78.4,90,72.1,81.2,122.6,107.7,90.5,97
P78324_270_H5N2,143.3,68.5,115.4,112.7,101.9,174.8,118.3,176.1
P56199_1113_H5N2,41.2,41.1,62.9,63.4,63.7,43.4,74.1,89.6
O14657_64_H9N2,94,76.8,81.5,78.3,113.9,83.1,112.2,119.9
P01861_177_H4N4F1,79.7,43.2,95.6,106.2,80.7,77.3,70,193.4
P15144_234_H6N4A1,165.3,241.2,208.8,151.7,218.3,217.2,262.3,297.2
P01861_177_H3N2F1,26.8,7.6,28.8,28,23.2,19.8,22.6,52.7
P24821_1392_H6N5F1A2,56.3,86.9,70.9,90.8,113,89.3,64.5,128.5
P15144_234_H4N3A1,341.5,824.9,503.8,447.7,665.8,666,638.1,775.6
P48307_116_H5N4F1A1,106,137.2,120.1,199.3,102.5,164.2,153,309.4
P13473_356_H7N4,117.5,87,97.2,114.7,104.4,119.1,144,172
Q9Y639_171_H6N5F1A2,74.2,87.6,89.6,81.2,123.9,81,102.1,123.9
P35052_116_H5N4F1A2,28.8,28.7,45.3,40.4,40.6,35.9,59.1,49.9
Q08722_73_H8N2,70.9,57.3,78.7,64.5,72.3,87.4,98,93.5
P08962_130_H6N5F4A2,29.5,47.7,41.7,59.5,61.6,46.7,55.5,67
Q495W5_166_H9N2,112.4,180.4,150.4,147.5,200.1,184.7,169.1,210.3
Q5ZPR3_104_H5N3F1,57.4,69.4,43.7,84.6,82.6,72.4,70.3,104.4
Q5ZPR3_91_H5N4F1A1,128.2,146.9,151.1,168.5,159.7,169,152.8,170
P78324_245_H4N3F1,58.6,33.3,43.8,41.6,48.9,73.6,43.6,63
Q6ZMP0_441_H7N2,47.2,86.4,41.5,80.3,163,65.7,65,36.3
P20645_83_H5N4F1,371,470.6,406.8,433,646.6,513.8,461.5,550.2
P13473_275_H3N3,148.9,202.3,149.3,185.4,250.2,243.8,222.8,169.1
Q16585_211_H4N2,61,66.2,53.1,59.8,67.5,66.7,78,97.8
Q9UHG3_353_H6N2,133.4,137.5,169.7,160.1,170.8,169.5,159.2,216.9
O94856_973_H6N2,57.9,59.6,82.2,76.8,68.8,83.3,79.6,124.9
P02790_187_H6N5A3,122.5,104.3,167.9,165.6,151.2,137.3,139.2,294.7
Q5ZPR3_104_H5N3A1,81.9,76.4,63,90.9,73.8,88.1,108.2,132.4
P56199_341_H5N4A1,100.3,136.2,180,175.1,165.8,131.2,196.8,268.6
P21810_270_H8N2,35.1,42.3,40.3,40.6,56.1,50.8,45.8,51.3
Q68CQ7_257_H5N4A2,11.5,30.9,20.3,19.5,25.3,27,29.2,24.4
Q68CQ7_257_H5N4F2A1,11.5,30.9,20.3,19.5,25.3,27,29.2,24.4
O00754_930_H5N2F1,33.2,37.5,31.9,34.2,41.3,41.7,44.4,48.8
O15031_528_H9N2,46.6,59.7,52.4,51.9,64.6,70.1,70.2,66.3
P17301_112_H6N2,43.4,57,54,52.8,56.8,55.6,57,97.4
P08648_868_H4N3F1A1,99,127.5,94.4,122.3,150.3,155.5,132.5,132.3
Q16563_71_H6N3,47.3,60.2,54.7,46.2,81.4,53.3,61.8,71.7
P17936_136_H7N2,68,41.5,44.5,50.3,86.4,56.5,47.1,72.8
O94856_778_H5N4F1A2,40.3,48.1,51.3,47.4,52.6,49.3,55.4,83.3
Q13740_265_H5N4F4A1,17.4,14.5,14.7,15.8,12.2,26.6,21.5,19.9
Q13740_265_H7N6F1,17.4,14.5,14.7,15.8,12.2,26.6,21.5,19.9
P04062_309_H5N5F1A1,23.5,30.8,36.3,32.1,43.5,34.5,29.3,50.4
Q10472_552_H5N3F2A1,27.2,20,26.1,38.4,26.2,35.3,39.4,42.6
P48740_385_H6N4F1A1,28.6,29.4,31,32.7,34.1,34.3,39.2,48.7
Q92629_108_H5N3A1,44.8,44.2,42.3,49.7,49.9,43.6,60.2,78.7
Q6V0I7_2937_H6N2,35.2,43.5,36.2,36.8,44.6,46,43.6,60.5
Q5ZPR3_104_H5N4A1,243.3,308.7,245.3,338.8,347.4,390.7,324,396
Q07954_3048_H4N3F1,225.8,387.5,198.3,269.5,430.9,373.2,264.5,318.8
Q6YHK3_419_H4N3F1,122.8,140.2,138.9,144.3,177.3,162.2,151.1,210.2
P11279_103_H7N4A1,71,53.1,56.5,57.2,67.7,76.2,69.2,92
Q13740_361_H5N4F2A1,95.6,97,90.6,139.8,104.7,158.3,149.3,130.3
P11279_261_H4N3,103.6,83.4,81.8,88.9,107.6,108.2,107.9,135
P26006_265_H5N4F1A2,25.4,26.8,43.5,37.9,51.9,27.1,37.1,55.2
P15144_128_H6N3A1,62.9,135.1,100,83.4,116.5,104.3,122.8,145.1
Q13433_266_H5N4,27.2,27.8,20.3,22.1,21,33.6,37.1,33.1
Q9NR99_2693_H5N3F1A1,32.2,44.6,36,37.3,70.4,37.8,36.9,47.2
Q16585_158_H5N4F1A1,138.4,118.4,130,124.2,125.3,131,140.9,184.8
Q5ZPR3_91_H6N5F1A2,75,85.2,79.2,83.4,88.7,96.8,87.9,139.9
Q07954_1733_H5N4F1A2,38.4,52.6,65,55.9,63.7,61.4,56.5,89.7
P56199_418_H6N2,63.1,84.5,100.4,97.2,103.9,71.2,120.8,145.9
P15144_265_H5N4,41.1,65.5,45.6,59,75.7,72.6,63.9,58.1
O43852_131_H5N4F3,198.8,81.3,132.1,191,171.4,173.4,227.4,199.7
Q9H6X2_184_H10N2,56.6,57,38.9,41.3,49.2,55.1,56.1,87.6
P16278_464_H4N3F1A1,55.6,70.5,64.4,57.4,71,78.3,84.1,83.8
Q6YHK3_118_H4N3A1,59.7,65.3,62.9,66.3,70.3,75.4,67.4,112.1
Q6YHK3_337_H5N2,94.9,127.2,89,93.5,129.8,115.1,124.7,147.9
P54289_324_H3N2,56.4,62,62,54.8,80.5,68.2,74.3,77.8
P11717_112_H5N4F1A1,30.1,39.5,30.2,37.3,41.3,52.6,44.9,36.5
P02790_187_H5N4A1G1,33.5,33.5,35.7,37.3,37.2,34.5,37.9,69.4
P15144_234_H5N5,45.7,66.1,64.9,58,64.9,70.1,62.4,102.6
P02458_1388_H8N2,193.9,94.6,134.5,170.6,136.9,133.5,182.3,306
O15031_1049_H5N4F1,60.8,92.1,64.2,79,125.3,95.3,72.5,85.3
Q12797_452_H3N4F1,139.6,237,176.4,189.8,286.1,206.7,199.3,257
O14786_150_H5N4F1A1,30.2,62.4,37.3,41.3,66.5,53.5,45.3,53.4
Q92896_165_H5N4A2,400.8,499.1,385,477.8,624,606.1,545.7,475.8
P55268_1348_H6N2,121,207.5,126.4,130.3,177.8,170.1,212.8,186.8
P00533_603_H5N4F1,39.2,88.2,50.2,77.1,94.7,78.3,67.7,84.6
Q6YHK3_118_H6N5F1A2,51.8,117.8,76.2,84.8,101.6,94.4,98.5,127.7
Q15063_599_H5N4F1,70.7,455,62.9,81.7,482,243.6,81.1,49.1
Q08722_73_H6N3,229.4,415.4,281.6,284,374.5,333.8,355.5,481.3
Q5ZPR3_215_H5N4F1A1,98.3,126.6,99.7,126.4,140.3,154.4,131.9,148.8
P15144_234_H2N2,71.1,179,121.1,99.1,144.4,141.3,138.1,176.2
Q6YHK3_118_H6N5A2,21.7,36.7,27.5,27.7,26.6,36.1,34.5,47.7
P54289_324_H7N2,159.1,151.3,192.8,141,219.6,175.8,204.1,221.7
P13473_356_H3N3F1,45.7,78.5,53.4,64.6,92.9,77.6,61.2,77
P54802_261_H6N2,127.1,172,144,174.8,226.1,212.4,188.6,160.1
P20908_176_H5N2,154.9,175.2,157,202,273.4,237.8,208.8,157.9
Q6EMK4_117_H3N3F1A1,118.3,135.1,140.5,152.7,170.7,189.5,151.7,184.4
P22413_285_H5N4F1A2,36.3,41.1,76,52.3,134,25.8,45,57.2
P17301_343_H5N4F1A2,24,50.8,42.3,49,60.5,37.4,38.9,74.7
P17813_88_H5N4F1A1,37.3,45.5,38.7,40.7,71.4,51,35.7,48.1
P24821_1119_H8N2,86,124,81.7,104.6,147.2,115.7,133.9,107
P26006_86_H6N5F1A3,40.7,48.6,61,54.2,56.7,51.7,57.9,93.6
P06756_554_H4N4F1,23.5,30.5,22,34.4,28.9,35.3,33,43.1
P34810_199_H5N4F1A1,171.5,195.8,184.8,180.8,217.3,233.8,228.7,251
Q9UBG0_140_H5N4F1,210.3,282.1,183.4,239.9,290.2,355.1,266.2,251.4
Q07954_3048_H8N2,155,227,213.7,195.5,205.5,266.3,270.7,230.8
P02452_1365_H6N3,21.6,23.2,19.6,30.6,31.3,26.3,27,35.9
Q9Y6C2_766_H6N5F1A2,68.7,152.5,121.8,123.3,143.2,132.5,129,186.6
P20908_176_H8N2,184.8,204,182.9,227.3,288.2,274.1,265.3,185.4
Q9UKX5_462_H4N3F1,31.1,50.4,45,48.7,63.7,57.6,42.8,58
Q9Y6C2_561_H6N5F1A3,36.2,63.3,50.5,60.4,61,65.2,46.4,94.1
P55268_1499_H8N2,85.4,107.3,98.7,95.9,113.7,142.4,125.1,109.7
P15144_234_H5N4A2,103.7,265.2,130.4,138,166.4,204.6,196,240.5
Q9Y639_197_H5N5F1,27.6,28.5,32.9,38.8,42.9,37.4,36.3,45.3
P05997_1400_H9N2,435.7,453.4,479.3,580.3,660.9,781.9,577.9,446.9
Q07954_3048_H3N3F1,67.9,127.2,66.3,105.9,141.4,125.3,92.2,106.2
Q9Y639_229_H7N6,252.2,396.7,232.8,274.7,423,361.9,375.8,302
Q9Y2C2_84_H6N3A1,67.8,91.7,63.1,81.4,97.3,96.2,84,106.8
Q5VW38_169_H5N4F1A2,33.4,40.8,40.7,32.6,41.1,47.1,41.2,57
Q14108_105_H7N6F2A4,36.2,35.4,67,48.8,44,50.3,68,74.3
P08648_868_H4N4F1,46.1,64.3,46,55,77.2,73,68,48.7
Q9Y639_197_H5N4F1,128.8,160.4,157.4,158.2,215,191,162.4,195
P15144_681_H4N3,75.3,106.3,114.1,87.3,133.6,107.1,110.1,132.6
P01861_177_H5N3F1G1,26.1,22.3,30.2,31.6,29.4,26,25.2,58.4
O94856_988_H5N4F1A2,50.7,58.8,67.7,64.9,68.4,60.8,71.2,104.9
Q07954_1511_H5N4F1,65.5,71.1,79.1,78.5,108.3,89.5,61.9,110.9
P13674_113_H10N2,60.9,44.7,62.6,67.6,70.6,78.5,86.7,61.2
Q07954_729_H9N2,39.8,54.1,43,52.5,53.1,56.9,61.6,66.9
Q9Y4L1_931_H3N4F1,33.8,60.5,35.4,45.8,82.7,51.5,39.2,47.5
O95297_50_H5N4A2,56.4,53.9,58.3,56.5,60.8,71,70.2,81.3
P13473_275_H6N5,329.6,432.4,273.9,408.2,452.8,564,438.3,361.7
Q07954_4075_H9N2,373.9,595,375.1,437,492.8,532.7,667.7,507.8
P06865_157_H8N2,96.1,125.7,132.1,151.8,191,152.4,156.1,124.2
Q92629_108_H8N2,45.3,33.9,56.9,45.1,53,45.6,55.4,73.2
P11117_133_H5N4F1A2,31.4,31.9,35.1,33.6,42.8,40,31.7,51
P10253_140_H4N2,38,82,58.3,59.9,66.4,82.9,73,76.2
Q9GZX9_81_H3N4F1,30.7,30.4,26.2,26.9,29.6,37.1,36,40.4
P56199_532_H5N4F1,29.9,43.5,52.4,57.4,55.5,48.7,57.3,68
P15848_188_H6N2,382,258.3,301.7,312.8,247.9,326.4,449.5,548
P07093_118_H8N2,53.3,49.5,64.7,62.5,63.3,69.5,84.2,71.1
P12110_785_H10N2,180,402.5,143.4,257.8,343.7,344.6,241.6,301.5
P10586_966_H5N4F1A2,36.4,51.3,54.7,53.1,55.8,61.7,55,72.2
O14786_261_H5N4F1A2,45,63.9,62,56.3,62.5,68.3,68.8,84.7
Q9Y4L1_931_H3N2F1,76.8,102,86.1,81.8,130.1,99.4,103.7,100.5
Q9BX67_104_H5N4F1A1,64.5,105.8,80.8,81.7,110.2,100.1,107.6,98.1
P17301_343_H5N4A1,177.1,201.3,164.3,178.3,190.7,179.7,212.5,318.2
Q9H6X2_184_H5N4F1,16.4,18.4,17.1,19.8,22.6,19.9,21,26.1
Q07954_3048_H5N4F1A2,160.5,258.9,160.1,217.8,307.4,246.9,181.7,260.3
Q92508_2294_H5N4F1,26.7,43,36.8,36.2,40.8,47.7,39.2,50.6
P13473_356_H4N3F1,249.4,428.1,264.6,302.9,512.2,397.4,282.3,363.4
Q13740_480_H6N3F1,23.7,25.5,29.1,34.5,31.2,31.2,36.6,41.9
Q6YHK3_247_H8N2,38.8,43.6,40.1,35.5,52.1,45.4,36.6,63.2
P13473_356_H6N5F1A1,52.8,83.6,56.9,60.2,95.9,69.8,65.1,85.7
Q08722_73_H6N3A1,143,210.2,170.7,149.1,184,173.8,212,218.9
Q9NZV1_746_H5N4F1A1,45.2,35,34.3,26.9,54.5,36,46.6,39.4
Q9Y639_171_H5N4F1A1,94,90.3,104.1,110,144.2,113.4,118.2,121.4
P21810_311_H10N2,42.4,56.6,31.6,43.3,62.7,48.9,54.9,50.5
P08123_1267_H5N2,153.2,149,171.5,196.9,191.5,184.2,156.6,225.5
P17936_116_H4N2,58.5,63,60.5,64.5,95.7,63.7,70.6,77.3
Q92896_165_H4N3F1A1,193.6,236.9,188.5,216.6,271.3,278.3,257.9,234
P06756_554_H4N3F1A1,30.8,31.8,28.5,32.1,28.9,44.4,37,43.2
Q92896_165_H5N4F2A2,134.4,164.5,146.7,187.3,224.2,199.4,176.8,188
O95297_50_H6N3,69.9,66.4,71.9,70.5,77,69.1,85,116
P17936_116_H7N2,127,130.3,115.7,116.4,189.3,136.5,131.2,152.5
Q9UKX5_462_H3N2F1,67.8,109.6,100.9,107.1,112.8,107.6,100.4,159.1
Q9Y4L1_931_H9N2,25.4,28.1,19.4,25.4,30.8,32.1,30.6,28.9
P15144_265_H6N5,43.5,76.2,55.3,62,93.7,69.9,74.4,57.1
P78324_270_H7N3,24.3,21.2,18.7,22,26.4,27.5,24.5,28.9
Q99571_208_H8N2,105.1,144.3,133.8,121.8,155.1,165,147.1,161.4
Q7Z4H8_61_H8N2,44.3,66.4,45.3,60.6,69.9,66.4,69.5,63.8
Q13740_361_H5N4A2,37.4,40.9,30.7,55.9,36.5,58.4,56.2,54.1
P42892_166_H5N4,31.4,28.6,36.7,38.4,31.8,47.2,55.5,33.6
Q6EMK4_528_H5N4F1A1,56.6,55,59.9,65,68.2,78.4,71.5,76
P11279_84_H6N5F1A1,25.9,32.8,33.8,43.9,46,41.9,50.2,31.5
P20645_83_H4N3F1,106.8,138.4,128.3,129.7,181.3,153.8,125,165.4
P26006_969_H6N5,17.6,23.8,30,27.8,38.3,17.4,28.5,39.1
P78536_264_H8N2,18,28.5,26.4,24.3,33.8,28.5,31.3,27.2
P78324_245_H5N4F1A1,45.7,33.9,43.6,35,49.5,60.3,32.1,54.7
P78324_270_H7N4,24.8,15.3,13.3,16.3,16.2,25.6,20.6,24.2
Q9Y639_229_H6N5A2,42.9,47.9,57.9,50.9,59.9,48.6,58.3,81.1
P06865_157_H9N2,129.2,125.6,91.3,129.8,139.4,121.1,146.6,183.9
P13473_275_H8N2,41.3,33.3,35.9,47.2,51.5,50,47.8,46.5
Q92859_73_H5N4A2,53.9,58.2,67.6,65.2,53.2,63.1,70.2,117.5
Q6EMK4_117_H4N3F1A1,185.8,190.1,199.2,201.5,234.1,276.3,224.3,229.2
P07339_263_H4N2F1,79.6,76,74.8,79.8,109.1,110.5,79.5,85.9
P11279_103_H6N3A1,149.5,176.1,150.8,159.4,215.2,182,167.2,224.7
P07093_118_H10N2,39,36.5,33.3,37.2,32.4,43.3,68.1,37.4
Q6YHK3_118_H5N4F1A1,87.4,158,89.5,103.5,181.8,126.5,101.3,134.3
Q10588_192_H8N2,107,131.1,81.5,131.8,205,131.2,112.6,111.2
P16278_464_H9N2,31.3,39.3,31.6,34.9,41.4,44.4,44.1,40.1
Q92820_203_H7N2,167.5,111.3,162.3,169.3,273,201.3,145.9,136.4
Q9NR99_1735_H5N4F1A2,20.2,22.1,41.4,27.6,35.5,31.2,29,42.2
Q6YHK3_337_H4N2,322.8,399.7,297.4,296.4,418.1,369.7,373.2,469.7
Q07954_2905_H9N2,45.7,77.2,49.9,60,67.2,66.7,78.4,76.1
P11279_103_H3N2,56.8,67.7,49.2,51.7,74.9,73,57.7,73.6
P51805_1009_H9N2,27.2,31,26.8,25,29.1,27.8,33.8,45.5
Q9NR99_2203_H9N2,81.5,94.7,110.6,67.6,87.5,121.2,94.2,135.9
Q9UBG0_69_H5N4A1,15.3,28.8,23.3,27.1,25.9,34,23.6,33.5
P17301_105_H5N4F1,126,160.4,119.7,140.8,147.5,155.4,159.1,215.1
Q07954_3048_H9N2,491.7,811.2,535.8,577.2,668.3,733.5,835.7,684.1
O43556_200_H6N2,287.3,392.3,308.5,287.6,319.8,357.4,382.9,519
Q8NCC3_289_H6N2,51.2,58.2,57.6,53.5,61.3,58.9,70.8,81.9
Q9Y639_229_H6N5A1,75.9,100.4,108.4,91.8,129.2,80.5,109.2,146.9
O15031_127_H4N3F1A1,62.7,86,80,91.1,97.5,94.1,90.1,113.9
Q76M96_667_H5N4F1,163.4,212.4,298.2,320,429.3,278.9,195,301.8
Q6YHK3_118_H5N4F1,99.6,177.5,117.3,135.2,194.3,154.3,136.5,169.7
Q99715_2679_H3N4F1,38.2,128.9,92.1,51.5,148.8,103.7,82.5,48.9
Q9HD45_174_H5N4A1G1,32.9,44.3,44.4,40.5,53.8,44.7,46.3,55.4
O94856_988_H5N4F1,79.3,90.9,84.6,91.1,107.1,103.3,87.1,129.7
P14625_62_H8N2,54,60.7,53.7,76,84.6,77.4,57.5,82.3
P17936_116_H6N5F1A1,26.8,29.4,26.2,19.8,48.5,23,23.8,30.9
P56199_418_H9N2,52.9,69,55.3,65.8,66.5,59.5,76.3,97.7
P13611_1898_H5N2,59.9,59.6,50.8,70.5,62.8,78.6,77.6,78.2
P26006_265_H4N3A1,88,92,127.4,96.5,134.5,84.1,113.8,165.9
Q99715_2528_H3N2,120.3,237.1,185.3,183.8,274.2,242.1,251.2,128.1
P15586_279_H8N2,70.8,75.1,71.4,76.3,99.9,82.7,98,81.1
P54289_324_H8N2,565,641.7,670.2,554.4,744,650.5,723.5,715.6
P11279_103_H5N3,209.4,260,228.5,242.9,316.2,273.3,238.2,330.9
Q99715_2528_H2N2,99.2,172,142.1,131.1,200.1,180.9,184.7,104.7
P08123_207_H9N2,9.6,7.7,14.8,21.1,15.7,17.9,14.4,17.5
P17301_343_H5N4,35.1,47.5,34.5,40.5,45.3,43.5,50.8,54.4
Q13332_940_H5N4F1A1,34.4,49.7,38.9,43.4,46.7,62.2,44.1,51.8
Q99715_2528_H9N2,500.9,1056.6,754.2,720.4,1205.6,1010.4,1050.9,463.5
O75094_192_H5N2,73,98.8,79.5,91.3,99.1,121.3,97,104.1
P05997_1400_H5N2,64.1,69.8,71.2,84.6,91.1,98.9,91.8,74.6
P07339_263_H8N2,34.7,33.1,41.7,34.9,55.3,41.2,47.6,33.5
P78324_245_H4N4F1,39.2,33,33.7,37,35.8,54.6,34.2,51.1
Q6YHK3_337_H2N2,187.9,216.4,163.6,167.6,234.5,214.5,196.2,259.1
P20908_176_H3N2,63.8,68.1,62.3,83.6,100.2,90,92,59.3
Q6YHK3_118_H4N3F1A1,44.8,54.3,48.4,52.4,64.1,52.1,55.7,73.8
P02751_542_H5N4A2,143.1,189.5,193.8,174.2,197.3,202,202.2,259.2
P20645_83_H5N4F1A1,109.9,189.5,126.6,127.7,175.4,173.7,152.8,178.2
O95297_50_H5N4,40.5,56.7,56.4,47.1,61.6,61.5,54.2,69.2
P18084_705_H5N4,39.1,37.2,43.1,48.2,37.5,57.1,49.5,61.7
Q8NBN3_62_H4N2,29.8,31.9,27.8,31.6,41.4,28.1,37.6,41.6
Q9BX67_104_H4N3F1,37.5,45.2,45.7,41.7,58.2,50.6,45.4,54.6
Q07954_3953_H5N4F1A2,156.5,176.9,213,195.3,198.6,183.8,214.8,312.5
Q99715_2528_H8N2,172.5,338.5,258.8,259.5,398.4,326.1,349.2,188.7
Q9UBG0_69_H7N3,16.1,18.5,21.7,25.4,20.5,25.3,27.3,27.1
P28799_265_H7N2,21.8,43.3,37.8,39.9,45.5,43.5,40.4,45.7
Q9GZX9_81_H9N2,28.6,36.6,21.6,25.2,32.8,30.6,35.7,38.2
P10619_333_H5N2,42.9,70,42.5,52.3,64.7,62.3,52.2,75.4
P20594_277_H4N3F1,43.9,49,53.6,53.7,56.9,63.5,56.4,68.6
P51884_127_H5N4F1A2,43.7,32.9,62.5,32.8,65.8,52.7,68.1,24.1
P11279_62_H5N4F1,34.3,43.3,39.3,54.3,60.2,48.7,48.5,52.4
P21810_311_H8N2,70.8,90.7,80.3,85.7,111.4,99.7,97.8,92.4
P55268_1308_H8N2,105.6,139.9,128.9,128.3,139.8,157.4,154.2,164.3
Q9UKX5_462_H4N3F1A1,50.4,122.3,94.9,106.6,116,101.1,87.5,153.7
P55268_1348_H10N2,26.3,23.7,19.1,20.4,26.9,25.2,27.4,30.1
P13473_356_H5N4F1A1,193.4,294.7,182.9,204.1,320.7,290.8,212.4,247.7
P13473_275_H6N5F1,58.3,125.9,63.5,110.9,162.9,123.3,85,67.9
Q13740_265_H7N6F1A3,61.4,46.3,65.3,73.5,56.4,68.8,73.4,103.2
P78324_270_H6N3,176.3,136.4,115,127.1,136.8,181.9,150.7,209.7
Q5ZPR3_104_H3N2,91.9,87.9,70.1,99,93.8,102.4,105.9,124.9
P55268_1249_H8N2,82.8,124.6,115.4,118,123.9,148.6,140.2,126.7
P55268_1499_H5N2,32.2,45.8,40,38.4,46.3,57.5,48.6,38.9
Q9NYU1_286_H10N2,73.2,99.6,54.1,95,100,116.1,95.8,81.7
Q08722_73_H5N3F1,61.5,88.8,63,73.3,105,80.3,74.8,90.3
Q6YHK3_337_H7N2,281,290.4,262.7,319.6,361.3,360.2,311.4,376.7
P13473_356_H6N5F1,50.9,66,65.7,55.1,95.8,72.6,52.9,69.1
Q13740_265_H6N5F1A1,29.8,38.9,27.9,34.4,31.5,45.9,39.3,43.3
P04004_169_H6N3A1G1,24,30.3,25.4,27.4,35.4,32.5,26.3,36.6
P02790_187_H4N3,46.2,52.7,56.1,59.9,64.7,58.6,56,83.1
O95084_207_H4N5F1,20.6,35.9,36,30.7,44,49.2,32.7,24.5
Q8N2E6_149_H9N2,22.9,28.8,25.3,24.5,39,26.4,29.9,28.6
P20645_83_H6N5F1A1,49.5,45.4,45.6,51.8,55.4,54.8,57.2,67.3
Q16610_354_H5N4F1A2,35.2,40.2,47.3,49.2,47.7,48.1,50.6,63.4
P78324_245_H5N4F1A2,57.4,34,53,45.8,53.1,63.8,43.7,71.5
Q99715_2679_H5N4F1A2,25.6,31.4,33.6,36.6,33.3,33.4,35.3,53.2
Q9UBG0_364_H4N4F1A1,82.4,98.2,107.3,115.4,125.3,134.8,92.9,139
Q5ZPR3_104_H4N3F1A1,44.2,50.1,32.4,43.9,64.1,51.6,38.4,53.8
P17936_116_H4N5F1,27.1,24.5,18.3,18,44.6,23.1,16.6,22.8
P55268_1348_H9N2,27.9,27,23,25.2,28.3,30.6,33.2,33.5
Q08722_73_H5N3,93.4,142,111.5,109.9,137.6,131,136.2,151.5
O75629_160_H5N2,82.9,112.5,81.5,88.2,113.1,109.4,97.7,124.3
Q9UKX5_291_H4N3F1,23.4,36.9,36.8,41,45.8,37,37.5,47.8
Q07954_4075_H5N3A1,126.8,173.2,119.5,126.2,162.3,152.3,121,159.3
P13473_275_H3N3F1,31.9,44.9,40.4,43.1,71.2,41.4,35.1,47.3
P08236_272_H10N2,54.9,83.5,48.1,60.3,78.8,89,67.6,64.8
Q12841_144_H4N2,78.7,86.9,91.8,101.8,127.1,111.3,98.1,100.4
O95297_50_H5N4A1,41.2,62.5,51.9,51.6,57.8,64.5,63.9,65.8
P15144_128_H5N4A1,19.6,42.8,33,32.3,44.2,35.3,34.8,41
Q92859_639_H5N4F1A1,42.8,55,63.1,68,54.5,62.6,65.3,95.9
O75326_258_H6N2,136.2,77.1,74.4,98.3,113.2,93.3,120.2,142.6
O14657_64_H8N2,79.8,58.5,72,83.6,95.4,86.9,90.2,84.8
Q9UBG0_140_H6N5F1,213.6,194.4,145,191.1,210.9,275.9,209.9,207.8
P56199_418_H7N2,214.4,380,296.2,314.3,346.4,255.3,396.4,466.4
P06756_74_H5N4F1,339,662.3,370.7,422.3,535.2,752.7,449.2,442.4
Q8NBN3_62_H6N3,93.4,92.7,84.3,100.3,118.5,98.9,108.2,124.6
Q96KA5_91_H3N3F1,123.3,186.7,135.6,147.4,204.2,188.1,159,168.8
P13473_275_H5N4,606.7,753.7,625.9,710.3,844.2,930,774.1,726
P11279_84_H9N2,39.9,34.8,33.6,38.3,48.1,40.3,42.5,47.1
P01861_177_H6N3F1G1,20.4,19.3,22.8,17.5,20.6,22.3,21,33.2
P26006_86_H4N4F1A1,39.2,48,55.2,51.3,57.7,49.1,48.3,80
P13473_275_H5N4A1,326.6,439.2,459.9,428.2,536.2,531.3,454.7,485.1
P13473_356_H5N3,547.8,601.8,565.6,581.2,704,683.2,651,747.7
Q9HD45_174_H8N2,24.6,31.7,26.7,24.6,31.4,34,32,33.1
O14786_150_H5N3A1,60,90.4,74.6,62.7,87.5,75.8,84.3,101.3
P13611_1898_H9N2,26,21.3,17.9,29.3,21.1,25.6,35.5,32.4
P07093_159_H5N4F1A1,43.3,50.3,54.1,59.2,54.1,75.9,68.1,52.8
Q9HD45_174_H5N4A1,167.2,165,187.5,189.5,204.2,186.6,189.9,279.3
O15031_528_H5N4A2,207.4,254.4,291.2,247.3,339.1,303.1,250.4,320
P04156_197_H5N4F2A1,34.4,30.7,43.2,46.8,57.6,41.4,38.9,50.1
P01033_53_H4N3F1,35.6,63.4,48.1,40.5,56.8,54,58.4,58
Q6YHK3_118_H4N4,67.6,71.4,70.4,72.1,87,82.1,76.2,95.6
Q92626_1425_H9N2,39.5,45.5,34.9,54.1,52,43.9,55.4,59.4
P05997_1400_H4N2,96.8,106.1,108,126.1,140.9,170.3,123.5,93.9
Q07954_1575_H9N2,73.6,90,80.3,88.7,100.9,94.4,103.5,103.4
P78324_245_H5N4F1,86.5,75.8,74.8,88.1,100,131.2,70.5,91.3
Q92896_165_H5N3F2A1,55.2,69.1,73.1,65,90.1,85.7,63.6,77.7
P08123_207_H8N2,3.9,4.7,6.5,9.4,9.3,9.8,6,4.5
P05155_238_H10N2,27.2,53.6,22.9,31.9,39.1,48.8,36.4,39.4
Q8TCJ2_627_H10N2,108.8,112.5,113.5,97.2,118.9,122.4,143.1,137
P02790_187_H5N4A1,230.5,254.1,297.9,299.5,292.3,296.1,253,464.2
Q9Y5F8_545_H5N4F1A1,63.2,74.3,68.5,71.8,98.7,77.2,81.3,78
P16070_57_H7N6F1A4,43.6,95.1,105.5,74.9,93,84.4,112.6,95
P05155_238_H7N2,66.5,115.8,67.8,76.6,103,121.1,74,96
Q8IWU6_131_H10N2,40.7,30.2,38.7,96,34.6,62.1,117.5,33.8
Q14956_200_H8N2,44.9,43.1,65.7,50.6,60.7,53.6,55.6,76.5
P15144_681_H6N5A1,37,56.7,80,49.8,74.4,54.7,55.6,84.8
Q86VZ4_291_H8N2,40.6,38.8,65.7,57.1,50.9,68.9,62.7,61.3
Q12841_144_H9N2,247,214.4,264.9,310.5,364.7,313.7,269.2,302.4
Q9Y4L1_931_H3N3F1,76.3,108.4,75,86.2,147.5,96.3,85.7,87.5
Q8N6G6_702_H5N4F1A1,28.9,53.5,48.5,59.2,45.5,66.7,48.8,68.1
P06756_74_H3N3F1,74.2,136.5,84.5,106.2,117,157.8,104,104.6
P08648_182_H4N4F1,171.8,244.4,180.6,224.2,277.7,249.9,238,223.1
P17948_251_H9N2,35.2,57.3,47,36.2,57.2,69.5,67.5,17.3
Q92859_470_H5N4F1A2,71,71.9,75,91.9,56.9,80.8,82.7,152.5
Q9HDC9_160_H4N4F2,96.3,137.9,86.9,113.3,151.4,144.8,120.1,106.4
Q9Y6C2_766_H5N4F1A2,97.4,135.3,200.4,163.8,196.9,146.6,142.7,231.7
Q07092_327_H10N2,41.4,32.1,23.2,29.8,37.4,51,43.1,20.6
Q9Y639_229_H5N4F3A1,15.4,30.8,17.3,19.6,26.2,23.8,27.8,22.1
P13473_275_H6N4A1,48.4,62.1,62.5,59.3,96.3,61.1,61.7,60.1
Q07954_446_H8N2,59,72.5,73.7,75.8,75,94.6,90.3,77.8
P16278_464_H5N2,265.3,405.7,244.5,299.8,338.3,385.6,351,385.5
Q92629_108_H4N2,17.6,23.5,25.4,19.8,26,26.4,20.4,30.9
Q96AY3_393_H9N2,29.5,30.7,24.8,32.1,36.1,40.6,31.4,32.6
Q7Z7G0_259_H5N4F1A1,17.5,43,22.5,43.1,50.7,36.2,35.6,29
P13473_356_H7N2,128.2,140.2,168.1,174.7,176.8,213.8,183.7,159.9
O95297_50_H5N4F1A1,172.2,335.5,202.3,227.2,360,268.1,219.6,278.1
Q6YHK3_118_H4N3F1,126.3,174.8,124.9,149.5,203.9,160.3,136.1,191
P15848_188_H8N2,36.3,53.7,32.4,37.1,41.3,51.7,50.8,47.7
Q8NHP8_515_H3N2,48,63.5,52.7,43.3,68.8,63.2,60.7,56.4
P15144_265_H5N4A2,131,329.4,155.4,82.1,170.5,209.6,194.5,262.9
Q8NHP8_465_H7N2,126.5,126.1,126.6,127.3,167.1,157.3,152.7,130.4
Q92896_165_H9N2,78.5,79.3,55,81.4,94.9,80.8,89.9,87.2
P08236_272_H6N2,23.7,74.8,43.1,34.2,54.6,57.5,43.4,55.2
Q8TCJ2_623_H10N2,165.7,158.1,148.4,137,165.1,165.1,199,200.8
Q6V0I7_2937_H5N2,30.2,50.1,43.9,32,41.2,46.4,42.9,56.6
Q9GZX9_81_H7N2,104.7,79.2,90.8,73.9,83.8,117.6,111.9,104.2
P00533_413_H5N4F1A1,24.6,40.7,29.3,39.8,40,42.1,28.6,50.2
P15144_265_H7N6,49.5,155.7,76.7,72.6,104.5,114,124.3,81.5
Q99715_1763_H4N2,60.5,101.4,79.4,79.3,118.8,106.6,103.4,54.9
P56199_532_H5N4F1A1,44,67.6,79.4,77,80,61.2,70.7,108.8
P48723_184_H7N2,103.6,146.1,108.9,120.8,166.3,130.8,138.2,138.3
P13473_356_H5N4A1,219.5,248.7,200.5,190.3,235.3,310.3,245.3,236.7
P54289_324_H4N2,102.3,100.9,118,103.2,132.1,108.6,123.3,143.5
P24821_1119_H4N4F1A1,78.9,104.8,90,96.8,123.5,95.3,91.2,133
Q13740_480_H7N2,24.1,27.1,29.2,30,23,32.2,35.2,41.6
Q9UBG0_140_H4N3F1,240.5,409.6,249.2,300.4,356.5,414.3,330.2,333.4
Q92542_45_H8N2,241.4,277.6,275.6,230.2,310.3,314.2,300.2,272.2
P06756_74_H4N3,36.4,49.4,37.4,38.3,38.5,58.8,53.4,42.3
O43852_131_H4N4F1,40.3,54.6,51,52.3,47.1,62.4,59.9,67.4
Q92896_165_H6N4A2,34.5,31.1,36.8,41.2,43,38.1,46.2,44.2
P78324_270_H7N2,240.8,80.9,187,161.8,139.2,253.8,162.5,244.8
Q8TCT8_149_H6N2,44.4,61.5,47.1,45.4,59.5,52.8,54.3,70.2
Q6UVY6_517_H10N2,24.6,39.9,29.1,38.2,63.6,26.2,34.7,32.8
P55290_86_H6N5F1A3,41,40.7,49.9,39.5,54.2,40.7,61.3,47.9
P55268_1499_H4N2,32.2,41.8,39.9,38.6,42,54.8,46.7,38.4
O95297_50_H6N5F1A1,28.7,51.5,37,43.2,54.2,43.2,38.8,55.1
Q8IWU6_623_H5N4F1A1,32.2,29.3,33.1,63.8,29.3,56.1,77.6,25.8
P17301_343_H6N5A1,44.7,42.2,53.6,46.1,44.2,45.3,49.3,83.6
P13473_49_H5N4A1,150,251.6,198.9,212.3,244.1,257.5,225.4,241.4
O14786_150_H4N3F1A1,40.3,70,42.8,50.6,75.9,56.3,40.8,69.4
Q07954_3953_H4N3F1A1,194.3,230.2,237.7,233.8,250.6,250.3,247.3,318
Q969V3_428_H4N2,57.4,84.6,70.8,70.2,91.8,74.4,85.7,84.8
O15031_528_H4N3A1,62.7,68.2,67,64.7,79.9,71.8,70.9,89.8
P13473_356_H4N3A1,158.4,192,138.2,130.7,157,212.3,171.7,195.6
P20908_176_H4N2,189.9,197.9,176.3,245.2,283.6,253.5,228,197.1
P17301_112_H8N2,44.6,68.5,52.8,50.9,63.9,51.4,53.3,89.1
P15848_188_H5N2,223,190.8,196.7,233.9,198.8,221,264,319.6
P35613_160_H6N5F1A1,76.6,104.1,77.1,90.5,85,114.6,93.9,120.3
Q9NUM4_183_H6N2,85.1,110.1,211.8,95.9,192.2,92,220.1,93.1
Q9Y639_229_H6N5F3A3,43.9,44.6,73,52.6,74.5,48,69,62.8
Q9BRK3_306_H10N2,61.7,57.7,37.1,52.6,51.8,59.6,67.1,69.7
P02790_187_H4N3A1,97.9,80.3,105.8,123.4,111.6,105.4,93.8,172.6
P13473_356_H8N5,45.1,32,33.4,39.1,30.2,37.8,47.2,62.3
P11279_261_H4N3F1,316.3,349.3,305.3,369.1,489.3,373.8,320.4,406.2
P12821_695_H5N4F1,41.2,63.6,68.4,52.3,84,71.2,52.6,59.7
O75718_87_H7N2,31.7,36.2,43.4,43.4,46.2,48.7,47.2,41.4
Q9UHG3_353_H9N2,733.9,568.9,704.1,655.9,732.6,711.7,737.2,915.3
P11279_103_H4N2,34.2,53.5,40.8,41.4,56.8,52.4,49.8,42.5
P16278_464_H6N3A1,39.7,70.2,51.7,55.7,54.7,65,58.6,79.4
Q12907_183_H5N4F3A1,45.8,62.7,57.7,52.8,62.7,70,59.8,67.2
P08648_868_H3N3F1,130.6,163.1,118,156.8,191.3,204.9,158.1,119.8
Q9Y5F8_545_H5N4F1A2,47.4,49.4,60.9,57.2,60.4,60.2,60.4,73.8
Q16610_354_H6N4F1A1,86.5,81,79.4,103.5,92,102.7,93.9,126.8
P16278_464_H6N2F1,21.4,41.1,30.2,25.9,47,30.8,28.9,33.9
O00481_115_H5N4F1,8.2,20.9,16,14.8,20.6,15,12,23.4
P13473_275_H8N7A1,63.9,45.8,56,57.7,44.5,72.2,68,80
Q9BRK3_306_H5N4F2,30.9,50.3,28.2,47.5,36.9,57.1,46.8,45.1
P15144_234_H4N4,140,389.2,223.2,215.7,281.5,296.3,251.7,317.4
O14786_522_H5N4F1A2,73.2,105.8,84.2,91.6,97,100.1,95.4,127.8
P22413_285_H5N4F1A1,51.2,75,124.3,70,219.4,36.4,58.7,65
Q8IWA5_417_H5N4F1A1,26.7,34.5,39.2,45.5,36.2,52.8,42.9,40.7
Q5ZPR3_91_H4N3F1A1,52.6,66.5,60.5,72.9,74.9,75.5,66.7,81.5
Q92896_165_H5N3F1A1,102.1,85.7,91.1,104.7,104.8,107.7,135.7,105.4
Q6YHK3_337_H8N2,471.4,515.9,500.5,442.8,550.4,546.7,470,715.7
P11279_103_H5N2,170.7,201.8,165.1,182.9,211.6,207.1,199,233.8
Q07954_2127_H8N2,138.7,196.3,156.2,169.5,171.5,214.8,190.2,194.4
Q5ZPR3_104_H4N3F1,43.2,65.4,35.6,66,64.8,49.7,63,70.8
P15144_265_H6N5A1,95.6,203.5,143.8,110.2,226.2,150.2,134.2,142.7
P20908_176_H6N2,498.4,549.1,493.9,550.3,706,621.9,601.1,541.5
P08962_130_H5N4F4A2,11.5,20,19.6,20.9,29.1,18,17.8,20.1
P55290_86_H7N6F1A2,35.6,48.6,34.6,30.9,43.8,41.2,57.9,33.8
P13473_257_H4N3F1,90.1,104.8,103.8,113.5,137.2,125.1,101.3,122.9
Q5ZPR3_104_H4N3,153.3,179.9,131.4,164.3,171.8,172.6,176.8,220.8
P98160_89_H5N3A1,42.4,78.9,47.6,75.9,78,77.1,68.2,65.5
P06756_74_H6N4F1,62.9,60.7,46.1,49.4,56,72.3,57.6,72.5
Q96KA5_91_H3N4F1,41.1,81.9,52,70.4,89.8,81.9,59.8,57.8
Q92896_165_H4N2,152.3,134.3,138.2,156.6,166.9,152.6,197.3,168.5
P08123_1267_H6N3A1,68.7,37.7,58.8,68.8,57.4,62.3,56,99.8
Q96AY3_393_H6N2,223,271.7,241.4,287.7,350.5,338.3,298.1,218.4
Q5ZPR3_104_H6N4F1,36.6,49.2,37.3,54.1,47.4,53,43.9,64.3
Q07954_4075_H5N4A1,85.2,104.2,65.9,74,110.8,104.4,76.1,94.4
Q9UKX5_95_H9N2,62.9,59.7,64.1,67.9,82.3,59.5,61.6,96.2
P29317_435_H5N4F1A2,54.3,60.9,62.3,52.8,83.3,55.8,64.6,67.3
P22413_285_H6N5F1A2,41.8,68.7,72.5,47.4,127.3,29.9,47,66.9
P98160_89_H8N2,35.5,39.2,37.5,40.4,51.6,44.6,37.2,46.1
Q9HD45_174_H5N4A2,154.2,196.2,179,186,226.4,179.1,195.9,240.1
Q8NCC3_289_H7N2,49.7,49,62.1,63.6,68.7,63.2,64,68
P24821_1018_H6N3A1,30.4,40.3,22.2,23,26.4,24.3,29.4,56.2
P26006_107_H6N5F1A2,37.8,39.1,42.2,48.2,48.7,39,49,60
O43556_200_H9N2,184.6,100.3,90.7,246.2,194.6,255.1,131.4,149.7
Q9Y6C2_794_H5N4A2,138,184.3,245.1,231,163.6,178,147.8,242.9
P35555_2767_H5N4F1A1,99.9,162.2,140.5,155.8,174.1,188.5,147.8,145.7
Q6EMK4_117_H6N5F1A1,24,21,18.6,21,24,32.5,26.2,16.7
Q12913_142_H5N4F1A1,40.5,41.8,34.9,41.8,36.5,52,37.6,60.7
Q07954_1645_H4N3A1,24.1,28.5,26,29.5,36.7,28.8,26.3,35.2
P55290_86_H5N4F1A1,29.7,35.9,29.5,35.9,40,36.3,53.4,24.2
P08236_272_H5N2,22.7,64.1,33.6,29.7,47.5,43.9,39.2,45.7
Q16563_71_H6N4A1,26.6,32.5,31.5,22.3,32.3,30.3,32.3,37.7
Q8TCJ2_641_H2N2,114.5,115.4,111.8,114.9,128.8,122.4,135.6,149.3
P17301_112_H9N2,228.6,302,271.2,272.8,276.1,227,251.7,506.9
Q6YHK3_419_H9N2,51.2,49.7,43,38.8,53.8,51.3,47.7,61.7
P08648_868_H4N3F1,83.1,109.6,69,90.1,116.2,125.6,92.5,78.7
P01861_177_H5N4F1G2,73.8,61.3,93.3,88.3,82.7,69,68,152
P24043_2028_H9N2,37.7,102,57.7,52.3,78.5,54.3,91.1,69.1
P14625_445_H9N2,90.1,132,93.4,87.8,108,137.4,113.6,114.1
P04216_42_H7N6F1,63.5,68.6,75.3,101.9,70.8,87.7,92.1,112.2
Q9UH99_636_H3N4F1,39.7,76.4,31.1,51.8,77.4,62.1,49.8,44.1
P01861_177_H4N5F1,8.8,4.3,10.9,11.3,8.2,5.1,5.9,22.2
Q9Y639_197_H4N3F1A1,57.5,67.8,67.8,53.7,89.9,65.5,68.9,65.1
P08195_365_H5N4F1,56.6,57.5,59.9,67.4,84.9,65.6,65.8,66.7
Q8TCJ2_623_H9N2,144.8,190.1,143.6,169.4,196.9,172.7,184.8,205
P11717_112_H9N2,17.5,19.5,16.5,18,22.3,22.6,20.9,18
Q5ZPR3_215_H5N4F1,46.1,61.8,54.2,67,66.7,72.3,65.2,64.3
Q07954_1575_H5N2,62.7,71.8,69,66.7,75.5,72.3,82.2,86.6
P13473_257_H5N4F1,295.4,304.4,299.2,318.7,392.2,337.7,327.3,369.4
P15144_265_H5N4F1A1,28.2,53.2,37.5,37.4,53,46.5,44,39.6
Q9UH99_636_H3N2,266.8,241.4,231,254.7,253.9,281.9,311.7,316.6
Q9Y639_197_H3N3F1,94.9,117.8,114,94.8,151.7,118.8,107.9,115.2
Q13740_265_H6N5F1A3,103.3,73.4,131.6,156,128,115,126.9,173.8
P13473_275_H4N3F1,216.4,392.1,236.3,287.7,475.4,301,262.1,287.6
Q9UN70_424_H5N4F1,52.9,139.4,49.8,49.9,84.8,90.2,78.7,88.2
P08195_365_H6N5F1A1,28.9,20.8,29.8,25.4,29,25.5,32.2,36.1
O75477_108_H8N2,509.5,552.9,548.5,515.2,641.9,565.4,634.9,558.9
Q969V3_428_H5N2,80.1,81.7,85.5,85,91.6,97.2,96,103.8
P56199_1113_H6N2,46.4,48.4,65,57.7,59.2,40.6,68.1,86.4
Q13308_116_H6N5F1A2,41.1,52.6,39.8,41.5,60.7,46.8,41.4,55.7
O15078_2290_H9N2,11.4,11.5,10,10.3,14.5,11.6,12.1,12.3
P26006_86_H5N4F1A2,59.6,63.3,77.1,72.7,79.9,67.3,73.5,98
P11279_103_H6N3,145,153.6,130.9,129.7,162.2,158.7,150.5,182.1
Q9Y4L1_931_H8N2,191.3,194.9,172.7,162.6,248.6,209.1,221.1,164.1
Q9Y5G5_47_H5N4F1A1,88.1,95.2,96.2,83.1,112.7,108.4,94.9,107.5
Q6YHK3_118_H4N4F1,35.5,56,38,46.2,63.6,44.2,40.6,56.6
P20645_83_H5N4F2,50,80.4,46.9,58.6,81.3,78.6,59.6,55.6
P28300_81_H4N5F1,15.6,19.3,16.5,15.5,18.7,16.4,17.7,25.2
Q16832_280_H8N2,64.4,87.8,68.3,91.8,105.9,88,87.9,82.3
P24821_38_H5N4F1A2,103.8,133.1,120.9,136.1,182.6,141.9,102.3,148.8
P55290_638_H7N2,53.9,35.5,39.7,32.6,44.9,43.1,68.6,31.8
P15144_681_H6N5A2,31.3,54.2,108.9,60.9,94,57.5,64,81.9
P11279_261_H5N2,575.9,448,499.4,539.2,526.8,509.2,640.5,725.7
Q9Y6C2_766_H6N5F3A1,14.9,33.7,24.3,27,22.1,24.9,31.9,37.4
Q07954_3788_H5N4F1,141.2,215.3,193,171.7,240.2,239.9,173.7,185.5
O15031_127_H3N3F1,40.1,61.6,45,40.9,56.4,62,50.6,49.3
Q32P28_540_H8N2,96.1,88.3,118.5,139.4,149.1,130.6,118.8,116.1
Q7Z7M0_1271_H9N2,18.7,32.4,26.4,22.3,35.8,26,24.6,29.7
P17936_136_H8N2,124.9,95.6,79.4,93.8,175.4,84.9,94.4,103.2
Q70UQ0_144_H3N3F1,35.8,38.2,42.5,41.3,53.3,43.1,39.7,47.4
Q12841_144_H8N2,59.8,42.5,45.9,41.6,59,59.9,52.9,48.9
Q4KMQ2_361_H7N2,63,78.5,66.8,56.5,92.5,66.7,72,76.7
P07339_263_H5N2,289.6,265,283.4,282.8,418,341.1,307.2,236.7
P35555_448_H9N2,61.1,72.1,71.9,78.9,88.7,91.1,80.4,69.8
Q9HD45_174_H6N3A1,149.8,125.4,110.9,117.3,117.2,112.7,186,169
Q6YHK3_118_H9N2,98.9,97.5,71.2,68.2,92.1,88.4,93.9,115.7
P06756_74_H5N3F1A1,479.6,712,575.5,653.9,601.3,721.3,668.8,820.2
P04004_169_H5N3A1,130.9,170.9,147.9,166.9,166.5,171.3,151.1,226.8
P07996_248_H8N2,35.7,33,51.8,39.9,40.2,39.8,46.9,59.1
P48740_385_H9N2,15,22.2,25.5,26.3,14.5,39,25.9,23.8
P15586_279_H7N2,74.3,75.8,77.6,90.4,99.2,91.8,89.1,88.7
Q92896_210_H4N3A2,69.5,75.9,85.1,102.7,105.9,107,84.8,88.5
Q92896_210_H4N3F2A1,69.5,75.9,85.1,102.7,105.9,107,84.8,88.5
P04062_309_H4N3F1A1,23.7,30.2,35.2,29.3,34,41,29.1,33.1
Q15904_261_H5N4F1,46.8,71.4,46.8,48.5,74,61.2,56.3,55.9
Q07092_327_H8N2,44.1,52,42.3,42.3,59.2,59.9,46,44.2
P08195_424_H8N7F1A1,34.5,34.9,41.6,36.4,43.7,35.9,46.3,44.8
Q9UBG0_69_H5N2,104.8,109.3,100.2,111.6,100.2,133.9,115.2,143.7
P07339_263_H3N2,173.2,166.8,160.5,171.5,253.3,196.1,172.3,155.9
Q16563_71_H6N3A1,110.9,130.5,125.1,102.2,168.4,128.7,125.6,119.6
Q5ZPR3_104_H4N2F1,86.9,129.1,65.4,139.3,129.3,111.9,111.8,133.5
Q07954_3953_H4N4F1,86.4,110.1,107.3,88.9,105.8,108.9,110.8,128.6
P48723_184_H9N2,129.2,148.1,114.8,121.4,163.2,138.9,147.3,144.2
P42892_166_H4N3F1A1,19.6,33.8,24.6,29.4,33.2,34.2,30.2,26.5
Q9HDC9_196_H6N2,107.4,159.3,135.8,156.5,182.6,156,157,149.6
Q7RTR2_777_H8N2,76.3,83.9,87.6,83.7,106,95.8,90.5,90.3
Q12884_99_H6N5F1A2,36,64.7,50.7,44.1,66.3,55.5,46.4,57.4
Q07954_3788_H3N3F1,58.2,81.5,79.2,71.4,92.9,89.9,74.2,77.9
Q92896_165_H4N3A1,86,93.5,104.2,96.3,116.7,101.6,108.4,111.4
P98160_89_H5N2,39.8,67.9,43.9,44.6,60.3,55.7,57,53.1
O15031_127_H9N2,39.6,45.7,39.7,34.1,47,45.6,44.5,46.2
Q9H173_193_H7N2,159.9,148.8,185.1,189,193.5,168.2,179.5,143.5
P04004_169_H6N3A1,670.3,857.6,806.8,831.9,875,880.3,810.9,1077.6
Q07954_4075_H5N3,323.4,361.4,276,297,401.9,380.8,312,320.1
Q15904_261_H8N2,24.1,26.6,23.6,26.2,27.8,33,28,26.8
Q9UBG0_364_H4N3F1A1,327.8,407.9,378.1,358.8,374.3,430.3,328.7,521.9
P13473_275_H2N2,147.6,187.7,186.6,186.1,221.9,197.8,187.9,206.6
P78324_270_H4N2,73.9,57.7,65.7,66.3,57.7,92.9,63,89.5
O14672_439_H9N2,189.4,244.5,134.1,224.9,215.2,273.9,204.3,218.3
Q99715_2679_H10N2,88.1,137.8,86.1,91.4,133.4,124.3,136.5,69.6
Q13740_265_H5N4F4A2,36.6,35.7,32.4,41,29.3,50.9,45.8,41.5
Q9NZV1_746_H5N4F1A2,38,28.2,36.5,35.7,44.8,30.8,40.6,42.9
P20908_176_H9N2,531.2,565.4,449.7,642.3,799.9,699.4,582.9,433.6
P04062_309_H5N4F1A2,64.8,98.9,73.5,71.2,72.8,86.4,88.9,106.3
Q9GZX9_81_H6N2,349.9,271.5,307.5,219.9,229.8,331.2,353.8,405.3
O95297_50_H6N5A2,51.1,70.8,60.1,69.3,68.9,74.1,68.2,77.5
P13473_275_H6N5F3A2,115.1,92.2,98.9,103.9,90.1,119.9,119.8,141.3
P15144_234_H6N5A1,336.7,696.5,462.6,426.5,441.2,564.6,501.8,700.4
P13473_275_H4N4,168.5,220.2,175.9,198.9,238.4,238.8,201.7,198
Q12797_452_H8N2,167.4,174,197.2,178.8,264.6,202,184,173.3
Q99571_184_H6N2,106.3,162.7,119.7,116.2,141.1,156,136.2,146.4
Q9Y639_229_H3N2,66.8,52.7,39.5,45.7,47.8,45.7,73,68.5
Q9P2B2_286_H5N4F1A1,37.1,147.6,46.3,78.6,84.5,137.9,76.3,56.7
Q14517_2325_H5N4F1A1,77.3,50.3,82.7,84.1,63.6,42.7,70.7,160.9
Q9UKX5_462_H5N4F1A1,31.1,66.6,58.6,68.9,71.1,61.3,55.4,70.6
P13473_356_H6N2,374.3,472.5,460,484.4,495,578.8,545.9,435.5
P25445_118_H5N4F1A1,24.2,31.1,23.2,28.8,30.6,34.7,27.1,30.7
P04004_169_H5N3A2,64.8,81.2,66.3,78.4,80.7,80.5,72.6,99.7
Q9UBG0_69_H5N3F1A1,28.1,29.9,29.6,30.1,27.2,29.2,41,37.6
P13473_275_H4N3,566,675.5,510,592.3,715.3,715.8,658.8,597.9
P26006_265_H5N4F1,42.9,59.4,62.5,49.8,71,55.6,53.2,66.2
O75718_87_H9N2,113.4,161,138.7,156.1,214.1,169.7,142.9,125.3
P13473_275_H12N2,57.2,56.5,36.3,61.9,50.4,82.6,58,51.7
P13473_275_H7N6,57.2,56.5,36.3,61.9,50.4,82.6,58,51.7
Q5ZPR3_104_H6N3A1,51.2,70.6,40.8,72,60.8,63.9,64.6,79.3
P54289_324_H9N2,377.8,387.1,337.8,326.1,401.8,361.5,389.8,456.7
Q8TCJ2_641_H4N2,312.7,352.8,306.2,322,383.8,350.1,359.3,387.9
O75071_347_H8N2,19.9,30.8,24.9,32.1,29.7,35.1,28.8,29.7
Q9P2E5_121_H8N2,104.1,113.7,113.2,110.9,118.9,126.7,122.2,137.9
Q07954_4075_H10N2,114.1,168.2,97,119,139.4,152.2,158.1,120.5
Q6PKC3_337_H9N2,58.1,84.1,52.7,68.5,82.7,81.1,76.1,61.5
P15144_265_H7N6A2,30.3,47.3,41.7,43.6,40.2,44.1,43.9,58.2
P06756_874_H5N4F1A2,34.8,43.3,38.2,50.8,39.3,47.9,43.9,60.1
O14672_439_H8N2,123.3,139.5,121.9,187.1,143.5,198.8,139.5,172.3
Q5ZPR3_104_H3N2F1,30.3,41.6,28.3,42.7,42.7,38.9,32.5,49.3
Q92629_108_H3N2,64.3,81.7,81.4,75.9,80.3,70.6,87.1,108.8
Q14517_333_H5N4F1A1,60,40.2,48.9,63.8,54.2,41.4,54,93.8
O43556_200_H7N2,421.3,523.2,445.5,446.1,459.9,461,543.5,634.4
O75326_258_H5N2,136.6,77.7,129,138.5,146.5,112,124.6,167.6
Q96K49_68_H7N4A1,41,40.6,37.3,36.6,40.8,42.5,42.8,51.6
P48960_453_H5N4F1A2,119.2,117.6,120.4,129.5,92.3,101.2,151.8,171.2
Q9NUM4_183_H7N2,44.3,39.1,163.8,50.9,101.7,37.5,142.8,58.6
P05556_212_H5N4F1A1,14.3,24.9,17.9,20.8,22.4,20.6,23.4,22.6
P14625_445_H8N2,143.8,182,168.9,139.8,178.3,202.4,190.3,153.6
P11279_261_H6N5F1A1,59.1,53.9,66,53.5,80.8,64.2,54.3,66.2
O94901_732_H6N2,42.5,55.1,52.5,58,64.3,55.1,59.3,58.9
P18084_347_H6N2,49,51.8,46.7,69.2,51.7,66.5,49.1,80.1
P04004_169_H6N3A2,173.7,242.5,221.8,250.9,247.7,226.8,203.5,336.8
P98160_89_H6N3A1,44.1,74.9,44.3,67.6,66,68.5,67.4,61.7
Q9H0X4_389_H5N4,80,114.7,87.2,110.8,134.2,118.1,103.2,92.8
P13473_257_H6N5F1,78,90.6,103.4,105.3,120.7,112.5,88.8,108.7
Q15063_599_H4N3F1,102.3,550,96.7,119,526.5,276.7,109.5,77.8
P55268_1348_H5N2,22.3,34.2,28.5,33.2,34.7,34.2,33.1,32.8
P14625_62_H6N2,289.6,234.1,282.9,329.1,269.5,277.1,266,393.2
Q8N6G6_1084_H5N4F1A1,30.4,56.4,47,86.6,46.6,70,56,78.5
Q07954_4075_H5N3F1,86.2,125.2,83.6,96.7,137.7,108.8,89.5,105.3
Q08722_73_H7N2,762.5,1199,995.5,865.5,1053.6,1040.1,1067.3,1191.1
P55290_638_H6N3A1,246,215.9,144.6,146.5,198.9,171.9,352.7,133.8
P04216_42_H8N7F1A1,19.4,34.4,34.1,35.3,28.8,36.4,30.9,44.1
Q9H0X4_389_H8N2,27.8,28.9,31.2,34.7,35.7,39.9,31.6,32.3
P08195_365_H6N5F1,53.6,48.2,55.6,61.9,76.8,53,68.3,51.4
P20908_176_H2N2,78.6,76.4,73.8,88.9,102.7,96.7,87.4,74.5
Q32P28_540_H6N2,47.2,51.2,61,57.8,64.7,66.1,56.7,59.5
Q9Y639_197_H4N4F1,76.2,96.9,94.8,77,121,96.6,85.5,88.7
Q9NR99_1910_H5N4F1A1,26.1,60.6,55.7,46,59.1,58.5,44.6,51.8
O15031_127_H4N3F1,74,81.1,84.4,75,97.6,101.6,82.7,75.3
Q9NR99_2203_H5N2,234,376.1,308.9,233.1,346.7,361.3,281.4,318.7
P17936_116_H9N2,165.1,115.4,66.3,92.2,233.7,64.7,97.7,102.1
P15144_735_H6N5F1A2,19.4,31.5,36.9,30.4,40.7,29.4,32.7,31.3
Q6V0I7_1828_H8N2,60.1,60.9,70.7,65.4,47.4,59.6,72.6,112
P13473_275_H6N3,56.4,30.5,50.6,43.3,33.1,42.1,68,61.7
Q7Z7M9_256_H5N4F3,51.8,44.4,26.3,41.8,48.1,43.2,46.4,48.5
P13473_275_H3N2,437.4,548.6,480.2,496.6,579.1,568,558.4,517.8
O00754_367_H5N2,52.8,77.9,63.7,68,62.8,69.2,79,86.2
O75976_811_H5N4A1,19.9,29.3,26.3,21.8,32.3,25.6,21.7,30.6
Q07954_446_H5N4A2,61.2,99.1,91.8,90,111.6,84.8,82.2,108.7
P13473_356_H6N3,307.4,329.1,293.3,308.4,360.6,319.4,355.1,366.5
O75882_300_H9N2,12.3,34.1,27.9,25,26.8,32.2,26.5,26.9
Q9Y4L1_931_H3N5F1,17.7,23.7,20.4,21.7,22.6,24.5,27,20.4
P54709_124_H5N4F1,47,54.4,40.3,51.6,61.7,45,58.4,53.6
P04004_169_H6N3G1,125,160,139,157,158.2,149.4,129.7,219.8
Q07954_446_H4N3A1,17.7,31.1,25.3,24.4,28.3,26,28.6,28.5
P13473_356_H5N3F1,59.9,102.9,76.6,97.5,127.5,87,82.2,84.3
Q5ZPR3_104_H5N3F1A1,204.9,284.2,166.3,312.3,294.5,248,243.7,307.6
Q6UXH9_451_H6N2,20.7,44.9,24.7,27.9,34.7,27.3,28.1,43.5
P04062_309_H6N5F1A2,32.8,58,72.5,55.5,61.8,64,63.4,58.1
P78324_245_H4N3,90,56.4,85.3,69.3,56.6,91.5,76.8,115.3
P02452_1365_H2N2,141.5,123.9,169,234.9,247.5,222.2,167.1,119.5
P15144_735_H5N4F1A2,22,17,26.7,19.7,28.5,27.2,22.3,18.5
Q14517_3640_H5N4A1,81,65.7,95.5,98.8,80.7,62.8,80.6,161.2
P11047_1241_H6N2,148.3,383.5,206.3,227.2,224.7,254.5,323.5,287.8
P04004_169_H6N3,25.2,36,29.3,32.7,36.2,37.3,28.4,37.2
Q9UH99_636_H6N2,276,261.8,252.2,267.8,263.9,302.8,319,308.5
P20645_83_H6N5F1A2,25.3,22.1,24,24.9,19.9,26.6,28.4,33.8
Q8TCJ2_623_H8N2,123.5,142.2,130,134.9,159.2,139.2,144.8,155.7
P07093_118_H9N2,105.4,85.8,113.3,111,87.2,123.6,139.5,118.3
Q08722_111_H6N5F1A2,36.4,47.9,56.7,44.6,59.1,46.5,42.5,61.2
P12109_516_H6N2,77.8,75.6,77.1,92.2,126.3,91.4,73.9,72.2
Q12841_144_H5N4F1A2,91.3,103.2,137.4,142.1,150.7,114.7,108.1,160.8
Q5ZPR3_104_H5N3,141.6,137.1,111.5,152.8,122.4,136.9,168.7,184
Q8N766_913_H6N2,57.5,79.7,63.8,62.5,73.9,79.7,66.5,76.8
P35613_268_H4N3F1,55.6,140.3,60,68.4,110.1,100.4,80.9,74
Q96KA5_91_H6N2,625.6,722.5,584.3,667.4,688.2,746.9,700.7,784.5
P06756_74_H4N3F1,369.6,732.6,393.4,500.8,528.6,739.6,471.8,508.5
Q9UH99_636_H3N3F1,77,147.7,87,97.3,143.5,127.2,96.1,93.8
P23284_148_H8N2,120.2,129.3,109.9,115.1,137.4,133.3,125.4,138.2
Q32P28_540_H9N2,389.2,414.3,448.5,529.7,665.7,495.3,450.8,392.6
Q07954_4075_H3N2,158.7,179.1,193.7,192.7,211.7,196.9,200.8,205.1
P11279_261_H7N6F1A1,24.8,30.5,31.8,29.8,37.7,28.6,27.4,37.7
Q16585_211_H8N2,84.5,65.2,83,76.5,92.6,82.6,77.3,95
Q8TCJ2_641_H5N2,321.2,364.2,303.5,347.4,382.4,352.5,370.9,396
O14786_522_H5N4F1A1,96.8,158.2,90.7,101.7,131.9,130.7,119.3,120.9
P10316_110_H6N5F1A1,20.9,2.3,20,1.4,3.4,41.9,1.3,3.5
Q92508_2294_H5N4F1A1,27.4,35,36.7,24.8,33.2,31.8,31.1,43
Q16610_354_H6N4F1G1,82.3,80,76.6,86.8,86,86.3,89.5,103.8
O15031_127_H5N4F1A2,61.5,76.8,69,70.5,79.1,76.8,74.5,81.4
P20645_83_H4N3F1A1,130.1,213.8,131.9,157.5,189.9,196.1,165.2,159.4
Q7LGA3_127_H6N3F1A1,59.6,68.5,49.9,57.2,74.8,65.8,74.4,48.9
Q9H0X4_389_H5N4A2,83.9,84.3,132.3,102.4,126.2,106.2,89.5,130.1
O43852_131_H4N4F2,346.3,171.7,225.4,327.3,280.9,257.9,318.2,344.1
O15031_1002_H8N2,137.1,170.7,156.6,146.6,180.3,186.4,158.6,159.9
Q9HD45_174_H5N4F1A1,103.5,161,106.9,140.4,146.3,143.8,140.8,142.9
O75477_108_H7N2,38.8,42.8,36.6,40.6,49.3,43,40.1,45.5
P13473_275_H5N4F3A3,63.8,96,89.9,80.4,104.9,85.2,92,87.7
P13473_275_H7N6A2,63.8,96,89.9,80.4,104.9,85.2,92,87.7
Q12841_144_H5N4F1A1,78,110.1,88.4,95.3,119.7,105,93.7,98.1
Q96AY3_393_H4N2,707,1042.9,717.6,814.5,900.4,981.6,836.8,957.6
Q99715_2528_H6N2,424.4,890.2,699.5,651.8,949.9,795.4,794.4,444.8
P48723_184_H5N2,106.3,124.3,103.3,107.1,141.2,120.3,120.5,111.6
P13473_275_H6N5G1,37.6,57.5,44,49.6,68.9,58.4,40.2,43.7
P54289_781_H5N4,114.8,103.4,116.1,86.9,86.3,93.5,135.4,156.1
Q14108_249_H8N2,209.3,126.9,215.6,273.9,250.8,210.1,211.9,251.1
P55268_1348_H7N2,19.2,22.5,18.5,16.4,20.9,23,20.9,20.9
O15031_127_H8N2,23.7,30.9,26.9,28.8,32.2,33.4,32.2,25.6
O75477_108_H9N2,974,1268.3,828,946.6,1281.6,931.3,1080.6,1058.3
Q13443_381_H8N2,81.1,93.9,108.7,95.4,109.3,108.3,100.8,105.5
Q96KA5_91_H8N2,125.7,156.5,131.7,143.8,120.7,169,147.7,186.2
Q16585_211_H9N2,49.6,47.8,42.7,38.6,43.8,45.8,52.5,57.7
Q96AY3_393_H3N2,225.2,314.8,245.4,299.5,293.9,316.8,300.2,301.7
P04004_169_H4N2,399.7,490.4,460.6,493.7,497.9,482.1,436.1,645.2
P48723_184_H8N2,543,610.2,482,523.1,672.4,583.3,599,556.6
O96005_295_H6N2,117,131.4,113.1,148.6,135.7,158.2,130,145.9
P54289_324_H5N2,124.2,120.8,120.7,112.2,143.8,121,131.7,137.2
Q99715_1763_H5N4F1A1,67.8,114,86.5,96.3,106.7,87.5,84.4,128.5
O15031_528_H5N4A1,65.1,61.2,67.9,59.8,69,70.7,62.3,81.6
O14672_439_H10N2,66.5,72.4,46.6,67.1,71.8,80.3,69.1,60.8
P55083_137_H5N4F1,136.2,300.6,161.3,224.7,272.9,314.8,162.6,168.1
P24821_1119_H5N4F1A1G1,32.3,46.3,46,42.6,51.9,40.4,39.8,54.5
O95297_50_H5N3A1,55.2,47.9,46.1,45.9,44.1,48.5,65.6,59.5
Q16585_211_H7N3,40.3,45.3,46.5,39.2,45.5,44.2,50.4,51
Q8TBP5_83_H5N4F2A2,43.2,54.4,42.5,48.1,50.7,53.3,53.3,52.6
P11279_84_H3N2F1,255.2,291.8,192.7,214.2,258.9,266.9,301.9,236.1
Q07092_47_H5N4F1A2,32.9,54.8,42.9,47.4,45.3,50.1,43.9,59.2
Q07954_3953_H5N3F1A1,114.6,118,122.8,132.1,118.3,97.3,158.8,169.2
Q07954_2127_H5N4F1A1,190.3,170.6,148.3,185.2,155.3,149.6,134.1,130
Q9HD45_174_H4N3A1,124,157.2,126.4,127.8,157.9,140.4,136.2,162.3
Q9UBG0_69_H3N2,64.6,93.1,87.3,76.9,91,102.9,74.6,90.3
P11047_1223_H8N2,93.3,231.1,144.9,186.5,191.7,197.2,180.8,161.2
P13473_356_H4N2,568.9,700.5,557.2,575.4,641.6,687.5,692.1,655.8
P17936_116_H8N2,286.9,164.2,153.6,177.3,374.6,162.6,171.3,163
Q92896_165_H5N4F1A1,48.2,73.3,45.9,61.4,66.4,68.1,64.5,55.9
Q9Y4L1_515_H6N2,737.4,780.6,803,732,892.5,843.5,849.4,812.9
P15144_735_H6N5F1A3,22.5,41.6,43.9,39.1,51.2,37,36.4,39.1
Q07954_3788_H4N3F1A1,21.2,30.9,28.2,28.1,34.3,32,25,29.3
Q9UKX5_95_H10N2,31.7,30.6,29.6,34.3,37.8,24.7,38,39.9
Q9HD45_174_H5N4F1A2,130.8,171.7,141,161.9,182.9,159.6,160.4,170.6
Q99715_2528_H4N2,302.6,554.3,443,407,555.1,481.1,545.3,316.7
Q07954_3953_H3N3F1,338.5,444,384.5,352,464.2,441.3,385.4,398.2
Q8IWA5_417_H5N4F1,19.1,26.4,27.9,35.6,23,34.4,34.9,28.9
Q8N766_913_H4N2,47.7,66.2,54.7,56.4,65.7,72,61.4,51
P54289_824_H8N2,98.4,121.2,109.4,97.8,121.4,107.6,109.9,135.3
P04004_169_H5N3,31,46.1,35.1,40.2,41.4,39.5,38.9,49.5
P02786_251_H5N4F1A2,147.8,296.4,146.9,223.9,266.5,203.7,164.5,202.4
Q9UBG0_69_H4N3,91.7,138,130.2,119.1,134,140.1,120.1,137.9
P24821_1485_H7N6F1A2,128.3,106.1,118.4,121.8,123.7,111.9,107.6,183.8
O15031_1002_H9N2,78.6,96.2,78.6,76.8,86.2,103.8,86,90.6
P98160_3780_H4N3F1A1,44.1,73.5,71.7,67.6,64.2,65.2,51.1,104.7
P26006_969_H5N4,123.5,107.9,206.9,140.2,202.9,102.9,138.8,197.5
P17301_343_H4N3,63,97.1,63.7,60.9,70,65.2,72,108.7
Q9Y4L1_515_H7N2,483.9,602.9,455.8,471.8,598.8,566,575.5,493.2
P13473_275_H6N5F1A1,147.9,246.6,193,199.9,327.3,191.9,171.9,181.7
P13473_275_H5N4F1A1,140.1,297,167.9,180.2,295.4,190.2,182.4,202.3
P11279_261_H6N5F1,103,83.3,120.1,102.1,160.7,107.8,85.2,99
P04004_169_H3N2,115.5,146.7,136.6,149.4,154,147.4,124.1,182
P78324_245_H5N4A1,73.5,48.8,71.9,56.9,39.7,77.2,68.9,92.4
P54802_261_H5N2,70.5,76.9,71.2,95.1,84.2,98.3,84.4,80.6
P54289_324_H2N2,66.3,69.6,71.1,59.4,76.5,68.9,78,71.6
P13473_257_H5N4F1A1,117.6,147.2,122,133.1,137.8,153.1,131.1,153.7
O96005_295_H8N2,136.7,140.4,139.5,136.1,141.2,155.1,142.2,173.4
Q9UBG0_69_H2N2F1,57.9,83.2,75.6,73.9,79.7,89.3,63.3,89.4
P18084_347_H5N2,46.2,43,51.7,58.4,56.7,53.5,48.6,61.7
Q6UW63_414_H8N2,97.4,93.8,79.9,94.4,121.2,98.8,97,87.3
P54289_324_H6N2,177,183.7,206.6,187.8,220.4,196.4,189,229.4
Q9H6B4_74_H6N5A2,20.4,38.1,16.6,36.8,35.5,36.4,25.6,26.2
Q9H6B4_74_H6N5F2A1,20.4,38.1,16.6,36.8,35.5,36.4,25.6,26.2
O95297_50_H5N4F1,184.5,225.3,173.3,181.6,274.9,195.6,156.6,218.2
Q07954_2127_H7N2,99.9,154.1,120.5,113.3,125.2,130.8,133.2,149.7
P11279_261_H5N4F4A1,46.1,42.7,46.1,63.8,56.5,55,50.1,57.9
O14786_522_H4N3F1,44.4,64.3,51.9,47.7,66.3,55.1,50.2,58.5
O14672_439_H5N2,137.5,192.7,132.5,188.2,179.4,187.9,168.8,182.9
Q9NR99_2415_H4N4F1,60.4,89.6,96.7,70.8,91.7,95.8,66.6,96.6
O14672_439_H7N2,105.6,144.9,107.9,127.7,139.1,148.9,128.2,120.6
Q99715_2528_H10N2,45.6,85.2,48,70.5,83.2,69.2,84.4,38.5
Q13586_171_H8N2,205.4,198.6,215.3,199.9,212.6,228.2,218.7,245.1
P24821_1485_H6N5F1G1,35.4,65.8,37.2,44.2,59.6,45.9,37,59.1
O00481_115_H5N4F1A1,10.7,32.7,23.7,21.7,27,26.7,21.7,22.6
Q07954_446_H5N4A1,105.5,192.6,148.7,143.4,170.7,155.8,142.4,155.1
P08648_182_H3N3F1,150,229.2,150.6,196.3,243.1,217.9,185.2,155
O60637_127_H9N2,30.1,30.4,21.6,22.4,34.3,30.2,19.5,31.3
Q9H6B4_74_H5N4F1A2,98.3,213.5,98.9,77.3,102.4,118.3,149.2,168.5
P13674_113_H6N2,660.2,1003.9,837.9,764.3,921,911.6,884.4,886
Q16563_71_H7N4F1A1,33.1,53.4,53.3,39.7,64.2,39,43.7,51.1
P55268_1348_H4N2,31.5,38.9,32.4,35,33,43.8,36,39.2
P11279_84_H4N4F1A1,46.9,57.1,39.4,53.6,59.6,55.1,54.5,48.1
P08195_424_H7N6F1A1,28.7,42.4,44.2,34.2,51.8,34.4,38.4,40.3
Q8NBN3_62_H6N3A1,162.1,168.9,147.6,172.8,188.6,153.5,175.3,200.6
Q8NBN3_62_H5N2,78.6,79.4,76.2,82.1,93.5,83,75.8,96.3
Q8WWB7_187_H8N7F1,25,21.5,21.9,30.6,27.3,26.7,23.6,31.5
Q4KMQ2_493_H8N2,64.6,55.5,57.6,52.7,57.8,62.8,56.1,77.1
Q7Z7M0_1271_H10N2,26.7,38.9,27.5,27.1,32.8,35.7,32.4,31.5
Q9HDC9_160_H5N2,105.7,137,106.9,117.9,90.1,152.1,132.3,140.4
P08648_868_H5N4F1,132.9,259.8,174.7,231.2,268.9,256.8,175.4,178
Q07954_4075_H5N2,773,876.4,759.8,747.9,845.3,780.6,795.1,816.1
O14786_150_H6N3A1,102.8,144,112.3,112.2,136.9,84.6,134.1,162.9
Q07954_3048_H6N5F1A1,297.7,322.9,346.3,313.1,324.6,337.2,328.5,335.2
P10586_966_H5N4F1A1,49.9,92,65.7,72.6,70.8,98.6,73.4,65.4
P15586_362_H6N2F1,39.2,57.7,37.4,40.9,62.3,50.4,43.4,36.6
Q8N6G6_1084_H5N4F1,45.7,66.1,54.2,79.3,56.6,80.6,58.5,74.1
Q9Y4L1_931_H5N2,17.6,24.7,21.9,23,25.2,23.3,26.2,21.2
P78357_518_H6N2,48.2,49.4,54,48.9,60.3,54.1,55.6,50.4
Q12797_452_H4N4F2,20.9,27.1,25.4,27,28.6,30.1,23.9,27.7
P08648_868_H5N4F1A1,268.1,477.6,238.3,292.6,346.3,388.6,348.1,319.4
P08123_1267_H5N3A1,117.8,143.2,120.6,142,116.4,146.4,121.7,190.6
Q07954_3089_H5N4F1,16.2,22,22.5,25.9,26,28.2,18.5,22.4
P24821_38_H5N4F1,392.2,547.6,279.2,346.3,597.3,507.1,297.3,316.8
Q6UXH9_451_H9N2,59.6,140.6,55.6,37.7,71.7,54.9,47.8,147.8
P11279_62_H3N2F1,50.7,58.3,50.8,64.2,58.1,55.2,65.6,67
Q07954_3048_H10N2,57.6,88.8,68.2,73.2,78,83.6,73,81.3
Q9Y4L1_931_H7N2,95.2,99.8,87,89.9,116.7,104,103.9,83.6
Q92626_1425_H6N2,21.1,39.3,42.3,42.1,34.9,35.6,34.6,53.8
P98161_1554_H9N2,27.5,26.9,29.3,33.9,28.3,30.9,30.2,39.6
P02452_1365_H9N2,1460,1172.6,1607,2334.2,2268.5,2174.1,1561.4,1206.3
P35555_448_H8N2,62.6,75.8,75.5,74,85.3,78.6,73,78.8
Q8TCJ2_641_H8N2,283.7,331,260.6,297.9,320.7,310.4,309.5,345.7
P07711_221_H3N2,68.2,105.8,81.5,81.2,96.4,92.5,82.7,97.5
P08123_1267_H7N2,100.2,101.7,119.1,160.9,155.2,149.6,117.6,105.7
O14786_150_H5N3F1A1,52.1,83.3,67.7,70.5,110.1,49,60.9,79.8
P51805_59_H10N2,68.9,59.4,53.5,49.1,59.9,53.2,68.5,71.4
Q8TF66_369_H5N4A2,72.9,38.7,75.3,62.4,47.6,38.9,42.5,144.1
P54289_781_H5N4F1A1,47.3,65.2,40.9,50,68,53.1,45.9,55.8
Q9ULI3_159_H5N4F1A2,39.1,59.1,60.7,50,51.1,47.4,53.1,77.2
P05997_1400_H8N2,118.7,147.3,177.4,154.6,157,197.7,169.4,130.7
P13611_330_H5N4F1A2,60.2,50.4,75.5,83.6,60.6,64.9,73.2,96.6
Q9UBG0_69_H3N3F1,103.5,153.8,143.3,145.4,158.6,157.3,122.2,159.7
Q07954_729_H5N4F1A1,93.7,103.5,100,95.9,111.2,98.9,100.3,114.3
Q9ULI3_520_H9N2,9,8.1,7.9,6.9,8.9,10,8.3,7.7
P11279_84_H4N3F1A1,232.9,269.4,188,192.5,244.7,243.3,261.6,216.2
P28827_249_H5N4F1A1,23.7,33.1,30.4,29,34.8,30,24.5,37.8
P78324_270_H3N2,62.5,53.6,58.7,60.4,63.2,68.3,52.1,73.6
P15144_234_H5N4A1,494.7,1354,721.6,701.9,852.8,886.7,800.1,1038.2
Q9UHG3_353_H7N2,179.5,149.8,203.2,183,178.5,181,201.9,220.9
Q07954_4075_H4N2,317.6,338.5,290,283.8,351.8,319.4,299,303.4
P40189_157_H5N4,45.4,67.7,51.3,52.7,59.6,72.3,50,55.4
Q12841_144_H2N2,85.5,85,107.5,101.5,115.9,106.4,90,102.5
P24821_38_H3N3F1,36.6,66.3,24.6,37.1,59.3,54.3,32.6,33.7
P54802_261_H3N2F1,64.3,68.5,63.4,54.5,78.7,67,68,60.3
P30486_110_H6N5F1A2,34.3,73.2,31,28.4,44,29.3,46.6,62.5
P78357_763_H6N2,56.8,66.8,50,60.3,57.3,62.5,67.3,68.5
Q9GZX9_81_H8N2,266.9,230.6,211.3,223.8,213.3,278.4,279.8,247.6
Q14982_44_H5N4F1A2,25.9,26.5,34,26.3,24.3,32.1,25,41.7
Q9UBG0_140_H3N3F1,258.4,455.2,320.4,364.4,460.6,420.5,304.3,341.5
P12109_516_H7N2,57.3,44,48.4,73.9,81.4,66.7,54.8,41.1
P42892_210_H5N4A2,43,41.8,42.2,64.5,51.6,61,49.5,46.8
P04004_169_H5N2,567.1,727.2,607.9,698.1,675.5,669.6,610.8,879.8
Q8IWU6_131_H5N4,30.9,39.4,29.2,40.8,29.7,50.5,47.6,25.2
P08648_868_H5N4F2A1,22.2,32.5,23.9,34.8,35.2,37.8,26.2,24.4
P55290_86_H6N5F1A2,94.2,92.3,81.3,79,93.2,94.3,124.9,65.5
Q9UBG0_140_H4N4F1,169.5,282.4,221.7,237.6,286,273.3,202.8,230.7
Q9UKY4_583_H9N2,18.9,26.2,19.5,17.2,23.2,26.9,16.8,22.2
O00754_930_H6N2,66.8,92.7,80.2,81.2,78.2,78.7,70.9,121.6
P24821_1485_H6N4F3A3,26.9,37.3,34.9,39.9,38.3,39,25.9,48.1
Q9NRN5_248_H6N4F1A1,9.5,13.8,12.7,11.5,11,13.4,10.1,17.2
Q07954_3788_H4N3F1,135.1,179.4,174.7,156.1,200.1,191.2,145.9,165.1
Q8NFQ8_286_H7N2,326.5,392,322.2,335.4,379.5,380.2,346,391.6
Q70UQ0_328_H4N2,99,140,107.3,109.4,133.1,114.2,122.5,126
O75976_1070_H5N4F1,161.9,221.7,186.5,171.8,284.2,181.1,164.8,176.7
P15144_625_H5N3A1,4.3,10.2,12.1,6.6,8.3,6.2,8.9,12.7
Q12797_452_H3N2F1,73.4,96.3,81,90.7,99.6,83.9,85.9,101.8
Q9P2E5_121_H10N2,48.2,51.8,52.9,49.9,42.7,52.2,49.1,76.5
Q07954_3788_H8N2,33.6,62.5,45.4,45.3,53.2,49.1,48.3,52.5
P17936_116_H3N3F1,75.4,78.9,63.1,65.7,107.8,62.9,56.4,80.7
P08195_365_H6N5F1A2,48.5,29,64,49.3,64.9,32.4,56.4,53.6
Q9UBG0_364_H3N3F1,47,45.7,40.7,64.9,61.4,54.3,43.5,56.2
P24821_38_H6N5F1A2,176.4,205.8,191.7,188.3,246.3,202.5,162.9,216.2
P11279_261_H6N3A1,95,76.6,91.9,81.6,78.4,88.3,104.6,103.5
Q92896_210_H5N4F1A3,82.5,73.6,88.3,103.3,108.6,101.4,83.5,84.1
O95297_50_H6N3A1,43.8,37.7,36.9,38.9,44.5,31.9,45.1,49.3
Q8TCJ2_627_H8N2,208.9,213.9,181.7,213.2,227.3,246.6,198.1,215.7
P08174_95_H5N4A2,42.2,47.6,46,52.7,44.3,48.2,43.4,68.7
P06756_554_H5N4F1A1,73.5,103.5,99.5,107.7,100.4,115.9,92.1,108.6
P24821_38_H4N3F1,94.9,170.8,61.9,79,172.9,142.4,62.7,63.3
Q96AY3_393_H5N2,84,96,84.6,109.2,106.4,120.1,105,74
Q8TCJ2_627_H9N2,347.6,412.7,304.2,333.2,409.4,355.6,368.1,382.3
P13674_113_H4N2,332,509.7,438.1,410.9,470.7,503.6,430,428.6
Q7Z7M0_1271_H8N2,28.8,43.5,31.9,32.9,39.9,43.6,33.5,31.6
P13473_257_H5N3F1,24.2,17.1,19.2,23.1,20,17.2,25,28.4
P17936_116_H3N4F1,68,84.9,61.2,59.4,111.1,60.3,54.8,70.2
Q07954_3788_H9N2,65,112.9,83.6,79,92,93.8,93,90.2
Q6P179_119_H6N2,128.3,221.4,52,135,187.1,121.6,118.7,154.2
P55268_1499_H7N2,29.4,39.7,35.7,32.9,35.2,44.4,35.5,34.1
P21810_311_H5N4A1,33.1,51.4,43.1,40.6,35,44.1,46.9,56.2
P55290_86_H6N5F1A1,20.1,20.5,15.3,13.9,20,17.6,23.5,14.5
Q9ULI3_1080_H5N4F1A1,84.8,64,69.7,72.8,77.4,92.1,75.9,70.1
P26006_265_H5N4F1A1,126.1,186.6,192,160,226.5,133.9,155.6,203.5
P02452_1365_H6N2,1293.4,1041,1463.8,2111,2069.8,1977.7,1367.5,981.2
Q07954_1575_H6N3A1,94.2,90.1,85.6,87.3,87.2,98.8,96.4,104.2
Q16585_211_H6N5,46,29.9,47.6,36.3,36.8,37.9,38.6,59.6
Q9UBG0_140_H4N3F1A1,139.9,178.9,145.3,149.3,181.6,187.4,125.8,168.7
Q08722_73_H6N4F1,86.6,139.9,111.8,122.1,134.8,114.3,110.7,138.2
P05106_125_H8N2,19.5,25.4,21.3,26,17.5,29.4,24,28.8
Q12797_452_H7N2,155.2,192.2,184.9,177.1,221.1,182.1,188.8,175.1
O75976_172_H5N4F1A2,57.2,60.2,76.5,67.6,80.3,56,57.1,89.3
Q9UBG0_364_H5N4F1,66.6,57.5,75.9,74.5,83.3,80.3,56,77.1
P24821_1018_H5N3A1,34.8,60.6,37.8,38.7,40.3,38.3,42.4,64.8
Q07954_2127_H6N2,159.4,229.7,186.6,180.6,198.9,198.6,215.2,204.7
O00754_766_H3N2F1,168.4,230.7,158.2,196.6,213,205.6,171,225.2
P07602_80_H6N2,87.7,100.4,80.8,120.7,127.8,105.9,89.2,98
Q07954_3953_H3N3F1A1,39.2,51.3,43.9,49.4,48.5,44.2,50.5,55.3
Q15063_599_H6N2,32.8,58,35,34.5,54.8,46.8,34.5,36.9
Q02083_37_H7N2,105.5,80.4,104.8,149.8,121.1,114.6,142.6,97
Q8TCJ2_641_H7N2,257.8,297,243,290.4,304,277.9,284.1,308
Q9NU02_461_H9N2,45.8,68.8,56.6,61.5,72.4,72.6,58,48
P35625_207_H5N4F2A1,37,39.7,37.4,44.4,41.7,41.1,43.7,44.4
Q9NR99_2056_H5N4F1A1,49.9,60.5,77.1,57.4,73.3,74.6,53.2,62.9
Q9NR99_1735_H4N3F1,51.2,66.3,82.4,63.8,71.9,73.8,57.3,81.2
Q58DX5_295_H5N4F1A1,78.7,115.1,95.1,89.6,104.8,89.8,97.8,115.4
P48740_385_H8N2,34,42,57.4,43.9,28.9,75.5,46,40.6
P13674_113_H8N2,484.7,734.2,608.8,632,673.8,739.6,630.5,605.6
O43157_1183_H5N4F1,40.1,69.7,53,50.1,49.5,62.2,64.1,53.5
Q8NBJ5_96_H9N2,109.8,139.7,100.2,151.6,139.1,138.9,124.1,137.7
P15144_234_H5N4,414,878.1,615.7,514,591.6,671.4,598,746.2
Q70UQ0_328_H3N2,200.9,298.5,239.9,224.6,278.8,240.8,252.4,265.6
Q12797_452_H3N3F1,75.9,141.5,103.8,123.5,160.2,110,104.6,103.9
Q8TCJ2_641_H6N2,462.8,503.3,490.5,513.5,521,515.5,495.4,588.4
P02452_1365_H7N2,831.6,832.8,963.5,1330.8,1367.5,1286.3,927.7,678
Q9BX74_197_H8N2,36,46.9,40.7,44.6,44.3,46.7,45,44.9
Q96K49_68_H5N2,48.3,70.6,51.9,40.9,70.3,62.2,48.5,46.6
O95477_489_H5N4F1,17.6,35.8,22.1,26.1,28,27.5,22.3,31.4
Q13586_171_H6N2,26.2,35.9,30,33.8,36.5,35,27.9,35.9
P98161_621_H9N2,35.6,40.1,49.8,57.3,63.4,54.2,36.2,42.6
P21810_270_H9N2,52.1,101.9,62,71.9,89,83.6,69.9,66.8
P78324_245_H5N4,234.2,126.5,169.5,175.5,137.5,225.8,172,222.8
Q07954_2905_H5N4F1A1,44,58.9,55.1,54.3,62.4,56.8,48.9,59.8
Q9NR99_1910_H3N3F1,24.2,35.4,27.3,28.9,36.3,34.1,24.6,29.3
O75882_416_H7N2,31.2,38.9,38.9,32.9,39.2,39.2,35.6,38.3
Q9UP95_312_H9N2,103.8,104.8,102.3,105.4,105.7,108.5,101.9,130.7
Q07954_1575_H5N3A1,43,39.9,39.1,32.6,38.9,44.1,42.7,40.2
P11279_261_H4N2F1,27,38.2,31.1,39.3,41.4,34.1,33.7,36.3
Q969V3_428_H3N4,145.8,228.7,153.5,170,255.6,218.8,149.3,125.2
P98160_89_H4N2,53.8,98.5,60.3,82.3,89.8,82.2,69.5,74.9
P13473_356_H3N2,123.4,175.2,139.6,140.3,142.1,177.9,144.5,156
Q8TCJ2_623_H7N2,101.5,113.2,100.5,98.6,115.1,102.2,113.3,113.2
O75477_108_H4N2,70.1,67.8,77.1,76.8,92.7,71.9,72,76.3
Q9Y4L1_830_H8N2,460,439,474.1,447.8,498.4,498.3,503.2,452.3
Q07954_3953_H4N3F1,537.2,750.8,610,597.9,756.8,742.5,563.2,612.7
P00533_352_H9N2,29.2,41.1,26,34.7,38.2,33.1,28.1,41
P11279_261_H5N3F1,60.3,49.3,55.5,71.7,71.5,51.6,62.5,68.1
Q9Y6C2_561_H9N2,60.1,85.8,57.1,59.9,76.4,69.5,56.6,79.1
Q07954_4075_H6N3A1,107.2,118.3,88.8,94.1,93.9,90.7,94.1,116.6
Q13433_266_H5N4F1,12,18.3,16.3,21.1,24.6,17.6,13.8,16.5
P11279_261_H5N3,322.6,239.4,266.6,262.4,246.6,267.3,329.9,324.5
Q13308_116_H6N5F1A1,37.8,52.1,34.4,44.1,48.3,48.4,32.9,50.7
P08123_1267_H9N2,391.3,339.3,427,617.5,613.3,580.9,381.2,324.2
Q5ZPR3_104_H5N2,21.6,26.5,21.4,25,24.4,21.4,26.6,28.7
O94856_988_H5N4F1A1,30,53.1,39.3,29.7,33.8,34.5,43.5,50.9
P07339_263_H4N2,443.9,396.2,388,360,527.3,415.7,384.4,371.3
Q07954_446_H9N2,100,173.5,109.1,117.6,136,139.2,137,122.8
Q9Y639_229_H8N7A3,35.9,33.9,77.3,41.2,45.9,40.3,54.3,60.9
Q5T4B2_360_H8N2,121.7,162.6,190,197.5,168.2,188.5,181.5,180.1
P20594_277_H5N4F1,16.1,22.6,23.6,24.9,19.9,25.4,23,24.9
P24821_1119_H5N3F1,280.8,229.9,226.5,250.4,368.1,242.7,206.2,238.4
P04216_79_H7N6F1,219.7,156.6,245.3,335.8,139.9,215.6,215,267.4
Q13308_116_H7N2,39.6,42.8,49.3,38.2,51.8,51.1,34.3,44.3
P07996_248_H5N4F1A1,197.8,378.1,269.8,266.8,282.1,216.6,219.5,206.6
P26006_265_H5N4A2,106.2,126,164.5,125.8,142.1,110.9,118.9,186.2
Q07954_3953_H5N4F1,361.4,531.9,370.2,399.2,517.1,511.7,378.8,368.1
P20594_277_H4N4F1,11,18.4,18.8,19.7,15.7,16.7,18.2,21.9
P35625_207_H8N2,56,52.2,47.9,56.4,57.2,56.2,57.8,55.6
P01033_53_H5N4F1A2,245.3,271.3,377,331.4,273.4,259.8,296.8,477.3
P20908_159_H9N2,27.7,22.8,26.8,36.5,36.8,31.6,30,23
Q07954_3788_H10N2,24.2,46,26,32.8,33.2,35.9,32.7,35.8
Q9HDC9_160_H3N2F1,50.9,71.8,65.5,62.5,46.9,66.5,72.1,81.9
Q9H6B4_74_H6N5F2A2,28,38.9,24.8,38.3,35.1,37.9,26.7,38.9
P25391_2098_H9N2,30,63.9,41,33,57.1,31.2,51.2,39.5
Q9UBG0_69_H3N3,43.1,82.1,67.3,66.2,73.7,73.2,51.1,77.8
O15031_127_H5N4F1A1,133.4,169.6,147.6,164.3,182.3,163.7,146.6,162.7
Q9UBG0_364_H4N4F1,162.7,173.9,189.5,190,207.2,205.7,160.4,189.7
O00754_930_H5N2,46.9,69.6,54.2,55.3,58.3,58,63.3,61.2
Q13308_283_H4N3F1A1,48,93.4,72,90.7,100.9,82.2,50.1,90.8
Q9UBG0_69_H5N4,77.4,110.4,105.7,105.4,100.2,115.9,103,105.9
P13473_275_H5N4F3A2,63.7,58,56.8,60.6,55.4,79.3,62.3,57.7
Q07954_3953_H5N4F1A1,334.4,494.7,379.6,336.1,403.5,405.8,397.4,438.5
Q92629_108_H7N2,346.2,329.2,386.4,293.9,319.5,276.9,361.1,486.3
Q9UP95_312_H8N2,121.1,122.8,129.8,131.8,121.5,120.2,120,176.6
O75477_108_H5N2,68,58.2,62.9,73.2,79.6,57.8,67.6,74.3
P07093_159_H4N3F1A1,91.1,72,176,117.9,111.7,124,120.9,129.8
P28300_81_H6N5F1A2,5.9,8.2,9,8.2,6.4,7.8,7.6,11.5
P13473_356_H7N4A1,54.3,51.8,49,50.7,40.4,52.5,53.1,72.9
Q9NR99_2203_H2N2,90.4,128.7,126.1,92.2,122.8,141.4,89.3,111.6
Q9NR99_1735_H5N4F1,214.9,292,236.2,193.8,261.7,291.6,189.5,253.3
Q99715_1763_H6N2,24.2,28,32.4,29.5,34.7,34.2,25.2,27.2
O94813_186_H5N4F1,83.3,151.5,87.3,114.6,107.1,166.8,86.7,103.6
Q04900_146_H8N2,36.6,29.3,36.3,33.2,36.8,32.7,33.2,41.2
P15144_265_H7N6A3,30,105,69.3,56.3,79.9,55,68.2,73.8
P06756_554_H4N3F1,83.8,134.1,85.5,124.1,86.1,137.3,107.7,123
P35613_160_H4N3F1A1,47.2,61.5,62,59,68.3,54.8,51.2,69.6
O95084_207_H5N4F1A2,59.5,79.3,157.9,131.1,104.3,112.9,111.2,125.8
P16278_464_H4N2,20.7,37.4,28,28.6,31.8,28.6,32.4,28.9
O15031_1068_H5N4F1A1,32.6,34.5,47,43.4,40.6,44.6,37.4,44.5
Q02809_163_H9N2,42.2,58.1,48.3,47.2,58,50.4,54.2,45.1
P56199_418_H5N2,120.3,156.2,168.9,174.4,158.9,127.6,170.6,200.3
O43493_152_H5N4F1A2,12.7,13.2,18.9,19.5,16.4,17,16.7,18.1
Q7Z3B1_73_H6N3A1,31.9,36.9,34.7,28.4,32.8,37,35.1,35
P13473_275_H5N4F4A2,39.2,40.8,49.2,45.6,58.4,43.2,40.7,43.1
P26006_86_H5N4F1A1,147.4,137.3,185.4,168.9,191.4,131.6,154.3,200.2
P28300_81_H5N4F1A2,53.1,51.2,61.9,72.1,53.6,47.3,60.3,86.6
Q96KA5_91_H7N2,62.1,73.8,65.3,64.1,57,74.1,73.3,76.7
Q8TCT8_149_H7N2,136.4,165.1,173.9,158.1,183.6,153.7,160.5,173.3
O15031_127_H5N4F1,47.4,56.7,44.5,45.7,57.6,50.5,45.7,52
Q8N766_913_H5N2,31.6,37.3,33.7,35,43.7,38.8,34.2,29
Q8NBN3_62_H7N2,56.6,63.2,61.8,73.9,71.6,71.5,66.4,61
Q99715_2679_H6N2,91.6,107.6,101.5,93.3,119.1,121.4,112.3,64.3
P17342_394_H5N4F1A2,21.3,21.1,49.1,46.8,23.3,33,34.5,55.6
Q6YHK3_118_H6N2,50.1,59.3,56.3,45.5,60.3,60.2,44.2,58.8
P19022_692_H5N4F1A1,110.1,127,109.2,138,109.5,113.8,118.2,155.9
Q4KMQ2_493_H9N2,76.6,86.4,65.8,73.7,88.4,66.3,71.5,93.9
P13473_257_H7N6F1,95.4,106.1,129,124.4,136.1,124.8,103.2,117
Q4LDE5_2876_H9N2,21.6,35.1,28.3,32.4,33.1,34.7,23.4,32.9
Q9NR99_2693_H5N2,443.1,721.3,526.2,434.9,556.8,620.8,497,572.1
P69849_218_H8N2,86.6,84.3,90.5,87.6,94.1,91.9,93.6,89.3
P15144_681_H6N4F1A1,19.5,26.3,35.5,28,28.7,22.9,27.7,36.2
Q13308_646_H5N3A1,30.7,37.5,25.6,29.7,30.2,38.4,26.7,35.1
Q8TCJ2_641_H9N2,513.1,614.5,483.6,541.2,592.7,556.9,540.8,581.7
Q9HDC9_196_H8N2,203.3,212.4,209.5,195.4,170.7,244.8,219.8,230.8
Q9H173_193_H9N2,30.8,26.8,31.4,31.1,36.7,30.7,28.1,31.2
P15144_234_H6N5A2,106.7,247.5,144.9,145.8,144.4,165.1,158.7,212.1
Q07954_3788_H5N4A1,24.4,28.5,34.4,33.6,31.8,28.8,30,36.9
P35613_160_H6N5F1A3,32.8,39.2,42.3,43.6,52.6,35,31.1,47.8
P15144_234_H9N8A1,49.5,57.2,70.6,55.7,47.3,64.3,57.3,76.7
Q9P2B2_286_H5N4F1A2,44.2,124.4,61.4,79.8,91.7,109.9,65.1,59.7
P24821_1392_H4N3F1A1,44.8,51.8,37.1,42.2,52.7,46.8,33.1,52.7
Q12841_144_H5N2,65,75.7,80.8,79,91.5,78.8,65.2,81
P17050_177_H6N2,26.8,23.3,32,30.7,36.1,24.9,29.3,28.5
Q8N766_913_H9N2,308.3,367.2,294.2,319.5,359.8,366,299.2,332.7
Q76M96_835_H5N4F1,21,32.9,52.8,54.5,52,38.6,28.4,50.7
Q07954_4075_H6N2,689.2,884.1,1029.3,890.3,981.5,961,934.9,716.5
Q9UN70_245_H5N4F1A1,71.8,118.7,76.7,63.1,88.6,75.9,74.5,108.6
Q99571_184_H7N2,57.5,91,59.4,61.4,83.4,79.8,61.4,58.8
P26006_86_H6N5F1A2,22.9,28.5,38.3,35.3,33.2,28.2,26.8,43.3
P02452_1365_H5N2,1009.8,912.9,1198.9,1668.6,1647,1554.9,1063.3,772.7
Q9NR99_1735_H5N4F1A1,60.1,101,121,81.7,108.4,98.4,72.6,103.2
Q9UH99_636_H4N2,121,116.3,126.8,118.1,111.6,131.5,140.4,123.5
P24821_1034_H5N4F1G1,27.9,39,30.9,36.6,46.7,31.5,27.5,35.6
Q07954_3788_H5N4F1A2,42,50.2,57.5,41.8,44.6,51.6,45.1,60
P12259_2209_H5N4A2,29.2,45.6,42.3,45.1,46.4,40.3,38.3,45.5
P20908_176_H5N4A1,45.4,59.3,78.4,55.6,48.5,63,61.4,78
P26006_969_H9N2,26.7,27.6,35.6,25.8,34.2,25.1,27.9,34.4
P11279_261_H4N2,139.7,94.8,114.2,124.4,107.2,110.2,143.4,136.4
Q9Y639_229_H4N2,153.9,126.4,105.5,121.6,114.6,113,161.5,144.1
P02452_1365_H3N2,328.6,420.8,437,538.1,560.1,527.7,430.5,293.8
P19022_692_H5N4F1,103.9,133.8,110.5,169.2,130.7,144.1,103.6,165.2
Q07954_3089_H5N4F1A2,21.9,23,31.5,26.5,28.1,22.3,23,34.7
Q9UBG0_69_H8N2,30.6,31.8,39,31.8,27.5,35.4,39.2,37.8
Q13641_81_H5N4F1A1,19.8,42.1,23.9,24.2,29.6,36.6,25.9,23.4
P24821_1485_H6N5F3A1,49,105.4,43.4,54.8,81.9,64.6,40,78.7
P15144_735_H5N4F1A1,15.7,13.2,13.3,14.3,15.6,16,15.4,12.3
Q9Y4L1_515_H5N2,645.4,724.9,583.8,596,745.7,649.1,664.9,615.9
P12110_785_H5N2,249.4,353.7,251.2,245.9,361.9,286.1,278.4,227.8
Q7Z4H8_251_H8N2,149.9,199.9,174.4,192.2,174.1,185.5,185.2,206.7
P55268_1249_H7N2,31.7,41.2,33.3,31.5,27.1,37.5,38.4,41.4
P98160_3780_H5N4F1,157.5,558.3,232.2,357.9,401.9,481.5,224.5,261.4
P21810_311_H4N3F1,53.9,110.9,68.3,73,85.5,79.9,67,88.3
P46977_537_H9N2,17.2,18.9,17.1,20.2,17,17.6,19.2,23.1
P06756_554_H3N3F1,79.9,119.3,98.6,111.6,94,130.2,100.9,103.8
P11047_1223_H5N4F1A1,54.6,86.8,53.8,64.2,74.6,70.9,55.4,70.8
P24821_1034_H4N4G2,25.4,34.3,21.1,29.9,42.1,24.8,20.8,28.2
Q99715_2528_H5N2,647.1,1215.8,856.9,805.1,1082.8,956.5,1059.8,590.2
P12111_2558_H10N2,40.8,44.1,39.4,35.5,46.1,43,37.4,40.7
Q16585_211_H5N4A1,98.2,130,85.3,60.8,83.7,70.6,101.4,135.9
Q96J84_297_H5N4F1A1,123.8,190.8,158.7,201.4,197.6,179.3,145.6,183.3
Q9NR99_1910_H6N3A1,18.3,20.4,19.7,17.8,22,19.2,19.6,18.9
Q9Y639_229_H8N2,263.1,193.4,173.5,187.6,192.9,177.4,242.5,242.3
P98172_139_H5N4F1A2,28.4,69.9,107.6,36.9,74.5,51.3,50.5,77.6
Q70UQ0_328_H3N4F1,29.8,48.2,38.3,38.1,43.4,41.1,36.9,40
Q07954_446_H4N4,32.4,41.8,43.2,42.6,48.5,43.5,31.2,44
P02452_1365_H4N2,748.6,896.5,960.7,1207.6,1238.6,1201.5,914.1,629.9
Q99715_1763_H9N2,82.3,119.7,146.8,130.8,148.4,175.4,98.2,78.6
P35613_160_H5N4F1A1,133.7,236.4,149.7,161.1,175.9,187,153.9,193.9
P55083_137_H5N4F1A1,83.2,171.5,116.7,137.5,141.8,150.4,97.1,141.7
Q8IV08_236_H3N2F1,71.2,126.1,76.7,87.6,116.4,89.5,85.8,85.6
Q9ULI3_1080_H5N4F1A2,43.4,33.4,42.3,40.4,34.3,38.2,42.4,51.5
Q9BZQ6_195_H8N2,81.2,96.4,75,97.3,97.5,86.8,90.6,90
P07996_1067_H6N5G1,10.1,19.7,16.3,17.2,20.8,15.5,12.8,16.9
P35613_160_H5N4F1A2,23.6,41.4,36.1,30.7,40.9,33.1,24.1,39.3
Q9NR99_2415_H5N4F1A1,65.1,120.6,104,87.4,112.8,113.7,69.9,96.6
P12111_2558_H5N3A1,56.9,62.6,65.7,59.1,66.7,58.9,61.3,67.7
Q9Y4L1_515_H8N2,526.1,628.3,551.9,510.5,641.9,596.2,593.9,477.2
P17301_1074_H8N2,77.3,41.7,57.5,73.2,60.5,50.4,52.9,96.3
P22413_341_H6N3A1,22.8,32.5,34.7,25.9,41,26.6,26.4,26.7
Q13308_116_H4N4F1A1,64.3,101.8,87.2,100,89.7,93.7,72.5,112
P24821_1034_H6N6F4,15,32.9,18.1,26,25.6,24.2,21.7,24.3
P17301_343_H5N4F1A1,48.7,94.7,47.4,65.2,86.1,58.8,54.2,67.4
P04216_42_H7N6F1A1,41.4,39,65.6,58.9,46.3,51.4,49.3,66.3
Q9NR99_2203_H6N2,513.9,758.8,641.2,474.7,705.3,731.4,489.7,558.4
P50613_56_H6N2,59.8,88,59.2,62.4,73.8,71,70.2,65.2
Q9UBV2_608_H6N2,158.5,253.4,212.2,206.5,218.1,212.4,200.4,232.9
P18084_705_H5N4F1,64.5,50.7,73.7,100.4,71.1,85.5,56.5,87.7
Q13308_283_H4N3A1,42.9,71.4,63.9,66.2,55,70,45.3,83.8
O75976_522_H5N4F1A2,24.3,32.7,28.9,27.7,34.4,22.8,27.1,33.8
Q9NR99_2415_H4N3F1,25.5,45.9,46.5,31.6,44.4,40.6,30.5,39.9
P98160_89_H5N4G1,47.3,71.1,52.1,55.3,78.8,67.2,41.6,47.1
O75503_203_H9N2,59.5,78.9,81.5,82.5,96.8,79,78,60.5
Q9Y4L1_515_H3N2,243.9,291.9,248.8,221.9,292.4,257.7,266.1,229.7
P06756_74_H9N2,64.6,111.5,45.7,55.7,69,77.8,76.6,64.9
P36578_21_H12N2,60,41.7,47,73.2,54.5,63.1,48.6,64.2
O94856_973_H6N3,71.4,76.5,64.5,75.3,67.8,70.3,68.2,92.3
Q9P273_883_H5N4A2,16.2,18.5,15.7,29.3,21.4,17.5,14.9,28.9
P24821_1485_H5N4F1A2,85.5,60.1,77.7,90.2,119.4,73.1,49.2,83.6
O75477_108_H6N2,94.9,90.6,84.2,99.7,108.5,88.2,77.7,108.8
P01033_53_H6N2,29,31.5,34.7,28.7,31.8,36.8,30.3,29.6
P13473_101_H4N3A1,8.9,14.7,10.9,8.6,10.4,10.9,10.4,13
P35625_207_H5N4F1A1,82.9,78.5,71.6,69.8,81.2,69.1,81.5,82.2
Q99715_1763_H7N3,20.8,35.2,29.8,23.8,28.4,24.5,33.9,26.8
Q07092_327_H9N2,51.7,89.2,37.3,47.2,59.3,77.4,52.9,44
Q8N635_435_H4N2,175.3,234,198.8,226.2,256.4,210.3,230.2,167.7
Q9UBG0_140_H9N2,97.5,84.3,64.3,76.1,81.4,90.4,79.8,82.2
Q6P4E1_115_H5N4F2A2,44.2,33.8,36.2,55.3,49.4,45.5,39.9,40.8
P69849_618_H4N2,52.9,61.5,50.2,51.8,59.6,54,56.5,53.9
Q9HD45_174_H5N4F2A2,66.8,91.7,68.5,89.4,90.4,84,70.8,82.3
P13674_113_H3N2,395.4,664,532.7,486.3,607.6,552,493.3,498.3
O60568_63_H9N2,27.7,38.2,29.8,35.7,28.6,41.1,34.6,31.7
P17936_116_H5N4F1A1,97.5,109.6,81.2,89.8,132.9,70.6,76.7,111
Q5ZPR3_104_H6N3,37.6,41.8,36.8,51.3,36.6,43.8,39.4,53.5
P12109_516_H9N2,93.9,121.1,95,112.5,127.1,115.6,94.3,100.1
P24821_1485_H6N5F1A1,166.9,273.1,162.6,183.5,221,212.9,159.6,219.7
Q13308_116_H4N3F1A1,187.4,264.2,223,249.4,260,232.1,188.5,275
P38571_161_H3N2F1,197.7,171.9,214.9,326,235.6,327.7,208.7,169.6
P11279_261_H6N3F1,91.3,83.8,91.9,121.7,117.4,80.9,97.6,106
Q70UQ0_328_H6N2,651.1,1032.7,732.9,668.3,844.6,789,763.9,792.2
O15078_2290_H8N2,30.3,30,31.8,35.6,27.8,26.3,36.9,41
P12109_516_H8N2,82.9,65.8,73,111.9,132.3,96.8,65.5,50.2
Q4KMQ2_493_H5N4F1A1,47.2,82.1,50.9,48.9,70.9,55.2,56.9,53.7
P50851_851_H5N4A1,27.3,31.5,36.3,35.1,38.9,22.4,32.2,40.9
P56199_1102_H8N2,74.4,85.7,88.4,99.3,86,70,93.8,108.8
P17301_1074_H6N2,27.6,31.7,35,38,32.4,32.3,31.2,40.5
P24821_38_H6N5F1,226.6,264.9,135.4,187.9,284.6,281.4,156.1,117.9
Q9BXN1_282_H7N4F1,44.7,78.2,56.8,57,54.9,56.2,51.8,81.1
Q07954_2127_H4N3F1,62.4,57.3,54.7,65.6,64.6,68.3,54.5,60
P13473_356_H6N3A1,184.7,206.8,144.3,168.6,178.6,183.2,203.9,160.4
O15031_127_H4N4F1,29.8,41.8,26.3,28.7,35.6,35.8,28,31.1
Q9HD45_174_H6N4A2,62.5,73.6,70.1,72.6,75.9,66.8,69.3,75.2
P98160_89_H4N3A1,190.1,471.3,270.7,393.8,423.9,411,231.5,299.3
Q9NR99_2203_H7N3,49.6,60.7,55.1,51.3,61.2,55.6,46.8,59.6
P07996_1067_H5N3F1,67.5,84.9,67.6,78.5,81.2,73.5,70,82.7
P11279_103_H6N3G1,72.4,132.6,98.8,78.6,106.8,99.5,78.8,108.7
P16278_464_H3N2F1,27.7,36.7,30.6,23.7,31.9,27.6,26.5,36.2
P11047_1107_H7N2,85.7,188.4,130.7,158.8,143.6,158.1,140.3,138.1
Q8N8Z6_64_H5N4F1A2,48.5,56.8,48.8,44.2,63.5,35.4,46.7,58.5
Q07954_3048_H6N5F1,333.7,310.4,292.7,273.6,291.5,360,328.5,253.4
Q8NFQ8_286_H8N2,271.2,282.5,270.8,251.9,266.8,293.4,271.2,276.3
Q8TF66_369_H6N5A1,39.7,42.9,34.6,37.7,37.8,31.2,35.1,55.2
O75882_1198_H9N2,51.9,45.5,42.5,46.9,54.1,41.7,42.9,53.4
Q9UHN6_914_H8N2,41.7,64.9,39.7,56.1,51.5,46.8,56.5,53.3
P78357_276_H8N2,24.2,27.3,24.8,23.7,26.8,27,22.9,26.1
P24821_1093_H5N4F1A2,95.8,79.8,87.5,108.6,138.3,71.7,58.2,113.9
Q12841_144_H7N2,211.3,238.2,257.9,259,283.4,253.2,216.1,240.7
P26006_265_H5N4A1,236.2,280.1,361.1,272.9,318.8,240.9,261.9,360.5
Q6UVK1_2075_H5N4F1A2,89.6,38.6,94.8,55.7,88.3,43.3,71.8,82.9
P11047_650_H4N2,86.1,204.5,128,149.1,137.2,159.7,148,138.2
P07339_263_H9N2,69.7,61.5,61.2,57.4,59.5,66.2,58.9,71.9
P69849_618_H6N2,419.7,451.5,387.1,392.6,442.8,399.2,402.2,450.8
P17948_251_H8N2,14.3,21.9,12.7,14.9,25,19.8,20.7,0
P24821_1119_H3N3F1A1,37.9,50.5,45.7,39.7,61.6,36.7,36.9,43.2
Q9UKX5_1059_H8N2,31.2,44.5,52.4,51.7,50.1,43.6,43,47.8
Q70UQ0_328_H8N2,108.8,148.1,126,121.7,149.7,125.9,126.3,115.7
Q07954_3788_H4N4F1,19.7,24.7,26.7,22.3,26.2,22.2,21.5,25.9
Q9Y639_229_H8N7A1,103.3,188.4,148,144.6,184.5,130.7,148.2,135.8
Q9UNW1_481_H3N4F1,23.1,36.5,37.7,40.2,41.4,34.9,29.4,35.3
Q9Y6C2_766_H9N2,40.8,69.8,43.4,42.8,58.5,48.1,45.7,49.4
Q9UBV2_608_H9N2,310.6,486.6,426.3,420.5,413.6,430.2,398.8,442.1
Q07954_1511_H3N3F1,46.8,65.3,58,52.2,62.7,54.3,44.9,65.9
Q9Y4L1_515_H9N2,371.1,481.3,411.5,378.3,471.1,413.2,416.6,381.9
Q92896_165_H5N2F1,73.2,77.8,64,82.9,92.4,71.5,78.1,63.2
P69849_218_H9N2,75.9,98.2,85.1,81.4,91.2,88.2,84.7,84.8
Q13308_116_H3N3F1A1,201.1,278.9,240.5,284.5,270.1,252.1,206.5,299.9
Q12797_452_H4N2,50.9,67.3,76.3,63.6,71,62.9,64.8,65.4
Q9H173_193_H8N2,123.4,153.1,166,139.6,161.9,157.9,124.7,116.3
Q9UBG0_69_H5N4F1,356.8,549.4,548.6,528.8,510.3,582.2,420.7,516.2
P28300_81_H5N4F1,172.4,274.6,188.8,243.4,245.3,247.3,203.9,185.5
Q9NR99_2203_H7N2,489,759.5,624.4,540.5,642.1,649.1,540.1,598.4
Q07092_47_H5N4F1A1,79.8,80.8,80.2,66.6,69.7,98.4,55.5,90.6
Q9UBG0_140_H3N3F1A1,118.9,176.1,160.2,151.8,183.2,160.5,123.9,152.6
P35625_207_H9N2,133.2,93.2,108.9,112,124.3,96.8,115,120.8
P06756_615_H7N2,53.4,76,56.2,60,50.2,66.1,58.8,75.7
O14672_278_H9N2,126.7,102.1,103.5,146.1,128.3,128.4,105.9,125.9
P04216_42_H6N5F1,201.7,241.3,308.5,330.8,244.4,262.2,258.9,339.5
Q5ZPR3_104_H7N2,29.5,30.3,29.1,32.2,27.9,30.1,29.2,36.4
P17936_116_H4N5F1A1,29.4,42.3,48.4,44,63.1,37.2,30.9,36.2
P78357_518_H8N2,62.7,64.6,62.2,59.4,68.6,57.7,55.8,71.8
P04216_42_H7N6F1A2,72.5,71.7,124.8,112.6,73.9,88.5,86.5,140.3
P98160_89_H2N2,63.1,136.7,95,162.9,148.8,136.9,75.1,106
Q15904_261_H9N2,29.5,45.4,30.5,40.9,38.9,36.8,35.1,38.4
Q9UKX5_291_H5N4F1A1,40.2,51.7,43.1,66.9,65,47.1,36.9,56.9
Q07954_446_H5N4,235.2,330.4,267.4,276.9,300.7,324.2,236.9,269.8
P13611_330_H4N3F1,33.3,29.8,32.4,35.1,37,33.5,28.2,34.4
P20645_57_H8N2,143.3,178,154.5,173.5,186.5,171.9,149.7,153.4
Q07954_729_H5N4F1,38.8,40.6,39.1,43.3,48.7,37.2,30.2,48.7
P30530_198_H5N4F1A1,39.5,55.3,44.1,50.1,48.4,52.6,49.8,41.7
P28300_144_H4N2,63.7,80.5,111.4,76,89.2,85.6,84.1,78.8
P13473_356_H8N2,60.6,78.5,84,92.4,77.3,93.3,79.6,71.1
Q32P28_467_H10N2,32.4,34.2,27.6,31.7,33.1,34.2,32.4,28.5
P24821_1018_H6N2,471.2,913.7,361.1,443.2,723.9,609.9,394.8,500.1
Q99715_1763_H4N3F1,18,58.8,27.1,29.2,46.2,33.6,30.8,24.9
Q5NDL2_354_H6N2,79.3,64.6,82.4,93.6,73.6,73.4,79.8,98.8
P05997_1400_H6N2,380.3,634.9,447.6,460,469.7,585.4,422.1,479.5
Q86UK0_383_H8N2,72.2,90.8,78.6,76.2,70.3,90.5,75.1,87.5
Q8NBJ5_381_H8N2,32.6,46.6,31.7,38.7,36.6,35.7,42.8,37.1
Q9Y639_229_H5N4A2,54.2,67.5,81.7,51.4,79.6,50.3,64.3,64.9
Q6UXH9_451_H10N2,27.1,60.2,21.1,22.4,31.7,27.8,25,48.5
P24821_1034_H5N4,21.9,34.5,22.3,27.9,32,29,23.3,24
Q9NR99_2693_H5N4F1,61.3,142.7,101,72.6,103.3,130.6,69.5,79.9
P24821_1119_H5N4A1,43,56.9,38.3,41.8,57.1,42,34.3,49.3
P11279_103_H7N2,29.4,32.6,42.1,32.4,31.2,38.4,37.1,31.8
Q9UH99_636_H5N2,178.2,184.3,167.2,159.6,164.8,178.3,196.9,159.2
Q99715_1763_H8N2,31.2,44.7,53.8,45,45.1,56.9,32.6,42.6
P12821_695_H5N4F1A1,101.3,81.8,152.5,105,132.8,121.4,98.6,94.1
P08648_868_H6N5F1A1,81.6,94.4,88.4,85.3,96.8,85.9,90.1,81.9
Q9Y4L1_830_H7N2,58.9,65.7,59.5,59.4,59.5,67.3,54,66.1
Q13308_567_H5N4F1,20.2,31.4,19.9,28.9,25.9,31.7,21,23.2
Q04900_146_H9N2,35.4,37.7,21.6,27.7,28.5,33.4,25.3,36.9
O43556_200_H4N2,68.9,68.8,82.4,64.8,63.6,59.8,63.7,101.6
Q9P2E5_121_H9N2,109.7,155.4,116.1,146.9,142.1,127.2,124.2,141.6
Q07954_2127_H9N2,117.9,141.7,115.7,161.3,105.7,138.2,138.5,161
P26006_265_H5N4,55.9,65.3,80.5,60.1,69.9,61.8,58.4,74.9
Q14517_3422_H5N4,104.2,77.7,94.3,87.7,74.5,63.7,78.2,151.8
Q8IZJ1_222_H5N4F1A2,86,68.7,73.6,64.2,155.6,34.6,61.7,44
Q9UBV2_608_H7N2,165.4,268.3,221.9,235.7,219.6,240.3,202.5,239.2
Q9H173_193_H6N2,315.8,302.1,329.6,325.5,316.4,303.7,307.5,333.8
Q9Y4L1_931_H4N3F1,18,19,17.1,17.1,25.4,17.5,14,15.1
P24821_1119_H7N6F1,32,43.2,29.4,29.4,34.2,30.3,32.7,38.3
P21810_311_H5N4F1A1,48.6,98.5,72.6,64,73.3,68.4,61.7,83.3
Q96KA5_91_H3N2,32.9,36.8,36.5,38.3,33.5,39.1,36.4,37
Q07075_324_H5N4A1,12.6,34.5,15.8,25,20.6,23.5,20.7,24
P12110_785_H7N2,257.7,416.7,233.3,261.1,384.2,296.4,266.1,234
O75326_157_H5N4F2A1,36,36.3,35.6,40.4,34.5,36.3,40,39
P11279_261_H5N3A1,48.2,51.1,56.8,56.1,42.8,50.4,57.3,63.8
Q9UKX5_528_H10N2,18.8,25.2,32.2,35.9,28.7,23.9,42.2,18.4
Q12797_452_H9N2,50.6,76.1,48.5,50.1,63.3,52.7,55.6,55.9
Q8TCJ2_641_H3N2,96.4,130.4,118.9,125.5,118.2,115.7,113.8,127.9
P06756_74_H3N2,119.6,133.8,117.4,125.7,84.7,135.3,142.4,138.4
Q6P179_219_H8N2,87,107.6,28.7,84.8,93.8,66.5,66.8,83.6
Q9NR99_2693_H3N3F1,41.8,60.5,44.5,44.3,57.3,52.1,44,39.3
P13611_1898_H4N2,96.5,89.8,76.7,112.4,73,115.1,96.1,94.3
O96005_295_H7N2,63.8,73.8,64.7,67.7,64.7,64.8,65.8,76.9
P07339_263_H10N2,77.6,65.7,67.8,51.4,76.4,60.6,65.2,62.4
O94856_988_H4N3F1,28.7,37.5,32,30.9,37.4,28.5,29,35.2
O75326_157_H5N4F1A2,161.2,120.5,151.7,157.4,140.9,125.3,151,178.1
P07585_262_H5N4F1A1,188.2,173.9,413.2,265.6,266.2,344.2,274.8,163.3
P26006_969_H5N3F1,34,27.9,34.3,27.2,33.7,28.9,31,30.7
Q04900_146_H10N2,15.1,17.5,10.3,12.6,15.6,12.2,10.9,17.2
Q9UBG0_69_H3N2F1,139.7,196.6,181.1,177.6,183.3,204.7,137.5,174.4
P06756_554_H5N4F1,62.1,94,76.2,95.2,74.9,104.9,66.6,83.3
P98160_89_H4N3,272.5,562.2,383.2,544.9,550.2,536.2,309.8,378.4
P13473_275_H10N2,58.5,84.5,48,64.9,74.6,62.2,65,55.7
P24821_1392_H6N4F2A1,30.7,38.6,31.2,52,38.2,30.2,27.3,57.7
Q8IWB1_27_H8N2,111.6,159.1,123.8,156.8,128.1,167.7,142.7,116
Q92896_165_H4N3F1,52,78.3,46.9,64.8,76.6,83,47.7,35.7
Q9NU02_461_H8N2,62,112,89,97.9,107.9,94.5,82.8,77.1
P35625_207_H7N2,119.8,82.9,120,95.5,111.3,87.8,103.7,117
P13674_113_H2N2,167.9,317.3,238.8,217.9,268.6,252.6,219.1,205
P24043_2017_H9N2,32.2,82.2,42.7,44.5,51,43.8,59.1,48.4
Q9Y4L1_515_H2N2,196.7,259.3,194.8,177,222.3,204.4,210.8,193.1
P13674_113_H9N2,871.4,1523.1,1119.2,1107.8,1312.5,1246.7,1089.7,988
Q8TCJ2_641_H10N2,20.8,29.4,20.7,21.1,22.4,21.1,20.4,28.4
Q6PK18_267_H8N2,199.9,280.8,236.1,206.1,254.1,228.1,235.1,208.5
Q9UBG0_140_H8N7F1,35,19.5,25.5,26.3,17.8,36.6,25.4,26.8
Q70UQ0_328_H7N2,102.1,134.9,119.4,105.1,130.1,115.8,115,101.9
Q07954_2127_H3N3F1,69.3,66.2,58.4,66.9,74.8,59.9,60,66.8
Q96BA8_513_H8N2,36.6,22.5,24.1,29.3,31.6,24.7,29.5,27
P06280_139_H3N2F1,37.8,43.4,34.3,36.9,34.1,41.2,36.7,40.8
Q96K49_68_H6N3A1,185.2,255.2,141.6,160.2,240.5,179.2,162.8,158.2
Q9NR99_2007_H4N4F1,21.8,58.8,44.9,34.6,43.8,49.9,27.8,39
Q08431_325_H6N5F1A1,50.8,51.5,49.3,47.2,48.6,45,51.6,53.9
P13473_356_H5N3F1A1,57.4,97.2,51.3,64.6,79,61.8,67.5,62.6
Q92626_1280_H8N2,119.5,161.2,162,185.4,152.7,176,140.9,159.4
P01861_177_H4N4F1G1,17.4,18.9,20.6,18.3,18.8,13.8,15.8,26.9
P24821_1119_H4N4F1,320.3,502.2,302,331.9,505.7,345.2,283.6,323.5
Q9UBG0_69_H9N2,76.2,77.5,58.1,62.4,57.5,75.1,64.3,77.5
P06756_74_H5N3,77.3,98.2,66.4,65.6,56.4,85.5,88.6,77.2
P07996_248_H6N4A1,37.6,39.8,34.8,42,41.1,36.5,35.7,41
Q13308_116_H4N3F1,237.3,361.8,214.9,285.4,286,320.7,211.4,282
P08962_130_H6N5F4A3,29.9,48.3,76.3,57,56.3,42.3,47.2,65.8
P08962_130_H8N7F1A2,29.9,48.3,76.3,57,56.3,42.3,47.2,65.8
Q13308_405_H5N4F1,49.7,89.7,60.2,69.7,70.3,71.8,55.5,71.8
Q13308_405_H5N4F1A1,214.9,359.7,240.7,309.2,297.8,301.9,212.5,312.5
Q9Y639_229_H6N2,269.7,219.2,174.8,191.9,175.7,163.3,263.9,252.8
Q9NR99_2693_H6N3F1,27.3,55.7,40.1,33.1,52.4,43.4,29.6,30.8
P24821_38_H7N6F1,40.4,79.8,46.5,54,69.8,59.7,50.1,41.1
Q9NRN5_177_H10N2,76.2,82.4,76.6,74.9,87.6,58.1,60.8,103.6
Q9NR99_2693_H8N2,51.5,65.9,70.3,46.7,54.1,80.6,40.5,59.1
Q13308_567_H5N4F1A1,85.1,128.2,97.9,122,116.7,105.6,86.4,124.3
Q969V3_428_H6N2,368.4,370.6,318.2,353.4,304.6,359.2,386.1,359.7
Q9UBG0_69_H5N4F1A1,194.7,330.5,280.9,268.9,264.7,314.9,225.4,268.9
Q07954_2127_H4N4F1,42.2,33.8,36,42.7,41.8,38.4,36.3,38
Q13308_567_H5N4F1A2,46,52.9,55.6,55.3,55.6,46.2,42.6,65.1
Q68CQ7_257_H5N4F1A3,58.3,130.6,97.7,108.6,129.5,106.4,84,74.7
Q07954_4075_H6N3,527.9,541.4,417.9,481.8,525.2,443.8,437.2,478.7
Q9UBG0_140_H4N4F1A1,47.7,75.7,71.2,68.6,77.3,66.7,54.6,63.9
Q12884_314_H5N3A1,16.6,23.1,16.1,19.1,18.9,17.7,15.3,22.8
P98160_89_H4N4A1,32.8,64.5,51.8,79.3,75.1,60.8,37.3,54.5
P02786_251_H5N4F1A1,83.9,206.2,90.4,136.1,146.3,132.5,115.4,116
P13473_356_H10N2,39.1,40,40.2,41.8,42.5,44,39.6,34.5
Q9Y639_229_H9N2,373.1,299.1,212.9,230.1,257.3,206.4,346.6,301.3
P08195_365_H5N4F1A1,196.3,210.2,198.2,203.3,236,184.2,212.3,169
P15144_234_H6N5,229.8,469.8,328.9,299.2,322.1,354.3,295.4,349.7
P48960_453_H5N4F1A1,370.6,480.2,388.7,346.6,336.6,350.4,419.3,439.5
P15586_362_H5N2,30.3,37.7,26.8,28.5,28.7,37.4,33.2,23.4
O75882_416_H9N2,113.2,131.7,105.2,118.4,114.2,121.9,94.6,135.5
Q9HD45_174_H5N3A1,267.7,293.3,275.6,255.8,245.3,209.9,311.3,320.4
P26006_86_H6N5F1A1,72.3,93.1,117,77,97.7,63.7,91.8,104.3
O95297_50_H5N3F1A1,48.9,63.7,51.2,60.5,59.4,45,57.3,61.4
P12110_140_H9N2,338.8,568,328.9,410.3,471.2,465.6,338.9,361.4
P24821_1119_H5N4F1G1,51.9,74.5,51.6,59.1,78.9,55.7,47.6,53.5
P08648_297_H11N6,31.2,77,31.2,45.5,48.3,69.8,39,26.7
P04216_42_H6N5F1A3,58,69.1,104.8,70.5,71.8,65.4,72,91.4
Q13510_259_H9N2,89.8,82.7,70,76.1,75.7,72.8,87.7,80.5
Q9NYU1_286_H6N2,379.3,559.5,516.4,673.2,538,477.7,560.4,539.4
Q92626_1280_H6N2,65.1,94.1,79.7,107,93.5,84.7,78.9,86.6
P98160_89_H3N2,115.7,250.5,156.5,204.8,214.3,220.4,126.7,161.4
Q9UBG0_364_H4N3F1,179.9,186.4,215.9,199.3,196.6,224.1,159.2,180
P69849_369_H8N2,99.5,68.7,90.6,103.9,98.6,88.2,82.6,90.6
P19022_692_H4N3F1,47.3,51.8,48.1,63.1,51.3,62.3,43.6,51.5
P08962_130_H7N6F4A3,23.2,27.9,42.8,47.7,29,29.3,27.6,54.6
P08962_130_H9N8F1A2,23.2,27.9,42.8,47.7,29,29.3,27.6,54.6
Q92629_108_H6N2,55.7,75.6,79.6,57.4,60.7,68.5,50,86.9
O75462_292_H10N2,19.5,18.7,37.7,20.5,25.2,28.2,35.6,6.6
P08648_182_H5N4F1,266.5,511.4,234,335.2,384.2,394.7,320.7,235.9
P35613_268_H5N4F4A2,19.3,25.1,27.7,30.4,32.2,30.4,17.5,21.5
O00754_367_H6N2,262,346.3,261.8,287,273.8,267.1,242.4,363.5
Q9UBG0_69_H4N3F1,269.3,400.5,346.6,384.6,363.3,393.1,276.9,354.9
P24821_1392_H4N3F1,60.4,80.4,42.3,49.8,78.3,60.5,46.2,45.7
Q9P232_468_H5N4F1A1,80,142.4,66,80.7,107.6,100.5,74.4,83.1
P15144_234_H7N4,76.7,87.3,92.1,69.2,80.1,80.1,76.3,85.7
Q6YHK3_118_H7N2,48.5,56.4,44.3,49.1,49.9,47.6,49.9,49
Q99715_1763_H5N3,58.7,92.5,63,64.7,68.4,75.5,70.5,61.8
P08648_182_H5N4F1A1,245.4,326,304.5,347.1,308,375.9,229.6,297.5
Q5T4B2_360_H6N2,86.7,130.4,134.6,135,111.8,131,122.3,116.8
P35625_207_H5N4F1,40.1,42.6,35.2,38.4,46,37.9,29.8,41
P24821_1485_H3N3F1,35.8,64.4,27.7,45,49.5,43,26.8,51.8
P04216_42_H6N5F2,36.4,50.1,53.6,75.5,55.7,56.5,47.8,53.3
P02751_1007_H5N4F1A2,69.8,139.7,195,135,101.9,83.8,113.3,234.7
Q13308_405_H4N3F1,57.5,85.3,58,79.2,76.3,71.1,56.4,73.1
Q9UHN6_1234_H9N2,39.7,70.1,36,51.8,51.7,49.4,46.3,48
P13473_356_H5N3A1,36.4,38.1,33.6,32,28.6,34.2,39,36.7
P26006_265_H6N3A1,106.2,96.9,123.8,99,103.8,86.3,107.5,123.4
Q9UBG0_69_H4N3F1A1,80.9,106.6,82.6,85.4,95.4,93.9,74.6,87.5
Q92626_1280_H5N2,36.2,58.7,38.8,45.4,44.5,50.3,35.9,46.3
Q9NYU1_286_H9N2,73.9,90.1,67.5,96.3,91.1,95.8,67.9,69.1
P24821_1119_H5N4F1A2,92.1,132.3,99,106.5,135.4,94.6,81.2,113.3
P02452_1365_H8N2,1498.9,2809.7,2313.8,2291.2,2524.7,2563.8,2112.4,1597.5
Q16610_354_H8N5F1A1,24.5,24.8,21,27.1,21,21.8,24.7,28.6
P26006_86_H4N3F1,65.9,56.2,90.8,71.6,80.8,50.3,72.1,77.5
P17936_116_H4N4F1,62.5,71.2,59.8,61,89.4,51.5,46.2,64
Q96J42_293_H8N2,188.4,157,192.8,156.5,155.8,154.1,186.8,188.7
P69849_618_H9N2,284,296.6,239.8,250,288.6,249.3,258.8,259.3
Q9Y4L1_830_H9N2,99.4,101.4,89.3,94.7,92.5,86.5,90.3,110.3
P09619_371_H8N2,65.9,98.6,75.5,83.9,104.5,78.6,72.9,63.5
Q9NR99_2203_H8N2,337.5,409.1,440.4,316.9,344.7,488.4,259.4,390.5
Q14517_1940_H9N2,41.7,36.3,42.1,41.3,29.6,27,44.5,58
Q9NR99_2415_H5N4F1,119.5,259.4,199.6,144.6,188.5,228.1,134.8,161.2
P24821_1485_H6N5F1,223.4,367.3,193.2,245.8,293.9,285.8,197,237
Q9UHG3_353_H8N2,563.6,437.2,625.7,580.7,489.3,526.8,540.4,599.7
Q96S52_370_H6N2,70,74.7,81.3,86.8,71.8,77.9,67,90.8
Q9Y6C2_794_H3N3A1,40.8,43.8,63.5,63.7,46.5,50.4,43.5,67.8
Q99985_268_H9N2,30.5,49.1,42.8,30,38.9,42.2,35.6,33.1
P28300_81_H4N3F1,52.6,78.4,58.7,76.3,74.3,64.2,58.4,59.6
Q07954_446_H7N2,34.6,41.7,35.8,43.3,37.1,40.1,38.8,36.7
P07996_1067_H4N5A1,95.4,109.3,117.2,85.9,125.2,90.9,97.1,87.4
P13611_330_H5N4F1A1,211.6,198.1,237.6,281,220.8,219.5,232.7,238.9
Q9NR99_2203_H4N2,128.7,181.2,162,120,151.7,161.7,125.2,142.7
P24821_38_H5N4F1A1,301.1,535.3,215.8,272.8,474.3,354.8,233.4,238.2
Q9UBS9_530_H8N3,18.4,18,20.2,23.6,27.4,16.5,17.5,17.3
P13674_113_H5N2,436,808.6,578.4,580.5,690.3,652,516.9,499.3
P17301_1074_H7N2,132.5,121,148.1,164.7,136.5,103.4,107.7,207.9
P24821_1485_H7N6F1,80.6,137,65.5,86.8,95.5,99.9,77.4,89.9
P24821_1119_H5N4,174.3,260.2,169.1,182.5,263,203.3,127.6,176.6
P13473_356_H4N3F1A1,27.4,51.4,32,30.2,38.5,33.2,27,39.5
P01033_53_H7N2,66,76.5,78.7,73.8,74.5,79.1,70.1,65.4
P43251_349_H8N2,20,33.2,30.2,36.3,31.4,29.4,29.7,26.8
P08123_1267_H8N2,137.5,198.5,158.1,197.2,197.5,191.7,153.5,134.5
P78357_843_H3N2,40.9,52.7,52.4,39.6,47,41.9,42.2,50.7
P24821_1119_H5N2,136.9,191.7,119.2,150.4,158.5,190.7,115.7,120.9
Q7Z3B1_73_H5N4F1A1,24.4,23.4,20,22.9,26.3,19.3,20.3,22.9
Q9NT68_1267_H5N4A1,46.5,64.4,69.6,75.5,58.1,52.7,55.8,84
P24821_38_H6N5F1A1,307.9,333.3,237.2,276.5,379.8,338.5,220.9,191.2
P35625_207_H6N2,33.1,19.4,29.6,26.1,26.8,23.5,24.4,31.2
P78357_276_H9N2,124.3,166.1,152.4,121.1,147.8,123.1,136.5,144.4
P07996_248_H5N4F1A2,85.9,118.7,181.2,155.2,144.3,94.9,128.8,155.8
Q07954_2905_H5N4F1,94.3,140,115.6,106.1,124.1,134.5,99.8,87.4
Q92896_210_H5N4F1A2,84.1,101.9,75.1,101,103.3,112.1,85.5,53.1
Q4KMQ2_361_H8N2,181.7,173.5,162,158.4,187.9,152.5,149.8,169.8
P24821_1485_H5N4F1A1,346.9,346,237.8,325.4,470.7,304.6,182.9,268.8
Q14703_148_H10N2,13.5,16.1,15.3,15.5,16.6,13.9,15.5,13
P12111_2558_H8N2,45.1,39.8,38,41.4,46.2,32.6,42.9,38.7
P98160_3780_H4N3F1,192.6,580.3,271.7,346.6,378.4,445.3,222.7,311.7
Q92896_165_H6N3F1A1,183.5,194.8,166.5,208.8,216.4,160,200.7,158.3
Q12884_49_H6N2,103.4,184.1,99.1,129,167.4,120.8,102.1,112.6
Q9Y639_229_H5N2,402.1,373.4,305,338.9,317.1,295.8,393.4,378
P06756_554_H5N4F1A2,4,7.1,9.4,7.8,6.7,5.9,6.1,8.9
P11279_261_H6N3,469.3,344.9,418,434.9,361,368.6,440,456.1
Q9UHN6_914_H10N2,30.8,42.7,25.2,29.6,30.3,24.1,39,31.7
Q13510_259_H7N2,93.5,66.2,99.4,120.3,98.4,85.4,100.2,85.9
Q12884_49_H10N2,88.6,117.7,78.6,96.4,104.1,84.5,88.9,94.2
P13473_275_H6N5A1,475,607.7,502.7,478,572.8,548.1,476.8,412.5
Q99715_2528_H7N2,330.2,788.6,502.8,456.7,596.1,565.9,569.9,292.3
P24821_1485_H9N2,72,97.8,46,71.4,96.2,67.1,58.9,57.5
O94856_778_H5N4F2A1,19.3,31.9,24.6,29,24.8,22,24.8,30.4
Q92896_165_H5N2,114.5,122.2,95.1,123.7,130.8,93.8,123.1,95.6
P43652_402_H6N5A4,116.8,50.7,141.2,123.3,85.2,82.2,87.9,165.1
Q07954_2127_H6N5F1A2,60.4,77.4,58.1,74.9,80,70,64.5,49
Q9NR99_2693_H4N2,305.3,438.1,308.7,277.5,339.4,342.5,306.1,305.6
O75326_258_H7N2,182.8,93.8,119.8,133.7,133.1,105.4,140.4,136.8
P14384_38_H5N4F1A2,72.4,269.8,74.9,86.3,173.3,106.6,116,93.8
Q6YHK3_419_H5N4F2,80.8,63.9,73.4,95.4,95.1,73.2,66.1,70.5
Q14982_44_H5N4F1A1,35,45.2,36.9,35.7,43.1,37.4,29.1,39
Q99571_75_H6N5F1A1,25.3,39.7,29.7,30.6,25.3,41.8,28.6,26.1
Q9P273_2124_H5N4F1A2,63.3,66.5,46.6,88.3,62.6,58.4,54,82.3
P12109_516_H5N3F1,30.7,37.3,29.8,29.2,47.2,29.3,28.9,18
Q8NBK3_141_H6N2,181.7,130.5,211.9,183.7,167.1,134.2,171.4,214.9
P26006_86_H5N4F1,120,89.4,156,114.2,140.7,87.3,115,122.9
Q9UJ14_586_H8N2,83.4,102.9,80.4,75.7,67.1,83.8,86.6,95
P04216_42_H7N5F1,57,30.5,42.2,49.1,30.1,34.6,48.3,60.6
Q14517_1940_H8N2,42.5,43.6,39.7,39.2,32.3,33.9,35,59
P20645_83_H5N4F1A2,91,201.4,85.9,81.9,101.3,117.9,120.8,106.8
P78357_843_H10N2,105,72.3,82.9,82.6,107.3,64.1,80.6,80.8
P69849_618_H7N2,197.4,167.1,189,181.1,179.8,185.2,190.1,157.9
P12111_2079_H6N2,364.3,262.5,278.1,227.7,395.8,201.5,203.8,183.3
Q6P4Q7_122_H8N2,32.9,51.6,36.1,48.5,39.4,43.6,37.8,43.3
Q9NR99_2693_H4N3F1,143.2,298,219.2,170,245.2,239.7,137.4,183.5
P26006_511_H4N3F1,60.1,58.1,96.6,61.4,73.1,46.8,64.1,84
P11047_1107_H5N2,63,167.9,110.4,123.4,102.9,125.5,121.7,100.7
Q9UH99_636_H7N2,39.1,41.6,35.6,43.2,32.1,47.1,43.6,31.9
Q9UBV2_608_H5N2,136.8,166.4,147.7,156.4,149.3,142.9,140.2,156.6
Q9HD45_174_H5N3F1A1,80.7,112.1,75.2,97.2,81.6,95.2,95.3,82
Q9UBV2_608_H8N2,93.6,132.6,106.4,118.5,108.6,111.1,100.1,117.3
Q9NRN5_248_H5N4F1A1,50.7,115.5,66,83.1,71.1,77.8,68.4,88.2
Q13433_266_H5N4F2,11.3,22,11.5,18.5,17.4,17.3,15.2,11.4
O75326_157_H5N4F1A1,80.1,60.6,65.5,71.6,64.9,75.7,72.4,55.9
Q9HDC9_160_H4N2,145.3,189.6,158.9,176.1,123.4,193.5,158.8,172.6
Q6UVK1_1202_H5N4F1A1,61.4,47.3,78.5,47.9,53.2,43.9,79.3,51.1
P35555_448_H5N4F1A2,21.8,60.2,91.5,110.7,74.9,83,66.2,50.9
P02751_1007_H5N4A1,52.6,106.5,96,90.8,76.8,61.6,63.6,132.7
Q9HDC9_196_H7N2,22.4,33.1,27.8,30.1,29.3,31.1,25.4,23.9
P98160_89_H3N3A1,35.6,81.4,45.2,66.6,62.7,72.2,40.5,45.9
P26006_969_H5N4A1,45.7,64.6,62,34.5,49.7,44.9,48.8,56.6
Q7Z4H8_61_H9N2,376.2,476.4,374.5,452.3,402.1,400.6,420.5,400.9
P26006_107_H5N4F1A2,117.6,47.8,140.8,99.2,126.3,60.6,81.3,123.8
P24821_1392_H6N5F1A1,105.8,130.6,86.8,96.9,132.6,98.1,72.4,103.1
P35555_448_H4N3F1A1,21.3,46.1,37.3,54.9,44,48.6,32.4,29.3
Q96KA5_229_H8N2,175.6,208.4,200.3,201.1,188.2,225.5,125.1,219.9
Q9UBG0_1157_H5N4F1A1,16.3,26.2,16.9,20,18.9,17.1,18.1,22.6
P06756_74_H4N2,137.6,209.8,130.9,140.5,133.7,175,147.8,141.2
Q9NRN5_248_H5N4F1A2,17.9,33.4,25.5,33.7,24.8,28.3,22.1,31.5
P55083_137_H6N5F1,27.4,92.8,36,37.8,45.5,56.7,41.6,43.5
Q9H330_551_H8N2,208,115.9,174.4,185.5,164.4,157.4,160.8,177.4
Q12884_99_H5N4F1A1,89.1,237.9,100,103.1,177.8,104.6,96.4,132.8
P11279_261_H8N2,98.4,104.5,143.7,150.5,124.4,130.5,108.8,116
Q9GZX9_81_H5N2,47.5,41.5,40.7,41.4,31.8,44.6,38.5,50.2
P35625_207_H5N2,32.7,33.2,31,35.9,37.6,26.7,32.7,31.1
P08962_130_H6N5F1,79.9,114,139.1,143.4,91.1,104.3,119.4,131.7
Q12884_314_H6N3A1,32.2,40.8,30.9,37.2,37.7,31.9,27.6,38.8
P12111_2677_H5N4F1A2,25.8,35.9,40.9,26.7,36.6,24.2,27.5,36.3
P15848_188_H7N2,77.5,83.2,64.5,71.4,70.9,59.4,91.8,63.6
P35555_2767_H5N4F1,48.8,86.1,59.1,71.1,68.2,74,58.5,54.6
Q13308_116_H5N4F1A1,524.5,856.3,542.5,672.5,640.1,663.2,521.5,674.1
O95967_198_H5N4,68.6,114.2,54.3,83.8,74.6,91.5,73.8,69
P11047_1241_H8N2,254.5,710,370.3,455.6,416.6,468.2,476.5,362.1
P24821_1485_H7N6F1A1,68.6,104.9,66.4,82.2,78.8,78,64.2,89
Q9UBV2_608_H4N2,106.4,140.6,130.3,125.3,127.8,111.7,121.8,121.8
P14625_445_H6N2,73.6,96.1,79.7,68.9,69.9,83.5,75.4,77.1
Q96AE7_184_H6N2,27.2,33.8,27.6,24,25.9,24.7,24.9,32.7
Q07954_3089_H5N4F1A1,109.6,195.7,158.3,150.4,172.5,148.7,119.8,149
P08648_182_H4N3F1,51.7,75.1,66.4,80.3,73.4,78.4,48.7,62.3
P24821_1485_H5N4F4A2,46.9,76.9,41.6,53.9,56.1,57.6,40.9,56.1
P07996_1067_H3N3G1,22.2,29.4,18.8,23.7,25.5,20.8,23.3,20.8
P07996_1067_H6N4,243.6,398,282,312.5,368.2,286.3,232.2,300
P06756_615_H8N2,105.3,157.1,113.7,125.5,105.9,148.9,105.9,120.8
P08123_1267_H6N2,121.3,176.1,156.9,202.3,190.1,175.9,137.4,126.7
Q9Y6C2_766_H8N2,47.8,60.5,56.2,48.5,52.3,42.9,57.9,51.3
P24821_1119_H6N5F1A2,91.6,176.4,119,127.9,125,93.7,96.7,178.5
O43556_200_H8N2,231.4,178.8,276.7,203.4,162.9,163.8,188.9,338.3
Q8IWA5_417_H6N5F1A3,18.1,29.9,44.3,31.7,25.7,28.2,27.2,37.8
P06756_704_H5N4F1,63.9,263,88.8,102.9,92.7,175.2,137.9,91.3
P15144_234_H7N6,106.1,165.4,117.7,114,133.9,124.5,115,108.8
P18084_705_H4N3F1,61.1,61.5,69.3,71.3,65.1,63.7,47.8,75.6
P07996_1067_H6N4F1G1,72.7,112.6,81.2,105.5,108.2,80,71.6,96.5
P55290_86_H9N2,145.1,312,141.5,166,157.6,264.3,186.6,123.8
P51884_127_H5N4F1A1,51.1,47.6,62,40.5,60.5,49.1,56,27.1
Q969V3_428_H8N2,285.8,252.4,263.5,246.8,242,253.4,267.7,241.1
P04216_42_H5N4F1,283.4,338.9,448.4,414.7,357.8,339,339.5,385.7
P13674_113_H7N2,542.7,941.3,699.5,736.9,736.8,762,678,618.5
P06756_615_H9N2,172.8,271.9,210,237.9,196.2,257.5,180.6,220
P06756_74_H3N2F1,168.5,298.4,179.8,226.4,209.1,238.2,199.9,188.4
Q92626_1280_H4N2,40.1,60.2,46,65.2,48,52.5,51.4,50.5
P24821_1485_H6N5F1A2,75.3,94.1,61.6,82.3,92.6,66.4,49.4,91.1
P50454_120_H5N4,39.4,24.6,21.1,23.5,14.5,33.7,35.9,19.7
P11047_1380_H8N2,125.8,431.3,190.2,239.7,206.4,276.9,273.4,186.4
P15144_735_H7N6F1A4,14.7,12.2,14.5,16.7,8.6,10.8,12.8,23.3
Q9NR99_1910_H4N3F1,93.8,130.2,126.4,105.1,128.7,128.7,79.7,98
P24821_1392_H5N4F1A1,317.8,361.4,240.5,308.2,453.8,280,188,251
P04216_42_H6N5F1A1,233.5,318.7,430,364.3,262.6,296.8,293.5,335.3
Q9UBG0_69_H5N4F1A2,34.5,51.5,40.7,47,45.1,42.6,35.5,42.6
P69849_618_H8N2,239.4,142.2,239.8,222.8,210.9,216.3,196,182.6
Q8TF66_369_H5N4A1,67.8,42.4,57.7,48.6,40.6,33.9,42.7,89.4
P15586_362_H8N2,49.7,56.7,51,51.3,53.4,54,51.7,40
P48960_371_H4N3F1,78.3,75.3,86.1,47.3,53.6,62,99.1,59
Q13308_116_H3N3F1,76.4,112,74.9,93.6,85.9,102.1,68.1,84.2
Q12884_49_H7N3,75.3,130.2,84.7,98,104.9,82.5,77.7,105
Q9UH99_636_H8N2,211,172.3,168,177.3,141.4,180.7,214.7,157.6
Q9NRN5_177_H5N4F1A1,47.3,82.9,53.9,74.6,59.3,58,52.8,76.4
P07996_1067_H6N4G1,383.5,623.5,409.7,531.6,563.8,472.4,344.8,475.4
Q7Z4N8_242_H9N2,28.7,45.9,32.4,44.2,33.9,35.9,33.5,40.7
P98160_89_H5N4A1,168.4,477.5,240.5,341,327,342.4,214.1,285.3
P12109_804_H6N2,52.8,60.6,65.8,66.1,70.5,56.8,48.4,51.5
Q13308_116_H8N2,259,262.2,233.8,241.9,231.9,225.4,197.2,294.5
P35613_268_H6N5F1,15.1,21.6,16.7,23.3,29.8,19,10.5,13.7
P07996_1067_H5N4G2,91.6,144.2,103.3,133.1,135.2,101.9,90.5,121.8
P48960_453_H5N4F1,373.9,557.2,485.2,488.1,442,404.1,476.4,489.3
P11047_650_H9N2,374.7,1066.5,550,698.6,604.3,703.3,648,603.1
P17936_136_H5N4F1,43.7,46.3,26.5,38.3,45.2,33,30.2,38.8
P35625_207_H4N2,58.7,39.5,43.1,47.2,49.4,34.9,45.8,49.1
P35613_160_H9N2,60.4,84.2,57.7,58.5,64.5,63,63.9,56.5
P25445_118_H5N4F1,113.8,93.2,97.4,99.5,114.9,90,89.1,89.9
Q13308_116_H5N4F1,168.7,325.3,171.3,251.1,231.2,258.3,175.1,206.4
P15586_362_H4N2,45.4,47,35,43.3,48.8,41,40,32.4
P12109_516_H5N4,30,40.1,24,26,37.1,28.5,26.9,21.6
Q99985_585_H9N2,38.8,83,42.7,43.2,55.8,54.5,47.8,39.2
Q58FF8_46_H9N2,30.5,48.4,35.3,39.2,32.2,40.1,39.6,33.8
Q9Y6C2_794_H4N3A1,31.4,35.1,51,49.5,35.6,37.5,33.5,52
P24821_1119_H4N3F1A1,248.8,312,246,265,320.3,230.4,189.6,277.3
P11047_1223_H5N4F1,26.1,58.5,31.6,35.8,44,41.7,29.8,28.8
Q8N766_913_H8N2,135.3,158.6,154,144.5,149.5,153.9,134.1,124.6
P13473_257_H8N7F1,10.7,17.5,19.3,18.9,13.5,15,16,18.5
P24821_1392_H5N4F1,104.3,123.7,47.2,79,148.2,91.4,39,57.3
Q7Z5L7_299_H10N2,47.3,56.6,54.3,61.6,51.8,46.5,48.4,61.7
P09619_215_H5N4F1,32.5,53.7,42,41.3,53.7,33.6,27.7,45.7
Q9NR99_2007_H3N3F1,18,28.6,29.8,27.6,25.3,26.1,21.9,25.3
P24821_1018_H5N2,194.8,538.2,132.4,160.1,246,230.2,174,321.4
O75462_292_H8N2,46.9,31.8,100.8,41.2,56.8,61.1,75.9,15.3
O15460_264_H6N2,106.9,153.9,172.3,168.1,179,134.6,118.4,137.5
P28300_144_H7N2,82.6,93.4,133.1,78.1,88.1,93.8,96.3,88.3
P12109_537_H5N4F1A2,82.7,130.3,100.8,113.5,117.7,121,89.5,76.1
P56199_840_H8N2,206.7,219.1,441.6,379.3,245.8,178.9,329.3,425.4
Q9NR99_1910_H4N3F1A1,49.9,93,86.7,64.9,78.2,71.5,57.8,71.1
P78357_843_H5N2,51.4,72.8,59.1,47.5,59.5,51.8,51.7,55.2
P98160_89_H3N3,145.6,309.8,173.7,239.1,258.1,266,151.1,145.6
P12110_785_H8N2,956,1023.8,756.7,917.8,1022.6,994,705.7,731.5
P24821_1119_H6N4F1,27.6,52.8,27.6,32.2,43.3,41.7,22.9,24.6
P24821_1485_H4N3F1,137.4,150.9,95.5,112.5,178.5,119.7,75.7,95.1
Q9UBG0_69_H6N2,42,43.1,36.9,45.2,33.6,44.6,35.6,44.2
O43852_131_H3N3F1,70,53.7,78.4,96.4,82.8,68.1,62.3,68.8
P11047_650_H7N2,235.1,487.3,295.2,353.5,347.2,343.5,303.8,300.8
Q13308_116_H5N4F1A1G1,54.8,99,59.4,63.5,67.9,63.1,48.2,82.2
Q9NR99_1910_H5N3F1A1,29.2,36.7,36.2,33.5,35,32.3,25.7,35.1
O15031_528_H6N2,31.2,30.1,35.9,36.1,25,30.6,29,41.3
Q12841_144_H10N2,71.5,55,63.5,68.8,74,46.5,68.6,55.3
Q9UBG0_69_H6N3F1,50.7,73.2,55.7,73.4,53,55.4,68.8,61.7
P78357_843_H2N2,71.3,94.9,77.6,60.7,77.7,72.1,64.5,73.2
P24821_1485_H5N5F1,33.1,65.2,37.6,49.9,57.1,45.2,34.5,38.6
P69849_369_H9N2,247.1,192.5,203,231.8,217.4,181.4,193,233.5
P24821_1392_H6N5F1,31.7,39.2,24,29,34.7,31.2,22.3,28.7
P26006_656_H6N2,107.7,137,148,132.9,133.9,107.3,113.2,141.4
Q13563_362_H8N2,38.2,34,44.5,49.3,37.7,41.9,45.1,31.8
Q9NR99_2693_H5N3,204,280.5,234.4,195.7,199.1,243.9,218.2,201
P26006_86_H9N2,29.9,33.7,37.8,29.2,35,20.7,32.1,35.3
P02452_1365_H10N2,28.3,29.3,33,41.1,40.2,33.1,25.9,24.9
P08962_130_H6N5F1A1,299.9,476.5,508.5,349.1,398.7,303.6,335.1,306.2
Q9HDC9_160_H3N3F1,101.4,180,131.8,170.7,137.7,162,118.9,131.3
P98160_3072_H5N4F1A1,55,71.5,58.7,82.5,67.4,63.8,51.5,69.4
Q9Y6C2_766_H5N4F1A1,767.2,1327.1,975.1,918.3,1188.8,835.2,733.5,996.2
Q70UQ0_328_H5N2,223.9,308.5,167.4,254.5,194,263.2,190.5,250.6
P11047_1107_H8N2,89.2,253.4,159.2,178.3,133.3,190.5,169.4,146.6
Q9NT68_482_H5N4A1,105.9,124.5,168.2,194.4,136.9,113.1,117.5,190.1
Q9NT68_443_H9N2,16,14.2,16.6,16.8,11.6,11.8,13,23.4
P28300_144_H9N2,49.3,78.9,107.1,59.6,66.4,73.4,80.6,56.8
Q13641_275_H6N5F1A1,49.1,58.3,53.2,72.6,66.6,60,52.3,40.3
Q02742_58_H6N3A1,41.1,56.1,64,47.3,59.7,45.1,38.2,52.9
P17936_116_H4N3F1,150.9,133.5,93.2,101.7,174.5,78.2,79.5,117.6
P12110_140_H5N2,61.3,104.4,69.6,86.8,82.2,83.7,66.2,70
Q9UBG0_69_H6N5F1A1,35.6,60.3,58.7,44.9,37.8,53.1,40.3,55.9
Q15043_77_H6N5F1A2,21.8,47.1,31.7,34.3,43.4,25.9,25.7,31.5
P50454_120_H4N3F1,36.2,57.6,20.3,18.7,30.7,38.3,32.9,22.6
P12111_2558_H6N2,59.7,57.2,64.3,48.7,63.9,49.8,45.9,55.9
P24821_1018_H5N4A1,35,84,35.1,37.7,44.2,30.9,35.3,69.3
P17936_116_H5N4F1,270.2,286.2,200.2,208.1,321.4,192.3,165.3,224.4
P14625_445_H7N2,57.8,57.4,52.3,47.3,42.5,53.7,50.5,54.4
Q12884_49_H6N3,158.1,298.7,136,165.8,234.9,159,131.9,184.2
Q12884_314_H5N4A2,23.2,48.1,30.2,35.8,42.6,35.1,19.3,31.5
P24821_1485_H7N5F2,27.8,80.1,30.4,44.1,50.7,45.6,34.5,39.9
P28300_81_H5N4F1A1,104.1,142.2,155.2,157.2,124,104.8,109.4,158.2
Q13510_259_H8N2,286.4,192.6,279.8,321.9,271.9,240.6,274.6,223.4
Q9H6B4_74_H5N4F2A1,35.6,44.7,42.4,60.4,42.3,42.9,45.7,40.2
P12111_2558_H6N5F1A2,28.4,28.8,47.3,30.7,31.6,24.4,23.7,46.6
P11047_1107_H6N2,104.6,263.7,138.4,148.9,130,149.3,160.2,172.5
P08195_365_H5N4F1A2,137.3,105.1,146.5,134.2,139.6,102.9,119.6,126.1
P78357_843_H4N2,87.5,113.5,86.2,73.7,92.2,86.7,78.1,79.8
P24821_1485_H5N4F1,310.6,425.2,207.4,275.4,408.5,305.3,176.6,245.1
Q9NZV5_190_H8N2,42.3,54.8,39.8,47,36.2,49.8,44.9,40.4
P26006_265_H4N3,58,67,92.3,69.9,71.8,52.6,59.4,83.7
Q9Y6C2_794_H5N4F1A2,34,68,65.6,84.9,68.7,46.5,41.8,78
P98160_89_H5N4A2,298.8,742.8,446.3,552.3,569,479,339.7,510.7
P11047_1395_H5N4F1A1,35.6,78.7,48.6,64.1,71,48.8,54.3,37.1
P07996_1067_H5N4G1,65.9,124.1,77.8,83.5,91.5,81.2,67.1,87
P24821_1034_H4N4F1,149.9,269.4,140.6,199.2,250.4,173.4,116,166.3
Q9UBG0_140_H5N4F1A2,84.8,127.7,122.5,114,127.7,97.8,80.9,111.2
Q68CQ7_257_H5N4F1A2,25,66.7,37.1,52.8,44.3,48.1,43.5,33
P06756_74_H5N3F1,442,850.6,461.8,550.4,473.4,626.4,550.5,493.2
P04216_42_H5N4F1G1,34.9,55.5,59.4,46.8,54.5,45.7,38.1,44.4
P06756_74_H4N2F1,144.5,261.8,149.5,174,150.6,201.8,167.9,157.8
Q13641_275_H6N5F1A2,36.5,60.6,47.4,57.3,49.3,52.4,44.9,40.9
P11279_103_H6N2,85.8,149,135.2,115.2,127.3,120.3,109.5,93.6
P28300_144_H10N2,197.2,267.4,366.8,223.5,210.7,247.7,307.1,214.1
Q6UVK1_1449_H5N4F1A1,50,48.3,53.8,41.9,49.2,34,45.7,51.1
P07996_1067_H4N3G1,312,451.1,344.9,391.2,417.1,357.1,281.1,335.7
Q13308_283_H5N3A1,101.4,135.3,134.7,130.4,108.3,117.6,90.1,149.3
P15586_362_H10N2,96.8,102.2,76.2,87.7,85,86.8,100.4,64.1
P23142_98_H5N4F1A2,30.8,87.1,38.1,67.7,39.2,81.1,44.6,42.4
Q99523_162_H5N4F1A2,35.1,22.3,37,29.5,20.9,17.6,32.7,43.6
P11047_650_H8N2,148.1,287.2,193.1,206.6,200.2,207.8,186.7,178.6
P24821_788_H4N3F1,257.3,446.5,218.4,248.2,355.2,301.6,172.8,253.8
P12111_2558_H6N5F1,39.6,44.9,44.7,38,37.3,44.1,35.1,38.2
P35613_268_H10N2,25.6,24.8,23.3,19.7,23.5,21.1,21.7,20.1
P02751_1007_H8N2,92.8,235.1,183.1,157,151,155.2,136.7,174.9
P98160_89_H6N2,56.5,76.9,64.9,78.4,67.7,77.4,48.7,62
P35613_160_H5N4A2,43.5,71.6,52.1,66.9,57.4,62.9,42.5,53.5
P35613_160_H5N4F2A1,43.5,71.6,52.1,66.9,57.4,62.9,42.5,53.5
O43556_200_H5N2,208.9,260.4,238.8,210.9,177.9,190.9,201.8,277.5
P98160_3780_H6N3F1A1,140.1,291.6,223.2,270.2,236.4,197,182.3,237.9
Q9UBG0_69_H6N5F1A2,16.4,38,26.8,23.5,24.9,25.1,20.7,25.9
P55083_137_H8N2,68.2,246,134.7,117,166.6,152.7,100.5,102.3
P26006_656_H7N2,71.5,70.6,138.1,76.4,85.8,63.8,77.8,101.5
P11047_650_H6N2,104.6,196.9,121.5,149.6,142.7,143,123.8,118.6
Q9NR99_2007_H4N3F1,63,132.9,91.9,82.8,96.7,100.8,61.7,82.4
Q9UHN6_980_H5N4A1,21.4,23.7,16.6,18.5,15.3,21.6,20,17
Q13433_67_H5N4F1,16.5,22.4,22.3,31.5,24.8,22.9,18.9,18.8
Q9UBG0_69_H7N2,40.1,38.3,36.3,33.1,26.6,40.7,35.3,33.5
P12110_785_H9N2,675.1,1077.4,596.7,644.4,864.7,749.3,545.5,596.5
P35625_207_H5N4F2,41.8,45.4,29.9,42.9,42.5,39,29,36.8
P78357_518_H7N2,68.6,79,79.8,72.3,78.2,71.6,57.4,68.7
Q07954_3788_H6N5F1,21,29.3,26.1,19.3,22.9,27.7,17.9,19.6
P78357_843_H7N2,95.9,133.5,109.9,90.8,117.4,94.7,93.9,89.9
P35555_448_H4N3F1,137.1,281.6,269.1,339.5,265.5,283.7,233.1,163
P55083_137_H9N2,33.1,124.4,50.3,53,82.1,69.7,48.4,39.6
P11047_1241_H4N2,72,168.1,96.4,128.4,104.9,109.7,112.6,99.8
P78357_843_H8N2,55,48.6,53.9,47.1,56.6,37.3,46.6,47.4
P26006_265_H5N2,86.8,95,134.1,103.6,99.8,83.9,97.3,103.5
P35555_448_H6N4F2,33.3,55.3,57,68.4,57.1,57,42.6,39.4
P13473_257_H5N3F1A1,33.5,29.1,32.9,30,25.5,28.9,29.7,30.9
P06756_74_H2N2F1,84.8,167.1,105.1,112.8,101.4,128.3,101.4,99.2
Q9NT68_443_H4N3F1,12.4,12.5,28.5,32.6,19.5,17.8,14.9,26.5
Q13308_116_H4N4F1,87.6,144.1,96.2,122.6,113.9,124,79.8,94.2
P12111_2558_H7N2,194,211.7,183.1,168.8,202.2,162.4,168.1,159.7
Q9UKX5_291_H4N2F1,58.2,106,84.3,74.2,78,48.4,79.8,88.7
P13473_356_H7N3,76.2,104.8,94.4,97.1,87.9,81.2,88.8,82.3
Q99715_1763_H5N4,96.6,224.4,118.5,102.5,115.5,157.5,121.8,100.1
Q9NZQ7_192_H7N2,81.1,122.2,106,98.8,100.2,65.6,87.5,119.3
P12110_785_H6N2,674.5,923.6,580.9,557.1,778.8,578.3,604.7,535.9
Q9C0H2_144_H4N3F1A1,68.8,84,63.6,72.4,65.1,72.2,62.6,63.7
O14786_150_H4N3A1,44.7,71.6,68.5,39.2,45.8,41.5,51.6,65.4
P08962_130_H5N4F1A2,88.3,129.8,157.4,84.4,133.8,90.2,98.7,96.5
P12111_2558_H5N2,61.2,68.6,64.3,62,55,54.6,57.3,66.5
P48960_371_H3N3F1,77.7,83.7,92.2,55.5,56.4,60.6,101.4,63.3
Q9NR99_2007_H5N3A1,46.1,46.6,62.7,48.2,34.6,49.3,44.5,57.1
P98160_89_H4N4,56.4,124.2,68.7,95.8,92.7,103.3,52.3,66.1
P12109_212_H3N3F1,113,169.8,138.7,110.1,156.6,120.6,114,92.9
P28300_144_H6N2,138.7,180.8,250.3,149.8,150.9,160.4,187.8,155.9
P06756_74_H5N2F1,51,85.2,51.5,73.7,52.1,62.9,62.8,59.7
P06756_945_H5N3A1,53.2,43.4,39.7,42.7,31.9,51.3,42.4,37
P12109_516_H5N4F1A2,37.5,35.7,56.5,42.2,48.3,31.1,28.6,48.1
Q14517_1940_H4N3,144.6,120.1,126.9,130.2,111.4,83.5,113.5,164.6
P24821_1034_H4N3F1A1,156.9,279.4,167.6,187,219.4,194.9,122.5,179.9
P35613_160_H7N2,46.6,49.5,56.2,51.3,47.6,42.3,44.1,50.4
P35625_207_H3N4F1,44.4,48.5,36.7,34.8,49.3,35.7,30.6,33.2
Q8N8U9_116_H5N4F1A1,43.3,39.4,41.5,44.3,59.8,32.6,28.8,31.3
P02751_528_H6N4A2,39.9,76.2,53.9,49,47.9,47.2,46.3,56.8
Q02809_538_H5N4A1,49.3,132.5,63.8,71.1,68.4,72.5,62.6,83.1
Q6UVK1_2075_H5N4F1A1,59,28.2,42.4,25,43.4,29.6,34,32.9
Q9NZV5_190_H6N2,95,132,90.7,86.9,68.1,101.8,99.5,96.6
P98161_621_H8N2,18.1,16.8,18.9,19.5,14.3,18.1,19.5,14.4
P35625_207_H5N4F3,22.7,24.8,24.6,25.2,23.1,23.9,18.7,22.3
P12110_140_H4N2,81.2,136.6,79,93.4,104.1,96.5,74.9,77.4
Q13740_306_H4N4F1,67.2,38.7,37.4,84.5,21.4,80.1,49.8,54.7
Q9Y639_197_H5N3F1A1,154.3,149.5,166.6,131.7,133.2,103.9,187.9,119.3
P55268_1348_H5N4F1,39.6,77.1,48.3,52.6,52.6,50.3,37.1,34.5
Q9NR99_1910_H3N2F1,14.7,24.4,20.6,15.1,18.3,20.9,9.9,18.5
P24821_1034_H5N4F1,329.6,642,341.1,436.3,500.3,431.9,286,362.3
Q99715_2679_H5N2,50.4,110.1,75,60.3,74.9,72.8,63.7,55.9
P24821_1119_H3N3F1,441.9,693.1,314.7,412.9,654.1,465.7,247.8,313.6
P01033_53_H8N2,369.4,497.4,484.4,381.5,388.8,416.9,434.9,323.3
Q13740_306_H4N3F1A1,152.3,80.7,114.7,210.8,75.1,120.6,113.4,101.5
P01033_53_H3N4F1,44.8,83.5,55,62.1,60.4,60.9,46.6,53.4
P24821_788_H3N3F1,175.7,291.1,148.5,187.1,243.4,206.2,111,162.8
Q99715_2528_H4N3A1,60.2,172.7,91.4,90.9,95.7,108,85.4,85.2
P15144_234_H5N4F3A2,153.2,376.4,234,226.4,162.3,224.9,203,302.2
P15144_234_H7N6A1,153.2,376.4,234,226.4,162.3,224.9,203,302.2
P11047_1205_H8N2,170.2,398.4,254,323.7,254,283.8,259,236.4
P24821_1034_H4N3F1,447.1,777.4,381.2,484,650.8,477.9,302.8,451.8
P04216_42_H5N4A1,43.9,32.9,51.5,31.2,29.8,34.8,43.6,35.5
Q12797_452_H5N2,75.1,79.3,91.4,72.3,84.7,64.7,69.4,67.7
Q969V3_428_H7N2,193.7,122.4,188.5,182.7,153.5,162.8,135,167.7
Q9Y6C2_561_H3N3F1,91,107.8,69.3,79.7,102.3,81.2,62.7,67
P26006_265_H9N2,39.7,45.1,43.9,32.6,40.3,24.6,37.8,42.5
P24821_1119_H3N2F1,435.9,663.2,324,424.9,642.6,425.3,255.4,339
P07996_1067_H8N5,23.3,38.8,21.9,34.3,30.2,30.6,19.5,26.1
Q12841_144_H5N4F1,53.3,105.9,57.4,76.9,69.6,76.4,59.5,58.4
Q14517_3716_H8N2,33.1,49.7,39.5,35.9,27.6,37.3,35.4,41.9
O15031_759_H6N3A1,39.8,47.8,33.3,32.1,29.1,29.6,28.1,50.7
Q99715_1763_H5N4F1,76.3,289.5,124.9,123.6,187.2,143.1,113.2,108.5
P07996_248_H5N4F1,454.8,756.4,580.9,537.2,492.2,449.4,350.4,372.6
Q92896_210_H5N4F3A1,39.1,54.4,30.7,42.3,41.8,46.6,36.9,24.2
O75326_258_H9N2,134.5,89.3,81.5,107.4,108.2,70.5,97.1,94.5
Q08431_325_H5N4F1A1,84.5,105.3,85.1,81.7,85.9,79,82,72.9
Q99715_2528_H5N4A1,130.5,366.8,186.2,177.5,203.3,204.7,196.6,167.2
Q16363_787_H5N4F1A1,26.2,39.4,32.3,34.7,37.2,29.1,22.2,30.3
P13497_599_H5N4F1A1,47.5,67.3,56.8,58.5,51.4,57.3,43.8,53.6
P04216_42_H5N4F1A2,632,872.4,1283.9,745.2,712.6,621.7,654,654.8
P69849_369_H7N2,148.8,99.3,138.6,138.4,123.7,113.7,111.2,121.6
Q08380_551_H8N2,90.7,76.7,80.7,194.7,173.1,96.6,77.8,48.8
Q07954_2127_H5N4F1A2,95.4,72.1,120.2,96.9,96.2,74.6,72.3,101
Q9Y6C2_794_H5N4A1,221.8,397.7,281.5,267.8,234.9,250,189.3,227.5
O95084_207_H5N4F1A1,51.2,73.4,100.5,103.4,70.2,77.4,70.8,75.4
Q07954_2127_H4N3F1A1,92.9,99.1,120.9,108.2,93,83.4,83.7,116.4
P07996_248_H6N5F1,91.8,134.9,135.6,105.6,93.1,91,86.6,80.6
P17936_116_H5N4F3,33.2,41.2,24.3,33.5,34,30.8,27.1,26.2
P24821_1119_H3N3,68,103.2,59.4,70,96.3,63,42.3,66.9
Q15389_243_H4N3F1,25.5,22.4,28,40.6,21.2,19.6,22.2,41
Q9NR99_1910_H4N4F1,10.6,31,20.6,15.5,24.7,18.5,13.2,12.9
Q13563_328_H8N2,50.7,41.6,44.4,51.2,35.2,44.8,49,38.5
P15586_362_H9N2,35.6,37.4,41.1,36.9,32.7,38.5,31.5,31.8
P11047_1395_H8N2,155.7,417.3,206.7,278.3,233,270.1,249.6,189.2
Q99715_2528_H5N4F1A1,91.7,232.3,124,122.5,147.6,117.8,118.3,123.9
P17050_177_H7N2,65.1,70.2,99,90.1,85.5,69.1,68.1,65.7
P11047_1241_H7N2,166.3,357.3,242.8,283.8,249.6,251.2,245.4,187.2
P28300_144_H8N2,255.7,296.8,480.5,255.8,265.9,287,303.2,289.2
P02751_528_H9N2,341,903.6,519.3,522,508,566.9,463.8,492.5
P12110_785_H4N2,217.1,306.6,199.8,211.2,271.6,204.7,184.4,169.8
P98160_3780_H5N3F1,339.6,866.1,442.6,539.3,601,565.5,379.4,396.9
Q9UHN6_980_H5N4F1A1,40.3,71.5,36.2,47.2,59.8,38.8,36.5,38.2
Q8ND94_132_H5N4F1A1,31.2,96.4,49.8,57.7,56.9,55.4,50.1,46.3
P12110_785_H6N4,117.4,155.4,95.1,91.3,140.8,89.5,93.1,84.2
P35613_160_H8N2,123.3,114.7,119.2,123.4,114.9,104.8,113.8,93
P06756_945_H6N3A1,83,71.7,54.3,67.8,48.4,67.8,71.8,57.6
Q9UBG0_69_H4N2,30.2,31.9,33.5,36.4,25.1,35.4,28.7,27.9
P08962_130_H6N5F1A3,21.5,22.9,33.6,16.4,29.1,15.6,20.3,18.7
P55083_137_H7N2,27.7,99.6,59.9,49.6,59.7,74.6,39.3,36.3
Q9NR99_2007_H6N3F1A1,19,28.6,36.3,25.7,28.9,20.8,23,24.4
P78357_518_H9N2,167.6,194.6,169,157,173.1,139.8,140,156.8
P12111_2079_H7N2,132.1,108.8,111.8,90.1,151.5,77.6,85.9,71.9
P24821_1119_H6N4F2A1,43.7,56.3,41.8,41.2,49.3,42.2,27.8,42.7
P24821_1119_H4N3F1,933,1370.6,811.7,1006.7,1256.8,943.4,637.1,810.6
Q99715_2528_H3N3,124.9,334.7,198,178,193.5,197.4,196.6,151.6
P21810_311_H5N4F1,100.3,251.8,135.3,128,155.4,147.9,120.1,120.7
P07996_248_H3N3F1,94.5,162.5,135.2,118.9,140.9,108,106.1,96.8
P01033_53_H5N4F2,14.2,31.7,17.4,17.7,15.1,20.2,19.3,17
P43652_402_H6N5A3,297.9,132.9,303.7,307.5,206.4,182.1,200.9,330.7
P35625_207_H3N2,32,20.8,31.7,30.8,27.5,24,24.5,25.7
P06756_74_H5N2,162.5,215.5,155.2,185.7,130.5,174.3,180.1,149.1
P24821_1034_H5N4A1,29.8,42.9,24.7,24.9,29.8,29.4,23.1,25.5
O95967_198_H5N4F1,22.7,75,28.3,39.5,38.1,40.8,30.7,36.1
P24821_1018_H7N2,96.6,118.9,80.6,105,106.1,101.8,66.5,78.4
P04216_42_H4N4F1,84.3,102.5,151.8,121.9,105.4,95.4,99.3,104.9
P08648_868_H5N4F2,174.6,299.1,191.9,303.2,255.2,260.6,166,170
P35625_207_H10N2,139.7,169.2,125.6,112.4,126.1,92.1,146.5,116.1
P08962_130_H7N6F1A2,39.6,46,76.4,53.9,49.4,33.9,47.2,59.3
Q9NR99_2693_H5N3F1,106.3,230.3,154.2,134.5,165.8,152,116.8,115
Q9Y6C2_561_H5N4F1,196.1,201.1,125.3,126,206.4,147.6,96.6,119.2
Q9Y6C2_766_H5N4A1,296.5,414.8,343.9,288.6,303.2,287.1,262.4,328
P35555_448_H5N4F1,94.3,181.6,193.7,245.5,194.1,201.7,143.9,88
Q99715_1763_H4N3,32.2,67.4,40.9,32.1,39.5,43.3,37.6,31.1
P15586_362_H6N2,154.4,185.9,155.2,169.5,161.6,163.1,147.7,111
Q9NR99_2415_H3N2F1,68.2,112.7,76.1,62.3,73.5,87.5,55.8,63.3
Q07092_327_H5N4F1,28.5,50.9,17.7,22.5,20.7,35.6,24.4,24.2
Q9NR99_2007_H5N4F1A1,67.1,185.8,92.6,91.4,110,96.1,79.5,97.6
Q13641_275_H5N4F1A1,43.7,66.7,48.2,70.8,47.8,67.4,39.5,46.5
P24821_1119_H5N4F1,746.9,1263.8,567.5,769.2,1087.5,773.1,479.2,594.1
P35613_268_H8N2,80.9,49.1,79.7,67,65.2,59.7,56.8,60.8
P11047_1223_H6N2,64.3,160.7,85.4,106.9,82.6,90.9,92.8,99.4
Q969V3_428_H9N2,194.6,261,154.8,164.2,183.1,151.8,180.5,163.2
P98160_3072_H5N4F1,49.2,82.2,67.7,73.6,64.7,66.7,45.6,61.9
P35613_268_H9N2,40.1,38,29.9,37.3,36.6,30.3,31.2,29.1
P12111_2079_H6N3,59,90,76.6,72.2,84.7,60,53.4,62.6
Q9NR99_2007_H4N3F1A1,31.5,55,51.2,43.8,40.8,44.1,30.1,43.8
P12110_785_H6N3,74,58.5,34.3,43.3,58.1,43,46.4,36.3
P02751_1007_H4N4F1,273.6,738.8,418.5,510.2,483.8,363.1,420.3,430.7
Q12913_142_H5N4F1,41.5,46.1,28.3,37.1,28.3,42.3,31.4,31.8
P24821_1034_H5N4F1A2,135.3,211.1,159.8,159.2,173.1,129.5,109.3,169.9
P06756_554_H5N4F2A1,13,16.7,13.2,20.5,11.8,15.6,14.1,13.9
P26006_86_H6N5F1,123.7,110.9,188.1,134.7,139.1,105,112.8,129.6
Q9NR99_2693_H6N2,419.6,691.6,666.4,477.1,507.7,680.2,379.6,399.9
Q12797_452_H6N2,477.7,526.1,568.9,460.4,497.1,424.8,434.3,416.7
P08962_130_H5N4F1,153.4,234.8,309.2,238.4,185.5,181.9,211.8,230.2
Q92626_1280_H9N2,119.8,181.3,130.1,166.9,135.3,128.1,118.1,139.8
Q13740_306_H3N3F1,165,155.3,140.2,272,69.2,189.4,213.9,133.4
Q14517_1940_H6N2,87.7,62.6,88.3,76.8,40.9,54.5,51.5,127.8
P06756_74_H6N2,49.7,68,105.8,83.4,48.1,79.1,64.8,75.2
Q9NT68_2197_H5N4F1A2,115.2,122.7,181.2,220.1,141.1,114.5,108.6,192.2
P24821_1034_H3N3F1,313.3,534.4,290.6,331.6,463.4,327.4,204.5,283.9
Q07954_3788_H5N4F1A1,168.5,375.7,190,152.7,153.1,188.9,197.9,231.5
Q9UKX5_82_H5N4F1A1,6.2,6.8,12,9.4,7.5,7.3,3.9,11.2
Q9UBG0_364_H5N4F1A1,75.2,100.1,50.2,21.2,30.7,53,59.7,70.9
Q7RTY9_211_H5N4F1A1,13.6,20.9,32,18.5,17.9,18.6,15.1,22.2
P12111_2079_H8N2,470.5,250,408.5,308.1,511.4,242.7,257.4,236.2
P11047_1205_H6N2,46,104.4,64.4,68.3,63.6,58.5,59.1,64.5
Q99985_268_H10N2,11.4,25,15.6,9.3,12.1,13.6,15.3,12.2
Q14517_1940_H5N4,79.3,43.1,59.3,69.4,41.5,31.4,54.1,90.9
P24821_1119_H5N3F1A1,48.8,67.2,44,46.8,51.7,43.9,38.3,45.5
P98160_89_H5N4,68.1,154.2,80.5,95.4,97,116.7,63.5,68.2
P04216_119_H4N3F1A1,37.4,30.6,48.3,38,42.3,29.2,28.2,34.1
P15144_234_H6N5F3A2,31.3,54,45.2,41.8,24.3,40.8,31.5,52.8
P15144_234_H8N7A1,31.3,54,45.2,41.8,24.3,40.8,31.5,52.8
Q9UHN6_914_H9N2,165.2,331.9,116.6,195.5,183.6,157,185.7,175.2
P08962_130_H6N6F1,11.1,14.4,14.1,16.5,9,9.5,13,17.1
Q9UHN6_248_H10N2,68.1,84.8,53.5,81.5,60.8,54.6,64.6,69.3
P24821_1034_H4N3,44.2,69.9,39,55.2,60.8,51.6,25.1,42.8
P08648_868_H5N4F1A2,125.9,330.5,106.4,84.7,102.8,147.7,149.8,159.4
P12109_804_H7N2,106.1,109.8,101.9,88,122.4,90.5,64.3,71.2
P18084_347_H4N3,121.4,92.8,106.1,102.8,68.6,108.5,113.5,74.9
Q08431_325_H5N4F1A2,104.7,94.4,127.3,91.9,76.2,75.4,110.4,99.3
P12111_2558_H5N4,379.7,451.1,269.2,223.4,301.6,333.5,285,222.1
Q9Y6C2_794_H4N3,334.4,545.9,365.1,363.3,315.3,305.6,241.3,306.7
P07996_1067_H5N4A1G1,67.9,109.5,111.6,112.4,114.6,82.1,64.9,84.6
P00533_352_H7N2,131.5,185.3,127.2,197.8,174.3,131.1,100.8,147
Q9Y4L1_931_H6N2,64.1,71,88,77.8,70.6,68.4,59.2,61.1
O75462_292_H9N2,25.5,16.3,36.2,26.7,22.9,27.2,29.4,10.7
Q9HDC9_160_H3N4F1,122.2,275.3,144.7,218.9,165,222.3,128,140.3
P04216_42_H4N3F1,134.4,151.2,224.5,200.4,143,161.1,148.5,159.4
P12111_2079_H6N4F1,17.3,22.4,22.5,18.2,28.3,13.6,12.8,14.5
P02751_1007_H9N2,143.9,448.7,276,253.5,259.4,217.7,217.3,271.1
Q92896_210_H5N4F2A2,34.1,65.6,32.4,32.2,35,38.8,34.2,33.3
Q07954_446_H4N3,64.2,80.3,68.8,63.2,84.7,87.6,65.4,0
P26006_86_H7N6F1,22.5,37.1,46.6,31.3,29,24.9,31.7,32.5
Q08380_551_H9N2,103.1,103,93.5,283.4,241.1,109,93.5,57.1
Q02083_37_H10N2,44.1,75.3,61.6,60.7,45.7,55.5,61.2,45
P06756_945_H5N4F1A1,59.6,104.4,65.1,82.8,90.7,79.7,41.7,55.2
P55058_143_H6N4F1A1,14.1,14.3,15.4,14.9,10.4,10.2,11.1,18.6
Q9UNW1_481_H6N2,17.3,19.7,20.3,22.8,17.9,14.8,15.2,20.7
P15586_362_H7N2,599.2,709.8,534.1,590.9,597.8,581.5,523.8,380.6
P11279_261_H7N2,84.4,68.1,121.1,151.6,88.8,107.5,79.8,87.6
Q9NR99_1910_H5N4F1,70.3,138.2,124.1,84.2,101.1,108,69.2,78.2
P17936_116_H10N2,91.4,74.6,33.8,34.1,77.5,32.9,54.1,35.5
Q9P273_1202_H5N4A1,106.2,134.5,90.9,148.4,105.9,114.1,76.2,109
P24821_1119_H2N2F1,471.9,690.3,351.8,440.1,638.2,417.6,261.7,352
P24821_1119_H5N4F1A1,750.7,1264.8,656.3,830.2,1113.8,747.4,450.9,679.6
P13473_356_H6N3F1,56.8,93.2,70.1,87.5,84.9,57.1,60.8,59.9
P12111_2558_H9N2,279.6,272.5,238.8,188.6,289.1,190.6,178.5,178.1
P13726_156_H5N4,270.5,159.5,198.5,222.2,152.9,202,167.1,204.2
P78357_843_H6N2,176.3,233.3,194.9,168.2,183.8,155.7,152.7,166.7
O00469_365_H8N2,37.1,38.8,32.1,30.3,45.1,29.9,21.8,21.1
P35555_448_H5N4F1A1,88.2,239.6,237.5,313.4,226.3,246.9,168.3,106.6
Q16363_315_H5N4F1A1,127,221.9,176.3,195.1,198.8,153.5,129.9,130.9
P24821_1034_H2N3F1,52.6,91.9,45.5,56.1,75.9,56.5,29.8,47.1
P04216_79_H5N5F1,95.2,114.9,145.7,132.4,98.4,93.7,93.3,100.5
P07996_248_H4N5F1,34.6,48.4,33.9,25.3,44.1,27.8,29.1,19.9
P46778_66_H12N2,87.1,31.9,39.4,94.7,40.4,64.9,25.4,84.4
P24821_1093_H5N4F1A1,110.9,139.8,71.2,104.3,152.9,90.4,45.5,73.3
P24821_1034_H5N4F1A1,421.7,788.8,402.4,472,585.4,478.1,314.7,392.1
Q99571_75_H5N4F1A1,33.3,48.8,37.1,47.4,32.8,44.5,30.1,34
P04216_79_H6N5F2A2,30.9,25.7,43.6,41.6,30.5,30.5,29.4,29.9
Q9HDC9_160_H8N2,163.5,137,126.5,135.9,81.2,137,130.6,128.7
P12109_804_H8N2,238.8,240.8,260.5,247.1,265.7,195.4,145.9,149.5
P18084_347_H5N4,271.2,195,210.5,221.8,136.3,226.1,238,160.4
P98160_3780_H4N2F1,84.5,227.8,100.7,131.2,141.4,135.5,85.2,98.3
Q9P273_860_H9N2,52.5,56.2,35.1,64,49.2,45.5,32.9,48.1
Q07954_3264_H5N4F1A1,26.8,21.3,53.8,31.5,32.9,25,26.7,28.1
P04216_42_H6N5F1A2,198.8,199.2,398.6,319.9,208.9,221,228.5,284.8
Q99715_1763_H6N3,86.1,162.1,75.6,86.5,91.4,76.1,108.2,70.9
P11279_261_H5N3F1A1,45.6,44.7,52.3,49.9,46.3,35.9,35.1,45
P78324_245_H6N5,20.2,14.9,15.9,16.2,9.6,17,11.7,18.3
P12109_212_H6N5F1A1,38.1,41.1,47.3,33.2,46.4,32.4,27.9,27.7
P26006_969_H5N4F1,129.1,104.3,181,141.7,179.8,70.9,95.6,121.7
Q32P28_467_H9N2,29.7,40.6,35.6,48.7,33.9,37.6,30.3,28.3
P02751_1007_H5N4F2A1,39.7,74,59.4,59.1,42,42.1,45.1,66.1
Q07954_3953_H5N4F2,81.4,129.5,67,107.6,105.1,101,66.6,51.5
P12111_2558_H5N3F1,112,158,89.2,84.1,127.3,91.9,75.5,78
Q9UBG0_69_H5N4A2,32.4,54.8,39.5,44.3,37,43.5,26.9,36.2
Q9UBG0_69_H5N4F2A1,32.4,54.8,39.5,44.3,37,43.5,26.9,36.2
Q99715_2528_H4N3,254,687.4,375,333.8,351.1,388.4,353.7,292.4
Q9NRB3_280_H5N4F1A3,52.7,83.3,61.2,64.4,61.4,59.9,48,50.2
Q9NRB3_280_H5N4F3A2,52.7,83.3,61.2,64.4,61.4,59.9,48,50.2
Q9NT68_1267_H5N4,45.5,92.4,59.5,67.3,56.5,46.9,44.8,73.9
P12111_2558_H4N3A1,29.3,36.9,32.8,28.3,28.1,27.5,26.1,25.1
Q9UHN6_914_H6N2,61.9,85.2,55.8,64.9,57.6,51.6,63.8,51.3
P24821_1034_H3N2F1,223.1,346.2,189,211.7,275.4,227.7,131.2,177.4
P08962_130_H6N5F1A2,84,134,147.3,96.3,126.3,86.5,84.5,88.9
P12111_2079_H9N2,179.4,101,151.8,107.5,180.3,83.9,91.2,96.1
Q9NR99_2693_H6N3,116,158,128.9,98.8,108.1,114.6,92.1,104.6
Q5ZPR3_104_H6N2,76,74.7,108.2,104.4,66.8,82.7,71,83.2
O00469_365_H6N2,117.7,96.5,104.6,94.4,114.1,80.4,69,81.7
P07996_248_H4N3F1,472.3,794.6,594.5,518,593.4,431.8,410,361.9
P12109_516_H5N4F1A1,63,62.3,63.8,62.6,82.8,41,43,43.3
Q9NR99_1910_H7N2,34.1,43.6,42,32.7,28,38.1,27.1,34
Q08380_551_H10N2,64.8,61.6,49,117.3,98,55.7,51.6,39
P13611_1898_H6N5F1A1,16.1,11.2,11.4,13.3,6.6,11.5,13.4,11.9
P12109_516_H5N4F1,280.5,345.6,228.7,233,438.7,168.2,187.6,113
P49207_18_H12N2,57.2,19.9,22.1,49.8,24.7,46.5,9.7,43.4
P08962_130_H5N4F1G1,10.3,17.7,19.9,14.2,18.4,11.6,13.3,8.5
P24821_1034_H5N4F2,51.6,81.3,39.5,53.3,57.8,60,35.1,35.3
Q9Y6C2_561_H4N3F1,236.5,236.3,144.5,160.6,234.3,171.4,104.9,138
P12111_2558_H5N4F2,61.6,104.7,67.7,67.7,71.2,64.4,56,59.8
P24821_1119_H6N5F1,101.5,135.6,91.3,103.1,111,91.9,74.3,82.3
P12110_140_H8N2,466.4,528.4,399.9,421.8,439.8,374.8,343.8,354.8
Q9Y6C2_766_H6N5F1,257.1,882.6,308.1,348.5,411.8,407.4,318.7,358.3
P04216_42_H6N5F2A2,92.5,94.4,135.3,138,97,98.6,90.7,96.7
Q99985_123_H10N2,64.3,152.6,69.8,66.4,79.6,93,64.2,57
P06756_945_H5N3F1A1,55.4,76,49.3,65.8,57.6,58.4,46,43.1
P17936_116_H6N5F1,86.4,98.5,74.5,63.7,85,60.4,57.3,66.1
P04216_79_H5N4F4A1,11.7,12.9,22.7,22,13.1,12.2,11.8,20.5
P26006_656_H8N2,25.3,32.8,48.9,32.4,33.7,25,26.7,30.4
Q13308_646_H6N3A1,32,43.6,35.2,39.8,32.5,27.6,28.1,36.9
Q99715_2679_H5N4A1,107.7,112.6,132.2,90.6,76.1,84.6,104.6,102
Q9UBG0_69_H5N4F2,52.1,98.1,70.2,98.1,72.2,83.7,54.3,53.8
P78357_843_H9N2,282.1,329.4,278.8,229.4,288.1,211.8,208.5,219
P08962_130_H5N4F1A1,371.2,733.2,635.7,441.2,499,418.1,467.6,389.7
P98160_89_H6N5A1,32.6,53.2,52,45.4,42.6,45.8,30.7,32.4
P12109_804_H9N2,140.1,155.9,141,145.1,162.3,140.9,75.7,102
P12110_785_H4N4F1,166.3,285.1,191.2,157.1,246.5,132.9,127.8,153.4
Q9Y6C2_561_H7N6F1A2,25,39.7,44.3,36.4,29.5,28.8,30,31.8
P13726_156_H6N5F2A1,32,25.4,31,23,20.2,20,18.8,33
Q12884_99_H4N3F1,49.2,82.6,55.3,59.9,64.5,49.5,43.3,46.6
P06756_554_H6N5F1,19.7,14.8,13,16.1,12.3,19,11.2,10
P19022_692_H5N3F1A1,52.7,45.6,51.4,63.9,45.2,45.7,40.5,44.9
P24821_1034_H2N2F1,131.9,192.2,97.6,117.4,158.5,119.3,68.4,98.4
P24821_1034_H6N5F1,73.4,81.5,53.4,58.1,70.9,54.8,47.6,46.4
P04216_119_H6N5F1A2,33.4,33.6,62.9,40.5,44.4,26.8,27.9,41.3
P07996_1067_H5N5,40.3,53.8,48.9,45.5,54.3,33.9,34.8,32.3
P04216_42_H5N4F1A1,658.3,957.4,1236.8,830,746.8,715.2,742.5,754.2
Q13308_116_H5N4F1A2,207.2,523,211.3,195.5,197.1,218.5,212.9,307.7
Q99715_2528_H4N4,73.7,201.2,126.5,99.1,108.9,106.4,101.8,94.6
P12111_2558_H5N4A2,156.5,166.4,256.2,140.9,138.8,111.8,113.3,228.2
Q9Y6C2_561_H7N6F1,25.3,41.2,30.1,28.6,27.6,24.6,25.4,25.3
Q9UBG0_69_H4N4F1,119.9,166.3,145.7,175,135.7,144.7,111.2,107.1
P24821_1079_H6N5F1,36.5,139.1,37.8,54.8,66.1,64.2,36,54
O15031_528_H5N3A1,20.5,51.4,27.4,31.4,29.4,27.4,22.5,28
Q9NR99_2007_H5N4F1,49.4,104,78.4,59.2,63.9,59.6,49.5,65.8
P19022_692_H5N2,40.2,35.7,37.9,51.5,33.7,30.9,37.9,33.1
Q9UKX5_95_H8N2,44.2,49.5,68.5,60.6,45,44.2,33,60.5
Q12884_49_H5N2,242.8,454.4,247.2,306.7,322,260.8,183.9,258.8
Q9Y639_197_H5N4F1A1,82.3,178,76.4,32.5,58.1,74.1,83.1,87.3
P01033_53_H9N2,211.4,325.8,216.7,206,225.1,204.7,202.9,153.3
P08962_130_H5N5F1A1,25.2,37.4,48.2,25,39.8,23.2,22.7,25.4
Q92626_1368_H5N4F1A1,18.4,30,18.4,41.9,23.5,23.7,18.4,23.3
Q9ULI3_1080_H5N4F2,60,59.4,34,63.4,44.4,55.8,46.1,31
P50454_120_H5N4F3,12.8,18.3,17.8,35.3,23.1,22.7,12.6,10.4
P12109_516_H4N3F1,68.1,86.7,55.5,55.8,104.4,36.3,49.8,26.9
P12110_785_H5N3,148.9,104.9,62.7,65.4,120.6,61.7,83.3,46.4
P12110_140_H6N2,737.4,1153.2,860.7,927.8,880.4,805.2,660.6,658.3
Q12884_679_H5N4F1A2,66.7,95.2,74.7,97.7,136.1,71.8,65,0
Q92626_1280_H7N2,145.8,245.1,169.7,235.7,174.3,162.2,154.6,158.8
P07996_1067_H6N5A1,145.3,193.1,205.3,167,181.9,134.2,128.5,135.4
P24821_1119_H6N5F1A1,107.4,151.6,114.1,135.8,123.1,92.8,80.1,119
Q9NT68_2197_H5N4F1A1,52,63.4,60.5,93.8,53.2,57.4,47.6,61.7
P98160_3780_H5N3F1A1,229.4,804.2,312.8,438.6,427.6,343.5,300.3,383.3
Q8NFQ8_286_H9N2,90.8,123.2,80.2,92.5,80.2,70.1,82.6,82.1
Q99523_98_H5N4F1A2,39,36.3,33.4,33.8,28.1,26.6,33.2,28.1
Q13740_306_H5N4F1,117.3,79,71,164.5,45.1,105.8,94.6,74.3
P04216_42_H6N4F1,48.2,43,64.1,53,37,38.9,51.8,41.7
Q15389_243_H5N4F1,109.3,115.1,144.2,170.3,107.9,90.1,98.7,141.3
P36941_177_H5N4F1A2,34.6,52.6,31.9,26.7,21.6,36.4,29.1,31.4
P02751_528_H6N5F1A2,54.4,98.7,106,62.3,63.8,52.9,56.3,88.2
P12109_804_H4N2,34.1,35.4,37.8,37.1,39.2,36.4,17.6,24.1
P08962_130_H4N3F1,47.9,77.4,107.7,97.6,60.1,61.9,67.7,78.3
P02751_528_H5N4F1A2,83.1,226.1,141.8,125,104.9,93.1,98,170.8
Q99715_1763_H7N2,203.7,385.9,322.5,224.6,276.9,247.3,253.2,143.7
P35555_448_H3N3F1,29.7,55.8,64.7,71.1,53,52.6,42.5,31.2
P21810_270_H4N3F1,35.2,63.3,44.6,45.5,34.9,39.3,32.1,46.5
Q13308_116_H9N2,88.6,127.4,62.6,80.3,78.8,66.2,54,91.7
P08962_130_H4N3F1A1,153.2,186.7,240.5,149,153.1,126,161.3,150.2
P08962_130_H7N6F1A3,40.8,70.2,64.2,44.5,51.4,36.9,47.8,41.7
Q99715_2528_H4N3F1,28.8,77.9,36.7,37.9,43.8,39,35,28.7
P13726_156_H8N5,33.8,20,28,35.3,23.1,19.2,21.3,31
P11047_1439_H5N4F1,28.6,74.4,33.8,43.1,42.5,44.9,30.4,27.5
P12109_804_H5N2,71.9,68.7,85.9,66.7,86.1,62.5,43.6,44.5
P50454_120_H5N4F1,54.3,76.3,33.1,32.9,44.8,55.4,35.2,23.3
P07585_262_H5N4F1,104.6,118.5,205.2,112.1,123.8,136.6,95.1,80.7
Q13433_241_H8N2,19,18.5,19,16,13,16.2,14.5,14.8
P13611_1898_H7N6F1,29.9,16.2,18.2,14.9,15.1,15.1,18.3,15.4
P12111_2079_H4N3,62.7,71.4,61.4,55.9,67.4,42.7,53.1,39.5
P98160_3780_H5N4F1A1,97.6,503.9,156.8,199.5,214.7,209,142.8,204.7
Q99523_406_H10N2,116.2,84.7,81.2,75,62.1,46.5,88.3,90.5
P13726_156_H9N2,115.6,64.6,62.9,65,51.6,59.8,54.4,81.8
P12111_3037_H5N2,55,39.4,45,37.6,51.8,37.3,26.7,26.4
P24821_1079_H5N4F1A1,39.7,68.2,35.7,50.5,50.9,33.1,27.1,44.8
P04216_42_H3N3F1A1,360.4,406,665.6,448.9,423.7,349.2,361.5,375
P02751_542_H5N4A1,18.2,36.3,29.8,23,12.3,28.1,19.8,25.9
P08648_182_H5N3F1A1,90.6,86.6,74.9,97.2,59.4,56.1,93.1,71.6
O75326_258_H8N2,1241,448.5,781.5,964.1,711.4,580.9,862.4,599.4
P28300_81_H7N2,186.5,179.9,214.8,203.3,141.5,147.2,151.7,168.1
Q9NR99_2693_H7N2,459.2,637.4,512.7,466.3,435.5,434.8,433.8,358
P07996_1067_H4N4,409.1,667.9,550.2,596.5,608.7,431.6,344.9,395
O00469_209_H2N2,1309.1,1102.1,1005.1,940.7,1164.3,720.4,814.1,787.1
O75339_550_H8N2,109.6,91.2,87.6,132,74.9,83.3,78.2,99.9
P02751_1007_H6N4F1,11.3,35.3,21.9,18.9,21.3,15.3,15.1,18.2
P11047_1395_H5N4F1,48.6,102.4,61.8,73.4,69.2,68.6,50.5,40.3
Q13740_306_H5N4F1A1,391.3,236.3,298.5,580,163.9,360.2,298,236.2
P12111_2331_H5N4F1A1,9.3,30.7,22.6,21.5,22.3,15.9,14.9,14
P07996_1067_H4N4A1,140.1,193.8,211.8,193.1,182.7,123,126.9,155.9
P21810_270_H5N4F1,69.1,185.3,101.2,85.6,107,96.2,65.1,83.1
Q08380_125_H6N2,16.6,11.2,12,42.2,34.6,14.3,9.2,7.2
P12110_785_H4N3F1A1,84.4,129.1,138.8,73.8,130.3,56.1,61.6,91.2
Q08431_325_H5N4F1,76.4,109.6,72.4,80.6,67.7,60.5,75,66.4
P08962_130_H3N3F1,101.9,154.3,213.4,123.3,156.7,92.4,107.8,114.5
P54802_261_H9N2,54.1,142.5,65,86.6,80.4,76.2,61.5,58.7
Q13433_241_H9N2,21.2,22.8,18.1,14.8,17.6,15.4,16.6,11.4
P26006_265_H6N2,102.3,77.2,169.7,115.9,100.7,69,116.8,82.4
Q9NT68_443_H5N4F1,19.4,20.7,39.5,53.6,30.9,18.4,17.7,38.6
P12109_537_H5N4,38.2,46.6,28,21.2,30.8,28.9,28.9,17.6
P02751_528_H7N6F1A1,46.4,106.6,80,65.7,50.7,54.1,59.5,72.3
Q99715_1763_H5N2,147.8,363.2,158.5,123.3,186.5,146.6,168.5,126.1
Q08431_238_H6N2,552.6,356.9,407.4,366.4,135.7,115.7,215.8,97.2
P12111_2331_H5N4F1,60.3,179.5,64.6,64.1,114,66.7,63.8,47.2
Q12884_99_H5N4F1,37,69.6,45.4,56.6,53.7,43.6,29.7,38.1
Q9UBG0_634_H6N5F1,86.7,93.6,99.9,116.9,75.5,93.6,71.8,73.3
Q13740_306_H4N3F1,208.1,112.5,116.5,273.2,71.9,194,150.1,146
P02751_1007_H3N2F1,214.4,528.4,291.8,342.7,296.7,266.7,234.6,290.8
P12109_537_H6N2,433.6,516.6,358.2,595.4,446.9,534.1,318.7,204.2
P08962_130_H4N4F1,48,71.3,109.6,66.2,60.6,49.6,62.6,60.3
P13726_156_H8N2,68.7,47.8,49,49.1,39.2,45.4,37.9,47
P04216_42_H4N3F1A1,543.4,588.7,1020.5,643.8,575.4,511.1,542.9,579.2
P13726_156_H6N3A1,149.6,64.6,117.5,128.6,71.6,62.9,80,148.9
P04216_79_H6N5F1A1,833.1,1005.5,1261,1039.7,741.9,676.8,656.4,682.1
P01033_53_H5N4F1,35,72.1,44.4,34.4,35.1,42.1,39,30.3
P11279_322_H10N2,30.6,16.9,26,26.9,14.4,24.7,22.7,17.3
P11047_1107_H5N4,37.5,82.1,52.4,41.9,49.5,41.6,32.8,44.4
P07996_1067_H6N4A2,44.9,42.7,53.4,50.5,43.8,33,31.3,42.5
P13611_330_H5N4F1,152.2,235.1,167,179.8,150.2,157.6,146.8,122.7
Q9UBG0_69_H4N3F2,21.5,36.7,28.6,39.1,26.2,30.4,19.3,23.1
P08962_130_H5N5F1,16.3,20.7,35.1,24,16.5,18.8,18.7,21.5
P20908_176_H4N3,77.1,140.8,92.9,76.5,68.5,97,70.1,68.6
P06756_554_H5N4F2,24.7,40.8,27.4,36.5,25.8,33.5,22.2,20
P00533_352_H8N2,128.2,169.3,155,221.4,163.9,136.4,115,113.1
Q9NT68_1773_H10N2,103,117.9,172.8,210.5,127.3,89.1,79.3,176.8
P11279_322_H8N2,25.6,20.8,23.4,23.4,14.9,19.7,20.1,18.1
Q13308_175_H6N5F1A3,74.5,124.9,109.1,108.1,69.7,83.2,73.7,98.8
P04216_42_H3N3F1,239.8,323.1,426.4,324.6,316.1,252.9,250,207.1
P07996_1067_H3N4,43.1,64,65.3,68.4,66.6,42.6,36.8,42
P12109_537_H7N2,89.6,106.8,90,129.3,97.9,113.8,68.2,43.9
P08962_130_H6N6F1A1,12.9,20.1,30.8,19.7,20.4,14.9,12.6,17.1
Q99715_2528_H6N3A1,257.1,339.1,287,218.5,182.5,187.8,265,221.3
Q13740_306_H6N5F1A2,55.4,57.4,47,90.4,33.3,49.7,68,43.5
P06756_554_H4N3F2,19.6,26.8,20.1,33.6,15,27.7,18.3,16.8
P41221_114_H8N2,51.3,117.3,60.7,74.9,58.5,59.1,60,58.7
P11047_1107_H5N4F1,19.9,59.4,33.1,47.4,45.8,32,21.8,24.5
Q13308_116_H5N4A2,57,78.5,64.7,81,50.3,60,49.8,58.1
Q13308_116_H5N4F2A1,57,78.5,64.7,81,50.3,60,49.8,58.1
P20908_176_H5N4F1,37.6,72.7,49.7,46.2,44.1,42.2,38.4,35.1
P07996_248_H5N4,166.5,208.4,184.5,168.3,183.6,131.8,127.4,120.1
P98160_3780_H6N3F1,371.2,809,422.4,569.8,566.3,431.8,318.9,363.4
Q9UBG0_1157_H6N3F1A1,69,56,66.2,54.6,54.7,39,47.2,48.9
P07996_248_H4N3F1A1,42.5,77,53.5,57.1,57.9,40.4,41.2,38
Q14112_703_H5N4F1A1,59,106.4,49.7,75.5,61.7,71.5,49.4,41.4
Q6EMK4_500_H8N2,34.3,23.4,36.1,50.5,23.1,31.4,28.9,27.8
P28300_81_H6N5F1A1,8.2,13.5,12.2,11.6,6.3,10.7,7.5,10.5
Q15389_243_H8N2,26.4,33,34.5,28.1,24.1,21.7,23,25
Q15389_243_H9N2,17.9,19.3,18.8,21.9,12.1,15.7,14.6,17.4
P13726_156_H7N5A1,62.2,30.1,50.3,47,34.4,29.8,29.3,52
Q9NR99_2007_H5N3F1A1,46.4,77.8,95.2,79.7,69.4,55.6,46.5,57.8
P24821_1034_H5N3F1A1,83.3,119.4,76.9,100.7,74.9,89.7,62.5,64.2
P08962_130_H6N3,33.6,30,59.7,27.4,21.2,24.9,43.7,25.6
P12111_2331_H7N2,70,53.6,44.1,38.8,56.1,34.7,39.8,27.3
Q99985_585_H8N2,167.7,248.5,178.4,190.4,189.6,183.6,126.6,100.3
Q07954_4364_H5N4F1A1,75.2,114.6,140.7,133,95.5,106.6,81.3,70.8
O00469_63_H3N2,161.4,148.7,123,122.3,140.1,90.9,97.1,96.2
Q99715_2679_H6N7F1A2,314.9,787,530.4,446.2,413.9,408.6,377.2,386.7
Q9Y6C2_794_H3N3,42.4,68,34.6,42,33.3,38.4,32.9,38
P36941_177_H5N4F1A1,7.6,11.3,13.3,11.6,8.5,10,6.3,8.6
O00469_209_H6N2,912.4,901.8,650.6,678.6,845.3,499.3,519.8,532.2
P53634_53_H6N2,59.1,219.5,51.8,71.3,129.8,52.7,66.2,57.2
P12109_212_H5N4F1A2,140.7,257.9,199.2,115.8,174.2,102.9,118.9,117.9
P12111_2558_H6N4A2,35.2,58.7,55.7,35.4,41.2,28.4,26.2,45
P07996_1067_H4N3,1302.8,2072.9,1618.3,1598.3,1579.8,1122.2,1094.3,1217.4
P02751_1007_H4N2,70.9,158.1,123.1,115.6,91.1,83.8,88.5,92
Q12884_49_H4N2,54.3,107.5,47.4,52,63.8,47.3,42.4,44.9
P07996_1067_H3N3A1,492.9,565.8,686,655.7,555.7,367.5,394.2,505.1
P02751_528_H5N5F1,75.5,188.6,113.5,117.6,106.9,109.5,84.9,74.5
P12111_3037_H6N2,54.4,40,44.5,39.4,43,35.9,23.7,32.7
Q9HDC9_160_H6N2,771.1,837.2,648.8,753.6,342.8,671.1,666.4,604.1
P98160_3780_H5N3F2,50.4,126.2,51.3,94,79.4,71.4,49.1,44.2
P12109_537_H8N2,233.6,309.6,222.3,374.6,261.2,320.6,183.8,98
P04216_79_H5N4F1,814.8,1087.4,1464.8,1212.1,814.4,762,798.4,745.9
P02751_1007_H5N4F1,924.7,2465.4,1663.2,1668,1365.8,1112.1,998.5,1458.7
P12110_140_H5N4A2,60.6,98,110.9,46.1,88,37,52.6,60.9
P11047_1205_H7N2,82.4,222.7,133.6,139.7,110.9,110.7,111.9,103.4
Q12884_99_H4N3F1A1,43.8,90.5,47.2,61,62.8,44.2,31.7,44.4
Q16363_742_H5N4F1,37.6,51.9,56.4,53.1,43,43.6,29,34.4
P12111_2331_H9N2,328.3,235.5,208.1,162.7,301.4,131.6,155.7,115.7
P23142_98_H5N4F1A1,42.1,160.5,44.6,106.6,46.8,133.2,49.2,37.3
P12109_537_H5N4F1A1,46.7,105.7,69,60,77.2,55,43.7,36
P56199_317_H4N3F1A1,39.7,44,54.9,74.5,36.9,32.9,44.6,45.9
P04216_79_H7N6F4A2,16.6,12.2,22.4,20.6,6.7,15.1,11.7,20.5
P07996_1067_H3N3,667.5,917.6,865.6,830.5,758.3,548.5,539.1,621.6
P41221_312_H5N4F1A1,12.6,24.1,12.4,25,18.3,14.1,10.2,13.1
P20908_176_H5N4,68.3,151.2,103,63.7,68.7,91.4,63.7,66.4
P02751_1007_H6N2,83.2,227,170.7,172.6,132.9,126.2,111.7,119.7
P08962_130_H7N4,19.3,15.2,34,23.2,12.6,12.8,25.5,17.9
P08648_868_H6N5F1,75.6,103.9,114.2,112.2,94.7,82.3,70.2,57.2
P24821_1018_H8N2,330.6,377.5,300.7,385.5,345.7,346.8,144.4,208.2
P12109_537_H5N2,410.3,498.7,379.7,578.7,433.7,496.7,286.1,181.8
P11279_261_H5N4,138.1,400,176.4,121.9,103.2,163.1,172.1,187.5
Q96RW7_2395_H5N4F1A1,49,94,95.8,64.6,51.8,61.8,37.9,75.5
P98160_89_H6N5,55.2,78.4,79.3,64.4,56.4,65.8,46.7,38.5
P04216_42_H5N2,55.6,63.1,75,75.5,49.1,46.2,60.4,45.2
Q12884_49_H6N3A1,76.6,145.7,61.8,66.8,92.8,64,48.8,56
P02751_528_H5N4F2A1,41.6,100.5,47,51.7,45.1,44.2,45.2,45
P12111_2079_H10N2,43,30.2,27.3,19.4,26.7,18.1,19.2,25.3
P12109_212_H4N3F1A1,165.2,243.9,199.3,129.9,208.1,112.9,113.2,115.3
Q16610_354_H5N4F1A1,32.6,79.2,65.5,48.7,42.2,39.9,42.7,43.4
O00469_209_H9N2,1144.1,1166.9,800,836.2,1060.7,626.1,615.1,634.7
P12111_2079_H4N3F1,326.8,458.5,360,257.3,443.7,182.7,180.1,145.9
P11047_1223_H6N5F1,28.3,57.3,50.1,48.1,36.2,38.1,32.8,29.3
P07996_1067_H5N4A1,764.7,1020.3,954.7,966.2,951.8,612.9,563,622.4
P12111_2558_H4N4F1,43.8,81.7,55.1,41.5,61,35.6,35.2,32.9
P07996_1067_H5N3,476.4,549.1,506.4,537.6,429.8,350.7,336.2,417.7
P04216_42_H6N5F2A1,95.6,112,139.2,185.7,90,116.2,98.6,90
Q9Y6C2_766_H5N4F2,70,121.2,56.7,75.7,72.3,55.7,59.8,51.8
Q9UBG0_364_H6N5F1,38.7,20.1,59.4,36.6,26.5,32.7,26.8,28.6
P12110_140_H7N2,184.6,295,194.2,294,214,199.3,156.9,146
Q13308_175_H4N3F1A1,322.1,413.6,338.6,464.7,313.9,284.5,209.2,331
P07996_1067_H2N2,20.5,35.5,34.1,30.4,23.5,18.7,21.4,25.4
P04216_79_H8N7F1,117.7,52.4,98.2,127.5,51.5,71,68.8,100.5
P51530_913_H8N2,72.1,57.4,51.7,60.2,48.8,47.9,45.2,36
Q16363_742_H5N4F1A1,40.7,52.3,51.2,41.3,52.2,32.4,25.2,26.9
P08962_130_H7N4A1,29,20.8,53.7,37.5,20.6,19.5,32.4,31.4
P04216_42_H6N3F1A1,110.1,117.7,159.3,153.6,109,87.1,111,91.1
Q9P273_1640_H9N2,164.4,156.3,101.5,234.1,130.5,132.2,81.8,138.3
P13726_156_H5N4A2,37.1,39.2,31.6,31.1,26.3,31.3,23.4,21.1
P56199_317_H6N5F1A2,57,64.5,72.1,91.1,53.1,43.3,53.3,59.2
Q9NR99_2415_H5N4F2,89.1,157.9,100.5,103.6,90.6,120.3,61.7,58.2
P12110_785_H5N4F1A1,295.5,496.2,357.7,238.1,409.3,168.9,201.1,237
P02751_542_H4N3F1A1,18.4,39.9,37.3,31.8,34.2,21.1,14.4,23.6
P12110_140_H4N3A1,155.5,238.9,227.7,113.5,182.7,101.8,116.8,137.1
P07996_1067_H5N4,647.7,902.3,816.1,798.9,783.4,530.4,483.6,518.7
Q99715_2679_H5N4F1A1,892.9,2524.2,1350.4,1142.4,1059,1101.3,1074.7,1023.1
Q99715_2679_H4N3F1A1,90.6,239.9,156.1,136,120.2,108.8,113.5,111.9
Q13308_175_H3N3F1A1,96.5,130.9,100.3,154.6,100.4,88.2,62.5,100.8
P43121_418_H5N4A1,98.6,121,94.1,125.6,84.3,66.5,75.2,94.5
P17936_116_H5N4F2,69.1,87.1,47.1,55.6,72.1,37.8,35.9,43
Q99715_2679_H5N4F1,636.5,1987.7,898.9,827,797.3,835.9,759.1,585
Q12884_99_H4N3F2,107.2,218,126.7,151,142.2,114.3,85.9,96
Q12884_99_H5N4F3,40.8,68.5,40,62.5,49.3,40.4,27.7,36.3
P12111_2558_H4N3F1A1,75.5,122.1,114,75.9,87.2,62.2,60.5,71
Q07954_3788_H5N4F2,79.9,143.7,149.9,141.9,135.1,109.4,62.7,66.3
P51530_913_H6N2,70.1,68.6,63.7,58,52,47.9,53.9,34.9
P35555_448_H5N4F2,37.9,92.9,67.6,125.9,67.8,80.4,54.6,32.2
P24821_1119_H6N3,93.4,103.4,58.8,68.5,63.8,76.4,49.9,44.6
Q08380_125_H7N2,23.3,15.1,14.5,53.1,42.2,15.1,12.5,6.9
P13726_156_H6N5A2,137.6,99.3,104.4,96.2,76.7,74.2,65.4,100
Q6UVK1_1131_H5N4F1,42.9,34.7,42.6,21.5,28.7,26.1,23.4,24.2
P04216_79_H3N3F1,1522.7,2070.1,2636.1,2027.8,1549.5,1340.5,1461.5,1236.5
P12111_2079_H5N4,64.6,68.6,67.7,60.3,71.9,36.2,33.1,47.3
P12110_140_H6N3,236.4,263.3,199.5,197.4,206.8,148.7,156.6,134.3
O00469_209_H7N2,566.2,510,376.7,377.2,467.6,280.6,300.4,270.7
P07996_1067_H4N3A1,951.1,1315.5,1211.9,1183.8,1069.7,689.6,690.2,910.9
P28300_81_H5N4F2,39.3,58.6,42.2,65.3,23.7,36.6,35.3,30.8
Q14767_343_H5N4F1A1,91.4,222.7,135,152.8,114.2,124.7,104.9,89.1
P04216_42_H5N4F2A1,121.7,161.6,186,176.9,120.8,119.8,124.3,99.7
Q12884_49_H7N2,422.2,871,427.5,561.7,532.1,399.6,323.5,384.7
O00469_63_H7N2,78.8,81.3,62,61.7,61.5,46.5,53.3,42.4
Q99715_2679_H5N3F1A1,36.5,39.3,45.6,32,26.4,23,29.8,30.9
Q08J23_573_H6N2,460,503.1,386.8,263.2,563.3,197.5,233.3,161.6
P04216_79_H5N4F1A1,1467.7,1885.8,2537.9,1838.2,1362.7,1223.3,1343.3,1183.5
Q86WC4_216_H8N2,42.8,38.8,31.4,32.2,24.1,22.1,25.8,31.8
P12109_537_H4N2,312.4,369.4,277.7,465.7,308.7,384.5,206.6,118.9
P12111_2677_H5N4F1,258.6,278.5,178.5,143,254,123,124.3,111.5
P04216_79_H2N3F1,88.6,116.6,164.8,117.4,94.8,87.6,83.5,81.6
O00469_63_H9N2,290.9,273.2,189,215.8,243.8,158.9,137.4,150.6
O75882_1082_H9N2,39.9,40.9,35.3,37.6,26,30.6,27.4,25.4
P12110_785_H5N4,731.2,678.4,433.1,361.7,526.8,352.6,384.2,305
Q99715_2528_H5N3,77.2,141.7,76.8,68.1,70,76.6,60.8,51.4
P13726_156_H4N3,75.8,40.3,52.6,56.6,39.3,38.7,33.5,48.6
P12111_2558_H4N3F1,151.5,291.9,146.6,103.2,165.2,109.6,109.5,107.3
O00469_209_H5N2,977.8,865.4,677.7,633.1,777.5,464.8,496.6,496
Q9P273_419_H5N4A1,44.3,56.5,35.3,50.3,33.1,37.6,20.6,40.7
Q07954_2117_H5N4F1A2,44,37.6,53.8,74.5,51.3,40.2,27.2,29.8
P13726_169_H5N4F1,74.3,61.6,48.7,58.7,47.8,38.4,42.7,43.2
P02751_1007_H4N3F1A1,216.7,578.3,408.2,398.7,305.4,243.4,220.9,363.2
P07996_1067_H6N4F1,12.3,37.4,15.4,16.5,12.1,16,12,17.6
P43121_418_H4N3,57.4,71.3,64.3,82.7,45.4,44.7,48.8,55.7
Q9Y6C2_766_H4N3F1,402.1,806,362.1,366.6,484.5,320.9,263.3,297.4
P39060_926_H8N2,65.7,47.2,42.7,31.7,49.1,25.8,34.1,23
Q9NT68_1773_H9N2,11.2,23.2,25.5,36.4,16.4,14.1,12.9,24.4
O00469_209_H4N2,1205.4,1103.2,839.9,781.2,994,584.5,606.2,581.3
P24821_1034_H5N4F2A1,45.6,75.1,47.5,51.9,47.3,43.8,25.9,37.9
Q08380_125_H5N2,15.4,11.4,13.5,38.6,25.5,12.3,10.4,7.3
P12109_537_H2N2,219.1,279.5,195.6,332.3,207.5,259.3,163.8,91.2
P08962_130_H6N4,19.6,15.5,37.2,18.3,10.6,11.5,22.4,19.2
Q9Y6C2_766_H3N3F1,73.4,143.9,60.6,63.8,88,56.2,50.6,45.3
P04216_79_H7N6F1A2,171,166.1,282.2,217.7,131.3,139.4,129,188.2
P13726_169_H4N3F1A1,86.2,56.8,70.3,67.9,53.5,42.8,41.9,59.3
Q8NBJ4_144_H8N2,18.4,16.1,23.5,24.6,16.3,17.9,14.7,9.1
P02751_528_H4N3F1A1,227.4,696.1,348,399.6,322.9,281.4,236.3,332.5
P28300_81_H9N2,204.4,168.5,184,160.5,86.5,106,117.4,100.4
Q16585_158_H8N2,56.5,28.9,54.4,41.1,30.1,31.1,27.3,38.4
P04216_79_H3N3F1A1,858.5,1005.2,1451.2,1130.5,808.8,788.3,827.3,648.2
P04216_79_H4N4F1,515,626.4,938.9,675.5,480.9,463.2,506.3,392.2
P12111_2558_H5N4F1A1,478.8,888,597.1,448.6,532.9,357.6,359.8,438.9
P51530_913_H7N2,58.5,60.6,57.9,66.9,45.6,39,52.2,33.8
P02751_1007_H4N3F1,392.3,1179.2,699.8,716.3,595.9,503.8,415,574.3
P07996_248_H6N5F1A1,38.7,60.5,75.8,49.7,44.1,34.7,40.3,37.9
P08962_130_H8N5F1A1,10.3,11.2,15.2,21.7,10.9,6.3,9.2,14.4
P12109_804_H5N3A1,62.8,76.8,80.4,51.7,66.1,41,36.9,45.8
O00469_209_H3N2,862.9,742.6,638.8,563.9,685.3,432.5,442.4,400.3
P28300_81_H5N4F2A1,34.3,29.9,40.5,49.7,21.3,23.1,25.7,34.1
P11047_1439_H5N4F1A1,163.1,543.5,213.5,278.1,289.5,248.2,176.3,120.7
P56199_317_H4N4F1,39.2,34.7,39.3,59,27,26.7,29.9,36.2
Q13308_175_H4N3F1,254.2,368.1,236.4,390.4,233.1,242.5,168.4,224.8
P12111_3037_H5N4F1A1,46,41,46.2,37.9,37.1,25.2,16.8,39.9
P08962_130_H5N2,23.3,21.4,35.9,21.1,14.6,17.4,22.2,16.5
P13726_156_H6N4,104.4,46.4,67.6,76.2,41.9,43.6,49.7,69.4
Q13308_175_H3N3F1,100.7,168.6,77.5,135.2,88.7,105.8,64.3,75.7
Q8IUX7_922_H5N3,31.9,108.2,83.5,42.1,52.2,47.3,41.3,43.5
P50454_120_H4N4F2,17.4,25.3,17.7,31.6,19.3,23.2,12.6,8.7
Q12884_99_H5N4F2,69.5,141.8,75.9,114.8,81.1,85.3,47.5,64.7
P12111_2558_H5N3,178.6,195.1,122.2,137.1,163.7,87.6,100.3,86.9
Q99715_2528_H5N3A1,256,440.4,344,259.9,206.3,204.3,263.4,226.5
Q12884_99_H5N4A2,29.8,94.7,25.7,22.6,30,33.5,29.7,26.4
P12109_212_H4N4F1,161,259.4,206.6,125.5,200.2,108.3,107.8,104
Q9UKX5_528_H7N2,52.6,113.1,582.6,596.8,99.3,86.8,676.2,66.4
Q9Y4L1_869_H3N2,232,230.1,215.5,225.8,159.2,160.3,176.4,127.5
P02751_1007_H4N2F1,33.6,96.9,50.2,63,47.2,44.6,38.5,37.8
Q08380_125_H9N2,31.1,20.1,21.3,81.5,58.7,26.3,12.8,8.4
P19022_692_H6N3A1,52.1,55.5,50.3,57.7,26.8,40.2,42.3,39.3
P02751_528_H3N3F1,347.4,1163.7,511.4,589.1,515.8,477,367.5,439.6
P08962_130_H6N3A1,35.3,30.2,57.6,31.1,19.4,15.9,41.1,29.8
P04216_79_H4N3F1A1,956.1,1006.4,1506.8,1179.6,739.9,757.8,803.4,620.7
P12109_537_H3N2,206.8,248.1,185.8,300.3,188.3,246.6,133.6,78.2
P41221_114_H10N2,34.7,55.4,57.1,41.9,44.6,30.4,25.7,29.1
P13611_1898_H5N4F4A2,35.3,18,16.8,18.1,12.4,17.8,13,17.3
P13611_1898_H7N6F1A1,35.3,18,16.8,18.1,12.4,17.8,13,17.3
O00469_63_H5N2,204.2,172.9,152.3,139,146.3,106.9,112.6,92.5
P04216_79_H7N6F1G1,29.4,34.1,37.2,36.7,28.8,18.7,24,22.6
P12110_140_H5N4,623.7,1056.3,651.2,395.7,715,382.9,389.5,379.8
P04216_42_H5N3F1,199.9,249.9,335.2,292.9,210.9,185.3,180.2,161.2
P02751_528_H4N3,140,506.7,198,255.4,218.1,223.8,154.5,155.6
Q99715_2679_H5N4,272.4,446.2,322.7,230.2,181.4,240.1,264.2,181.4
P04216_42_H6N4F1A1,61.5,52.4,98,86.6,41.6,41.8,64.3,55.8
Q99715_2528_H5N4,225.2,804.5,286.1,310.9,316.8,332,250.6,207.5
P12111_3037_H9N2,109.1,81.9,57.7,51.3,85,41.6,38.5,39
Q9Y6C2_766_H7N2,97.5,119.5,94.1,62,69.9,50.5,56.2,76.8
Q9Y6C2_561_H6N5F1,93.1,244.1,101.8,102.8,102.4,102.2,70,93.2
P12111_2677_H6N5F1,136.2,128.1,131.7,78.2,117.5,60.3,74.2,69.7
P07996_248_H4N3,101.5,200.7,117,97.3,119,87.1,87.7,56.4
P04216_79_H5N4F1A2,564.3,640,815.7,572.6,405.2,357.7,373.4,314.2
P09486_116_H9N2,70.5,68.6,82.9,75.4,54.7,37.6,47.5,61.5
Q12884_99_H9N2,61.6,124.7,62.8,82.5,83.1,53.8,38.8,48.4
Q13308_175_H5N4F1A2,279.3,543.7,267.1,354.4,237.7,242.4,198.1,298
P12109_537_H5N4F1,80.1,184,66.6,62.1,108.7,68,57.5,31.2
P02751_1007_H5N2,256.6,867.9,479.4,469.5,392,374.3,266.8,366.1
P04216_79_H8N7F1A1,77.5,65.7,134.4,107.6,54.4,57.8,63.2,84.5
P04216_42_H3N2F1,75.9,85.1,108.6,93.9,56.2,57.7,68.9,62.4
Q9UBG0_69_H6N4F1,26.8,104.2,39.8,54.6,42.4,43.7,30.9,34.9
Q9UBV2_195_H9N2,124.1,134.7,130.3,150.6,77.2,94.9,99.9,91.6
P02751_528_H4N4F1A1,16.4,81.6,31,35,41,28.2,17.2,24
Q08380_125_H8N2,18.5,9.4,16.4,47.9,30.2,16.1,11,4.6
P35556_2120_H4N3F1,19.4,100.1,26.8,55.7,20.6,41.4,39.4,34.2
P12110_785_H5N4F1A2,355.3,582.8,614.1,281.9,560.4,165.2,247.3,258.3
P09486_116_H8N2,33.3,50.9,50.3,46.5,27.2,29.6,29.1,35.6
P07996_1067_H4N2,36.9,33,47.7,42.9,27.2,21.7,22.4,36.2
P04216_42_H6N3A1,119.6,92.3,155.3,127.6,73,78.3,97.3,82.8
P13726_156_H6N2,42.3,23.8,38.1,35.7,24.3,20.6,22.8,26
P35354_580_H8N2,68.1,77.6,54.4,127.4,48,83,51,37.2
P98160_2121_H5N4F1,12.1,24.6,16.7,25.8,11.8,16.7,12,12.5
Q99715_2679_H3N3F1,189.6,497.1,264.7,234,211.3,220.1,203.8,157.8
P04216_79_H7N6F1A1G1,42.3,45.4,64.7,57.3,40.9,36.6,31.3,31.2
P02751_1007_H5N4F1A1,332.5,1336.3,615.1,592.1,456.9,419.2,384.5,658.5
Q9Y6C2_766_H5N4F1,793.3,1784.2,654.2,693.4,973.3,624.7,536.3,484.8
P04216_79_H6N5F1G1,106.5,154.5,158.1,147,105.9,98.1,81.5,92.2
P12111_2558_H5N4F1A2,149.6,290.2,243.7,136.5,196.9,84.8,110.1,154.7
P07996_1067_H5N4A2,225.5,565.9,280.8,268.2,225.5,181.2,199.5,287
P07942_1279_H7N2,23.1,28.9,19.8,29.2,20.3,15.4,14.5,17.1
P12111_2558_H5N4F1,606.7,1146.4,649.1,472.7,659.7,407.2,415.4,430.1
P12111_2079_H5N4F1,493,878.5,586.4,405.5,701,307.8,298.2,227.6
P11279_322_H5N2,38,24.8,37.7,38.7,19.9,26.1,25.1,21.4
Q99715_2679_H4N3F1,476.1,1192.8,680.1,553.5,522.2,535.1,512.2,359.1
O00469_209_H8N2,1151.4,1107.1,862.6,832.5,922.6,607.7,540.7,554.6
P08962_130_H5N3F1A1,48.8,36.2,70.7,48.7,36.5,22.7,46,30.5
P28300_81_H8N2,318.8,315,329.5,316.1,212.8,206.3,214.6,197
Q99715_2679_H4N3,188.8,387.5,235.5,175.1,165.4,175,177.3,137.1
P11047_1241_H5N4F1,140.2,350.4,174.1,211.7,198.9,157,110.2,115.3
P51530_913_H3N2,88.9,70.6,71,75.8,51.4,58.1,55.4,38.2
P02751_542_H5N4F1A2,75.4,308.7,117.3,122.6,106.4,105.2,75.6,124.4
P12110_785_H3N3F1,432.8,769.3,416.5,296.8,545.8,228.3,251.1,240.1
P04216_79_H5N5A1G2,58.5,70.4,101.8,71,68.6,42.5,43.5,44.7
P02751_1007_H3N3F1,314.2,1093.1,564.5,616.8,507,407.3,308.7,487
P02751_542_H5N4F1,103.8,377.2,181.2,214.4,160.6,152.1,98.8,120.3
P02751_1007_H7N2,94.3,351.6,251,254.4,175,175.9,122,155
P04216_79_H6N5F1A1G1,94.1,111.4,162,114.6,107.8,70.3,66.5,73.6
P02751_430_H5N4F1A1,95,208.5,120.4,144.2,108.2,93.4,73.8,99.5
P07996_1067_H6N4A1,383.4,646.5,466.8,529.5,446.9,314.5,260.1,315.1
P50454_120_H6N3F1,94,108.3,93.8,144.5,79.8,81.8,74.3,54.6
O95084_207_H5N4F1,35.2,80.5,69.1,61.6,52,47.1,32.6,30.6
Q8NBJ4_144_H9N2,19.9,21.6,18.1,18.3,14.5,12.2,12.8,11.8
P13726_156_H5N3F1,56.1,53.1,57,62.5,36.9,35.5,36.4,41.8
P12110_785_H3N3,177.2,174.4,109.6,80.6,126.4,71.9,87.7,70.7
P12109_212_H5N4F1A1,545.6,966.8,576.5,434.7,568.5,359,398.9,325
Q15648_1145_H6N5A4,116.3,47.6,110.3,151.8,68.1,55.7,62,94.2
Q99715_2679_H5N4F2,63.8,157.6,97.3,84.4,63.2,86.3,70.8,44.5
Q99715_2528_H5N4F1,106.7,385.7,118.4,133.9,143.7,126.3,125.6,93
P07996_1067_H5N2,131.4,110.5,185.7,151.2,76.5,61.1,100,142.1
Q9UBG0_634_H5N4F1,31.8,37.6,44.4,47.8,31,26.5,24.5,24
Q13308_175_H8N2,190.7,184.8,145.2,183.2,122.8,114.4,98.3,125.3
P50454_120_H5N4F2,10.4,20.6,14.6,25.6,14,15.2,10.7,6.7
P12111_2331_H8N2,175.4,66.1,102.9,65.1,114,49.6,62.3,42.1
Q99715_2679_H4N4F1,169.3,743.2,360.3,278.2,345.9,292.7,192.5,182.6
P02751_528_H5N4F1,2442.2,7673.8,3501.8,4220.7,3399.1,3190.7,2345.6,2674.4
P07996_1067_H5N3G1,40.6,39.2,47.9,51.9,29,28.3,26.7,32.6
P07942_1279_H8N2,123.8,209,126.4,146.1,130.8,97.7,72.7,91.7
P04216_79_H8N7F1A3,33.6,32,47.8,34.3,23,24.1,22.8,25.7
Q15417_240_H12N2,119.3,167.1,66.8,101.7,139.4,54.9,37.6,62.2
P04216_42_H5N4A2,72.6,99.2,119.5,120.9,71.7,68.8,70.3,55.6
P12110_140_H5N4A1,302.7,626.2,322.2,203.3,272,196.6,194.1,215
P02751_139_H5N4F1A1,48,142.5,60.3,73.4,52.6,57,46,53.8
P04216_79_H6N5F1,374.2,301.2,516.5,572.6,289.3,275.7,271.3,303
Q7RTY9_211_H5N4F1,50.3,98.1,131.3,47.8,65,45.9,33.4,67
P12110_785_H4N3,281.1,278.8,223.3,124.2,199.7,117.5,142.3,125.6
Q9UBG0_634_H4N3F1,41.7,41,59.4,49,34.7,34.9,22.1,31.5
P02751_1007_H3N4F1,27.2,118.7,57,58.7,49.3,42.8,32,44.4
P28300_81_H4N2,82.4,85.6,84.5,68.1,47.8,54.7,50.1,53.8
Q9Y4L1_869_H5N2,447.1,441.2,402.4,434.1,301.8,303.3,291.3,212.9
P02751_528_H6N4F2,82.1,259.9,119.3,133.7,95.3,99.6,88.9,98.7
P02751_1007_H6N3,144.2,307.4,233.8,219,156.4,123.7,132.9,167.6
Q9P273_380_H5N4F1A1,84.9,81.4,55.8,129.2,55.8,64.9,39.6,65.1
P11279_322_H7N2,22.6,18.2,22.1,31,12.7,15.6,17.4,14.5
P51530_913_H9N2,139.5,134.1,98.7,122.1,82.1,83.6,95.8,55.4
Q13308_175_H5N4F1,245.6,322.4,130.2,225,173.4,216.7,99.2,101.8
P12111_3037_H5N4F1A2,51.9,40.8,64.5,38.6,53.2,20.5,24.2,27.4
P12111_2558_H6N3,188.6,206.2,116.4,107.8,147,86.4,92.1,70.5
P04216_79_H4N4F1A1,344.6,373.5,545.2,391.1,270.9,260.8,285.4,217.9
Q68CR1_527_H9N2,50.7,41.6,32.4,63.4,29.6,31,33.7,25.9
P12109_537_H9N2,433.7,516.5,331.6,524.8,379.9,376.7,238.9,158.4
P02751_528_H6N2,102.3,392,191.2,272.1,177.1,196.3,103.2,135
P12110_785_H4N3F1,967.4,1749.6,911.2,658.4,1164.3,506.9,563.2,502
P12111_2558_H5N3F1A1,355.4,532.3,354.4,282.3,359.4,188.4,197.9,225.8
P02751_1007_H3N3,156.2,624.4,321.3,364.3,291.8,217,164.1,261.2
P12111_2558_H6N3A1,132.3,195.8,160,132.8,132.9,76.3,88.3,98
Q13740_306_H3N3F1A1,67.1,31.6,52,103.1,32.2,37,49.2,43.1
Q9Y4L1_869_H8N2,1452,1135.6,1264.4,1321.3,917.6,883.4,914.8,573.1
P12110_785_H6N5,116.8,108.9,98.9,47.5,67.1,53.4,63,53
P04216_79_H5N4F1G1,96.4,103.9,170.8,139.8,80.1,87.5,77.2,79.4
P13726_156_H5N3,234.4,172.2,189.1,204,125.4,110.5,114.2,157.3
Q9Y4L1_869_H7N2,580.4,506.3,530.7,541.9,369.8,346.1,367.6,283.5
P02751_1007_H5N4,197.2,817.6,365.3,416.2,377.5,305,201.2,251.7
P04216_79_H4N3F1,1375,1537.2,2076.5,1814.4,930.3,1004.2,1064.3,941
P12110_785_H6N5F1A1,61.2,137.9,97.1,64.4,78,41.3,49,59.5
P13726_156_H7N5,66.4,32,46.2,61.1,25,24,30.8,50.1
P12110_140_H3N3,130.7,198.6,132.5,75.3,137.2,66.8,69.9,65.2
Q9Y6C2_766_H5N4,369.1,653.9,284.1,256.9,315.3,257.4,210.9,202.9
P02751_528_H6N5F1A1,218.1,890.5,328,295,269.1,257.5,252.8,304.2
Q13308_175_H5N4F1A1,339,635.9,272.5,402,274.3,299.2,207.8,258
Q9Y4L1_869_H6N2,830,743.5,769.6,796.4,484.7,520.2,543.1,428.8
P56199_317_H4N3F1,75.1,59.1,65.4,114.1,46,36,56.2,59
P12109_804_H6N3A1,67.5,68.9,76.5,47.6,65.8,32.5,25.9,39.5
P13726_156_H6N4A1,54.4,38.8,37.5,47.9,34.5,23.5,26.5,27.7
P02751_139_H4N3F1,53,181.1,78.2,104.4,73.2,73.4,56,59.1
P05997_1400_H7N2,127.5,260.7,227.3,158.1,104.6,144.3,118.1,118.7
P02751_1007_H3N2,89.9,246.2,154.7,160.2,102.2,99.4,86.5,120.6
Q13308_175_H9N2,138.8,144.3,79.7,137.9,81.4,76.6,62.6,93.3
P04216_79_H5N5F1A1,44.8,37.3,62.9,48.7,28.7,30.8,33.2,28.7
P04216_79_H6N5F2A3,34.5,34.8,56.6,57.8,28.9,26.8,24.5,34.8
P28300_81_H5N4A2,11.7,9.8,13.6,12.7,4.8,7.9,9,8.2
P02751_1007_H4N3,111.7,352.2,172.9,189,139.2,134.5,105.2,136.6
P56199_317_H5N4F1A2,126.7,117.3,167.4,203.6,95,77.6,94.9,116.2
P01033_53_H5N4F1A1,107.1,230.5,146.6,123.6,88.2,113,102.9,74
P12109_212_H5N4F1,193.9,323.7,174.8,117.2,207.3,103.8,105.7,77
P08962_130_H6N3F1A1,31.5,28.5,47.8,36,23.5,14.2,30.7,20.9
P02751_1007_H5N3F1,143.8,475.7,228.2,303.8,241.7,167.9,148.8,156.6
Q13740_306_H6N5F1A3,130.3,119,172.7,256.4,70.9,101.7,158.8,89
P02751_528_H4N4F1,427.2,1852.7,693,862,766.6,651.9,444.1,512
P28300_81_H6N2,254.2,274.3,244.9,226.4,153.6,158,153.5,151.3
P02751_1007_H4N4,40.8,157.3,86.9,99.2,73.8,65.1,40.8,57.7
P28300_81_H5N2,99.8,96.5,94.5,88.5,54.8,55.9,66.3,57.3
Q9BQS7_714_H5N4A1,16.3,33.4,31.7,34.2,29.3,24.3,17.8,0
P33151_535_H8N2,83.4,72.5,83.1,159.9,40.5,60.6,64.6,80.5
P12109_537_H10N2,145.3,229,96.6,144.5,115.9,111.7,95.2,56.3
P04216_79_H5N5G2,53.9,100.8,88.3,83,61.2,48.3,42.7,48.2
P78381_161_H6N5A3,90.2,39.6,106.1,113.2,41.9,44,46.2,82.4
Q9Y6C2_766_H5N3,81.3,121.8,61.4,52,62.4,48.1,48.6,35.1
P04216_79_H5N4F4A2,289.7,247.7,428,434.8,197,216.2,204.8,241
Q9Y4L1_869_H4N2,431.6,422.5,366.5,417,268.3,266.2,267.7,198.5
P07996_1067_H5N3A1,155.5,133,182.3,154.4,84.7,57.3,110.6,127.6
P12110_785_H5N4A1,375.5,401.9,382.6,194.6,295.6,169,174.7,182.8
O00469_63_H8N2,589.2,482.4,373.1,346.6,409.8,249.2,234.3,192.9
P12109_212_H4N3F1,264,428.7,287.3,181.4,280.6,137.8,145.5,139.1
P04216_42_H4N2F1,270.7,261.1,392.6,319.3,187.2,170.4,217.5,177.4
Q9UBG0_634_H5N4F1A1,47.8,60.2,70.2,70.1,48,42.6,32.3,27.1
P12110_785_H5N4F1,1363.5,2540.8,1140.7,856,1516.1,704.1,733.1,610.3
P02751_528_H5N4,262.3,889,435.7,536.4,397.3,372.5,234.8,277.4
Q14767_343_H5N4F1,203.2,542,278.5,328.6,224.6,258.5,179.3,153.1
P12111_2558_H4N3,111.5,148.8,123.4,69.7,93.1,59.7,50.7,69.4
P04216_79_H3N2F1,681.6,581.4,1067,958.4,354,379.1,437.9,337.3
P07996_1067_H4N4F1,71.5,95.3,86,104.5,62.9,55.6,52.5,43.3
Q07954_2620_H5N4F1,36.8,45.4,24.4,34.4,21.6,33.4,16.5,13
P02751_528_H7N6F1,97.9,304.6,196,155.3,105.4,114.6,131.4,99.8
P54289_604_H4N3,130.6,146.9,120.2,125.3,78.8,92.6,79.9,61.6
P41221_114_H9N2,18.2,37.9,23.8,23.9,22.6,12.7,13.5,13.3
Q9Y4L1_869_H2N2,171.9,166.4,132.8,152,97.6,98.1,104,72.8
Q14766_347_H5N4F1A1,12.9,28.7,64.1,33.5,20.3,19.2,23.8,19.9
P04216_79_H6N5F1A3,171.5,185.5,275.2,173,136.5,110.8,118.7,114.9
Q13308_175_H6N5F1A1,41.3,38.8,29.4,31.1,24.9,22,16.1,20.9
P56199_317_H5N4F1,114.8,79,97.3,144.5,54.1,54.3,91.4,59.6
P04216_42_H5N3F1A1,456.6,413.6,621,536.3,287.8,266.5,359.5,291.3
P12111_2079_H5N4F1A1,91.2,181.6,179,105,136,59.3,72.8,62.4
P02751_528_H4N3F2,55,121.9,49.6,69.6,42.5,52.7,40,40.5
P12110_140_H4N3,270.5,446.2,279.3,136.1,270.5,128.8,143,128.5
P43121_56_H5N4F1A2,43.9,41.9,51.1,78.9,33.1,20.7,36.2,36.9
Q5ZPR3_91_H5N4F1,45.8,47,39.2,75.7,20.4,39.7,38.4,23.5
Q14766_347_H5N4F1,18.1,38,64.5,43.6,26.9,25.5,23,21
Q08431_238_H7N2,1005.1,582.2,815.9,690.8,239,231.5,342.4,187.5
Q96RW7_2395_H5N4F1,68,181.2,106.8,88.8,82,70,42.4,66.5
Q12884_99_H5N4F2A1,52.4,212.3,46.7,52.8,54.5,57.1,51.7,50
Q12884_49_H8N2,364.7,747.9,400.7,554.2,402.1,323.9,203.7,278.9
P10915_56_H6N5F1A2,73.7,68.8,80.7,65.6,43.2,44.5,40.9,40
P28300_81_H10N2,317.1,293.1,270.4,249,132.8,152.1,202.4,171.5
P02751_528_H3N2F1,377.1,1509.4,578.7,758.7,605.3,543.2,318.2,412.3
Q07954_2521_H5N4F1A1,27.6,19.8,31,31.6,15.4,15.6,15.8,17.1
P02751_528_H4N3F1,2070.7,7310.3,3100.5,3874.6,2842.6,2626.3,1762.6,2258.7
Q9Y6C2_766_H4N3,140.1,234.5,94.8,93.7,103.5,84,76.6,62.1
P10316_110_H5N4F1A1,120.9,5.8,128.1,5.7,7.5,126.8,0,16.5
P35556_2120_H5N4F1A1,27.1,151.7,47.6,85.3,30.2,45.4,53,51.8
P04216_79_H4N4G2,75.9,72,129,105.1,55.6,54.8,53.3,57.2
P02751_528_H5N4F1A1,870.7,3985.7,1371.6,1553.2,1218.6,1157.1,876.9,1224.2
P02751_528_H6N3,57,275.8,92,139.4,109.8,88.5,60.2,66.7
P02751_528_H6N5F1,804.8,1766.2,1291.4,1163.1,802.8,778.5,656.7,656.3
P12111_3037_H4N3F1A1,59.1,49.8,50.2,40.7,43.3,21.2,22,28.4
P02751_542_H5N4F1A1,44.3,164.4,70.6,82.7,64.5,55.7,35.1,52.1
P12111_2558_H3N3F1,92.5,173.3,107.3,64.4,101.1,48.7,48.6,51.2
P02751_1007_H2N2F1,114.5,391.1,148.4,177.4,129.6,108,101.4,135
Q5ZPR3_91_H4N3F1,23.4,16.3,14.2,31.6,11.9,15.8,13.1,7.8
P07996_1067_H6N3,69.4,56.3,82.8,74.6,34.9,21.6,42.2,62.2
Q13308_175_H5N4F2,39.9,59.9,30.6,60.9,26.5,43.5,17.5,21.1
P07942_1279_H6N2,116.5,173.1,105.8,134.7,79,58,70.1,93.2
Q07954_4364_H9N2,25.6,37.7,23.6,24,12.9,18.9,17.9,13.1
P41221_312_H5N4F2,5.3,25.5,7.1,26.6,13.7,9.8,6.9,6
P18084_795_H12N2,10,7.8,9.1,15,3.6,5.2,6.2,8.5
P02751_528_H5N4F2,402.1,1112.3,403.5,619.2,366.7,427.5,295.1,333.1
Q9Y4L1_869_H9N2,595.1,537,396.6,464.8,326.5,273.5,309.7,206.1
Q9Y6C2_794_H5N4,268.5,482.7,231.3,271.3,203.8,208.7,133.3,155.9
Q9UKX5_528_H8N2,18.4,39.6,279.3,242,36.3,39.4,221.1,27.4
P12110_785_H6N5F1,144.9,395,183.5,115.4,154.6,99,116,99.6
P13726_156_H5N3A1,105.5,69.9,71.7,76.1,40.8,43.7,42.1,53
P12111_3037_H4N4F1,36.8,34.7,51.9,21.9,32.6,12.5,18.3,17.3
P02751_528_H6N5,89.1,179.4,144.8,131.2,82.6,87.6,67.2,64.5
P10915_56_H5N4F1A2,90,69.7,100.8,88,55.8,35.7,51.2,50.4
P02751_528_H7N2,72.9,341.7,162.2,202,137.6,153.3,73.9,65.5
Q07954_2620_H7N2,25.5,28.9,20.3,30.6,11.9,14.9,18.7,12.6
P02751_1007_H6N4,48.1,272.1,116.6,127.9,111.1,80.5,44.2,74.4
Q99715_2528_H6N3,219.6,392.4,210.1,144.3,126.2,137.3,159.2,107.2
P11279_249_H5N4F1,61.3,54.2,46.2,107.6,38,44.3,34.6,30.6
P13726_156_H7N4,79.1,22.9,35.2,47.4,17.3,18.5,24.9,40.3
P11279_249_H4N3F1,441.4,405.8,306.3,420.6,177.1,214.3,208.8,174.7
P13726_156_H4N2,196.2,84.3,124.7,142.2,63.6,61.1,75.1,99.5
P12111_2558_H5N4A1,352.6,514.9,412.5,229.9,275.4,189.3,175.4,181.8
P13726_156_H6N5A1,66.2,27.7,41.7,34,22.9,20.2,20.2,29
Q07954_2117_H5N4F1,40,47.8,50.7,83.3,35.5,34.3,25.4,25.5
Q08380_125_H4N2,39.2,29.9,20.7,49.5,33.9,15.6,16.3,9.9
Q5ZPR3_91_H6N5F1A1,20.8,18,15.4,26.8,8.7,13.3,8.2,13.8
Q07954_2117_H3N3F1,62.3,58.5,73.3,102.6,49.3,45.6,33.4,32.8
P28300_81_H3N2,23.2,19.8,23.3,18.8,9.9,10.9,10,15.4
P10915_56_H10N2,102.4,60.6,59.7,76,36.8,50.1,43,32.2
Q13740_306_H7N7F3A1,199,86,161.5,312.2,75.5,122.9,127.4,85
Q13740_306_H5N4F1A2,199,86,161.5,312.2,75.5,122.9,127.4,85
P35555_1902_H5N4F1A1,3.5,9.6,12.9,21.4,6.7,9.2,6.5,3.2
P13726_169_H5N4F1A1,136.2,97.7,82.9,108,52.5,60.7,52,63.3
P04216_79_H7N6F1A3,49.8,44.5,78.6,48.6,28.1,30.6,28.3,32.1
Q07954_2117_H4N3F1A1,60.3,60.5,70,114.2,48.7,46.5,34.2,33.1
P02751_139_H5N4F1,62.9,285.4,85.8,142,90.4,97.8,55.3,63.4
P35442_1069_H5N4A2,41.9,104.4,43.4,41.4,40.7,24.2,28.8,29.2
Q9UBG0_1157_H6N3F1,105.1,41.4,89.7,87,37.1,53.5,39.3,41.9
P04216_79_H6N5F1A2,1019.6,999.4,1659.7,1279.4,771.1,572.4,649,624
P13726_156_H5N2,503.3,227.5,323.9,332.4,151.4,136.1,191.5,251.3
P11279_249_H6N5F1A1,13,7.5,12.1,20.3,5.4,7,7.3,8.1
P13726_156_H3N2,77.2,35.2,46.2,42.6,22.5,21.3,28.3,33.5
P04216_79_H5N4,46.7,37.1,63.9,65.6,30.4,26.5,29.3,25.5
P11279_249_H5N4F1G1,34.2,35,43.1,52.7,26.2,26.4,17.5,16.3
P54289_604_H5N4A2,97.2,85,119.5,91.1,56.8,53.6,46.1,48.9
P04216_79_H5N3F1A1,17.9,19.1,27.3,21.1,11.3,9.8,15.6,7.9
P11279_322_H11N2,65.3,25.7,49.7,70,28.4,23,28.5,29.6
O00192_521_H5N4A2,110.3,49.8,101.9,142.6,45.2,47.7,37.2,78.7
Q07954_2117_H4N4F1,65.4,65.8,56.7,97.7,35.2,43.5,31.1,36.7
P41221_312_H9N2,35.3,67.2,53.5,36.7,41.3,16.9,19.5,20.6
P04216_79_H7N4,83.9,37.4,67.2,81.9,24.6,31.5,44.2,37.4
P02751_528_H6N5F2,196.1,407.5,234.8,243,147.4,161,127.3,114.5
P50454_120_H7N2,366.7,466.6,384.3,666.9,273.1,286.1,221.3,177.7
P12111_3037_H5N4F1,245.9,261.9,202.1,137.1,190.8,84.4,82.4,71.7
P50454_120_H5N2,233.8,298.4,230,414.6,167.2,180.6,141.8,105.6
Q07954_114_H5N4F1A1,25.8,23.5,35.2,43.6,16.1,15.7,16.2,16.7
P04216_79_H5N3F1,350.2,228.8,459.5,450.9,135.5,143.5,224.3,143.8
P12111_3037_H3N3F1,221.5,211,185.7,111.8,161.5,70.6,64.8,69.8
P50454_120_H8N2,207.3,227.2,193.8,354.8,142.4,142.2,115.2,90.7
Q12884_99_H10N2,53.8,100.4,54.8,71.6,49.1,33.8,29.3,26.9
P50454_120_H6N2,233,250.9,196.8,335.8,146.1,156.4,116.9,83.5
P50454_120_H3N2,474.1,590.7,455.8,772.6,315,354.4,251.2,210.4
P13726_156_H7N3,169.2,75.5,129.4,131.9,53.8,54.8,61.9,78.7
Q13740_306_H6N4A2,84.8,48.2,83.4,157.5,30.7,55.7,51.2,46.5
P02751_528_H5N3F1,190.4,786.6,224.8,398.4,279.2,216.2,135.4,145
P11279_249_H4N4F1,98.3,78.5,80.3,126.6,51.3,49.8,49.2,35.6
P04216_79_H6N3F1,82,68.9,111.8,111.4,43.6,38.7,62.7,36.2
P13726_156_H6N3F1,68.4,61.9,57,81,34.6,34.3,27.7,32.4
Q08431_238_H5N2,179.3,122.7,168.3,158,72.4,68.7,86.7,73.5
P04216_79_H5N3,422.6,224.5,395.5,368.1,118.8,157.3,220.2,179.9
P50454_120_H2N2,294,382.1,264.9,485.5,196.5,220.8,145.5,120.5
P50454_120_H4N2,397.3,512,374.8,613.5,253.4,269.9,220.6,164.8
P04216_79_H4N3,328.7,316.1,514.7,481.3,213.4,197.6,204.4,169.7
P41221_312_H8N2,71.3,106.3,136.1,55.2,83.4,34.1,26.8,32.2
P04216_79_H3N2,105.1,97,168,165.3,57.8,60.6,76,61.7
P11279_249_H3N2F1,126.8,83.9,61.4,89.8,49.4,46.7,50.4,26.6
P11279_249_H4N3F1A1,222,194.3,248.1,237.4,103.7,99.3,109.4,98.4
P50454_120_H9N2,223.9,283.2,225.7,384.4,161.2,161,121.4,89.8
Q07954_2521_H4N3F1,18.5,14.7,22.9,24,7.6,9.2,10,11.4
P11279_249_H3N4F1,48,48.2,28.6,45,16.6,23.2,20.3,20.8
P41221_312_H5N2,31.1,42.2,56.7,22.7,35.4,11.3,14.4,11.3
P12111_3037_H4N3F1,286.1,295,256.2,146.7,205.9,87.3,85.1,87.8
P04216_79_H4N2F1,122.8,84.4,142.5,150.6,42.8,58.9,79.5,55.5
P13726_156_H6N3,460.1,184.9,245.3,276.1,113.4,103.6,127.1,205.4
Q07954_357_H4N3F1,19,23,19.1,32,10.9,12.7,11.1,9.1
P04216_79_H2N2F1,467.2,412,727.2,636.2,266.4,265.1,281.6,241.1
P04216_79_H2N2,145.6,128.7,217,218.8,78.2,88.6,83.8,83.2
Q07954_2117_H5N4F1A1,109.7,111.9,122.1,175.5,75,71.3,45.8,50.3
Q08431_238_H9N2,116.6,45.3,65.2,62,27.4,34.8,51,21.5
P11279_249_H3N3F1,362.9,340.2,321.4,430,189.5,169.5,160.9,133
Q15648_1145_H3N3A1,154.7,39.7,142,207.1,44.6,41.7,52.9,113.3
P02751_1007_H6N3F1,77.9,329.4,137.9,187,122.1,69.2,66.8,81.2
P41221_312_H3N2,16.3,20.1,27.1,14.9,16.8,7.6,6.2,5.7
P04216_79_H5N4F2,226.4,261.5,342.7,452.6,154.2,196.5,147.1,95.8
Q07954_114_H5N4F1A2,31.4,22.3,37.7,52.6,15.2,17.5,17.1,16.8
Q9H5V8_512_H8N2,33.2,78.3,65.9,52.5,24.3,24.4,18.1,39.5
P98160_1755_H4N4,18.7,29.6,25,36.1,8.1,16.1,12.6,13.6
P11279_249_H5N5F1,36.6,20.5,26.9,46.3,13.3,15.4,16,15.3
P11279_249_H5N4F1A1,219.9,176,250.1,262.6,102.1,103.2,116.2,93.5
P41221_312_H4N2,25.7,36.8,45.4,19.7,29.5,11.1,8.8,8.8
Q13563_299_H8N2,23.1,25.9,23.6,32.3,8.9,16.8,14.2,7.9
P04216_79_H5N3A1,144.9,67.4,141.6,110.5,40.3,52,68.1,50.9
Q07954_2620_H9N2,59.2,61.6,47.2,71,18.1,31.1,35.6,23.9
Q13308_175_H5N4F2A1,157.6,254.1,122.8,277.5,100,113,83.4,72.7
P07996_1067_H5N4F1A1,377.3,1337.7,433.3,670.2,443.7,351.7,232.8,249.9
P11279_249_H6N5F1A2,45,34.6,57.1,59,22.4,16,22.3,22.8
P10316_110_H3N3F1A1,42.8,2.7,56.6,4.1,6.5,30.6,1.6,9
P35442_1069_H4N3A1,28.9,78.7,23.5,29.3,22.7,16.3,19.4,12
P04216_79_H6N3A1,41.1,25.1,65.5,51.3,19.9,17.6,22.7,19.9
P41221_312_H7N2,59.8,114.5,121.1,61.1,69.7,28.2,28.1,29.9
Q08431_238_H4N2,49.5,26,35.7,35.1,17.8,13.8,19.6,12.6
P04216_79_H5N4F3,26.4,31.6,29.8,55.6,13.2,21.2,15.3,12
P13726_156_H7N2,55,20.8,51.7,45.8,14.8,14.8,21.4,23.4
P10915_56_H5N4A2,68.1,51.8,62.1,60.9,32.2,24.6,25.3,21.1
P10915_56_H5N4F2A1,68.1,51.8,62.1,60.9,32.2,24.6,25.3,21.1
P02751_1007_H5N4F2,103.7,471.9,184.4,222.2,117.4,119,75.7,100.3
P41221_312_H6N2,43.8,73.7,77.1,31.6,46.2,14.3,17.4,15.7
P98160_1755_H5N4A1,72.8,101.2,91.1,129.8,24,51.6,39.2,48.4
P04216_79_H5N4A2,75.3,74,92.1,111.2,40,36.4,37.1,31.1
P04216_79_H5N4F2A1,75.3,74,92.1,111.2,40,36.4,37.1,31.1
P41221_312_H10N2,64.1,90.8,104.9,38.4,53.9,21.3,24.8,21.8
P10915_56_H4N3F1,97.3,76.3,88.9,95.6,39.2,35.6,36.3,34.7
P10316_110_H4N3F1A1,159.2,0,207.7,7,14.2,120.5,2.3,14.1
Q07954_357_H5N4F1,27.8,36,34.1,43.5,14.3,19.3,13.1,10.2
P04216_79_H8N2,315.4,177.2,370,316.1,115.9,115.9,130,109.2
P11279_249_H4N4F1A1,181.9,146.8,92.9,155.3,60,70.6,60.3,38.2
P11279_249_H5N4F1A2,171.5,109.5,221.7,157.8,73.5,59.4,66.5,62.3
P98160_1755_H3N3F1A1,19.6,53.5,25,72.3,23.9,21.9,9.4,12.1
Q08431_238_H10N2,185.8,82.3,83.4,85.6,29,43.3,75.6,24
P35442_1069_H3N3,46.2,108.7,35.2,32.1,33.3,21.6,17.5,14.1
P04216_79_H6N3F1A1,122,80.1,140.7,146.4,51.2,42.6,52.8,42.7
A1KZ92_626_H5N4F1,13.8,29.3,13.1,26.5,10.1,5.2,7.7,8.9
Q9UHN6_739_H5N4F1,21.6,31.1,17,39.7,11.7,9.8,10,10.4
P05556_406_H9N2,86.2,91.2,69,98.8,26.1,26.5,32.5,45.4
P98160_1755_H4N3F1A1,31.2,74.2,33.1,89.8,25.9,30.5,13.1,15.3
P04216_79_H6N3,375.6,153.7,451.1,405.4,61.8,113.7,198.4,139.2
P04216_79_H5N2,316.7,144.2,377.7,343.3,71.3,97,149.9,118.8
P35442_1069_H5N4A1,62.7,212.3,44.1,44.5,33.9,33.3,36.6,30.2
P12111_3037_H5N4F2,41.5,57.1,42.2,28,26.8,15,12.9,7.5
P07942_1279_H5N4F1,43.9,108.4,31.9,35.6,30.7,24.2,14.2,10.5
Q08431_238_H6N3A1,270.5,122.7,139.6,118.5,47.9,54,75.5,53.9
P35556_2120_H5N4F1,35.8,256.5,57.3,137.5,21.2,56,54.2,40.7
P09619_371_H5N4F1A1,28.3,51.9,43.8,76.7,28.3,15.2,14.4,13
Q5ZPR3_91_H5N4F2,34.1,35.7,20.1,66.2,12.8,17,14.5,10.3
P98160_1755_H4N3F1,34.5,70.9,43.3,96.1,27,25.6,13.8,18.4
P35442_1069_H4N3,62.1,188.4,48.8,40.6,42,32.1,25.8,14.4
Q07954_2117_H4N2F1,57.5,41.1,61.5,65.7,15,15.4,21.6,22.8
Q07954_2620_H6N3,293.5,186.2,150.7,237.7,80.8,79.1,66.2,60.7
P10915_56_H5N4F2,180.8,122.2,127.4,176.8,48.8,59.6,55.9,35.5
Q95604_110_H4N3F1A1,8.8,25.3,124,30.4,16,17,16.1,12.7
Q9UBG0_1157_H5N4F1,386.3,87.1,320.6,274,85.3,92.4,72.9,92.9
Q08431_238_H8N2,262.3,139.1,214.7,199.1,54.9,58.9,88.7,56.9
Q07954_2620_H5N2,59.3,31,29.4,47.5,16.5,12.9,11.7,12.1
P98160_1755_H3N3F1,20.4,51.8,25.4,59.7,16.5,14.3,10.1,9.1
Q08431_238_H6N3,141,61.1,84.4,72.3,26.4,29.5,32.7,25.3
P35442_1069_H4N4,45.5,112.5,30.6,27.4,24.7,17.2,16.3,9.8
Q07954_2117_H5N3F1A1,76.7,66.8,82.1,105.4,23.8,19.6,24.2,33.7
P09619_371_H4N3F1,56.2,79,58.9,119.9,33.7,23.2,22.1,14.8
P10915_56_H9N2,66.7,57.6,51.3,60.8,16.1,18.5,19.4,16.5
Q9UBP4_204_H9N2,51.7,18.3,33.8,20.4,10.4,5,7.5,6.3
P10915_56_H5N4F1A1,483.6,271.7,416.6,410.2,82.4,77.5,73.6,86.3
P30488_110_H5N4F1A2,11.3,24.3,21.4,398.8,18.2,30.9,19.3,21.9
P30488_110_H6N5F1A2,3.2,7,8.1,103.7,4.4,8.3,2.1,7
P30453_110_H6N5F1A1,3.3,107,3,12.3,5.5,4.9,6.6,3.3
Q95604_110_H5N4F1A2,236.2,17.5,175.5,19.7,18.9,17.6,17.5,18.3
P10915_56_H5N4F1,80.9,54.8,44.8,61.9,9.9,11.1,7.1,7.8
Q9UKU6_89_H8N2,22.7,44.2,79.6,15.9,9.5,4.1,3.6,3.8
P30453_110_H5N4F1A2,1.5,131,0,11.8,1.3,2.4,3.5,2.1
