ID,HC_1,HC_2,HC_3,HC_4,HC_5,HC_6,HC_7,HC_8,HC_9,HC_10,HC_11,HC_12,HC_13,HC_14,HC_15,HC_16,HC_17,HC_18,HC_19,HC_20,HC_21,HC_22,HC_23,HBV_1,HBV_2,HBV_3,HBV_4,HBV_5,HBV_6,HBV_7,HBV_8,HBV_9,HBV_10,HBV_11,HBV_12,HBV_13,HBV_14,HBV_15,HBV_16,HBV_17,HBV_18,HBV_19,HBV_20,HBV_21,HBV_22,HBV_23,HBV_24,CIR_1,CIR_2,CIR_3,CIR_4,CIR_5,CIR_6,CIR_7,CIR_8,CIR_9,CIR_10,CIR_11,CIR_12,CIR_13,CIR_14,CIR_15,CIR_16,CIR_17,CIR_18,CIR_19,CIR_20,CIR_21,CIR_22,HCC_1,HCC_2,HCC_3,HCC_4,HCC_5,HCC_6,HCC_7,HCC_8,HCC_9,HCC_10,HCC_11,HCC_12,HCC_13,HCC_14,HCC_15,HCC_16,HCC_17,HCC_18,HCC_19,HCC_20,HCC_21
P01860_227_H4N4F1,1.28843,1.48341,1.36893,0.785317,1.24493,1.50644,0.978205,0.862392,0.851031,0.0883346,0.489851,2.23059,0.353123,1.03382,0.107244,0.668329,1.21114,1.0762,1.61466,0.465127,0.260313,1.75291,1.66541,0.712589,1.88884,1.29431,1.44886,1.14992,1.27616,1.04182,0.6597,1.15633,0.93542,0.940502,1.36199,1.55204,1.66915,0.907737,0.264212,1.14677,1.76916,0.12581,1.99972,1.90198,1.42328,1.67645,2.44108,0.404079,1.6094,1.29161,0.896825,0.958108,0.547544,1.07046,0.666882,2.15071,2.17591,0.484336,4.25264,0.50022,1.79018,0.27887,1.62717,1.89111,1.6839,0.957085,0.216353,1.94161,1.72343,1.75755,0.775043,1.38358,1.31738,1.04392,1.06002,0.43227,1.24465,0.474877,0.558624,4.86698,0.393399,1.52948,1.49037,0.983832,2.05426,0.536374,0.882764,0.311592,1.55384,2.49119
P01857_180_H5N5F1,0.791904,1.25206,1.17047,0.898394,1.19728,1.11444,1.27193,0.773792,1.35978,0.0800519,0.946585,1.28102,1.00366,1.00422,1.22496,1.4486,0.575658,1.22002,1.61571,0.469106,1.13798,1.00837,1.74359,2.02977,1.4133,2.10396,1.33447,1.06191,1.60637,2.04943,0.901105,1.09053,1.39931,2.08307,0.772799,1.1452,1.18899,0.417772,1.16166,0.976876,1.43646,1.46776,2.38945,1.95071,2.49825,1.5674,2.12839,1.52664,1.17425,1.81139,1.20366,0.771864,0.831968,0.941482,0.795511,1.56486,1.43892,1.28181,1.03258,0.748774,1.04088,0.896426,0.558052,1.79046,1.76531,0.724442,0.858848,2.5369,3.74347,1.03506,1.33333,1.04561,1.3639,1.43795,0.982461,1.02712,0.574911,0.940766,0.986894,1.15312,0.479887,0.656945,0.455552,0.698527,1.08317,1.44832,0.80471,1.45693,1.80369,0.88023
P01857_180_H4N4,1.26401,0.768069,1.29383,1.36478,0.736757,1.41674,1.2719,0.785577,1.56836,0.11781,0.630702,0.941171,0.863708,1.233,0.405329,0.516086,0.852509,1.15839,1.52752,1.15111,0.5552,0.662976,1.03071,0.905402,1.35451,0.927413,1.46003,1.10177,1.14036,1.2006,0.780341,0.689057,1.03548,2.24512,1.48754,1.42961,2.00103,0.809063,0.777395,0.645697,0.885557,1.27405,0.776151,0.851095,1.27188,2.12734,1.3101,1.35138,1.29575,1.91246,1.61054,2.16705,0.582001,1.43322,2.46673,1.3785,1.93428,1.03616,3.1471,0.716233,0.8418,0.482595,1.66337,1.14992,1.10093,0.933297,0.675825,1.59705,1.7049,0.904134,1.58381,1.12856,1.53417,1.29969,1.96928,1.16156,0.811232,1.84855,1.11149,1.87953,0.608398,0.953968,2.53965,0.842788,0.792939,1.54817,2.24453,1.0989,1.67789,0.850544
P01857_180_H4N4F1A1,0.943472,1.23157,1.47433,0.712562,1.08497,1.3089,0.635613,1.22685,1.51063,0.0730738,0.899606,1.09405,1.31424,0.66589,0.490795,0.665799,0.462647,0.936785,1.00586,1.22969,0.755829,0.753787,0.913291,1.36842,0.987781,1.00996,0.966518,1.35797,1.51968,1.33388,1.5795,1.44027,1.6636,2.24399,1.04954,1.32628,1.11375,0.673791,0.773513,0.631256,0.947901,1.05491,1.48208,1.15434,1.66923,1.78897,1.6505,0.246754,0.965267,1.87857,2.07866,1.7767,0.545792,2.02137,1.99418,1.44878,2.15047,1.53845,1.60397,0.821111,1.37372,0.520885,1.45177,1.11079,0.844118,0.812048,0.717389,1.49618,2.37565,0.799107,1.10554,1.37217,1.25523,1.32448,1.30496,1.58587,1.26463,1.74091,1.3808,2.23389,0.737009,0.983455,1.64679,0.635995,1.18165,1.72821,1.78394,0.952746,2.26559,0.790554
P01859_176_H5N5F2,1.42533,1.34849,1.08287,0.6956,0.627121,1.08662,0.573861,0.675387,0.882598,0.134948,1.02696,1.1471,1.45411,0.949625,1.70989,1.59563,1.32249,1.21638,1.45983,0.650261,1.27549,1.32372,1.75448,1.1949,2.20433,1.23672,1.09496,1.51613,1.65939,0.892352,0.549514,1.18007,0.525859,1.56551,0.741487,1.41112,1.19123,0.172913,0.777673,1.11671,1.63537,1.15976,1.81591,2.10339,2.51398,1.70033,2.61367,0.323241,0.835083,0.92715,0.711022,0.628738,0.988858,0.871334,0.794621,1.24808,1.0315,1.50973,1.19144,0.706331,0.965657,0.900502,0.573819,1.45138,2.0137,1.19291,0.676884,1.93079,2.64956,1.19301,0.9537,0.916721,1.02895,2.09199,1.00817,0.333217,0.665142,0.970925,1.02325,1.30828,0.502859,0.526732,0.49607,0.881083,1.62222,0.698358,1.2006,0.927376,1.61419,0.93722
P01861_177_H4N3,0.554955,0.963938,1.41307,0.558021,0.994465,1.44832,1.04603,1.08169,0.980215,0.0328944,0.798627,0.724231,0.662901,0.711146,0.520685,0.490975,0.752021,0.910912,0.860734,0.952141,0.952141,0.952141,0.952141,1.05738,0.717486,1.14943,0.676124,1.06845,1.45172,1.09442,1.48734,0.819156,2.15035,2.61515,1.80952,0.911906,0.965968,1.88095,0.658035,0.764409,0.896963,1.20374,1.20374,1.20374,1.20374,1.20374,1.20374,0.940503,1.39151,1.53917,1.58747,1.31568,0.561755,1.73488,1.89966,1.38542,2.26412,1.15812,1.45018,0.744085,1.12025,0.714746,1.52149,1.00267,0.732644,1.31977,1.31977,1.31977,1.31977,0.891193,1.22391,1.10377,1.04699,1.21039,1.77637,3.86728,1.664,1.95191,1.09635,1.61169,1.38058,1.08059,2.14237,0.685524,0.979928,1.2733,1.31417,1.31417,1.31417,1.31417
P01857_180_H6N5,0.86513,1.12486,1.25184,0.76195,1.42263,0.826499,1.187,1.187,1.187,1.187,0.801962,0.884012,1.02343,0.958211,1.187,1.187,0.668085,0.574757,1.84771,0.775146,1.13431,1.187,1.187,0.917397,1.691,1.14797,2.61216,1.40016,1.40016,1.40016,1.40016,1.40016,1.40016,1.84913,0.818835,1.1249,1.03428,1.40016,1.40016,0.764338,1.34061,0.799731,2.11754,1.43358,1.40016,1.40016,1.40016,0.833353,0.929159,2.16544,1.30609,1.3485,1.3485,1.3485,1.3485,1.51982,1.36944,1.08813,1.27953,1.25354,1.24007,1.3485,1.3485,0.916617,1.09968,1.43438,0.629574,1.3485,1.3485,1.43301,0.656066,1.08005,1.72798,1.32914,1.32914,1.32914,1.32914,1.1034,1.33222,1.60997,0.707208,1.32914,1.32914,1.32914,1.50822,0.7645,1.05865,0.694827,1.32914,1.32914
P01859_176_H5N5F1,1.36518,1.21314,1.82111,1.11899,1.05387,1.24833,1.22215,1.14393,0.742312,0.0755581,2.63399,1.77563,1.08427,2.1009,2.52729,1.63105,1.1108,1.12629,0.937574,0.396367,1.43412,2.3729,2.05504,0.843238,2.24903,1.87604,1.6855,1.47715,1.35814,0.935639,0.458989,1.59048,0.90823,0.980496,0.690424,0.425054,1.13342,0.165376,0.976963,1.38816,2.00457,1.42025,0.747991,2.58345,1.82586,1.4221,3.28677,0.238384,0.939537,0.860241,0.435401,0.485606,0.829941,0.697636,0.419594,0.996711,0.118376,1.51132,0.494934,0.947238,0.991443,1.37292,0.593394,1.19824,1.60549,1.20252,0.422661,4.34943,1.7577,1.4762,0.803926,0.878985,1.31727,1.90883,0.276984,0.245716,0.787841,0.430411,0.594872,0.691204,0.511127,0.812359,0.316799,1.32337,1.18211,0.560822,0.625069,0.957386,1.76094,2.24715
P01860_227_H6N5F1,2.06189,2.67153,0.492377,0.54882,0.660653,0.922843,1.04524,0.583904,1.2189,1.2189,0.992446,1.22071,1.16335,1.25083,1.2189,1.2189,0.727481,1.04485,1.49259,0.663146,0.786549,1.0536,2.093,2.37925,3.84821,1.72966,1.0537,0.819207,1.49872,1.74427,1.42992,1.42992,1.42992,1.2873,0.90719,0.922434,1.10586,1.42992,1.42992,0.508003,0.851297,0.754155,0.697363,1.21483,2.42328,3.52178,3.72859,0.184828,0.892488,1.37383,0.679488,0.654979,0.736365,1.467,1.467,1.08309,0.869331,1.53123,1.14841,1.15142,0.977539,1.467,1.467,1.41825,2.35576,1.40673,0.773947,1.12152,6.46006,1.43208,0.358811,0.655915,0.892072,1.51062,0.801263,1.41806,1.41806,1.04772,1.23148,1.54305,0.583752,1.41806,1.41806,1.41806,1.86828,1.5377,0.92155,1.02923,1.46734,0.969949
P01859_176_H6N4F1,1.13312,1.25494,1.85678,0.736523,1.17474,1.34903,1.08075,1.41997,0.99603,0.0990123,1.49558,1.2794,1.13997,1.68273,1.64342,1.7093,0.818837,0.935313,1.06915,0.768048,1.15574,2.3532,1.90044,0.984073,1.40254,1.51312,1.14367,1.27129,1.15581,0.797146,0.775856,1.36155,1.10558,1.02403,0.795988,0.782665,1.08313,0.775838,1.05524,0.969636,1.32531,1.44776,0.882322,1.76373,1.9779,1.57516,2.42073,0.427223,1.30658,1.04392,0.638263,0.895598,0.914665,1.17234,0.785193,0.995769,0.38472,1.30485,0.912794,0.958523,1.25249,1.25945,1.37936,1.03619,1.4284,1.44764,0.636286,3.27471,1.72704,1.24241,1.15971,0.904794,1.08189,1.5799,0.740111,0.593391,1.21737,0.688321,1.092,1.17168,0.868155,1.04713,0.692565,1.15221,1.40585,0.894785,0.779123,1.12645,1.9102,1.64423
P01861_177_H5N4A1,0.834886,1.2914,1.11353,0.797014,1.26861,1.14578,1.91634,0.475171,0.535587,0.0460681,1.14203,1.08869,1.20813,0.82594,0.675657,0.698555,1.02962,1.02512,1.70999,0.630463,1.24211,0.668399,2.30571,0.804121,1.03342,1.20366,1.0586,0.684361,1.80185,1.25135,0.0970235,0.512931,0.650021,0.747181,0.851687,1.12993,1.10684,0.654373,0.729547,0.587872,1.83906,0.346514,1.11765,0.955737,1.11604,0.988462,1.87161,0.487469,0.875428,1.46866,1.24304,0.432554,0.362961,0.199959,0.32271,1.40743,0.562703,0.551788,1.31321,0.871618,1.07452,0.558452,1.45788,0.985829,1.73389,0.763664,0.295535,1.56131,8.79586,1.04318,0.698403,1.10231,1.17736,0.642353,0.512131,0.272188,0.268725,0.437969,0.833276,1.82047,0.622822,1.10801,1.37387,0.753566,0.731437,1.07453,1.10993,0.370539,0.65161,15.9347
P01860_227_H5N3A2,0.743249,0.994835,1.48435,0.268289,0.870751,1.16955,1.11263,0.51787,0.7428,0.0735656,0.975642,0.975642,0.630394,0.795669,0.975642,0.975642,0.885179,1.15156,1.72177,0.975642,0.975642,0.97359,1.86411,0.945808,1.05748,1.07963,0.559809,0.723055,0.867207,1.01165,0.839806,0.963131,1.03549,0.954288,0.954288,1.10508,0.673438,0.954288,0.954288,0.713463,1.33497,0.954288,0.954288,0.954288,3.06585,1.98332,2.83198,0.448819,1.02439,1.16747,0.622692,1.44236,0.582688,1.84213,0.568398,0.924274,0.924274,0.924274,1.46276,0.4111,1.45352,0.924274,0.924274,1.0386,1.27434,0.924274,0.924274,1.58808,2.7788,0.980847,0.863939,0.757764,1.83541,0.875577,1.09404,0.657195,1.52711,1.01868,1.01868,1.72528,0.529517,1.01868,1.01868,1.01868,1.00506,1.01354,1.01868,1.01868,1.08371,1.92277
P01857_180_H3N4F2,0.938288,1.20478,1.39987,0.676519,1.04607,1.45227,1.04438,1.19213,1.21938,11.3349,1.44206,1.11396,1.05079,0.712029,0.443998,0.5677,0.678363,1.03885,1.80478,1.42378,1.42378,1.42378,1.42378,1.34899,0.928101,1.05682,1.10069,1.27949,1.51044,1.07046,1.34597,1.21169,1.61625,1.37558,0.860092,1.26147,1.3227,0.751338,0.728785,0.809369,1.09129,1.46519,1.46519,1.46519,1.46519,1.46519,1.46519,0.118388,1.12662,1.62201,1.41786,1.26792,0.672944,1.30911,1.56106,1.31644,0.894624,1.4028,1.8909,0.833553,1.20195,0.716492,1.34974,1.00592,1.43575,1.94313,1.94313,1.94313,1.94313,0.911048,1.1133,1.70393,1.2747,1.22759,1.11107,1.45543,1.20926,0.957446,1.15869,2.02561,0.807876,0.825867,1.46889,0.82033,1.19239,0.832472,3.01713,3.01713,3.01713,3.01713
P01859_176_H4N4F1A1,1.1707,1.22545,2.20877,1.0923,1.37308,1.34166,1.03176,1.83618,0.814051,0.0943131,2.14664,1.76339,1.2768,1.64741,1.4251,1.18904,0.653818,1.14813,1.09125,1.06969,1.13529,1.76746,1.57709,0.607774,1.27932,1.29415,1.3852,1.55452,1.18907,0.63695,0.724089,1.41839,0.941018,0.767285,0.719771,0.637049,0.950397,0.325738,0.843248,0.82339,1.60404,1.11925,0.614039,1.46964,1.37317,1.99607,2.91953,0.142702,1.04563,1.01165,0.599126,1.10106,0.681757,1.20744,0.889452,1.33719,0.120949,1.85706,0.893626,1.39292,1.5725,1.05233,1.61295,0.896564,1.00685,1.56616,0.546322,1.96533,1.06647,1.36543,0.827841,1.08971,1.3359,1.77227,0.485889,0.422574,1.16493,0.644634,1.17594,1.62624,0.702892,1.10126,0.886599,1.13474,1.22147,0.681251,0.920851,0.760184,2.51817,2.07784
P01857_180_H4N5,0.647763,0.920101,1.16766,0.450451,1.08572,1.30533,0.848694,0.596721,1.95513,0.138802,0.602289,0.970029,0.616731,0.340822,0.671285,0.794943,1.13711,0.678808,1.69775,0.91657,1.07597,1.76145,3.50276,0.59633,0.683911,1.14998,1.04548,1.3166,0.926506,3.14557,0.311261,1.21314,1.38467,1.4285,0.700666,1.17814,0.95838,0.309692,1.07603,0.958309,0.655496,0.584795,0.912458,1.61486,0.889481,3.1435,1.95116,0.162641,0.600573,1.66508,1.20912,1.79519,0.340558,0.768241,0.719646,2.59726,1.90927,1.80005,1.21676,0.910672,1.16741,0.865925,0.498348,0.827387,2.5895,1.64326,1.3198,3.23363,3.15571,0.875454,0.818819,1.00287,1.4069,1.30482,1.04065,0.608592,0.94632,1.69903,1.22728,1.94583,0.773477,1.22037,0.677515,1.01164,0.738334,1.48026,2.30543,2.24859,3.33562,1.21559
P01861_177_H4N4F3,0.757923,0.934432,1.1914,0.530714,0.64624,1.91424,0.752439,0.752439,0.543453,4.82011,0.729641,1.04158,0.473383,0.490548,0.60778,0.580365,0.876764,0.79902,1.11465,1.16861,0.550819,0.624807,0.970354,0.94833,0.817591,1.28663,0.967101,1.10759,1.10759,1.10759,0.496805,0.267358,1.38124,2.3854,1.73589,0.790256,0.588883,0.636726,0.713699,0.625566,0.934931,1.30544,0.67257,1.02237,0.86477,1.34863,1.71811,0.187682,0.824588,1.75771,1.62763,1.36226,1.36226,0.498247,0.638154,1.2602,1.99588,1.1813,1.0384,0.443362,1.32062,0.677094,1.30973,1.48718,1.28697,0.855957,0.817418,1.42295,1.38353,0.668899,1.11427,1.48109,1.5599,1.08783,1.08783,0.45786,0.556632,1.63172,1.03702,1.46784,0.448697,0.706442,1.75801,0.924205,0.957572,1.22993,1.69719,1.24369,1.42793,0.645003
P01861_177_H4N5F2,0.623287,0.990343,0.841886,0.844708,1.29066,1.12163,1.06123,1.07408,0.920016,0.920016,0.445311,1.13408,1.20911,1.05716,0.727332,0.71823,0.963521,1.50533,1.69632,0.920016,0.920016,0.736012,1.36922,0.572832,0.63915,1.11891,0.928513,0.993111,0.97173,2.07761,1.09591,1.09591,1.09591,1.75493,0.559186,1.41421,0.734627,0.278695,0.431339,0.694779,1.33644,1.09591,1.09591,1.09591,1.62841,1.10198,1.45866,0.108168,0.680355,1.33346,0.996607,0.505812,0.58325,0.903601,0.903601,1.44043,1.01034,0.896128,0.77763,0.380504,1.00792,0.568653,1.03582,1.36106,0.912341,0.903601,0.903601,1.22329,1.88078,0.83421,0.764783,0.95477,0.861284,0.761041,0.625645,0.896841,0.896841,1.36363,1.22909,1.02554,0.431348,0.554054,1.54089,1.05857,1.19908,1.31305,0.896841,0.896841,1.45041,0.423353
P01857_180_H4N5F1,0.901623,1.14318,1.46283,0.323046,0.762919,1.40589,1.09636,0.908894,1.53398,0.0302408,0.629129,1.18315,0.939382,0.740753,1.39041,1.39041,0.726008,0.747401,1.57566,0.8261,0.829831,0.761954,1.2885,1.32482,1.36755,1.59687,1.23435,1.26167,1.20898,1.64903,1.56722,0.92511,1.25766,2.25116,1.02076,1.29266,1.2311,1.76373,1.76373,0.833275,0.954033,1.27374,1.38174,1.61487,1.88095,1.96255,2.14084,0.129756,1.06756,1.81966,1.51493,1.33105,0.780103,1.56423,1.63039,1.57741,1.88397,1.30422,1.47622,0.684293,1.46615,1.47592,1.47592,1.76601,1.52579,0.665028,0.702351,2.51317,3.25601,0.93253,1.26916,1.38349,1.53986,1.53704,1.50954,1.53866,1.04153,1.2031,1.11436,1.82565,0.690297,1.68282,1.68282,1.68282,1.12269,1.57049,1.19765,1.305,2.61081,1.08964
P01860_227_H6N5A1,1.56061,1.74846,1.55563,0.839463,1.12087,0.956999,1.21545,0.806575,1.29108,0.0929268,1.03264,1.57333,1.33238,0.997371,0.884441,1.31541,0.832941,1.45536,1.43549,0.601707,1.29372,1.27054,1.27054,1.61977,2.86083,1.85173,1.07471,1.28991,1.68516,2.20415,0.966924,1.19201,1.33054,1.8157,0.631106,1.20008,0.981775,0.464274,0.813181,0.825617,1.54315,1.31687,2.77465,1.84666,1.42858,1.42858,1.42858,0.144199,1.01118,1.53268,1.21567,0.962174,1.07306,1.08102,0.978119,1.62257,1.15598,1.50676,0.971297,0.807548,1.03011,0.655846,0.607476,1.79953,1.47434,0.74611,0.820868,1.08438,1.08438,1.16553,0.879224,1.19017,1.23291,1.53755,0.894739,1.24601,0.612894,0.966857,1.0796,1.48692,0.455168,0.457067,0.705018,0.526466,1.1443,1.86483,0.935004,1.04716,1.06586,1.06586
P01861_177_H5N4,0.774331,1.08895,1.52586,1.05284,0.906175,1.14875,1.34175,0.771049,1.20317,0.0836175,0.323075,0.989494,0.72161,1.68281,0.491549,0.644267,1.0473,0.981018,2.47659,1.0281,0.698619,0.639995,3.98951,1.32538,0.89977,0.870028,1.72788,0.8167,1.46321,0.91297,1.06053,1.03599,1.41705,1.67442,0.896006,1.72967,1.72622,0.562407,0.909399,0.863803,1.42898,1.02403,1.41572,1.29364,0.727057,1.7087,2.27601,0.408428,1.02713,0.989885,1.09245,0.971784,0.38536,1.22429,1.05764,2.07561,2.31188,0.639867,1.4322,0.671463,0.865606,0.547981,0.772137,1.36071,1.78862,0.912409,0.730593,1.5257,2.61244,0.88725,1.01883,1.46776,0.793197,0.889428,1.06087,1.09898,0.944934,0.947749,1.155,1.24198,0.623067,0.74569,0.943887,0.683868,1.1017,0.939745,1.35263,1.2152,0.873476,4.81218
P01860_227_H3N6F1,0.655949,0.965907,1.30318,0.433932,0.731785,1.05939,1.05023,1.05023,1.1111,0.0826518,1.05023,1.05023,1.05023,1.05023,1.05023,1.05023,0.460185,0.621596,1.11533,1.05285,1.41509,1.05023,1.05023,0.991891,0.933233,1.01952,0.767746,0.850714,0.850714,0.850714,0.824911,0.906245,1.70031,0.850714,0.850714,0.850714,0.850714,0.850714,0.850714,0.501692,0.664091,1.29198,0.963722,2.11491,0.850714,0.850714,0.850714,0.102407,0.681367,1.30752,0.944188,0.726286,0.726286,1.00413,0.801275,0.726286,0.726286,0.726286,0.726286,0.726286,0.726286,0.726286,0.726286,0.868788,0.866493,1.38982,0.733919,0.726286,0.726286,0.594769,0.749708,0.815209,0.886862,0.855565,0.855565,0.887595,0.687228,0.855565,0.855565,0.855565,0.855565,0.855565,0.855565,0.855565,0.741527,0.911654,0.907162,1.59496,0.855565,0.855565
P01861_177_H5N5,0.529353,1.11237,1.1187,0.565192,0.767255,1.33595,0.972113,0.679327,0.706016,0.0662558,0.82231,1.16945,0.936059,0.936059,0.936059,0.936059,1.08329,0.903542,1.66528,0.616738,0.552881,1.67791,1.92564,0.943886,1.19516,1.43195,0.992597,1.07509,1.07884,1.70278,0.625396,0.707801,1.21874,2.2188,1.13429,1.14003,1.14003,1.14003,1.14003,0.97314,0.956107,0.500005,1.0523,2.39498,2.34925,1.4359,2.47503,0.977139,0.957081,1.55295,1.28408,1.16483,0.68112,0.652303,0.745404,1.57785,1.79627,1.00425,1.13456,1.13456,1.13456,1.13456,1.13456,1.37647,2.04257,3.01801,0.461828,2.06551,3.16714,1.06675,0.931437,1.18473,1.36341,1.13933,1.19526,0.613993,0.611196,1.42193,1.03834,1.09103,1.09103,1.09103,1.09103,1.09103,0.992796,1.38223,1.38239,0.988157,0.903656,3.57486
P01861_177_H3N4F3,1.08257,1.17868,0.952519,0.356703,0.41823,1.26274,0.862858,0.49725,1.07595,0.104455,0.868207,1.11139,0.318333,0.291582,1.22318,1.22318,1.02176,1.36892,0.982272,0.657965,1.42248,1.66065,1.99428,0.633595,1.6337,0.797011,0.702095,0.815827,1.05005,2.05851,0.705318,1.09233,0.644475,2.0696,1.13766,0.635575,0.558414,1.61677,1.61677,1.12196,1.65176,0.925504,1.06019,1.92477,1.8524,2.23372,3.63903,0.345097,0.789417,1.04119,0.770613,1.31586,0.299479,0.96169,1.06067,1.29413,1.84891,1.13515,0.833193,0.409821,0.940706,1.15486,1.15486,0.985516,1.83928,1.21548,0.639243,1.61481,2.54009,1.38341,0.524031,0.847954,0.967672,1.00661,0.931785,0.448014,0.892925,1.45397,1.13694,0.799498,0.204671,1.38735,1.38735,1.38735,2.7555,0.890987,0.960365,0.908536,1.98928,0.848432
P01857_180_H5N5F2,1.82044,2.179,0.435188,0.54882,0.660653,0.922843,1.14994,0.525708,1.35584,1.35584,1.35584,1.35584,1.62673,1.54071,1.35584,1.35584,0.905783,1.33296,1.73458,0.498781,1.83269,1.02639,1.88168,1.92043,3.27405,1.72966,1.0537,0.998694,1.29077,2.12558,1.69399,1.69399,1.69399,1.69399,1.69399,1.31155,1.67286,1.69399,1.69399,0.559763,1.12727,0.921278,2.10029,2.5454,2.24703,3.52476,3.14318,0.132807,0.72315,1.37383,0.679488,1.01639,0.499191,1.12728,1.12728,1.12728,1.12728,1.12728,2.16557,0.658219,0.502969,1.12728,1.12728,1.51105,2.49297,0.686596,0.692156,1.02544,6.84104,1.3066,0.330038,0.655915,0.892072,1.05892,0.696017,1.10639,1.10639,1.10639,1.10639,1.05511,0.29025,1.10639,1.10639,1.10639,1.86811,1.72619,0.545888,0.994568,1.81928,0.764029
P01860_227_H4N4A2,1.19164,1.03351,1.60903,1.2035,1.27945,1.11515,0.910093,0.741499,1.38174,0.0762261,1.47605,1.20821,1.43616,1.43616,1.44841,1.11411,1.04014,1.51134,0.917882,1.08776,0.661648,1.43616,1.43616,1.11598,1.14489,2.01538,1.43935,1.43748,0.964882,0.867921,0.404415,0.653866,2.52819,1.09069,0.554301,1.13769,1.13769,0.526366,1.09953,1.09984,1.90086,1.19032,1.52689,1.92879,1.13769,1.13769,1.13769,0.143376,0.830892,0.961131,0.583388,1.2958,0.980468,0.713664,1.50117,0.784138,0.412981,1.01453,0.955563,0.955563,0.955563,0.868894,0.992586,1.13462,1.40954,2.39564,0.795641,0.955563,0.955563,1.03818,0.633262,0.934042,1.13861,1.37494,0.469748,0.896377,1.05286,0.888809,0.798813,1.01779,1.01779,0.848915,0.961093,0.999743,0.802679,1.64493,1.36364,0.767944,1.01779,1.01779
P01857_180_H5N5F1A1,1.25153,1.46007,1.37509,0.894184,1.09288,1.11043,1.17661,0.906783,1.25675,0.112433,1.06543,1.55554,1.29897,0.954869,0.884441,1.31541,0.775169,1.3992,1.42631,0.646228,1.09337,1.27365,1.27365,1.44734,2.1814,1.78901,1.12595,1.2029,1.56911,2.08547,1.01797,1.22579,1.34114,1.86234,0.707571,1.13333,1.02594,0.464274,0.813181,0.800706,1.5076,1.23532,2.42515,1.72132,1.60792,1.60792,1.60792,0.437196,0.991467,1.60558,1.27873,0.96661,0.871088,1.02536,1.08724,1.51963,1.36536,1.52657,1.13474,0.768291,1.04326,0.655846,0.607476,1.76814,1.44412,0.733804,0.890091,1.18372,1.18372,0.989516,0.969558,1.2242,1.26004,1.61328,1.01171,1.20039,0.618667,0.988132,1.06769,1.37279,0.493441,0.457067,0.705018,0.526466,1.10385,1.74512,0.948949,1.1041,1.13413,1.13413
P01860_227_H4N6F1,0.643632,0.842869,1.15769,1.66409,1.091,1.05311,1.18651,0.919711,1.2077,0.2096,0.862196,1.01794,1.3536,0.954627,1.05092,1.05092,0.761083,1.13146,1.25151,0.751026,1.51822,1.50257,2.27444,0.594622,0.913292,1.17783,1.21171,1.10243,1.6751,2.05225,0.698502,1.48602,1.58875,2.11492,0.512946,1.16986,1.11106,1.12489,1.12489,1.04511,1.10821,1.48944,2.14603,1.21134,2.60277,2.07784,2.20425,0.0969929,0.651947,1.86725,1.81328,0.840329,0.610226,0.875733,0.580723,1.10931,1.43404,1.08901,1.00457,0.831316,0.898226,1.06013,1.06013,0.820901,1.21167,0.987646,1.9529,2.67845,4.21024,0.784583,0.591462,1.13187,1.24452,1.01605,1.01126,0.905277,0.757766,1.05683,1.09835,1.20097,0.432231,0.915708,0.915708,0.915708,0.893265,0.939942,0.91365,0.601281,1.88449,0.998129
P01861_177_H4N5,0.672503,0.644196,1.09912,0.498801,0.732534,1.20967,0.868218,0.570477,1.42531,0.0487107,0.504676,1.3324,0.451968,0.492501,0.338533,0.584434,1.83024,0.566676,1.48119,0.929004,0.496803,2.88139,2.71404,0.576423,1.10956,0.931062,0.963361,1.42493,0.882979,1.82177,1.38049,0.701951,1.13161,1.40607,1.8249,1.36361,0.852265,0.421426,0.916334,1.30823,0.688202,0.680618,0.600137,1.56147,1.23297,3.45264,2.76539,0.387376,0.858581,1.27412,1.03045,0.965556,0.414418,1.17,2.5676,2.12784,1.69867,1.10929,1.8848,1.39551,1.43005,1.09442,0.916941,0.666211,3.73093,2.2002,0.550378,2.7994,3.17612,1.09696,0.648921,1.318,1.0587,0.863426,1.141,1.86794,1.47662,1.33442,1.06022,2.36107,0.727305,1.17413,1.13369,1.22416,1.21534,0.6368,1.88778,1.39907,1.56169,9.67213
P01857_180_H3N4,0.447967,0.472198,1.74877,0.566231,0.335911,1.98585,0.661373,0.582347,1.68346,0.129783,0.2418,0.792645,0.350736,0.752959,0.369417,0.406358,0.971588,0.703385,2.30929,0.950935,0.82812,0.821681,0.821681,0.469214,1.10137,0.455126,1.29025,1.22725,0.589704,1.21701,0.855598,0.906907,0.955176,2.81016,0.96735,1.51457,1.76738,0.714856,0.933953,0.397695,0.64705,0.493309,0.837064,1.54137,0.98536,0.98536,0.98536,1.51903,1.23897,1.83963,1.37426,3.85367,0.579389,2.08737,3.65233,1.81624,1.86006,1.59712,4.2458,0.713498,0.860674,0.197121,0.635556,1.06381,1.06051,1.23378,1.48111,1.38937,1.38937,1.04414,1.6415,1.08762,1.76294,2.09467,3.08299,1.12129,1.15997,1.94521,1.6718,2.55447,0.752427,1.09547,1.80014,1.39623,0.346442,1.66677,2.15503,1.3353,1.65221,1.65221
P01857_180_H4N5F2,1.3986,1.15623,1.23848,0.877284,0.867865,1.45183,1.261,0.629517,1.22599,0.0906051,0.348134,1.82686,0.665238,1.11484,0.883119,1.13148,1.22612,0.857356,2.06275,0.56462,1.26163,1.37617,1.9144,1.46814,2.02681,1.55385,1.34332,0.968391,1.73282,1.40857,0.388162,1.15643,1.15215,1.95902,0.822325,1.38451,1.27469,0.405837,1.04377,0.797476,1.43509,0.74913,0.938411,1.5519,1.70212,2.05082,2.50199,0.65932,1.10094,1.90703,1.55354,1.17863,0.647888,0.501368,0.558221,1.65451,1.56864,0.930359,1.26926,1.05401,1.3732,0.882723,0.622493,1.66554,1.96457,0.724183,0.790049,2.08537,2.93178,1.23179,0.774351,1.04056,1.28683,1.34643,0.89923,0.484429,0.421318,0.671026,0.838178,1.70872,0.421285,0.54466,0.796523,0.776742,1.51244,1.01723,0.659637,0.802402,2.0408,1.18188
P01857_180_H3N5,0.620137,0.679238,0.933329,0.355755,0.654612,1.62404,0.833645,0.701477,1.47739,0.0855291,0.453457,0.939578,0.592417,0.574706,0.35624,0.520514,1.28735,0.446319,1.3954,1.11422,0.563861,1.88765,2.71939,0.529914,0.460474,0.811874,1.14894,1.58166,0.846885,2.92647,0.510954,0.773061,1.34185,2.08805,0.951731,1.29174,1.34358,0.422001,0.971864,0.735309,0.47723,0.480473,0.356502,1.16118,0.715849,4.60996,1.60353,0.204549,0.768665,1.48574,1.10868,2.44168,0.275352,1.13484,2.1528,2.00611,1.86682,1.74898,2.19545,0.700336,1.17821,0.49108,0.61241,0.699984,2.20608,2.16883,1.44636,2.89294,2.3262,0.857583,1.20019,1.07948,1.41112,1.35187,1.64034,1.18228,1.46054,2.10198,1.35269,2.42115,0.814337,1.24641,1.35054,1.51075,0.608895,1.30317,4.98939,2.71273,4.26601,1.62971
P01859_176_H4N5F2,0.944504,1.24755,1.26181,0.729929,1.06501,1.03811,0.918438,0.844256,0.724109,0.0661223,0.887482,1.01542,0.98589,1.00295,1.08279,0.941483,0.73879,1.30732,1.02804,0.90643,1.10285,1.44748,1.64143,1.2264,0.965557,1.14973,1.08394,0.92069,0.944428,1.18238,0.519818,0.799916,0.837707,2.21857,0.841345,0.983762,1.04671,0.657761,0.819007,1.03723,1.15827,0.996705,1.2079,1.87897,1.72688,1.92956,3.06454,0.313972,0.822759,1.17037,0.995332,0.697243,0.973676,0.604969,0.485101,1.26509,1.03696,1.18599,1.02619,0.737392,1.06569,0.876897,0.586924,0.905084,1.25875,1.19825,0.641323,1.70931,2.35953,0.854839,0.762398,0.922018,0.970063,0.86459,0.862864,0.428937,0.595942,0.914486,1.24421,1.20193,0.855708,0.718711,0.419046,0.555147,1.06748,1.07276,1.21607,0.863138,2.02022,1.08288
P01857_180_H6N4,1.24622,1.63785,1.55975,0.825325,1.55306,1.065,1.22522,0.966449,1.08435,0.112401,0.970948,1.16289,1.14676,1.02516,1.47963,1.21162,0.66099,1.56437,1.22657,0.737818,0.943201,1.17675,1.85965,1.5885,1.46783,1.33415,1.07638,1.00325,2.02637,1.69757,0.743749,1.07834,1.4593,2.34895,0.863646,1.23671,1.37017,0.695676,1.10296,1.11919,1.40143,1.29752,2.6848,1.78074,2.48998,1.58494,1.94468,0.155707,0.959687,1.90771,1.35299,0.813829,0.634377,0.776672,0.909439,1.55801,1.6638,1.23994,1.11434,0.73325,0.94789,1.11948,0.792164,1.24506,1.27899,1.00142,0.952171,2.33122,3.66064,1.01548,0.945446,1.05865,1.07427,1.1319,1.04046,0.922391,0.795955,1.28426,1.17538,1.13781,0.549571,0.991518,0.510822,0.671039,1.14981,1.21826,0.978765,1.23043,1.41117,0.780893
P01859_176_H5N4A1,1.60948,0.898476,1.18074,1.46694,0.683239,0.790203,1.02605,0.941714,0.774197,0.0790215,0.869377,1.62706,1.4601,2.01201,1.91741,0.781074,1.08842,1.22036,1.62611,0.632816,2.43344,1.02718,3.08503,1.30935,1.57128,1.45596,1.22219,1.14246,1.07877,1.02225,0.812098,1.47093,0.962912,1.09267,0.895446,0.818874,1.14798,0.476305,0.832109,0.83639,1.60419,0.58781,1.20382,1.42408,1.19449,1.21906,2.12817,0.720506,0.796362,1.11792,0.607593,0.892133,0.753399,1.28981,0.931953,1.5305,0.921634,0.871483,1.51832,1.16838,1.42395,0.771375,0.808819,1.41891,1.24396,0.671179,0.899377,2.98384,3.66689,1.19265,1.07044,1.26075,1.27446,1.17453,0.552737,0.480155,1.2953,0.628494,0.990962,1.78763,0.579599,0.846889,1.38685,0.849805,1.31144,0.766655,0.61118,0.433261,1.61132,2.86012
P01857_180_H3N5F1,0.401205,0.623595,1.17914,0.16217,0.609614,1.70506,0.906807,0.918677,0.877134,0.0107894,0.53844,1.08706,0.299382,0.645711,0.159598,0.577014,0.588137,0.686971,1.04528,0.807174,0.525135,0.577299,1.14975,1.03999,0.962072,1.1887,0.902982,1.4131,1.05136,1.50427,1.83544,0.628612,1.25386,2.30378,1.90407,1.32946,0.779079,0.661586,0.741245,0.575521,0.828688,1.37866,0.602407,0.916092,1.23871,2.06351,1.34078,0.115341,1.30423,1.4768,1.49608,1.61726,0.664349,1.42855,3.19515,1.43847,2.08102,1.18587,1.70205,0.49497,1.89077,0.411893,1.09781,1.53066,1.27734,0.774212,0.728793,2.08946,2.05665,0.691326,1.91102,1.34604,1.47621,1.32312,2.08965,2.61929,1.78535,1.78077,0.98947,2.57708,0.767324,0.774452,2.09889,0.976282,0.981761,1.2745,1.93826,1.11927,2.14053,1.06315
P01861_177_H6N5F1,1.75097,2.06218,0.474306,0.712396,1.03175,1.12315,0.728943,0.549617,0.849263,0.144312,1.13413,1.13413,1.94577,1.74663,0.535308,0.545857,0.902254,1.31817,1.72493,0.476191,1.83561,1.03917,1.98596,1.79274,3.17356,1.42723,1.00647,0.885015,1.0825,2.5353,0.556415,0.923849,0.423832,1.46061,1.46061,1.40696,1.87684,0.735304,0.702981,0.601531,1.1137,0.945283,2.18176,2.71606,2.3599,3.31276,3.5935,0.100136,0.724094,1.57112,1.15825,0.810194,0.408738,0.634991,1.30654,1.11418,1.11418,1.11418,2.2472,0.725456,0.612818,0.487759,1.26223,1.55212,2.54701,0.689365,0.717985,1.20544,6.37813,1.23551,0.270282,0.908924,1.01001,0.937447,0.59722,0.439734,0.465371,1.04464,1.04464,1.2497,0.345148,1.00022,2.0841,0.760742,1.90673,1.72773,0.611944,0.982936,1.63956,0.909223
P01859_176_H3N4F2,1.28295,1.51418,1.36557,0.818139,1.37025,1.47823,0.933658,0.984891,1.46439,1.46439,0.84824,1.2053,1.26101,1.01293,0.742869,0.683434,0.838743,1.4936,1.22788,1.46439,1.46439,1.46439,1.46439,1.64691,1.06437,1.32068,1.23266,1.03411,1.28048,1.20225,1.36899,1.36899,1.36899,2.05018,0.7629,1.16385,1.2281,0.667102,0.923714,0.984667,1.24179,1.36899,1.36899,1.36899,1.36899,1.36899,1.36899,0.165588,0.880965,2.08698,1.92375,1.36667,0.486462,1.33743,1.33743,1.33089,1.45965,1.19275,1.75717,0.941285,1.3033,0.731838,1.1504,1.08556,1.43734,1.33743,1.33743,1.33743,1.33743,0.797372,0.791603,1.33062,1.50346,1.05737,1.31062,1.2287,1.2287,1.27367,1.31411,1.97855,0.766855,0.971348,1.26102,0.715433,1.05606,1.41842,1.2287,1.2287,1.2287,1.2287
P01860_227_H5N4F1A1,3.54473,2.23464,0.859128,1.79404,2.10616,1.95443,1.81106,0.319644,0.579642,0.0648441,0.209816,2.49508,0.286109,1.33322,0.45006,0.784788,1.23894,1.6009,2.02515,0.360019,0.328892,0.435089,1.84059,0.569267,3.96402,1.7139,1.66214,0.49222,1.95025,1.86043,0.0867833,1.31798,0.710946,1.33099,0.913594,1.35436,1.36109,0.990856,0.497132,1.31109,2.39478,0.299952,4.58492,2.31568,0.991112,2.6998,3.23,0.0682315,1.81817,0.839915,0.386638,0.220368,0.291372,0.170483,0.222733,2.14899,1.97287,0.486551,3.15017,0.562643,1.65343,0.605032,1.05323,1.64134,2.20472,1.12275,0.387924,0.867579,1.13824,2.02955,0.253716,2.73097,0.246829,0.35739,0.917054,0.213067,0.17473,0.554485,0.806151,3.14907,0.237916,1.04419,0.89143,0.933333,1.38932,0.879555,0.787748,0.100485,0.490644,0.56985
P01859_176_H4N3F1A1,1.05019,1.16259,2.40391,0.379468,0.528057,1.15013,1.17209,1.17209,0.963872,0.0980829,1.16237,1.38789,0.918494,1.49124,0.877403,0.953927,0.641595,0.703145,1.53467,1.17209,1.17209,1.17209,1.17209,0.683256,1.00305,0.593612,0.816361,1.02596,1.02596,1.02596,0.789329,0.990995,1.13166,1.43558,0.969238,0.774613,0.897029,0.604139,0.791781,0.654833,0.937525,1.02596,1.02596,1.02596,1.02596,1.02596,1.02596,0.0963963,1.40157,1.0861,0.871941,1.12009,1.12009,1.8083,0.796506,1.27949,0.903495,1.2784,1.18996,0.913278,1.0944,1.00994,1.19099,0.673583,1.2107,1.12009,1.12009,1.12009,1.12009,1.33449,0.836724,0.991441,1.4342,1.26039,1.26039,0.730529,1.37664,1.0602,1.28002,1.28,0.97337,1.20721,0.975929,0.827866,3.40707,0.742979,1.26039,1.26039,1.26039,1.26039
P01859_176_H4N4,0.550589,0.75632,1.1855,0.358212,0.331467,0.862029,1.1679,0.525213,1.41685,0.123399,1.46275,1.25005,2.13447,3.12385,1.73293,0.70367,1.24181,1.38207,2.65083,1.37684,1.37684,1.23947,2.75509,0.288724,0.80249,0.669929,1.08883,0.701741,0.952306,0.490904,0.673983,1.06465,0.901752,0.915111,1.27325,1.41447,2.4352,0.66928,0.647105,0.765722,0.795729,0.84031,0.84031,0.84031,1.27882,1.2827,2.1759,0.104069,0.398716,0.606261,0.419129,1.15176,0.818742,1.57782,1.084,1.10145,0.306603,1.38519,2.4064,1.05616,0.757018,0.692615,1.34981,0.868306,0.672625,0.865335,0.865335,3.40675,2.99338,0.801956,0.360368,1.23501,0.659476,1.3249,0.534261,0.836837,1.02138,0.970684,1.61324,1.08049,0.446648,1.00533,1.9123,1.10885,0.441921,0.973494,0.917289,0.917289,2.29273,4.79529
P01857_180_H5N4F1,1.06596,1.65452,1.39948,1.13313,2.1212,1.24664,1.14745,0.911655,1.37113,0.052107,1.02731,1.09171,1.16257,0.997325,1.258,1.04873,0.673117,1.60556,1.27959,0.709686,0.963659,1.28283,1.98473,1.67774,1.22657,1.7189,1.27769,0.9435,2.12037,1.83383,0.704867,1.36521,1.73979,2.36418,0.742237,1.23781,1.36781,0.750277,1.10484,1.14322,1.44889,1.26269,2.75366,1.80952,2.81251,1.7083,2.07137,0.654212,1.10326,2.59238,1.82578,0.791709,0.616734,0.866096,0.629292,1.4782,1.90838,1.28463,1.07184,0.766933,0.947153,1.04428,0.651449,1.25226,1.3031,1.01545,0.957147,2.46662,4.02293,0.829866,1.0332,0.986079,1.37131,1.05628,1.02874,0.8423,0.613618,1.19833,1.17992,1.14498,0.546862,0.786688,0.507273,0.618756,1.23443,1.22306,0.919704,1.29791,1.53215,0.797134
P01861_177_H3N6F1,0.655949,0.965907,1.30318,0.52491,0.905738,1.18577,0.332185,0.315235,1.1111,0.0826518,0.949908,0.949908,1.08744,0.871297,0.474667,0.48231,0.327636,0.496656,1.02246,0.949908,0.949908,0.949908,0.949908,0.991891,0.933233,1.04678,0.783834,0.356048,0.570289,1.38711,0.824911,0.906245,1.70031,0.745199,0.745199,0.984012,1.17598,0.324984,0.531187,0.369029,0.495354,0.745199,0.745199,0.745199,0.745199,0.745199,0.745199,0.102407,0.681367,1.3217,1.3233,0.438905,0.262005,1.00413,0.801275,0.711664,0.711664,0.711664,1.03387,0.60099,0.854064,0.408437,0.533341,0.62579,0.612631,0.711664,0.711664,0.711664,0.711664,0.594769,0.749708,0.946235,1.02922,0.412486,0.542847,0.887595,0.687228,0.695063,0.695063,1.00985,0.551682,0.477063,0.592454,0.381998,0.54083,0.656942,0.695063,0.695063,0.695063,0.695063
P01861_177_H6N3A1,1.1311,1.35878,1.304,1.24156,1.73874,1.10283,1.16232,0.890236,1.0686,0.0933412,0.962879,1.32145,1.15765,0.973033,1.20624,1.11971,0.739761,1.22231,1.24289,0.806408,0.800622,1.33755,1.33755,1.34053,0.967255,1.68877,1.15544,0.914861,1.43594,1.72781,0.554599,1.2057,1.48031,2.14867,0.75198,1.21817,1.08628,0.749119,0.984864,0.753308,1.63071,0.669475,1.35049,1.89828,1.31088,1.31088,1.31088,0.15343,0.817306,1.77872,1.47353,0.593569,0.667058,0.699045,0.633197,1.40561,1.02909,1.02155,0.686479,0.833339,0.894229,0.956269,0.742054,1.10658,1.13074,1.37392,0.714866,0.8984,0.8984,0.737731,0.709174,0.91885,1.41714,0.917094,0.886561,0.610313,0.705695,0.991461,0.991066,0.863727,0.482963,0.898483,0.557552,0.6877,0.981585,1.24065,1.14082,0.791317,0.918686,0.918686
P01860_227_H3N4F1,0.452458,2.05798,0.58891,0.43487,0.768858,2.44681,1.45058,0.186921,0.459044,0.0399534,0.130106,1.40864,0.0840011,0.556665,0.044622,0.643171,0.699076,0.875785,1.15454,0.552583,0.297505,0.852645,0.852645,0.190288,3.18492,1.2727,1.28868,0.474144,0.51223,1.2141,0.221961,0.628137,0.475659,0.585599,1.81474,1.35652,1.07445,1.07679,0.442194,1.02854,0.97878,0.159437,0.795193,0.992075,1.0704,1.0704,1.0704,0.0635333,3.57601,0.67446,0.481081,0.245183,0.23432,0.208066,0.488851,1.58944,3.02007,0.404635,6.06936,0.250323,1.83457,0.262755,2.67462,1.49767,1.0302,0.905865,0.171311,1.85649,1.85649,2.09383,0.556754,3.62475,0.521209,0.279856,2.03193,0.524285,0.547323,0.618432,0.430819,9.45219,0.283184,1.10903,3.68309,1.34145,1.67635,0.439664,1.13009,0.40537,1.9371,1.9371
P01857_180_H4N4F1,0.829549,1.27304,1.55488,0.739672,1.16666,1.40226,0.951285,1.16526,1.45514,0.100816,0.862116,0.974324,1.03231,0.716091,0.598912,0.669936,0.564182,0.886193,1.19701,1.10195,0.725492,1.07369,1.20784,1.53665,0.924561,1.15073,1.08091,1.1992,1.69801,1.36445,1.32599,1.22793,1.58419,2.58398,1.0823,1.30327,1.28343,0.716977,0.88338,0.768458,0.920154,1.04824,1.4241,1.31355,1.85395,2.00333,1.81612,0.595404,1.28613,2.23037,2.21676,1.46467,0.526734,1.44644,1.27082,1.42991,2.34191,1.3404,1.55408,0.785743,1.28226,0.675401,1.151,1.1424,1.04836,0.882106,0.706424,1.9367,2.97679,0.893166,1.2723,1.2711,1.43835,1.23847,1.55877,1.25224,1.14214,1.69045,1.30257,1.82958,0.834778,1.02411,1.21815,0.733737,1.28304,1.40834,1.4963,1.24922,2.11366,0.814974
P01861_177_H4N6F1,1.06487,1.34773,1.48921,1.21662,1.19069,1.1534,1.00991,0.93871,1.16016,0.119875,0.846811,1.12676,1.12082,1.11058,1.0581,1.1345,0.802362,1.34161,1.06668,1.03429,0.989398,1.50257,2.27444,1.45939,0.975935,1.08797,1.07013,1.01057,1.31591,1.43811,0.643038,1.29258,1.16253,2.19564,0.554549,1.29717,0.984032,0.55218,1.08177,1.0111,1.03518,1.62055,2.45308,1.77283,2.60277,2.07784,2.20425,0.167112,0.860648,1.66672,1.59302,1.11399,0.544137,0.920102,0.961676,1.26098,1.38484,1.11199,0.984426,0.744944,0.979211,0.659998,0.669102,0.976113,1.4464,1.26151,1.16987,2.67845,4.21024,0.762102,0.805001,1.26349,1.15867,0.891997,0.994795,0.690648,0.66986,1.20725,1.14372,1.12266,0.514434,0.703317,0.724275,0.695886,0.974472,1.21222,1.18106,1.24274,1.88449,0.998129
P01859_176_H4N4F1,0.987071,1.25738,2.13423,0.916932,1.61741,1.45051,1.0419,1.7325,0.842044,0.0549503,1.82669,1.48495,1.12056,1.58716,1.50968,1.10482,0.753203,1.02215,1.23016,0.965242,1.15021,2.66705,2.02401,0.613539,1.25126,1.49686,1.52949,1.45684,1.27018,0.567268,0.685102,1.19583,0.972231,0.951584,0.897592,0.657407,1.07848,0.325236,0.931623,0.930748,1.45863,1.04283,0.599663,1.545,1.81453,2.27972,3.22103,0.0880627,1.26863,1.42078,0.826257,0.962201,0.674807,1.17957,0.696596,1.13813,0.164548,1.61448,0.967203,1.28739,1.40546,1.27713,1.29258,0.940768,1.12841,1.44268,0.550248,2.647,1.63008,1.51594,0.906919,0.93245,1.49947,1.82721,0.453672,0.40666,1.37062,0.697058,1.20503,1.45985,0.804356,1.08483,0.746107,1.19654,1.43519,0.706669,0.77459,1.11135,2.52765,2.60697
P01861_177_H4N5F2A1,1.34555,1.21542,1.69911,1.44441,1.44441,1.44441,1.20059,1.5269,1.12744,0.126254,1.44441,1.44441,1.14938,1.12505,1.93675,1.71977,0.987829,1.05176,0.922357,1.17277,1.40726,1.44441,1.44441,0.758101,1.81227,1.50477,1.50477,1.63729,1.39514,0.89021,0.627061,1.60235,1.46281,1.50477,1.50477,1.40078,0.657346,0.178295,0.83353,1.03509,1.82043,1.77021,1.26431,2.01901,1.50477,1.50477,1.50477,0.143504,0.934849,0.818286,0.818286,0.692393,0.878201,0.830307,0.815842,0.818286,0.818286,0.818286,0.954286,0.636244,0.895276,1.08654,0.940261,1.18132,1.28453,1.46742,0.674875,0.818286,0.818286,1.19332,0.806053,0.96511,0.96511,2.09645,0.490666,0.828902,0.575742,0.96511,0.96511,1.08943,0.47258,0.745165,0.515181,1.29757,1.0568,0.619913,1.12598,0.796768,0.96511,0.96511
P01857_180_H3N6,0.780763,1.20659,1.33671,0.276703,0.771854,1.40713,0.595611,0.511999,1.65986,0.115357,0.623029,0.93415,0.37605,0.231016,0.359864,0.818184,0.2615,0.649672,0.647665,0.689839,0.689839,0.689839,0.689839,1.20777,1.04802,1.1077,0.627693,1.59557,0.552089,4.04343,0.330556,0.576623,1.24093,1.11606,1.06251,1.31778,0.573823,0.270905,0.987856,0.315568,0.810211,1.28842,1.28842,1.28842,1.28842,1.28842,1.28842,1.40523,1.51139,1.15278,0.960863,1.67151,0.0984738,0.691486,1.19009,2.41699,1.93054,1.56642,1.24527,0.643289,1.72622,0.707403,0.633057,0.521832,0.399429,1.44708,1.44708,1.44708,1.44708,1.00403,1.38,0.943046,1.20787,1.0537,1.06599,1.10136,1.52317,2.02786,0.98975,3.026,0.805789,1.03984,0.884536,1.13646,0.520997,0.537399,1.43314,1.43314,1.43314,1.43314
P01857_180_H3N3F1,0.629984,0.900604,1.51777,0.583924,0.986584,1.41572,1.07374,1.06464,0.971633,0.0531299,0.820352,0.739688,0.577513,0.489067,0.367857,0.436223,0.778702,0.954993,0.900081,1.39173,1.18148,0.948196,0.948196,1.05815,0.774981,1.14537,0.703599,1.05161,1.50808,1.10926,1.42631,0.787941,2.10467,2.64094,1.80605,1.02079,0.9391,1.62166,0.702339,0.78005,0.928891,1.59583,1.60411,1.64613,1.18819,1.18819,1.18819,0.128092,1.20237,1.55933,1.5992,1.24055,0.573205,1.69059,1.80234,1.40745,2.28305,1.16667,1.67822,0.676932,1.13865,0.606521,1.60903,1.00657,0.801805,1.42748,1.00111,1.31142,1.31142,0.696064,1.47957,1.12438,1.06683,1.14009,1.71507,3.65146,1.5709,1.9433,1.11526,1.83089,1.47457,1.09635,2.64814,0.747374,0.995563,1.28743,2.81235,1.27233,1.42272,1.42272
P01861_177_H4N4,0.766381,0.997068,0.718882,0.954105,0.695964,1.08923,2.09426,0.454407,0.782076,0.0467117,0.45232,0.832233,0.541972,1.34042,0.372374,0.454705,0.934504,0.751823,1.8939,0.929157,1.0134,0.995403,1.87341,0.438161,1.06998,0.555733,1.75531,0.640294,1.32944,0.644717,0.631734,0.390721,0.8773,1.54213,0.831404,1.91545,2.3296,0.732915,0.684414,0.680271,1.17817,0.457508,0.607254,1.08271,0.721723,1.12992,1.723,0.294965,0.846177,0.71955,1.17638,0.774698,0.279962,0.599523,1.02341,1.49477,2.43703,0.615444,1.74588,0.632593,0.798049,0.296158,0.60261,0.997886,1.3912,0.743208,0.345284,2.15459,5.60145,1.32094,0.550856,1.22596,0.710163,0.705395,1.08102,1.07358,0.739798,1.24286,1.6906,1.42452,0.75501,0.695126,1.47116,0.953591,0.750449,0.731882,1.11158,0.453444,0.683827,30.6354
P01859_176_H5N4F2,1.38575,1.47177,0.920759,0.738018,0.82689,1.03225,0.559616,0.434849,1.18483,0.129428,1.50409,1.50409,1.05174,1.09933,0.792914,0.578585,1.50409,1.50409,1.50409,0.59108,1.75445,1.84746,2.98907,0.697332,2.25137,0.987701,0.946436,1.01038,0.832884,0.509717,1.56641,0.721879,1.15554,1.81579,1.81579,1.2114,1.09549,0.496274,0.87047,1.81579,1.81579,1.15421,0.760265,2.20205,2.08571,2.10938,4.27255,0.212211,0.630663,1.2227,1.03005,0.771586,0.451307,1.23693,2.71502,1.0528,1.0528,1.0528,1.43394,0.961072,1.62206,0.704967,1.19789,1.0528,1.0528,1.37474,0.567032,1.21729,2.93453,1.52602,0.470094,1.0948,1.10248,0.850507,0.53076,2.37704,1.43896,0.977831,0.977831,1.9262,0.646718,0.631293,1.36695,0.661687,0.977831,0.977831,0.951936,0.863491,1.55578,0.702606
P01861_177_H6N5,0.932166,1.46367,1.12279,0.992095,1.23355,1.08431,1.28602,0.841918,1.42687,0.085668,0.97281,0.97281,0.97281,0.97281,0.97281,0.97281,1.06929,1.41088,1.93326,0.382341,0.939728,1.20513,2.55437,1.43267,3.60283,1.46103,1.16872,1.09338,1.30592,1.7543,0.870775,1.08383,1.44538,1.50724,1.50724,1.50724,1.50724,1.50724,1.50724,0.842133,1.7147,0.893155,1.54481,1.42445,2.90294,1.69179,2.89412,1.25595,1.32263,1.37218,0.856969,0.794012,0.682872,0.95908,0.820961,0.985645,0.985645,0.985645,0.985645,0.985645,0.985645,0.985645,0.985645,2.09529,2.56451,0.510415,0.728309,2.52149,3.93988,1.19842,1.17689,1.05569,1.25995,1.31427,0.955754,1.02368,0.597932,0.97147,0.97147,0.97147,0.97147,0.97147,0.97147,0.97147,1.32595,1.68745,0.85907,0.547881,2.42605,0.875491
P01861_177_H3N4F1,0.592437,0.393326,1.06433,0.209382,0.761026,1.61986,0.526237,0.493683,0.355742,0.0187099,0.156733,0.701688,0.332833,0.134379,0.223845,0.385245,0.487429,0.567276,1.26261,1.0981,0.815763,1.45095,0.641239,0.43703,0.635712,0.902695,1.15025,1.92248,0.948717,0.489659,0.334787,0.680292,0.745312,1.43763,1.83898,1.53215,0.690484,0.740615,0.882726,0.81856,0.895421,0.440366,0.744306,0.993899,2.30478,0.482544,1.66014,0.130065,0.975772,1.39777,1.07051,0.582725,0.532997,0.262576,0.549784,1.40599,1.89303,1.6942,2.66328,1.53359,1.59742,0.480189,2.50522,1.24907,0.831035,0.804925,0.353165,2.95229,2.67371,1.08941,0.551123,2.73942,1.16024,1.22354,1.28859,0.944082,0.828959,2.02803,1.27404,2.19793,0.980886,0.735388,4.82702,0.851987,1.6115,0.531264,0.928915,0.948814,0.872697,12.6521
P01859_176_H5N4A2,0.267795,0.432981,1.40627,0.22574,0.310931,0.748904,0.860926,0.889023,1.55643,0.109057,1.21799,0.450994,0.550734,0.871847,1.12338,0.554066,0.142922,1.57701,0.831661,2.78857,1.15165,1.43071,1.43071,1.29209,0.382592,0.300367,0.57831,1.78749,0.912557,0.901403,0.437726,0.545117,2.60122,1.83384,0.543187,0.95379,1.13843,0.341724,0.763994,0.20809,1.58843,1.66468,1.84183,1.17247,1.10115,1.10115,1.10115,2.47782,1.14944,3.09167,1.37125,1.44396,0.979591,0.89111,0.933434,0.637504,1.01003,0.950665,1.36896,1.19911,0.21888,0.609605,0.748875,1.37765,0.402391,0.898458,1.45861,1.4232,1.4232,0.569391,1.366,0.688444,1.25538,0.910758,0.935622,0.742238,0.970029,2.56834,2.38862,0.408207,0.781257,0.839933,0.794212,0.420956,0.898867,4.23652,0.693319,0.956607,1.20345,1.20345
P01859_176_H5N4F3,1.41175,1.32896,1.42473,0.714245,0.530608,0.778526,0.774731,0.577167,0.9034,0.9034,0.919057,1.12096,0.822536,0.504158,1.13909,1.71901,0.9034,0.9034,0.9034,0.527057,0.673286,1.0533,1.94684,0.392586,2.45885,0.62131,1.13115,1.09907,0.989896,4.22752,1.41135,1.41135,1.41135,1.69932,0.65336,1.14396,0.778275,0.201439,1.43379,1.41135,1.41135,0.582357,1.20728,2.50561,0.870078,1.48456,1.46572,0.155149,2.14048,0.741592,0.546364,0.71929,0.27865,1.14105,1.14105,2.27748,1.41081,1.55352,0.857683,0.868768,0.973228,1.54136,0.339199,1.14105,1.14105,1.95111,1.93749,1.61472,1.78254,1.60842,0.667656,0.800807,0.56502,0.970657,0.710835,0.937957,0.937957,1.11308,1.00127,1.2217,0.471886,0.930834,0.224772,0.734534,0.937957,0.937957,1.90546,3.79991,1.44858,1.06743
P01857_180_H6N4A1,1.49646,1.79775,1.48135,1.02588,1.69877,0.970191,0.908528,0.897827,1.25555,0.112711,0.961219,1.20874,1.49285,1.01287,1.04175,1.10674,0.677966,1.90037,1.3014,0.819357,1.1458,1.0723,1.0723,1.79046,1.68573,1.40713,0.992362,1.07883,1.72355,1.69319,0.755904,1.58563,1.71431,1.99868,0.63611,1.29987,1.20073,0.564272,0.893096,0.969153,1.68297,1.4584,2.43201,1.71374,1.49774,1.49774,1.49774,0.149931,0.781519,1.8543,1.35242,0.865727,0.524434,0.970538,0.793463,1.3942,1.56682,1.26394,1.11656,0.76862,0.993278,0.910552,0.876919,1.2993,1.14215,1.2609,0.975939,1.05957,1.05957,0.87741,0.92927,0.946259,0.96936,1.06372,0.873829,1.0212,0.707155,1.06923,1.21051,1.29338,0.497108,0.811474,0.718794,0.633469,1.10144,1.41344,1.26253,0.943893,0.931499,0.931499
P01861_177_H5N4F1A1,1.6162,1.36206,1.19638,1.06923,1.61581,0.854273,1.3161,0.440696,1.63302,0.1367,0.553661,1.354,0.915192,0.987149,0.702062,0.688305,0.598386,0.577094,1.98175,0.704536,0.88415,1.89983,1.83161,1.08853,2.03558,1.26044,2.38769,1.13632,2.77219,1.20073,0.117722,1.70895,1.43309,1.85594,0.609656,1.34212,0.99005,1.07229,0.787336,0.613985,1.64107,0.232529,1.08454,2.48387,4.99865,0.630475,2.92703,0.908502,1.02134,2.02086,1.22821,0.288879,0.509022,0.220392,0.225935,1.44518,1.80897,1.26473,1.53607,1.51099,1.26012,1.05458,1.22335,0.950414,0.923873,2.16153,0.21592,2.44836,4.85056,1.32871,0.643239,1.30426,1.10511,0.759446,0.471708,0.430746,0.329975,0.733177,1.61202,1.52622,0.540249,0.816971,0.93686,1.16417,1.16376,0.51822,0.854639,0.464349,0.806252,4.52809
P01859_176_H5N4F1A1,1.07494,1.24795,1.47594,1.52312,1.76662,1.28054,1.2773,1.98175,0.601715,0.00646022,2.67204,1.74315,1.32884,2.34769,1.95661,1.28665,0.891315,1.56944,0.984431,0.620068,1.21955,2.07789,2.20903,1.22299,1.16997,1.55174,1.2418,1.55978,1.98197,0.740276,0.455224,2.07345,1.05063,0.844746,0.572151,0.571772,1.00602,0.353528,0.896771,1.15462,2.58842,1.27717,0.953185,1.88624,1.9245,1.53937,2.94775,0.75395,0.79,0.906705,0.426752,0.679888,0.6478,0.840896,0.650475,1.24932,0.0926769,1.82704,0.582562,1.15365,1.30404,1.15395,0.993683,0.866165,1.23266,1.69697,0.601567,2.4686,1.32621,0.9702,0.923192,0.816682,1.10998,1.64085,0.326533,0.294841,0.915779,0.527215,0.95323,0.990835,0.562429,0.977268,0.659991,1.06809,1.13082,0.519942,0.724581,0.69009,1.62141,1.54413
P01859_176_H4N4F3,0.390357,0.994197,1.24441,0.74962,1.06866,1.29644,0.59438,0.570413,1.72975,0.134548,0.724499,1.01025,0.543914,0.298802,0.647281,1.17668,1.2007,0.902046,1.3964,0.741671,0.729279,1.53347,3.26523,1.43779,0.859187,1.40004,1.05889,1.38066,0.684819,3.93814,0.381691,0.883042,1.06655,1.22874,0.67523,1.18127,0.778542,0.234742,1.16592,0.984163,0.831086,0.634634,1.08032,1.89919,1.22488,2.46693,2.03988,1.19446,1.03898,1.74314,1.33047,1.21138,0.178972,0.763551,0.614665,2.67814,1.65948,1.68911,1.04335,0.854821,1.36849,1.00469,0.583385,0.766891,2.8481,1.50134,1.56534,3.20322,3.46601,0.931228,1.31056,1.03417,1.43391,1.16203,0.751224,0.581939,0.81833,1.39631,1.08999,1.9149,0.625318,1.12037,0.516472,0.989596,0.7981,1.38495,2.32766,2.81488,2.83031,1.33633
P01857_180_H3N6F1,0.722365,0.949666,1.51852,0.971693,1.56719,1.1439,1.66776,0.469817,1.28892,1.28892,0.60809,0.99002,1.28892,1.28892,1.28892,1.28892,1.5015,2.22504,1.94501,1.04774,2.02356,3.71908,4.76348,0.903376,0.973656,1.48395,1.46628,0.941798,0.985006,1.5216,1.44564,1.44564,1.44564,1.79987,0.686894,1.44564,1.44564,1.44564,1.44564,1.08229,1.3571,1.38292,1.93249,1.29721,1.40474,5.30442,5.32629,0.702437,1.3638,1.3705,0.624068,0.835692,0.595177,0.9161,0.9161,1.18072,1.3804,0.998049,0.9161,0.9161,0.9161,0.9161,0.9161,1.03128,2.546,0.482671,1.22593,4.88599,5.05078,1.12893,0.851358,0.657048,1.09866,0.893637,1.08668,0.878708,0.878708,1.03226,0.900778,0.878708,0.878708,0.878708,0.878708,0.878708,0.605286,1.30605,0.743289,0.626398,3.16261,11.4125
P01860_227_H4N4F1A1,1.7842,1.43696,1.05883,0.884398,1.04875,1.61704,1.23446,0.872113,0.900062,8.25134,0.241491,2.067,0.552564,0.874996,0.287904,0.450197,1.36243,1.20815,1.37383,0.558882,0.309758,0.424259,1.21406,0.48165,2.51623,1.11125,1.71918,1.16794,1.1005,1.08714,0.224377,1.17323,0.778425,1.14449,1.19896,1.50266,1.40554,1.05949,0.777341,0.985884,1.88782,0.191409,1.92658,1.59012,0.736481,3.74465,2.97548,0.0834402,1.77412,1.22255,0.808254,0.688927,0.640082,0.343226,0.477948,2.03897,2.17016,0.61207,3.86861,0.776694,1.75511,0.641609,2.38829,2.20262,1.63973,1.01676,0.207106,0.769834,0.975332,2.02041,0.363339,2.97228,0.925007,0.99929,0.877758,0.525862,0.500335,0.679089,0.791748,4.57095,0.446153,1.08174,2.66341,1.04198,2.05873,0.577396,0.978746,0.254538,0.592202,1.64565
P01860_227_H5N4A1,1.4969,2.44451,0.684894,2.08134,0.977887,1.49524,2.23075,0.275095,0.830371,0.063339,0.351514,2.15871,0.39276,2.11362,0.500752,0.613153,1.94478,3.94527,1.77601,0.749134,0.693759,0.668053,4.17407,0.45202,2.21148,0.790472,1.8247,0.392902,2.13006,1.78356,0.504411,0.738018,0.914289,1.34879,1.07992,1.39035,1.46888,1.20666,0.608765,0.986984,3.0808,0.736062,1.94168,1.28199,0.780715,1.30914,2.33582,0.0809833,0.839811,1.06666,0.796909,0.400151,0.276157,0.730397,0.800293,3.49228,1.79102,0.359578,2.0989,0.426822,0.784251,0.404499,0.874401,1.19785,2.00003,0.673483,0.564443,1.255,2.65811,1.87572,0.358206,1.49643,0.834603,0.428008,0.468717,0.648325,0.632191,0.746835,0.563431,1.53907,0.253332,0.738226,1.91599,1.11347,0.695731,0.956516,1.2216,0.475892,0.671078,3.55238
P01857_180_H6N4F1,1.04918,1.38484,1.39784,0.83652,1.43869,1.19158,1.11655,0.873721,1.13351,0.103013,0.816536,1.21912,1.01018,0.890046,0.891125,1.16153,0.656195,1.35631,1.25057,1.82873,0.953962,0.663832,1.15528,1.39083,0.954572,1.461,1.03942,0.855665,1.80008,1.349,1.05343,1.0478,1.58578,2.28819,0.77048,1.29641,1.27755,1.52703,1.00084,0.888145,1.20188,2.14758,2.36066,1.83364,1.47194,0.966222,1.03748,0.313264,1.10973,1.98269,1.67378,0.848686,0.593552,1.02337,0.979803,1.37145,1.44878,1.0958,1.28174,0.663179,1.21962,0.873668,1.0174,1.21684,1.16726,1.47252,1.23046,1.18031,1.62654,0.849598,0.826686,1.2077,1.12601,1.1431,1.36063,1.50057,0.777255,1.3008,0.996425,1.43136,0.754729,0.846363,1.04139,0.621733,0.971456,1.19807,1.52953,1.27744,1.28655,0.436049
P01859_176_H6N5,1.17414,1.02994,1.56727,0.96486,1.02546,1.42773,1.7832,0.435328,1.48055,1.48055,0.471798,2.16655,0.406503,1.33874,0.71333,0.864704,1.96088,1.34934,2.28288,0.669121,0.769779,0.537616,1.66662,1.05761,1.95456,1.93534,1.85896,0.740866,1.66703,1.60678,1.37567,1.37567,1.37567,1.7055,0.918776,1.28958,1.07194,0.460678,0.657907,1.03747,2.1898,0.555512,2.18905,2.59071,1.08124,2.67514,2.79525,0.52206,0.916245,1.1531,0.766605,0.427656,0.436279,1.08564,1.08564,1.97571,1.66367,0.813897,1.98196,0.910306,1.17215,0.72695,0.77467,2.08243,2.52814,1.34969,0.448191,1.5808,2.33707,1.5033,0.768513,2.0447,1.03394,0.721951,0.81071,1.10158,1.10158,0.648537,0.77676,1.99071,0.493864,0.835038,0.795686,0.928449,1.34458,0.773654,0.864555,0.750722,1.44788,1.31243
P01857_180_H4N3F1,0.704611,1.44767,1.83777,0.737281,1.55888,2.07055,1.00116,1.04014,1.24092,0.118193,0.738694,0.913328,0.946829,0.89,0.948003,1.13742,0.732611,1.0498,1.19914,1.19156,1.19156,1.19156,1.19156,1.57411,0.837376,1.69813,0.987169,0.941022,2.52065,1.17313,1.34304,1.12584,1.78423,2.71681,0.852407,1.24159,1.3226,0.683989,0.921588,0.805266,1.00284,1.43797,1.43797,1.43797,1.43797,1.43797,1.43797,0.744259,1.29822,2.09155,2.20456,1.12412,0.597118,1.72982,1.16164,3.74199,1.83566,1.0986,1.4016,0.729013,0.929471,0.826159,1.05284,1.1232,0.946245,1.29428,1.29428,1.29428,1.29428,1.08067,1.37217,1.28073,1.21219,1.17357,1.40643,1.66876,1.07484,1.38859,1.15585,1.4841,0.822708,0.948226,1.38359,0.646253,1.0775,1.29422,1.16098,1.16098,1.16098,1.16098
P01857_180_H4N5A1,1.12562,1.18483,1.15962,1.0668,1.43649,1.34788,1.04707,0.592787,1.62235,0.122459,0.774099,1.18169,1.38834,1.1006,1.10987,0.829409,0.954473,0.822936,2.14277,0.957627,1.06472,1.95389,2.33071,0.98441,1.04561,1.46056,1.13478,1.21818,0.776381,2.82673,0.799109,0.953421,1.0384,1.53481,0.664511,1.2732,1.33617,0.330131,1.0382,0.555498,0.826184,1.0835,1.06233,1.69391,1.89762,1.38865,2.48675,0.501648,0.894332,1.50412,1.16164,1.92994,0.366084,1.77389,3.07068,2.2644,1.7099,1.83183,1.53963,0.798093,1.03828,0.27606,0.672897,1.12346,1.25319,1.67388,0.983295,2.50467,2.09763,1.07948,0.865677,0.985256,1.34802,1.37154,1.28177,1.15448,0.922329,1.70762,1.29179,1.97472,0.68941,0.842033,1.37547,1.40668,0.507092,1.64655,1.70426,1.12536,1.48239,1.73856
P01861_177_H6N5A1,1.51159,1.6711,1.52097,0.906912,1.15992,0.973332,1.09491,0.792059,1.36716,0.0941699,1.03264,1.57333,1.40179,0.955488,0.884441,1.31541,0.803611,1.36234,1.36993,0.601707,1.29372,1.21634,1.21634,1.54466,2.74172,1.9507,1.12719,1.18327,1.52028,2.03724,1.02699,1.2768,1.34785,1.8157,0.631106,1.13192,1.04244,0.464274,0.813181,0.76645,1.49027,1.31687,2.77465,1.84666,1.40863,1.40863,1.40863,0.144761,0.945848,1.61338,1.26154,0.926428,0.858993,1.08641,1.09332,1.62257,1.15598,1.50676,1.07039,0.791447,1.05213,0.655846,0.607476,1.64374,1.41649,0.74611,0.820868,1.06113,1.06113,1.05447,0.828194,1.23244,1.31326,1.54385,0.782181,1.24109,0.581178,0.966857,1.0796,1.36032,0.446012,0.457067,0.705018,0.526466,1.05921,1.78779,0.935004,1.04716,1.00147,1.00147
P01861_177_H5N5F1,1.51955,1.03857,1.47718,0.819694,0.835086,1.02828,1.76569,0.387531,1.33739,0.122544,0.459519,1.64748,0.543042,1.17676,0.85826,0.954619,1.38673,0.913627,2.41716,0.466401,0.664781,1.35315,1.62012,0.618064,2.27121,1.57725,2.09908,0.897405,1.95451,1.27644,0.177009,1.10018,1.12911,1.95786,0.769508,1.35384,0.898243,0.506661,0.82087,0.928778,1.78554,0.198002,1.56585,2.51875,2.38312,1.66949,3.35287,0.108744,1.18717,1.36463,0.921493,0.332213,0.5656,0.306872,0.32099,1.52828,1.4745,1.01712,1.70963,1.01254,1.00653,1.03509,0.817841,1.81338,1.88087,1.24667,0.20415,2.09106,3.93834,1.3488,0.365324,1.46234,1.31349,0.79205,0.73714,0.501761,0.358055,0.741298,0.93418,1.56963,0.59711,0.783244,0.718215,1.1041,1.2542,0.801832,0.647378,0.509941,0.824573,4.93106
P01859_176_H3N5F1,0.877423,0.818912,1.58134,0.430476,0.653409,1.8575,0.543697,1.22199,0.537528,0.0188565,0.979207,1.80808,0.41069,1.27713,0.648436,1.24775,0.499197,0.617913,1.08602,1.46546,0.98706,1.39642,1.33466,0.68921,1.41619,1.37452,1.90659,1.18076,0.558486,0.70455,1.06121,0.925614,0.608174,0.811241,1.19433,0.571559,0.798622,0.324673,0.790277,0.899263,0.889507,1.27073,0.499536,1.45817,1.00777,2.38663,2.85072,0.266428,1.77748,0.831774,0.553411,1.47591,1.12064,1.36485,1.53254,1.02411,0.183084,1.35573,1.22504,0.87983,1.89815,0.866858,1.43629,1.45966,1.68765,1.12557,0.651356,2.87279,1.45667,1.25147,1.6817,1.01719,1.58819,1.98669,0.688853,0.770018,1.62782,0.676783,1.16294,2.15119,0.87319,0.803386,1.10946,1.31236,1.52679,0.830193,0.970878,1.12336,2.62327,3.04257
P01857_180_H4N5F1A1,1.10507,1.14815,1.43097,0.791219,0.830852,1.22365,1.04647,0.923195,1.46703,0.125623,0.918859,1.39609,1.34249,0.818258,0.821765,1.13523,0.710432,0.944666,1.38982,1.54295,1.10023,0.7445,1.16411,1.35164,1.56702,1.38686,1.1489,1.35665,1.15089,1.64781,1.51175,1.15146,1.26072,1.92259,0.846912,1.29057,1.02551,0.423138,0.841324,0.626421,0.954634,1.35533,1.52166,1.58992,1.8466,1.64207,1.82732,0.606234,1.13318,1.52708,1.46041,1.50179,0.748556,1.79062,2.20427,1.56888,1.54328,1.38471,1.43463,0.779439,1.2587,0.650357,0.984582,1.61107,1.15364,1.54216,0.943868,1.82884,2.6707,1.07731,1.16938,1.50205,1.34304,1.73125,1.25848,1.5762,0.993499,1.24806,1.16276,1.96771,0.550608,0.759569,1.12661,0.673946,1.00163,1.72901,1.29395,0.994325,2.4513,0.866848
P01859_176_H3N4F1,0.515146,0.877255,1.8865,0.280346,0.903575,1.88606,0.718702,1.71664,0.504022,0.0102107,1.24732,1.33925,0.57152,1.1939,0.584223,0.930879,0.627349,0.760139,1.19822,1.57216,0.91417,1.78751,1.3431,0.780987,1.09083,1.46915,1.30947,1.35904,0.755216,0.55506,0.993842,0.711633,0.745304,0.793438,1.26221,0.654839,0.842615,0.447701,0.719495,0.729702,0.827979,0.950973,0.395704,1.13753,1.26566,2.47476,2.5075,0.413227,1.438,1.16927,0.815428,1.66617,0.824887,1.44098,1.49654,0.971427,0.15421,1.32234,1.47959,1.31742,1.71537,0.90606,2.06919,1.15619,1.20961,1.27136,0.651209,1.99226,1.20102,1.16203,1.39721,0.893332,1.58208,1.89896,0.829346,0.771614,1.91737,0.922899,1.47366,2.25761,1.09527,0.982354,1.61253,1.02406,1.56858,0.901594,0.888129,1.22679,2.97732,3.20869
P01857_180_H5N4F3,0.710169,1.11365,1.00538,0.735746,1.32588,1.18404,1.15218,1.15218,1.15218,1.15218,1.04281,1.24304,1.2618,1.34892,0.690409,0.735694,0.814434,1.43941,1.48017,1.33565,1.21655,2.18654,1.30154,0.907196,0.962447,1.31656,1.01483,1.0122,1.0122,1.0122,1.0122,1.0122,1.0122,1.69753,1.02446,1.32403,1.53121,0.439567,0.631644,1.0402,1.41606,1.42442,1.46551,1.65772,1.91901,1.2566,2.10277,0.711854,0.808278,1.50873,1.19995,1.10249,1.10249,1.10249,1.10249,1.49514,1.16678,1.19381,1.32321,0.837916,0.750781,0.498594,0.830631,1.05638,1.48422,1.25853,1.01633,3.3735,1.78599,0.67187,0.832179,0.959619,1.12211,0.925971,0.925971,0.925971,0.925971,1.18008,1.08987,1.00629,0.515965,0.659338,0.851292,0.684943,0.913933,1.05925,1.2056,0.859533,1.55925,1.58195
P01861_177_H4N4F1A1,1.1807,0.728409,1.36634,0.575244,0.853248,0.834618,1.04927,0.522599,1.681,0.131697,0.177449,0.991844,0.812184,0.572046,0.291443,0.404309,0.602631,0.412273,1.59299,0.997951,0.791634,1.24016,1.04201,0.750846,1.26983,0.784558,1.87175,1.58013,1.67645,0.931907,0.284744,1.61939,1.47237,1.71765,0.852027,1.52455,0.874817,0.972783,0.828026,0.630801,1.42687,0.119647,0.725134,1.46444,2.4917,1.41689,2.6433,0.441719,1.16018,1.92277,1.6298,0.474478,0.501216,0.422066,0.48398,1.44068,2.27966,1.32646,1.90091,2.08147,1.38821,0.772678,2.28172,1.20602,0.843543,1.50173,0.162815,1.99298,2.96295,1.32117,0.638064,1.5836,1.6781,0.965398,0.737215,0.76291,0.848388,1.12279,1.57158,1.94648,0.783924,0.898913,2.64877,0.983667,1.57436,0.688961,0.91488,0.590261,0.764023,5.85305
P01859_176_H6N4A1,2.7431,2.07377,1.19289,1.66054,2.01524,1.90196,1.7424,0.411438,0.518745,0.0586856,0.97537,2.37015,0.384669,1.42541,1.4789,1.4789,1.0489,1.41947,1.73398,0.306152,0.276688,1.66727,2.79136,0.938126,3.03933,1.72408,1.56931,0.630303,1.98154,1.74146,0.0693937,1.30549,0.676265,1.07171,0.860655,1.27133,1.29254,1.52662,1.52662,1.21618,2.12128,0.193584,4.95373,2.30827,1.04936,2.40349,2.98483,0.444007,1.31136,0.973294,0.44199,0.266317,0.376797,0.157253,0.20528,2.02059,1.28862,0.797733,2.82498,0.592988,1.62532,1.18704,1.18704,1.29308,1.89677,1.07281,0.356963,1.63184,1.75854,2.07641,0.32821,2.48196,0.373109,0.460162,0.878241,0.206991,0.158928,0.557412,0.687359,2.89548,0.286177,1.19856,1.19856,1.19856,1.18298,0.846196,0.772294,0.0306689,0.990378,0.613844
P01860_227_H5N4F1,1.92906,1.54605,0.994681,0.717483,1.12285,1.69585,1.87353,0.357021,1.28426,0.101766,0.316166,2.34859,0.295992,1.43492,0.405982,0.788914,2.0596,2.39538,1.68785,0.630743,0.783896,0.591192,2.04815,0.596733,2.45696,1.42554,1.40817,0.45011,1.88777,1.75656,1.36403,1.15646,0.770085,1.29382,1.09996,1.46231,1.64012,0.890893,0.460629,1.68446,3.22408,0.704117,1.82363,2.31591,0.937584,3.18579,3.54123,0.0778007,1.58859,1.92543,1.23048,0.326429,0.276193,1.6675,2.14248,2.49155,2.20003,0.32795,2.81198,0.639131,1.6002,0.561273,1.00996,2.24583,2.95682,1.4178,0.428136,1.01168,1.24925,1.63689,0.240666,1.0213,1.41497,0.407307,1.22879,0.507271,0.778688,0.497261,0.522705,2.90036,0.24445,1.15298,0.968904,0.953211,2.02872,0.578703,0.693757,0.610386,0.425203,1.34694
P01859_176_H4N5A1,1.01491,1.31789,1.4251,1.02199,1.69367,1.29845,0.80498,1.09321,0.692438,0.0502318,0.744655,0.948915,1.44112,1.44112,0.690194,0.53234,1.15205,1.32405,1.3041,0.664263,1.38611,1.20313,1.41213,1.20573,0.972386,1.62569,0.929924,0.917518,1.17459,0.962426,0.471832,1.20793,0.863275,1.52279,0.674987,1.05161,1.05161,0.408288,0.652244,0.873301,1.63015,1.04443,1.52704,1.69417,2.08047,2.79315,2.2336,0.31143,0.836945,1.65388,1.77814,0.726402,0.743147,0.692051,0.619037,1.39078,1.11193,1.2811,1.0946,1.0946,1.0946,0.435042,0.880135,1.30227,1.48778,0.936008,0.819738,1.49203,4.71931,0.918533,0.80084,0.865216,1.21983,1.22491,1.13946,0.459205,1.00634,1.11217,1.13334,0.935703,0.935703,0.726394,0.743484,0.582527,1.67869,1.5611,0.940752,0.930884,2.32831,0.509261
P01857_180_H3N4F1,0.358979,0.776128,1.33126,0.287987,0.783638,1.63937,0.689245,1.14923,0.932347,0.0346096,0.641966,0.736046,0.62034,0.440578,0.224628,0.405705,0.706458,0.748968,0.920696,1.19253,0.521366,0.460578,0.871296,1.01661,0.661403,1.04152,0.684704,1.29205,1.43532,1.09738,1.58016,0.757288,1.77116,3.06829,2.30286,1.05289,0.873929,0.833325,0.624013,0.623964,0.745605,1.18579,0.692956,0.804706,1.42955,2.0682,1.10929,0.166426,1.19677,1.64852,2.10106,1.77286,0.482623,1.43679,2.52887,1.21111,2.56114,1.19751,1.7753,0.664838,1.5051,0.419408,1.49948,1.07297,0.934808,0.851209,0.702327,1.59654,1.80377,0.658586,1.69128,1.38813,1.35884,1.15605,2.3544,2.52777,1.69423,2.37908,1.15055,2.45809,1.12858,1.01375,2.76788,0.778752,1.0181,1.28569,2.26153,1.08509,2.03349,0.854866
P01859_176_H4N5F1A1,1.24278,1.00623,1.77367,0.915975,0.794458,1.2614,1.02327,1.38709,0.79971,0.0850034,1.65059,1.69135,1.0504,1.36324,1.26595,1.42436,1.01539,1.36781,1.78242,0.94702,1.24048,1.55259,1.34222,0.612379,1.59993,1.2123,1.45029,1.42179,0.990207,0.853142,1.0271,1.41229,0.846214,1.35458,1.03735,0.788521,1.00515,0.279909,0.796907,0.722375,1.1906,1.23662,0.612994,1.62312,1.38991,1.89484,2.9104,0.173957,1.03852,0.79917,0.748293,1.03678,0.814418,1.37017,1.30057,1.09365,0.747275,1.3592,1.18015,0.923329,1.43618,0.85183,1.41828,1.16888,1.27875,1.2511,0.483443,2.81089,1.39962,1.21108,1.01453,1.3259,1.24702,1.9692,0.670462,0.766007,1.13651,1.12773,0.918828,1.57577,0.724953,0.932485,1.10082,1.26126,0.685196,1.32846,0.935074,0.66991,2.46124,2.41819
P01860_227_H7N4,1.03952,1.04254,1.93864,0.923347,1.91874,1.11558,1.43648,0.681683,1.42668,1.42668,1.42668,1.42668,1.02978,0.734673,0.734841,1.22631,0.629864,1.43215,1.39305,1.93359,1.26346,0.754668,1.50622,0.636195,1.17479,1.58185,1.08795,0.982135,2.13272,1.6075,0.986564,0.986564,0.986564,0.986564,0.986564,1.06232,1.1487,2.83292,1.09002,1.17733,1.79029,2.45873,1.53587,2.07175,1.50959,1.17098,1.02953,0.0668933,1.09521,2.20918,1.54014,0.77408,0.945639,0.856172,0.856172,0.856172,0.856172,0.856172,0.868378,0.586371,0.918753,0.775614,1.68779,1.2415,1.51235,2.04529,1.21021,1.13359,2.42713,1.20512,0.679703,0.884728,1.24855,1.29146,1.00983,0.935998,0.935998,0.935998,0.935998,0.905792,0.544076,1.03644,1.46667,0.607329,1.13695,1.64735,1.64905,1.14268,1.46084,0.555701
P01857_180_H5N4F2,1.68819,2.30536,0.597077,0.784827,0.949924,1.3353,0.435841,0.845973,1.28808,0.108226,0.747262,0.515998,0.874291,1.2256,1.66892,1.25844,0.702264,1.18639,1.52336,0.345896,2.27434,1.25394,1.80836,2.34456,2.24682,2.25966,1.18157,0.920109,2.50315,1.43611,1.02464,1.16626,0.411601,1.66189,0.360513,1.56125,1.905,0.343923,0.992647,0.582969,1.08022,1.11146,2.55184,2.35171,1.37712,1.65435,2.13701,0.522401,0.670718,2.16183,1.20928,0.872476,0.67158,1.02003,1.23267,2.15349,0.986808,0.84192,0.587993,1.21904,1.15333,1.41389,0.330421,1.2182,2.52637,0.801835,0.805204,1.2473,3.72621,0.981976,0.504342,0.617418,1.63102,1.53,0.650069,0.387551,0.546933,1.06936,1.10612,1.05738,0.224285,0.399218,0.385596,0.546016,2.40376,1.77124,0.559963,1.10837,1.65686,0.996574
P01860_227_H3N4F3,1.25499,1.29542,1.19914,1.23904,1.54086,1.87905,0.932605,0.806593,0.856642,0.097606,0.80972,1.09997,1.32024,1.32024,1.32024,1.32024,1.07853,1.29614,0.926763,1.1105,0.832936,1.95897,1.98871,1.52862,2.15508,1.74914,1.54862,1.34402,1.27846,1.69243,0.871871,1.41822,0.513551,2.00736,1.20562,1.95181,1.95181,1.95181,1.95181,1.12651,1.69823,1.12722,1.4644,1.39363,1.712,2.58381,4.13917,0.644924,0.817376,1.33213,0.783964,1.34263,0.537484,1.164,1.08205,1.28148,1.75676,1.07052,1.27449,1.27449,1.27449,1.27449,1.27449,0.890241,1.7904,1.24705,1.44878,1.49,2.37194,1.21792,1.1737,0.917201,1.53101,1.87992,0.757743,0.315462,0.938122,1.52623,1.11865,1.51173,1.51173,1.51173,1.51173,1.51173,2.73458,0.780622,1.7294,1.28178,2.26479,0.93895
P01857_180_H5N5,1.08106,1.40044,1.09704,0.95565,1.05446,0.977128,0.967663,0.45776,1.71761,0.11854,1.03399,1.22691,0.636542,0.7615,1.55201,1.25883,1.24684,1.45558,2.58236,0.794808,2.17871,2.25795,5.14006,0.9975,1.45907,1.36552,1.22326,0.859513,0.976562,2.57406,0.17888,1.37215,1.47601,1.8468,0.904,1.29428,1.2013,0.280673,1.28818,0.734837,1.44719,1.27625,1.70426,1.50792,1.35871,3.32694,2.34441,0.292236,0.770238,1.58547,0.789894,1.00061,0.406721,0.430138,0.32489,2.63181,2.14303,1.77789,2.07953,1.02904,1.29919,0.380019,0.360739,1.52101,2.11624,0.596351,1.01073,3.46105,3.93885,1.32979,0.644638,0.947815,1.28217,1.03401,0.835968,0.349051,0.514586,1.57228,1.35638,2.55679,0.533842,0.598267,0.702407,1.30037,0.615147,1.65418,0.74821,0.749416,2.84097,1.19611
P01857_180_H5N4,0.816696,1.23317,1.44487,0.840497,1.25329,1.48899,0.912219,1.02989,1.36814,0.0699329,0.976351,1.02845,1.16131,0.793876,1.14869,0.976557,1.05462,2.33004,2.02353,1.00127,0.807603,0.920462,1.05841,1.49441,0.825697,1.19074,1.1345,1.10335,1.48352,1.22721,1.19249,1.1654,1.5377,2.35513,1.02923,1.18634,1.42644,0.693767,1.0555,0.823832,1.61265,1.10269,1.53412,1.58172,1.58742,1.95137,2.15859,0.143162,0.98761,2.24627,2.0697,1.28126,0.507056,1.3709,1.16454,1.38969,2.16656,1.30283,1.53125,0.749994,1.19925,0.80188,0.948696,1.16913,1.66013,0.817667,0.697051,2.20712,2.48271,0.801301,1.09721,1.2938,1.44164,1.09606,1.38125,1.20423,1.06252,1.49539,1.24269,1.74607,0.782367,0.917272,0.843962,0.718754,0.700157,1.48454,1.36457,1.08513,1.61899,0.732606
P01860_227_H5N4F3,0.90099,1.25229,1.3398,1.01679,1.01679,1.01679,0.730354,0.585069,1.01679,1.01679,0.803509,1.10025,1.65969,1.56014,0.773496,1.01598,1.01679,1.01679,1.01679,1.01679,1.01679,1.01679,1.01679,1.21739,1.30381,1.18027,1.18027,0.699848,0.75058,1.07902,1.18027,1.18027,1.18027,1.25575,0.663622,1.33073,1.46077,0.500826,0.860516,1.18027,1.18027,1.18027,1.18027,1.18027,1.18027,1.18027,1.18027,1.68767,1.45867,0.903592,0.903592,0.8732,0.555151,0.903592,0.903592,1.10272,0.944254,0.793563,1.15484,0.74577,0.915054,0.636219,0.836127,0.903592,0.903592,0.903592,0.903592,0.903592,0.903592,1.04372,1.22287,0.938433,0.938433,1.0028,0.808351,0.938433,0.938433,0.855248,0.979856,1.19674,0.471091,0.912048,1.09645,1.01469,0.938433,0.938433,0.938433,0.938433,0.938433,0.938433
P01859_176_H4N6F1,0.976796,1.24298,1.15321,1.02189,1.58947,1.10159,1.13806,1.62087,1.01003,0.04727,0.737992,1.33637,0.844878,1.3652,0.950278,1.34513,1.08699,1.1399,1.49246,0.605022,0.528604,1.0943,1.40063,0.999145,1.70092,1.6681,1.26706,1.76709,1.38124,0.955377,0.468063,0.932414,1.10615,1.7594,0.637315,1.50692,1.34768,0.667137,1.27952,0.860862,1.44734,0.359503,2.17995,2.25041,1.82774,1.43327,1.75791,0.700471,1.08422,1.13935,0.798529,1.22316,1.26868,0.709507,0.674035,1.4201,1.083,1.01914,1.77951,0.847216,1.08786,0.780354,0.991973,1.08451,1.48416,1.38524,0.338251,1.44531,2.7693,0.99151,0.75627,1.23221,0.936475,1.71506,0.716165,0.509828,0.71468,1.20424,1.04513,1.68114,0.359799,0.945666,1.07784,1.01712,1.16192,0.732992,0.881146,0.52094,1.26415,2.17775
P01860_227_H3N5F1,0.797336,1.07164,1.35452,0.572983,0.89914,1.4914,1.09045,0.575863,1.03589,1.03589,0.926236,1.1151,0.862454,1.07726,0.192322,0.9146,1.10364,0.796292,1.37781,1.03589,1.03589,0.602659,1.8889,1.31542,0.838437,1.19151,1.37614,1.15855,0.713738,0.984744,1.08057,1.08057,1.08057,1.3431,1.2261,1.14936,0.988573,0.841989,0.712041,0.951445,0.960447,1.08057,1.08057,1.08057,0.628622,4.08062,1.77665,0.12161,1.02388,1.05412,1.06495,1.25335,0.729627,1.21333,1.21333,0.943051,0.888785,1.02486,1.58558,0.903089,1.66904,0.248294,1.94895,1.72182,1.44566,1.21333,1.21333,1.08203,1.33748,0.743993,1.00925,1.04637,1.35606,1.10586,2.04352,1.61814,1.61814,1.0708,1.04774,1.89872,0.824379,0.764908,3.51516,1.67143,1.48332,0.693419,1.61814,1.61814,0.668736,2.72212
P01861_177_H6N4,1.02646,1.41818,1.20823,1.11312,1.96411,1.13534,0.990084,0.835704,1.09498,0.080077,0.89422,1.18323,1.16237,0.990615,0.870452,0.862012,0.722566,1.43972,1.35774,1.1155,1.1155,1.51586,2.74654,1.31562,1.02798,1.51523,1.20578,0.861072,1.61606,1.5745,0.524661,1.18169,1.35484,2.39139,0.858049,1.33498,1.34333,0.635086,0.835734,0.887426,1.21003,1.28945,1.28945,1.28945,3.38341,2.05552,2.42746,1.31278,1.20961,2.29209,1.67493,0.842353,0.520166,0.66363,0.456051,1.55007,1.80924,1.23239,1.09371,0.801034,0.975543,0.72402,0.624196,1.38334,1.30372,1.18575,1.18575,2.75469,4.62522,0.782542,1.13966,0.949173,1.27581,0.87919,0.918994,0.63175,0.60307,1.19291,1.1713,1.17248,0.585587,0.7516,0.863344,0.610394,1.18622,1.42617,0.938192,0.938192,1.87738,0.974841
P01859_176_H5N4F1A2,1.18283,1.05607,1.50368,1.33186,1.5066,1.09799,0.983001,2.19278,0.749753,0.0846682,2.64141,1.99737,1.31531,2.1759,1.43035,1.13205,0.741366,1.45652,1.1245,0.762638,1.00822,1.45554,1.79251,0.695435,1.24441,1.12803,0.988151,1.98832,1.71518,0.769839,0.587509,1.52417,0.902814,1.03823,0.708724,0.623776,1.04739,0.567836,0.902365,0.892015,2.25255,1.20992,0.966611,1.4334,1.46994,1.4985,2.20899,0.0715722,0.820986,1.53525,0.576002,1.11892,0.765537,0.925243,0.89622,1.42714,0.529681,1.94173,0.977565,1.16705,1.62944,0.800267,1.22799,0.950599,1.08685,1.77892,0.573282,2.08427,1.24964,1.03245,0.792079,1.02858,0.929823,1.58535,5.30326,0.691049,0.859134,0.73289,1.16863,1.27688,0.626943,0.970557,1.01091,0.973642,1.11846,0.756235,1.05137,0.661322,1.55586,1.24345
P01861_177_H5N3A1,1.01845,1.08591,1.55946,1.22399,1.95127,1.59628,1.40054,1.40054,0.758369,0.0817453,0.265396,1.15752,1.40054,1.40054,0.635711,0.837762,0.554088,1.06008,1.18934,1.07397,0.72364,0.872238,1.57673,1.01476,0.84232,1.71689,1.52328,1.15107,1.15107,1.15107,0.484789,1.16122,1.01963,0.868231,1.05629,1.15107,1.15107,1.8552,0.979065,0.770132,0.789598,1.09885,2.06875,1.23551,2.48475,1.80127,1.63167,0.131306,0.914276,1.4404,0.832237,0.859425,0.859425,0.777413,0.51977,1.54473,1.32186,0.390968,0.859425,0.859425,0.859425,0.993545,1.49999,0.741425,0.805323,0.786088,0.978068,2.06041,2.2785,0.939776,0.927595,0.875406,1.32054,1.01003,1.01003,0.487225,0.82289,0.422485,0.68124,1.01003,1.01003,1.26076,1.18663,0.561185,0.945812,1.55684,1.32983,1.21562,2.35346,0.654332
P01861_177_H3N5F1,0.277998,0.619112,0.900105,0.210625,0.686569,0.814458,0.874794,0.370119,1.59655,0.107826,0.101358,1.44106,0.142422,0.302328,0.26003,0.515611,0.81529,0.473641,1.64528,0.976842,0.857254,1.36002,0.975285,0.574884,1.29579,0.684777,0.989433,1.18938,0.538783,0.509835,0.435054,0.580186,0.790109,1.40609,2.98929,2.03108,0.397777,0.719023,0.971663,0.856976,0.870325,0.176003,0.464672,0.786462,1.4665,1.5241,1.9914,0.57828,1.41142,1.20051,1.15294,0.656573,0.858793,0.434005,1.01056,1.91516,1.65829,1.04436,3.40339,0.889032,1.58702,0.375952,1.89299,1.3843,1.00388,0.6577,0.305401,2.4776,2.79624,1.27065,1.00564,1.30089,1.51887,1.22534,1.02457,2.01096,1.2233,1.70284,0.820018,2.68037,0.790731,0.649503,4.16503,1.29524,1.25492,0.577439,0.825267,0.735357,0.828024,9.47795
P01857_180_H5N4A1,1.15838,1.29807,1.16202,1.88069,1.23093,1.0894,1.63728,0.531947,1.38846,0.128034,0.710748,1.35485,1.73383,1.63133,1.18986,1.14258,1.01012,2.55378,1.82034,0.796915,2.46452,0.579937,3.16868,0.877096,1.2951,1.2483,1.32024,1.12783,1.57516,1.50524,0.841289,1.33312,1.30857,1.6538,0.653909,1.28873,1.86778,0.348628,0.777091,0.672113,1.7338,1.06164,2.65051,1.33096,1.21743,0.678811,1.24824,0.493291,1.11498,1.72621,1.44593,1.33249,0.724381,1.35078,1.43243,1.26654,0.912997,0.87755,2.3128,0.622026,0.641437,0.904952,1.54881,1.13823,1.46683,0.491597,1.35226,2.41662,3.048,1.16809,0.679027,1.14098,1.40243,1.25019,0.811135,0.963937,1.13533,0.977125,0.921435,1.23921,0.342258,1.0004,0.914658,1.08932,0.620078,1.70566,0.636076,0.462908,1.14462,0.606589
P01860_227_H5N4,1.47493,1.89131,0.86358,2.28766,0.706452,2.16513,2.3927,0.290454,0.340898,0.0327281,0.33269,1.8592,0.378958,2.36744,0.324071,0.544202,2.42532,3.79728,2.46756,0.483188,0.617861,0.536704,5.04831,0.308725,2.43559,0.463066,3.1678,0.302774,2.06445,1.89735,0.159959,0.565497,0.632958,1.41893,1.59743,1.54104,1.82547,1.24545,0.42395,1.0639,3.26937,0.315624,2.03584,1.66011,0.524503,1.67593,2.56237,0.254978,0.87136,0.762382,0.504396,0.394358,0.219159,0.249293,0.323265,3.36364,2.35772,0.305235,2.84326,0.243294,0.8419,0.254891,0.485033,1.25592,2.7281,0.923929,0.30775,1.20753,1.57194,1.96188,0.323753,1.79132,0.536915,0.320859,0.696795,0.258694,0.283814,0.599278,0.450338,1.97485,0.225943,0.574516,1.60354,1.53833,0.533543,0.658082,0.663806,0.322763,0.596089,2.31684
P01860_227_H4N5,0.879603,1.02483,1.03132,0.498159,1.1318,1.44036,1.16067,0.612196,1.30344,0.0398317,0.59964,1.36887,0.402798,0.985477,0.382098,0.676786,1.60202,0.680982,1.65807,0.761234,0.373247,3.77397,2.99506,0.438311,1.37632,1.12462,1.12716,1.07633,1.01047,1.27793,1.19422,0.597902,1.04443,1.12645,1.6967,1.50147,1.07891,0.632015,0.646956,1.12239,0.87896,0.281215,0.618426,2.13061,1.1048,3.87213,3.17291,0.305794,1.06983,1.28784,0.827418,1.28641,0.567921,1.0598,2.05863,2.32186,1.66628,1.04396,1.98804,1.37604,1.21587,0.648101,1.28897,0.766749,2.93282,3.56037,0.387131,2.74328,3.39136,1.59512,0.574948,1.50597,1.05257,0.956447,1.36966,1.78903,1.34164,1.08735,1.03508,2.2614,0.7076,1.32179,1.38949,1.04545,1.16225,0.698937,2.12179,1.8153,1.24043,13.3573
P01857_180_H5N5A1,0.718801,1.42611,1.11361,0.700076,1.94662,0.935378,0.507629,0.58067,1.73519,0.151813,0.946943,1.0978,0.921238,0.416887,1.12587,1.14282,1.09672,0.953382,1.04918,0.5285,0.568517,1.0508,2.0053,0.948049,0.811936,1.42843,0.836571,1.31343,1.04838,5.38498,0.247189,1.66283,1.55796,0.838489,0.387002,1.15107,0.850098,0.375193,1.01128,1.23546,0.71523,0.502654,1.74545,2.3097,2.84444,1.53197,1.75804,0.773284,0.64664,1.52493,0.908048,0.891573,0.0949421,0.54672,0.546826,3.08296,1.53343,2.22968,0.914679,0.922961,0.872422,1.38289,0.459383,0.607934,2.9239,2.68454,2.08236,2.07974,3.30125,0.684256,0.758004,0.790045,1.05342,0.930752,0.141678,0.538692,0.560048,1.44874,1.27051,1.50248,0.498582,1.06285,0.428378,0.863823,0.775441,1.3558,2.33347,2.86479,1.75302,0.861137
P01859_176_H6N4,0.895617,1.00226,1.67938,0.990427,1.34059,1.31708,0.891861,0.781905,0.887944,0.0866526,1.55054,1.36928,1.19993,2.0542,1.69007,1.08488,0.940054,1.07906,1.80398,0.710642,0.857042,0.78891,2.12247,1.01577,1.34154,1.47604,1.18381,0.977551,1.04208,0.833963,0.53842,1.27027,1.01014,1.13424,0.778528,0.893273,1.27382,0.376172,0.895907,1.52146,1.61118,1.04049,1.55545,2.01638,1.06119,3.02593,3.41349,0.390821,0.73861,1.19175,0.745924,0.712484,0.567564,0.786241,0.580654,1.0792,0.582024,1.23358,0.976641,1.04771,1.02847,1.1505,0.730864,1.27285,1.48152,1.41818,0.834148,1.17986,1.39639,1.62449,0.634747,0.867143,0.92718,0.921039,0.592731,0.429027,0.842471,0.699772,0.997605,1.06294,0.529551,0.920543,0.655158,0.930524,1.34579,0.949369,0.944499,1.00954,0.556537,1.33551
P01860_227_H4N4,0.770402,1.0883,0.37426,1.97224,0.555271,2.837,2.51094,0.404256,0.305844,0.0330055,0.246432,2.08687,0.179424,1.80671,0.167574,0.259484,2.44464,2.72651,2.32468,0.669496,0.718825,1.09865,1.09865,0.14267,1.08786,0.398793,4.31427,0.488357,1.48384,1.65041,0.0807211,0.488675,0.382731,1.38682,1.41334,1.80819,2.2913,1.43893,0.352002,1.18858,2.54956,0.263952,0.876568,1.09171,1.32171,1.32171,1.32171,0.041822,0.68343,0.515949,0.355228,0.675927,0.245811,0.20706,0.398706,3.93732,3.62844,0.327451,5.37839,0.0341317,1.14314,0.195205,0.526756,1.41255,2.34293,0.640449,0.262575,1.88513,1.88513,1.44275,0.212209,2.36175,0.328361,0.487711,1.21107,0.269824,0.223907,0.547729,0.601157,3.52075,0.214684,0.698601,1.99525,1.77941,0.570695,0.768749,0.998623,0.253952,1.10431,1.10431
P01857_180_H5N3A1,0.282673,0.458798,0.866019,0.510171,0.905258,1.35266,0.784191,0.784191,0.784191,0.784191,1.11235,1.14025,0.784191,0.784191,1.14015,0.91714,0.576627,1.34353,1.33393,2.10309,1.07218,0.784191,0.784191,0.483621,0.798361,0.967902,0.795282,0.950584,0.950584,0.950584,0.950584,0.950584,0.950584,2.70831,0.966117,0.950584,0.950584,1.49742,1.36192,1.08866,1.34791,2.7743,3.0688,2.38042,0.950584,0.950584,0.950584,0.45719,0.470673,1.47088,1.53826,1.03418,1.03418,1.03418,1.03418,1.61797,2.01666,1.38381,1.03418,1.03418,1.03418,0.528334,0.564266,0.968959,1.2054,2.05791,2.1953,1.03418,1.03418,1.29819,0.387962,1.06216,1.11003,0.915948,0.915948,0.915948,0.915948,1.31533,1.22865,0.915948,0.915948,0.504782,0.901565,0.661442,0.902117,1.07647,2.72632,2.3772,0.915948,0.915948
P01859_176_H5N4,0.784765,0.952251,1.67095,1.38071,0.909449,1.01174,1.34684,0.57024,0.993608,0.100792,1.31951,1.39832,1.61851,3.1114,1.35798,1.08869,1.20492,1.58525,2.75089,0.49026,0.298644,1.46897,2.38851,0.494965,1.09084,1.96108,1.45488,0.952439,1.49246,0.976981,0.556865,1.11108,1.01477,0.986595,0.71041,1.21964,1.83902,0.325139,0.869889,0.984638,1.27892,0.166858,1.9556,1.89011,2.17389,2.55986,3.11258,0.175946,0.492005,1.63238,0.793077,0.580505,0.627106,0.867046,0.592411,1.3148,0.246574,1.30177,1.83511,0.964253,0.844745,1.03851,0.736484,1.02909,1.01702,0.976859,0.268123,3.24274,1.51265,0.987161,0.453202,1.06311,1.63945,0.893138,0.787278,0.566895,1.05488,0.735516,1.22411,1.2069,0.339566,1.10998,0.614898,0.770869,0.823522,0.824689,0.882544,0.350175,2.08797,2.11643
P01861_177_H5N4F1,1.123,1.38477,0.98362,0.915725,1.19669,1.48455,1.12674,0.463384,1.58596,0.125021,1.06812,0.872598,0.85879,1.0465,0.736763,0.562233,0.905008,0.97235,1.7835,0.636565,1.07949,2.91103,2.4106,1.71833,1.35559,1.48988,1.31243,1.01187,2.45468,0.88349,0.239626,1.45525,1.51994,1.35482,0.533617,1.4384,1.25014,0.985842,0.959574,0.717448,1.03001,0.998972,1.33058,2.01837,2.2591,1.72511,2.96358,0.939323,0.835065,1.91258,1.23702,0.5131,0.469727,0.256965,0.231948,1.88988,0.902889,1.10528,1.17885,1.52356,1.15872,1.46566,1.06054,1.36355,1.83085,1.32041,0.722399,2.54176,1.73833,0.870125,0.835774,0.863602,1.31026,0.772609,0.689264,0.482977,0.506856,1.09025,1.31505,1.35465,0.583139,0.712143,0.814584,1.25204,2.1301,1.85775,0.851218,1.04933,1.5875,1.79466
P01859_176_H5N5F1A1,1.58362,1.28226,2.01029,1.07395,0.957663,1.17828,1.17662,1.48328,0.741296,0.0885128,2.0477,1.66294,1.21097,1.90193,1.59388,1.39353,0.90725,1.06215,0.95329,0.591588,1.49418,1.73226,1.60723,0.739823,2.16787,1.44782,1.30192,1.69394,1.33873,0.899145,0.670419,1.78687,0.974755,1.27129,0.763179,0.583828,1.01331,0.328094,0.875731,0.975391,1.74053,1.41237,0.794012,2.18243,1.50479,1.50504,2.84544,0.101581,0.967729,0.897943,0.662876,0.711007,0.916197,0.980355,0.775493,1.13614,0.688429,1.57491,0.679808,1.00826,1.22344,0.975789,0.957125,1.14632,1.22505,1.35959,0.471752,3.34371,1.40772,1.37066,0.773501,1.06256,1.17575,2.1126,0.39113,0.477352,0.902441,0.791138,0.83031,0.998788,0.651749,0.910187,0.664242,1.11856,1.07588,0.71739,0.821085,0.718464,1.93644,2.00328
P01860_227_H6N4,0.8023,1.38529,1.30655,0.866024,1.3989,1.27954,0.979527,0.816427,1.13732,0.0772055,0.877135,1.10905,1.23255,1.08669,0.870452,0.862012,0.536252,0.815264,0.968819,0.983819,0.983819,0.983819,0.983819,1.27394,1.06551,1.22621,1.15496,0.844478,1.62713,1.55634,0.587445,1.23686,1.43775,2.43401,0.84097,1.30609,1.38788,0.635086,0.835734,0.654595,1.10862,1.25257,1.25257,1.25257,1.25257,1.25257,1.25257,1.70429,1.60841,1.79663,1.42539,0.802571,0.493841,0.732608,0.484055,1.56074,1.86687,1.26042,1.03555,0.752772,0.960873,0.72402,0.624196,0.675727,0.74804,1.0554,1.0554,1.0554,1.0554,0.954915,1.33108,1.09345,1.14443,0.870206,0.910742,0.67493,0.640384,1.18884,1.15095,1.17503,0.617598,0.7516,0.863344,0.610394,0.740094,0.624237,0.895575,0.895575,0.895575,0.895575
P01861_177_H5N4F3,0.76072,1.20708,1.22927,1.04819,1.04819,1.04819,0.839866,0.644666,1.31897,0.0729602,1.04819,1.04819,1.19438,1.0702,0.773496,1.01598,0.810013,0.737439,1.56884,1.02174,0.879684,1.04819,1.04819,1.22262,1.18071,1.16004,1.16004,0.743654,0.809377,1.06419,1.23601,0.905663,1.15909,1.16004,1.16004,1.31531,1.36627,0.500826,0.860516,0.854926,1.09069,1.3807,1.54114,1.52286,1.16004,1.16004,1.16004,1.60654,1.28256,1.08423,1.08423,0.855334,0.607396,1.33278,1.44657,1.08423,1.08423,1.08423,1.3703,0.698147,1.19636,0.636219,0.836127,1.56575,1.38748,0.642459,0.775355,1.08423,1.08423,1.11925,1.22313,1.06398,1.06398,1.01311,0.826997,1.33415,0.992597,1.06398,1.06398,1.56778,0.635524,0.912048,1.09645,1.01469,1.05843,1.49158,1.24896,1.35989,1.06398,1.06398
P01859_176_H5N4F1,1.35081,1.47864,1.94864,1.31861,1.9781,1.62498,1.3794,1.55124,0.691356,0.0832864,2.44263,1.57814,1.15691,2.19596,2.47506,1.27938,0.873112,1.30439,1.16597,0.548651,1.26091,1.81884,1.62104,0.798348,1.51977,1.83258,1.50939,1.45665,1.98594,0.752011,0.407669,1.57351,1.12925,1.11445,0.742664,0.618616,1.17931,0.320416,1.06119,1.22921,2.11213,1.26338,0.93777,2.15969,1.69872,1.53821,2.28345,0.270053,1.0428,1.27276,0.597424,0.572468,0.654043,0.684715,0.408964,1.21392,0.141037,1.66236,0.624242,1.08706,1.13632,1.58039,0.708117,0.984798,1.37527,1.62736,0.570285,2.4142,1.32106,1.48893,0.69934,0.775287,1.28788,1.59195,0.320208,0.257235,0.927801,0.581371,0.944633,0.875286,0.57903,0.953699,0.38947,1.16887,1.31016,0.661909,0.660433,1.04007,2.15848,1.72902
P01859_176_H7N5F1,1.50364,1.86546,1.40297,0.804278,0.913966,1.17051,1.08209,0.979477,1.21975,0.106515,1.0822,1.28338,1.56006,1.02554,1.13582,1.12396,1.07985,1.07985,1.07985,0.616197,1.02695,1.07985,1.07985,1.83527,1.75286,0.954308,1.14347,1.0024,1.96107,1.8867,0.689444,1.58551,1.75304,2.09159,0.669686,1.24544,1.27607,0.741204,1.01533,1.60842,1.60842,1.16658,2.0108,1.64608,1.60842,1.60842,1.60842,0.151736,0.781599,1.23266,1.15725,0.824668,0.636025,0.968254,0.767899,1.3922,1.66594,1.53591,1.14327,0.773814,1.00798,0.870951,0.779697,0.88523,0.88523,1.32243,0.774381,0.88523,0.88523,0.861838,0.824238,1.018,1.0247,1.06415,0.851045,0.910466,0.583804,1.15802,1.27247,1.32709,0.495801,0.739579,0.636505,0.563733,0.87892,0.87892,0.827132,0.80595,0.87892,0.87892
P01857_180_H5N4F1A1,1.17063,1.79443,1.0982,1.28196,2.11153,1.07891,1.00472,0.903414,1.26766,0.121496,0.953823,1.16103,1.69758,1.04652,0.961558,1.04143,0.625752,1.98962,1.15109,0.723534,1.02879,1.06424,1.76045,1.41299,1.17332,1.65153,1.13707,1.00044,1.78483,1.95315,0.67615,1.6404,1.75084,1.8995,0.718171,1.36463,1.30797,0.638241,0.964941,0.993523,1.69222,1.28548,3.31651,1.61643,3.20537,1.5527,1.9275,1.85427,1.40037,2.30257,1.62379,0.820886,0.670895,0.932424,0.816385,1.4176,1.57242,1.40289,1.1699,0.87206,1.07776,0.887071,0.757501,1.29645,1.1834,0.92129,1.00165,1.95657,3.56363,1.01839,1.07202,0.981344,1.17167,1.03713,0.757131,0.936367,0.586429,1.1254,1.34522,1.39491,0.524181,0.758205,0.602632,0.526761,1.19837,1.42399,0.974366,0.929576,1.66597,0.616721
P01859_176_H4N5,0.645424,0.701726,1.25156,0.575518,0.552443,0.985339,0.672977,0.434422,0.804669,0.804669,1.02475,1.34413,0.629037,0.891936,0.727489,0.642375,0.643245,0.488663,1.63526,1.05986,0.851865,1.28515,2.062,0.612468,0.842676,0.861052,1.34727,0.539511,0.333698,0.46953,1.04888,1.04888,1.04888,1.17811,1.06308,1.83286,1.01343,0.410203,0.747294,0.777537,0.618249,0.309301,0.421472,0.6136,0.67927,3.22208,2.19244,0.117213,1.06922,0.894392,0.570912,1.24349,0.652079,1.45568,1.45568,1.3095,0.892142,1.1971,3.13044,0.807124,1.58179,0.723121,0.894762,1.03066,0.887092,0.638685,0.368938,1.69717,1.468,0.755753,0.976647,1.20576,0.897851,1.0001,0.516621,1.23546,1.23546,1.02448,1.07422,3.17584,0.755139,0.899517,2.07495,1.02854,0.982366,0.629324,0.673702,1.17863,1.35129,2.28732
P01861_177_H6N4F1,0.79289,1.01285,1.3585,0.34342,0.640514,0.950482,0.619646,0.804312,1.29049,0.124736,0.770223,0.548034,0.945397,1.31334,0.909451,0.909451,0.639854,3.93673,1.54945,1.26867,0.871281,0.909451,0.909451,2.10037,1.17036,1.45054,0.912401,0.784725,2.15566,1.386,0.993458,1.17045,0.350762,1.62984,0.415177,1.6319,2.05434,1.29231,1.29231,0.875573,1.34405,1.17776,0.591768,1.19722,1.29231,1.29231,1.29231,1.97167,1.28948,1.22886,0.768644,0.977279,0.600411,1.02531,1.20675,2.04409,1.10787,0.796614,0.619139,1.31615,1.22995,1.3232,1.3232,1.3689,1.22307,1.38618,0.696185,1.3232,1.3232,0.837562,1.50412,0.79408,0.903813,1.346,0.765951,0.383083,0.4967,1.08496,1.07944,1.0655,0.173399,0.899733,0.899733,0.899733,0.882629,1.23692,0.9659,0.728113,0.899733,0.899733
P01861_177_H4N4F1,0.579051,0.908417,1.32757,0.797326,1.26462,1.5109,1.19745,0.420829,1.08983,0.096189,0.470203,1.04814,0.604508,0.598383,0.365459,0.402653,0.887622,0.599572,1.69501,0.930943,0.728734,1.33554,1.07487,0.999998,1.85781,1.29197,1.29955,1.27306,1.78768,0.925262,0.243728,1.22005,1.11623,1.38297,1.45932,1.67018,0.98782,0.886005,0.966796,0.787519,1.26705,0.132314,0.486569,1.46866,2.55744,1.12713,2.49482,1.59037,1.37319,1.55611,1.21648,0.398631,0.376974,0.304338,0.335273,1.29613,1.82341,1.101,1.90598,2.17736,1.39209,1.00454,1.92001,1.09398,1.18939,1.37688,0.158571,2.55415,3.43603,1.89764,1.43144,1.31195,1.38079,0.756448,1.04901,0.562225,0.705278,1.04661,1.12883,1.75203,0.968867,0.820757,2.12932,1.03403,1.52649,0.755352,0.768915,0.81041,0.798696,8.68001
P01861_177_H7N4,1.08727,1.41997,1.39675,0.923347,1.91874,1.11558,1.43648,0.681683,1.14291,0.135249,1.04333,1.04333,0.842409,0.671178,0.734841,1.22631,0.64707,1.22507,0.989764,1.93359,1.26346,0.754668,1.50622,1.31973,1.03422,1.58185,1.08795,0.982135,2.13272,1.6075,0.912277,0.858619,1.40275,1.08959,1.08959,1.05824,1.11782,2.83292,1.09002,0.76727,1.10193,2.45873,1.53587,2.07175,1.50959,1.17098,1.02953,0.141669,1.07526,2.20918,1.54014,0.77408,0.945639,0.571351,0.726878,1.10189,1.10189,1.10189,0.989877,0.569019,1.02279,0.775614,1.68779,0.949532,1.24231,2.04529,1.21021,1.13359,2.42713,0.828509,0.793381,0.884728,1.24855,1.29146,1.00983,0.934402,0.561418,0.942429,0.942429,1.07083,0.786255,1.03644,1.46667,0.607329,0.906131,1.17101,1.64905,1.14268,1.46084,0.555701
P01857_180_H6N3F1A1,1.02262,1.40133,1.5945,1.18994,1.76906,1.09586,0.941497,1.13577,1.1652,1.1652,0.888299,0.913119,0.883648,0.69332,1.10935,1.19188,0.508801,1.44859,0.884934,0.877368,0.911443,0.999284,1.78821,1.50232,0.974005,1.52779,1.05026,1.03984,1.99248,1.60156,1.56457,1.56457,1.56457,2.65233,1.078,1.2352,1.11077,3.04319,1.05914,0.831834,1.28939,1.48177,2.73316,1.34409,2.81132,1.51264,1.93468,0.445993,1.19929,2.22916,1.89406,0.950734,0.548175,1.2144,1.2144,1.36553,1.48454,1.16183,1.14524,0.650116,0.92818,0.987494,1.43526,1.05275,1.01448,0.946611,0.92912,2.28999,2.83759,0.974353,1.83587,1.04176,1.00512,1.08344,1.03366,1.28951,1.28951,1.11771,1.54446,1.12984,1.29707,0.914432,1.07284,0.533721,1.19214,1.43245,1.81611,1.19309,1.60472,0.669316
P01859_176_H6N3F1A1,0.741911,0.803121,2.63956,0.49869,1.01332,1.15225,1.12358,1.12632,0.857352,0.0864447,1.04906,0.895157,0.857039,1.47454,1.30312,1.19499,0.619965,1.00241,1.1211,1.15722,1.45726,2.30751,1.7541,0.799357,0.901559,1.00981,0.785309,1.35833,1.07701,0.735079,0.951391,1.14504,1.02735,1.35005,0.6423,0.658833,0.835377,1.15871,0.906222,0.626253,1.23679,0.756679,1.21849,1.34305,1.72953,1.76875,2.19253,0.492809,1.18977,0.977025,0.660804,0.917695,0.804359,1.79116,1.06203,1.00524,0.727638,1.14442,0.866438,1.01741,1.26927,1.08667,1.6357,0.810695,1.11614,0.840246,0.898565,2.46963,1.14536,1.64977,1.08528,0.910349,0.751232,1.62589,0.655594,0.764713,1.54909,1.24108,1.19677,1.05234,1.55837,1.09332,1.16992,0.99505,1.45638,0.94479,0.713416,0.648816,2.15969,1.67975
P01860_227_H6N5,0.87878,1.29842,1.27746,0.833401,1.51097,1.12475,2.07152,0.299481,1.43292,0.0833253,0.942615,0.942615,0.942615,0.942615,0.942615,0.942615,1.06929,1.41088,1.93326,0.382341,0.939728,1.20513,2.55437,1.55376,1.3007,1.65092,1.21809,0.420609,2.06768,1.89933,0.844665,1.0644,1.47937,1.51242,1.51242,1.51242,1.51242,1.51242,1.51242,0.842133,1.7147,0.893155,1.54481,1.42445,2.90294,1.69179,2.89412,1.16708,1.15978,1.57858,1.1362,0.423753,0.296937,0.959844,0.869532,0.728074,0.728074,0.728074,0.728074,0.728074,0.728074,0.728074,0.728074,2.09529,2.56451,0.510415,0.728309,2.52149,3.93988,0.91334,1.19136,0.948098,1.50933,0.427237,0.507688,1.02667,0.636432,0.705832,0.705832,0.705832,0.705832,0.705832,0.705832,0.705832,1.32595,1.68745,0.85907,0.547881,2.42605,0.875491
P01859_176_H5N3F1A1,1.01305,0.963515,2.24221,0.73181,1.39694,1.47929,0.856266,0.806661,1.25029,1.25029,0.669003,1.02162,1.07882,1.82248,1.30117,1.20521,0.659253,0.841302,1.02095,1.25029,1.25029,2.28979,2.07394,0.751519,1.3075,1.43106,1.01636,1.13541,1.04263,1.55114,1.17011,1.17011,1.17011,1.34096,0.591483,0.665731,0.850478,1.65063,0.874457,0.833488,1.33619,1.17011,1.17011,1.17011,1.91239,1.53184,2.34636,0.172278,1.72399,1.36067,1.03041,1.00553,0.852777,1.24586,1.24586,1.86177,1.3509,1.43269,1.00643,1.0539,1.12211,1.10612,1.3541,0.6064,1.09887,1.24586,1.24586,2.96926,1.76779,1.50841,1.38846,0.888853,1.17713,1.00619,0.963775,1.23345,1.23345,1.46794,1.26742,1.26855,1.21873,1.34939,0.705058,0.96229,1.37449,0.671405,1.23345,1.23345,1.71883,1.58371
P01859_176_H4N5F1,0.781696,0.900891,1.70349,0.600863,0.770846,1.47268,0.969014,1.03721,0.700858,0.0984454,1.99612,1.6755,1.08573,1.52771,1.80177,1.52671,0.719548,0.85304,1.08072,0.718768,1.36634,2.54679,1.69778,0.543947,1.08926,1.55571,1.86339,1.2713,0.949925,0.919045,0.739783,1.25721,0.805322,0.859583,0.876661,0.520147,1.0643,0.185642,0.945281,1.11612,1.39628,1.38966,0.581969,1.99378,1.33966,1.74007,3.20535,0.0524795,0.808198,0.867883,0.484433,0.868699,0.975734,1.09864,0.735702,0.953152,0.14668,1.45017,0.791333,0.989704,1.32683,1.15947,0.999457,1.22848,1.48652,1.19494,0.461719,2.8783,1.48726,0.890132,0.682097,1.07146,1.48235,1.97457,0.396315,0.431259,1.12475,0.48435,0.771768,1.17593,0.670538,0.933651,0.562005,1.49312,1.2772,0.656177,0.863777,1.05811,1.92651,2.22768
P01861_177_H4N5F1A1,1.27835,1.40191,1.45926,0.879907,1.21825,0.998652,1.43771,0.474273,1.60185,0.144894,0.359603,1.36265,0.819797,0.917019,0.945321,0.945321,0.993226,0.758508,1.62361,0.781672,0.721854,1.14361,1.24034,1.34923,1.48931,1.13797,1.15965,1.21371,1.1854,1.13299,0.255476,1.13259,1.14566,1.96944,1.37686,1.64959,0.937774,1.55465,1.55465,0.747383,1.30982,0.450686,1.21964,1.50261,2.52057,1.73828,3.19563,0.124819,0.933292,1.23681,1.23152,0.526355,0.637071,0.413869,0.722397,1.48444,1.53695,1.0272,3.08783,1.39892,1.25648,1.33065,1.33065,2.04694,1.41192,1.17418,0.38456,2.36722,3.53855,0.87663,0.707488,1.64204,1.13332,1.15602,0.79605,1.18837,0.597471,1.15739,0.975182,2.70504,0.582736,1.31369,1.31369,1.31369,1.20799,0.940349,0.919293,0.498924,1.18757,3.71147
P01860_227_H5N5F1,1.73991,1.15325,1.40368,0.976574,1.00845,1.44506,1.78486,0.333619,1.21835,1.21835,0.471798,2.16655,0.377536,1.381,0.418495,0.731686,1.87024,1.25983,2.31782,0.488002,0.499371,1.21835,1.21835,0.66793,3.02625,2.00902,1.92219,0.663214,1.64392,1.57106,1.51278,1.51278,1.51278,1.7055,0.918776,1.28329,1.09841,0.310082,0.491585,1.01169,2.09927,0.265726,2.29439,2.53712,1.51278,1.51278,1.51278,0.0859815,1.37142,1.15158,0.757148,0.306813,0.39324,1.27437,1.27437,1.97571,1.66367,0.813897,2.03841,0.867424,1.20751,0.464076,0.662539,2.03155,2.43262,1.05084,0.271961,1.27437,1.27437,1.68286,0.400634,2.13057,1.02789,0.595887,0.784226,1.03348,1.03348,0.648537,0.77676,2.14094,0.483598,0.747357,0.7617,0.866914,1.28656,0.700367,0.585686,0.283569,1.03348,1.03348
P01861_177_H6N4F1A1,2.42902,2.96877,0.423071,0.813097,0.734715,1.06439,0.43668,0.761052,1.28056,1.28056,0.767711,0.574009,1.01454,1.21356,1.3331,1.26147,0.753528,1.61352,1.4777,0.37906,2.6901,0.899138,1.64957,2.41744,3.53182,2.22574,1.02695,1.05486,2.35247,1.50793,1.83568,1.83568,1.83568,1.51298,0.332023,1.44052,1.72698,0.215717,0.827357,0.623116,1.46852,1.047,2.90261,2.30374,3.39894,2.75395,2.4878,0.217945,0.544651,1.96485,1.04356,0.856955,0.743258,1.32628,1.32628,1.97559,0.844847,0.99999,0.505633,1.20701,1.0955,1.0338,0.274803,1.39188,2.20947,0.762579,0.971532,0.95189,7.28317,0.976887,0.215646,0.48466,1.52087,1.60716,0.523564,1.03501,1.03501,1.07086,1.03692,1.0376,0.158269,0.344827,0.287842,0.415201,2.75291,2.11475,0.5483,0.893526,1.6866,0.547704
P01860_227_H4N4F3,0.59987,0.610677,1.09993,0.456968,0.762487,1.52206,1.12772,1.12772,1.12772,1.12772,1.12772,1.12772,1.49504,1.45823,1.3711,1.3201,0.877673,1.23121,1.49142,1.12772,1.12772,1.17316,1.52835,1.01775,0.915931,1.27618,0.897903,1.14815,1.14815,1.14815,1.14815,1.14815,1.14815,1.14815,1.14815,0.941909,1.43643,0.705708,1.22558,0.673258,1.15632,1.14815,1.14815,1.14815,1.09183,1.94846,1.55428,0.103455,1.22914,1.38015,1.41375,1.29932,1.29932,1.29932,1.29932,1.29932,1.29932,1.29932,0.883065,1.3897,1.08042,1.28476,0.602791,1.35303,1.38749,1.29932,1.29932,2.44091,1.94567,0.724388,1.56909,1.31426,1.51208,1.16525,1.16525,1.16525,1.16525,1.16525,1.16525,0.935559,0.441199,0.825147,0.854488,0.807035,0.992828,1.32083,1.16525,1.16525,1.92067,0.994553
P01860_227_H4N5F2,1.70458,1.42823,2.02963,0.518157,0.828986,1.09061,1.41714,1.41714,1.41714,1.41714,0.483753,0.874299,1.41714,1.41714,2.05771,1.20645,1.41714,1.41714,1.41714,1.40597,1.32478,0.740597,1.33167,1.02127,2.02918,0.980148,0.914554,1.54619,1.54619,1.54619,1.54619,1.54619,1.54619,1.00874,0.792799,1.54619,1.54619,0.296171,0.902503,1.54619,1.54619,2.37737,1.66667,2.0317,1.61178,1.12918,1.55963,0.238992,1.102,1.24348,0.71615,1.2471,1.2471,1.2471,1.2471,1.85357,1.58147,1.24052,1.2471,1.2471,1.2471,0.950028,0.51403,1.2471,1.2471,1.06111,1.04652,1.24143,1.89734,1.48575,0.886727,0.94823,0.889397,1.03762,1.03762,1.03762,1.03762,1.5947,0.947554,1.03762,1.03762,0.749764,0.446836,1.14085,1.03762,1.03762,1.58285,1.25792,1.41961,0.433507
P01860_227_H5N4F2,0.779641,0.887281,1.50478,0.783254,1.11008,1.61778,0.938898,0.797342,1.07961,1.07961,0.856387,1.04262,1.05149,1.25677,1.28384,1.62011,0.795543,0.741553,1.17938,0.964209,0.924658,1.78548,1.72378,1.29631,1.11503,1.5416,1.28485,0.931783,0.879452,1.05096,1.10723,1.10723,1.10723,1.7748,0.625588,0.825289,0.98461,0.946595,0.936569,0.846734,1.10831,1.28473,1.68885,1.37099,2.02754,1.54074,2.15101,0.683388,0.862131,1.41908,1.02088,0.882384,0.830825,1.35301,1.35301,2.37212,1.64749,1.57065,0.877565,0.931542,1.31109,1.04025,1.91931,0.886247,1.23559,1.10997,0.918702,3.44719,1.96442,1.00578,1.25386,1.19343,1.13986,0.979287,0.788597,1.11135,1.11135,1.37563,1.12375,1.26139,0.9384,1.13011,0.951563,1.12047,1.17215,0.960957,1.22594,1.17073,2.16165,1.22498
P01857_180_H5N4F1A2,1.55131,1.73878,1.1805,1.25064,1.25064,1.25064,1.25064,1.25064,1.25064,1.25064,1.05525,1.40253,1.86952,1.04054,1.04681,1.17418,0.628468,2.17789,0.996387,0.70336,1.1195,0.765099,1.33586,1.61968,1.89464,1.61546,1.61546,1.61546,1.61546,1.61546,1.61546,1.61546,1.61546,1.58029,0.637975,1.2175,1.09777,0.668491,0.926621,0.837322,1.7718,1.24135,3.42328,1.51345,2.98801,1.28298,1.66539,0.202362,0.60293,1.25839,1.25839,1.25839,1.25839,1.25839,1.25839,1.29394,1.32506,1.5218,1.12662,0.975471,1.14978,0.774885,0.89595,1.26845,0.999448,0.936769,1.09478,1.66928,3.13355,0.772143,0.708478,0.999146,0.999146,0.999146,0.999146,0.999146,0.999146,1.1113,1.17737,1.37871,0.464482,0.755342,0.722097,0.488379,1.13842,1.6017,1.01842,0.783949,1.46145,0.669941
P01861_177_H3N5,0.644838,1.15835,0.942176,1.08678,0.754717,1.11581,1.27798,0.50435,1.39629,0.14668,0.554351,0.882438,0.742145,0.940164,0.780745,0.904568,1.14935,0.838851,1.41081,0.775404,1.18257,1.71373,1.81788,0.856421,0.80347,0.807056,1.27982,0.763214,0.722021,1.15379,0.451339,0.912772,0.792111,0.923136,0.796903,1.26151,1.18783,0.591596,0.818787,0.905424,1.42405,1.32339,3.37742,2.0519,1.85486,1.66985,2.14718,0.745989,1.02448,1.52573,1.2056,0.730074,0.51706,0.833538,1.37991,2.28951,1.34334,1.98215,1.62806,1.49078,1.62896,0.578539,1.07236,1.07622,1.54715,1.45355,1.14391,2.49733,1.88601,0.981078,1.02219,0.944585,1.17344,0.970238,0.812197,0.646491,0.77491,1.65265,1.07723,1.74311,0.822568,0.92478,1.4332,1.02101,0.982046,0.786602,1.1883,0.985675,1.56205,2.75437
P01860_227_H5N5,0.724519,0.830215,1.21137,0.57352,0.705568,1.36717,0.901926,0.622885,1.42835,0.145469,1.0655,1.0655,0.307554,0.422197,1.0655,1.0655,1.6711,0.886594,1.64239,0.541291,0.515851,1.89252,1.93552,1.06808,1.16545,1.39542,0.945878,0.952737,1.01137,1.6257,1.31546,1.13391,1.06074,1.43019,1.43019,1.22846,1.11615,1.43019,1.43019,1.16917,1.009,0.365697,1.06953,2.55987,2.33047,1.38074,2.73299,1.24738,1.34759,1.46705,1.30859,0.971947,0.598572,1.3128,1.51578,1.57347,1.57347,1.57347,1.23918,1.33612,1.11881,1.57347,1.57347,1.13827,3.3377,3.33466,0.421433,2.18306,2.83997,1.21316,1.21655,1.11687,1.34403,1.03969,1.10384,1.288,0.942421,1.38547,1.38547,1.85072,0.478443,1.38547,1.38547,1.38547,1.03212,1.10109,1.32343,0.963608,0.786021,3.84804
P01857_180_H6N4F1A1,1.06511,1.42443,0.984493,1.18383,1.90206,1.21336,1.03049,1.07648,0.366814,0.03452,0.785908,0.851471,1.56181,1.06674,0.979782,1.10007,0.681804,1.72839,1.42274,0.72643,0.998596,0.979141,1.51147,1.06298,0.948603,1.48455,0.896238,1.15799,1.57648,1.97554,0.63963,0.258369,0.344898,1.27159,0.582612,1.28274,1.21764,0.626356,0.987006,0.932223,1.52141,1.29166,3.18537,1.55134,3.31588,1.54979,1.8151,0.842012,0.920454,1.51491,1.44992,0.952491,0.648077,0.641664,0.668863,1.41689,1.52577,0.833042,1.07817,0.759805,1.04324,0.808474,0.721184,1.43305,1.27561,0.93837,1.01927,1.90898,3.44914,0.871111,0.641958,1.14017,0.925345,0.985337,0.959136,0.930642,1.03767,0.966498,0.640716,1.29082,0.546555,0.926182,0.778621,0.605607,1.08944,1.44517,0.978524,0.976549,1.61586,0.728878
P01861_177_H6N3A2,1.41005,1.58278,1.38799,1.65411,1.65411,1.65411,1.15675,1.00247,1.28935,0.105444,1.65411,1.65411,1.56658,1.11966,0.937429,0.912579,1.65411,1.65411,1.65411,1.65411,1.65411,1.65411,1.65411,1.53232,1.12598,1.39504,1.39504,1.09087,1.70464,2.08219,0.552973,1.53243,1.92862,1.39504,1.39504,1.60236,0.92861,0.672539,0.715822,1.39504,1.39504,1.39504,1.39504,1.39504,1.39504,1.39504,1.39504,0.156319,0.764312,0.770995,0.770995,0.640949,0.556431,0.896563,0.847022,0.770995,0.770995,0.770995,0.82711,0.773411,0.833912,0.62483,0.696288,0.770995,0.770995,0.770995,0.770995,0.770995,0.770995,0.75273,0.720851,0.962796,0.962796,0.855862,0.886466,0.801997,0.700429,0.962796,0.962796,0.978492,0.413551,0.656317,0.483158,0.419897,0.962796,0.962796,0.962796,0.962796,0.962796,0.962796
P01857_180_H4N3F1A1,0.814026,1.26885,1.67675,0.829143,1.30287,1.26382,1.02077,1.50357,1.03964,1.03964,0.65322,1.01565,0.706693,0.740408,0.62639,0.780687,0.640336,1.06992,1.21636,0.936742,0.705773,0.807206,1.44202,1.25198,0.866443,1.27365,0.870821,0.936307,2.51497,1.1693,1.42437,1.42437,1.42437,2.8898,0.944895,1.19624,1.30801,1.86293,0.977804,0.80542,0.861481,0.981168,1.91435,1.24654,2.22608,1.67506,1.63807,1.26331,1.53416,2.05055,1.8691,1.08403,0.428141,1.35513,1.35513,2.14489,1.80702,1.18869,1.49912,0.682352,0.916212,1.03819,1.50493,0.914238,0.8643,0.817946,0.945205,2.17494,2.2916,1.06195,1.30157,1.16431,1.25914,1.23043,1.20909,1.18778,1.18778,1.16393,1.67786,1.25105,1.16619,1.26994,1.19231,0.523487,1.01786,1.42958,1.37828,1.20307,2.28843,0.589447
P01861_177_H7N3A1,0.56151,1.16952,1.81406,1.15409,1.7876,0.889808,1.00003,1.52958,1.19964,1.19964,1.28801,1.14546,0.930476,0.70594,0.897565,1.06887,0.481081,1.30971,0.672767,0.829512,0.780638,1.19964,1.19964,1.33277,0.590744,1.47039,1.08833,0.971653,2.20758,1.20827,1.62823,1.62823,1.62823,2.07948,0.849278,1.32988,1.17308,3.52506,1.05204,0.659431,0.945506,1.36655,2.71865,1.13819,1.62823,1.62823,1.62823,0.133893,0.835108,1.87721,1.90462,1.1132,0.422403,1.01738,1.01738,1.6819,1.60374,1.23287,1.06363,0.7895,0.895121,0.968672,1.68035,0.73233,0.754407,0.748625,0.857391,1.01738,1.01738,0.967838,2.23678,0.943757,1.18714,1.30895,1.58941,1.46302,1.46302,1.37708,1.29147,1.15169,1.15933,1.10327,1.1604,0.500361,1.1562,1.35961,2.13397,1.46808,1.46302,1.46302
P01857_180_H7N4,1.01727,1.28856,1.17392,0.700781,1.42867,1.24435,0.885813,0.922007,0.984528,2.30633,0.845616,1.07336,1.20539,1.00929,1.23392,1.23392,1.14048,0.691047,1.55047,1.00677,0.626609,1.65074,2.00284,0.844835,0.962671,1.51632,1.05768,1.02599,1.06775,1.14976,0.895395,1.13055,1.19667,1.71588,1.00921,1.37964,1.46531,1.17621,1.17621,1.01141,1.17125,0.556787,0.959295,1.33238,1.53721,2.76148,2.02461,0.151079,0.773605,1.83379,1.72537,1.0214,1.22393,1.04968,0.980162,1.36652,0.980877,1.40007,1.31929,0.94548,0.814522,1.13302,1.13302,1.2694,2.13596,1.47116,0.867706,2.13397,2.75074,0.869402,0.747817,1.9175,3.76946,0.917433,0.7,1.12746,1.04274,1.20544,1.20007,1.02864,0.800236,1.26511,1.26511,1.26511,1.28892,1.1058,2.30228,1.78807,2.60147,1.39582
P01857_180_H4N6F1,1.13599,1.63739,1.3494,1.90403,1.13339,1.02233,0.698071,0.326223,0.975678,0.0953551,0.905781,1.09125,1.25934,0.65719,1.15441,1.12173,1.22912,1.22912,1.22912,1.2646,1.03316,1.1565,1.69401,1.23025,1.06328,1.14827,1.17447,0.495232,0.452709,0.823988,0.374073,0.778929,0.777824,1.87586,0.741863,1.46329,1.42721,0.587903,1.00657,1.22922,1.22922,1.51092,1.98034,1.77023,2.28706,1.92054,2.34782,1.20794,1.25222,1.84343,1.32887,0.552766,0.356716,0.594551,0.686676,1.16182,1.23576,1.16338,1.24781,0.687639,1.05898,0.971041,0.682956,1.38049,1.38049,0.916787,0.809162,2.44912,3.84898,1.12367,1.00715,0.945042,1.09167,0.52593,0.716069,0.729639,0.683143,1.12526,1.18105,1.68263,0.834891,0.8318,0.552215,0.737926,1.04878,1.04878,1.23379,0.987187,1.99541,1.03193
P01857_180_H5N3F1A1,0.962376,1.45143,1.36729,1.17742,1.17742,1.17742,0.965142,1.32356,1.17742,1.17742,0.702627,0.765972,0.763291,0.660019,0.679995,1.01951,0.527892,1.1134,0.988877,0.859659,0.640032,0.795525,1.21624,1.55674,0.930881,1.70575,1.70575,0.703694,2.11728,1.10403,1.70575,1.70575,1.70575,3.1823,1.18211,1.10688,1.03783,4.0072,0.92718,0.801169,1.17253,1.36289,2.06705,1.18621,2.22342,1.36189,1.53115,0.828235,1.49159,1.19755,1.19755,0.95005,0.418788,1.19755,1.19755,1.54943,1.5247,1.26962,1.2995,0.53173,0.937183,0.963371,1.27996,1.01221,0.874847,0.839586,0.969419,1.93313,1.82214,1.07996,1.80704,1.40801,1.40801,0.963191,1.87795,1.40801,1.40801,1.11646,1.51253,1.28695,1.2394,1.0997,1.00695,0.548097,1.23791,1.34294,1.87597,1.15228,1.58923,0.60155
P01859_176_H3N3F1,0.824051,1.41248,1.80982,0.86912,1.79063,1.84554,1.03027,1.29364,1.09797,0.126889,1.91763,1.4649,0.971028,1.49794,1.09362,0.990676,0.876827,1.14795,1.19825,0.757921,1.29898,2.10827,2.35687,1.29636,1.20261,1.54086,1.71916,1.23113,1.4099,0.967684,0.860575,1.07182,1.13083,1.16999,0.809124,0.665281,1.04346,0.377832,1.01428,0.867381,1.55542,1.02061,0.846531,1.66502,1.55861,1.90652,2.2315,1.03833,1.11123,1.32678,0.675157,1.17545,1.09258,1.20411,0.93893,1.30571,0.417577,1.62057,1.00022,0.997078,1.13801,1.07528,1.35717,0.910269,1.17327,1.2096,0.600684,2.40042,1.9854,1.05747,1.34091,0.981988,1.39942,1.35132,1.00037,0.772447,1.2709,0.890817,1.04454,1.27029,0.564967,0.935008,0.986789,0.955861,1.3013,0.776919,0.914387,1.02808,2.43905,2.08979
P01857_180_H4N4A1,1.13853,2.05892,0.83477,1.17207,0.720675,1.17753,1.53181,0.54043,1.19258,1.19258,0.804553,0.983671,1.59089,1.27091,1.05779,0.73918,0.809603,1.13098,1.60289,1.42819,1.74857,0.888303,2.11976,0.704912,0.801798,0.796142,1.37686,1.09482,1.01553,1.21555,1.16051,1.16051,1.16051,1.74313,0.541201,1.49331,2.03024,0.597045,1.03059,0.641016,1.13763,0.69451,1.24316,1.1014,0.828337,1.41689,1.49701,0.134369,0.735754,1.41379,1.05599,3.03432,0.723894,1.38066,1.38066,2.11152,1.32221,1.50186,3.63577,0.753444,0.693857,0.231026,0.589941,0.736445,1.01336,0.360132,0.956061,2.20484,2.67528,0.969888,0.582454,1.26022,1.12579,1.7971,1.43887,1.24959,1.24959,1.22468,1.42082,2.04885,0.400072,0.853726,1.20971,1.18696,0.904719,1.3648,0.711087,0.392599,1.99999,1.07057
P01861_177_H4N5F1,1.05064,0.722989,1.4784,0.445582,0.723396,0.816204,1.17609,0.573151,1.32553,0.137717,0.646827,1.09083,0.462371,0.753869,0.494769,0.684914,1.05921,0.591983,2.09379,0.801224,0.761426,1.05563,1.00958,0.838045,1.29393,0.892571,1.36789,1.12245,1.3218,1.06238,0.803198,1.0862,1.40763,2.37709,0.886336,1.66121,0.838914,0.584223,0.855446,0.859507,1.32272,0.296391,1.01136,1.71419,1.98531,1.55658,2.93,0.519235,1.07371,1.11962,0.998889,0.612881,0.653644,0.992497,0.795744,1.46451,1.52144,1.23602,2.2101,1.24601,1.19745,0.821375,1.41023,1.71016,1.36928,1.01614,0.231684,2.81826,3.74176,1.38409,0.515102,1.12313,1.38608,1.04561,0.921618,0.844674,0.749211,1.34036,1.37317,1.74975,0.849663,0.849619,1.69109,1.12948,1.19565,0.64467,0.81468,0.660159,0.902834,7.25099
P01859_176_H7N4,0.219364,0.231535,0.56922,0.301248,0.483164,0.918983,0.637114,0.891655,0.906531,0.906531,1.81522,1.76486,0.972136,0.950852,0.906531,0.906531,0.52885,0.957174,1.64067,0.484283,1.99307,0.906531,0.906531,0.500874,0.632181,0.740856,0.687058,0.894107,1.69344,1.0386,1.37971,1.37971,1.37971,1.289,0.855299,1.33817,1.57833,1.37971,1.37971,0.493552,0.946555,1.03144,2.55438,2.16277,1.37971,1.37971,1.37971,0.443087,0.380755,0.933159,0.780727,0.962936,0.786339,1.02864,1.02864,1.34232,0.279981,1.65675,1.0513,0.894079,1.22212,1.02864,1.02864,0.977043,1.98712,0.874611,0.910996,1.02864,1.02864,1.08092,0.426541,1.00753,0.656568,1.27675,0.867174,1.0391,1.0391,0.744729,1.3687,1.36662,0.486532,1.0391,1.0391,1.0391,1.90387,1.31122,0.795163,0.956303,1.0391,1.0391
P01859_176_H5N5A1,0.83653,0.864668,1.16901,1.10139,1.10139,1.10139,1.61848,0.558066,1.42852,0.0885543,1.10139,1.10139,0.887681,1.11171,1.10139,1.10139,1.00586,0.767109,1.60797,0.799863,0.686088,1.18327,1.06052,1.1847,1.49965,1.28301,1.28301,1.30566,1.28222,1.14541,0.273997,1.27101,0.944535,1.28301,1.28301,0.792532,1.04347,1.28301,1.28301,0.728764,1.35094,0.185443,1.23543,1.54208,2.26801,1.47008,2.85677,0.871983,0.910779,1.18016,1.18016,0.657193,0.664319,0.369267,0.641502,1.18016,1.18016,1.18016,1.081,0.603277,3.06267,1.18016,1.18016,2.02865,1.25139,1.225,0.260834,2.41967,3.88757,2.18657,1.18711,1.2319,1.2319,1.2435,0.815021,0.949043,0.55506,1.2319,1.2319,1.1797,0.338048,1.2319,1.2319,1.2319,1.14343,0.827494,0.883385,0.412599,1.03437,4.2315
P01861_177_H5N3F1A1,0.746572,1.14621,1.89996,0.487957,0.813437,1.08801,0.701019,0.716746,1.34434,0.118749,0.64976,1.04882,1.11212,0.830128,1.01852,1.01852,1.00931,15.0242,1.83292,1.01852,1.01852,1.01852,1.01852,1.5632,1.20304,0.724482,0.630902,0.685084,0.800686,1.27554,0.840451,1.21312,1.34106,2.06717,0.72869,1.09468,0.919841,1.07892,1.07892,1.7786,2.87456,1.07892,1.07892,1.07892,1.07892,1.07892,1.07892,1.99926,2.11996,1.11265,0.987616,0.731986,0.731536,1.28361,0.896394,1.19415,1.0498,1.0039,1.15356,0.626351,1.05052,1.18993,1.18993,1.41481,2.39254,1.18993,1.18993,1.18993,1.18993,1.5574,1.51373,0.764703,0.772255,0.7052,0.857839,0.953717,0.891312,1.47251,1.39845,1.26524,0.398454,1.0223,1.0223,1.0223,1.88279,1.10659,1.0223,1.0223,1.0223,1.0223
P01861_177_H5N5F1A1,0.927703,0.697602,0.912878,1.04418,0.845712,1.18438,1.63064,0.381109,1.11439,1.79291,0.412987,1.95413,0.703902,1.05295,1.06581,1.06581,1.06581,1.06581,1.06581,1.06581,1.06581,1.11471,1.19711,1.14183,1.60279,1.36244,1.64184,0.836904,1.50213,1.50572,0.37223,1.24384,1.24811,1.91576,0.860123,1.4,0.903478,1.27192,1.27192,1.27192,1.27192,1.27192,1.27192,1.27192,2.59362,1.09952,3.71173,1.10363,1.46423,1.25006,1.22519,0.490096,0.402679,0.534605,0.652852,1.63239,1.34849,0.959125,2.04879,1.08196,1.1123,1.44394,1.44394,1.44394,1.44394,1.44394,1.44394,2.14691,4.13879,1.40498,1.33762,1.8212,1.23464,0.715269,0.988162,0.675614,0.51112,0.844937,0.979765,1.82319,0.543259,1.24979,1.24979,1.24979,1.24979,1.24979,1.24979,1.24979,0.862452,3.76362
P01857_180_H4N4F3,0.563439,1.18185,1.46907,0.878443,0.778066,1.1092,0.604869,0.905232,0.883976,0.101084,0.710754,0.916419,0.850562,1.22132,1.27244,1.65283,1.24628,1.24628,1.24628,0.639059,0.437045,2.52034,2.2471,1.04045,0.834316,0.922527,1.33696,0.829081,1.15006,3.08718,0.487913,0.710044,0.527545,1.03053,0.749271,1.11082,1.21362,0.839032,1.0039,0.981748,0.981748,0.655725,0.755695,1.29817,2.04967,1.76962,2.33909,1.3498,1.16505,1.62491,1.02892,0.949219,0.349681,0.697227,0.99529,2.64199,1.74896,1.77298,1.02413,0.906669,0.785806,1.15953,1.54735,1.36509,1.36509,1.13283,0.682915,4.38233,1.56518,0.897416,1.12507,0.996865,1.27406,1.16586,0.856195,0.692758,0.636361,1.81478,1.15474,0.944397,0.804836,0.900264,0.958519,1.21432,1.19018,1.19018,1.76785,1.40557,2.35125,2.1633
P01860_227_H5N5F1A1,1.16451,0.874556,1.34712,1.28736,0.846899,1.41526,1.63131,0.369626,0.898826,2.84071,0.341172,2.33408,0.526799,1.26244,1.17803,1.17803,1.17803,1.17803,1.17803,1.17803,1.17803,1.17803,1.17803,1.44873,1.44745,1.45868,1.40763,0.789772,1.33259,1.57213,0.309471,1.14763,1.06997,1.8712,0.938165,1.35051,1.00827,1.19208,1.19208,1.19208,1.19208,1.19208,1.19208,1.19208,1.19208,1.19208,1.19208,0.957353,0.81653,0.965509,0.754071,0.572645,0.414136,0.457051,0.638955,1.8212,1.42672,0.881325,2.64914,0.760508,1.24393,1.16762,1.16762,1.16762,1.16762,1.16762,1.16762,1.16762,1.16762,2.33267,0.945753,2.29394,0.803616,0.686349,1.02447,0.610766,0.433729,0.723479,0.874921,2.39922,0.417637,1.28849,1.28849,1.28849,1.28849,1.28849,1.28849,1.28849,1.28849,1.28849
P01857_180_H3N4F3,0.626832,0.566414,1.41195,0.52394,0.750476,1.20156,0.980407,0.980407,0.980407,0.980407,0.686018,1.05623,0.788785,1.00857,0.980407,0.980407,0.980407,0.980407,0.980407,1.30477,1.79663,0.980407,0.980407,0.783756,1.49358,0.807071,0.941983,0.985068,0.985068,0.985068,0.985068,0.985068,0.985068,2.20423,0.950681,0.886412,1.02461,0.985068,0.985068,0.985068,0.985068,0.813904,1.39617,2.8996,0.985068,0.985068,0.985068,1.56535,1.0894,1.42761,1.32981,1.31212,1.31212,1.31212,1.31212,1.54491,1.56436,1.62363,1.07265,0.879254,1.18298,1.31212,1.31212,1.31212,1.31212,1.44644,0.57445,1.31212,1.31212,1.20796,1.40442,1.03831,1.27319,1.11806,1.11806,1.11806,1.11806,1.44508,1.23834,1.47663,0.616032,1.11806,1.11806,1.11806,1.11806,1.11806,2.19336,0.367263,1.11806,1.11806
P01859_176_H6N4F1A1,0.409035,0.948005,0.962833,1.2007,1.38785,1.20159,0.829381,1.21948,1.19818,1.19818,0.360475,0.791228,0.884729,1.22047,1.5022,1.15524,0.91717,1.07009,1.18569,0.521194,1.03342,1.99912,2.15311,0.935544,0.835894,1.39035,1.13764,4.94241,1.35595,1.88495,1.23266,1.23266,1.23266,0.700556,0.820072,0.940035,0.925995,0.373769,1.00238,0.928376,1.87875,0.851389,0.805754,1.78755,1.85137,1.71838,2.57657,1.21834,1.18092,0.979449,0.573378,1.38736,0.651239,1.58325,1.58325,2.69441,1.54561,2.35369,1.15241,1.27303,1.276,1.0073,1.33384,1.03863,1.31155,1.06398,0.508456,2.94385,1.58251,1.16557,1.36661,0.853785,1.07493,0.99476,0.762319,1.19752,1.19752,1.98263,1.04811,1.30567,0.732839,1.06851,1.12687,0.966111,0.971232,0.663699,0.770488,0.782487,1.75914,3.17404
P01860_227_H6N4A1,0.354107,0.414373,0.638141,1.25789,1.59701,1.02668,0.772114,0.858758,0.713751,1.19427,0.441651,1.47224,1.02689,1.02689,1.02689,1.02689,1.02689,1.02689,1.02689,0.78945,1.17443,0.802905,1.68025,0.566346,0.972591,1.52851,1.20368,0.817864,1.21441,1.42422,0.522347,0.983888,1.52937,1.75616,0.727993,1.08799,1.08799,1.08799,1.08799,1.08799,1.08799,1.36194,1.70171,1.55105,1.91504,1.26998,1.0626,0.466963,0.289217,2.23672,1.41375,0.854225,0.406144,0.84819,0.475453,1.64848,1.85587,0.913046,1.24794,1.24794,1.24794,1.24794,1.24794,1.24794,1.24794,1.68567,0.701284,1.70992,2.38104,1.57225,0.367072,0.923768,1.53501,1.01673,0.93858,0.662701,0.451701,0.787727,1.22166,0.978456,0.978456,0.978456,0.978456,0.978456,0.978456,0.978456,0.827885,0.680962,1.51545,0.527184
P01859_176_H5N7,0.861698,1.35036,0.957367,0.802571,1.15055,1.12896,1.03413,1.03413,1.03392,0.0849275,0.765696,1.20135,1.25389,1.07053,1.03413,1.03413,1.03413,1.03413,1.03413,0.800036,0.94767,1.03413,1.03413,1.90009,1.0261,2.17054,1.02537,1.25696,1.25696,1.25696,0.691483,0.844509,1.28371,1.55475,0.651558,1.65592,1.462,1.25696,1.25696,1.25696,1.25696,1.43166,1.83579,1.79885,1.25696,1.25696,1.25696,1.28307,1.256,1.34936,1.18572,1.03762,1.03762,0.870915,0.686919,1.20979,1.09745,0.816429,1.12363,1.00587,1.26778,1.03762,1.03762,1.03762,1.03762,0.990451,0.82542,1.03762,1.03762,0.994342,1.27611,0.999877,1.24421,0.990969,0.990969,0.81454,0.601141,0.807919,0.975799,1.472,0.471581,0.990969,0.990969,0.990969,0.990969,0.990969,0.960722,1.16419,0.990969,0.990969
P01860_227_H3N4,0.819682,0.731597,1.94567,0.921268,0.572361,3.09435,1.17699,1.24351,0.876623,0.876623,0.276672,1.76724,0.306115,0.891654,0.259598,0.354829,0.652117,0.603652,1.21942,0.876623,0.876623,0.876623,0.876623,0.609395,1.88609,0.608381,2.69773,1.17185,1.28433,1.22483,1.37588,1.37588,1.37588,1.26118,0.904758,1.67875,1.93851,1.29893,0.564036,0.646622,1.16038,1.37588,1.37588,1.37588,1.37588,1.37588,1.37588,0.806489,0.815241,0.546976,0.590602,0.735877,0.57997,2.49176,2.49176,2.96903,4.38078,0.476441,6.23423,0.176457,1.33512,0.272348,0.54144,0.786054,1.142,2.49176,2.49176,2.49176,2.49176,1.70462,0.864186,2.4119,0.506583,1.39536,0.668738,1.68657,1.68657,0.773692,0.909166,5.17564,0.337903,0.733624,2.09287,1.15332,0.610696,0.732008,1.68657,1.68657,1.68657,1.68657
P01861_177_H6N4A1,1.14857,1.14857,1.14857,1.21336,2.10361,1.11121,1.2567,1.0891,0.713751,32.6583,0.93254,1.13632,2.0558,1.65255,1.14857,1.14857,1.14857,1.14857,1.14857,0.714223,1.017,0.802905,1.68025,2.035,2.035,1.73859,1.15229,1.0986,2.13901,2.04909,0.522347,0.983888,1.52937,1.82177,0.703107,2.91831,1.89983,2.035,2.035,2.035,2.035,1.2482,3.37554,1.64101,1.91504,1.26998,1.0626,1.18437,1.18437,2.31341,1.62737,1.03768,0.599152,0.84819,0.475453,1.32883,1.49635,1.34617,2.23889,0.901077,1.01405,1.18437,1.18437,1.18437,1.18437,0.931391,1.02135,1.70992,2.38104,1.03493,1.03493,1.03296,1.21771,1.16658,0.941994,0.662701,0.451701,1.10164,1.37739,1.54335,0.646271,1.03493,1.03493,1.03493,1.03493,1.03493,0.970309,0.987776,1.51545,0.527184
P01860_227_H3N5,1.01806,1.01806,1.01806,0.878935,0.768129,1.23893,0.649544,0.543733,1.35995,0.135907,0.458104,0.852955,0.456316,0.590338,1.10403,0.908982,1.21893,0.689632,1.34691,0.742491,1.04896,1.97696,2.08256,0.957465,0.957465,1.01564,1.27709,1.75845,0.751339,1.51275,0.32998,0.932954,0.824365,0.846496,0.797258,1.30653,0.679313,0.513934,0.878528,0.949878,1.11779,0.998864,0.670642,1.50577,1.75363,1.6675,2.34861,1.53028,1.53028,1.16185,0.929584,0.809022,0.364001,0.552815,0.663132,2.56961,1.55211,2.06841,1.63957,1.67791,1.44202,0.784657,1.29795,0.910588,1.76336,1.64409,0.525791,2.89387,1.59744,1.25187,1.25187,0.905123,1.18813,1.07273,1.00284,0.432269,0.987497,1.82893,1.01256,2.43632,0.891698,0.98992,1.65221,1.01131,0.964193,0.716157,1.05337,1.19471,1.58877,4.46383
P01857_180_H8N3A1,1.16139,1.16139,1.16139,1.2932,1.97516,1.0577,0.607561,0.320594,1.16139,1.16139,1.05228,1.05416,1.72604,1.46403,0.807875,0.95336,1.16139,1.16139,1.16139,1.2066,1.05039,1.16139,1.16139,1.20755,1.20755,1.70434,1.18597,0.321579,0.598487,0.321612,1.20755,1.20755,1.20755,2.74452,1.31073,2.71793,2.22222,0.660853,1.00072,1.20755,1.20755,1.11227,1.48045,1.40902,1.20755,1.20755,1.20755,1.39932,1.39932,2.2123,1.56641,1.73711,0.291674,1.39932,1.39932,1.89832,1.64908,1.28877,3.5185,0.63526,0.868368,0.552761,1.22983,1.39932,1.39932,0.530494,1.15639,1.39932,1.39932,1.11959,1.11959,1.07649,1.18042,0.576002,1.24983,1.11959,1.11959,1.17518,2.47213,1.63019,1.1011,1.0379,0.964178,0.930705,1.11959,1.11959,1.69632,0.400145,1.11959,1.11959
P01860_227_H4N5F1,0.859255,0.859255,0.859255,0.482598,0.843212,0.864503,0.575883,0.418446,1.44141,0.148753,0.27869,2.72428,1.28241,1.47115,0.859255,0.859255,0.859255,0.859255,0.859255,0.572675,0.330893,0.383357,1.08557,1.41314,1.41314,0.897341,1.18059,0.384741,0.682124,0.707856,0.822496,1.17201,1.52281,1.10984,1.2361,1.27844,1.31212,1.41314,1.41314,1.41314,1.41314,0.403186,1.69215,2.06953,0.719552,3.61437,2.81187,1.05408,1.05408,1.11715,0.797136,0.685138,0.342424,1.04471,0.817838,2.19859,1.99238,0.346997,1.65486,0.983005,1.0585,1.05408,1.05408,1.05408,1.05408,0.725604,0.252051,1.25048,0.921645,0.912272,0.912272,1.07436,1.11923,0.500204,0.739948,0.923359,0.728314,0.496562,0.497142,1.66381,0.466172,0.912272,0.912272,0.912272,0.912272,0.912272,0.822236,0.37076,0.603784,1.04192
P01861_177_H5N5F2,0.97314,0.97314,0.97314,1.49498,1.97582,1.31865,0.871413,1.15482,0.97314,0.97314,0.790391,0.928556,1.44743,0.864867,0.693574,0.647415,0.841684,2.44669,1.63893,1.24428,0.66886,0.860468,1.28596,1.39225,1.39225,2.4162,2.01176,1.20161,1.40288,1.3688,1.39225,1.39225,1.39225,1.25415,1.06514,1.2929,1.21984,0.701676,0.913093,0.840876,2.15829,1.04463,1.27189,1.65939,1.81808,1.6341,2.29996,1.53211,1.53211,1.86659,2.33737,1.62622,0.525751,1.53211,1.53211,1.04088,1.15473,1.10569,1.42275,0.719405,1.15127,0.566769,1.31557,1.41119,1.35393,1.71869,1.17478,1.99747,3.16889,1.49223,1.49223,2.76257,1.18719,1.2381,1.29792,1.49223,1.49223,1.10845,1.14429,1.59808,0.632486,0.842565,1.55701,0.636703,0.940687,1.89497,1.97111,1.93446,1.57438,1.05036
P01859_176_H10N2,1.34724,1.34724,1.34724,1.06241,1.06944,1.46193,0.980535,0.83714,1.50541,0.108312,1.34724,1.34724,1.17494,1.69172,1.06365,1.02675,1.34724,1.34724,1.34724,0.997463,2.54683,1.18856,2.96369,1.41777,1.41777,1.50505,1.65391,0.983449,1.18341,1.23232,0.7794,1.46801,2.1621,1.41777,1.41777,0.888733,1.54544,0.564749,1.09349,1.41777,1.41777,2.78181,2.72332,1.58727,2.17955,1.5905,1.7316,1.06264,1.06264,1.00651,0.790254,0.687754,0.790864,1.04419,0.605547,1.06264,1.06264,1.06264,0.654261,0.840621,0.933787,0.568464,0.52963,1.06264,1.06264,1.52113,4.40747,2.29922,4.06905,0.976181,0.976181,1.02157,1.30143,0.909537,0.803075,0.859048,0.805326,0.976181,0.976181,0.839245,0.587792,0.556035,0.483606,0.64518,0.976181,0.976181,1.37968,1.13914,1.67809,0.748553
P01860_227_H6N4F1A1,1.26678,1.26678,1.26678,0.813097,0.734715,1.06439,0.422372,0.741276,1.26678,1.26678,0.731016,0.50665,0.969958,1.15661,1.26678,1.26678,0.717135,1.58324,1.47569,0.38254,2.74675,0.857153,1.60411,1.92623,1.92623,2.22574,1.02695,1.08352,2.33927,1.47124,1.92623,1.92623,1.92623,1.47202,0.311975,1.47386,1.69415,1.92623,1.92623,0.54324,1.40382,1.07663,2.98557,2.29503,3.41379,2.86776,2.49933,1.47731,1.47731,1.96485,1.04356,0.880941,0.784922,1.47731,1.47731,1.83505,0.759501,0.876871,0.511795,1.15594,1.00815,1.47731,1.47731,1.36693,2.21678,0.764499,0.974283,0.849859,7.50161,1.21626,1.21626,0.48466,1.52087,1.6097,0.508538,1.21626,1.21626,1.06298,1.02441,1.0161,0.163291,1.21626,1.21626,1.21626,2.74209,2.07174,0.553392,0.854897,1.71404,0.415375
P01861_177_H4N6A1,1.07131,1.07131,1.07131,0.794272,1.03892,1.09628,1.20117,1.00925,1.07131,1.07131,1.07131,1.07131,0.894233,1.06833,0.933036,1.02852,1.07131,1.07131,1.07131,1.05099,0.930006,1.39409,1.47619,1.05929,1.05929,0.865001,1.23156,1.21626,1.57555,1.74195,1.05929,1.05929,1.05929,1.05929,1.05929,1.20445,1.04938,0.534356,0.921829,1.05929,1.05929,1.25987,1.02972,1.32086,1.42506,1.49652,2.13041,1.1747,1.1747,1.38099,1.05335,1.12131,1.20475,1.1747,1.1747,1.1747,1.1747,1.1747,1.13817,0.998207,1.34587,0.728233,0.778584,1.1747,1.1747,1.58719,0.90206,1.6515,2.71353,1.15123,1.15123,1.07304,0.84625,1.60731,1.04658,1.15123,1.15123,1.15123,1.15123,1.63369,0.692862,0.804192,0.922683,0.846613,1.15123,1.15123,1.35756,0.80684,1.70819,1.70546
P01860_227_H3N6,1.0575,1.0575,1.0575,0.73035,0.878622,1.01867,1.45729,0.686456,1.0575,1.0575,0.742005,1.0584,1.31209,1.40785,1.0575,1.0575,0.87674,0.941917,1.54533,1.34029,1.3038,1.0575,1.0575,1.27834,1.27834,0.947572,1.08445,0.877661,1.04989,1.1491,1.27834,1.27834,1.27834,1.58664,1.08973,1.65176,1.824,1.27834,1.27834,0.706089,0.986774,1.00125,1.05105,1.04724,1.27834,1.27834,1.27834,1.3952,1.3952,1.12125,1.9023,1.4393,0.635645,1.3952,1.3952,1.45283,1.53604,1.45466,2.02065,0.872526,0.778313,1.3952,1.3952,1.10611,1.09809,0.589404,1.03227,1.3952,1.3952,1.1201,1.1201,1.02292,1.22987,1.25906,1.2503,1.1201,1.1201,1.64308,1.15593,1.4286,0.564714,1.1201,1.1201,1.1201,1.76688,1.00535,1.07685,0.580579,1.1201,1.1201
P01861_177_H3N6,0.890942,0.890942,0.890942,0.73035,0.878622,1.01867,0.782955,0.746111,1.04336,0.107284,0.67703,1.02489,0.967856,1.12823,0.781965,0.628996,0.87674,0.941917,1.54533,1.34029,1.3038,0.890942,0.890942,1.07797,1.07797,0.947572,1.08445,0.769083,1.20299,0.81001,0.625542,1.04675,1.32732,1.61849,0.921621,1.32966,1.4605,0.462941,0.771339,0.706089,0.986774,1.00125,1.05105,1.04724,1.07797,1.07797,1.07797,1.34496,1.34496,1.12125,1.9023,1.31858,0.435956,1.16072,0.979691,1.37462,1.4119,1.33094,1.64037,0.830143,1.03521,0.465696,0.777935,1.10611,1.09809,0.589404,1.03227,1.34496,1.34496,1.05556,1.05556,1.02292,1.22987,0.904498,1.42109,0.857472,0.769828,1.44903,1.10125,1.34678,0.802283,0.717477,1.09158,0.938625,1.76688,1.00535,1.07685,0.580579,1.05556,1.05556
P01861_177_H3N4,0.591053,0.591053,0.591053,0.408663,0.451044,0.535172,1.65974,0.919928,0.591053,0.591053,0.259885,0.664237,0.7856,0.786419,0.367915,0.388046,0.638581,0.660025,1.32403,0.591053,0.591053,0.875478,1.48186,0.989519,0.989519,0.38556,0.670056,1.56736,1.70594,3.10144,0.989519,0.989519,0.989519,1.64044,0.453253,2.07854,2.01463,0.543889,0.675338,0.710519,1.08678,0.989519,0.989519,0.989519,1.08191,2.2376,1.71391,0.997907,0.997907,0.644968,1.09207,0.886198,0.881289,0.997907,0.997907,1.31141,2.1348,0.635086,1.40185,0.687836,0.925352,0.277552,0.428338,0.88951,1.24888,0.997907,0.997907,2.38428,3.2616,1.3315,1.3315,0.551501,0.746706,1.73534,1.49614,1.3315,1.3315,2.04732,1.59242,1.40432,0.977015,0.630061,1.36125,0.61763,0.702438,0.748961,1.3315,1.3315,0.637131,24.4992
P01860_227_H7N3A1,1.21401,1.21401,1.21401,1.15409,1.7876,0.889808,0.844234,1.36632,1.21401,1.21401,1.09341,1.0763,1.21401,1.21401,0.897565,1.06887,0.481081,1.30971,0.672767,1.21401,1.21401,1.21401,1.21401,1.73152,1.73152,1.47039,1.08833,0.857803,1.96344,1.29147,1.73152,1.73152,1.73152,2.18324,0.743217,1.73152,1.73152,3.52506,1.05204,0.659431,0.945506,1.73152,1.73152,1.73152,1.73152,1.73152,1.73152,1.22512,1.22512,1.87721,1.90462,1.02764,0.397925,1.22512,1.22512,1.48532,1.39858,1.17874,1.22512,1.22512,1.22512,0.968672,1.68035,0.73233,0.754407,1.22512,1.22512,1.22512,1.22512,1.38214,1.38214,0.943757,1.18714,1.16522,1.57823,1.38214,1.38214,1.28467,1.36704,1.38214,1.38214,1.10327,1.1604,0.500361,1.1562,1.35961,1.38214,1.38214,1.38214,1.38214
P01859_176_H4N5A2,1.12352,1.12352,1.12352,1.26806,1.75937,1.75454,1.41804,0.399202,0.432534,3.105,0.828763,1.30707,0.597248,0.90574,1.12352,1.12352,0.850176,1.10588,1.28965,1.12352,1.12352,1.12352,1.12352,1.16807,1.16807,1.35918,1.40408,1.2094,0.728365,1.28657,0.278663,1.33192,0.672594,0.783364,1.81661,1.1399,1.27995,1.16807,1.16807,0.790006,1.35961,1.16807,1.16807,1.16807,1.16807,1.16807,1.16807,0.960997,0.960997,1.12119,0.575136,0.564811,0.459035,0.325413,0.315336,1.1274,0.576969,0.594084,2.65587,1.16098,1.30085,0.960997,0.960997,1.09502,1.32437,0.960997,0.960997,0.960997,0.960997,0.997438,0.997438,2.15702,0.512684,0.368588,2.57893,0.390336,0.477208,0.692124,0.967406,2.29343,0.392219,0.997438,0.997438,0.997438,0.884518,0.683597,0.997438,0.997438,0.997438,0.997438
P01859_176_H4N3F2,0.620808,0.620808,0.620808,0.678564,0.983023,1.33305,0.929192,1.02691,0.620808,0.620808,0.167788,0.250404,0.379111,0.290887,0.620808,0.620808,0.902652,0.820043,1.18469,1.00871,1.33239,0.976735,5.20242,0.581587,0.581587,1.10882,1.22099,1.08581,1.46749,1.43534,0.581587,0.581587,0.581587,0.419168,0.326287,0.531667,0.46884,0.581587,0.581587,0.59304,0.638389,0.429724,0.744123,1.8415,0.212163,1.39272,1.66789,0.913796,0.913796,0.957895,0.612961,0.808336,0.648249,0.913796,0.913796,0.700294,0.435782,0.804782,0.704941,0.299838,0.891013,0.913796,0.913796,0.522083,1.53816,1.10768,2.34023,2.62923,1.89308,0.605353,0.605353,0.888016,1.12073,1.09978,0.773071,0.605353,0.605353,0.478836,0.322477,0.769579,0.279043,0.605353,0.605353,0.605353,0.58039,0.933178,1.86197,1.43772,2.10919,0.809597
P01860_227_H5N5A1,0.95764,0.95764,0.95764,0.698554,0.702359,1.19718,0.988446,0.925542,1.66518,0.143853,0.973625,1.49996,1.21531,0.756538,0.64774,0.95518,0.757757,1.02638,1.50652,1.02325,0.892093,0.786422,1.66674,1.20116,1.20116,1.34888,1.1056,1.31199,1.19356,1.62505,1.62362,1.25909,1.22515,1.80172,0.809169,1.2923,0.977856,0.529747,0.80578,0.724697,0.930302,1.21538,1.43346,1.40933,1.47351,1.21792,1.55987,1.43299,1.43299,1.36095,1.39464,1.32984,0.704281,1.89157,2.33107,1.50983,1.51599,1.38829,1.39935,0.884364,1.30293,0.553779,0.93501,1.85291,1.29306,1.18077,0.685792,1.659,2.74596,1.19465,1.19465,1.46921,1.3829,1.71839,1.07434,1.6813,1.01738,1.1364,1.11277,1.89061,0.560293,0.672332,1.10702,0.789619,1.06747,1.83282,1.00354,0.711019,1.49697,0.502761
P01859_176_H6N3F1,1.04717,1.04717,1.04717,1.04717,1.04717,1.04717,0.875854,0.805435,1.25145,0.129092,0.624245,0.703182,1.04717,1.04717,1.26267,0.894334,0.806528,0.839942,0.955832,1.04717,1.04717,1.04717,1.04717,1.06391,1.06391,1.06391,1.06391,0.700153,1.00317,1.0728,0.524709,0.595922,1.28343,1.0718,0.968436,1.06391,1.06391,0.551902,1.09169,0.923786,0.98882,1.06391,1.06391,1.06391,1.06391,1.06391,1.06391,1.27624,1.27624,1.27624,1.27624,1.72589,0.613755,0.867253,2.2883,0.825678,0.58915,0.952565,1.27624,1.27624,1.27624,0.245233,0.528599,1.27479,1.30674,1.27624,1.27624,1.27624,1.27624,1.33858,1.33858,1.33858,1.33858,0.997366,1.2614,1.62782,1.70069,0.788244,1.30195,1.33858,1.33858,0.80852,0.962269,1.3604,1.30074,1.25582,1.33858,1.33858,1.33858,1.33858
P01859_176_H7N3F1A1,0.985299,0.985299,0.985299,0.985299,0.985299,0.985299,0.985299,0.985299,0.970858,0.0809981,0.985299,0.985299,0.914422,0.693665,0.617879,0.796522,0.491012,0.907396,2.2521,0.939454,2.24302,1.16848,1.21054,1.28597,1.28597,1.28597,1.28597,1.28597,1.28597,1.28597,1.46392,0.630794,1.19533,1.28597,1.28597,1.27818,1.23323,0.347972,0.877968,0.617245,1.234,1.10829,2.59095,1.28605,2.01005,1.33537,2.37491,1.31553,1.31553,1.31553,1.31553,1.31553,1.31553,1.01273,1.20138,1.31553,1.31553,1.31553,1.0227,0.582867,1.94245,0.436606,1.18487,2.62848,1.33866,0.569391,1.24033,2.44439,3.69387,1.08605,1.08605,1.08605,1.08605,1.08605,1.08605,1.21485,0.829485,1.08605,1.08605,1.40293,0.480626,0.617475,1.68233,0.696609,1.38991,2.02031,0.699744,0.604787,1.78729,1.04711
