ID,Low_CK1,Low_CK2,Low_CK3,Low_Salt1,Low_Salt2,Low_Salt3,Median_CK1,Median_CK2,Median_CK3,Median_Salt1,Median_Salt2,Median_Salt3,High_CK1,High_CK2,High_CK3,High_Salt1,High_Salt2,High_Salt3
A0A024B2V6_83_H3N2F1Pen1,0.0,0.0,0.0,0.0,0.0,0.0,4833293.0,0.0,0.0,1011256.0,0.0,0.0,0.0,0.0,0.0,0.0,0.0,0.0
A0A060KY90_534_H3N3F1Pen1,0.0,0.0,0.0,0.0,0.0,0.0,0.0,0.0,2722021.0,0.0,0.0,250796.0,0.0,0.0,0.0,0.0,0.0,0.0
A0A067XGX8_17_H4N2Pen1,0.0,0.0,0.0,0.0,0.0,0.0,0.0,0.0,0.0,0.0,40733440.0,0.0,0.0,0.0,0.0,0.0,0.0,0.0
A0A067XGX8_17_H4N4Pen1,0.0,0.0,0.0,0.0,0.0,0.0,0.0,0.0,398484.7,0.0,0.0,38770850.0,0.0,0.0,0.0,0.0,0.0,0.0
A0A067XH53_505_H6N3,0.0,1658764.0,4863054.0,0.0,1296505.0,669139.6,0.0,0.0,0.0,0.0,0.0,0.0,0.0,0.0,0.0,0.0,0.0,0.0
A0A072TLV8_21_H4N3Pen1,0.0,0.0,0.0,0.0,0.0,0.0,0.0,0.0,0.0,0.0,0.0,0.0,0.0,0.0,3351382.0,0.0,0.0,0.0
A0A072VEP0_133_H4N2Pen1,0.0,0.0,0.0,0.0,0.0,0.0,0.0,989557.1,0.0,0.0,3725264.0,0.0,0.0,0.0,0.0,0.0,0.0,0.0
A0A077K8G3_67_H3N2F1Pen1,0.0,0.0,0.0,0.0,0.0,0.0,0.0,0.0,38651130.0,0.0,0.0,7402160.0,0.0,0.0,0.0,0.0,0.0,0.0
A0A0A1C930_583_H6N2,0.0,0.0,0.0,0.0,0.0,0.0,0.0,0.0,0.0,17722730.0,0.0,0.0,0.0,0.0,0.0,0.0,0.0,0.0
A0A0A1C930_583_H7N2,0.0,0.0,0.0,23140420.0,0.0,0.0,0.0,0.0,0.0,0.0,29280160.0,0.0,0.0,0.0,0.0,0.0,0.0,0.0
A0A0A1C930_583_H8N2,0.0,0.0,0.0,0.0,0.0,132958800.0,0.0,0.0,0.0,136196800.0,0.0,0.0,0.0,0.0,0.0,0.0,28630180.0,71596300.0
A0A0A1HA03_279_H6N2,0.0,0.0,0.0,0.0,0.0,0.0,0.0,0.0,3179389.0,0.0,0.0,1684770.0,0.0,0.0,0.0,0.0,0.0,0.0
A0A0B4L1W8_129_H3N3F1Pen1,0.0,9570258.0,0.0,0.0,0.0,0.0,0.0,0.0,0.0,0.0,0.0,0.0,0.0,0.0,0.0,0.0,0.0,0.0
A0A0B4L1W8_129_H3N4F1Pen1,0.0,0.0,0.0,0.0,0.0,0.0,0.0,0.0,0.0,0.0,0.0,0.0,0.0,0.0,0.0,0.0,23421240.0,0.0
A0A0B4L1W8_129_H4N4Pen1,0.0,0.0,0.0,0.0,0.0,0.0,0.0,0.0,0.0,0.0,9377315.0,0.0,0.0,0.0,0.0,0.0,0.0,0.0
A0A0B5GR44_371_H3N2F1Pen1,0.0,0.0,0.0,0.0,0.0,0.0,0.0,0.0,0.0,0.0,0.0,0.0,0.0,0.0,0.0,46833000.0,0.0,0.0
A0A0B5GR44_371_H3N3F1Pen1,0.0,0.0,0.0,0.0,0.0,0.0,0.0,0.0,0.0,0.0,10516000.0,0.0,0.0,0.0,0.0,0.0,0.0,27574800.0
A0A0B5GR44_9_H5N2,0.0,0.0,1024154.0,0.0,0.0,0.0,0.0,0.0,0.0,0.0,0.0,0.0,0.0,0.0,0.0,0.0,0.0,0.0
A0A0K0PVW1_457_H8N2,0.0,0.0,0.0,0.0,0.0,0.0,0.0,0.0,0.0,0.0,0.0,0.0,0.0,8292337.0,0.0,0.0,0.0,0.0
A0A0K3AVY3_138_H8N2,0.0,0.0,0.0,0.0,0.0,0.0,0.0,0.0,0.0,0.0,0.0,0.0,0.0,0.0,152021.5,0.0,0.0,1234397.0
A0A0K9RL25_101_H3N4F1Pen1,0.0,0.0,0.0,0.0,0.0,0.0,27713770.0,0.0,0.0,0.0,0.0,0.0,0.0,0.0,0.0,0.0,0.0,0.0
A0A0M3R8G2_172_H7N2,0.0,3404973.0,2197016.0,0.0,1781920.0,836653.9,0.0,0.0,0.0,0.0,0.0,0.0,0.0,2952401.0,0.0,0.0,1168803.0,0.0
A0A0M3R8G2_172_H8N2,0.0,0.0,0.0,0.0,0.0,0.0,0.0,3768635.0,0.0,0.0,945162.9,0.0,3036910.0,0.0,0.0,1693391.0,0.0,0.0
A0A0M4FLW6_681_H3N3F1Pen1,0.0,0.0,0.0,0.0,0.0,0.0,0.0,0.0,0.0,0.0,0.0,0.0,0.0,295849.4,0.0,0.0,7005822.0,0.0
A0A0N9HT29_100_H3N2F1Pen1,0.0,0.0,0.0,0.0,0.0,0.0,0.0,0.0,0.0,18824540.0,0.0,0.0,0.0,0.0,0.0,0.0,0.0,48211220.0
A0A0P0UZP7_519_H3N2F1Pen1,0.0,0.0,10504840.0,0.0,0.0,0.0,0.0,49323720.0,0.0,0.0,657326.0,0.0,0.0,0.0,0.0,0.0,0.0,0.0
A0A0P0V4R0_566_H3N4F1Pen1,0.0,0.0,0.0,0.0,0.0,0.0,0.0,0.0,0.0,0.0,0.0,18599350.0,0.0,0.0,0.0,0.0,0.0,9752816.0
A0A0P0V4R0_566_H4N2Pen1,0.0,0.0,0.0,0.0,0.0,0.0,0.0,0.0,0.0,0.0,0.0,0.0,0.0,0.0,12919750.0,0.0,0.0,3881492.0
A0A0P0VUY4_905_H8N2,0.0,0.0,0.0,0.0,106006400.0,0.0,0.0,0.0,0.0,0.0,0.0,11843120.0,0.0,0.0,0.0,0.0,92055710.0,0.0
A0A0P0X9Z7_434_H3N2F1Pen1,0.0,0.0,0.0,0.0,0.0,0.0,0.0,0.0,6678779.0,0.0,0.0,0.0,0.0,6392704.0,0.0,0.0,0.0,0.0
A0A0P0X9Z7_593_H8N2,0.0,0.0,0.0,0.0,0.0,0.0,0.0,0.0,0.0,0.0,0.0,0.0,0.0,274022.7,0.0,0.0,1621092.0,0.0
A0A0P0XII1_223_H3N2F1Pen1,0.0,0.0,0.0,0.0,30699600.0,0.0,0.0,0.0,0.0,0.0,0.0,0.0,0.0,0.0,0.0,13227520.0,0.0,0.0
A0A0P0XII1_223_H3N2Pen1,0.0,0.0,0.0,0.0,1957758.0,0.0,0.0,0.0,0.0,0.0,0.0,0.0,0.0,0.0,0.0,0.0,0.0,0.0
A0A0P0XII1_223_H4N3F1Pen1,0.0,0.0,0.0,0.0,0.0,0.0,0.0,0.0,0.0,0.0,0.0,0.0,0.0,0.0,631058.3,0.0,0.0,7351253.0
A0A0P0XXR9_128_H3N2F1Pen1,3559999.0,0.0,0.0,2624104.0,0.0,0.0,0.0,27766810.0,0.0,0.0,16187990.0,0.0,0.0,0.0,0.0,0.0,0.0,0.0
A0A0U2D9C5_425_H3N2F1Pen1,0.0,0.0,0.0,0.0,0.0,0.0,0.0,0.0,0.0,0.0,0.0,10578090.0,0.0,0.0,0.0,0.0,0.0,0.0
A0A161IUT7_31_H7N2,0.0,0.0,0.0,0.0,0.0,0.0,0.0,0.0,6429048.0,0.0,0.0,1389898.0,0.0,0.0,0.0,0.0,0.0,0.0
A0A161IUT7_31_H8N2,0.0,0.0,0.0,0.0,0.0,0.0,44379250.0,0.0,0.0,0.0,0.0,0.0,29353540.0,0.0,0.0,0.0,0.0,0.0
A0A166B1A6_181_H3N2F1Pen1,0.0,0.0,0.0,0.0,0.0,0.0,0.0,0.0,0.0,0.0,0.0,0.0,0.0,17724360.0,0.0,0.0,581291.8,0.0
A0A167V661_228_H10N2,0.0,731074.6,0.0,0.0,5796817.0,0.0,0.0,0.0,925531.0,0.0,0.0,5028219.0,0.0,0.0,0.0,0.0,0.0,0.0
A0A167V661_228_H4N4F2Pen1,0.0,0.0,4487832.0,0.0,0.0,6787881.0,0.0,0.0,0.0,0.0,0.0,0.0,0.0,0.0,0.0,0.0,0.0,0.0
A0A167V661_228_H9N2,0.0,0.0,0.0,0.0,0.0,0.0,0.0,0.0,0.0,0.0,12174050.0,0.0,0.0,0.0,0.0,0.0,0.0,0.0
A0A172J2D0_202_H4N4F1Pen1,0.0,0.0,0.0,0.0,0.0,0.0,0.0,0.0,0.0,0.0,0.0,14218810.0,0.0,0.0,0.0,0.0,0.0,13854260.0
A0A172J2G3_111_H3N2Pen1,12291280.0,0.0,0.0,11534410.0,0.0,0.0,0.0,0.0,0.0,0.0,0.0,0.0,0.0,0.0,0.0,0.0,0.0,0.0
A0A193AU77_474_H3N3F1Pen1,0.0,0.0,0.0,0.0,0.0,0.0,13137720.0,0.0,0.0,0.0,0.0,0.0,0.0,0.0,0.0,0.0,0.0,0.0
A0A193AUF6_252_H3N2Pen1,0.0,0.0,0.0,0.0,0.0,0.0,0.0,0.0,0.0,0.0,0.0,0.0,0.0,3244708.0,0.0,0.0,187550.4,0.0
A0A1B1J8Z2_147_H3N2F1Pen1,0.0,0.0,0.0,0.0,0.0,0.0,0.0,0.0,0.0,0.0,0.0,22250500.0,0.0,0.0,0.0,13150150.0,0.0,0.0
A0A1B1J8Z2_147_H4N4F1Pen1,0.0,0.0,0.0,0.0,0.0,0.0,0.0,0.0,0.0,0.0,0.0,0.0,0.0,0.0,819267.8,7389197.0,0.0,6597918.0
A0A1B1J8Z2_147_H7N2,0.0,0.0,0.0,0.0,2525568.0,0.0,0.0,0.0,0.0,2752439.0,0.0,0.0,0.0,0.0,0.0,0.0,0.0,0.0
A0A1B1J8Z2_147_H8N2,0.0,0.0,0.0,0.0,0.0,0.0,0.0,0.0,0.0,0.0,5779950.0,0.0,0.0,0.0,0.0,0.0,0.0,0.0
A0A1B1J8Z2_147_H9N2,0.0,0.0,0.0,0.0,0.0,4400960.0,0.0,0.0,0.0,0.0,0.0,0.0,0.0,0.0,0.0,0.0,0.0,0.0
A0A1B1J8Z2_193_H3N2F1Pen1,4624700.0,7119211.0,0.0,0.0,11425430.0,0.0,0.0,0.0,0.0,0.0,0.0,0.0,0.0,15237500.0,0.0,0.0,691745.1,0.0
A0A1C9CX66_275_H3N2F1Pen1,0.0,0.0,0.0,0.0,0.0,0.0,0.0,5457853.0,0.0,0.0,0.0,0.0,0.0,0.0,0.0,0.0,0.0,0.0
A0A1C9U5X5_160_H3N4F1Pen1,0.0,0.0,0.0,0.0,0.0,0.0,18517840.0,0.0,0.0,0.0,0.0,0.0,0.0,0.0,0.0,0.0,0.0,0.0
A0A1D6GQ67_267_H3N2F1Pen1,0.0,0.0,0.0,0.0,0.0,0.0,235865.7,0.0,0.0,4770765.0,0.0,0.0,0.0,0.0,0.0,0.0,0.0,0.0
A0A1D6KUI6_655_H6N3,0.0,0.0,0.0,0.0,20702840.0,0.0,0.0,0.0,0.0,0.0,0.0,0.0,0.0,0.0,0.0,0.0,0.0,0.0
A0A1D6LAB7_720_H3N4F1Pen1,2025299.0,0.0,0.0,491405.3,0.0,0.0,0.0,0.0,0.0,0.0,0.0,0.0,0.0,0.0,0.0,0.0,0.0,0.0
A0A1I9LM04_93_H3N2F1Pen1,0.0,0.0,0.0,0.0,0.0,0.0,0.0,0.0,14191460.0,0.0,0.0,360405.1,0.0,0.0,0.0,0.0,0.0,0.0
A0A1I9Q5Z0_118_H3N2Pen1,76880.63,0.0,0.0,1603736.0,0.0,0.0,0.0,0.0,0.0,0.0,0.0,0.0,0.0,0.0,0.0,0.0,0.0,0.0
A0A1I9Q5Z0_118_H3N4Pen1,0.0,0.0,0.0,0.0,0.0,7022120.0,0.0,0.0,0.0,0.0,0.0,0.0,0.0,0.0,0.0,0.0,0.0,0.0
A0A1J6KGJ9_415_H8N2,0.0,0.0,0.0,0.0,0.0,0.0,0.0,0.0,0.0,0.0,0.0,0.0,0.0,4448197.0,0.0,0.0,230838.8,0.0
A0A1P8AW69_526_H3N2Pen1,0.0,0.0,0.0,0.0,0.0,0.0,0.0,4853879.0,0.0,0.0,3524018.0,0.0,0.0,0.0,0.0,0.0,0.0,0.0
A0A1P8AWH8_657_H3N2F1Pen1,0.0,0.0,0.0,0.0,0.0,0.0,0.0,0.0,0.0,0.0,0.0,0.0,38358950.0,0.0,0.0,887490.5,0.0,0.0
A0A1P8AWH8_657_H3N3F1Pen1,0.0,0.0,0.0,0.0,0.0,0.0,59544760.0,27228260.0,0.0,0.0,1706513.0,0.0,0.0,0.0,68847680.0,0.0,0.0,0.0
A0A1S3XSG2_632_H3N2F1Pen1,0.0,6708983.0,0.0,0.0,0.0,0.0,0.0,0.0,0.0,0.0,0.0,0.0,0.0,0.0,0.0,0.0,0.0,0.0
A0A1S3XSG2_632_H3N3F1Pen1,0.0,3211147.0,0.0,0.0,0.0,0.0,0.0,0.0,0.0,0.0,0.0,0.0,0.0,0.0,0.0,0.0,0.0,0.0
A0A1S3XSG2_632_H4N3F1Pen1,0.0,0.0,0.0,0.0,0.0,0.0,0.0,0.0,0.0,0.0,0.0,0.0,8369293.0,0.0,0.0,324996.8,0.0,0.0
A0A1S3YCW2_444_H3N2F1Pen1,0.0,0.0,0.0,0.0,0.0,0.0,0.0,0.0,0.0,0.0,0.0,0.0,0.0,0.0,0.0,0.0,0.0,4418368.0
A0A1S3YCW2_444_H3N4F1Pen1,0.0,0.0,0.0,0.0,0.0,0.0,7377373.0,0.0,5868498.0,290943.8,0.0,0.0,9623327.0,0.0,0.0,0.0,0.0,0.0
A0A1S3YEG8_58_H8N2,0.0,0.0,0.0,0.0,0.0,0.0,0.0,0.0,0.0,0.0,0.0,0.0,0.0,0.0,0.0,0.0,7295214.0,0.0
A0A1S3YEG8_630_H3N3F1Pen1,0.0,0.0,0.0,0.0,0.0,0.0,0.0,0.0,0.0,0.0,0.0,0.0,0.0,0.0,5956407.0,0.0,0.0,927012.5
A0A1S3YEG8_76_H8N2,0.0,0.0,0.0,0.0,0.0,0.0,0.0,0.0,0.0,0.0,0.0,0.0,0.0,0.0,7040837.0,0.0,0.0,3160260.0
A0A1S5RW73_174_H3N3F1Pen1,0.0,0.0,0.0,0.0,0.0,7646647.0,0.0,2029027.0,0.0,0.0,16168250.0,0.0,0.0,0.0,0.0,0.0,0.0,0.0
A0A1S5RW73_174_H4N3F1Pen1,0.0,179459.4,0.0,0.0,7587632.0,0.0,0.0,0.0,0.0,0.0,0.0,0.0,0.0,0.0,0.0,0.0,0.0,0.0
A0A1S5RW73_605_H3N2F1Pen1,0.0,0.0,0.0,0.0,0.0,0.0,0.0,0.0,0.0,0.0,0.0,0.0,0.0,0.0,0.0,27703420.0,0.0,0.0
A0A1U8IPT1_378_H7N2,0.0,0.0,0.0,0.0,0.0,0.0,0.0,0.0,0.0,0.0,0.0,0.0,0.0,0.0,0.0,0.0,0.0,1758057.0
A0A1X9IRP7_137_H8N2,0.0,0.0,0.0,0.0,0.0,0.0,0.0,0.0,0.0,0.0,0.0,0.0,328776.8,0.0,0.0,14394390.0,0.0,0.0
A0A1X9ISP7_39_H3N2F1Pen1,0.0,0.0,0.0,0.0,0.0,0.0,0.0,0.0,2215746.0,0.0,0.0,16926620.0,0.0,0.0,0.0,0.0,0.0,0.0
A0A221J5X1_272_H3N2F1Pen1,11060150.0,0.0,0.0,228027.5,0.0,0.0,0.0,0.0,0.0,0.0,0.0,0.0,0.0,0.0,0.0,0.0,0.0,0.0
A0A2H5AIX6_183_H3N2F1Pen1,0.0,13202630.0,0.0,0.0,0.0,0.0,31464810.0,0.0,0.0,1945376.0,0.0,0.0,6222440.0,0.0,13749350.0,0.0,0.0,1169672.0
A0A2H5AIX6_183_H4N2Pen1,0.0,0.0,0.0,0.0,0.0,0.0,0.0,0.0,0.0,0.0,0.0,0.0,0.0,0.0,10464560.0,0.0,0.0,2598452.0
A0A2H5Q1B8_866_H3N3F1Pen1,0.0,609905.5,0.0,0.0,15874290.0,16098270.0,0.0,0.0,0.0,0.0,0.0,0.0,0.0,0.0,0.0,0.0,0.0,0.0
A0A2H5Q1B8_948_H3N4F1Pen1,0.0,515062.1,0.0,0.0,12574110.0,0.0,0.0,0.0,0.0,0.0,0.0,0.0,0.0,0.0,0.0,0.0,0.0,0.0
A0A2I7G3B2_111_H3N4F1Pen1,0.0,0.0,0.0,0.0,0.0,0.0,0.0,0.0,10103270.0,0.0,0.0,4350727.0,0.0,0.0,0.0,0.0,0.0,0.0
A0A2J6KL39_79_H3N2F1Pen1,0.0,0.0,0.0,0.0,0.0,9055563.0,0.0,0.0,0.0,0.0,19755360.0,0.0,0.0,0.0,0.0,0.0,0.0,0.0
A0A2K1JJ00_553_H3N3F1Pen1,0.0,0.0,0.0,0.0,0.0,0.0,0.0,0.0,0.0,0.0,0.0,0.0,0.0,0.0,0.0,0.0,5180566.0,7658388.0
A0A2K1JJ00_57_H3N2F1Pen1,0.0,0.0,0.0,0.0,0.0,0.0,0.0,8681782.0,8785823.0,0.0,5328863.0,4588024.0,0.0,0.0,0.0,0.0,0.0,0.0
A0A2P1GIY9_168_H4N2Pen1,0.0,0.0,2568611.0,0.0,0.0,0.0,0.0,0.0,0.0,0.0,0.0,0.0,0.0,0.0,0.0,0.0,0.0,0.0
A0A2U7XUH7_9_H6N2,0.0,0.0,0.0,0.0,0.0,0.0,1728459.0,0.0,0.0,0.0,0.0,0.0,0.0,0.0,0.0,0.0,0.0,0.0
A0A2Z5CV93_209_H3N2F1Pen1,0.0,18312870.0,9908988.0,0.0,28172020.0,14710070.0,0.0,0.0,0.0,0.0,0.0,0.0,0.0,0.0,0.0,0.0,0.0,0.0
A0A2Z5CV93_209_H3N3F1Pen1,0.0,0.0,0.0,0.0,0.0,0.0,0.0,0.0,0.0,0.0,0.0,6913775.0,0.0,0.0,0.0,5199693.0,0.0,3047988.0
A0A314KSQ4_418_H3N3F1Pen1,0.0,0.0,0.0,0.0,0.0,0.0,0.0,1165931.0,0.0,0.0,46208270.0,0.0,0.0,0.0,0.0,0.0,0.0,0.0
A0A325_1176_H3N2F1Pen1,0.0,0.0,6726042.0,0.0,0.0,0.0,0.0,0.0,0.0,0.0,0.0,0.0,0.0,0.0,0.0,0.0,0.0,0.0
A0A325_143_H3N4Pen1,0.0,0.0,0.0,0.0,0.0,0.0,0.0,0.0,8806859.0,0.0,0.0,0.0,0.0,0.0,0.0,0.0,0.0,0.0
A0A367_144_H3N2F1Pen1,0.0,0.0,0.0,0.0,0.0,0.0,0.0,0.0,34559790.0,0.0,0.0,1248508.0,0.0,0.0,0.0,0.0,0.0,0.0
A0A367_144_H3N3F1Pen1,0.0,0.0,16942430.0,0.0,0.0,1682498.0,0.0,0.0,0.0,0.0,0.0,0.0,0.0,0.0,0.0,0.0,0.0,0.0
A0A367_144_H3N4F1Pen1,0.0,0.0,13458820.0,0.0,0.0,1896130.0,0.0,0.0,0.0,0.0,0.0,0.0,0.0,0.0,0.0,0.0,0.0,0.0
A0A384_201_H3N4F1Pen1,0.0,0.0,0.0,0.0,0.0,0.0,0.0,0.0,0.0,0.0,0.0,27207670.0,0.0,0.0,0.0,0.0,0.0,0.0
A0A393_1810_H3N2F1Pen1,0.0,0.0,0.0,0.0,0.0,0.0,0.0,0.0,8690191.0,0.0,0.0,0.0,0.0,0.0,0.0,0.0,0.0,0.0
A0A396IUP1_26_H10N2,0.0,0.0,0.0,0.0,15189270.0,0.0,0.0,0.0,0.0,0.0,0.0,0.0,0.0,0.0,0.0,0.0,0.0,12502680.0
A0A3B6KF13_353_H3N3F1Pen1,163497400.0,0.0,0.0,6139665.0,0.0,0.0,0.0,0.0,0.0,0.0,0.0,0.0,0.0,0.0,0.0,0.0,0.0,0.0
A0A3G5BB24_112_H3N2F1Pen1,0.0,0.0,0.0,0.0,0.0,0.0,0.0,66491040.0,0.0,0.0,0.0,0.0,0.0,0.0,37898130.0,0.0,0.0,0.0
A0A3G5BB24_112_H3N2Pen1,0.0,0.0,0.0,0.0,0.0,0.0,0.0,0.0,65888060.0,0.0,0.0,0.0,0.0,0.0,34355880.0,0.0,0.0,0.0
A0A3G5BB24_112_H4N3F1Pen1,0.0,0.0,0.0,0.0,0.0,0.0,0.0,0.0,0.0,0.0,0.0,0.0,0.0,0.0,12811570.0,0.0,0.0,0.0
A0A3G5BB24_112_H5N2,0.0,13345220.0,0.0,0.0,0.0,0.0,0.0,0.0,0.0,0.0,0.0,0.0,0.0,0.0,0.0,0.0,0.0,0.0
A0A3G5BB24_112_H5N3Pen1,0.0,0.0,6837764.0,0.0,0.0,0.0,0.0,0.0,0.0,0.0,0.0,0.0,0.0,0.0,0.0,0.0,0.0,0.0
A0A3Q7H216_261_H3N4F1Pen1,0.0,6179473.0,0.0,0.0,0.0,0.0,0.0,0.0,0.0,0.0,0.0,0.0,0.0,3662437.0,0.0,0.0,2398524.0,0.0
A0A3Q7JC00_244_H7N3,0.0,0.0,0.0,0.0,0.0,0.0,0.0,0.0,5769544.0,0.0,0.0,284616.1,0.0,0.0,0.0,0.0,0.0,0.0
A0A4D6Q4T7_287_H3N2F1Pen1,0.0,0.0,3267141.0,0.0,0.0,1375327.0,0.0,0.0,0.0,0.0,0.0,0.0,0.0,0.0,0.0,0.0,0.0,0.0
A0A4D6Q4T7_287_H8N2,0.0,6799855.0,0.0,0.0,0.0,0.0,0.0,0.0,20007810.0,0.0,0.0,0.0,0.0,0.0,3921122.0,0.0,0.0,0.0
A0A7G5KLV0_578_H6N2,0.0,0.0,179311.1,0.0,0.0,94487350.0,0.0,0.0,645346.3,0.0,0.0,35718470.0,0.0,0.0,0.0,0.0,0.0,0.0
A0A7G5KLV1_483_H8N2,0.0,0.0,0.0,0.0,0.0,0.0,0.0,0.0,0.0,0.0,0.0,0.0,0.0,873534.3,0.0,0.0,20801960.0,0.0
A0MEX7_172_H3N2F1Pen1,0.0,6635710.0,0.0,0.0,13002000.0,0.0,0.0,0.0,0.0,0.0,0.0,0.0,0.0,0.0,0.0,0.0,0.0,0.0
A0ZZ67_303_H3N2F1Pen1,0.0,0.0,0.0,0.0,0.0,0.0,0.0,0.0,0.0,0.0,0.0,34060620.0,0.0,0.0,0.0,0.0,0.0,0.0
A0ZZ93_1078_H4N3Pen1,0.0,0.0,0.0,0.0,0.0,0.0,0.0,0.0,0.0,0.0,0.0,0.0,0.0,0.0,9200111.0,0.0,0.0,1405480.0
A0ZZ93_1170_H3N2F1Pen1,0.0,0.0,0.0,0.0,0.0,0.0,0.0,55630110.0,0.0,0.0,68552110.0,0.0,0.0,30782480.0,0.0,0.0,45971860.0,0.0
A0ZZ93_1170_H4N2Pen1,0.0,5975900.0,0.0,0.0,8181174.0,0.0,0.0,0.0,0.0,0.0,0.0,0.0,0.0,0.0,0.0,0.0,0.0,0.0
A0ZZ93_491_H3N4F1Pen1,0.0,0.0,0.0,0.0,0.0,0.0,0.0,6004046.0,0.0,0.0,661126.3,0.0,0.0,0.0,0.0,0.0,0.0,31122580.0
A1E9U6_59_H3N4F1Pen1,0.0,0.0,1287329.0,0.0,0.0,4052367.0,0.0,0.0,0.0,0.0,0.0,0.0,0.0,0.0,0.0,0.0,0.0,0.0
A1E9X6_94_H3N2F1Pen1,0.0,0.0,0.0,0.0,0.0,0.0,0.0,0.0,0.0,0.0,0.0,0.0,0.0,0.0,27544030.0,0.0,0.0,0.0
A1L4Y2_113_H3N2F1Pen1,0.0,0.0,0.0,0.0,0.0,0.0,0.0,0.0,0.0,0.0,0.0,0.0,0.0,0.0,0.0,0.0,22486580.0,0.0
A1XFT6_263_H3N3F1Pen1,0.0,0.0,0.0,0.0,0.0,0.0,0.0,0.0,0.0,9775046.0,0.0,0.0,0.0,0.0,0.0,0.0,0.0,0.0
A1XFZ9_1767_H4N3Pen1,55119980.0,0.0,0.0,777583.9,0.0,0.0,0.0,0.0,0.0,0.0,0.0,0.0,0.0,0.0,0.0,0.0,0.0,0.0
A1XGB4_129_H4N3Pen1,0.0,0.0,0.0,0.0,0.0,0.0,0.0,0.0,0.0,0.0,0.0,7106846.0,0.0,0.0,0.0,0.0,0.0,0.0
A1XGL9_414_H3N4F1Pen1,0.0,1161153.0,0.0,0.0,12287030.0,0.0,0.0,0.0,0.0,8805847.0,0.0,0.0,0.0,0.0,0.0,0.0,0.0,0.0
A2A1A0_4_H3N2F1Pen1,0.0,0.0,0.0,0.0,0.0,0.0,31051900.0,16799300.0,0.0,0.0,0.0,0.0,0.0,0.0,0.0,0.0,0.0,0.0
A2RQG7_381_H3N2F1Pen1,0.0,0.0,0.0,0.0,0.0,0.0,0.0,0.0,0.0,0.0,0.0,0.0,5111681.0,0.0,0.0,0.0,0.0,0.0
A2RQG7_381_H8N2,15828800.0,15751650.0,0.0,0.0,0.0,0.0,0.0,0.0,0.0,0.0,0.0,0.0,0.0,0.0,0.0,0.0,0.0,0.0
A2RQG7_415_H3N2F1Pen1,0.0,0.0,0.0,0.0,0.0,0.0,5034301.0,0.0,0.0,0.0,0.0,0.0,0.0,0.0,0.0,0.0,0.0,0.0
A2RVQ4_180_H3N2F1Pen1,0.0,0.0,3390129.0,0.0,0.0,0.0,0.0,0.0,0.0,0.0,0.0,0.0,0.0,0.0,0.0,0.0,0.0,0.0
A2RVQ4_180_H4N4Pen1,0.0,0.0,0.0,0.0,0.0,5308787.0,0.0,0.0,0.0,0.0,0.0,0.0,0.0,0.0,0.0,0.0,0.0,0.0
A2T308_1879_H3N2F1Pen1,0.0,0.0,0.0,0.0,0.0,0.0,0.0,0.0,0.0,0.0,0.0,0.0,0.0,0.0,8219266.0,0.0,0.0,1391539.0
A2T308_588_H6N2,0.0,709470.3,0.0,0.0,5361782.0,0.0,0.0,3877674.0,0.0,0.0,14155760.0,0.0,0.0,0.0,0.0,0.0,0.0,0.0
A2T322_513_H3N2F1Pen1,0.0,0.0,0.0,0.0,0.0,0.0,0.0,0.0,0.0,3133896.0,0.0,0.0,0.0,0.0,0.0,0.0,0.0,0.0
A2T323_172_H3N2F1Pen1,0.0,0.0,5322965.0,0.0,0.0,4517891.0,0.0,0.0,0.0,0.0,0.0,0.0,0.0,0.0,0.0,0.0,0.0,0.0
A2T345_54_H3N2Pen1,0.0,0.0,0.0,0.0,0.0,0.0,0.0,0.0,0.0,0.0,0.0,0.0,3818672.0,0.0,0.0,318745.0,0.0,0.0
A2T366_120_H8N2,0.0,823879.0,0.0,0.0,228559.7,0.0,0.0,0.0,1455692.0,0.0,0.0,214169.5,0.0,0.0,0.0,0.0,0.0,0.0
A2T369_30_H3N2F1Pen1,47628040.0,0.0,0.0,123797500.0,0.0,0.0,0.0,0.0,45303620.0,0.0,0.0,220537600.0,0.0,0.0,41626920.0,0.0,0.0,98931280.0
A2T369_30_H3N2Pen1,0.0,0.0,2764583.0,0.0,0.0,5670882.0,0.0,2883744.0,0.0,0.0,11952630.0,0.0,1759955.0,0.0,0.0,7933435.0,0.0,0.0
A2T369_30_H3N3F1Pen1,0.0,3374520.0,2396856.0,0.0,10770430.0,15660880.0,0.0,0.0,5502278.0,0.0,0.0,54172240.0,1704446.0,2030169.0,0.0,11396420.0,37462450.0,0.0
A2T369_30_H3N4F1Pen1,0.0,1052798.0,0.0,0.0,4342446.0,0.0,0.0,0.0,0.0,0.0,11465080.0,0.0,0.0,2158053.0,1028149.0,0.0,7198819.0,7126898.0
A2T369_30_H4N4F2Pen1,0.0,0.0,0.0,0.0,0.0,0.0,0.0,0.0,0.0,2552637.0,0.0,0.0,247263.2,0.0,0.0,10337770.0,0.0,0.0
A2T375_15_H3N2F1Pen1,0.0,0.0,0.0,0.0,0.0,0.0,0.0,2911878.0,0.0,0.0,0.0,0.0,0.0,0.0,0.0,0.0,0.0,0.0
A2T378_131_H3N2F1Pen1,0.0,0.0,12923580.0,0.0,120765300.0,33210820.0,0.0,26632850.0,0.0,0.0,0.0,0.0,0.0,0.0,0.0,0.0,0.0,0.0
A2T381_41_H3N2F1Pen1,0.0,0.0,0.0,0.0,0.0,0.0,0.0,0.0,235202.8,0.0,0.0,10455250.0,0.0,0.0,0.0,0.0,0.0,0.0
A2WKK5_335_H3N3F1Pen1,0.0,6543559.0,23157560.0,0.0,4774482.0,18265740.0,0.0,0.0,0.0,0.0,0.0,0.0,0.0,0.0,0.0,0.0,0.0,0.0
A2WSH0_1195_H3N4Pen1,0.0,3301282.0,0.0,0.0,261396.3,0.0,0.0,0.0,0.0,0.0,0.0,0.0,0.0,0.0,0.0,0.0,0.0,0.0
A2WSH0_1195_H7N2,0.0,5807607.0,0.0,0.0,0.0,0.0,0.0,0.0,0.0,0.0,0.0,0.0,0.0,0.0,0.0,0.0,0.0,0.0
A2WSH0_932_H3N4F1Pen1,0.0,0.0,0.0,0.0,0.0,0.0,0.0,0.0,0.0,0.0,0.0,0.0,0.0,7198679.0,0.0,0.0,8385429.0,0.0
A2WV32_945_H8N2,0.0,0.0,0.0,0.0,0.0,0.0,0.0,0.0,0.0,0.0,0.0,0.0,1531784.0,0.0,0.0,5946427.0,0.0,0.0
A2WYE9_106_H3N2F1Pen1,0.0,0.0,0.0,0.0,0.0,0.0,0.0,0.0,332977.2,0.0,0.0,12827260.0,0.0,0.0,0.0,0.0,0.0,0.0
A2X1A1_882_H3N3F1Pen1,0.0,0.0,0.0,0.0,0.0,0.0,0.0,0.0,0.0,30365930.0,34187070.0,0.0,0.0,0.0,0.0,0.0,0.0,14669790.0
A2X1A1_882_H3N4F1Pen1,0.0,0.0,0.0,0.0,0.0,0.0,0.0,0.0,0.0,0.0,0.0,15776220.0,0.0,0.0,0.0,0.0,0.0,0.0
A2XDG4_8_H3N2F1Pen1,0.0,0.0,0.0,0.0,0.0,11614890.0,0.0,0.0,0.0,0.0,0.0,0.0,0.0,0.0,0.0,0.0,0.0,0.0
A2XDG4_8_H3N2Pen1,0.0,0.0,0.0,0.0,0.0,0.0,0.0,0.0,0.0,0.0,0.0,0.0,0.0,0.0,0.0,3610494.0,0.0,0.0
A2XDG4_8_H4N3F1Pen1,0.0,0.0,184130.3,0.0,0.0,6258491.0,0.0,0.0,0.0,0.0,0.0,0.0,0.0,0.0,0.0,0.0,0.0,0.0
A2XFI3_382_H6N2,0.0,0.0,0.0,0.0,0.0,0.0,0.0,0.0,0.0,0.0,0.0,50809770.0,0.0,0.0,0.0,0.0,0.0,0.0
A2XHZ9_31_H6N2,2612271.0,948217.9,0.0,3648808.0,2607877.0,0.0,0.0,2405715.0,0.0,0.0,1726083.0,0.0,0.0,0.0,1726589.0,0.0,0.0,895109.5
A2XHZ9_31_H7N2,0.0,0.0,0.0,0.0,0.0,0.0,0.0,0.0,0.0,0.0,0.0,0.0,0.0,2990479.0,3464769.0,0.0,1534368.0,1735304.0
A2XI04_87_H3N2F1Pen1,0.0,0.0,0.0,0.0,0.0,0.0,0.0,8615171.0,0.0,2027729.0,421978.0,0.0,0.0,0.0,0.0,0.0,0.0,0.0
A2XK57_20_H3N2F1Pen1,0.0,0.0,0.0,0.0,0.0,0.0,0.0,0.0,0.0,9780781.0,0.0,0.0,0.0,0.0,0.0,0.0,0.0,0.0
A2XM23_65_H3N4F1Pen1,0.0,0.0,0.0,0.0,0.0,0.0,8592713.0,0.0,0.0,2500659.0,0.0,0.0,0.0,0.0,0.0,0.0,0.0,0.0
A2XM23_65_H8N2,0.0,69673580.0,0.0,0.0,0.0,0.0,0.0,0.0,0.0,0.0,0.0,0.0,0.0,0.0,0.0,0.0,0.0,0.0
A2XX73_33_H3N3F1Pen1,0.0,0.0,0.0,0.0,0.0,0.0,0.0,0.0,0.0,0.0,0.0,0.0,1843722.0,0.0,0.0,0.0,0.0,0.0
A2XX73_33_H4N3F1Pen1,0.0,0.0,0.0,0.0,0.0,0.0,7672742.0,8087303.0,6113559.0,0.0,0.0,0.0,0.0,0.0,7202617.0,0.0,0.0,0.0
A2Y040_236_H3N4F1Pen1,0.0,0.0,0.0,0.0,0.0,0.0,0.0,0.0,0.0,0.0,0.0,0.0,0.0,0.0,0.0,25788300.0,0.0,27284170.0
A2Y053_181_H3N4F1Pen1,0.0,0.0,3296948.0,0.0,0.0,3558114.0,0.0,0.0,0.0,0.0,0.0,0.0,0.0,0.0,0.0,0.0,0.0,0.0
A2Y3Q5_38_H3N4F1Pen1,0.0,0.0,0.0,0.0,0.0,0.0,0.0,0.0,0.0,0.0,0.0,0.0,0.0,6652533.0,0.0,0.0,2825286.0,0.0
A2Y8U6_120_H9N2,0.0,0.0,0.0,0.0,0.0,0.0,0.0,3243271.0,0.0,0.0,0.0,0.0,0.0,0.0,0.0,0.0,0.0,0.0
A2Y8U6_442_H3N3F1Pen1,0.0,0.0,0.0,0.0,0.0,0.0,0.0,0.0,0.0,8762626.0,0.0,0.0,0.0,0.0,0.0,0.0,0.0,0.0
A2Y9C5_378_H3N4F1Pen1,0.0,0.0,0.0,0.0,0.0,0.0,0.0,0.0,0.0,0.0,0.0,13206420.0,0.0,0.0,0.0,0.0,0.0,0.0
A2YMH5_363_H3N2F1Pen1,0.0,0.0,0.0,0.0,0.0,0.0,6847758.0,0.0,0.0,0.0,0.0,0.0,0.0,0.0,0.0,0.0,0.0,0.0
A2YMH5_363_H8N2,0.0,0.0,0.0,0.0,0.0,0.0,0.0,0.0,0.0,0.0,0.0,0.0,636115.1,0.0,0.0,5050564.0,0.0,0.0
A2YQ93_387_H3N4Pen1,0.0,0.0,0.0,0.0,0.0,0.0,0.0,0.0,0.0,0.0,0.0,0.0,0.0,384382.8,0.0,0.0,2562887.0,0.0
A2YQ93_387_H7N2,0.0,0.0,0.0,0.0,0.0,0.0,167920.7,0.0,0.0,6440080.0,0.0,0.0,0.0,0.0,140066.0,0.0,0.0,3169205.0
A2YR10_348_H3N3F1Pen1,0.0,0.0,0.0,0.0,0.0,0.0,0.0,0.0,0.0,0.0,0.0,4964463.0,0.0,0.0,622743.8,0.0,0.0,6755761.0
A2YR10_348_H4N3Pen1,0.0,0.0,0.0,0.0,0.0,0.0,0.0,0.0,0.0,0.0,3093011.0,0.0,0.0,0.0,0.0,0.0,0.0,0.0
A2Z2J6_103_H3N2F1Pen1,0.0,0.0,0.0,0.0,0.0,0.0,0.0,0.0,9608091.0,0.0,0.0,0.0,0.0,0.0,0.0,0.0,0.0,0.0
A2Z2J6_103_H3N4F1Pen1,0.0,0.0,0.0,0.0,0.0,0.0,0.0,2987429.0,0.0,0.0,1308774.0,0.0,0.0,0.0,0.0,0.0,0.0,0.0
A2ZMH2_97_H3N3F1Pen1,0.0,0.0,0.0,0.0,0.0,0.0,524351.8,0.0,0.0,1359054.0,0.0,0.0,0.0,0.0,0.0,0.0,0.0,0.0
A2ZNT5_100_H3N4F1Pen1,0.0,0.0,0.0,0.0,0.0,0.0,15844060.0,0.0,0.0,0.0,0.0,0.0,0.0,11972490.0,0.0,0.0,0.0,0.0
A3AWA4_768_H3N3F1Pen1,0.0,0.0,0.0,0.0,0.0,0.0,0.0,0.0,0.0,0.0,0.0,0.0,0.0,0.0,0.0,0.0,5094384.0,0.0
A3AZW5_304_H3N3F1Pen1,1126349.0,0.0,0.0,2437760.0,0.0,0.0,0.0,0.0,0.0,0.0,0.0,0.0,0.0,0.0,0.0,0.0,0.0,0.0
A3BFT0_745_H3N2F1Pen1,0.0,0.0,0.0,0.0,0.0,0.0,0.0,1672566.0,0.0,0.0,569388.6,0.0,0.0,0.0,0.0,0.0,0.0,0.0
A3BFT0_745_H3N3F1Pen1,0.0,0.0,0.0,0.0,0.0,0.0,0.0,0.0,0.0,0.0,0.0,0.0,0.0,6673870.0,0.0,0.0,1207583.0,0.0
A3BFT0_745_H4N3F1Pen1,0.0,0.0,0.0,0.0,0.0,0.0,0.0,0.0,0.0,0.0,0.0,0.0,0.0,0.0,0.0,0.0,8636410.0,0.0
A3BH91_387_H8N2,8516570.0,0.0,0.0,0.0,0.0,0.0,0.0,0.0,0.0,0.0,0.0,0.0,0.0,0.0,0.0,0.0,0.0,0.0
A3C053_103_H3N4F1Pen1,0.0,6569156.0,7950326.0,0.0,8747836.0,10867880.0,0.0,0.0,0.0,0.0,0.0,0.0,0.0,0.0,0.0,0.0,0.0,0.0
A3EWL3_8_H3N3F1Pen1,0.0,0.0,0.0,0.0,0.0,0.0,0.0,0.0,0.0,0.0,0.0,0.0,4107325.0,0.0,0.0,0.0,0.0,0.0
A3EWL3_993_H3N2F1Pen1,0.0,0.0,10377910.0,0.0,0.0,457787.5,0.0,0.0,0.0,0.0,0.0,0.0,0.0,0.0,0.0,0.0,0.0,0.0
A3EWL3_993_H3N3F1Pen1,0.0,0.0,3444092.0,0.0,0.0,203960.2,0.0,0.0,0.0,0.0,0.0,0.0,0.0,0.0,0.0,0.0,0.0,0.0
A3KPF2_135_H4N2Pen1,0.0,0.0,0.0,0.0,0.0,0.0,18849890.0,0.0,0.0,10659630.0,0.0,0.0,0.0,0.0,0.0,0.0,0.0,0.0
A4FVP2_199_H3N2F1Pen1,0.0,0.0,0.0,0.0,0.0,0.0,0.0,0.0,0.0,0.0,0.0,0.0,44270350.0,0.0,0.0,35985200.0,0.0,0.0
A4FVP2_199_H3N2Pen1,0.0,0.0,2536024.0,0.0,0.0,992603.9,0.0,0.0,0.0,0.0,0.0,0.0,0.0,0.0,0.0,0.0,0.0,0.0
A4FVP6_514_H3N2F1Pen1,0.0,0.0,0.0,0.0,0.0,0.0,0.0,5346647.0,0.0,0.0,297124.4,0.0,0.0,0.0,0.0,0.0,0.0,0.0
A4FVP6_514_H4N2Pen1,0.0,0.0,0.0,0.0,0.0,0.0,0.0,2395493.0,0.0,0.0,0.0,0.0,0.0,0.0,0.0,0.0,0.0,0.0
A4FVP6_514_H5N2,0.0,0.0,0.0,0.0,0.0,0.0,0.0,0.0,0.0,0.0,0.0,0.0,0.0,1292358.0,0.0,0.0,0.0,0.0
A4GG93_172_H8N2,0.0,0.0,0.0,0.0,0.0,0.0,0.0,0.0,0.0,0.0,2872301.0,0.0,0.0,0.0,0.0,0.0,0.0,0.0
A4GGE1_2026_H3N2F1Pen1,0.0,38374840.0,0.0,0.0,18120490.0,0.0,26318200.0,0.0,0.0,11551450.0,0.0,0.0,0.0,0.0,0.0,0.0,0.0,0.0
A4GGE1_2026_H3N4F1Pen1,0.0,14400060.0,0.0,0.0,11193990.0,0.0,0.0,0.0,0.0,0.0,0.0,0.0,0.0,0.0,0.0,0.0,0.0,0.0
A4GGE1_757_H3N2F1Pen1,0.0,0.0,0.0,0.0,0.0,0.0,0.0,0.0,0.0,0.0,0.0,0.0,182458.7,0.0,0.0,6738743.0,0.0,0.0
A4GGF4_1133_H3N2F1Pen1,0.0,0.0,0.0,0.0,0.0,0.0,306448.0,0.0,0.0,10844400.0,0.0,0.0,0.0,0.0,0.0,0.0,0.0,0.0
A4GGF4_581_H3N2F1Pen1,0.0,0.0,0.0,0.0,0.0,0.0,0.0,2488572.0,0.0,0.0,14968890.0,0.0,0.0,0.0,1304663.0,0.0,0.0,15121980.0
A4GNA8_510_H3N2F1Pen1,0.0,0.0,0.0,0.0,0.0,0.0,5680593.0,0.0,0.0,4741989.0,0.0,0.0,0.0,0.0,0.0,0.0,0.0,0.0
A4GYP0_40_H7N2,0.0,0.0,0.0,19364020.0,0.0,0.0,0.0,0.0,0.0,0.0,0.0,0.0,0.0,0.0,0.0,0.0,0.0,0.0
A4GYP0_40_H8N2,0.0,0.0,0.0,90735990.0,0.0,0.0,0.0,0.0,0.0,0.0,0.0,37687580.0,0.0,0.0,0.0,0.0,0.0,0.0
A4GYP8_680_H3N2F1Pen1,0.0,0.0,0.0,0.0,0.0,0.0,0.0,0.0,0.0,0.0,0.0,9319175.0,0.0,0.0,0.0,0.0,0.0,0.0
A4GYS0_192_H3N3F1Pen1,0.0,0.0,0.0,0.0,0.0,0.0,0.0,0.0,28480660.0,0.0,0.0,611272.0,16576840.0,0.0,0.0,1440558.0,0.0,0.0
A4GYV4_747_H3N2F1Pen1,0.0,11178520.0,0.0,0.0,0.0,0.0,0.0,0.0,0.0,0.0,0.0,0.0,0.0,0.0,0.0,0.0,0.0,0.0
A4QJB9_172_H3N2F1Pen1,0.0,0.0,0.0,0.0,0.0,0.0,0.0,80842560.0,0.0,0.0,347918.5,0.0,0.0,0.0,0.0,0.0,0.0,0.0
A4QJC4_148_H3N2F1Pen1,0.0,0.0,0.0,0.0,0.0,0.0,0.0,0.0,0.0,0.0,0.0,69250470.0,0.0,0.0,0.0,0.0,0.0,0.0
A4QJC4_148_H3N3F1Pen1,0.0,0.0,0.0,0.0,0.0,0.0,0.0,5278064.0,0.0,0.0,30882710.0,0.0,0.0,0.0,0.0,0.0,0.0,0.0
A4QJC4_173_H8N2,0.0,0.0,0.0,0.0,0.0,0.0,0.0,0.0,0.0,0.0,0.0,0.0,0.0,0.0,0.0,9182087.0,0.0,0.0
A4QJQ8_480_H8N2,0.0,0.0,0.0,0.0,0.0,3986587.0,0.0,0.0,0.0,0.0,0.0,0.0,0.0,0.0,0.0,0.0,0.0,0.0
A4QJU2_145_H3N2F1Pen1,0.0,0.0,212985.7,0.0,0.0,24992730.0,0.0,0.0,0.0,0.0,0.0,0.0,0.0,0.0,0.0,0.0,0.0,0.0
A4QK44_295_H4N4F1Pen1,0.0,0.0,0.0,0.0,0.0,0.0,24009160.0,0.0,0.0,0.0,0.0,0.0,0.0,0.0,0.0,0.0,0.0,0.0
A4QK70_451_H3N4F1Pen1,0.0,0.0,0.0,0.0,0.0,0.0,0.0,0.0,0.0,0.0,0.0,0.0,0.0,0.0,3440733.0,0.0,0.0,1522067.0
A4QKG5_1040_H3N4F1Pen1,0.0,0.0,0.0,0.0,0.0,0.0,0.0,0.0,0.0,20687140.0,0.0,0.0,0.0,0.0,0.0,0.0,0.0,0.0
A4QLG7_1261_H4N3F2Pen1,0.0,0.0,0.0,0.0,0.0,0.0,0.0,19003660.0,0.0,0.0,11806760.0,0.0,0.0,0.0,0.0,0.0,0.0,0.0
A4QLG7_1555_H3N2F1Pen1,0.0,3411440.0,0.0,0.0,9857660.0,0.0,0.0,5174146.0,0.0,0.0,2994878.0,0.0,0.0,0.0,3363214.0,0.0,0.0,0.0
A4QLG7_1555_H3N3F1Pen1,0.0,0.0,0.0,1932653.0,0.0,0.0,0.0,0.0,0.0,0.0,0.0,0.0,0.0,0.0,0.0,0.0,0.0,0.0
A4QLG7_1555_H3N4F1Pen1,20467530.0,16896550.0,0.0,13154460.0,10104710.0,0.0,20465460.0,18709560.0,0.0,1161825.0,0.0,0.0,0.0,7614519.0,11864360.0,0.0,1593255.0,0.0
A4QLG7_1555_H4N4F2Pen1,3148840.0,0.0,0.0,1291765.0,0.0,0.0,0.0,0.0,0.0,0.0,0.0,0.0,0.0,0.0,0.0,0.0,0.0,0.0
A4QLG7_1555_H6N2,0.0,4055797.0,0.0,0.0,0.0,0.0,0.0,0.0,0.0,0.0,0.0,0.0,0.0,0.0,0.0,0.0,0.0,0.0
A4QLG7_1555_H7N2,7400577.0,0.0,4234334.0,313743.6,0.0,0.0,0.0,5692034.0,4331077.0,0.0,0.0,0.0,2527799.0,0.0,0.0,0.0,0.0,0.0
A4QLG7_1555_H8N2,9923699.0,0.0,10272780.0,323526.3,0.0,281455.8,8848908.0,0.0,9920540.0,0.0,0.0,0.0,4120675.0,0.0,0.0,0.0,0.0,0.0
A4QLG7_932_H8N2,0.0,0.0,0.0,0.0,3386356.0,0.0,0.0,0.0,0.0,0.0,0.0,0.0,0.0,0.0,0.0,0.0,0.0,0.0
A4QLG7_932_H9N2,0.0,4765034.0,0.0,0.0,4651128.0,0.0,0.0,0.0,0.0,0.0,0.0,0.0,0.0,0.0,0.0,0.0,0.0,0.0
A4QLI0_126_H3N2Pen1,0.0,3842942.0,0.0,0.0,0.0,0.0,0.0,0.0,0.0,0.0,0.0,0.0,0.0,0.0,0.0,0.0,0.0,0.0
A4QLQ5_1263_H4N3F1Pen1,1185687.0,0.0,0.0,8685234.0,0.0,0.0,0.0,4596279.0,0.0,0.0,13501190.0,0.0,0.0,0.0,0.0,0.0,0.0,0.0
A4QLQ5_474_H3N4F1Pen1,0.0,0.0,0.0,0.0,0.0,0.0,0.0,0.0,14588380.0,0.0,0.0,732562.8,11444630.0,0.0,0.0,759155.6,0.0,0.0
A4QLQ5_984_H3N3F1Pen1,0.0,0.0,0.0,0.0,0.0,0.0,0.0,0.0,0.0,0.0,5421636.0,0.0,0.0,0.0,0.0,0.0,0.0,0.0
A4S068_35_H8N2,0.0,0.0,0.0,0.0,0.0,23403870.0,0.0,0.0,0.0,0.0,0.0,0.0,0.0,0.0,0.0,0.0,22086250.0,0.0
A4S3R2_639_H3N2F1Pen1,0.0,0.0,0.0,0.0,0.0,0.0,0.0,0.0,166822.5,0.0,0.0,2420574.0,0.0,0.0,0.0,0.0,0.0,0.0
A4S6Z4_61_H3N2F1Pen1,78656500.0,0.0,0.0,0.0,0.0,0.0,0.0,0.0,0.0,0.0,0.0,0.0,0.0,0.0,0.0,0.0,0.0,0.0
A4S6Z4_61_H3N2Pen1,5945272.0,0.0,0.0,246567.7,0.0,0.0,0.0,0.0,0.0,0.0,0.0,0.0,0.0,0.0,0.0,0.0,0.0,0.0
A4S6Z4_61_H3N3F1Pen1,36281910.0,0.0,0.0,759421.5,0.0,0.0,0.0,0.0,0.0,0.0,0.0,0.0,0.0,0.0,0.0,0.0,0.0,0.0
A4S6Z4_61_H3N4F1Pen1,0.0,0.0,12518470.0,0.0,0.0,2576166.0,0.0,0.0,26084290.0,0.0,0.0,1598803.0,0.0,0.0,0.0,0.0,0.0,0.0
A4ZDG8_291_H4N4Pen1,0.0,21869320.0,0.0,0.0,26616060.0,0.0,0.0,0.0,0.0,0.0,0.0,0.0,0.0,0.0,33964830.0,0.0,0.0,34538250.0
A5H452_302_H4N3F2Pen1,0.0,0.0,27891560.0,0.0,0.0,1750115.0,0.0,66517640.0,0.0,0.0,11297480.0,0.0,0.0,0.0,0.0,0.0,0.0,0.0
A5HEI1_1837_H3N2F1Pen1,0.0,2173087.0,2556903.0,0.0,0.0,182618.1,0.0,0.0,0.0,0.0,0.0,0.0,0.0,0.0,0.0,0.0,0.0,0.0
A5HII1_111_H3N2F1Pen1,0.0,0.0,0.0,0.0,0.0,0.0,0.0,395618.8,0.0,0.0,9278431.0,0.0,0.0,0.0,0.0,0.0,0.0,0.0
A5YVF1_628_H3N2F1Pen1,0.0,0.0,0.0,0.0,0.0,0.0,0.0,31077480.0,0.0,0.0,0.0,0.0,0.0,0.0,0.0,0.0,0.0,0.0
A6H5F8_673_H3N2F1Pen1,0.0,0.0,0.0,0.0,0.0,12803650.0,0.0,0.0,0.0,0.0,0.0,0.0,0.0,0.0,0.0,0.0,0.0,0.0
A6H5F9_618_H8N2,0.0,0.0,0.0,0.0,0.0,0.0,5342245.0,0.0,0.0,0.0,0.0,0.0,0.0,0.0,0.0,0.0,0.0,0.0
A6H5I8_160_H3N2F1Pen1,0.0,0.0,0.0,0.0,0.0,0.0,0.0,0.0,3131472.0,0.0,0.0,2321791.0,0.0,0.0,0.0,0.0,0.0,0.0
A6H5M3_87_H8N2,0.0,0.0,143229100.0,0.0,0.0,15620760.0,0.0,0.0,0.0,0.0,0.0,0.0,0.0,0.0,0.0,0.0,0.0,0.0
A6H5M5_1243_H3N2F1Pen1,0.0,0.0,0.0,0.0,0.0,4561187.0,0.0,0.0,0.0,0.0,0.0,0.0,0.0,0.0,0.0,0.0,0.0,0.0
A6H5M5_2426_H3N2F1Pen1,32041350.0,0.0,0.0,0.0,0.0,0.0,0.0,0.0,0.0,0.0,0.0,0.0,0.0,0.0,45284380.0,0.0,0.0,0.0
A6MM17_327_H3N2F1Pen1,0.0,0.0,0.0,0.0,0.0,0.0,71330410.0,0.0,0.0,7904899.0,0.0,0.0,34453550.0,0.0,0.0,4807185.0,0.0,0.0
A6MM26_1370_H3N4F1Pen1,0.0,0.0,0.0,0.0,0.0,0.0,0.0,0.0,0.0,0.0,0.0,0.0,0.0,689923.7,0.0,0.0,3906124.0,0.0
A6MM45_200_H6N2,0.0,0.0,0.0,0.0,0.0,0.0,0.0,0.0,0.0,0.0,0.0,0.0,0.0,1429916.0,0.0,0.0,0.0,0.0
A6MM45_200_H7N2,1637067.0,0.0,0.0,0.0,0.0,0.0,3101637.0,0.0,0.0,270549.8,0.0,0.0,3158222.0,0.0,3608530.0,565498.8,0.0,0.0
A6MM45_200_H8N2,4429895.0,0.0,0.0,712724.9,0.0,0.0,0.0,0.0,4525497.0,0.0,0.0,658526.2,5061435.0,0.0,0.0,1198642.0,0.0,0.0
A6MM47_160_H7N2,0.0,2289734.0,0.0,0.0,0.0,0.0,0.0,0.0,0.0,0.0,0.0,0.0,0.0,0.0,0.0,0.0,0.0,0.0
A6MM62_295_H4N4F2Pen1,0.0,0.0,3544564.0,0.0,0.0,0.0,13610600.0,0.0,0.0,0.0,0.0,0.0,0.0,0.0,22259850.0,0.0,0.0,0.0
A6MM68_183_H3N3F1Pen1,0.0,0.0,0.0,7160566.0,0.0,0.0,0.0,0.0,0.0,0.0,0.0,0.0,463083.4,0.0,0.0,42423430.0,0.0,0.0
A6MM68_183_H3N4F1Pen1,0.0,5743734.0,0.0,0.0,0.0,0.0,0.0,6158152.0,0.0,0.0,0.0,0.0,0.0,0.0,0.0,0.0,0.0,0.0
A6MM72_30_H3N2F1Pen1,0.0,0.0,0.0,0.0,0.0,0.0,0.0,5965506.0,0.0,0.0,4859405.0,0.0,0.0,0.0,0.0,0.0,0.0,0.0
A6MMB2_845_H3N3F1Pen1,0.0,0.0,0.0,0.0,0.0,0.0,0.0,0.0,0.0,0.0,5815566.0,0.0,0.0,0.0,0.0,0.0,0.0,0.0
A6MMB2_955_H6N2,12340520.0,0.0,0.0,769506.3,0.0,0.0,0.0,0.0,0.0,0.0,0.0,0.0,0.0,0.0,0.0,0.0,0.0,0.0
A6MMC4_34_H3N2Pen1,0.0,0.0,0.0,4793681.0,0.0,0.0,0.0,0.0,0.0,0.0,0.0,0.0,0.0,0.0,0.0,0.0,0.0,0.0
A6MME8_295_H6N2,0.0,0.0,0.0,0.0,0.0,0.0,0.0,8189827.0,0.0,0.0,0.0,0.0,0.0,0.0,0.0,0.0,0.0,0.0
A6MMG9_1339_H3N2F1Pen1,0.0,0.0,81458.85,0.0,0.0,4672563.0,0.0,0.0,0.0,0.0,0.0,0.0,0.0,0.0,0.0,0.0,0.0,0.0
A6MMG9_195_H9N2,0.0,0.0,0.0,0.0,0.0,0.0,0.0,0.0,0.0,0.0,0.0,0.0,0.0,0.0,1545431.0,0.0,0.0,22733220.0
A6MMI9_516_H3N2Pen1,0.0,0.0,0.0,0.0,2178670.0,0.0,0.0,0.0,0.0,0.0,0.0,0.0,0.0,0.0,0.0,0.0,0.0,0.0
A6MMK9_34_H4N3Pen1,0.0,0.0,0.0,0.0,0.0,0.0,0.0,0.0,0.0,0.0,0.0,0.0,0.0,2445593.0,0.0,0.0,691604.6,0.0
A6MML6_210_H3N3F1Pen1,0.0,0.0,0.0,0.0,0.0,0.0,0.0,1777789.0,0.0,0.0,21602090.0,0.0,0.0,0.0,0.0,0.0,0.0,0.0
A6MMP6_28_H9N2,0.0,0.0,0.0,0.0,0.0,0.0,0.0,0.0,0.0,0.0,0.0,3741063.0,0.0,0.0,0.0,0.0,0.0,0.0
A6MMQ1_1298_H3N4F1Pen1,0.0,0.0,2260033.0,0.0,0.0,408747.0,0.0,3348319.0,0.0,0.0,0.0,0.0,0.0,0.0,0.0,0.0,0.0,0.0
A6MMQ1_1298_H7N2,0.0,1662432.0,0.0,0.0,828663.1,0.0,0.0,0.0,0.0,0.0,0.0,0.0,0.0,0.0,0.0,0.0,0.0,0.0
A6MMQ1_792_H3N2F1Pen1,0.0,0.0,0.0,0.0,0.0,0.0,0.0,0.0,0.0,0.0,10186760.0,0.0,0.0,0.0,0.0,0.0,0.0,0.0
A6MMQ1_792_H9N2,0.0,0.0,0.0,0.0,0.0,0.0,0.0,0.0,0.0,6175550.0,0.0,0.0,0.0,0.0,0.0,0.0,0.0,0.0
A6MMV1_274_H3N4Pen1,0.0,0.0,0.0,0.0,0.0,0.0,0.0,0.0,0.0,0.0,0.0,0.0,194994.8,0.0,0.0,1713685.0,0.0,0.0
A6MMV3_199_H7N2,0.0,0.0,0.0,0.0,0.0,0.0,7285326.0,0.0,9122884.0,0.0,0.0,0.0,0.0,0.0,0.0,0.0,0.0,0.0
A6MMV3_199_H8N2,0.0,14707730.0,46493230.0,0.0,0.0,171679.4,20128650.0,0.0,0.0,0.0,0.0,0.0,18627010.0,0.0,0.0,0.0,0.0,0.0
A6MMZ2_657_H3N4F1Pen1,0.0,0.0,0.0,0.0,0.0,0.0,0.0,1788814.0,0.0,0.0,15102540.0,0.0,0.0,0.0,0.0,0.0,0.0,0.0
A6MN03_1299_H3N2F1Pen1,0.0,0.0,0.0,0.0,0.0,0.0,0.0,45384730.0,0.0,0.0,33595840.0,0.0,0.0,0.0,0.0,0.0,0.0,0.0
A6YG74_159_H3N2F1Pen1,0.0,0.0,0.0,0.0,0.0,0.0,285877.5,0.0,0.0,1929678.0,0.0,0.0,0.0,0.0,0.0,0.0,0.0,0.0
A6YGA3_267_H6N3,0.0,0.0,0.0,0.0,0.0,0.0,0.0,485528.0,0.0,0.0,40017250.0,0.0,0.0,0.0,0.0,0.0,0.0,0.0
A6YGA3_496_H3N2F1Pen1,0.0,0.0,0.0,0.0,0.0,0.0,0.0,0.0,0.0,0.0,0.0,0.0,0.0,0.0,3382891.0,0.0,0.0,0.0
A6YGD9_663_H4N3Pen1,0.0,0.0,0.0,0.0,0.0,0.0,0.0,0.0,0.0,5775060.0,0.0,0.0,0.0,0.0,0.0,0.0,0.0,0.0
A7M943_22_H3N2F1Pen1,83934230.0,0.0,0.0,48275430.0,0.0,0.0,0.0,25208920.0,0.0,0.0,8375382.0,0.0,0.0,0.0,0.0,0.0,0.0,0.0
A7M948_86_H3N4F1Pen1,560356.4,0.0,0.0,14564000.0,0.0,0.0,0.0,0.0,0.0,0.0,0.0,0.0,0.0,0.0,0.0,0.0,0.0,0.0
A7M948_86_H6N2,0.0,0.0,0.0,0.0,0.0,0.0,0.0,4119211.0,0.0,0.0,635434.5,0.0,0.0,0.0,0.0,0.0,0.0,0.0
A7M957_310_H6N2,324598.7,0.0,0.0,1764124.0,0.0,0.0,0.0,0.0,0.0,0.0,0.0,0.0,0.0,0.0,0.0,0.0,0.0,0.0
A7M974_144_H4N2Pen1,0.0,0.0,0.0,0.0,0.0,0.0,0.0,0.0,0.0,0.0,0.0,0.0,0.0,0.0,0.0,0.0,0.0,3202693.0
A7M9B2_1081_H3N2F1Pen1,0.0,0.0,27261810.0,0.0,0.0,365316.3,0.0,0.0,0.0,0.0,0.0,0.0,0.0,0.0,0.0,0.0,0.0,0.0
A7M9B2_1081_H3N3F1Pen1,0.0,0.0,15006440.0,0.0,2584826.0,0.0,0.0,0.0,0.0,0.0,0.0,0.0,0.0,0.0,0.0,0.0,0.0,0.0
A7M9B2_1081_H4N3F1Pen1,0.0,11344170.0,0.0,0.0,0.0,0.0,0.0,0.0,0.0,0.0,0.0,0.0,0.0,0.0,0.0,0.0,0.0,0.0
A7M9B2_1081_H6N2,0.0,0.0,0.0,0.0,0.0,0.0,0.0,1726950.0,0.0,0.0,141348.4,0.0,0.0,0.0,0.0,0.0,0.0,0.0
A7M9B2_1416_H8N2,0.0,0.0,378802.8,0.0,0.0,17550670.0,0.0,0.0,0.0,0.0,0.0,0.0,0.0,0.0,0.0,0.0,0.0,0.0
A7P514_798_H3N3F1Pen1,0.0,0.0,0.0,0.0,0.0,0.0,0.0,0.0,0.0,18740850.0,0.0,0.0,0.0,0.0,0.0,0.0,0.0,0.0
A7P514_958_H3N2Pen1,0.0,0.0,0.0,0.0,0.0,0.0,0.0,0.0,0.0,0.0,7864454.0,0.0,0.0,0.0,0.0,0.0,0.0,0.0
A7XDQ9_162_H3N2F1Pen1,0.0,0.0,0.0,56161080.0,0.0,0.0,0.0,0.0,0.0,0.0,0.0,0.0,0.0,0.0,0.0,0.0,0.0,55522730.0
A7XDQ9_162_H3N2Pen1,0.0,0.0,0.0,0.0,0.0,0.0,0.0,0.0,0.0,2084064.0,0.0,0.0,0.0,0.0,0.0,1672186.0,0.0,0.0
A7XDQ9_162_H3N3F1Pen1,517713.2,0.0,0.0,17931260.0,0.0,0.0,0.0,0.0,0.0,0.0,0.0,0.0,0.0,0.0,0.0,0.0,0.0,15719890.0
A7XDQ9_162_H3N4F1Pen1,0.0,0.0,0.0,0.0,0.0,0.0,0.0,0.0,943468.9,0.0,0.0,37247110.0,0.0,0.0,0.0,0.0,0.0,0.0
A7Y397_260_H3N2F1Pen1,0.0,10337640.0,13900520.0,0.0,5231563.0,7404069.0,0.0,0.0,0.0,0.0,0.0,0.0,0.0,5601219.0,0.0,0.0,0.0,0.0
A7Y3B4_954_H8N2,0.0,0.0,0.0,0.0,0.0,0.0,0.0,0.0,0.0,0.0,0.0,0.0,0.0,17671390.0,0.0,0.0,4283985.0,0.0
A7Y3J6_1920_H3N2F1Pen1,0.0,0.0,0.0,0.0,0.0,0.0,352645.1,0.0,0.0,3678525.0,0.0,0.0,0.0,0.0,0.0,0.0,0.0,0.0
A7Y3J6_791_H3N4F1Pen1,37467180.0,0.0,0.0,10207270.0,0.0,0.0,0.0,0.0,0.0,0.0,0.0,0.0,0.0,0.0,0.0,0.0,0.0,0.0
A7Y3J6_791_H7N2,0.0,9831508.0,0.0,0.0,267624.4,0.0,0.0,0.0,0.0,0.0,0.0,0.0,0.0,0.0,0.0,0.0,0.0,0.0
A7Y3K2_629_H6N2,0.0,0.0,0.0,0.0,7269470.0,0.0,0.0,0.0,0.0,0.0,0.0,0.0,0.0,0.0,0.0,0.0,0.0,0.0
A8MQL1_605_H3N3F1Pen1,0.0,0.0,0.0,0.0,0.0,0.0,0.0,0.0,0.0,0.0,0.0,0.0,0.0,0.0,0.0,43026250.0,0.0,29872580.0
A8MQM7_52_H3N2F1Pen1,0.0,0.0,0.0,0.0,0.0,0.0,0.0,0.0,28210650.0,0.0,0.0,0.0,0.0,0.0,0.0,0.0,0.0,0.0
A8MQM7_52_H3N3F1Pen1,0.0,0.0,0.0,0.0,0.0,0.0,0.0,0.0,0.0,0.0,0.0,0.0,0.0,5438463.0,0.0,0.0,0.0,0.0
A8MQM7_52_H3N4F1Pen1,0.0,0.0,0.0,0.0,0.0,0.0,0.0,0.0,24185180.0,0.0,0.0,0.0,0.0,0.0,0.0,0.0,0.0,0.0
A8MQM7_52_H4N4F2Pen1,0.0,0.0,0.0,0.0,0.0,0.0,20187130.0,0.0,0.0,0.0,0.0,0.0,0.0,0.0,0.0,0.0,0.0,0.0
A8MQM7_52_H6N4F2Pen1,0.0,0.0,0.0,0.0,0.0,0.0,0.0,0.0,6517521.0,0.0,0.0,0.0,0.0,0.0,0.0,0.0,0.0,0.0
A8MQP2_67_H3N4F1Pen1,255563.7,0.0,0.0,9269861.0,0.0,0.0,0.0,0.0,0.0,16058600.0,0.0,0.0,0.0,0.0,852822.4,0.0,0.0,10430080.0
A8MQR0_242_H6N2,0.0,0.0,0.0,0.0,0.0,0.0,0.0,0.0,0.0,54369840.0,56796560.0,0.0,0.0,0.0,0.0,0.0,0.0,0.0
A8MQR0_242_H7N2,0.0,0.0,0.0,0.0,0.0,0.0,0.0,0.0,0.0,0.0,0.0,0.0,0.0,0.0,0.0,16059840.0,0.0,0.0
A8MR21_308_H3N4Pen1,0.0,0.0,0.0,0.0,0.0,0.0,0.0,210806.7,0.0,0.0,7818654.0,0.0,0.0,0.0,0.0,0.0,0.0,0.0
A8MRD9_528_H10N2,0.0,0.0,0.0,0.0,0.0,0.0,0.0,0.0,0.0,0.0,0.0,0.0,0.0,0.0,0.0,0.0,0.0,5501117.0
A8MRD9_528_H3N2F1Pen1,0.0,0.0,0.0,0.0,0.0,0.0,0.0,0.0,0.0,0.0,0.0,0.0,0.0,0.0,2053083.0,0.0,0.0,263878.4
A8MRD9_528_H9N2,0.0,0.0,0.0,0.0,10021420.0,0.0,0.0,0.0,0.0,0.0,0.0,0.0,0.0,0.0,0.0,0.0,0.0,0.0
A8MRX0_33_H3N2Pen1,11915800.0,0.0,0.0,932107.7,0.0,0.0,0.0,0.0,0.0,0.0,0.0,0.0,0.0,0.0,0.0,0.0,0.0,0.0
A8MRX0_33_H3N3F1Pen1,0.0,0.0,0.0,0.0,0.0,0.0,0.0,0.0,209623.8,0.0,0.0,12918440.0,0.0,0.0,0.0,0.0,0.0,0.0
A8QW51_220_H3N2Pen1,0.0,0.0,0.0,0.0,0.0,0.0,0.0,0.0,0.0,0.0,0.0,23489920.0,0.0,0.0,0.0,0.0,0.0,0.0
A8R7E6_323_H6N2,0.0,0.0,0.0,0.0,0.0,0.0,0.0,2923247.0,0.0,0.0,0.0,0.0,0.0,0.0,1171298.0,0.0,0.0,0.0
A8R7E6_323_H7N2,0.0,0.0,0.0,0.0,0.0,0.0,4999706.0,0.0,0.0,0.0,0.0,0.0,0.0,0.0,0.0,0.0,0.0,0.0
A8R7E6_323_H8N2,0.0,0.0,0.0,0.0,0.0,0.0,0.0,0.0,0.0,0.0,0.0,0.0,0.0,0.0,3751182.0,0.0,0.0,0.0
A8SE78_961_H3N2F1Pen1,0.0,0.0,0.0,0.0,0.0,0.0,12756930.0,0.0,22338660.0,311460.5,0.0,0.0,0.0,0.0,51345440.0,0.0,0.0,1027429.0
A8SE82_565_H7N2,1221301.0,0.0,0.0,2156036.0,0.0,0.0,0.0,0.0,0.0,0.0,0.0,0.0,0.0,0.0,0.0,0.0,0.0,0.0
A8SEA1_88_H3N2F1Pen1,0.0,0.0,0.0,0.0,0.0,0.0,0.0,0.0,0.0,0.0,0.0,0.0,0.0,0.0,273549.5,0.0,0.0,5617482.0
A8SEE7_2227_H7N2,0.0,0.0,0.0,2001732.0,0.0,0.0,0.0,0.0,0.0,0.0,0.0,0.0,0.0,0.0,0.0,0.0,0.0,0.0
A8SEG5_1086_H3N3F1Pen1,0.0,0.0,0.0,0.0,0.0,0.0,0.0,0.0,0.0,0.0,0.0,0.0,0.0,0.0,0.0,0.0,0.0,5412959.0
A8SEG5_1086_H4N3Pen1,0.0,0.0,0.0,0.0,0.0,0.0,0.0,0.0,0.0,4678347.0,0.0,0.0,0.0,0.0,284215.7,0.0,5859287.0,6335379.0
A8SEG5_521_H9N2,0.0,0.0,0.0,0.0,0.0,0.0,0.0,0.0,0.0,0.0,0.0,0.0,0.0,0.0,1380978.0,0.0,0.0,0.0
A8W3G3_152_H3N4F1Pen1,0.0,0.0,0.0,0.0,0.0,0.0,0.0,11411740.0,0.0,0.0,7358557.0,0.0,0.0,0.0,0.0,0.0,0.0,0.0
A8W3G3_1967_H6N2,0.0,0.0,0.0,0.0,0.0,0.0,0.0,0.0,0.0,0.0,0.0,0.0,0.0,0.0,4149023.0,0.0,0.0,372370.9
A8W3M6_1613_H3N3F1Pen1,0.0,0.0,13890470.0,0.0,0.0,0.0,26808400.0,0.0,0.0,257661.7,0.0,0.0,0.0,0.0,0.0,0.0,0.0,0.0
A8W3M6_902_H6N2,0.0,0.0,0.0,0.0,0.0,0.0,0.0,0.0,0.0,0.0,0.0,0.0,6614938.0,26036560.0,0.0,1563697.0,2061625.0,0.0
A8W3M6_902_H7N2,0.0,0.0,0.0,0.0,0.0,0.0,0.0,0.0,0.0,0.0,0.0,0.0,0.0,0.0,20948590.0,0.0,0.0,996654.3
A8W3M7_22_H3N2F1Pen1,0.0,0.0,0.0,0.0,0.0,0.0,0.0,0.0,0.0,0.0,0.0,0.0,0.0,0.0,22091700.0,0.0,0.0,1746138.0
A9L9A5_250_H4N4F2Pen1,0.0,5252547.0,0.0,0.0,0.0,0.0,0.0,0.0,0.0,0.0,0.0,0.0,0.0,0.0,0.0,0.0,0.0,0.0
A9L9D9_1238_H3N4F1Pen1,0.0,0.0,0.0,0.0,0.0,0.0,0.0,0.0,1372369.0,0.0,0.0,7564218.0,0.0,0.0,0.0,0.0,0.0,0.0
A9LNK9_322_H3N4F1Pen1,392460.2,0.0,0.0,4027608.0,0.0,0.0,0.0,0.0,0.0,0.0,0.0,0.0,0.0,0.0,0.0,0.0,0.0,0.0
A9LNK9_322_H6N2,0.0,0.0,0.0,0.0,0.0,0.0,0.0,0.0,0.0,5643371.0,0.0,0.0,0.0,0.0,0.0,0.0,0.0,0.0
A9QY40_380_H3N4F1Pen1,14823920.0,0.0,0.0,2615645.0,0.0,0.0,0.0,18491320.0,0.0,0.0,6279279.0,0.0,0.0,0.0,0.0,0.0,0.0,0.0
A9RGD8_172_H3N2F1Pen1,3603683.0,0.0,6787722.0,0.0,0.0,1379687.0,0.0,0.0,0.0,0.0,0.0,0.0,0.0,0.0,0.0,0.0,0.0,0.0
A9RJH1_94_H3N3F1Pen1,779833.3,0.0,0.0,1934814.0,0.0,0.0,0.0,0.0,0.0,0.0,0.0,0.0,0.0,0.0,0.0,0.0,0.0,0.0
A9SVH7_643_H3N3F1Pen1,0.0,0.0,0.0,0.0,0.0,0.0,11580600.0,0.0,0.0,0.0,0.0,0.0,0.0,0.0,0.0,0.0,0.0,0.0
A9SY65_18_H4N3Pen1,0.0,0.0,0.0,0.0,0.0,10256160.0,0.0,0.0,0.0,0.0,0.0,0.0,0.0,0.0,0.0,0.0,0.0,0.0
A9X7L0_183_H3N3F1Pen1,0.0,0.0,199770100.0,0.0,0.0,0.0,0.0,0.0,0.0,0.0,0.0,0.0,0.0,0.0,0.0,0.0,0.0,0.0
A9Y0K9_79_H3N2F1Pen1,0.0,0.0,0.0,0.0,0.0,0.0,0.0,0.0,398547.6,0.0,0.0,27980200.0,0.0,0.0,0.0,0.0,0.0,0.0
A9YWR6_223_H3N2F1Pen1,0.0,0.0,0.0,0.0,22468550.0,0.0,0.0,0.0,0.0,0.0,0.0,0.0,0.0,0.0,0.0,0.0,0.0,0.0
B0F481_174_H7N2,0.0,0.0,0.0,0.0,3304947.0,0.0,0.0,0.0,0.0,4312991.0,0.0,0.0,0.0,0.0,0.0,0.0,0.0,0.0
B0F9L7_238_H3N2F1Pen1,4981288.0,0.0,0.0,3440477.0,0.0,0.0,0.0,0.0,0.0,0.0,0.0,0.0,0.0,0.0,0.0,0.0,0.0,0.0
B0F9L7_238_H3N4F1Pen1,0.0,0.0,0.0,0.0,0.0,0.0,0.0,0.0,0.0,0.0,0.0,0.0,0.0,0.0,2975903.0,0.0,0.0,3448844.0
B0F9L7_661_H9N2,0.0,0.0,6073131.0,0.0,0.0,9751169.0,0.0,0.0,8661917.0,0.0,0.0,9001381.0,0.0,0.0,0.0,0.0,0.0,0.0
B0YPM0_80_H3N3F1Pen1,5929475.0,0.0,0.0,1133632.0,0.0,0.0,0.0,0.0,0.0,0.0,0.0,0.0,0.0,0.0,0.0,0.0,0.0,0.0
B0YPN0_196_H3N4F1Pen1,9628498.0,0.0,0.0,703320.4,0.0,0.0,0.0,0.0,0.0,0.0,0.0,0.0,0.0,0.0,0.0,0.0,0.0,0.0
B0YPQ0_25_H7N3,0.0,4671423.0,0.0,0.0,228763.3,0.0,0.0,0.0,0.0,0.0,0.0,0.0,0.0,0.0,0.0,0.0,0.0,0.0
B0YPQ8_120_H10N2,0.0,0.0,0.0,0.0,0.0,0.0,0.0,0.0,3675604.0,0.0,0.0,0.0,0.0,0.0,0.0,0.0,0.0,0.0
B0Z4R9_1318_H10N2,0.0,0.0,0.0,0.0,0.0,0.0,0.0,0.0,0.0,0.0,0.0,7520145.0,0.0,0.0,0.0,0.0,0.0,0.0
B0ZB55_56_H3N4F1Pen1,0.0,0.0,0.0,0.0,0.0,0.0,0.0,2819374.0,0.0,0.0,0.0,0.0,3220452.0,0.0,0.0,0.0,0.0,0.0
B1A925_232_H3N2F1Pen1,0.0,0.0,0.0,0.0,0.0,0.0,0.0,43185680.0,0.0,0.0,0.0,0.0,0.0,0.0,0.0,0.0,0.0,0.0
B1A948_134_H3N2F1Pen1,0.0,0.0,6278522.0,0.0,0.0,10408600.0,0.0,0.0,0.0,0.0,0.0,0.0,0.0,0.0,0.0,0.0,0.0,0.0
B1B1U3_122_H8N2,0.0,0.0,0.0,0.0,0.0,0.0,0.0,59899270.0,0.0,0.0,28211080.0,0.0,0.0,0.0,58787570.0,0.0,0.0,7069802.0
B1B1U3_537_H3N2F1Pen1,0.0,0.0,1161188.0,0.0,37405850.0,34669270.0,0.0,0.0,0.0,40534110.0,0.0,0.0,2179255.0,0.0,0.0,13387880.0,0.0,0.0
B1B1U3_537_H3N3F1Pen1,0.0,809744.0,1362047.0,0.0,25543250.0,20096040.0,0.0,5354575.0,0.0,0.0,49150390.0,0.0,0.0,0.0,0.0,0.0,0.0,0.0
B1NF19_109_H3N2F1Pen1,0.0,0.0,0.0,0.0,5477756.0,0.0,0.0,0.0,0.0,0.0,0.0,0.0,0.0,0.0,0.0,0.0,0.0,7532406.0
B1NWE0_401_H4N3F1Pen1,0.0,0.0,0.0,0.0,0.0,0.0,0.0,0.0,0.0,0.0,0.0,3189009.0,0.0,0.0,0.0,0.0,0.0,0.0
B1NWE0_401_H4N4F1Pen1,0.0,0.0,0.0,0.0,0.0,0.0,0.0,0.0,0.0,8636532.0,0.0,0.0,0.0,0.0,0.0,0.0,0.0,0.0
B1NWJ3_376_H4N4Pen1,0.0,0.0,0.0,0.0,0.0,0.0,11511970.0,0.0,0.0,6062023.0,0.0,0.0,0.0,0.0,0.0,0.0,0.0,0.0
B1NWJ3_734_H3N4F1Pen1,0.0,0.0,5789895.0,0.0,0.0,679493.1,0.0,0.0,0.0,0.0,0.0,0.0,0.0,0.0,0.0,0.0,0.0,0.0
B1VKD7_88_H3N2F1Pen1,0.0,0.0,0.0,0.0,0.0,0.0,65616220.0,0.0,0.0,49106500.0,0.0,0.0,0.0,0.0,0.0,0.0,0.0,0.0
B1VKD7_88_H3N3F1Pen1,0.0,0.0,0.0,0.0,0.0,0.0,0.0,19115500.0,0.0,0.0,13102950.0,0.0,0.0,0.0,0.0,0.0,0.0,0.0
B1VKH5_941_H6N2,0.0,0.0,0.0,0.0,0.0,0.0,0.0,2674432.0,0.0,0.0,0.0,0.0,0.0,0.0,0.0,0.0,0.0,0.0
B2C4D0_259_H3N2F1Pen1,0.0,0.0,0.0,0.0,0.0,0.0,0.0,0.0,0.0,0.0,0.0,0.0,0.0,0.0,4921439.0,0.0,0.0,2291629.0
B2C4D0_259_H3N2Pen1,0.0,0.0,0.0,0.0,0.0,0.0,0.0,0.0,0.0,0.0,0.0,2681894.0,0.0,0.0,0.0,0.0,0.0,0.0
B2C4D0_457_H6N2,0.0,0.0,0.0,0.0,0.0,0.0,0.0,1263554.0,0.0,0.0,2772634.0,0.0,0.0,0.0,0.0,0.0,0.0,0.0
B2KSJ6_61_H3N2F1Pen1,0.0,1728316.0,0.0,0.0,15668550.0,0.0,4567185.0,4134609.0,0.0,132861000.0,124064000.0,0.0,1415088.0,0.0,4626873.0,115650500.0,0.0,126324800.0
B2KSJ6_61_H3N2Pen1,0.0,0.0,0.0,0.0,0.0,0.0,0.0,0.0,0.0,0.0,4913659.0,0.0,0.0,0.0,0.0,0.0,0.0,8504169.0
B2KSJ6_61_H3N3F1Pen1,0.0,0.0,0.0,0.0,0.0,0.0,0.0,0.0,0.0,0.0,0.0,11555890.0,0.0,0.0,0.0,0.0,5717410.0,0.0
B2KSJ6_61_H3N4F1Pen1,0.0,0.0,0.0,0.0,0.0,0.0,0.0,0.0,0.0,0.0,0.0,0.0,0.0,0.0,0.0,0.0,8403411.0,0.0
B2KSJ6_61_H4N3F2Pen1,0.0,0.0,0.0,0.0,0.0,0.0,0.0,0.0,0.0,0.0,0.0,0.0,0.0,0.0,0.0,0.0,0.0,3595925.0
B2KSJ6_61_H4N4F2Pen1,0.0,0.0,0.0,0.0,0.0,0.0,0.0,0.0,0.0,5518049.0,0.0,6208533.0,0.0,0.0,0.0,0.0,0.0,0.0
B2KSJ6_61_H5N4F3Pen1,0.0,0.0,0.0,0.0,0.0,0.0,0.0,264555.3,0.0,0.0,12412040.0,0.0,0.0,0.0,0.0,0.0,0.0,0.0
B2LMJ7_172_H3N2F1Pen1,0.0,0.0,0.0,0.0,0.0,0.0,0.0,0.0,0.0,0.0,0.0,7638987.0,0.0,0.0,0.0,0.0,0.0,0.0
B2LMJ7_172_H5N4F3Pen1,0.0,0.0,0.0,0.0,0.0,0.0,0.0,0.0,0.0,0.0,0.0,0.0,0.0,0.0,949887.8,0.0,0.0,8399020.0
B2X1Z4_1491_H7N2,0.0,0.0,0.0,0.0,0.0,0.0,599855.6,0.0,0.0,4930883.0,0.0,0.0,0.0,0.0,0.0,0.0,0.0,0.0
B2X1Z4_76_H3N2Pen1,0.0,0.0,0.0,0.0,0.0,0.0,0.0,0.0,0.0,0.0,0.0,0.0,0.0,0.0,0.0,6590190.0,0.0,0.0
B2X1Z4_972_H6N2,2238193.0,0.0,0.0,198012.4,0.0,0.0,0.0,0.0,0.0,0.0,0.0,0.0,0.0,0.0,0.0,0.0,0.0,0.0
B2XWN0_199_H3N2F1Pen1,0.0,431537.0,0.0,0.0,27131190.0,0.0,0.0,0.0,0.0,0.0,0.0,0.0,0.0,0.0,0.0,0.0,0.0,0.0
B2XWN0_199_H5N4F3Pen1,0.0,0.0,0.0,0.0,0.0,0.0,0.0,0.0,0.0,0.0,0.0,0.0,0.0,0.0,0.0,0.0,14582130.0,0.0
B2Y1V7_655_H3N2F1Pen1,0.0,0.0,0.0,0.0,0.0,0.0,0.0,35883650.0,0.0,0.0,0.0,0.0,86381650.0,0.0,0.0,0.0,0.0,0.0
B3DNN5_127_H5N3F1Pen1,1753555.0,0.0,0.0,6744029.0,0.0,0.0,0.0,0.0,0.0,0.0,0.0,0.0,0.0,0.0,0.0,0.0,0.0,0.0
B3H5A8_194_H8N2,0.0,0.0,0.0,0.0,0.0,0.0,0.0,0.0,0.0,4337083.0,0.0,0.0,0.0,0.0,0.0,0.0,0.0,0.0
B3H5K9_622_H3N2F1Pen1,0.0,31875950.0,0.0,0.0,907101.0,0.0,0.0,39142080.0,0.0,0.0,1333599.0,0.0,0.0,0.0,26633940.0,0.0,0.0,848651.8
B3H5K9_622_H3N3F1Pen1,0.0,0.0,0.0,0.0,0.0,0.0,6218262.0,0.0,0.0,281623.0,0.0,0.0,0.0,0.0,0.0,0.0,0.0,0.0
B3H5K9_622_H4N3F1Pen1,0.0,10411320.0,0.0,0.0,752865.8,0.0,0.0,0.0,0.0,0.0,0.0,0.0,0.0,0.0,0.0,0.0,0.0,0.0
B3H5K9_622_H4N4F2Pen1,0.0,0.0,0.0,0.0,0.0,0.0,0.0,0.0,9741484.0,0.0,0.0,865415.5,0.0,0.0,0.0,0.0,0.0,0.0
B3H615_43_H3N4F1Pen1,0.0,0.0,0.0,0.0,0.0,0.0,33808270.0,16929360.0,0.0,1509659.0,2497852.0,0.0,0.0,0.0,0.0,0.0,0.0,0.0
B3H6Z8_172_H3N2F1Pen1,3913294.0,0.0,0.0,249120.0,0.0,0.0,0.0,0.0,3709538.0,0.0,0.0,0.0,0.0,0.0,0.0,0.0,0.0,0.0
B3H6Z8_845_H3N3F1Pen1,0.0,3495521.0,0.0,0.0,0.0,0.0,0.0,0.0,0.0,0.0,0.0,0.0,0.0,0.0,0.0,0.0,0.0,0.0
B3LFA3_301_H7N2,0.0,0.0,0.0,0.0,0.0,0.0,0.0,0.0,4191168.0,0.0,0.0,0.0,0.0,0.0,0.0,0.0,0.0,0.0
B3LFA4_392_H3N3F1Pen1,0.0,0.0,0.0,0.0,0.0,0.0,0.0,0.0,5439695.0,0.0,0.0,0.0,0.0,0.0,0.0,0.0,0.0,0.0
B3RFJ6_507_H3N2F1Pen1,0.0,0.0,0.0,0.0,0.0,0.0,0.0,6464140.0,0.0,0.0,510690.7,0.0,0.0,0.0,0.0,0.0,0.0,0.0
B3V4S7_120_H3N4F1Pen1,0.0,0.0,0.0,8920759.0,0.0,0.0,0.0,0.0,0.0,0.0,0.0,0.0,0.0,0.0,0.0,0.0,0.0,0.0
B4FAF3_186_H3N2F1Pen1,0.0,0.0,0.0,0.0,0.0,0.0,0.0,0.0,0.0,0.0,0.0,0.0,0.0,0.0,6712315.0,0.0,0.0,0.0
B4FAF3_186_H3N3F1Pen1,0.0,0.0,0.0,0.0,0.0,0.0,0.0,0.0,5474816.0,0.0,0.0,0.0,0.0,0.0,0.0,0.0,0.0,0.0
B4G0F3_429_H7N2,0.0,0.0,344528.9,0.0,0.0,8157538.0,395953.1,0.0,0.0,6319328.0,0.0,0.0,0.0,0.0,0.0,0.0,0.0,0.0
B5WWZ9_438_H8N2,0.0,0.0,0.0,0.0,0.0,0.0,0.0,0.0,0.0,0.0,0.0,7707867.0,0.0,0.0,0.0,0.0,0.0,0.0
B5X582_478_H3N2F1Pen1,0.0,0.0,0.0,0.0,0.0,0.0,0.0,12841930.0,0.0,0.0,0.0,0.0,0.0,0.0,0.0,0.0,0.0,0.0
B6DMK2_1087_H2N2F1Pen1,0.0,0.0,0.0,0.0,0.0,0.0,0.0,0.0,0.0,0.0,0.0,0.0,5770712.0,0.0,0.0,4186857.0,0.0,0.0
B6DMK2_1087_H3N2F1Pen1,0.0,0.0,0.0,0.0,0.0,0.0,0.0,43298270.0,0.0,0.0,42956110.0,0.0,0.0,88319430.0,0.0,0.0,144398200.0,0.0
B6DMK2_894_H3N2F1Pen1,0.0,0.0,0.0,0.0,0.0,0.0,0.0,0.0,0.0,0.0,0.0,9951934.0,0.0,1114707.0,0.0,0.0,11321220.0,0.0
B6TGN4_440_H7N2,446167.5,0.0,0.0,1924218.0,0.0,0.0,0.0,0.0,0.0,0.0,0.0,0.0,0.0,0.0,0.0,0.0,0.0,0.0
B7EJ91_572_H3N2Pen1,113769.0,0.0,0.0,6875307.0,0.0,0.0,0.0,0.0,0.0,6469475.0,0.0,0.0,0.0,0.0,0.0,4389608.0,0.0,0.0
B7F7B9_350_H3N2F1Pen1,0.0,0.0,0.0,0.0,0.0,0.0,0.0,0.0,37797580.0,0.0,0.0,1215652.0,0.0,0.0,0.0,0.0,0.0,0.0
B7FM45_259_H7N2,0.0,0.0,0.0,0.0,0.0,0.0,0.0,4098875.0,0.0,0.0,4583655.0,0.0,0.0,0.0,7992372.0,0.0,0.0,9678108.0
B7SY83_1057_H3N2F1Pen1,0.0,0.0,0.0,0.0,0.0,0.0,0.0,0.0,0.0,0.0,0.0,18568570.0,0.0,0.0,0.0,0.0,0.0,0.0
B7SY83_1057_H8N2,0.0,0.0,0.0,0.0,0.0,0.0,0.0,0.0,0.0,0.0,6087603.0,0.0,0.0,0.0,0.0,0.0,0.0,0.0
B7U179_442_H10N2,0.0,8381168.0,0.0,0.0,8641594.0,0.0,9834101.0,0.0,0.0,8997201.0,0.0,0.0,0.0,0.0,0.0,0.0,0.0,0.0
B7U179_442_H5N4F2Pen1,0.0,0.0,0.0,0.0,0.0,0.0,0.0,6133154.0,0.0,0.0,1600258.0,0.0,0.0,0.0,0.0,0.0,0.0,0.0
B7ZWR6_118_H4N2Pen1,0.0,0.0,0.0,0.0,0.0,0.0,0.0,6852069.0,0.0,0.0,4093197.0,0.0,0.0,15168580.0,0.0,0.0,11797780.0,0.0
B7ZWR6_118_H5N3F1Pen1,0.0,0.0,12086270.0,0.0,0.0,1053022.0,0.0,0.0,0.0,0.0,0.0,0.0,0.0,0.0,0.0,0.0,0.0,0.0
B7ZWR7_62_H3N2F1Pen1,0.0,0.0,0.0,10518660.0,0.0,0.0,0.0,0.0,0.0,0.0,0.0,0.0,0.0,0.0,0.0,0.0,0.0,0.0
B8ARK7_444_H8N2,0.0,0.0,0.0,0.0,0.0,0.0,16722560.0,0.0,0.0,303539600.0,0.0,0.0,0.0,0.0,0.0,0.0,0.0,0.0
B8AU84_97_H3N3F1Pen1,0.0,0.0,0.0,0.0,0.0,0.0,0.0,0.0,0.0,0.0,0.0,0.0,0.0,0.0,0.0,0.0,20647910.0,0.0
B8AUI3_196_H3N2F1Pen1,0.0,0.0,0.0,0.0,0.0,0.0,0.0,5550284.0,0.0,0.0,874652.8,0.0,0.0,0.0,0.0,0.0,0.0,0.0
B8BDK8_214_H4N2Pen1,0.0,0.0,0.0,0.0,0.0,0.0,0.0,98488.7,0.0,0.0,1977957.0,0.0,0.0,0.0,0.0,0.0,0.0,0.0
B9DFG3_32_H3N2F1Pen1,0.0,0.0,0.0,0.0,0.0,0.0,0.0,43202980.0,0.0,0.0,34484740.0,0.0,0.0,0.0,0.0,0.0,0.0,0.0
B9DFZ0_106_H3N2F1Pen1,0.0,0.0,0.0,0.0,0.0,0.0,1572327.0,0.0,0.0,0.0,0.0,0.0,0.0,0.0,0.0,0.0,0.0,0.0
B9DGI8_108_H8N2,0.0,0.0,0.0,38904790.0,0.0,0.0,0.0,0.0,0.0,0.0,0.0,0.0,0.0,0.0,0.0,0.0,0.0,0.0
B9DGY1_396_H3N3F1Pen1,0.0,222123.7,0.0,0.0,5360960.0,0.0,0.0,0.0,0.0,0.0,0.0,0.0,0.0,0.0,0.0,0.0,0.0,0.0
B9DI20_257_H8N2,0.0,0.0,0.0,0.0,0.0,0.0,0.0,0.0,0.0,0.0,0.0,0.0,0.0,0.0,2925673.0,0.0,0.0,1895416.0
B9EUM5_846_H6N2,14157680.0,0.0,0.0,0.0,0.0,0.0,0.0,0.0,0.0,0.0,0.0,0.0,0.0,0.0,0.0,0.0,0.0,0.0
B9EY52_335_H3N3F1Pen1,0.0,0.0,0.0,0.0,6701590.0,0.0,0.0,320706.3,0.0,9325070.0,9245996.0,0.0,0.0,0.0,0.0,0.0,0.0,0.0
B9EY52_335_H4N3F1Pen1,0.0,0.0,0.0,0.0,0.0,0.0,0.0,0.0,0.0,0.0,0.0,0.0,0.0,0.0,0.0,0.0,8781331.0,0.0
B9F1C0_835_H5N2,0.0,9160294.0,0.0,0.0,6607048.0,0.0,0.0,13129340.0,0.0,0.0,5504247.0,0.0,0.0,0.0,0.0,0.0,0.0,0.0
B9F1C0_835_H6N2,0.0,0.0,0.0,0.0,0.0,0.0,0.0,0.0,0.0,0.0,0.0,0.0,0.0,95970440.0,0.0,0.0,40029200.0,0.0
B9F1C0_835_H7N2,0.0,0.0,0.0,0.0,0.0,0.0,5921826.0,0.0,0.0,2991690.0,0.0,0.0,0.0,3766733.0,0.0,0.0,1239819.0,0.0
B9F4I8_504_H4N2Pen1,0.0,0.0,0.0,0.0,0.0,0.0,0.0,4003602.0,0.0,0.0,281025.2,0.0,0.0,0.0,0.0,0.0,0.0,0.0
B9FAF3_1073_H3N2F1Pen1,0.0,0.0,0.0,0.0,0.0,0.0,0.0,0.0,0.0,0.0,0.0,0.0,0.0,0.0,30122850.0,0.0,0.0,24696260.0
B9FAF3_1073_H3N3F1Pen1,0.0,0.0,0.0,0.0,0.0,0.0,0.0,0.0,1816229.0,0.0,0.0,4197401.0,0.0,0.0,0.0,0.0,0.0,0.0
B9FDR3_765_H6N2,0.0,0.0,0.0,0.0,0.0,0.0,0.0,8976474.0,0.0,0.0,0.0,0.0,0.0,0.0,2256550.0,0.0,0.0,0.0
B9FDR3_765_H7N2,0.0,0.0,0.0,0.0,0.0,0.0,0.0,0.0,6348669.0,0.0,0.0,0.0,0.0,0.0,4880835.0,0.0,0.0,0.0
B9FDT1_307_H7N2,0.0,3315582.0,4076989.0,0.0,4352678.0,6408536.0,0.0,4452171.0,0.0,0.0,6808690.0,0.0,0.0,0.0,3125995.0,0.0,0.0,9726589.0
B9FDT1_307_H8N2,0.0,0.0,0.0,0.0,0.0,0.0,0.0,0.0,0.0,0.0,0.0,0.0,0.0,0.0,0.0,0.0,5103859.0,0.0
B9FDT1_307_H9N2,0.0,0.0,4225617.0,0.0,0.0,7268370.0,0.0,0.0,4359124.0,0.0,0.0,5344035.0,0.0,0.0,3117838.0,0.0,0.0,6831535.0
B9FK36_1289_H3N2F1Pen1,0.0,0.0,0.0,0.0,0.0,0.0,0.0,0.0,0.0,0.0,22041190.0,0.0,0.0,0.0,0.0,0.0,0.0,0.0
B9FK36_1289_H5N4F1Pen1,0.0,0.0,0.0,0.0,0.0,0.0,0.0,0.0,0.0,4951510.0,0.0,0.0,0.0,0.0,0.0,0.0,0.0,0.0
B9FK36_1289_H7N2,0.0,0.0,0.0,0.0,0.0,4005278.0,0.0,0.0,0.0,0.0,0.0,0.0,0.0,0.0,0.0,0.0,0.0,0.0
B9FK36_1289_H8N2,0.0,0.0,0.0,0.0,4831496.0,0.0,0.0,0.0,0.0,0.0,0.0,0.0,0.0,0.0,0.0,0.0,0.0,0.0
B9FK36_1289_H9N2,0.0,0.0,0.0,0.0,0.0,0.0,0.0,0.0,0.0,0.0,7409541.0,0.0,0.0,0.0,0.0,0.0,0.0,0.0
B9FS74_439_H3N4F1Pen1,0.0,0.0,0.0,0.0,0.0,0.0,0.0,24970620.0,0.0,0.0,816279.2,0.0,0.0,0.0,0.0,0.0,0.0,0.0
B9FXV5_1011_H3N2F1Pen1,0.0,0.0,0.0,0.0,0.0,0.0,0.0,0.0,5786116.0,0.0,0.0,463142.2,0.0,0.0,0.0,0.0,0.0,0.0
B9G2A8_3281_H3N3F1Pen1,0.0,0.0,0.0,0.0,0.0,4066417.0,0.0,0.0,0.0,0.0,0.0,0.0,0.0,0.0,0.0,0.0,0.0,0.0
B9G3M6_1111_H3N4F1Pen1,0.0,0.0,0.0,0.0,0.0,0.0,0.0,10680310.0,0.0,0.0,9770832.0,0.0,0.0,0.0,0.0,0.0,0.0,0.0
B9G4M9_345_H6N3,0.0,0.0,0.0,0.0,0.0,0.0,0.0,0.0,0.0,0.0,0.0,0.0,0.0,0.0,530361.9,0.0,0.0,1352619.0
B9G5Y5_240_H3N3F1Pen1,0.0,0.0,0.0,0.0,0.0,0.0,0.0,4641483.0,0.0,0.0,0.0,0.0,0.0,0.0,0.0,0.0,0.0,0.0
B9G8P1_284_H3N4F1Pen1,0.0,0.0,4420715.0,0.0,0.0,31345810.0,0.0,0.0,0.0,0.0,0.0,0.0,0.0,0.0,0.0,0.0,0.0,0.0
B9GDE5_712_H3N2F1Pen1,0.0,0.0,0.0,0.0,0.0,0.0,0.0,0.0,60500600.0,0.0,0.0,3823558.0,0.0,0.0,0.0,0.0,0.0,0.0
B9GDE5_712_H3N2Pen1,0.0,0.0,0.0,0.0,0.0,0.0,0.0,0.0,0.0,0.0,0.0,0.0,2128028.0,0.0,0.0,0.0,0.0,0.0
B9GDE5_712_H3N3F1Pen1,0.0,0.0,0.0,0.0,0.0,0.0,0.0,0.0,0.0,0.0,0.0,0.0,0.0,15637890.0,0.0,0.0,2323287.0,0.0
B9GDE5_712_H3N4F1Pen1,0.0,0.0,31596740.0,0.0,0.0,3608457.0,0.0,0.0,0.0,0.0,0.0,0.0,0.0,0.0,0.0,0.0,0.0,0.0
B9GDE5_712_H4N4F1Pen1,0.0,0.0,0.0,0.0,0.0,0.0,1767702.0,0.0,0.0,197563.9,0.0,0.0,0.0,0.0,0.0,0.0,0.0,0.0
B9GE13_2428_H3N4F1Pen1,0.0,0.0,0.0,0.0,0.0,0.0,0.0,0.0,0.0,0.0,0.0,0.0,0.0,0.0,2360359.0,0.0,0.0,0.0
B9HMP5_26_H3N2F1Pen1,0.0,0.0,0.0,0.0,0.0,0.0,0.0,0.0,0.0,0.0,12427960.0,0.0,0.0,0.0,0.0,0.0,0.0,0.0
B9HMP5_26_H4N2Pen1,0.0,0.0,0.0,0.0,0.0,0.0,0.0,0.0,0.0,0.0,0.0,0.0,0.0,0.0,0.0,0.0,3449775.0,0.0
B9N843_51_H4N4F2Pen1,0.0,0.0,0.0,0.0,0.0,0.0,0.0,0.0,0.0,0.0,0.0,0.0,9810817.0,0.0,0.0,0.0,0.0,0.0
B9RPM3_47_H6N2,0.0,0.0,1035132.0,0.0,0.0,11527160.0,0.0,0.0,0.0,0.0,0.0,0.0,0.0,0.0,0.0,0.0,0.0,0.0
B9S9Z3_16_H3N2F1Pen1,0.0,0.0,0.0,0.0,0.0,0.0,0.0,0.0,0.0,0.0,0.0,0.0,0.0,3298412.0,14047470.0,0.0,533650.4,0.0
B9SBU9_261_H3N2F1Pen1,0.0,0.0,0.0,0.0,0.0,0.0,0.0,0.0,0.0,0.0,0.0,0.0,0.0,0.0,0.0,10543770.0,0.0,0.0
B9SCB6_125_H8N2,0.0,0.0,0.0,0.0,0.0,0.0,0.0,0.0,0.0,0.0,0.0,0.0,0.0,273816.3,0.0,0.0,9127720.0,0.0
B9SEZ6_25_H3N2F1Pen1,0.0,2435246.0,0.0,0.0,0.0,0.0,0.0,0.0,0.0,0.0,0.0,0.0,0.0,0.0,0.0,0.0,0.0,0.0
B9SVG9_22_H3N3F1Pen1,0.0,3381265.0,0.0,0.0,5317769.0,0.0,0.0,0.0,0.0,0.0,0.0,0.0,3891909.0,0.0,0.0,1617260.0,0.0,0.0
B9SZB6_275_H3N2F1Pen1,0.0,0.0,0.0,0.0,0.0,0.0,0.0,0.0,0.0,0.0,0.0,0.0,0.0,0.0,0.0,0.0,0.0,4991210.0
C0LGD7_179_H3N4F1Pen1,0.0,0.0,0.0,0.0,0.0,0.0,0.0,1967180.0,0.0,0.0,1496495.0,0.0,0.0,0.0,0.0,0.0,0.0,0.0
C0LGD7_179_H8N2,4355650.0,0.0,0.0,0.0,0.0,0.0,0.0,0.0,0.0,0.0,0.0,0.0,0.0,0.0,0.0,0.0,0.0,0.0
C0LGD7_349_H3N2F1Pen1,0.0,0.0,0.0,0.0,0.0,0.0,0.0,0.0,0.0,0.0,37486820.0,0.0,0.0,0.0,0.0,0.0,0.0,0.0
C0LGD7_349_H4N4Pen1,1304903.0,0.0,0.0,24714280.0,0.0,0.0,0.0,0.0,0.0,0.0,0.0,0.0,0.0,0.0,0.0,0.0,0.0,0.0
C0LGD8_811_H8N2,0.0,0.0,0.0,0.0,0.0,0.0,0.0,0.0,0.0,0.0,0.0,0.0,0.0,0.0,0.0,0.0,5584260.0,0.0
C0LGF4_205_H4N2Pen1,0.0,0.0,4469578.0,0.0,0.0,661718.5,0.0,0.0,0.0,0.0,0.0,0.0,0.0,0.0,0.0,0.0,0.0,0.0
C0LGG7_832_H3N2F1Pen1,0.0,1523122.0,0.0,0.0,0.0,0.0,0.0,0.0,0.0,0.0,0.0,0.0,0.0,0.0,0.0,0.0,0.0,0.0
C0LGH2_394_H3N4F1Pen1,0.0,0.0,0.0,0.0,0.0,0.0,0.0,0.0,0.0,0.0,0.0,0.0,0.0,0.0,3526687.0,0.0,0.0,0.0
C0LGK9_121_H3N2F1Pen1,0.0,0.0,0.0,0.0,0.0,0.0,1915691.0,0.0,0.0,93396350.0,0.0,0.0,2148402.0,0.0,2216829.0,86381650.0,0.0,59704470.0
C0LGN2_289_H4N2Pen1,0.0,0.0,0.0,0.0,0.0,0.0,0.0,18569340.0,0.0,0.0,14027010.0,0.0,0.0,0.0,0.0,0.0,0.0,0.0
C0LGN2_461_H3N2F1Pen1,0.0,0.0,0.0,6721879.0,0.0,0.0,0.0,0.0,0.0,0.0,0.0,0.0,0.0,0.0,0.0,0.0,0.0,0.0
C0LGN2_461_H3N3F1Pen1,0.0,0.0,0.0,0.0,0.0,0.0,0.0,0.0,0.0,0.0,0.0,12197530.0,0.0,0.0,0.0,0.0,0.0,0.0
C0LGN2_873_H3N4F1Pen1,0.0,0.0,0.0,0.0,0.0,0.0,2310502.0,0.0,0.0,3177740.0,0.0,0.0,0.0,0.0,0.0,0.0,0.0,0.0
C0LGQ4_375_H3N2F1Pen1,0.0,0.0,0.0,0.0,0.0,0.0,0.0,0.0,0.0,0.0,0.0,0.0,560694.3,0.0,1490798.0,5012418.0,0.0,3080461.0
C0LGT5_553_H9N2,0.0,0.0,4135783.0,0.0,0.0,5174358.0,0.0,0.0,0.0,0.0,0.0,0.0,0.0,0.0,0.0,0.0,0.0,0.0
C0LGV0_591_H3N2F1Pen1,0.0,20764920.0,0.0,0.0,2326094.0,0.0,0.0,0.0,0.0,0.0,0.0,0.0,0.0,0.0,0.0,0.0,0.0,0.0
C0LGX1_149_H3N3F1Pen1,0.0,0.0,0.0,21933030.0,0.0,0.0,0.0,0.0,0.0,0.0,0.0,0.0,0.0,0.0,0.0,0.0,0.0,0.0
C0LGX1_149_H4N4Pen1,0.0,0.0,0.0,0.0,0.0,12024400.0,0.0,0.0,0.0,0.0,0.0,0.0,0.0,0.0,0.0,0.0,0.0,0.0
C0PPM5_244_H7N2,0.0,0.0,0.0,0.0,0.0,0.0,724416.4,0.0,0.0,4722712.0,0.0,0.0,0.0,0.0,0.0,0.0,0.0,0.0
C0SVV6_249_H3N2Pen1,0.0,0.0,0.0,0.0,0.0,0.0,751123.7,0.0,0.0,23150280.0,0.0,0.0,0.0,0.0,0.0,0.0,0.0,0.0
C0SVV6_461_H3N2Pen1,0.0,278544.0,0.0,0.0,9864416.0,0.0,0.0,0.0,0.0,9803252.0,0.0,13488320.0,0.0,0.0,0.0,11861140.0,0.0,10754150.0
C1K5M3_666_H3N2F1Pen1,0.0,0.0,0.0,0.0,0.0,0.0,11594890.0,0.0,0.0,0.0,0.0,0.0,0.0,0.0,0.0,0.0,0.0,0.0
C4B7M5_651_H3N4F1Pen1,0.0,0.0,0.0,0.0,0.0,0.0,0.0,0.0,0.0,7787075.0,0.0,0.0,0.0,0.0,0.0,0.0,0.0,0.0
C5H429_18_H3N2F1Pen1,0.0,0.0,0.0,0.0,0.0,0.0,0.0,0.0,0.0,0.0,0.0,0.0,0.0,8218039.0,0.0,0.0,5326711.0,0.0
C5H8J1_488_H6N2,0.0,0.0,0.0,0.0,0.0,0.0,0.0,9508916.0,0.0,0.0,0.0,0.0,0.0,0.0,0.0,0.0,0.0,0.0
C5XEK4_221_H3N2Pen1,0.0,0.0,0.0,0.0,0.0,0.0,0.0,0.0,0.0,0.0,0.0,0.0,2551016.0,0.0,0.0,0.0,0.0,0.0
C5YHI2_354_H8N2,0.0,0.0,0.0,0.0,0.0,0.0,6195735.0,0.0,0.0,985233.5,0.0,0.0,0.0,0.0,0.0,0.0,0.0,0.0
C6JS30_267_H7N2,0.0,0.0,0.0,0.0,0.0,0.0,3961381.0,0.0,0.0,177436.6,0.0,0.0,0.0,0.0,0.0,0.0,0.0,0.0
C6KIE6_487_H10N2,0.0,0.0,0.0,0.0,0.0,8371481.0,0.0,0.0,0.0,0.0,0.0,0.0,0.0,0.0,0.0,0.0,0.0,0.0
C6KIE6_487_H3N2F1Pen1,0.0,4228009.0,0.0,0.0,528501.1,0.0,0.0,0.0,0.0,0.0,0.0,0.0,0.0,0.0,0.0,0.0,0.0,0.0
C6L7U1_1315_H6N2,0.0,0.0,0.0,0.0,0.0,0.0,0.0,0.0,0.0,1610189.0,0.0,0.0,0.0,0.0,0.0,0.0,0.0,0.0
C6L7U1_1324_H3N2F1Pen1,0.0,2649512.0,0.0,0.0,8473270.0,0.0,0.0,0.0,0.0,0.0,0.0,0.0,0.0,0.0,0.0,0.0,0.0,0.0
C6L7U1_1324_H3N4F1Pen1,0.0,0.0,0.0,0.0,0.0,0.0,14928550.0,0.0,0.0,4676422.0,0.0,0.0,7449409.0,0.0,0.0,6309048.0,0.0,0.0
C6L7U1_309_H3N2F1Pen1,0.0,0.0,0.0,0.0,0.0,0.0,0.0,0.0,0.0,0.0,0.0,0.0,0.0,7241999.0,0.0,0.0,0.0,0.0
C6L7U1_315_H3N4F1Pen1,0.0,0.0,0.0,0.0,0.0,0.0,389690.0,0.0,0.0,3198879.0,0.0,0.0,0.0,0.0,0.0,0.0,0.0,0.0
C6L7U1_403_H5N4F1Pen1,0.0,0.0,0.0,0.0,0.0,0.0,0.0,0.0,0.0,4513158.0,0.0,0.0,0.0,0.0,0.0,0.0,0.0,0.0
C7SG33_190_H3N2F1Pen1,0.0,0.0,0.0,0.0,0.0,0.0,0.0,395618.8,0.0,6301425.0,11262600.0,0.0,0.0,0.0,0.0,0.0,0.0,0.0
C8YNG6_453_H3N2F1Pen1,0.0,0.0,0.0,0.0,0.0,0.0,0.0,0.0,37498870.0,0.0,0.0,0.0,0.0,0.0,0.0,0.0,0.0,0.0
D0TZF0_380_H3N4F1Pen1,0.0,0.0,0.0,0.0,2555837.0,0.0,0.0,0.0,0.0,0.0,0.0,0.0,0.0,0.0,0.0,0.0,0.0,0.0
D1FP53_393_H8N2,0.0,0.0,0.0,0.0,0.0,0.0,0.0,0.0,0.0,0.0,0.0,0.0,0.0,0.0,0.0,0.0,5030341.0,0.0
D1FP53_405_H3N3F1Pen1,0.0,0.0,0.0,0.0,0.0,0.0,0.0,0.0,274018.3,0.0,0.0,2479776.0,0.0,0.0,0.0,0.0,0.0,0.0
D1FP53_918_H3N3F1Pen1,0.0,0.0,15240810.0,0.0,0.0,6168860.0,241210600.0,0.0,226736900.0,112969900.0,0.0,102966500.0,0.0,198136700.0,0.0,0.0,74535720.0,0.0
D1FP53_918_H3N3Pen1,0.0,0.0,23249860.0,0.0,0.0,10382680.0,0.0,0.0,0.0,0.0,0.0,0.0,0.0,0.0,0.0,0.0,0.0,0.0
D1KF50_42_H3N2F1Pen1,19092970.0,0.0,0.0,2522611.0,0.0,0.0,0.0,0.0,0.0,0.0,0.0,0.0,0.0,0.0,0.0,0.0,0.0,0.0
D3J163_153_H3N3F1Pen1,12357660.0,0.0,0.0,1223723.0,0.0,0.0,0.0,0.0,0.0,0.0,0.0,0.0,0.0,0.0,0.0,0.0,0.0,0.0
D3J163_153_H3N4F1Pen1,0.0,0.0,0.0,0.0,0.0,0.0,23507820.0,0.0,0.0,2347970.0,0.0,0.0,0.0,0.0,10517370.0,0.0,0.0,1957776.0
D3J163_153_H3N4F2,0.0,9180005.0,0.0,0.0,0.0,0.0,0.0,0.0,0.0,0.0,0.0,0.0,0.0,0.0,0.0,0.0,0.0,0.0
D3J163_153_H4N4Pen1,0.0,8146718.0,0.0,0.0,0.0,0.0,0.0,0.0,0.0,0.0,0.0,0.0,0.0,0.0,0.0,0.0,0.0,0.0
D3UAG7_81_H7N2,0.0,0.0,0.0,0.0,0.0,0.0,0.0,5339081.0,4146869.0,0.0,2961395.0,204854.9,0.0,0.0,0.0,0.0,0.0,0.0
D4N502_297_H3N2Pen1,0.0,0.0,0.0,0.0,0.0,0.0,2696986.0,0.0,0.0,471716.3,0.0,0.0,0.0,0.0,0.0,0.0,0.0,0.0
D4N502_297_H3N3Pen1,0.0,0.0,0.0,0.0,0.0,0.0,0.0,408816.1,0.0,0.0,6225414.0,0.0,0.0,0.0,0.0,0.0,0.0,0.0
D5LHJ0_379_H3N2F1Pen1,0.0,0.0,0.0,0.0,0.0,0.0,5353881.0,0.0,0.0,593455.2,0.0,0.0,0.0,0.0,0.0,0.0,0.0,0.0
D7MMW4_94_H3N4F1Pen1,0.0,2824491.0,7225979.0,0.0,16042350.0,41475450.0,0.0,0.0,9107290.0,0.0,0.0,102320300.0,0.0,0.0,0.0,0.0,0.0,0.0
D7MUY4_6_H4N3Pen1,0.0,0.0,0.0,0.0,0.0,0.0,0.0,0.0,0.0,4668225.0,0.0,0.0,0.0,0.0,0.0,0.0,0.0,0.0
D8WUA4_255_H8N2,0.0,0.0,0.0,0.0,0.0,0.0,0.0,0.0,0.0,0.0,0.0,0.0,0.0,0.0,0.0,0.0,18611910.0,0.0
D9HP27_11_H3N2Pen1,0.0,0.0,0.0,0.0,0.0,0.0,0.0,0.0,0.0,0.0,0.0,0.0,2230335.0,0.0,0.0,0.0,0.0,0.0
E0CSI1_257_H6N2,0.0,0.0,0.0,0.0,0.0,14475750.0,0.0,0.0,0.0,0.0,0.0,0.0,0.0,0.0,0.0,0.0,0.0,0.0
E0WN94_360_H8N2,0.0,0.0,0.0,0.0,5866171.0,0.0,0.0,0.0,0.0,14551320.0,0.0,0.0,0.0,0.0,0.0,0.0,0.0,12219180.0
E0ZS45_162_H10N2,0.0,0.0,0.0,0.0,0.0,0.0,0.0,0.0,0.0,0.0,9879521.0,0.0,0.0,0.0,0.0,0.0,0.0,0.0
E1B2Z9_254_H3N4F1Pen1,0.0,0.0,0.0,0.0,0.0,0.0,0.0,14736790.0,0.0,0.0,3028110.0,0.0,0.0,0.0,0.0,0.0,0.0,0.0
E1B328_940_H7N2,0.0,0.0,0.0,0.0,0.0,0.0,0.0,0.0,423971.1,0.0,0.0,4566082.0,0.0,0.0,0.0,0.0,0.0,0.0
E2E2N3_301_H8N2,0.0,1967225.0,0.0,0.0,5177247.0,0.0,0.0,1086790.0,0.0,0.0,19044630.0,0.0,0.0,0.0,2381916.0,0.0,0.0,22336540.0
E2IUA7_756_H8N2,0.0,0.0,0.0,0.0,0.0,0.0,0.0,0.0,0.0,0.0,0.0,2929660.0,0.0,0.0,0.0,0.0,0.0,0.0
E3SXU4_552_H3N2F1Pen1,0.0,0.0,0.0,0.0,0.0,0.0,0.0,0.0,0.0,0.0,0.0,24042740.0,0.0,0.0,0.0,0.0,0.0,0.0
E3W202_152_H3N3F1Pen1,0.0,0.0,0.0,0.0,2078858.0,0.0,0.0,0.0,0.0,0.0,0.0,0.0,0.0,0.0,0.0,0.0,0.0,0.0
E3W204_202_H8N2,0.0,0.0,2097071.0,0.0,0.0,0.0,0.0,0.0,0.0,0.0,0.0,0.0,0.0,0.0,0.0,0.0,0.0,0.0
E4NKF8_684_H3N2F1Pen1,0.0,0.0,0.0,0.0,0.0,0.0,0.0,0.0,10264720.0,0.0,0.0,1139227.0,0.0,0.0,0.0,0.0,0.0,0.0
E7DN64_198_H8N2,0.0,0.0,0.0,0.0,4451830.0,7428111.0,0.0,0.0,0.0,0.0,0.0,3722917.0,0.0,0.0,0.0,0.0,0.0,0.0
F1SZ44_53_H7N2,0.0,0.0,6869110.0,0.0,0.0,1281632.0,0.0,0.0,0.0,0.0,0.0,0.0,0.0,0.0,0.0,0.0,0.0,0.0
F2XF99_564_H3N2Pen1,0.0,0.0,0.0,0.0,0.0,0.0,9135064.0,0.0,0.0,9401864.0,0.0,0.0,0.0,0.0,0.0,0.0,0.0,0.0
F4HQ23_384_H8N2,0.0,0.0,0.0,0.0,0.0,0.0,0.0,0.0,7945653.0,0.0,0.0,1451388.0,0.0,0.0,0.0,0.0,0.0,0.0
F4HQE2_383_H3N2F1Pen1,17928930.0,0.0,0.0,0.0,0.0,0.0,0.0,0.0,0.0,0.0,0.0,0.0,0.0,0.0,23726070.0,0.0,0.0,0.0
F4HQE2_383_H3N2Pen1,0.0,0.0,3333815.0,0.0,0.0,0.0,0.0,0.0,0.0,0.0,0.0,0.0,0.0,0.0,0.0,0.0,0.0,0.0
F4HQE2_383_H3N3F1Pen1,0.0,0.0,0.0,0.0,0.0,0.0,0.0,20790760.0,0.0,0.0,0.0,0.0,0.0,0.0,0.0,0.0,0.0,0.0
F4HQE2_383_H3N4F1Pen1,0.0,7752916.0,0.0,0.0,0.0,0.0,0.0,0.0,0.0,0.0,0.0,0.0,0.0,0.0,0.0,0.0,0.0,0.0
F4HQE2_557_H6N2,0.0,0.0,0.0,0.0,0.0,0.0,0.0,0.0,382758.6,0.0,0.0,7532061.0,0.0,0.0,341139.6,0.0,0.0,2934686.0
F4HQX1_56_H3N2F1Pen1,0.0,0.0,0.0,0.0,0.0,0.0,0.0,0.0,0.0,0.0,26953720.0,0.0,0.0,0.0,0.0,0.0,0.0,0.0
F4HSX9_412_H3N2F1Pen1,0.0,434759.2,0.0,0.0,19031350.0,0.0,0.0,0.0,0.0,18072240.0,0.0,0.0,0.0,0.0,0.0,0.0,10215800.0,0.0
F4HSX9_90_H3N4F1Pen1,0.0,6885902.0,6919413.0,0.0,0.0,0.0,0.0,0.0,0.0,0.0,0.0,0.0,0.0,0.0,0.0,0.0,0.0,0.0
F4HT49_289_H3N4F1Pen1,0.0,0.0,0.0,0.0,8150697.0,0.0,0.0,0.0,0.0,0.0,0.0,21098150.0,0.0,0.0,0.0,0.0,0.0,15962760.0
F4HT49_289_H4N4F2Pen1,0.0,0.0,0.0,0.0,0.0,0.0,0.0,0.0,0.0,0.0,0.0,0.0,0.0,0.0,0.0,0.0,0.0,11622650.0
F4HTV4_200_H3N3F1Pen1,0.0,0.0,0.0,0.0,0.0,0.0,0.0,0.0,0.0,0.0,0.0,0.0,1012235.0,0.0,1859777.0,7295474.0,0.0,9674434.0
F4HTV4_75_H3N3F1Pen1,0.0,0.0,4983429.0,0.0,0.0,648171.2,0.0,0.0,11718780.0,0.0,0.0,0.0,0.0,0.0,0.0,0.0,0.0,0.0
F4HTV6_257_H3N2F1Pen1,0.0,0.0,0.0,0.0,0.0,0.0,0.0,0.0,19436920.0,0.0,0.0,0.0,0.0,0.0,0.0,0.0,0.0,0.0
F4HTV6_2_H3N4F1Pen1,0.0,0.0,0.0,0.0,0.0,0.0,0.0,0.0,787280.9,0.0,0.0,8600289.0,0.0,0.0,0.0,0.0,0.0,0.0
F4HTV6_2_H7N2,0.0,0.0,216219.7,0.0,0.0,4037727.0,0.0,0.0,0.0,0.0,0.0,0.0,0.0,0.0,0.0,0.0,0.0,0.0
F4HUK6_270_H3N3F1Pen1,0.0,0.0,0.0,0.0,0.0,0.0,0.0,0.0,0.0,0.0,12925300.0,0.0,0.0,0.0,0.0,0.0,0.0,0.0
F4HV09_328_H3N2F1Pen1,0.0,0.0,0.0,0.0,0.0,0.0,0.0,30694170.0,0.0,0.0,0.0,0.0,0.0,0.0,0.0,0.0,0.0,0.0
F4HVA6_293_H3N3F1Pen1,0.0,0.0,4693295.0,0.0,0.0,4838595.0,0.0,0.0,0.0,0.0,0.0,0.0,0.0,0.0,0.0,0.0,0.0,0.0
F4HVM3_334_H3N3F1Pen1,0.0,0.0,0.0,0.0,0.0,0.0,0.0,0.0,4552243.0,0.0,0.0,228651.0,0.0,0.0,0.0,0.0,0.0,0.0
F4HW65_733_H6N3,22013880.0,0.0,0.0,54075250.0,0.0,0.0,0.0,100979800.0,0.0,0.0,55964180.0,0.0,0.0,0.0,0.0,0.0,0.0,0.0
F4HWL3_451_H3N3F1Pen1,0.0,0.0,0.0,0.0,3753780.0,0.0,0.0,0.0,0.0,0.0,0.0,0.0,0.0,0.0,0.0,0.0,0.0,0.0
F4HXQ7_845_H3N3F1Pen1,0.0,0.0,204023.7,0.0,0.0,10644350.0,0.0,0.0,0.0,0.0,0.0,0.0,0.0,0.0,1566770.0,0.0,0.0,3978513.0
F4HXW9_420_H3N2F1Pen1,0.0,0.0,0.0,0.0,0.0,0.0,0.0,6589018.0,0.0,0.0,1017233.0,0.0,0.0,0.0,0.0,0.0,0.0,0.0
F4HYR3_137_H3N4F1Pen1,0.0,0.0,0.0,0.0,0.0,0.0,0.0,0.0,0.0,0.0,17397490.0,0.0,0.0,0.0,0.0,0.0,0.0,0.0
F4HYR6_761_H8N2,10420500.0,0.0,0.0,533229.4,0.0,0.0,0.0,20383430.0,0.0,0.0,2931932.0,0.0,0.0,0.0,0.0,0.0,0.0,0.0
F4HZB2_1610_H6N2,0.0,0.0,0.0,0.0,0.0,0.0,0.0,0.0,0.0,0.0,0.0,0.0,0.0,8160587.0,0.0,0.0,3370460.0,0.0
F4HZB2_1610_H7N2,0.0,0.0,0.0,0.0,0.0,0.0,0.0,0.0,0.0,0.0,0.0,0.0,0.0,3411938.0,0.0,0.0,640154.1,0.0
F4HZB2_3107_H3N2F1Pen1,0.0,0.0,0.0,0.0,0.0,0.0,0.0,0.0,0.0,0.0,0.0,27777480.0,0.0,0.0,0.0,0.0,0.0,0.0
F4HZB5_31_H4N2Pen1,0.0,0.0,15935750.0,0.0,0.0,353800.8,0.0,0.0,0.0,0.0,0.0,0.0,0.0,0.0,0.0,0.0,0.0,0.0
F4HZB5_469_H7N2,0.0,0.0,0.0,0.0,0.0,4290147.0,0.0,0.0,0.0,0.0,0.0,0.0,0.0,0.0,0.0,0.0,0.0,0.0
F4HZB5_469_H8N2,0.0,0.0,0.0,0.0,0.0,0.0,235278.9,0.0,0.0,5017514.0,0.0,0.0,0.0,0.0,0.0,0.0,0.0,0.0
F4HZB5_558_H8N2,0.0,0.0,3857239.0,0.0,0.0,0.0,0.0,0.0,0.0,0.0,0.0,0.0,0.0,0.0,0.0,0.0,0.0,0.0
F4HZB5_558_H9N2,0.0,0.0,3507067.0,0.0,0.0,564965.9,0.0,0.0,0.0,0.0,0.0,0.0,0.0,0.0,0.0,0.0,0.0,0.0
F4I037_385_H4N3Pen1,0.0,0.0,0.0,0.0,0.0,0.0,0.0,0.0,0.0,0.0,0.0,0.0,0.0,0.0,0.0,0.0,0.0,2746461.0
F4I0N3_103_H3N4F1Pen1,0.0,0.0,0.0,0.0,0.0,0.0,786367.8,0.0,638907.6,7050529.0,0.0,2612562.0,0.0,0.0,0.0,0.0,0.0,0.0
F4I114_488_H3N3F1Pen1,0.0,0.0,0.0,0.0,0.0,0.0,0.0,0.0,0.0,0.0,0.0,0.0,0.0,0.0,5983528.0,0.0,0.0,0.0
F4I131_429_H3N4F1Pen1,0.0,8713574.0,0.0,0.0,9184513.0,0.0,0.0,0.0,0.0,0.0,0.0,0.0,0.0,0.0,0.0,0.0,0.0,0.0
F4I171_890_H2N3F2Pen1,0.0,0.0,0.0,0.0,0.0,0.0,2108464.0,0.0,0.0,9471557.0,0.0,0.0,0.0,0.0,0.0,0.0,0.0,0.0
F4I1T7_247_H3N3F1Pen1,0.0,0.0,0.0,0.0,0.0,0.0,0.0,286602.9,0.0,11497790.0,5702612.0,0.0,0.0,0.0,0.0,0.0,0.0,0.0
F4I1T7_247_H3N4F1Pen1,0.0,0.0,0.0,0.0,0.0,0.0,0.0,0.0,0.0,0.0,0.0,31713070.0,0.0,0.0,667393.3,0.0,0.0,31606100.0
F4I1T9_454_H3N4F1Pen1,0.0,0.0,0.0,0.0,0.0,0.0,0.0,923353.5,0.0,0.0,1499437.0,0.0,0.0,0.0,0.0,0.0,0.0,0.0
F4I1T9_614_H3N2F1Pen1,0.0,5340449.0,3046332.0,0.0,0.0,0.0,0.0,0.0,0.0,0.0,0.0,0.0,0.0,0.0,0.0,0.0,0.0,0.0
F4I1T9_614_H3N2Pen1,0.0,0.0,0.0,0.0,0.0,0.0,0.0,0.0,0.0,0.0,0.0,0.0,32420360.0,0.0,0.0,0.0,0.0,0.0
F4I1T9_614_H4N2Pen1,0.0,1645140.0,0.0,0.0,0.0,0.0,0.0,0.0,0.0,0.0,0.0,0.0,0.0,0.0,0.0,0.0,0.0,0.0
F4I1T9_664_H7N3,0.0,0.0,0.0,0.0,0.0,0.0,0.0,4863533.0,0.0,0.0,595367.9,0.0,0.0,0.0,0.0,0.0,0.0,0.0
F4I248_215_H3N2F1Pen1,0.0,0.0,0.0,19576970.0,0.0,0.0,0.0,0.0,196383.0,0.0,0.0,42307520.0,0.0,0.0,157397.1,0.0,0.0,34531540.0
F4I2N7_73_H3N2F1Pen1,46364220.0,0.0,0.0,2832727.0,0.0,0.0,0.0,0.0,0.0,0.0,0.0,0.0,23476860.0,0.0,0.0,3060141.0,0.0,0.0
F4I2N7_73_H3N2Pen1,0.0,0.0,0.0,0.0,0.0,0.0,0.0,1691553.0,0.0,0.0,0.0,0.0,0.0,0.0,0.0,0.0,0.0,0.0
F4I2N7_73_H4N4Pen1,6328856.0,0.0,9172615.0,547728.0,0.0,0.0,0.0,0.0,0.0,0.0,0.0,0.0,7492133.0,0.0,0.0,1375917.0,0.0,0.0
F4I2N7_73_H5N4F1Pen1,0.0,0.0,0.0,0.0,0.0,0.0,0.0,2921624.0,0.0,0.0,0.0,0.0,0.0,0.0,0.0,0.0,0.0,0.0
F4I316_364_H3N4F1Pen1,0.0,0.0,0.0,0.0,0.0,0.0,0.0,23284190.0,0.0,0.0,8022651.0,0.0,0.0,4224978.0,0.0,0.0,507501.9,0.0
F4I3Z5_1048_H3N3F1Pen1,0.0,0.0,0.0,0.0,21221980.0,0.0,0.0,0.0,0.0,0.0,0.0,0.0,0.0,0.0,0.0,0.0,0.0,0.0
F4I3Z5_608_H6N2,19841180.0,0.0,0.0,896988.2,0.0,0.0,0.0,0.0,0.0,0.0,0.0,0.0,0.0,0.0,0.0,0.0,0.0,0.0
F4I3Z5_608_H7N2,0.0,0.0,9574967.0,0.0,0.0,1159322.0,0.0,33842790.0,0.0,0.0,3115434.0,0.0,0.0,0.0,27074650.0,0.0,0.0,2843510.0
F4I443_112_H3N2F1Pen1,0.0,0.0,4943704.0,0.0,0.0,3559585.0,0.0,0.0,0.0,0.0,0.0,0.0,0.0,0.0,0.0,0.0,0.0,0.0
F4I443_112_H3N2Pen1,0.0,0.0,29755950.0,0.0,0.0,32628810.0,0.0,0.0,0.0,0.0,0.0,0.0,0.0,0.0,0.0,0.0,0.0,0.0
F4I460_453_H3N2F1Pen1,0.0,0.0,0.0,0.0,0.0,0.0,0.0,0.0,0.0,0.0,0.0,0.0,0.0,1027916.0,0.0,0.0,42360000.0,0.0
F4I4E1_11_H3N2F1Pen1,0.0,0.0,0.0,0.0,0.0,0.0,0.0,8505658.0,0.0,0.0,803169.3,0.0,0.0,0.0,0.0,0.0,0.0,1330376.0
F4I4P3_1511_H3N3F1Pen1,0.0,0.0,0.0,0.0,0.0,0.0,0.0,0.0,0.0,0.0,0.0,0.0,0.0,0.0,2310637.0,0.0,0.0,0.0
F4I594_933_H3N2F1Pen1,0.0,0.0,0.0,0.0,0.0,0.0,0.0,0.0,0.0,0.0,0.0,0.0,1596091.0,0.0,0.0,0.0,0.0,0.0
F4I5N6_108_H5N3F1Pen1,0.0,0.0,0.0,9989886.0,0.0,0.0,0.0,0.0,0.0,0.0,0.0,0.0,0.0,0.0,0.0,0.0,0.0,0.0
F4I893_1670_H3N2F1Pen1,0.0,0.0,11035870.0,0.0,0.0,290895.1,0.0,0.0,0.0,0.0,0.0,0.0,0.0,0.0,0.0,0.0,0.0,0.0
F4I893_197_H3N4F1Pen1,5965830.0,0.0,0.0,3489764.0,0.0,0.0,0.0,0.0,0.0,0.0,0.0,0.0,0.0,0.0,0.0,0.0,0.0,0.0
F4I8S3_599_H8N2,0.0,0.0,0.0,0.0,0.0,0.0,0.0,0.0,0.0,0.0,0.0,0.0,0.0,0.0,0.0,5603494.0,0.0,0.0
F4I9A2_1509_H5N4F1Pen1,0.0,0.0,0.0,0.0,0.0,0.0,0.0,1825139.0,0.0,0.0,9799868.0,0.0,0.0,0.0,0.0,0.0,0.0,0.0
F4I9Q5_1322_H8N2,0.0,0.0,0.0,0.0,0.0,0.0,5872868.0,0.0,0.0,0.0,0.0,0.0,0.0,0.0,0.0,0.0,0.0,0.0
F4I9S3_866_H3N2Pen1,0.0,0.0,0.0,0.0,0.0,0.0,0.0,0.0,0.0,0.0,0.0,0.0,13535670.0,0.0,23483010.0,0.0,0.0,0.0
F4IBQ9_923_H3N2F1Pen1,0.0,0.0,0.0,0.0,0.0,0.0,0.0,0.0,0.0,0.0,0.0,0.0,0.0,0.0,0.0,17886550.0,0.0,0.0
F4ICA0_135_H3N2F1Pen1,0.0,0.0,0.0,0.0,0.0,0.0,138929.3,0.0,0.0,49851050.0,0.0,0.0,0.0,0.0,0.0,0.0,0.0,0.0
F4IDQ6_1561_H9N2,0.0,0.0,0.0,0.0,0.0,0.0,3192062.0,0.0,0.0,0.0,0.0,0.0,0.0,0.0,0.0,0.0,0.0,0.0
F4IDS7_612_H3N2F1Pen1,0.0,345294.8,0.0,0.0,17132330.0,0.0,0.0,0.0,0.0,24964560.0,0.0,0.0,0.0,0.0,386735.1,0.0,0.0,19892820.0
F4IDY7_704_H3N4F1Pen1,0.0,335678.6,0.0,0.0,9213638.0,0.0,0.0,0.0,0.0,0.0,13963010.0,0.0,0.0,0.0,0.0,0.0,0.0,0.0
F4IFN6_1326_H3N2F1Pen1,0.0,0.0,0.0,0.0,0.0,0.0,0.0,0.0,0.0,0.0,0.0,0.0,0.0,0.0,33987190.0,0.0,0.0,0.0
F4IFN6_1326_H3N4F1Pen1,0.0,0.0,0.0,0.0,8778357.0,0.0,0.0,9782894.0,11133430.0,0.0,17418240.0,16096350.0,1375415.0,0.0,9802048.0,19693370.0,0.0,31994850.0
F4IFN6_1326_H4N4Pen1,0.0,0.0,4100706.0,0.0,0.0,7407581.0,0.0,14740440.0,0.0,0.0,18468070.0,0.0,7567723.0,0.0,10435770.0,7725370.0,0.0,11006670.0
F4IFN6_1326_H7N2F1Pen1,0.0,0.0,0.0,0.0,0.0,0.0,7178918.0,0.0,0.0,9077267.0,0.0,0.0,0.0,0.0,0.0,0.0,0.0,0.0
F4IGA5_1079_H3N4F1Pen1,6916137.0,0.0,0.0,4967360.0,0.0,0.0,0.0,0.0,0.0,0.0,0.0,0.0,0.0,0.0,0.0,0.0,0.0,0.0
F4IGL2_442_H4N4F2Pen1,0.0,0.0,0.0,0.0,0.0,0.0,0.0,0.0,0.0,0.0,4405917.0,0.0,0.0,0.0,0.0,0.0,0.0,0.0
F4IH21_184_H3N4F1Pen1,0.0,0.0,0.0,0.0,0.0,6702852.0,0.0,0.0,0.0,0.0,0.0,10207350.0,0.0,0.0,0.0,0.0,0.0,0.0
F4IHL3_171_H8N2,0.0,0.0,0.0,1474228.0,0.0,0.0,0.0,0.0,0.0,0.0,0.0,0.0,0.0,0.0,0.0,0.0,0.0,0.0
F4IIS5_322_H5N4Pen1,10972650.0,0.0,0.0,0.0,0.0,0.0,0.0,0.0,0.0,0.0,0.0,0.0,0.0,0.0,0.0,0.0,0.0,0.0
F4IIS5_322_H6N2,0.0,0.0,0.0,0.0,0.0,0.0,0.0,43627310.0,0.0,0.0,1219055.0,0.0,0.0,0.0,0.0,0.0,0.0,0.0
F4IJK1_124_H9N2,0.0,0.0,0.0,0.0,0.0,0.0,2707306.0,0.0,0.0,0.0,0.0,0.0,0.0,0.0,2316174.0,0.0,0.0,0.0
F4IJK1_665_H3N3F1Pen1,0.0,0.0,0.0,0.0,0.0,0.0,0.0,0.0,0.0,0.0,0.0,20756810.0,0.0,0.0,0.0,0.0,24688810.0,0.0
F4IJK6_214_H3N2F1Pen1,0.0,0.0,0.0,0.0,0.0,37710010.0,0.0,0.0,0.0,0.0,0.0,0.0,0.0,0.0,0.0,0.0,0.0,0.0
F4IJK6_214_H3N2Pen1,0.0,987948.5,0.0,0.0,9677830.0,0.0,0.0,0.0,0.0,0.0,0.0,0.0,0.0,0.0,0.0,0.0,0.0,0.0
F4IJK6_214_H3N3F1Pen1,0.0,0.0,0.0,0.0,21616570.0,0.0,0.0,0.0,0.0,0.0,0.0,0.0,0.0,0.0,0.0,0.0,0.0,0.0
F4IK92_618_H3N2F1Pen1,3458812.0,0.0,0.0,2131354.0,0.0,0.0,0.0,0.0,0.0,0.0,0.0,0.0,0.0,0.0,0.0,0.0,0.0,0.0
F4IK92_618_H4N3F2Pen1,21446350.0,0.0,0.0,11447270.0,0.0,0.0,0.0,0.0,0.0,0.0,0.0,0.0,0.0,0.0,0.0,0.0,0.0,0.0
F4IK92_618_H4N4F1Pen1,0.0,0.0,0.0,0.0,0.0,0.0,0.0,0.0,0.0,0.0,0.0,0.0,0.0,4630496.0,0.0,0.0,12441010.0,0.0
F4IK92_618_H4N4F2Pen1,0.0,0.0,0.0,0.0,0.0,0.0,11480790.0,0.0,0.0,24831480.0,0.0,0.0,0.0,7903989.0,0.0,0.0,22735490.0,0.0
F4IK92_618_H5N4F1Pen1,0.0,0.0,0.0,0.0,0.0,0.0,0.0,2610726.0,0.0,0.0,11839480.0,0.0,0.0,0.0,0.0,0.0,0.0,0.0
F4IK92_618_H5N4F3Pen1,0.0,0.0,0.0,0.0,0.0,0.0,0.0,0.0,0.0,0.0,0.0,0.0,0.0,0.0,1858368.0,0.0,0.0,13795140.0
F4IK92_627_H3N2F1Pen1,0.0,0.0,0.0,0.0,0.0,3042885.0,0.0,0.0,0.0,0.0,0.0,0.0,0.0,0.0,0.0,0.0,0.0,0.0
F4IK92_627_H3N2Pen1,0.0,0.0,0.0,0.0,0.0,0.0,7079594.0,0.0,0.0,0.0,0.0,0.0,0.0,0.0,0.0,0.0,0.0,0.0
F4IME1_114_H10N2,0.0,0.0,0.0,0.0,0.0,0.0,0.0,0.0,0.0,0.0,0.0,0.0,0.0,0.0,0.0,0.0,0.0,9273575.0
F4IME1_114_H8N2,0.0,0.0,0.0,0.0,0.0,0.0,0.0,0.0,0.0,0.0,1075740.0,0.0,0.0,0.0,0.0,0.0,0.0,0.0
F4IN58_2286_H8N2,0.0,0.0,0.0,0.0,0.0,0.0,0.0,0.0,3021096.0,0.0,0.0,542179.5,0.0,0.0,0.0,0.0,0.0,0.0
F4IN78_1068_H4N4F2Pen1,0.0,6018450.0,0.0,0.0,904095.3,0.0,0.0,0.0,0.0,0.0,0.0,0.0,0.0,0.0,0.0,0.0,0.0,0.0
F4IN78_1068_H5N4F2Pen1,0.0,10426520.0,0.0,0.0,1284465.0,0.0,0.0,0.0,0.0,0.0,0.0,0.0,0.0,0.0,0.0,0.0,0.0,0.0
F4IN78_1068_H9N2,0.0,0.0,4239743.0,0.0,0.0,3395733.0,0.0,0.0,0.0,0.0,0.0,0.0,0.0,0.0,0.0,0.0,0.0,0.0
F4INA9_46_H3N2F1Pen1,0.0,0.0,44843650.0,0.0,0.0,30026480.0,66567440.0,78810110.0,0.0,20079290.0,24308280.0,0.0,0.0,0.0,52067480.0,0.0,0.0,7246950.0
F4INP9_344_H5N3F1Pen1,0.0,0.0,0.0,0.0,0.0,0.0,0.0,13240170.0,0.0,0.0,3181947.0,0.0,11248340.0,0.0,0.0,787627.6,0.0,0.0
F4INY4_1227_H10N2,0.0,0.0,14374690.0,0.0,0.0,3050245.0,0.0,16765390.0,0.0,0.0,2827424.0,0.0,0.0,0.0,12513950.0,0.0,0.0,3772378.0
F4INY4_1275_H7N2,0.0,0.0,0.0,0.0,0.0,0.0,0.0,2224816.0,0.0,0.0,8254720.0,0.0,0.0,0.0,0.0,0.0,0.0,0.0
F4INY4_1275_H8N2,0.0,4348923.0,0.0,0.0,8830398.0,0.0,0.0,0.0,2747266.0,0.0,0.0,6080888.0,0.0,5707373.0,0.0,0.0,7845102.0,0.0
F4IPY2_129_H3N2Pen1,0.0,0.0,0.0,0.0,0.0,0.0,12257450.0,0.0,0.0,236360.4,0.0,0.0,0.0,0.0,0.0,0.0,0.0,0.0
F4IPY2_365_H3N3F1Pen1,0.0,0.0,0.0,0.0,0.0,0.0,0.0,0.0,0.0,0.0,0.0,0.0,10899450.0,0.0,9451985.0,935904.8,0.0,1432698.0
F4IPY2_365_H7N2,0.0,0.0,0.0,0.0,0.0,0.0,0.0,0.0,21072200.0,0.0,0.0,2720539.0,0.0,0.0,0.0,0.0,0.0,0.0
F4IPY2_365_H8N2,59456900.0,0.0,0.0,2859310.0,0.0,0.0,0.0,0.0,188425100.0,0.0,0.0,6717806.0,0.0,0.0,0.0,0.0,0.0,0.0
F4IQG2_470_H10N2,0.0,0.0,0.0,0.0,2191585.0,0.0,0.0,0.0,0.0,0.0,0.0,0.0,0.0,0.0,0.0,0.0,0.0,0.0
F4IQG2_470_H9N2,0.0,0.0,0.0,0.0,0.0,0.0,0.0,0.0,450777.3,0.0,0.0,12389860.0,0.0,0.0,0.0,8328618.0,0.0,0.0
F4IRM4_159_H3N2F1Pen1,0.0,0.0,0.0,0.0,0.0,0.0,0.0,0.0,9229744.0,0.0,0.0,804002.1,0.0,0.0,4861699.0,0.0,0.0,1055078.0
F4ISY0_467_H3N3F1Pen1,0.0,0.0,0.0,0.0,0.0,0.0,0.0,0.0,0.0,0.0,14999010.0,0.0,0.0,0.0,0.0,0.0,7998191.0,0.0
F4IUG9_426_H6N2,0.0,0.0,0.0,0.0,0.0,2259260.0,0.0,0.0,0.0,0.0,0.0,0.0,0.0,0.0,0.0,0.0,4972370.0,2339250.0
F4IVL6_2353_H3N2F1Pen1,0.0,0.0,0.0,0.0,0.0,0.0,0.0,0.0,0.0,0.0,0.0,70339130.0,0.0,0.0,0.0,0.0,0.0,70714710.0
F4IXE4_98_H3N2F1Pen1,148116.5,0.0,0.0,4393344.0,0.0,0.0,0.0,0.0,0.0,0.0,0.0,8014056.0,0.0,0.0,0.0,0.0,0.0,0.0
F4IXE4_98_H3N3F1Pen1,0.0,0.0,0.0,0.0,0.0,6465793.0,0.0,0.0,0.0,0.0,0.0,0.0,0.0,0.0,0.0,0.0,0.0,0.0
F4IXE4_98_H4N3F1Pen1,0.0,0.0,0.0,0.0,8649460.0,0.0,0.0,0.0,0.0,0.0,6711264.0,0.0,0.0,0.0,0.0,0.0,0.0,0.0
F4IXJ7_151_H3N2F1Pen1,0.0,0.0,0.0,0.0,31317620.0,0.0,0.0,0.0,0.0,20330330.0,0.0,0.0,0.0,0.0,0.0,0.0,32631220.0,0.0
F4IY03_268_H8N2,0.0,0.0,0.0,0.0,0.0,0.0,0.0,10141020.0,0.0,0.0,5563821.0,0.0,8297695.0,0.0,8109706.0,9836733.0,0.0,13239160.0
F4J0B7_5_H8N2,0.0,0.0,0.0,0.0,0.0,0.0,8956562.0,0.0,0.0,0.0,0.0,0.0,0.0,0.0,0.0,0.0,0.0,0.0
F4J1G1_504_H7N2,0.0,0.0,0.0,0.0,0.0,0.0,0.0,0.0,0.0,0.0,0.0,0.0,2377060.0,0.0,0.0,0.0,0.0,0.0
F4J1G1_504_H8N2,0.0,41017130.0,0.0,0.0,0.0,0.0,0.0,0.0,23197430.0,0.0,0.0,597574.3,13975460.0,0.0,0.0,0.0,0.0,0.0
F4J1U4_114_H6N2,0.0,0.0,0.0,0.0,0.0,0.0,0.0,0.0,55997720.0,0.0,0.0,0.0,0.0,0.0,0.0,0.0,0.0,0.0
F4J1U4_114_H7N2,0.0,0.0,0.0,0.0,0.0,0.0,0.0,0.0,38049490.0,0.0,0.0,0.0,0.0,0.0,24053750.0,0.0,0.0,0.0
F4J1U4_43_H3N3F1Pen1,0.0,0.0,2623568.0,0.0,0.0,399776.9,0.0,0.0,0.0,0.0,0.0,0.0,0.0,0.0,0.0,0.0,0.0,0.0
F4J1U4_43_H3N4F1Pen1,8431283.0,0.0,0.0,2282833.0,0.0,0.0,0.0,0.0,0.0,0.0,0.0,0.0,0.0,0.0,0.0,0.0,0.0,0.0
F4J1U4_726_H3N2F1Pen1,0.0,0.0,0.0,0.0,0.0,7011495.0,0.0,173662.3,0.0,0.0,6470691.0,0.0,0.0,0.0,0.0,0.0,0.0,0.0
F4J2C8_534_H3N2F1Pen1,0.0,0.0,0.0,0.0,0.0,0.0,0.0,8722314.0,6968575.0,0.0,33577680.0,36516910.0,0.0,0.0,0.0,0.0,0.0,0.0
F4J2K2_361_H3N2F1Pen1,0.0,0.0,0.0,0.0,0.0,0.0,0.0,0.0,21550280.0,0.0,0.0,58629580.0,0.0,0.0,30275490.0,0.0,0.0,61401650.0
F4J2K2_361_H3N2Pen1,9163912.0,0.0,0.0,30996670.0,0.0,0.0,0.0,0.0,16100430.0,0.0,0.0,42691350.0,0.0,12089490.0,0.0,0.0,22194870.0,0.0
F4J2Z7_101_H3N2F1Pen1,0.0,0.0,0.0,0.0,0.0,0.0,0.0,0.0,0.0,0.0,0.0,0.0,0.0,0.0,7481155.0,0.0,0.0,0.0
F4J339_782_H3N2F1Pen1,0.0,0.0,0.0,0.0,0.0,0.0,0.0,0.0,63349970.0,0.0,0.0,0.0,0.0,0.0,0.0,0.0,0.0,0.0
F4J394_795_H3N4F1Pen1,0.0,0.0,2012894.0,0.0,0.0,4496430.0,0.0,0.0,0.0,0.0,0.0,0.0,0.0,0.0,0.0,0.0,0.0,0.0
F4J3G5_271_H4N3Pen1,3040765.0,0.0,0.0,0.0,0.0,0.0,0.0,0.0,0.0,0.0,0.0,0.0,0.0,0.0,0.0,0.0,0.0,0.0
F4J5S1_261_H3N2F1Pen1,0.0,0.0,0.0,0.0,0.0,0.0,0.0,0.0,0.0,0.0,0.0,0.0,0.0,0.0,0.0,0.0,22628460.0,0.0
F4J5S1_668_H3N2F1Pen1,0.0,0.0,0.0,0.0,0.0,0.0,0.0,0.0,0.0,0.0,0.0,0.0,0.0,0.0,0.0,4501653.0,0.0,0.0
F4J6F6_201_H3N2Pen1,0.0,0.0,14833480.0,0.0,0.0,13192120.0,0.0,0.0,0.0,0.0,0.0,0.0,0.0,0.0,1782631.0,0.0,0.0,2345440.0
F4J6F6_201_H4N2Pen1,0.0,0.0,0.0,0.0,0.0,0.0,0.0,0.0,0.0,0.0,0.0,0.0,0.0,0.0,3011376.0,5728606.0,0.0,0.0
F4J6F6_95_H8N2,0.0,0.0,0.0,0.0,0.0,0.0,192939.6,0.0,0.0,1698061.0,0.0,0.0,0.0,0.0,0.0,0.0,0.0,0.0
F4J6T7_756_H8N2,485300.7,0.0,0.0,3882143.0,0.0,0.0,0.0,0.0,1152995.0,0.0,0.0,10009150.0,0.0,0.0,0.0,0.0,0.0,8246531.0
F4J7T2_801_H3N2F1Pen1,0.0,0.0,0.0,0.0,0.0,0.0,0.0,0.0,0.0,10016040.0,0.0,0.0,0.0,0.0,0.0,0.0,0.0,8520360.0
F4J7T6_92_H3N4F1Pen1,0.0,0.0,0.0,0.0,0.0,0.0,0.0,0.0,12792810.0,0.0,0.0,18545930.0,0.0,0.0,7541080.0,0.0,0.0,21276680.0
F4J8D3_802_H7N2,2792779.0,0.0,0.0,0.0,0.0,0.0,0.0,0.0,0.0,0.0,0.0,0.0,0.0,0.0,0.0,0.0,0.0,0.0
F4J8G2_862_H6N2,0.0,0.0,0.0,0.0,0.0,0.0,0.0,5445467.0,0.0,0.0,7605439.0,0.0,0.0,0.0,0.0,0.0,0.0,0.0
F4J8K6_14_H3N2F1Pen1,0.0,0.0,0.0,0.0,0.0,16036740.0,0.0,0.0,0.0,24260700.0,0.0,0.0,0.0,0.0,0.0,0.0,0.0,26279630.0
F4J8L3_576_H4N2Pen1,0.0,0.0,0.0,7011157.0,0.0,0.0,0.0,0.0,0.0,0.0,0.0,0.0,0.0,0.0,0.0,0.0,0.0,0.0
F4J8V5_207_H10N2,0.0,0.0,0.0,0.0,0.0,0.0,12693300.0,0.0,0.0,22820690.0,0.0,0.0,0.0,0.0,0.0,0.0,0.0,0.0
F4J8V5_207_H9N2,5993678.0,0.0,0.0,7418778.0,0.0,0.0,0.0,0.0,0.0,0.0,0.0,0.0,0.0,0.0,3926632.0,0.0,0.0,6332817.0
F4J9M5_1005_H3N2F1Pen1,0.0,0.0,0.0,3806380.0,0.0,0.0,0.0,0.0,0.0,0.0,18231340.0,0.0,0.0,0.0,0.0,0.0,0.0,0.0
F4J9M5_1005_H3N3F1Pen1,0.0,0.0,0.0,0.0,0.0,14485400.0,971358.7,1167996.0,0.0,0.0,18787430.0,0.0,0.0,0.0,0.0,0.0,0.0,0.0
F4JA91_175_H3N3F1Pen1,0.0,0.0,0.0,58008750.0,0.0,0.0,0.0,0.0,0.0,200167200.0,0.0,0.0,0.0,0.0,0.0,0.0,0.0,0.0
F4JAU2_1560_H3N2F1Pen1,0.0,0.0,0.0,0.0,0.0,0.0,0.0,0.0,0.0,7023573.0,0.0,0.0,0.0,0.0,0.0,0.0,0.0,0.0
F4JAU2_514_H3N2Pen1,0.0,0.0,9118050.0,0.0,0.0,0.0,0.0,0.0,0.0,0.0,0.0,0.0,0.0,0.0,0.0,0.0,0.0,0.0
F4JC20_490_H3N4F1Pen1,0.0,0.0,0.0,0.0,0.0,0.0,0.0,0.0,0.0,0.0,7474103.0,0.0,0.0,0.0,0.0,0.0,0.0,0.0
F4JC20_609_H3N2F1Pen1,13033570.0,0.0,0.0,6181596.0,0.0,0.0,0.0,0.0,0.0,0.0,0.0,0.0,0.0,0.0,0.0,0.0,0.0,0.0
F4JDF3_125_H3N4F1Pen1,0.0,0.0,0.0,0.0,0.0,0.0,0.0,822225.1,0.0,0.0,6805858.0,0.0,0.0,0.0,0.0,0.0,0.0,0.0
F4JEP5_221_H6N3,0.0,0.0,0.0,0.0,0.0,0.0,0.0,14770970.0,0.0,0.0,16140160.0,0.0,0.0,0.0,0.0,0.0,0.0,0.0
F4JEQ1_218_H7N2,5932431.0,0.0,0.0,0.0,0.0,0.0,0.0,0.0,0.0,0.0,0.0,0.0,0.0,0.0,0.0,0.0,0.0,0.0
F4JEQ2_64_H3N3F1Pen1,0.0,0.0,13661110.0,0.0,0.0,1344095.0,0.0,0.0,0.0,0.0,0.0,0.0,0.0,0.0,0.0,0.0,0.0,0.0
F4JET1_288_H3N2F1Pen1,0.0,6864819.0,7170628.0,0.0,17072450.0,16268020.0,0.0,0.0,0.0,0.0,0.0,0.0,0.0,0.0,9976307.0,0.0,0.0,13982330.0
F4JET1_288_H4N2Pen1,0.0,0.0,0.0,0.0,0.0,0.0,0.0,1083376.0,0.0,0.0,9542879.0,0.0,0.0,0.0,0.0,0.0,0.0,0.0
F4JET1_288_H8N2,0.0,198203.9,0.0,0.0,43427390.0,0.0,0.0,0.0,0.0,0.0,0.0,0.0,0.0,0.0,0.0,0.0,0.0,0.0
F4JF21_586_H3N2Pen1,0.0,0.0,0.0,0.0,0.0,0.0,0.0,0.0,12096230.0,0.0,0.0,517171.6,0.0,0.0,0.0,0.0,0.0,0.0
F4JF35_37_H5N4F2Pen1,0.0,0.0,0.0,0.0,0.0,0.0,0.0,0.0,0.0,0.0,0.0,0.0,0.0,0.0,0.0,4076198.0,0.0,0.0
F4JGB6_376_H3N2F1Pen1,0.0,0.0,0.0,0.0,0.0,0.0,0.0,0.0,0.0,0.0,40949900.0,0.0,0.0,0.0,0.0,0.0,0.0,0.0
F4JGB6_510_H3N2F1Pen1,4359663.0,0.0,0.0,75205120.0,0.0,0.0,4899416.0,0.0,5194463.0,101456600.0,0.0,121603600.0,0.0,4614057.0,3371022.0,0.0,144398200.0,77431910.0
F4JGB6_510_H3N2Pen1,0.0,0.0,0.0,0.0,0.0,0.0,0.0,0.0,0.0,0.0,0.0,0.0,0.0,0.0,0.0,0.0,0.0,9109138.0
F4JGP4_767_H3N4F1Pen1,3026308.0,0.0,0.0,12194730.0,0.0,0.0,10597460.0,0.0,0.0,28131110.0,0.0,0.0,0.0,0.0,0.0,0.0,0.0,0.0
F4JGP4_767_H4N4F1Pen1,0.0,0.0,0.0,0.0,0.0,0.0,0.0,0.0,4939795.0,0.0,0.0,34066350.0,0.0,0.0,0.0,0.0,0.0,0.0
F4JGP4_767_H4N4F2Pen1,0.0,0.0,8787450.0,0.0,0.0,763703.9,0.0,0.0,0.0,0.0,0.0,0.0,9020688.0,0.0,0.0,43697070.0,0.0,0.0
F4JGP4_767_H7N2,0.0,0.0,0.0,0.0,0.0,1612936.0,0.0,0.0,0.0,0.0,0.0,0.0,0.0,0.0,0.0,0.0,0.0,0.0
F4JGP4_767_H8N2,0.0,205825.7,0.0,10123270.0,3543515.0,0.0,8290595.0,0.0,10281380.0,1081398.0,0.0,1777463.0,0.0,0.0,0.0,0.0,0.0,0.0
F4JGZ1_111_H3N2F1Pen1,0.0,0.0,25005750.0,0.0,0.0,78285.85,0.0,0.0,46597060.0,0.0,0.0,0.0,0.0,0.0,36057130.0,0.0,0.0,544711.6
F4JGZ1_111_H3N3F1Pen1,0.0,0.0,0.0,0.0,0.0,0.0,3547729.0,0.0,0.0,0.0,0.0,0.0,0.0,0.0,0.0,0.0,0.0,0.0
F4JHA2_725_H3N3F1Pen1,0.0,0.0,0.0,0.0,0.0,0.0,0.0,0.0,0.0,0.0,0.0,0.0,0.0,0.0,0.0,7267937.0,0.0,0.0
F4JHN2_121_H9N2,0.0,0.0,0.0,0.0,0.0,0.0,0.0,0.0,0.0,0.0,0.0,6859979.0,0.0,0.0,0.0,0.0,0.0,0.0
F4JIU4_306_H3N2F1Pen1,9499498.0,0.0,4087381.0,8117880.0,0.0,1103123.0,0.0,0.0,0.0,0.0,0.0,0.0,0.0,0.0,0.0,0.0,0.0,0.0
F4JJH5_740_H6N2,0.0,0.0,0.0,0.0,0.0,0.0,0.0,0.0,0.0,0.0,0.0,0.0,0.0,1094374.0,0.0,0.0,0.0,0.0
F4JJT9_154_H3N2F1Pen1,0.0,0.0,0.0,0.0,0.0,0.0,0.0,22765510.0,0.0,0.0,0.0,0.0,0.0,0.0,15225560.0,0.0,0.0,0.0
F4JKB6_333_H3N2F1Pen1,0.0,0.0,0.0,0.0,0.0,0.0,0.0,0.0,0.0,34452440.0,0.0,0.0,243281.2,0.0,0.0,31415130.0,0.0,0.0
F4JKB9_2_H3N2F1Pen1,0.0,0.0,0.0,0.0,0.0,9143394.0,0.0,1384766.0,0.0,0.0,20034290.0,0.0,0.0,0.0,0.0,0.0,0.0,0.0
F4JKQ7_318_H8N2,0.0,0.0,0.0,0.0,0.0,0.0,0.0,0.0,0.0,11742110.0,0.0,0.0,0.0,0.0,0.0,0.0,0.0,0.0
F4JLS1_1005_H3N2F1Pen1,0.0,0.0,0.0,0.0,0.0,0.0,0.0,0.0,0.0,0.0,0.0,0.0,245602.7,0.0,0.0,59233440.0,0.0,0.0
F4JMJ1_518_H6N2,0.0,0.0,0.0,0.0,0.0,0.0,0.0,0.0,497061.9,0.0,0.0,5936842.0,0.0,0.0,0.0,0.0,0.0,0.0
F4JMJ1_518_H7N2,43854670.0,0.0,0.0,50668010.0,0.0,0.0,3774955.0,24226370.0,0.0,6009295.0,41279040.0,0.0,17601560.0,0.0,24822830.0,26195230.0,0.0,35146450.0
F4JMJ1_518_H8N2,25515780.0,10875410.0,0.0,26724390.0,8874715.0,0.0,19691070.0,0.0,11085790.0,21752070.0,0.0,12866980.0,5082449.0,52280820.0,0.0,5291953.0,44871130.0,0.0
F4JMJ1_765_H4N4F2Pen1,0.0,0.0,0.0,0.0,0.0,0.0,0.0,0.0,0.0,6884076.0,6470086.0,0.0,0.0,0.0,0.0,0.0,0.0,0.0
F4JMV6_359_H8N2,0.0,4710634.0,0.0,0.0,1375881.0,0.0,5501382.0,0.0,0.0,609581.3,0.0,0.0,6656668.0,0.0,0.0,0.0,0.0,0.0
F4JMV6_61_H4N2Pen1,0.0,0.0,0.0,0.0,0.0,0.0,0.0,0.0,0.0,0.0,0.0,0.0,0.0,0.0,5413522.0,0.0,0.0,9761957.0
F4JN05_346_H10N2,0.0,0.0,0.0,0.0,0.0,0.0,0.0,0.0,13834350.0,0.0,0.0,28653870.0,10874320.0,0.0,0.0,20519500.0,0.0,0.0
F4JN05_346_H8N2,1975120.0,0.0,0.0,3442232.0,0.0,0.0,0.0,0.0,0.0,0.0,0.0,0.0,0.0,0.0,0.0,0.0,0.0,0.0
F4JN05_608_H3N4F1Pen1,0.0,0.0,0.0,0.0,0.0,0.0,0.0,0.0,0.0,4149553.0,0.0,0.0,0.0,0.0,0.0,0.0,0.0,0.0
F4JNL3_86_H3N2F1Pen1,0.0,0.0,140924.4,0.0,25623880.0,6220206.0,0.0,0.0,539743.8,0.0,0.0,22893780.0,0.0,0.0,0.0,0.0,0.0,0.0
F4JNY0_418_H3N3F1Pen1,0.0,0.0,0.0,0.0,0.0,0.0,0.0,0.0,0.0,0.0,0.0,0.0,0.0,0.0,0.0,0.0,0.0,4966271.0
F4JPE9_166_H3N2F1Pen1,0.0,0.0,0.0,0.0,0.0,0.0,6495442.0,0.0,0.0,216626.1,0.0,0.0,0.0,0.0,0.0,0.0,0.0,0.0
F4JPX3_178_H3N2Pen1,0.0,0.0,0.0,0.0,0.0,0.0,0.0,50435510.0,0.0,0.0,2549427.0,0.0,0.0,0.0,0.0,0.0,0.0,0.0
F4JQ51_942_H8N2,5876472.0,0.0,0.0,629047.9,0.0,0.0,0.0,6334601.0,0.0,0.0,0.0,0.0,0.0,0.0,0.0,0.0,0.0,0.0
F4JQG6_341_H4N4F2Pen1,3051737.0,0.0,0.0,492982.8,0.0,0.0,0.0,0.0,0.0,0.0,0.0,0.0,0.0,0.0,0.0,0.0,0.0,0.0
F4JQZ3_676_H4N4Pen1,0.0,0.0,0.0,0.0,0.0,0.0,0.0,41852360.0,0.0,0.0,0.0,0.0,0.0,0.0,0.0,0.0,0.0,0.0
F4JQZ3_912_H3N4F1Pen1,0.0,0.0,215123.7,0.0,0.0,4304318.0,0.0,0.0,0.0,0.0,0.0,0.0,0.0,0.0,0.0,0.0,0.0,0.0
F4JRB0_38_H6N2,0.0,0.0,0.0,0.0,0.0,0.0,0.0,0.0,29066740.0,0.0,0.0,0.0,0.0,0.0,0.0,0.0,0.0,0.0
F4JRP0_998_H3N2F1Pen1,0.0,6282155.0,0.0,0.0,19892940.0,0.0,0.0,9633030.0,0.0,0.0,25889440.0,0.0,0.0,0.0,0.0,0.0,0.0,0.0
F4JRP0_998_H3N3F1Pen1,0.0,0.0,0.0,0.0,0.0,0.0,0.0,0.0,1423492.0,0.0,0.0,4156025.0,0.0,0.0,0.0,3121326.0,0.0,0.0
F4JRP0_998_H3N4F1Pen1,0.0,0.0,0.0,0.0,0.0,0.0,39054760.0,36082900.0,0.0,1038830.0,0.0,0.0,0.0,0.0,0.0,0.0,0.0,0.0
F4JRP0_998_H4N3F1Pen1,0.0,0.0,0.0,0.0,0.0,0.0,0.0,0.0,0.0,0.0,0.0,8001302.0,0.0,0.0,0.0,0.0,0.0,0.0
F4JRP0_998_H4N4F1Pen1,0.0,0.0,0.0,0.0,0.0,0.0,0.0,0.0,1268426.0,0.0,0.0,7969585.0,0.0,0.0,0.0,0.0,0.0,0.0
F4JRP0_998_H5N4F1Pen1,0.0,0.0,0.0,0.0,0.0,0.0,0.0,0.0,0.0,4021005.0,0.0,0.0,0.0,0.0,0.0,0.0,0.0,0.0
F4JS25_1024_H3N2F1Pen1,0.0,0.0,0.0,0.0,0.0,0.0,0.0,0.0,19265030.0,0.0,0.0,0.0,0.0,0.0,0.0,0.0,0.0,0.0
F4JSV3_334_H3N3F1Pen1,0.0,0.0,0.0,0.0,0.0,0.0,0.0,0.0,0.0,0.0,17759500.0,0.0,0.0,0.0,0.0,10868120.0,0.0,0.0
F4JSZ5_580_H8N2,3054958.0,0.0,0.0,850111.7,0.0,0.0,4926128.0,0.0,0.0,1093667.0,0.0,0.0,0.0,3846922.0,0.0,0.0,599156.6,0.0
F4JTE7_101_H3N2F1Pen1,0.0,0.0,0.0,0.0,0.0,0.0,6619638.0,0.0,0.0,891200.8,0.0,0.0,0.0,0.0,4336529.0,0.0,0.0,973740.2
F4JTF6_193_H3N2F1Pen1,0.0,0.0,0.0,0.0,0.0,0.0,0.0,0.0,0.0,0.0,0.0,0.0,0.0,0.0,0.0,25995030.0,0.0,0.0
F4JTJ9_1071_H3N2F1Pen1,0.0,14033500.0,0.0,0.0,781527.8,0.0,440239.2,0.0,0.0,15181840.0,0.0,0.0,0.0,0.0,0.0,17372120.0,0.0,17522820.0
F4JUI9_92_H8N2,0.0,0.0,0.0,0.0,0.0,0.0,807496.9,0.0,0.0,1030224.0,0.0,0.0,0.0,0.0,0.0,0.0,0.0,0.0
F4JUQ2_429_H3N2Pen1,0.0,0.0,0.0,0.0,0.0,0.0,0.0,0.0,0.0,0.0,2789651.0,10021390.0,0.0,0.0,0.0,0.0,0.0,0.0
F4JUQ2_429_H3N3F1Pen1,0.0,115476.3,0.0,0.0,3419974.0,0.0,0.0,0.0,0.0,0.0,0.0,0.0,0.0,0.0,0.0,0.0,0.0,0.0
F4JV59_902_H10N2,0.0,0.0,862159.7,0.0,0.0,17035370.0,0.0,0.0,0.0,0.0,0.0,0.0,0.0,0.0,0.0,0.0,19906640.0,0.0
F4JVJ1_437_H3N2F1Pen1,0.0,0.0,45504390.0,0.0,0.0,2863398.0,0.0,0.0,0.0,0.0,0.0,0.0,0.0,0.0,0.0,0.0,0.0,0.0
F4JVN6_108_H4N4F2Pen1,0.0,0.0,0.0,0.0,0.0,0.0,0.0,0.0,0.0,0.0,43772800.0,11087080.0,0.0,0.0,0.0,0.0,0.0,0.0
F4JYC8_1179_H4N4F2Pen1,0.0,0.0,0.0,0.0,0.0,0.0,0.0,0.0,0.0,0.0,0.0,0.0,0.0,0.0,632582.9,0.0,0.0,10665390.0
F4JZ68_657_H3N2F1Pen1,0.0,31365500.0,0.0,0.0,8962969.0,0.0,0.0,0.0,0.0,0.0,0.0,0.0,0.0,0.0,0.0,0.0,0.0,0.0
F4JZC2_404_H3N4F2Pen1,0.0,0.0,0.0,0.0,0.0,0.0,0.0,0.0,816353.4,0.0,0.0,3278893.0,0.0,0.0,0.0,0.0,0.0,0.0
F4JZY1_878_H7N2,0.0,0.0,0.0,0.0,0.0,0.0,0.0,0.0,36781990.0,0.0,0.0,1308336.0,0.0,0.0,0.0,0.0,0.0,0.0
F4K0A6_1127_H3N2F1Pen1,0.0,0.0,0.0,0.0,0.0,0.0,0.0,0.0,17359060.0,0.0,0.0,2555937.0,0.0,0.0,0.0,0.0,0.0,0.0
F4K0A6_675_H3N4F1Pen1,0.0,0.0,0.0,0.0,0.0,0.0,0.0,0.0,7409827.0,0.0,0.0,0.0,0.0,0.0,0.0,0.0,0.0,0.0
F4K0A6_675_H4N4F2Pen1,15110740.0,0.0,20058340.0,14657250.0,0.0,16180900.0,0.0,0.0,0.0,0.0,0.0,0.0,0.0,0.0,0.0,0.0,0.0,0.0
F4K0C4_49_H3N2F1Pen1,143564.2,0.0,0.0,5153178.0,0.0,0.0,0.0,0.0,0.0,0.0,0.0,9118077.0,0.0,0.0,0.0,0.0,10421930.0,0.0
F4K0C4_49_H3N3F1Pen1,0.0,0.0,0.0,0.0,0.0,3087025.0,0.0,0.0,0.0,6409048.0,0.0,0.0,0.0,0.0,0.0,5105976.0,0.0,6053865.0
F4K0C4_49_H3N4F1Pen1,0.0,0.0,0.0,0.0,0.0,0.0,0.0,0.0,0.0,4965749.0,0.0,0.0,0.0,0.0,0.0,3115519.0,0.0,0.0
F4K0C4_518_H4N2Pen1,0.0,0.0,0.0,0.0,0.0,0.0,0.0,0.0,0.0,10222030.0,0.0,0.0,0.0,0.0,0.0,0.0,12468870.0,0.0
F4K0J3_1253_H3N4F1Pen1,0.0,0.0,0.0,0.0,0.0,0.0,0.0,0.0,0.0,0.0,0.0,0.0,6843809.0,0.0,0.0,21106910.0,0.0,0.0
F4K128_992_H3N3F1Pen1,0.0,0.0,0.0,0.0,0.0,0.0,0.0,9440164.0,0.0,0.0,0.0,0.0,0.0,0.0,0.0,0.0,0.0,0.0
F4K1B1_188_H3N2F1Pen1,0.0,0.0,0.0,0.0,0.0,0.0,0.0,5313135.0,0.0,0.0,0.0,0.0,0.0,0.0,0.0,0.0,0.0,0.0
F4K4C5_86_H3N3F1Pen1,0.0,0.0,0.0,0.0,0.0,0.0,0.0,0.0,0.0,8824220.0,0.0,0.0,0.0,0.0,0.0,0.0,0.0,0.0
F4K4L7_144_H3N2F1Pen1,0.0,0.0,0.0,0.0,0.0,0.0,0.0,0.0,0.0,0.0,0.0,0.0,0.0,0.0,5393941.0,0.0,0.0,31859480.0
F4K4L7_144_H3N4F1Pen1,0.0,0.0,0.0,0.0,0.0,0.0,0.0,0.0,0.0,0.0,0.0,0.0,0.0,0.0,0.0,0.0,0.0,4844740.0
F4K5K6_244_H3N2Pen1,0.0,0.0,0.0,0.0,0.0,0.0,0.0,12572180.0,0.0,0.0,4968482.0,0.0,0.0,0.0,0.0,0.0,0.0,0.0
F4K5K6_40_H3N2F1Pen1,0.0,0.0,0.0,0.0,0.0,0.0,0.0,0.0,0.0,0.0,0.0,38187780.0,0.0,0.0,0.0,0.0,0.0,0.0
F4K5L5_2_H3N4Pen1,0.0,0.0,0.0,0.0,0.0,0.0,0.0,0.0,5619118.0,0.0,0.0,5593284.0,0.0,0.0,0.0,0.0,0.0,0.0
F4K5W8_579_H6N2,1689884.0,0.0,0.0,0.0,0.0,0.0,0.0,0.0,0.0,0.0,0.0,0.0,0.0,0.0,0.0,0.0,0.0,0.0
F4K6B8_43_H3N3F1Pen1,0.0,0.0,0.0,0.0,0.0,2080600.0,0.0,0.0,0.0,0.0,0.0,0.0,0.0,0.0,0.0,0.0,0.0,0.0
F4K6F1_40_H8N2,0.0,0.0,3048841.0,0.0,0.0,0.0,0.0,0.0,0.0,0.0,0.0,0.0,0.0,0.0,0.0,0.0,0.0,0.0
F4KA50_150_H6N2,0.0,0.0,0.0,0.0,0.0,0.0,0.0,0.0,0.0,0.0,0.0,0.0,0.0,11966860.0,0.0,0.0,2413395.0,0.0
F4KA51_148_H3N2F1Pen1,0.0,0.0,0.0,0.0,0.0,0.0,0.0,0.0,0.0,0.0,0.0,0.0,0.0,6925467.0,0.0,0.0,1769312.0,0.0
F4KB17_331_H7N2,0.0,0.0,0.0,0.0,3444340.0,0.0,0.0,0.0,0.0,0.0,0.0,0.0,0.0,0.0,0.0,0.0,0.0,0.0
F4KB17_331_H8N2,0.0,437532.2,0.0,0.0,11066210.0,0.0,0.0,0.0,0.0,0.0,0.0,0.0,0.0,0.0,0.0,0.0,0.0,3565956.0
F4KCC2_233_H3N3F1Pen1,0.0,0.0,0.0,0.0,0.0,0.0,0.0,0.0,0.0,0.0,0.0,5468367.0,0.0,0.0,0.0,0.0,0.0,0.0
F4KCC2_233_H4N3F1Pen1,0.0,135035.2,0.0,7449031.0,7694055.0,0.0,0.0,0.0,0.0,14791540.0,0.0,0.0,0.0,0.0,0.0,0.0,0.0,0.0
F4KCC2_233_H8N2,0.0,0.0,0.0,0.0,0.0,0.0,0.0,0.0,0.0,1665990.0,0.0,0.0,0.0,0.0,0.0,0.0,0.0,0.0
F4KDF5_86_H7N2,0.0,0.0,0.0,0.0,0.0,0.0,0.0,0.0,0.0,0.0,0.0,0.0,0.0,2029271.0,0.0,0.0,2820983.0,0.0
F4KEC6_289_H3N2F1Pen1,0.0,0.0,0.0,0.0,0.0,0.0,0.0,0.0,1389235.0,0.0,0.0,49504680.0,0.0,1283757.0,0.0,0.0,39718560.0,0.0
F4KEC6_391_H3N2F1Pen1,0.0,0.0,0.0,0.0,0.0,0.0,0.0,0.0,0.0,0.0,0.0,0.0,0.0,0.0,0.0,0.0,18671290.0,0.0
F4KEW8_96_H3N2F1Pen1,0.0,0.0,0.0,0.0,0.0,0.0,0.0,0.0,0.0,0.0,0.0,0.0,0.0,0.0,0.0,950238.9,0.0,0.0
F4KEY9_512_H3N3F1Pen1,0.0,0.0,0.0,184555800.0,0.0,0.0,0.0,0.0,0.0,0.0,0.0,0.0,0.0,0.0,0.0,0.0,0.0,0.0
F4KF16_325_H3N2F1Pen1,0.0,0.0,0.0,0.0,0.0,0.0,0.0,0.0,0.0,0.0,0.0,0.0,0.0,0.0,499184.8,0.0,0.0,27015900.0
F4KF65_413_H8N2,0.0,3976103.0,0.0,0.0,637400.0,0.0,0.0,0.0,0.0,0.0,0.0,0.0,0.0,0.0,0.0,0.0,0.0,0.0
F4KFC7_254_H3N2F1Pen1,0.0,0.0,0.0,0.0,0.0,0.0,0.0,0.0,0.0,0.0,0.0,8975141.0,0.0,0.0,0.0,0.0,0.0,0.0
F4KFS5_293_H4N3F1Pen1,0.0,0.0,0.0,0.0,0.0,0.0,0.0,0.0,0.0,0.0,0.0,7541720.0,0.0,0.0,0.0,6578147.0,0.0,0.0
F4KFS5_293_H4N4F1Pen1,0.0,0.0,0.0,0.0,0.0,0.0,0.0,383354.7,0.0,0.0,6231115.0,8670986.0,0.0,0.0,0.0,0.0,0.0,0.0
F4KFS7_402_H3N2F1Pen1,0.0,0.0,0.0,0.0,0.0,0.0,0.0,11657100.0,0.0,0.0,0.0,0.0,0.0,0.0,0.0,0.0,0.0,0.0
F4KFT6_195_H3N2F1Pen1,0.0,0.0,0.0,0.0,0.0,9244097.0,0.0,0.0,0.0,0.0,14431320.0,0.0,0.0,0.0,0.0,0.0,6731563.0,0.0
F4KG50_1584_H3N2F1Pen1,0.0,0.0,0.0,0.0,0.0,0.0,0.0,0.0,0.0,0.0,0.0,0.0,38592870.0,23147510.0,0.0,0.0,1097399.0,0.0
F4KH86_309_H3N2F1Pen1,0.0,0.0,0.0,0.0,0.0,0.0,0.0,6501686.0,5827552.0,0.0,709659.0,0.0,0.0,0.0,4037902.0,0.0,0.0,0.0
F4KH86_309_H3N3F1Pen1,0.0,0.0,0.0,0.0,0.0,0.0,0.0,4624473.0,0.0,0.0,541692.8,0.0,0.0,0.0,0.0,0.0,0.0,0.0
F4KHQ8_182_H3N4F1Pen1,0.0,0.0,0.0,0.0,0.0,0.0,0.0,0.0,0.0,0.0,0.0,0.0,0.0,0.0,154359.1,0.0,0.0,2957510.0
F4KIX0_703_H3N2Pen1,0.0,0.0,0.0,0.0,0.0,0.0,0.0,343297.4,0.0,0.0,2934644.0,0.0,0.0,0.0,0.0,0.0,0.0,0.0
F6H2F8_394_H6N2,0.0,0.0,0.0,0.0,0.0,0.0,0.0,0.0,0.0,0.0,0.0,0.0,3282841.0,0.0,0.0,0.0,0.0,0.0
F6HDM2_301_H3N4F1Pen1,6412398.0,0.0,0.0,7460296.0,0.0,0.0,0.0,0.0,0.0,0.0,0.0,0.0,0.0,4461401.0,0.0,0.0,9678170.0,12746270.0
F7J0N2_687_H4N2Pen1,0.0,0.0,0.0,0.0,0.0,0.0,0.0,5088643.0,0.0,0.0,1303905.0,0.0,0.0,0.0,0.0,0.0,0.0,0.0
F7J0N2_687_H5N3F1Pen1,0.0,0.0,0.0,0.0,0.0,0.0,0.0,0.0,0.0,0.0,0.0,0.0,0.0,3347094.0,0.0,0.0,430745.5,0.0
F8QQQ7_184_H3N2F1Pen1,0.0,0.0,21679520.0,0.0,0.0,0.0,0.0,0.0,0.0,0.0,0.0,0.0,0.0,0.0,0.0,0.0,0.0,0.0
G3ESU9_171_H3N2F1Pen1,0.0,0.0,0.0,0.0,0.0,0.0,0.0,0.0,0.0,0.0,0.0,0.0,0.0,0.0,0.0,36911720.0,37633980.0,0.0
G3ESV1_59_H3N2F1Pen1,0.0,0.0,34856240.0,0.0,0.0,74391590.0,0.0,0.0,0.0,0.0,0.0,0.0,0.0,0.0,0.0,0.0,0.0,0.0
G3ESV1_59_H4N4Pen1,0.0,0.0,0.0,0.0,0.0,0.0,0.0,0.0,0.0,0.0,0.0,0.0,1103809.0,0.0,0.0,8805033.0,0.0,0.0
G5CEW6_1081_H3N2F1Pen1,0.0,0.0,0.0,0.0,0.0,0.0,0.0,0.0,0.0,0.0,0.0,0.0,0.0,135058200.0,0.0,0.0,6657807.0,0.0
G5CEW6_1081_H3N2Pen1,0.0,0.0,22367220.0,0.0,0.0,0.0,0.0,0.0,0.0,0.0,0.0,0.0,0.0,0.0,0.0,0.0,0.0,0.0
G5CEW6_1081_H4N4Pen1,0.0,0.0,0.0,0.0,0.0,0.0,0.0,0.0,0.0,0.0,0.0,0.0,0.0,0.0,38097510.0,0.0,0.0,8336845.0
G5CV45_121_H3N2F1Pen1,0.0,0.0,0.0,0.0,0.0,0.0,761840.6,0.0,0.0,13096060.0,0.0,0.0,0.0,0.0,0.0,0.0,0.0,0.0
G7J032_111_H3N2F1Pen1,0.0,0.0,0.0,0.0,0.0,0.0,6853801.0,0.0,0.0,0.0,0.0,0.0,0.0,0.0,0.0,0.0,0.0,0.0
G7KEU7_722_H3N3F1Pen1,0.0,0.0,0.0,0.0,0.0,0.0,0.0,2781364.0,0.0,0.0,320665.9,0.0,0.0,0.0,0.0,0.0,0.0,0.0
G8GJ94_35_H7N2,0.0,0.0,0.0,0.0,0.0,0.0,26121400.0,0.0,0.0,0.0,0.0,0.0,0.0,0.0,0.0,0.0,0.0,0.0
G8GJ94_79_H8N2,0.0,0.0,0.0,0.0,0.0,0.0,3338979.0,0.0,0.0,137363.3,0.0,0.0,0.0,0.0,0.0,0.0,0.0,0.0
G8H5N3_361_H3N2F1Pen1,0.0,0.0,260358.3,0.0,0.0,3143555.0,0.0,0.0,0.0,0.0,0.0,0.0,0.0,0.0,0.0,0.0,16397120.0,0.0
G8H5N3_361_H3N2Pen1,0.0,0.0,193881.1,0.0,0.0,3554427.0,0.0,0.0,0.0,0.0,0.0,0.0,0.0,0.0,0.0,0.0,0.0,0.0
G8H5N3_367_H4N3F1Pen1,0.0,0.0,0.0,0.0,0.0,0.0,0.0,0.0,4384465.0,0.0,0.0,0.0,0.0,0.0,0.0,0.0,0.0,0.0
H2DH16_135_H3N2F1Pen1,0.0,0.0,0.0,0.0,0.0,0.0,201232.0,0.0,0.0,5081470.0,0.0,0.0,0.0,0.0,0.0,0.0,0.0,0.0
H8ZM70_741_H4N4Pen1,0.0,0.0,0.0,0.0,0.0,0.0,2848845.0,0.0,0.0,1649339.0,0.0,0.0,0.0,0.0,0.0,0.0,0.0,0.0
I1LCI8_400_H6N2,0.0,0.0,0.0,0.0,0.0,0.0,0.0,0.0,0.0,0.0,0.0,0.0,0.0,0.0,19099250.0,0.0,0.0,0.0
I1SSI5_27_H3N4F1Pen1,0.0,0.0,0.0,0.0,0.0,0.0,19386440.0,0.0,0.0,23604800.0,0.0,0.0,0.0,0.0,0.0,0.0,0.0,0.0
I1TEM1_267_H8N2,0.0,0.0,2521142.0,0.0,0.0,0.0,0.0,0.0,0.0,0.0,0.0,0.0,0.0,0.0,0.0,0.0,0.0,0.0
I1ZHA5_226_H4N2Pen1,28844000.0,0.0,0.0,12465430.0,0.0,0.0,0.0,0.0,0.0,0.0,0.0,0.0,0.0,0.0,0.0,0.0,0.0,0.0
I3PLR3_6_H3N2Pen1,0.0,0.0,0.0,0.0,0.0,0.0,0.0,0.0,0.0,0.0,0.0,0.0,0.0,32564990.0,0.0,0.0,0.0,0.0
J9PBR3_118_H7N2,0.0,0.0,0.0,0.0,0.0,0.0,3627349.0,0.0,0.0,0.0,0.0,0.0,0.0,0.0,0.0,0.0,0.0,0.0
J9QS23_439_H3N3F1Pen1,0.0,0.0,0.0,0.0,0.0,0.0,0.0,0.0,0.0,0.0,0.0,0.0,0.0,0.0,0.0,0.0,8100067.0,0.0
J9RLZ7_150_H3N3F1Pen1,0.0,0.0,0.0,0.0,0.0,0.0,0.0,1743546.0,0.0,0.0,6822496.0,0.0,0.0,0.0,0.0,0.0,0.0,0.0
K4CF70_133_H3N4F1Pen1,0.0,0.0,6981133.0,0.0,0.0,12101560.0,0.0,10574680.0,0.0,0.0,20519690.0,0.0,0.0,0.0,0.0,0.0,0.0,0.0
K4CF70_133_H4N4F1Pen1,0.0,0.0,0.0,0.0,0.0,0.0,0.0,0.0,0.0,0.0,0.0,0.0,0.0,0.0,2035283.0,0.0,0.0,3749973.0
K7R4D4_263_H3N2Pen1,0.0,0.0,0.0,0.0,2427457.0,0.0,0.0,0.0,0.0,0.0,0.0,0.0,0.0,0.0,0.0,0.0,0.0,0.0
K7TQE3_503_H3N2F1Pen1,0.0,0.0,0.0,0.0,0.0,0.0,0.0,0.0,5964173.0,0.0,0.0,0.0,0.0,0.0,0.0,0.0,0.0,0.0
K7U9N8_1059_H3N2F1Pen1,0.0,3061801.0,0.0,0.0,0.0,0.0,0.0,0.0,0.0,0.0,0.0,0.0,0.0,0.0,0.0,0.0,0.0,0.0
K7U9N8_210_H2N2F1Pen1,0.0,0.0,0.0,0.0,0.0,0.0,0.0,0.0,0.0,0.0,0.0,0.0,0.0,0.0,0.0,0.0,0.0,13496730.0
K7U9N8_210_H3N2F1Pen1,0.0,0.0,0.0,0.0,19059700.0,0.0,12865080.0,0.0,367771.8,33349040.0,0.0,13353970.0,0.0,0.0,0.0,0.0,0.0,0.0
K7U9N8_210_H3N4F1Pen1,0.0,0.0,0.0,0.0,0.0,0.0,195596.5,0.0,0.0,21234290.0,0.0,0.0,0.0,0.0,0.0,0.0,0.0,0.0
K7U9N8_526_H3N2F1Pen1,0.0,0.0,0.0,0.0,0.0,0.0,0.0,0.0,0.0,0.0,0.0,0.0,58541240.0,0.0,0.0,5910388.0,0.0,0.0
K7U9N8_526_H3N4F1Pen1,0.0,0.0,0.0,0.0,0.0,0.0,0.0,0.0,0.0,0.0,0.0,0.0,0.0,25278460.0,0.0,0.0,4262626.0,0.0
K7VLR4_628_H3N4F1Pen1,0.0,0.0,5444942.0,0.0,0.0,31272720.0,0.0,0.0,0.0,0.0,0.0,0.0,0.0,0.0,0.0,0.0,0.0,0.0
K7VYZ9_270_H3N3F1Pen1,0.0,0.0,9167915.0,0.0,0.0,1029804.0,0.0,0.0,0.0,0.0,0.0,0.0,0.0,0.0,9144522.0,0.0,0.0,2080827.0
K7WCC7_400_H3N2F1Pen1,0.0,0.0,0.0,15587490.0,0.0,0.0,0.0,0.0,0.0,0.0,0.0,0.0,0.0,0.0,0.0,0.0,0.0,0.0
L0HB77_521_H8N2,0.0,8098850.0,6115862.0,0.0,1638551.0,969121.1,0.0,0.0,0.0,0.0,0.0,0.0,0.0,0.0,0.0,0.0,0.0,0.0
M1BJF6_105_H3N4F1Pen1,0.0,0.0,0.0,0.0,0.0,0.0,0.0,0.0,13643640.0,0.0,0.0,3705830.0,0.0,0.0,0.0,0.0,0.0,0.0
M1C5M7_71_H3N2Pen1,0.0,0.0,0.0,0.0,0.0,0.0,13874090.0,0.0,0.0,2665832.0,0.0,0.0,0.0,0.0,0.0,0.0,0.0,0.0
M4DUF2_407_H8N2,2347222.0,0.0,0.0,372917.5,0.0,0.0,0.0,0.0,0.0,0.0,0.0,0.0,0.0,0.0,0.0,0.0,0.0,0.0
M4HY08_418_H4N4Pen1,0.0,0.0,0.0,0.0,0.0,0.0,42056750.0,0.0,0.0,0.0,0.0,0.0,0.0,0.0,0.0,0.0,0.0,0.0
M4HY08_452_H3N4F1Pen1,0.0,20037470.0,0.0,0.0,3139098.0,0.0,0.0,11473150.0,0.0,0.0,876260.8,0.0,0.0,24947490.0,0.0,0.0,3417027.0,0.0
M4HY08_452_H4N4Pen1,0.0,0.0,0.0,0.0,0.0,0.0,0.0,0.0,0.0,0.0,0.0,0.0,0.0,0.0,1309629.0,0.0,0.0,499036.4
M4HY08_452_H5N4F3Pen1,0.0,0.0,0.0,0.0,0.0,0.0,0.0,0.0,0.0,0.0,0.0,0.0,0.0,0.0,20276130.0,0.0,0.0,2995982.0
M4HY08_452_H7N2,0.0,1426875.0,0.0,0.0,256883.8,0.0,0.0,0.0,0.0,0.0,0.0,0.0,0.0,0.0,0.0,0.0,0.0,0.0
M4IQR7_501_H3N4F1Pen1,0.0,9217668.0,0.0,0.0,1980973.0,0.0,0.0,0.0,0.0,0.0,0.0,0.0,0.0,0.0,0.0,0.0,0.0,0.0
M4IRL4_127_H3N4F1Pen1,0.0,0.0,4266886.0,0.0,0.0,4165579.0,0.0,0.0,0.0,0.0,0.0,0.0,0.0,0.0,0.0,0.0,0.0,0.0
M4IRL6_492_H6N2,0.0,0.0,0.0,0.0,0.0,0.0,0.0,0.0,12079620.0,0.0,0.0,0.0,0.0,0.0,0.0,0.0,0.0,0.0
M4ISH1_180_H3N2Pen1,0.0,0.0,5125624.0,0.0,0.0,1522663.0,5326008.0,0.0,0.0,692238.3,0.0,0.0,0.0,0.0,0.0,0.0,0.0,0.0
M4ISH2_10_H3N4F1Pen1,9199969.0,0.0,0.0,2526328.0,0.0,0.0,0.0,0.0,0.0,0.0,0.0,0.0,8188192.0,0.0,0.0,0.0,0.0,0.0
M4ISH2_10_H4N4Pen1,3254895.0,0.0,0.0,1088024.0,0.0,0.0,0.0,0.0,0.0,0.0,0.0,0.0,0.0,0.0,0.0,0.0,0.0,0.0
O04017_301_H3N2F1Pen1,18435390.0,0.0,0.0,781013.9,0.0,0.0,0.0,0.0,0.0,0.0,0.0,0.0,22546360.0,0.0,0.0,1857165.0,0.0,0.0
O04019_229_H6N2,0.0,0.0,2765744.0,0.0,0.0,151705.9,0.0,0.0,0.0,0.0,0.0,0.0,0.0,0.0,0.0,0.0,0.0,0.0
O04057_404_H3N2F1Pen1,0.0,0.0,0.0,0.0,0.0,0.0,0.0,0.0,0.0,0.0,0.0,0.0,0.0,0.0,7941137.0,0.0,0.0,0.0
O04066_20_H3N2F1Pen1,0.0,0.0,0.0,0.0,0.0,0.0,0.0,0.0,0.0,0.0,0.0,8555058.0,0.0,0.0,0.0,0.0,0.0,0.0
O04067_168_H3N2F1Pen1,0.0,0.0,0.0,0.0,0.0,0.0,0.0,0.0,5507699.0,0.0,0.0,0.0,0.0,0.0,0.0,0.0,0.0,0.0
O04086_294_H5N2,0.0,0.0,0.0,0.0,0.0,5419210.0,0.0,0.0,0.0,0.0,0.0,0.0,0.0,0.0,0.0,0.0,0.0,0.0
O04086_294_H6N2,0.0,0.0,0.0,0.0,0.0,94487350.0,0.0,0.0,0.0,0.0,0.0,0.0,0.0,0.0,0.0,0.0,0.0,0.0
O04160_425_H3N2Pen1,0.0,2809404.0,0.0,0.0,64157450.0,0.0,0.0,0.0,0.0,0.0,0.0,121603600.0,0.0,0.0,0.0,0.0,144398200.0,0.0
O04161_499_H8N2,0.0,0.0,0.0,0.0,0.0,0.0,13331500.0,0.0,0.0,3477782.0,0.0,0.0,0.0,0.0,0.0,0.0,0.0,0.0
O04196_339_H3N4F1Pen1,9523707.0,0.0,0.0,844174.2,0.0,0.0,0.0,0.0,0.0,0.0,0.0,0.0,0.0,0.0,0.0,0.0,0.0,0.0
O04212_131_H3N2F1Pen1,0.0,0.0,5578534.0,0.0,0.0,0.0,0.0,0.0,0.0,0.0,0.0,0.0,0.0,0.0,0.0,0.0,0.0,0.0
O04226_311_H4N3Pen1,0.0,0.0,0.0,0.0,0.0,0.0,0.0,0.0,5202056.0,0.0,0.0,0.0,0.0,0.0,0.0,0.0,0.0,0.0
O04235_9_H6N2,3124381.0,0.0,0.0,790041.9,0.0,0.0,0.0,0.0,0.0,0.0,0.0,0.0,0.0,0.0,0.0,0.0,0.0,0.0
O04235_9_H7N2,9510381.0,0.0,0.0,0.0,0.0,0.0,0.0,0.0,0.0,0.0,0.0,0.0,0.0,0.0,0.0,0.0,0.0,0.0
O04249_76_H3N3F1Pen1,0.0,0.0,0.0,0.0,0.0,0.0,0.0,0.0,0.0,0.0,0.0,0.0,0.0,0.0,296391.8,0.0,0.0,1398281.0
O04251_910_H3N2F1Pen1,0.0,0.0,0.0,0.0,0.0,0.0,0.0,11936880.0,0.0,0.0,693252.6,0.0,0.0,0.0,0.0,0.0,0.0,0.0
O04251_910_H4N4F2Pen1,0.0,0.0,0.0,0.0,0.0,0.0,1685181.0,0.0,0.0,1027133.0,0.0,0.0,0.0,0.0,0.0,0.0,0.0,0.0
O04376_343_H3N2F1Pen1,0.0,0.0,0.0,0.0,0.0,0.0,0.0,8032071.0,0.0,0.0,3273791.0,0.0,0.0,0.0,0.0,0.0,0.0,0.0
O04420_189_H8N2,0.0,0.0,0.0,0.0,0.0,0.0,0.0,0.0,0.0,0.0,0.0,2733528.0,0.0,0.0,0.0,0.0,0.0,0.0
O04478_548_H3N4F1Pen1,0.0,0.0,0.0,0.0,0.0,0.0,0.0,3975241.0,0.0,0.0,0.0,0.0,4184725.0,0.0,4339699.0,1132476.0,0.0,3667534.0
O04500_320_H3N2F1Pen1,0.0,0.0,0.0,0.0,0.0,0.0,0.0,0.0,0.0,0.0,0.0,0.0,458580.5,0.0,0.0,17153610.0,0.0,0.0
O04567_300_H3N2F1Pen1,0.0,8005032.0,0.0,0.0,0.0,0.0,0.0,0.0,0.0,0.0,0.0,0.0,0.0,0.0,0.0,0.0,0.0,0.0
O04660_342_H3N2F1Pen1,0.0,0.0,0.0,0.0,0.0,0.0,0.0,0.0,0.0,0.0,0.0,0.0,0.0,15520770.0,0.0,0.0,0.0,0.0
O04660_536_H3N2F1Pen1,0.0,0.0,9732061.0,0.0,0.0,7511629.0,0.0,0.0,0.0,0.0,0.0,0.0,0.0,0.0,0.0,0.0,0.0,0.0
O04795_299_H3N2F1Pen1,0.0,0.0,27565570.0,0.0,0.0,1504787.0,44960720.0,0.0,0.0,3622859.0,0.0,0.0,0.0,0.0,0.0,0.0,0.0,0.0
O04795_299_H3N3F1Pen1,0.0,0.0,0.0,0.0,0.0,0.0,0.0,0.0,0.0,0.0,0.0,0.0,0.0,0.0,3238299.0,0.0,0.0,0.0
O04795_299_H3N4F1Pen1,0.0,0.0,0.0,0.0,0.0,0.0,0.0,44839490.0,0.0,0.0,4958080.0,0.0,0.0,0.0,0.0,0.0,0.0,0.0
O04905_59_H3N4F1Pen1,0.0,0.0,1578903.0,0.0,0.0,2231338.0,0.0,0.0,0.0,0.0,0.0,0.0,0.0,0.0,0.0,0.0,0.0,0.0
O04905_59_H9N2,0.0,0.0,0.0,0.0,0.0,0.0,0.0,0.0,0.0,0.0,0.0,3077088.0,0.0,0.0,0.0,0.0,0.0,0.0
O04922_131_H3N2F1Pen1,2521848.0,0.0,0.0,0.0,0.0,0.0,0.0,0.0,0.0,0.0,0.0,0.0,0.0,0.0,0.0,0.0,0.0,0.0
O04931_404_H3N3F1Pen1,0.0,0.0,0.0,0.0,0.0,0.0,37448270.0,0.0,0.0,3316372.0,0.0,0.0,0.0,0.0,0.0,0.0,0.0,0.0
O04931_404_H3N4F1Pen1,0.0,0.0,0.0,0.0,0.0,0.0,13169710.0,0.0,0.0,1528967.0,0.0,0.0,0.0,0.0,13104670.0,0.0,0.0,1724555.0
O04939_99_H3N3F1Pen1,0.0,0.0,0.0,0.0,0.0,0.0,0.0,0.0,200635500.0,0.0,0.0,84531920.0,0.0,0.0,0.0,0.0,0.0,0.0
O04939_99_H4N3Pen1,0.0,25426850.0,0.0,0.0,14191980.0,0.0,0.0,0.0,0.0,0.0,0.0,0.0,0.0,25524950.0,0.0,0.0,0.0,0.0
O04953_75_H3N2Pen1,0.0,0.0,0.0,37084250.0,0.0,0.0,0.0,0.0,0.0,0.0,36115280.0,0.0,0.0,0.0,0.0,0.0,0.0,0.0
O22042_37_H3N4F1Pen1,0.0,0.0,0.0,0.0,0.0,0.0,0.0,0.0,0.0,0.0,2165924.0,0.0,0.0,0.0,0.0,0.0,0.0,0.0
O22077_115_H3N2F1Pen1,0.0,0.0,0.0,0.0,0.0,0.0,0.0,0.0,0.0,0.0,0.0,0.0,0.0,0.0,0.0,3415283.0,0.0,0.0
O22149_112_H5N3F1Pen1,0.0,3526181.0,0.0,0.0,0.0,0.0,0.0,0.0,0.0,0.0,0.0,0.0,0.0,0.0,0.0,0.0,0.0,0.0
O22160_157_H10N2,0.0,0.0,0.0,0.0,0.0,0.0,1316539.0,0.0,0.0,3340410.0,0.0,0.0,0.0,10902550.0,0.0,0.0,20655290.0,0.0
O22160_157_H8N2,0.0,0.0,0.0,0.0,0.0,0.0,0.0,1569539.0,0.0,0.0,3292670.0,0.0,0.0,0.0,0.0,0.0,0.0,0.0
O22160_157_H9N2,0.0,0.0,0.0,0.0,0.0,0.0,0.0,9567522.0,0.0,0.0,18492380.0,0.0,0.0,8807645.0,0.0,0.0,13549270.0,0.0
O22161_423_H3N3Pen1,0.0,0.0,0.0,0.0,0.0,0.0,0.0,4013108.0,0.0,0.0,2426575.0,0.0,0.0,0.0,0.0,0.0,0.0,0.0
O22165_84_H3N3F1Pen1,0.0,0.0,0.0,0.0,0.0,0.0,0.0,0.0,0.0,0.0,0.0,0.0,0.0,0.0,0.0,0.0,59713320.0,0.0
O22174_148_H3N3F1Pen1,0.0,2912722.0,4120920.0,0.0,572795.4,423806.3,0.0,0.0,0.0,0.0,0.0,0.0,0.0,0.0,0.0,0.0,0.0,0.0
O22182_393_H3N2Pen1,0.0,0.0,0.0,0.0,0.0,6106558.0,0.0,0.0,0.0,0.0,0.0,0.0,0.0,0.0,0.0,0.0,0.0,0.0
O22182_393_H8N2,0.0,0.0,0.0,0.0,0.0,0.0,0.0,0.0,0.0,0.0,0.0,0.0,0.0,3977491.0,0.0,0.0,0.0,0.0
O22182_94_H3N2F1Pen1,0.0,0.0,0.0,0.0,0.0,0.0,0.0,0.0,0.0,0.0,0.0,0.0,0.0,41746230.0,0.0,0.0,54030060.0,0.0
O22187_149_H3N3F1Pen1,0.0,0.0,0.0,0.0,0.0,0.0,0.0,0.0,0.0,0.0,0.0,0.0,0.0,386553.3,0.0,0.0,10267800.0,0.0
O22187_149_H3N3Pen1,0.0,0.0,898384.3,0.0,0.0,4976844.0,0.0,0.0,0.0,0.0,0.0,0.0,0.0,0.0,0.0,0.0,0.0,0.0
O22193_308_H4N4F1Pen1,0.0,0.0,0.0,0.0,0.0,0.0,0.0,0.0,2449381.0,0.0,0.0,13214540.0,0.0,0.0,0.0,0.0,0.0,0.0
O22193_405_H8N2,0.0,0.0,0.0,4628685.0,0.0,2843712.0,0.0,0.0,0.0,0.0,0.0,0.0,0.0,0.0,0.0,0.0,0.0,0.0
O22207_538_H4N3Pen1,6752628.0,0.0,4302170.0,1997065.0,0.0,1527834.0,0.0,0.0,0.0,0.0,0.0,0.0,0.0,0.0,0.0,0.0,0.0,0.0
O22207_538_H4N4F1Pen1,22091740.0,0.0,0.0,4004415.0,0.0,0.0,0.0,0.0,0.0,0.0,0.0,0.0,0.0,19923340.0,0.0,0.0,1930615.0,0.0
O22207_538_H5N4F1Pen1,0.0,0.0,0.0,0.0,0.0,0.0,0.0,0.0,0.0,0.0,0.0,0.0,0.0,0.0,5715249.0,0.0,0.0,771346.0
O22207_538_H5N4F3Pen1,0.0,0.0,0.0,0.0,0.0,0.0,0.0,0.0,0.0,0.0,0.0,0.0,14372300.0,0.0,0.0,2676711.0,0.0,0.0
O22207_538_H5N4Pen1,0.0,5907905.0,0.0,0.0,1712218.0,0.0,0.0,0.0,0.0,0.0,0.0,0.0,0.0,0.0,0.0,0.0,0.0,0.0
O22208_617_H3N4F1Pen1,0.0,0.0,0.0,0.0,0.0,0.0,0.0,0.0,13977480.0,0.0,0.0,0.0,0.0,0.0,0.0,0.0,0.0,0.0
O22213_303_H3N2F1Pen1,0.0,0.0,0.0,0.0,0.0,0.0,0.0,0.0,20302380.0,0.0,0.0,0.0,0.0,0.0,0.0,0.0,0.0,0.0
O22213_318_H3N2F1Pen1,3019561.0,0.0,0.0,0.0,0.0,0.0,0.0,0.0,0.0,0.0,0.0,0.0,0.0,0.0,0.0,0.0,0.0,0.0
O22230_138_H3N2F1Pen1,0.0,0.0,34353840.0,0.0,0.0,0.0,0.0,0.0,0.0,0.0,0.0,0.0,0.0,0.0,0.0,0.0,0.0,0.0
O22241_20_H3N3F1Pen1,0.0,0.0,0.0,0.0,0.0,0.0,0.0,0.0,7604305.0,0.0,0.0,0.0,0.0,0.0,0.0,0.0,0.0,0.0
O22241_20_H3N4F1Pen1,0.0,0.0,19188390.0,0.0,0.0,8327062.0,0.0,0.0,0.0,0.0,0.0,0.0,0.0,0.0,0.0,0.0,0.0,0.0
O22241_20_H4N3F1Pen1,0.0,0.0,0.0,0.0,0.0,0.0,0.0,0.0,0.0,0.0,0.0,0.0,0.0,0.0,1946790.0,0.0,0.0,0.0
O22241_20_H4N4F2Pen1,0.0,7790990.0,0.0,0.0,7177087.0,0.0,0.0,0.0,9919462.0,0.0,0.0,2307573.0,0.0,0.0,0.0,0.0,0.0,0.0
O22241_20_H5N3F1Pen1,0.0,6634612.0,0.0,0.0,1638965.0,0.0,0.0,0.0,0.0,0.0,0.0,0.0,0.0,0.0,0.0,0.0,0.0,0.0
O22244_75_H3N4F1Pen1,0.0,0.0,0.0,0.0,0.0,0.0,0.0,0.0,0.0,0.0,16966340.0,0.0,0.0,0.0,0.0,19904920.0,0.0,0.0
O22244_75_H6N3,5691382.0,8248649.0,0.0,1268420.0,2989231.0,0.0,0.0,0.0,0.0,0.0,0.0,0.0,0.0,0.0,0.0,0.0,0.0,0.0
O22340_621_H4N3Pen1,0.0,0.0,0.0,0.0,0.0,18372190.0,0.0,0.0,0.0,0.0,0.0,0.0,0.0,0.0,0.0,0.0,0.0,0.0
O22446_377_H8N2,0.0,0.0,1138679.0,0.0,0.0,6116775.0,0.0,0.0,0.0,0.0,0.0,0.0,0.0,0.0,0.0,0.0,0.0,0.0
O22476_979_H3N2F1Pen1,0.0,0.0,9244097.0,0.0,0.0,702372.7,0.0,0.0,6910047.0,0.0,0.0,0.0,0.0,0.0,0.0,0.0,0.0,0.0
O22476_979_H4N3F1Pen1,0.0,0.0,0.0,0.0,0.0,0.0,0.0,0.0,263378.9,0.0,0.0,9906193.0,0.0,0.0,0.0,0.0,0.0,0.0
O22506_18_H7N2,0.0,0.0,704014.0,0.0,0.0,3092318.0,0.0,0.0,0.0,0.0,0.0,0.0,0.0,0.0,0.0,0.0,0.0,0.0
O22506_18_H8N2,0.0,0.0,0.0,0.0,2353447.0,0.0,0.0,0.0,0.0,0.0,0.0,0.0,0.0,0.0,0.0,0.0,0.0,0.0
O22553_56_H4N4F2Pen1,0.0,0.0,0.0,0.0,0.0,0.0,0.0,0.0,0.0,0.0,0.0,0.0,0.0,17436360.0,0.0,0.0,0.0,0.0
O22585_165_H3N2F1Pen1,0.0,0.0,0.0,0.0,0.0,0.0,0.0,0.0,17342170.0,0.0,0.0,1455032.0,12894030.0,0.0,9947060.0,0.0,0.0,0.0
O22585_252_H3N2Pen1,0.0,0.0,0.0,0.0,0.0,0.0,0.0,0.0,0.0,0.0,0.0,0.0,0.0,1023716.0,0.0,0.0,0.0,0.0
O22714_328_H3N2F1Pen1,0.0,0.0,2755027.0,0.0,0.0,6161624.0,0.0,0.0,0.0,0.0,0.0,0.0,0.0,0.0,0.0,0.0,0.0,0.0
O22793_52_H6N2,0.0,0.0,0.0,0.0,0.0,0.0,0.0,0.0,0.0,0.0,0.0,0.0,0.0,0.0,1707383.0,0.0,0.0,3256000.0
O22797_56_H3N2F1Pen1,0.0,0.0,0.0,0.0,0.0,0.0,0.0,0.0,0.0,0.0,107019900.0,0.0,0.0,0.0,0.0,0.0,0.0,71770520.0
O22797_56_H3N2Pen1,0.0,0.0,0.0,0.0,0.0,0.0,0.0,0.0,0.0,14955070.0,0.0,0.0,0.0,0.0,0.0,0.0,0.0,0.0
O22798_124_H3N2F1Pen1,0.0,3846680.0,0.0,0.0,0.0,0.0,0.0,0.0,0.0,0.0,0.0,0.0,0.0,0.0,0.0,0.0,0.0,0.0
O22799_338_H3N2F1Pen1,0.0,0.0,0.0,0.0,0.0,0.0,6681784.0,0.0,0.0,24448560.0,0.0,0.0,0.0,24855050.0,0.0,0.0,1221039.0,0.0
O22799_338_H5N3F1Pen1,0.0,0.0,0.0,0.0,0.0,0.0,0.0,0.0,0.0,0.0,25272990.0,0.0,0.0,0.0,0.0,0.0,21388270.0,0.0
O22864_652_H7N2,16466310.0,14271670.0,0.0,19902690.0,16870670.0,0.0,20467160.0,0.0,16470080.0,30080830.0,0.0,26421550.0,0.0,0.0,20023220.0,0.0,0.0,26157600.0
O22864_652_H8N2,0.0,0.0,4402711.0,0.0,0.0,5726196.0,16455830.0,0.0,0.0,19774340.0,0.0,0.0,8168049.0,0.0,0.0,7894552.0,0.0,0.0
O22938_363_H7N2,0.0,18716780.0,0.0,0.0,22755940.0,0.0,0.0,0.0,1075104.0,0.0,0.0,3842561.0,0.0,0.0,0.0,0.0,0.0,0.0
O22938_363_H8N2,0.0,0.0,0.0,0.0,0.0,0.0,0.0,4086718.0,0.0,0.0,5675884.0,0.0,3376701.0,0.0,0.0,3617939.0,0.0,0.0
O22959_185_H3N3F1Pen1,0.0,0.0,0.0,0.0,0.0,0.0,0.0,0.0,0.0,0.0,0.0,0.0,0.0,0.0,0.0,0.0,0.0,11444120.0
O22959_185_H4N3F1Pen1,0.0,0.0,0.0,0.0,0.0,0.0,0.0,0.0,0.0,0.0,0.0,0.0,0.0,0.0,0.0,0.0,12938210.0,0.0
O22975_2_H3N2F1Pen1,0.0,0.0,0.0,0.0,0.0,0.0,0.0,0.0,0.0,0.0,0.0,0.0,0.0,41817940.0,0.0,0.0,36239630.0,0.0
O22975_2_H3N2Pen1,3167562.0,0.0,0.0,1984504.0,0.0,0.0,1280245.0,0.0,0.0,3585379.0,0.0,0.0,0.0,0.0,0.0,0.0,0.0,0.0
O23044_207_H3N4F1Pen1,0.0,0.0,0.0,0.0,0.0,0.0,4379788.0,0.0,0.0,3767234.0,0.0,0.0,0.0,0.0,0.0,0.0,0.0,0.0
O23044_207_H6N2,0.0,0.0,4966113.0,0.0,0.0,3535435.0,0.0,6246327.0,0.0,0.0,3551399.0,0.0,3627896.0,4027316.0,0.0,1922737.0,2109721.0,0.0
O23044_207_H7N2,0.0,0.0,0.0,0.0,0.0,0.0,0.0,6203881.0,0.0,0.0,3299161.0,0.0,0.0,0.0,3764747.0,0.0,0.0,1124756.0
O23044_207_H8N2,0.0,0.0,0.0,0.0,0.0,0.0,0.0,4270991.0,0.0,0.0,0.0,0.0,0.0,0.0,0.0,0.0,0.0,0.0
O23053_40_H10N2,0.0,0.0,0.0,0.0,0.0,0.0,0.0,0.0,0.0,8964899.0,0.0,0.0,0.0,0.0,0.0,0.0,0.0,0.0
O23077_183_H6N2,0.0,0.0,0.0,0.0,0.0,0.0,0.0,0.0,4923103.0,0.0,0.0,0.0,0.0,0.0,0.0,0.0,0.0,0.0
O23169_20_H3N2F1Pen1,0.0,0.0,0.0,0.0,0.0,0.0,0.0,0.0,0.0,0.0,0.0,3717443.0,0.0,0.0,0.0,0.0,0.0,4849233.0
O23277_1243_H4N4,1547934.0,0.0,0.0,5327965.0,0.0,0.0,0.0,0.0,0.0,0.0,0.0,0.0,0.0,0.0,0.0,0.0,0.0,0.0
O23317_102_H3N2Pen1,0.0,0.0,1180585.0,0.0,0.0,11135120.0,0.0,0.0,0.0,0.0,0.0,0.0,0.0,0.0,0.0,0.0,0.0,0.0
O23344_30_H3N2F1Pen1,0.0,328966.4,0.0,25777860.0,9542619.0,0.0,0.0,0.0,1193714.0,0.0,0.0,16424090.0,0.0,0.0,0.0,0.0,15654640.0,3768019.0
O23344_30_H3N2Pen1,0.0,0.0,1220225.0,0.0,0.0,22125550.0,0.0,0.0,2017103.0,17820140.0,0.0,35695640.0,0.0,0.0,0.0,25535180.0,0.0,0.0
O23344_30_H3N3Pen1,0.0,0.0,0.0,0.0,0.0,0.0,0.0,0.0,0.0,1770297.0,0.0,0.0,0.0,0.0,0.0,0.0,0.0,0.0
O23344_30_H4N2Pen1,0.0,0.0,0.0,3478125.0,0.0,0.0,0.0,0.0,0.0,0.0,4289677.0,0.0,0.0,2360875.0,0.0,0.0,7181553.0,0.0
O23344_30_H6N2,0.0,0.0,0.0,0.0,0.0,0.0,0.0,0.0,0.0,0.0,0.0,0.0,0.0,0.0,0.0,3438518.0,0.0,0.0
O23372_30_H3N2F1Pen1,0.0,0.0,0.0,0.0,0.0,0.0,0.0,6610786.0,0.0,0.0,0.0,0.0,0.0,0.0,0.0,0.0,0.0,0.0
O23373_736_H8N2,0.0,0.0,461653.2,0.0,0.0,4492592.0,0.0,0.0,0.0,0.0,0.0,0.0,0.0,0.0,0.0,0.0,0.0,0.0
O23390_49_H4N4F1Pen1,0.0,0.0,0.0,0.0,0.0,0.0,0.0,3081421.0,0.0,0.0,45829160.0,0.0,0.0,0.0,0.0,0.0,0.0,0.0
O23447_114_H3N2F1Pen1,0.0,0.0,0.0,0.0,0.0,0.0,0.0,0.0,0.0,0.0,0.0,0.0,0.0,0.0,6581263.0,0.0,0.0,750189.4
O23553_444_H6N2,0.0,0.0,0.0,0.0,0.0,0.0,0.0,0.0,2546532.0,0.0,0.0,624217.6,0.0,0.0,0.0,0.0,0.0,0.0
O23564_474_H3N2Pen1,0.0,0.0,0.0,0.0,0.0,0.0,0.0,16789580.0,0.0,0.0,0.0,0.0,0.0,6603026.0,0.0,0.0,0.0,0.0
O23593_200_H4N3F1Pen1,0.0,0.0,0.0,0.0,0.0,0.0,0.0,0.0,0.0,0.0,0.0,0.0,0.0,0.0,0.0,8716798.0,0.0,0.0
O23593_200_H4N3F2Pen1,0.0,0.0,0.0,0.0,0.0,0.0,0.0,0.0,0.0,0.0,0.0,25506950.0,0.0,0.0,0.0,0.0,0.0,0.0
O23593_200_H4N4F2Pen1,0.0,0.0,0.0,0.0,0.0,0.0,0.0,0.0,0.0,20622110.0,0.0,16044770.0,0.0,0.0,0.0,0.0,0.0,16260850.0
O23609_167_H3N2F1Pen1,0.0,0.0,0.0,0.0,0.0,0.0,0.0,0.0,0.0,0.0,0.0,0.0,0.0,0.0,0.0,45220270.0,0.0,0.0
O23609_234_H6N2,0.0,0.0,0.0,0.0,0.0,0.0,0.0,0.0,0.0,29612570.0,0.0,0.0,0.0,0.0,0.0,0.0,0.0,36944530.0
O23609_234_H7N2,0.0,0.0,0.0,0.0,0.0,0.0,0.0,870780.9,0.0,56884150.0,15500470.0,0.0,0.0,294513.5,0.0,0.0,24657210.0,38409480.0
O23614_332_H3N2F1Pen1,0.0,39355410.0,0.0,0.0,2809103.0,0.0,27192410.0,0.0,0.0,1824330.0,0.0,0.0,0.0,0.0,0.0,0.0,0.0,0.0
O23614_332_H4N2Pen1,25123220.0,0.0,0.0,5391931.0,0.0,0.0,0.0,16587250.0,0.0,0.0,3710453.0,0.0,0.0,0.0,17669760.0,0.0,0.0,5052947.0
O23647_696_H3N2F1Pen1,0.0,8235254.0,0.0,0.0,0.0,0.0,0.0,0.0,0.0,0.0,0.0,0.0,0.0,0.0,0.0,0.0,0.0,0.0
O23676_40_H3N2F1Pen1,0.0,0.0,6700972.0,0.0,0.0,0.0,23497690.0,13375590.0,0.0,0.0,0.0,0.0,17296740.0,0.0,0.0,0.0,0.0,0.0
O23676_40_H4N2Pen1,0.0,0.0,0.0,0.0,0.0,0.0,0.0,0.0,5503566.0,0.0,0.0,291701.2,0.0,0.0,0.0,0.0,0.0,0.0
O23708_166_H3N3F1Pen1,0.0,0.0,0.0,0.0,0.0,0.0,0.0,0.0,0.0,0.0,0.0,0.0,0.0,0.0,189311500.0,0.0,0.0,1362513.0
O23755_264_H4N2Pen1,0.0,0.0,0.0,0.0,0.0,0.0,0.0,0.0,0.0,0.0,0.0,0.0,0.0,0.0,8100137.0,0.0,0.0,987928.7
O23826_458_H2N2F1Pen1,0.0,0.0,0.0,0.0,0.0,0.0,0.0,6445903.0,0.0,0.0,3650851.0,0.0,0.0,0.0,0.0,0.0,0.0,0.0
O23826_458_H3N2F1Pen1,68515440.0,0.0,0.0,75205120.0,0.0,0.0,0.0,0.0,0.0,0.0,0.0,0.0,0.0,0.0,0.0,0.0,0.0,0.0
O23826_513_H9N2,0.0,0.0,4633260.0,0.0,0.0,2800093.0,0.0,0.0,0.0,0.0,0.0,0.0,0.0,0.0,0.0,0.0,0.0,0.0
O23877_33_H3N4F1Pen1,680722.6,0.0,0.0,5836238.0,0.0,0.0,0.0,0.0,0.0,0.0,0.0,0.0,0.0,0.0,0.0,0.0,0.0,0.0
O23968_144_H3N2Pen1,0.0,0.0,0.0,0.0,0.0,0.0,0.0,2941680.0,0.0,0.0,251983.2,0.0,0.0,0.0,0.0,0.0,0.0,0.0
O23968_144_H3N4Pen1,0.0,0.0,0.0,0.0,0.0,0.0,0.0,6215370.0,0.0,0.0,862738.0,0.0,0.0,0.0,0.0,0.0,0.0,0.0
O24030_168_H3N3F1Pen1,0.0,0.0,0.0,0.0,0.0,0.0,599246.3,0.0,0.0,13989820.0,0.0,0.0,0.0,0.0,0.0,0.0,0.0,0.0
O24164_38_H6N3,0.0,0.0,0.0,0.0,0.0,0.0,0.0,42038130.0,0.0,0.0,0.0,0.0,0.0,0.0,0.0,0.0,0.0,0.0
O24301_587_H3N3F1Pen1,0.0,0.0,0.0,0.0,0.0,0.0,0.0,0.0,0.0,0.0,9854060.0,0.0,0.0,0.0,0.0,0.0,0.0,0.0
O24308_202_H3N2Pen1,0.0,0.0,0.0,0.0,0.0,0.0,3228082.0,0.0,0.0,0.0,0.0,0.0,0.0,0.0,0.0,0.0,0.0,0.0
O24310_342_H4N3F1Pen1,0.0,0.0,0.0,0.0,0.0,0.0,486650.8,0.0,0.0,5223769.0,0.0,0.0,0.0,0.0,0.0,0.0,0.0,0.0
O24310_342_H5N3F1Pen1,0.0,0.0,0.0,0.0,0.0,0.0,0.0,0.0,0.0,0.0,0.0,0.0,624958.2,0.0,0.0,20806670.0,0.0,0.0
O24325_448_H4N3Pen1,0.0,0.0,0.0,0.0,0.0,0.0,0.0,0.0,0.0,0.0,0.0,6789012.0,0.0,0.0,0.0,0.0,0.0,0.0
O24357_485_H4N4Pen1,0.0,0.0,8962517.0,0.0,0.0,1376832.0,0.0,0.0,0.0,0.0,0.0,0.0,0.0,0.0,0.0,0.0,0.0,0.0
O24379_445_H6N2,0.0,0.0,0.0,0.0,0.0,0.0,0.0,0.0,4056916.0,0.0,0.0,34051810.0,5321127.0,0.0,0.0,19565740.0,0.0,0.0
O24408_120_H3N3F1Pen1,0.0,0.0,0.0,0.0,0.0,0.0,0.0,0.0,0.0,0.0,0.0,0.0,0.0,0.0,0.0,5171987.0,7990821.0,0.0
O24408_120_H3N4F1Pen1,0.0,0.0,0.0,0.0,0.0,0.0,0.0,0.0,0.0,0.0,0.0,0.0,0.0,233823.4,0.0,0.0,16290010.0,0.0
O24409_62_H3N2F1Pen1,0.0,0.0,0.0,0.0,0.0,0.0,19828780.0,0.0,0.0,0.0,0.0,0.0,0.0,0.0,0.0,0.0,0.0,0.0
O24409_84_H3N2Pen1,0.0,42897070.0,0.0,0.0,0.0,0.0,0.0,0.0,0.0,0.0,0.0,0.0,0.0,0.0,0.0,0.0,0.0,0.0
O24529_258_H3N2F1Pen1,0.0,0.0,0.0,0.0,0.0,0.0,0.0,0.0,34624730.0,0.0,0.0,1534831.0,0.0,0.0,0.0,0.0,0.0,0.0
O24554_38_H3N2F1Pen1,0.0,19886900.0,0.0,0.0,0.0,0.0,0.0,0.0,0.0,0.0,0.0,0.0,0.0,0.0,0.0,0.0,0.0,0.0
O24617_324_H8N2,0.0,13809300.0,0.0,0.0,0.0,0.0,20711530.0,0.0,0.0,0.0,0.0,0.0,0.0,0.0,14138760.0,0.0,0.0,584352.1
O24629_171_H7N2,0.0,0.0,0.0,0.0,0.0,0.0,0.0,28817810.0,0.0,0.0,0.0,0.0,0.0,0.0,0.0,0.0,0.0,0.0
O47125_38_H8N2,8218596.0,0.0,4606729.0,0.0,0.0,0.0,0.0,2438711.0,0.0,0.0,0.0,0.0,0.0,0.0,59617100.0,0.0,0.0,0.0
O47128_353_H3N4F1Pen1,8927552.0,0.0,0.0,0.0,0.0,0.0,0.0,0.0,0.0,0.0,0.0,0.0,0.0,0.0,0.0,0.0,0.0,0.0
O47135_412_H3N2F1Pen1,1343403.0,0.0,0.0,1997678.0,0.0,0.0,0.0,0.0,0.0,0.0,0.0,0.0,0.0,0.0,0.0,0.0,0.0,0.0
O47170_358_H3N3F1Pen1,0.0,0.0,0.0,0.0,0.0,0.0,0.0,0.0,0.0,0.0,0.0,0.0,14089370.0,0.0,0.0,12329080.0,0.0,0.0
O48522_94_H3N3F1Pen1,0.0,0.0,0.0,0.0,0.0,0.0,0.0,0.0,0.0,0.0,0.0,0.0,0.0,0.0,0.0,0.0,0.0,28261870.0
O48534_103_H7N2,0.0,0.0,0.0,0.0,0.0,0.0,0.0,0.0,0.0,0.0,0.0,0.0,0.0,411751.2,0.0,0.0,2338852.0,0.0
O48534_23_H3N2F1Pen1,395701.6,0.0,0.0,184555800.0,0.0,0.0,0.0,0.0,0.0,0.0,23597840.0,0.0,0.0,0.0,2933205.0,0.0,0.0,43700120.0
O48534_23_H3N3F1Pen1,0.0,724792.0,0.0,0.0,35578380.0,0.0,0.0,0.0,0.0,0.0,0.0,0.0,0.0,0.0,0.0,26095050.0,0.0,0.0
O48534_23_H4N4Pen1,0.0,0.0,279804.8,0.0,0.0,51471550.0,0.0,856713.0,0.0,0.0,79541480.0,0.0,0.0,0.0,0.0,41337980.0,0.0,0.0
O48653_419_H10N2,0.0,0.0,0.0,0.0,3644346.0,0.0,0.0,0.0,0.0,0.0,2423192.0,0.0,0.0,0.0,0.0,0.0,0.0,0.0
O48653_419_H9N2,0.0,0.0,0.0,0.0,2543755.0,0.0,0.0,0.0,0.0,0.0,0.0,1960062.0,0.0,0.0,0.0,0.0,0.0,0.0
O48653_865_H9N2,0.0,0.0,0.0,0.0,0.0,0.0,0.0,178771.7,0.0,0.0,6020142.0,0.0,0.0,0.0,0.0,0.0,3495459.0,0.0
O48668_21_H8N2,0.0,0.0,0.0,0.0,0.0,0.0,6709966.0,0.0,0.0,5558954.0,0.0,0.0,0.0,0.0,0.0,0.0,0.0,0.0
O48677_206_H3N2F1Pen1,0.0,0.0,30109510.0,0.0,0.0,54138950.0,0.0,56919280.0,0.0,0.0,71605220.0,0.0,0.0,49364940.0,0.0,0.0,35945730.0,0.0
O48677_206_H3N2Pen1,0.0,0.0,1373642.0,0.0,0.0,2864712.0,0.0,0.0,0.0,0.0,0.0,0.0,0.0,0.0,2361759.0,0.0,0.0,3616161.0
O48677_206_H3N3F1Pen1,0.0,0.0,0.0,0.0,0.0,0.0,0.0,13688360.0,0.0,0.0,15945410.0,0.0,11008110.0,0.0,0.0,9920235.0,0.0,0.0
O48677_206_H3N4F1Pen1,0.0,0.0,0.0,0.0,0.0,0.0,0.0,39042710.0,0.0,0.0,36425480.0,0.0,0.0,0.0,0.0,0.0,0.0,0.0
O48677_206_H4N3F1Pen1,0.0,0.0,0.0,0.0,0.0,0.0,0.0,14206000.0,0.0,0.0,20795330.0,0.0,0.0,13213830.0,3554723.0,0.0,13323440.0,2733967.0
O48677_206_H4N3F2Pen1,0.0,0.0,0.0,0.0,0.0,0.0,3663230.0,0.0,0.0,6348002.0,0.0,0.0,0.0,0.0,4299063.0,0.0,0.0,4016255.0
O48677_206_H4N4F1Pen1,0.0,0.0,0.0,0.0,0.0,0.0,25965220.0,0.0,0.0,32340750.0,0.0,0.0,0.0,0.0,25134370.0,0.0,0.0,18330540.0
O48677_206_H5N4F1Pen1,0.0,0.0,0.0,0.0,0.0,0.0,17759500.0,0.0,0.0,23295790.0,0.0,0.0,0.0,0.0,0.0,0.0,0.0,0.0
O48677_206_H5N4F2Pen1,0.0,0.0,0.0,0.0,0.0,0.0,0.0,0.0,0.0,0.0,0.0,0.0,0.0,0.0,27164530.0,0.0,0.0,21648750.0
O48677_90_H4N3Pen1,0.0,0.0,0.0,0.0,0.0,0.0,0.0,0.0,0.0,0.0,0.0,0.0,0.0,0.0,12192330.0,0.0,0.0,2686944.0
O48682_220_H3N2F1Pen1,0.0,44727360.0,0.0,0.0,44286880.0,0.0,0.0,0.0,0.0,0.0,0.0,0.0,0.0,0.0,0.0,0.0,0.0,0.0
O48682_220_H3N3F1Pen1,0.0,0.0,0.0,0.0,0.0,0.0,0.0,0.0,0.0,0.0,0.0,0.0,0.0,0.0,3885515.0,0.0,0.0,7202684.0
O48682_220_H3N4F1Pen1,0.0,30887850.0,0.0,0.0,24949590.0,0.0,0.0,0.0,0.0,0.0,0.0,0.0,0.0,0.0,0.0,0.0,0.0,0.0
O48779_344_H6N2,0.0,0.0,579437.3,0.0,0.0,2254535.0,0.0,0.0,0.0,0.0,0.0,0.0,0.0,0.0,0.0,0.0,0.0,0.0
O48781_193_H3N2F1Pen1,2480760.0,2218941.0,0.0,19870360.0,15668550.0,0.0,6754688.0,2780690.0,0.0,132861000.0,60687030.0,0.0,0.0,388248.0,4040418.0,0.0,42841910.0,80859880.0
O48781_193_H3N2Pen1,0.0,0.0,0.0,0.0,0.0,0.0,0.0,0.0,0.0,4542188.0,0.0,0.0,0.0,0.0,0.0,7629011.0,0.0,0.0
O48781_193_H3N3F1Pen1,0.0,0.0,0.0,0.0,0.0,0.0,0.0,0.0,0.0,15446170.0,10899390.0,0.0,0.0,0.0,0.0,0.0,9688981.0,8372259.0
O48781_193_H3N4F1Pen1,0.0,0.0,0.0,0.0,0.0,0.0,0.0,0.0,0.0,16585040.0,0.0,0.0,0.0,0.0,0.0,8694782.0,16712190.0,0.0
O48781_193_H4N4F1Pen1,0.0,0.0,0.0,0.0,0.0,0.0,0.0,0.0,0.0,7446842.0,0.0,4308117.0,0.0,0.0,0.0,0.0,0.0,0.0
O48781_193_H4N4F2Pen1,0.0,0.0,0.0,0.0,0.0,0.0,0.0,0.0,0.0,0.0,11245890.0,0.0,0.0,0.0,248257.6,0.0,0.0,6081355.0
O48781_193_H5N4F3Pen1,0.0,0.0,0.0,0.0,0.0,0.0,0.0,0.0,0.0,0.0,0.0,0.0,0.0,0.0,0.0,0.0,8260097.0,0.0
O48837_660_H3N3F1Pen1,0.0,0.0,0.0,0.0,0.0,0.0,0.0,0.0,0.0,0.0,0.0,0.0,0.0,2099366.0,0.0,0.0,34324940.0,0.0
O48851_481_H3N3F1Pen1,211553300.0,0.0,0.0,115386400.0,0.0,0.0,0.0,0.0,0.0,0.0,0.0,0.0,0.0,0.0,0.0,0.0,0.0,0.0
O48881_327_H3N3F1Pen1,0.0,0.0,0.0,0.0,0.0,0.0,8435745.0,0.0,0.0,0.0,0.0,0.0,0.0,0.0,0.0,0.0,0.0,0.0
O48901_601_H8N2,0.0,0.0,0.0,0.0,0.0,0.0,0.0,3026167.0,0.0,0.0,0.0,0.0,0.0,0.0,0.0,0.0,0.0,0.0
O48901_807_H3N4F1Pen1,0.0,0.0,0.0,0.0,0.0,0.0,0.0,0.0,0.0,0.0,0.0,0.0,0.0,0.0,730550.3,0.0,0.0,7218096.0
O48905_152_H3N4Pen1,0.0,0.0,0.0,0.0,0.0,0.0,0.0,0.0,0.0,0.0,0.0,0.0,0.0,0.0,0.0,0.0,924786.0,0.0
O48915_62_H3N2F1Pen1,0.0,10962540.0,0.0,0.0,711023.8,0.0,13838980.0,0.0,0.0,725249.1,0.0,0.0,0.0,5880135.0,0.0,0.0,737566.3,0.0
O49285_268_H3N4F1Pen1,0.0,0.0,0.0,0.0,0.0,0.0,0.0,0.0,0.0,0.0,0.0,0.0,0.0,0.0,684852.1,0.0,0.0,29168990.0
O49286_144_H3N2F1Pen1,488460.3,0.0,0.0,7553443.0,0.0,0.0,4313669.0,0.0,0.0,19828780.0,0.0,0.0,0.0,3595387.0,3796048.0,0.0,8425400.0,7691390.0
O49286_144_H3N3F1Pen1,0.0,0.0,0.0,0.0,0.0,0.0,0.0,0.0,1143656.0,0.0,0.0,5192869.0,0.0,0.0,0.0,0.0,0.0,0.0
O49287_225_H3N3F1Pen1,0.0,0.0,0.0,0.0,0.0,0.0,0.0,0.0,0.0,0.0,0.0,0.0,0.0,0.0,0.0,0.0,0.0,189311500.0
O49290_295_H8N2,0.0,2716303.0,0.0,0.0,2262843.0,0.0,0.0,0.0,0.0,0.0,0.0,0.0,0.0,0.0,0.0,0.0,0.0,0.0
O49290_295_H9N2,0.0,0.0,3013976.0,0.0,0.0,1954352.0,0.0,0.0,0.0,0.0,0.0,0.0,0.0,0.0,0.0,0.0,0.0,0.0
O49318_163_H2N2F1Pen1,0.0,0.0,0.0,0.0,0.0,0.0,0.0,19218050.0,0.0,0.0,10289250.0,0.0,14547730.0,0.0,0.0,5070046.0,0.0,0.0
O49318_163_H3N2F1Pen1,18435390.0,0.0,0.0,10679940.0,0.0,0.0,0.0,0.0,24561210.0,0.0,0.0,15648310.0,0.0,0.0,0.0,0.0,0.0,0.0
O49318_163_H3N3F1Pen1,0.0,0.0,3903882.0,0.0,0.0,2234824.0,4354455.0,0.0,0.0,3248634.0,0.0,0.0,2654428.0,0.0,3468643.0,3565607.0,0.0,4199716.0
O49318_163_H3N4F1Pen1,0.0,11184820.0,28861030.0,0.0,10350420.0,27016770.0,0.0,4026746.0,0.0,0.0,7383449.0,0.0,0.0,0.0,0.0,0.0,0.0,0.0
O49318_163_H5N3F1Pen1,0.0,0.0,0.0,0.0,6909463.0,0.0,0.0,0.0,0.0,0.0,5517077.0,0.0,0.0,0.0,0.0,0.0,0.0,0.0
O49343_349_H3N2F1Pen1,0.0,0.0,0.0,0.0,35592900.0,0.0,0.0,0.0,0.0,0.0,0.0,0.0,0.0,0.0,246526.6,0.0,0.0,15934530.0
O49343_349_H3N3F1Pen1,0.0,0.0,0.0,0.0,18307560.0,0.0,0.0,0.0,0.0,0.0,0.0,0.0,0.0,0.0,0.0,0.0,0.0,10322840.0
O49343_349_H3N4F1Pen1,0.0,0.0,0.0,0.0,28045280.0,0.0,0.0,0.0,0.0,0.0,0.0,0.0,0.0,0.0,0.0,0.0,0.0,0.0
O49377_40_H8N2,0.0,0.0,0.0,0.0,0.0,0.0,0.0,0.0,0.0,0.0,0.0,0.0,0.0,0.0,1911950.0,0.0,0.0,10924230.0
O49397_147_H3N2F1Pen1,0.0,0.0,0.0,0.0,0.0,0.0,7116454.0,0.0,0.0,283214.9,0.0,0.0,0.0,0.0,0.0,0.0,0.0,0.0
O49558_412_H3N2Pen1,0.0,0.0,0.0,0.0,0.0,0.0,5281093.0,0.0,0.0,0.0,0.0,0.0,0.0,7651268.0,0.0,0.0,0.0,0.0
O49561_180_H7N2,0.0,0.0,0.0,0.0,0.0,0.0,0.0,15004230.0,0.0,0.0,0.0,0.0,0.0,0.0,0.0,0.0,0.0,0.0
O49564_411_H3N4Pen1,0.0,0.0,0.0,0.0,0.0,0.0,0.0,0.0,0.0,3525017.0,0.0,0.0,0.0,0.0,0.0,0.0,0.0,0.0
O49565_20_H8N2,0.0,0.0,0.0,0.0,0.0,0.0,0.0,3174533.0,0.0,0.0,0.0,0.0,0.0,0.0,0.0,0.0,0.0,0.0
O49565_20_H9N2,0.0,0.0,0.0,0.0,0.0,0.0,0.0,3771713.0,0.0,0.0,622661.0,0.0,0.0,0.0,7560668.0,0.0,0.0,0.0
O49597_4_H7N2,0.0,0.0,0.0,0.0,0.0,0.0,0.0,0.0,0.0,0.0,2845562.0,0.0,0.0,0.0,0.0,0.0,0.0,0.0
O49597_4_H8N2,0.0,0.0,0.0,0.0,0.0,0.0,2998932.0,0.0,0.0,19314320.0,0.0,0.0,0.0,2160164.0,0.0,0.0,17671390.0,0.0
O49603_26_H4N3F1Pen1,0.0,0.0,0.0,0.0,0.0,0.0,0.0,0.0,0.0,5064021.0,0.0,0.0,0.0,0.0,0.0,0.0,0.0,0.0
O49603_26_H5N3F1Pen1,0.0,0.0,250076.4,0.0,0.0,9227296.0,0.0,0.0,0.0,0.0,0.0,0.0,0.0,0.0,0.0,0.0,0.0,0.0
O49618_119_H6N3,0.0,0.0,0.0,0.0,0.0,10087310.0,0.0,0.0,0.0,0.0,0.0,0.0,0.0,0.0,0.0,0.0,0.0,0.0
O49624_363_H9N2,0.0,0.0,0.0,0.0,0.0,0.0,0.0,0.0,5637459.0,0.0,0.0,0.0,0.0,0.0,0.0,0.0,0.0,0.0
O49629_173_H3N2F1Pen1,0.0,0.0,0.0,0.0,0.0,0.0,1031485.0,0.0,0.0,5159709.0,0.0,0.0,0.0,0.0,0.0,0.0,0.0,0.0
O49675_65_H3N3F1Pen1,0.0,0.0,0.0,0.0,0.0,0.0,0.0,0.0,0.0,0.0,0.0,0.0,0.0,7349950.0,0.0,0.0,3545982.0,0.0
O49696_395_H3N2F1Pen1,0.0,4073605.0,0.0,0.0,4401148.0,0.0,5332204.0,0.0,0.0,9462151.0,0.0,0.0,0.0,0.0,0.0,0.0,0.0,0.0
O49696_395_H3N4F1Pen1,0.0,0.0,0.0,0.0,0.0,0.0,0.0,0.0,0.0,0.0,0.0,0.0,0.0,0.0,5933811.0,0.0,0.0,10351580.0
O49696_395_H3N4Pen1,0.0,9569973.0,0.0,0.0,5501291.0,0.0,0.0,0.0,0.0,0.0,0.0,0.0,0.0,0.0,0.0,0.0,0.0,0.0
O49696_395_H4N4F1Pen1,0.0,0.0,0.0,0.0,0.0,0.0,0.0,3666973.0,0.0,0.0,20658010.0,0.0,0.0,0.0,0.0,0.0,0.0,0.0
O49696_395_H4N4Pen1,0.0,0.0,5546643.0,0.0,0.0,2102336.0,3863867.0,0.0,0.0,0.0,0.0,0.0,0.0,0.0,0.0,0.0,0.0,0.0
O49696_395_H5N4F1Pen1,0.0,0.0,0.0,0.0,0.0,0.0,2494954.0,0.0,0.0,10077150.0,0.0,0.0,0.0,0.0,0.0,0.0,0.0,0.0
O49696_395_H5N4F3Pen1,0.0,0.0,0.0,0.0,0.0,0.0,0.0,1971721.0,0.0,0.0,14411130.0,0.0,0.0,0.0,0.0,0.0,0.0,0.0
O49696_395_H6N4F2Pen1,0.0,0.0,0.0,0.0,0.0,0.0,0.0,0.0,0.0,0.0,6734430.0,0.0,0.0,0.0,0.0,0.0,0.0,0.0
O49711_456_H3N2F1Pen1,0.0,0.0,2268966.0,4836205.0,0.0,4784893.0,0.0,5879810.0,0.0,0.0,8593898.0,0.0,0.0,4108800.0,2497128.0,0.0,13075860.0,6775269.0
O49711_456_H4N4F1Pen1,0.0,0.0,0.0,0.0,0.0,0.0,0.0,0.0,0.0,0.0,0.0,0.0,2023775.0,0.0,0.0,4084009.0,0.0,0.0
O49711_456_H5N4F3Pen1,0.0,0.0,0.0,0.0,0.0,0.0,0.0,0.0,0.0,0.0,0.0,0.0,1597158.0,0.0,0.0,10743730.0,0.0,0.0
O49711_681_H6N3,0.0,5771068.0,0.0,0.0,0.0,0.0,0.0,0.0,0.0,0.0,0.0,0.0,0.0,0.0,0.0,0.0,0.0,0.0
O49879_51_H8N2,0.0,0.0,0.0,0.0,0.0,0.0,0.0,0.0,5009102.0,0.0,0.0,22241000.0,3657614.0,0.0,0.0,8322203.0,0.0,0.0
O50046_448_H3N2Pen1,0.0,0.0,0.0,0.0,0.0,0.0,0.0,187218.3,0.0,0.0,2053254.0,0.0,0.0,0.0,237921.5,2340003.0,0.0,2808315.0
O50064_565_H8N2,0.0,0.0,0.0,0.0,0.0,0.0,303274.6,0.0,0.0,1455812.0,0.0,0.0,602936.5,0.0,0.0,3536095.0,0.0,0.0
O62991_50_H3N2F1Pen1,1763012.0,0.0,0.0,3059287.0,0.0,0.0,0.0,0.0,0.0,0.0,0.0,0.0,0.0,0.0,0.0,0.0,0.0,0.0
O63070_186_H8N2,0.0,0.0,0.0,0.0,0.0,0.0,0.0,0.0,0.0,0.0,0.0,0.0,0.0,9997360.0,0.0,0.0,1512547.0,0.0
O64390_387_H3N3F1Pen1,0.0,11000890.0,0.0,0.0,5460855.0,0.0,0.0,0.0,0.0,0.0,0.0,0.0,0.0,0.0,0.0,0.0,0.0,0.0
O64404_244_H3N4F1Pen1,0.0,0.0,0.0,13578830.0,11349160.0,0.0,0.0,0.0,0.0,0.0,0.0,0.0,0.0,0.0,0.0,0.0,0.0,0.0
O64407_165_H9N2,0.0,0.0,0.0,0.0,0.0,11562290.0,0.0,0.0,0.0,0.0,0.0,0.0,0.0,0.0,0.0,0.0,0.0,0.0
O64416_52_H3N4Pen1,2655842.0,0.0,0.0,0.0,0.0,0.0,0.0,2754526.0,0.0,0.0,730010.3,0.0,0.0,0.0,0.0,0.0,0.0,0.0
O64459_163_H4N3Pen1,0.0,840943.9,0.0,0.0,2392168.0,0.0,0.0,0.0,0.0,0.0,0.0,0.0,0.0,0.0,0.0,0.0,0.0,0.0
O64483_571_H3N3F1Pen1,0.0,0.0,0.0,0.0,0.0,0.0,0.0,2777959.0,0.0,0.0,0.0,0.0,0.0,0.0,2332941.0,0.0,0.0,180733.6
O64495_472_H3N3F1Pen1,0.0,0.0,0.0,0.0,0.0,0.0,0.0,0.0,0.0,0.0,0.0,0.0,3687509.0,0.0,2462476.0,0.0,0.0,0.0
O64495_472_H4N3F1Pen1,5543794.0,0.0,0.0,94024.28,0.0,0.0,5624035.0,0.0,0.0,0.0,0.0,0.0,0.0,0.0,0.0,0.0,0.0,0.0
O64597_64_H3N4Pen1,0.0,0.0,0.0,0.0,0.0,0.0,0.0,0.0,0.0,0.0,0.0,0.0,0.0,0.0,0.0,0.0,0.0,11048490.0
O64642_300_H4N4Pen1,0.0,0.0,0.0,0.0,0.0,0.0,0.0,0.0,0.0,10724860.0,0.0,0.0,0.0,0.0,0.0,0.0,0.0,0.0
O64642_504_H7N2,0.0,0.0,0.0,0.0,0.0,0.0,0.0,0.0,0.0,0.0,0.0,0.0,0.0,0.0,3891894.0,0.0,0.0,730610.6
O64728_234_H3N2F1Pen1,3401900.0,0.0,0.0,8328439.0,0.0,0.0,0.0,0.0,0.0,0.0,0.0,0.0,0.0,0.0,0.0,0.0,0.0,0.0
O64728_234_H3N4F1Pen1,0.0,0.0,0.0,0.0,0.0,0.0,0.0,0.0,1157985.0,0.0,0.0,7801974.0,0.0,0.0,0.0,0.0,0.0,0.0
O64749_13_H3N2F1Pen1,0.0,0.0,0.0,0.0,0.0,0.0,7367211.0,13776930.0,0.0,0.0,0.0,0.0,0.0,0.0,0.0,0.0,0.0,0.0
O64770_117_H7N2,0.0,0.0,0.0,0.0,0.0,0.0,0.0,5650212.0,0.0,0.0,310167.9,0.0,0.0,0.0,0.0,0.0,0.0,0.0
O64770_117_H8N2,0.0,6679182.0,88701250.0,0.0,460854.3,6762539.0,0.0,0.0,0.0,0.0,0.0,0.0,0.0,0.0,0.0,0.0,0.0,0.0
O64770_134_H8N2,0.0,0.0,0.0,0.0,0.0,0.0,0.0,14486280.0,0.0,0.0,3325531.0,0.0,0.0,0.0,0.0,0.0,0.0,0.0
O64774_421_H3N2F1Pen1,0.0,0.0,0.0,0.0,0.0,0.0,0.0,0.0,0.0,0.0,0.0,0.0,0.0,0.0,271299.9,0.0,0.0,6625572.0
O64774_421_H3N4F1Pen1,0.0,0.0,0.0,0.0,0.0,0.0,0.0,0.0,19352020.0,0.0,0.0,8714601.0,5668443.0,0.0,0.0,2449724.0,0.0,0.0
O64774_421_H6N2,0.0,0.0,0.0,0.0,0.0,4115663.0,0.0,0.0,0.0,0.0,0.0,0.0,0.0,0.0,0.0,0.0,0.0,0.0
O64780_330_H4N2Pen1,0.0,0.0,0.0,5703253.0,0.0,0.0,0.0,0.0,374376.3,0.0,4579713.0,6532313.0,0.0,0.0,0.0,0.0,0.0,0.0
O64784_811_H4N3Pen1,0.0,0.0,0.0,0.0,0.0,0.0,0.0,0.0,0.0,0.0,0.0,0.0,0.0,6379887.0,0.0,0.0,1212101.0,0.0
O64791_110_H3N2F1Pen1,0.0,0.0,0.0,0.0,0.0,0.0,0.0,0.0,0.0,0.0,0.0,0.0,0.0,0.0,0.0,8741206.0,0.0,0.0
O64806_594_H7N2,0.0,0.0,0.0,0.0,0.0,0.0,0.0,0.0,7205339.0,0.0,0.0,1780898.0,0.0,0.0,0.0,0.0,0.0,0.0
O64815_94_H3N2F1Pen1,0.0,0.0,0.0,0.0,0.0,0.0,0.0,0.0,0.0,0.0,0.0,0.0,10543770.0,0.0,0.0,12285610.0,0.0,0.0
O64815_94_H3N4F1Pen1,0.0,0.0,0.0,0.0,0.0,0.0,0.0,0.0,0.0,0.0,0.0,0.0,2484782.0,0.0,0.0,7110872.0,0.0,0.0
O64852_225_H3N2F1Pen1,0.0,2796786.0,0.0,0.0,0.0,0.0,0.0,0.0,0.0,0.0,0.0,0.0,0.0,0.0,0.0,0.0,0.0,0.0
O64852_225_H3N3F1Pen1,2014520.0,0.0,0.0,184609.3,0.0,0.0,0.0,0.0,0.0,0.0,0.0,0.0,0.0,0.0,4131458.0,0.0,0.0,0.0
O64852_225_H3N4F1Pen1,10749880.0,0.0,0.0,6400033.0,0.0,0.0,9521534.0,0.0,0.0,5846378.0,0.0,0.0,0.0,7169349.0,0.0,0.0,3615888.0,0.0
O64852_225_H4N4F2Pen1,0.0,0.0,0.0,0.0,0.0,0.0,0.0,0.0,0.0,0.0,0.0,0.0,17704080.0,0.0,0.0,718536.5,0.0,0.0
O64852_225_H8N2,1993514.0,0.0,0.0,0.0,0.0,0.0,0.0,0.0,0.0,0.0,0.0,0.0,7582096.0,0.0,0.0,0.0,0.0,0.0
O64852_292_H3N2F1Pen1,0.0,0.0,4131437.0,0.0,0.0,0.0,0.0,9757802.0,0.0,0.0,0.0,0.0,0.0,0.0,0.0,0.0,0.0,0.0
O64852_292_H4N3F1Pen1,8251640.0,8197601.0,2767234.0,586009.4,883433.0,0.0,0.0,0.0,14455030.0,0.0,0.0,0.0,0.0,13282520.0,0.0,0.0,0.0,0.0
O64852_292_H4N3F2Pen1,0.0,0.0,16573360.0,0.0,0.0,807077.0,0.0,0.0,25147260.0,0.0,0.0,3028927.0,0.0,0.0,24446200.0,0.0,0.0,2235228.0
O64852_292_H5N4F3Pen1,0.0,0.0,0.0,0.0,0.0,0.0,0.0,7795072.0,0.0,0.0,0.0,0.0,0.0,0.0,0.0,0.0,0.0,0.0
O64852_340_H3N3F1Pen1,0.0,6917045.0,0.0,0.0,0.0,0.0,0.0,0.0,0.0,0.0,0.0,0.0,0.0,0.0,0.0,0.0,0.0,0.0
O64876_51_H8N2,0.0,2802577.0,0.0,0.0,2640934.0,0.0,0.0,0.0,5770346.0,0.0,0.0,11594030.0,2532917.0,3356881.0,0.0,3674627.0,6309420.0,0.0
O64884_385_H3N2Pen1,0.0,0.0,0.0,15986140.0,0.0,0.0,0.0,0.0,0.0,0.0,13094190.0,0.0,0.0,0.0,0.0,15598820.0,0.0,0.0
O64884_385_H5N2,0.0,0.0,0.0,655104.8,0.0,0.0,0.0,0.0,0.0,0.0,0.0,0.0,0.0,0.0,0.0,0.0,0.0,0.0
O64899_371_H3N3F1Pen1,23442820.0,0.0,25455240.0,12357660.0,0.0,12857550.0,0.0,27931070.0,0.0,0.0,2813305.0,0.0,0.0,0.0,20119740.0,0.0,0.0,2367095.0
O64899_371_H3N4F1Pen1,0.0,0.0,0.0,0.0,0.0,0.0,28999410.0,18893400.0,58620280.0,5684480.0,1519869.0,21386610.0,0.0,0.0,0.0,0.0,0.0,0.0
O64899_371_H4N4F2Pen1,0.0,0.0,0.0,0.0,0.0,0.0,0.0,0.0,0.0,0.0,0.0,0.0,0.0,0.0,9413169.0,0.0,0.0,2302910.0
O64899_371_H4N4Pen1,0.0,0.0,0.0,0.0,0.0,0.0,0.0,8382704.0,0.0,0.0,7828787.0,0.0,0.0,0.0,0.0,0.0,0.0,0.0
O64973_285_H7N2,0.0,0.0,0.0,0.0,0.0,0.0,0.0,0.0,0.0,0.0,0.0,0.0,0.0,0.0,0.0,5816621.0,0.0,0.0
O64973_736_H6N2,0.0,98741.17,0.0,0.0,1202526.0,0.0,0.0,0.0,0.0,0.0,0.0,0.0,0.0,0.0,0.0,0.0,0.0,0.0
O65020_126_H3N2F1Pen1,0.0,0.0,0.0,0.0,0.0,0.0,0.0,10997010.0,0.0,0.0,4723555.0,0.0,0.0,0.0,0.0,0.0,0.0,0.0
O65036_137_H4N4Pen1,0.0,0.0,0.0,0.0,0.0,3844541.0,0.0,0.0,0.0,0.0,0.0,0.0,0.0,0.0,0.0,0.0,0.0,0.0
O65098_194_H3N3F1Pen1,3846688.0,0.0,0.0,0.0,0.0,0.0,6249139.0,0.0,0.0,0.0,0.0,0.0,0.0,0.0,0.0,0.0,0.0,0.0
O65098_423_H3N2F1Pen1,0.0,0.0,0.0,0.0,0.0,0.0,0.0,2812737.0,0.0,0.0,10222090.0,0.0,0.0,0.0,0.0,0.0,0.0,0.0
O65272_163_H3N2F1Pen1,0.0,124726400.0,0.0,0.0,79932870.0,0.0,0.0,0.0,0.0,0.0,0.0,0.0,0.0,0.0,0.0,0.0,0.0,0.0
O65272_163_H4N4Pen1,0.0,34082350.0,0.0,0.0,29657250.0,0.0,0.0,0.0,0.0,0.0,0.0,0.0,0.0,0.0,0.0,0.0,0.0,0.0
O65272_451_H3N3F1Pen1,0.0,487682.0,0.0,0.0,14386150.0,0.0,0.0,0.0,0.0,0.0,0.0,0.0,0.0,0.0,0.0,0.0,0.0,0.0
O65351_644_H4N3Pen1,0.0,0.0,0.0,0.0,0.0,0.0,0.0,0.0,0.0,0.0,15808120.0,0.0,0.0,0.0,0.0,0.0,0.0,0.0
O65390_397_H9N2,0.0,0.0,0.0,0.0,0.0,0.0,0.0,0.0,0.0,0.0,0.0,0.0,0.0,0.0,0.0,4463170.0,0.0,0.0
O65398_110_H3N2F1Pen1,0.0,0.0,0.0,0.0,0.0,0.0,0.0,0.0,0.0,0.0,0.0,0.0,19037500.0,0.0,0.0,0.0,0.0,0.0
O65398_110_H3N2Pen1,0.0,0.0,0.0,0.0,0.0,0.0,0.0,0.0,3421191.0,0.0,0.0,0.0,0.0,0.0,0.0,0.0,0.0,0.0
O65398_110_H3N4F1Pen1,0.0,0.0,0.0,0.0,0.0,0.0,0.0,0.0,0.0,0.0,0.0,0.0,0.0,0.0,44732790.0,0.0,0.0,0.0
O65420_260_H6N2,0.0,0.0,0.0,7372269.0,5207178.0,0.0,0.0,0.0,0.0,0.0,0.0,0.0,0.0,0.0,0.0,0.0,0.0,0.0
O65451_179_H3N4F1Pen1,0.0,0.0,0.0,0.0,0.0,0.0,0.0,0.0,0.0,0.0,0.0,0.0,2142701.0,0.0,0.0,11001110.0,0.0,0.0
O65472_537_H3N2F1Pen1,0.0,523009.0,0.0,0.0,2429861.0,0.0,0.0,0.0,0.0,0.0,0.0,0.0,0.0,0.0,0.0,0.0,0.0,0.0
O65483_101_H8N2,0.0,0.0,0.0,0.0,0.0,0.0,0.0,0.0,0.0,0.0,0.0,0.0,0.0,2741864.0,0.0,0.0,1024046.0,0.0
O65571_20_H4N2Pen1,0.0,0.0,6231213.0,0.0,0.0,0.0,0.0,0.0,0.0,0.0,0.0,0.0,0.0,0.0,0.0,0.0,0.0,0.0
O65628_19_H3N2F1Pen1,0.0,0.0,0.0,0.0,0.0,12923580.0,0.0,0.0,0.0,27996790.0,0.0,0.0,0.0,824960.6,0.0,50276200.0,46750770.0,0.0
O65628_19_H3N2Pen1,0.0,0.0,12485600.0,0.0,0.0,1240127.0,0.0,23544790.0,0.0,0.0,1908075.0,0.0,17516450.0,0.0,0.0,447365.7,0.0,0.0
O65628_19_H5N2,10832680.0,0.0,0.0,0.0,0.0,0.0,16981260.0,0.0,0.0,1039369.0,0.0,0.0,0.0,0.0,15282170.0,0.0,0.0,0.0
O65628_19_H5N4F3Pen1,0.0,0.0,5420914.0,0.0,0.0,1908448.0,0.0,0.0,0.0,0.0,0.0,0.0,0.0,0.0,0.0,0.0,0.0,0.0
O65639_86_H3N2F1Pen1,0.0,6079979.0,0.0,0.0,390418.1,0.0,0.0,14908220.0,0.0,0.0,8477022.0,0.0,0.0,0.0,11381410.0,0.0,0.0,5536307.0
O65665_86_H3N3F1Pen1,0.0,0.0,0.0,0.0,0.0,0.0,0.0,0.0,335838.5,0.0,0.0,8684564.0,0.0,0.0,0.0,0.0,0.0,0.0
O65679_40_H3N2F1Pen1,0.0,0.0,0.0,0.0,0.0,0.0,0.0,0.0,0.0,0.0,0.0,0.0,23381250.0,0.0,0.0,26293320.0,0.0,0.0
O65693_44_H9N2,0.0,0.0,0.0,0.0,0.0,0.0,8314840.0,0.0,0.0,7670303.0,0.0,0.0,5228561.0,0.0,0.0,5396508.0,0.0,0.0
O65781_57_H6N3,0.0,7543644.0,7535359.0,0.0,5337581.0,4668806.0,0.0,0.0,0.0,0.0,0.0,0.0,0.0,0.0,0.0,0.0,0.0,0.0
O65785_100_H8N2,0.0,0.0,179892.6,0.0,0.0,1845254.0,0.0,0.0,0.0,0.0,0.0,0.0,0.0,0.0,0.0,0.0,0.0,0.0
O65902_367_H9N2,0.0,0.0,0.0,0.0,0.0,0.0,0.0,0.0,0.0,0.0,0.0,0.0,16366450.0,0.0,0.0,0.0,0.0,0.0
O65922_194_H8N2,0.0,0.0,0.0,0.0,0.0,0.0,17647720.0,0.0,0.0,0.0,0.0,0.0,0.0,0.0,0.0,0.0,0.0,0.0
O78248_38_H2N2F1Pen1,5532889.0,0.0,0.0,389265.1,0.0,0.0,0.0,0.0,0.0,0.0,0.0,0.0,0.0,0.0,0.0,0.0,0.0,0.0
O78678_153_H3N2F1Pen1,0.0,3414752.0,0.0,0.0,2082843.0,0.0,0.0,0.0,0.0,0.0,0.0,0.0,0.0,0.0,0.0,0.0,0.0,0.0
O80437_477_H8N2,0.0,0.0,0.0,0.0,0.0,0.0,0.0,0.0,0.0,0.0,0.0,0.0,0.0,1734882.0,0.0,0.0,524798.4,0.0
O80462_460_H8N2,0.0,0.0,0.0,0.0,0.0,0.0,0.0,15801180.0,0.0,0.0,2435073.0,0.0,0.0,0.0,12699860.0,0.0,0.0,1968573.0
O80475_203_H3N3F1Pen1,0.0,0.0,0.0,0.0,0.0,0.0,0.0,0.0,0.0,0.0,0.0,0.0,0.0,0.0,0.0,0.0,3121849.0,0.0
O80528_207_H3N2F1Pen1,0.0,0.0,0.0,0.0,0.0,0.0,0.0,0.0,1457701.0,0.0,0.0,9139059.0,0.0,7995434.0,0.0,0.0,17023920.0,0.0
O80536_57_H5N3F1Pen1,0.0,0.0,3414278.0,0.0,0.0,10132890.0,0.0,0.0,0.0,0.0,0.0,0.0,1165026.0,0.0,0.0,10490480.0,0.0,0.0
O80568_219_H8N2,0.0,0.0,0.0,0.0,0.0,0.0,0.0,0.0,0.0,0.0,13553990.0,0.0,0.0,0.0,0.0,0.0,0.0,0.0
O80574_26_H3N2F1Pen1,13867980.0,0.0,0.0,0.0,0.0,0.0,0.0,0.0,0.0,0.0,0.0,0.0,0.0,0.0,0.0,0.0,0.0,0.0
O80646_70_H3N4F1Pen1,0.0,0.0,0.0,0.0,0.0,0.0,0.0,0.0,0.0,0.0,0.0,0.0,0.0,6422269.0,0.0,0.0,22510430.0,0.0
O80678_233_H3N2F1Pen1,0.0,0.0,0.0,0.0,25753750.0,0.0,0.0,871560.2,0.0,0.0,36109680.0,0.0,0.0,0.0,0.0,0.0,0.0,0.0
O80722_342_H4N3F1Pen1,0.0,0.0,0.0,0.0,0.0,0.0,0.0,0.0,20327860.0,0.0,0.0,1436388.0,0.0,8982241.0,0.0,0.0,329150.5,0.0
O80722_342_H4N3F2Pen1,0.0,0.0,0.0,0.0,0.0,0.0,0.0,0.0,23777950.0,0.0,0.0,2330069.0,0.0,0.0,11002890.0,0.0,0.0,1399937.0
O80722_342_H4N4F1Pen1,0.0,0.0,5646596.0,0.0,0.0,0.0,0.0,0.0,0.0,0.0,0.0,0.0,0.0,0.0,11079420.0,0.0,0.0,1685130.0
O80722_342_H4N4F2Pen1,0.0,0.0,0.0,0.0,0.0,0.0,0.0,0.0,0.0,0.0,0.0,0.0,0.0,0.0,11749660.0,0.0,0.0,2604492.0
O80731_324_H4N2Pen1,0.0,0.0,0.0,0.0,0.0,0.0,5436268.0,0.0,0.0,0.0,0.0,0.0,0.0,5186689.0,0.0,0.0,334232.0,0.0
O80738_461_H3N2F1Pen1,0.0,0.0,0.0,0.0,0.0,0.0,0.0,0.0,0.0,0.0,0.0,0.0,0.0,0.0,2218829.0,0.0,0.0,8129533.0
O80760_392_H3N4Pen1,0.0,0.0,0.0,0.0,0.0,0.0,0.0,4096902.0,0.0,0.0,7140751.0,0.0,0.0,0.0,0.0,0.0,0.0,0.0
O80760_392_H5N4F1Pen1,0.0,0.0,0.0,0.0,0.0,0.0,0.0,990217.8,0.0,0.0,8395292.0,0.0,0.0,489219.2,0.0,0.0,9755836.0,0.0
O80760_392_H8N2,0.0,0.0,0.0,0.0,0.0,7792605.0,0.0,0.0,0.0,0.0,0.0,0.0,0.0,0.0,0.0,0.0,0.0,0.0
O80770_376_H3N4F1Pen1,0.0,0.0,438433.3,0.0,0.0,15072270.0,0.0,0.0,0.0,0.0,0.0,0.0,0.0,0.0,0.0,0.0,0.0,0.0
O80809_127_H7N2,0.0,0.0,0.0,0.0,0.0,0.0,3536322.0,0.0,0.0,540866.2,0.0,0.0,0.0,0.0,0.0,0.0,0.0,0.0
O80809_206_H3N2F1Pen1,7781188.0,0.0,0.0,613520.5,0.0,0.0,0.0,0.0,0.0,0.0,0.0,0.0,0.0,0.0,0.0,0.0,0.0,0.0
O80866_141_H3N3F1Pen1,0.0,0.0,0.0,0.0,0.0,0.0,0.0,0.0,0.0,0.0,0.0,0.0,0.0,0.0,5589934.0,0.0,0.0,461183.7
O80866_141_H4N2Pen1,0.0,0.0,0.0,3258924.0,0.0,0.0,0.0,0.0,0.0,0.0,0.0,0.0,0.0,0.0,0.0,0.0,0.0,0.0
O80874_13_H3N2F1Pen1,0.0,0.0,13009030.0,0.0,0.0,961319.6,0.0,40252220.0,0.0,0.0,3862999.0,0.0,0.0,0.0,0.0,0.0,0.0,0.0
O80874_13_H4N4F2Pen1,0.0,4932245.0,0.0,0.0,1638116.0,0.0,0.0,0.0,0.0,0.0,0.0,0.0,0.0,0.0,0.0,0.0,0.0,0.0
O80877_73_H8N2,0.0,0.0,0.0,0.0,0.0,0.0,0.0,0.0,0.0,12085580.0,0.0,0.0,0.0,0.0,0.0,0.0,7748343.0,0.0
O80940_392_H3N4F1Pen1,0.0,0.0,0.0,0.0,0.0,0.0,0.0,0.0,0.0,0.0,0.0,21777100.0,0.0,0.0,0.0,0.0,0.0,0.0
O80970_626_H3N2F1Pen1,0.0,0.0,0.0,0.0,0.0,0.0,0.0,0.0,0.0,0.0,0.0,0.0,0.0,844462.6,1869643.0,0.0,30053760.0,32040160.0
O81007_69_H3N2F1,0.0,0.0,0.0,0.0,0.0,0.0,0.0,3248552.0,5650185.0,0.0,524242.0,1140095.0,0.0,2634207.0,0.0,0.0,0.0,0.0
O81014_370_H3N2F1Pen1,0.0,0.0,0.0,0.0,0.0,0.0,0.0,0.0,0.0,0.0,0.0,0.0,0.0,0.0,0.0,5258321.0,0.0,0.0
O81027_449_H4N4Pen1,0.0,0.0,0.0,0.0,0.0,0.0,0.0,0.0,12478280.0,0.0,0.0,18609580.0,0.0,0.0,0.0,0.0,0.0,0.0
O81081_117_H4N4F2Pen1,0.0,0.0,0.0,0.0,0.0,0.0,0.0,0.0,0.0,23193980.0,0.0,0.0,0.0,0.0,0.0,0.0,0.0,0.0
O81108_26_H3N3F1Pen1,0.0,0.0,117468.0,0.0,0.0,3688595.0,0.0,0.0,0.0,0.0,0.0,0.0,0.0,0.0,0.0,0.0,0.0,0.0
O81211_776_H3N2F1Pen1,0.0,0.0,0.0,0.0,0.0,0.0,0.0,0.0,0.0,0.0,0.0,0.0,0.0,0.0,0.0,16046210.0,0.0,0.0
O81211_776_H4N4F1Pen1,0.0,0.0,0.0,0.0,0.0,0.0,0.0,0.0,0.0,0.0,0.0,18444760.0,0.0,0.0,0.0,0.0,0.0,0.0
O81283_361_H2N2F1Pen1,6341509.0,0.0,0.0,0.0,0.0,0.0,0.0,11508680.0,0.0,0.0,0.0,0.0,0.0,0.0,0.0,0.0,0.0,0.0
O81283_361_H3N3F1Pen1,0.0,0.0,0.0,0.0,0.0,0.0,0.0,0.0,4500187.0,0.0,0.0,0.0,0.0,1845597.0,0.0,0.0,3137301.0,0.0
O81283_361_H3N4F1Pen1,16671090.0,0.0,4592018.0,11284670.0,0.0,2282336.0,0.0,29354250.0,0.0,0.0,0.0,0.0,3737543.0,18748450.0,22421020.0,0.0,0.0,647121.3
O81283_361_H4N4F1Pen1,0.0,0.0,3270603.0,0.0,0.0,1651896.0,0.0,0.0,0.0,0.0,0.0,0.0,0.0,0.0,0.0,0.0,0.0,0.0
O81283_361_H4N4F2Pen1,0.0,8404925.0,0.0,0.0,7043276.0,0.0,0.0,0.0,10814710.0,0.0,0.0,2768394.0,6038240.0,0.0,0.0,0.0,0.0,0.0
O81283_361_H5N3F1Pen1,5042180.0,0.0,0.0,2045590.0,0.0,0.0,0.0,0.0,5154852.0,0.0,0.0,723276.0,4082217.0,0.0,4813644.0,0.0,0.0,182947.6
O81283_361_H7N2,0.0,0.0,3870983.0,0.0,0.0,0.0,0.0,0.0,0.0,0.0,0.0,0.0,0.0,3435651.0,0.0,0.0,0.0,0.0
O81313_23_H3N2F1Pen1,0.0,0.0,2952005.0,0.0,0.0,418312.5,0.0,0.0,0.0,0.0,0.0,0.0,0.0,0.0,0.0,0.0,0.0,0.0
O81313_23_H3N2Pen1,0.0,0.0,0.0,0.0,0.0,0.0,0.0,0.0,0.0,0.0,0.0,0.0,0.0,0.0,0.0,0.0,0.0,7646637.0
O81432_130_H3N4F1Pen1,0.0,0.0,0.0,0.0,0.0,0.0,0.0,0.0,0.0,0.0,0.0,11754730.0,0.0,0.0,0.0,0.0,0.0,0.0
O81472_155_H3N2F1Pen1,0.0,0.0,341713.8,0.0,0.0,2556566.0,0.0,0.0,0.0,0.0,0.0,0.0,0.0,0.0,0.0,0.0,0.0,0.0
O81472_155_H4N3F1Pen1,0.0,145087.5,0.0,0.0,1754715.0,0.0,0.0,0.0,0.0,0.0,0.0,0.0,0.0,0.0,269613.1,0.0,4447914.0,5965419.0
O81472_155_H4N3F2Pen1,0.0,0.0,0.0,28036040.0,0.0,0.0,0.0,0.0,0.0,0.0,0.0,0.0,0.0,0.0,0.0,0.0,0.0,0.0
O81472_155_H4N4F1Pen1,0.0,0.0,0.0,0.0,0.0,12579360.0,0.0,0.0,0.0,0.0,0.0,8788115.0,0.0,278613.1,0.0,0.0,9193771.0,0.0
O81472_155_H4N4F2Pen1,0.0,470995.2,0.0,0.0,17400210.0,0.0,0.0,0.0,0.0,30584620.0,0.0,0.0,0.0,0.0,0.0,0.0,0.0,28770680.0
O81472_155_H5N4F2Pen1,0.0,0.0,0.0,0.0,0.0,0.0,0.0,0.0,0.0,0.0,8582470.0,0.0,0.0,0.0,0.0,0.0,0.0,0.0
O81472_155_H5N4F3Pen1,0.0,0.0,0.0,0.0,6237035.0,0.0,0.0,0.0,0.0,0.0,0.0,0.0,0.0,0.0,0.0,0.0,0.0,0.0
O81488_157_H3N2F1Pen1,0.0,0.0,0.0,0.0,0.0,0.0,0.0,0.0,0.0,0.0,0.0,0.0,3884805.0,0.0,0.0,3624001.0,0.0,0.0
O81643_298_H3N4F1Pen1,0.0,0.0,0.0,0.0,0.0,0.0,0.0,0.0,1025785.0,0.0,0.0,34538230.0,0.0,0.0,0.0,0.0,0.0,0.0
O81767_132_H3N2Pen1,0.0,0.0,0.0,0.0,0.0,15408220.0,0.0,0.0,0.0,0.0,0.0,0.0,0.0,0.0,0.0,0.0,0.0,0.0
O81778_403_H7N2,0.0,0.0,0.0,0.0,0.0,0.0,0.0,0.0,0.0,0.0,0.0,12752480.0,0.0,0.0,0.0,0.0,0.0,0.0
O81791_119_H6N2,0.0,0.0,0.0,0.0,0.0,0.0,5165041.0,0.0,0.0,3238466.0,0.0,0.0,0.0,0.0,0.0,0.0,0.0,0.0
O81815_67_H3N3F1Pen1,8297107.0,0.0,0.0,8420368.0,0.0,0.0,0.0,0.0,0.0,0.0,0.0,0.0,0.0,0.0,0.0,0.0,0.0,0.0
O81815_67_H8N2,0.0,0.0,0.0,0.0,0.0,0.0,0.0,3537657.0,0.0,0.0,0.0,0.0,0.0,0.0,0.0,0.0,0.0,0.0
O81821_274_H3N4F1Pen1,0.0,0.0,0.0,0.0,0.0,0.0,0.0,0.0,511867.0,0.0,0.0,25275790.0,0.0,0.0,0.0,0.0,0.0,0.0
O81821_274_H4N4F1Pen1,0.0,0.0,0.0,0.0,8413778.0,0.0,0.0,0.0,0.0,0.0,0.0,0.0,0.0,0.0,0.0,0.0,0.0,0.0
O81821_274_H4N4F2Pen1,0.0,0.0,0.0,0.0,0.0,0.0,984916.6,0.0,0.0,9472803.0,0.0,0.0,0.0,0.0,0.0,0.0,0.0,0.0
O81906_273_H7N3,0.0,0.0,0.0,0.0,0.0,0.0,5162368.0,0.0,0.0,1576740.0,0.0,0.0,0.0,0.0,0.0,0.0,0.0,0.0
O81908_551_H8N2,2534322.0,0.0,0.0,389125.6,0.0,0.0,0.0,0.0,0.0,0.0,0.0,0.0,0.0,0.0,0.0,0.0,0.0,0.0
O81970_189_H3N2F1Pen1,0.0,0.0,0.0,0.0,0.0,3019061.0,0.0,0.0,0.0,0.0,0.0,0.0,0.0,0.0,0.0,0.0,0.0,0.0
O81971_30_H7N2,0.0,0.0,0.0,0.0,0.0,0.0,0.0,0.0,0.0,0.0,0.0,0.0,0.0,5745740.0,0.0,0.0,0.0,0.0
O81983_361_H6N2,0.0,0.0,0.0,0.0,0.0,0.0,0.0,0.0,0.0,0.0,3671441.0,0.0,0.0,0.0,0.0,0.0,0.0,0.0
O82140_200_H4N2Pen1,0.0,0.0,0.0,0.0,0.0,0.0,0.0,0.0,0.0,9275865.0,0.0,0.0,0.0,0.0,0.0,0.0,0.0,0.0
O82140_200_H7N2,0.0,0.0,0.0,19364020.0,0.0,0.0,0.0,0.0,0.0,9821729.0,0.0,0.0,0.0,0.0,0.0,0.0,0.0,0.0
O82140_200_H8N2,0.0,0.0,0.0,0.0,0.0,0.0,0.0,0.0,0.0,36335660.0,0.0,0.0,0.0,0.0,0.0,53769530.0,0.0,0.0
O82140_676_H3N4F1Pen1,0.0,0.0,0.0,0.0,0.0,0.0,0.0,0.0,13048760.0,0.0,0.0,1949919.0,0.0,0.0,0.0,0.0,0.0,0.0
O82175_30_H8N2,0.0,0.0,0.0,0.0,0.0,0.0,0.0,0.0,0.0,0.0,0.0,0.0,0.0,0.0,315115.3,0.0,0.0,5440455.0
O82204_16_H6N2,0.0,0.0,0.0,0.0,0.0,0.0,0.0,0.0,0.0,0.0,121802100.0,0.0,0.0,0.0,0.0,0.0,0.0,0.0
O82234_48_H3N2F1Pen1,0.0,0.0,0.0,0.0,0.0,11228360.0,0.0,0.0,0.0,0.0,0.0,0.0,0.0,0.0,0.0,0.0,0.0,0.0
O82234_48_H3N4F1Pen1,0.0,0.0,0.0,0.0,0.0,0.0,0.0,0.0,780052.0,0.0,0.0,53513860.0,0.0,0.0,0.0,0.0,0.0,0.0
O82256_234_H3N4F1Pen1,0.0,0.0,0.0,0.0,0.0,0.0,0.0,0.0,36620010.0,0.0,0.0,0.0,0.0,0.0,0.0,0.0,0.0,0.0
O82279_93_H8N2,0.0,0.0,0.0,0.0,0.0,0.0,0.0,0.0,1736259.0,0.0,0.0,7552564.0,0.0,0.0,0.0,0.0,0.0,0.0
O82286_70_H3N3F1Pen1,0.0,0.0,10256160.0,0.0,0.0,1415189.0,0.0,0.0,0.0,0.0,0.0,0.0,0.0,0.0,0.0,0.0,0.0,0.0
O82318_129_H4N3Pen1,0.0,0.0,0.0,0.0,0.0,0.0,0.0,0.0,0.0,0.0,0.0,0.0,0.0,2960195.0,0.0,0.0,1167754.0,0.0
O82343_19_H3N2F1Pen1,0.0,0.0,0.0,0.0,0.0,0.0,803352.0,0.0,0.0,4104652.0,0.0,0.0,0.0,0.0,0.0,0.0,0.0,0.0
O82387_32_H3N4F1Pen1,0.0,0.0,0.0,0.0,0.0,0.0,0.0,0.0,0.0,0.0,0.0,0.0,0.0,5847918.0,0.0,0.0,0.0,0.0
O82486_564_H4N4F1Pen1,0.0,0.0,2033316.0,0.0,0.0,0.0,0.0,0.0,0.0,0.0,0.0,0.0,0.0,0.0,0.0,0.0,0.0,0.0
O82500_316_H3N2F1Pen1,0.0,0.0,0.0,0.0,41379740.0,0.0,0.0,0.0,0.0,0.0,0.0,0.0,0.0,0.0,0.0,0.0,0.0,0.0
O82531_209_H3N2F1Pen1,0.0,0.0,0.0,0.0,2681704.0,3703071.0,0.0,0.0,0.0,4532380.0,0.0,0.0,0.0,0.0,0.0,4456621.0,0.0,0.0
O82811_94_H3N2F1Pen1,12310280.0,0.0,0.0,0.0,0.0,0.0,0.0,0.0,0.0,0.0,0.0,0.0,0.0,0.0,0.0,0.0,0.0,0.0
O98452_75_H3N2F1Pen1,60277370.0,0.0,15066600.0,437015.3,0.0,1241951.0,0.0,0.0,0.0,0.0,0.0,0.0,0.0,0.0,0.0,0.0,0.0,0.0
O98452_75_H7N3,0.0,0.0,0.0,0.0,0.0,0.0,0.0,0.0,0.0,0.0,0.0,0.0,0.0,660258.8,0.0,0.0,6785005.0,0.0
O98454_5_H3N4F1Pen1,0.0,0.0,0.0,0.0,0.0,0.0,0.0,0.0,0.0,0.0,0.0,0.0,0.0,1293117.0,0.0,0.0,8722982.0,0.0
O98636_84_H7N2,0.0,0.0,0.0,0.0,0.0,0.0,0.0,2065414.0,0.0,0.0,5706618.0,0.0,0.0,0.0,0.0,0.0,0.0,0.0
O98692_160_H3N3F1Pen1,0.0,0.0,0.0,6808744.0,0.0,0.0,0.0,0.0,0.0,0.0,0.0,0.0,0.0,0.0,0.0,0.0,0.0,0.0
O98840_324_H3N2F1Pen1,70834140.0,0.0,51183610.0,0.0,0.0,5344117.0,0.0,37555140.0,19964990.0,0.0,0.0,3134374.0,0.0,0.0,0.0,0.0,0.0,0.0
O98840_324_H4N2Pen1,26055480.0,0.0,0.0,13646620.0,0.0,0.0,0.0,0.0,0.0,0.0,0.0,0.0,0.0,0.0,0.0,0.0,0.0,0.0
P00865_111_H8N2,0.0,0.0,0.0,0.0,0.0,0.0,0.0,0.0,0.0,4656837.0,0.0,0.0,0.0,0.0,0.0,0.0,5022388.0,5266012.0
P00965_11_H1N2,0.0,0.0,0.0,0.0,0.0,0.0,0.0,16766550.0,0.0,0.0,925056.7,0.0,0.0,0.0,0.0,0.0,0.0,0.0
P02856_53_H3N4F1Pen1,0.0,0.0,0.0,0.0,0.0,0.0,0.0,0.0,0.0,0.0,0.0,0.0,0.0,4342274.0,0.0,0.0,0.0,0.0
P04045_49_H3N2F1Pen1,0.0,0.0,0.0,0.0,7737487.0,0.0,0.0,0.0,0.0,0.0,0.0,0.0,0.0,0.0,0.0,0.0,0.0,0.0
P04063_372_H6N2,0.0,0.0,0.0,0.0,0.0,0.0,0.0,0.0,0.0,0.0,0.0,0.0,0.0,0.0,33690980.0,0.0,0.0,1174420.0
P04795_96_H4N3Pen1,0.0,0.0,0.0,0.0,0.0,0.0,0.0,0.0,0.0,0.0,0.0,0.0,0.0,0.0,0.0,0.0,3308322.0,0.0
P05435_325_H3N3F1Pen1,0.0,0.0,0.0,0.0,0.0,0.0,0.0,0.0,52591930.0,0.0,0.0,1065156.0,0.0,0.0,0.0,0.0,0.0,0.0
P05716_53_H3N2F1Pen1,0.0,0.0,0.0,0.0,0.0,0.0,87055180.0,0.0,0.0,29264320.0,0.0,0.0,0.0,64789090.0,0.0,0.0,12367280.0,0.0
P05716_53_H3N2Pen1,9463321.0,0.0,0.0,2972856.0,0.0,0.0,0.0,0.0,18396350.0,0.0,0.0,9089358.0,0.0,0.0,0.0,0.0,0.0,0.0
P06251_71_H3N2F1Pen1,0.0,0.0,0.0,0.0,0.0,0.0,24100300.0,0.0,0.0,1053391.0,0.0,0.0,0.0,0.0,0.0,0.0,0.0,0.0
P06251_71_H3N4F1Pen1,0.0,0.0,0.0,0.0,0.0,0.0,0.0,0.0,0.0,0.0,0.0,0.0,0.0,0.0,22010680.0,0.0,0.0,2292034.0
P06270_183_H3N2F1Pen1,0.0,0.0,3484776.0,0.0,0.0,170227.0,0.0,0.0,0.0,0.0,0.0,0.0,0.0,0.0,0.0,0.0,0.0,0.0
P06364_120_H3N2F1Pen1,9868619.0,0.0,0.0,4764668.0,0.0,0.0,0.0,0.0,0.0,0.0,0.0,0.0,0.0,0.0,0.0,0.0,0.0,0.0
P06388_4_H3N3F1Pen1,780682.7,0.0,0.0,11203210.0,0.0,0.0,0.0,0.0,0.0,0.0,0.0,0.0,0.0,0.0,0.0,0.0,0.0,0.0
P06388_4_H4N2F1Pen1,0.0,0.0,0.0,0.0,0.0,0.0,0.0,0.0,0.0,0.0,2842584.0,0.0,0.0,0.0,0.0,0.0,0.0,0.0
P06388_4_H4N3F1Pen1,0.0,0.0,0.0,0.0,0.0,0.0,0.0,297318.3,0.0,0.0,5417673.0,0.0,0.0,0.0,0.0,0.0,0.0,0.0
P06585_230_H3N2F1Pen1,0.0,447656.4,0.0,0.0,2921171.0,0.0,0.0,0.0,0.0,0.0,0.0,0.0,0.0,0.0,0.0,0.0,0.0,0.0
P07145_53_H3N2F1Pen1,0.0,0.0,0.0,0.0,12264360.0,0.0,0.0,0.0,0.0,0.0,0.0,0.0,0.0,0.0,0.0,0.0,0.0,0.0
P07519_148_H3N2F1Pen1,0.0,15182630.0,11549380.0,0.0,8636422.0,6860065.0,0.0,0.0,44448710.0,0.0,0.0,16758140.0,14558170.0,0.0,16866190.0,3574683.0,0.0,4023860.0
P07519_148_H3N4F1Pen1,0.0,0.0,0.0,0.0,0.0,0.0,2477050.0,0.0,0.0,1786916.0,0.0,0.0,0.0,0.0,0.0,0.0,0.0,0.0
P07519_148_H4N2Pen1,0.0,0.0,0.0,0.0,0.0,4124786.0,0.0,0.0,0.0,0.0,0.0,0.0,0.0,0.0,0.0,0.0,0.0,0.0
P07519_407_H3N2F1Pen1,31653600.0,0.0,0.0,16443380.0,0.0,0.0,24187120.0,0.0,0.0,12005990.0,0.0,0.0,0.0,0.0,27015900.0,0.0,0.0,10936800.0
P07519_407_H3N2Pen1,0.0,0.0,0.0,0.0,0.0,0.0,0.0,1734106.0,0.0,0.0,582679.4,0.0,0.0,0.0,0.0,0.0,0.0,0.0
P07519_407_H3N4F1Pen1,6783549.0,0.0,0.0,3424400.0,0.0,0.0,18105440.0,0.0,14438510.0,8679685.0,0.0,8002418.0,10882430.0,0.0,0.0,4529354.0,0.0,0.0
P07689_113_H3N3F1Pen1,0.0,0.0,0.0,0.0,0.0,0.0,0.0,10104880.0,0.0,0.0,326382.3,0.0,0.0,0.0,0.0,0.0,0.0,0.0
P08117_404_H3N2F1Pen1,0.0,0.0,0.0,0.0,0.0,0.0,0.0,5595384.0,0.0,0.0,308710.8,0.0,5715201.0,0.0,0.0,0.0,0.0,0.0
P08216_421_H8N2,13849310.0,0.0,7548685.0,1361612.0,0.0,1056528.0,0.0,4644049.0,0.0,0.0,0.0,0.0,0.0,0.0,0.0,0.0,0.0,0.0
P08281_56_H3N2F1Pen1,0.0,0.0,0.0,29612350.0,0.0,0.0,0.0,0.0,0.0,0.0,37164630.0,0.0,0.0,0.0,0.0,0.0,0.0,0.0
P08772_120_H3N3F1Pen1,0.0,0.0,0.0,0.0,0.0,0.0,0.0,10204300.0,0.0,0.0,4381012.0,0.0,0.0,0.0,0.0,0.0,0.0,0.0
P08817_32_H6N2,0.0,0.0,0.0,2379011.0,0.0,0.0,0.0,0.0,0.0,0.0,0.0,5248547.0,0.0,0.0,0.0,0.0,0.0,0.0
P08819_442_H6N2,0.0,0.0,0.0,0.0,0.0,0.0,5523884.0,0.0,3192331.0,0.0,0.0,287439.8,0.0,0.0,0.0,0.0,0.0,0.0
P08973_1165_H3N4F1Pen1,0.0,3110039.0,0.0,0.0,326116.3,0.0,0.0,0.0,0.0,0.0,0.0,0.0,0.0,0.0,0.0,0.0,0.0,0.0
P08973_621_H9N2,0.0,0.0,0.0,0.0,0.0,0.0,0.0,0.0,0.0,0.0,0.0,0.0,0.0,2092150.0,0.0,0.0,3535861.0,0.0
P08995_20_H3N2F1Pen1,2473011.0,0.0,0.0,5194900.0,0.0,0.0,0.0,23028510.0,0.0,0.0,25698310.0,0.0,0.0,0.0,9521422.0,0.0,0.0,10810500.0
P08995_20_H3N2Pen1,0.0,0.0,0.0,0.0,0.0,0.0,0.0,0.0,0.0,0.0,0.0,0.0,0.0,0.0,2183474.0,0.0,0.0,3834978.0
P09004_141_H3N2F1Pen1,0.0,0.0,32001210.0,0.0,0.0,1345868.0,0.0,0.0,0.0,0.0,0.0,0.0,0.0,0.0,0.0,0.0,0.0,0.0
P09364_408_H3N4F1Pen1,0.0,0.0,0.0,0.0,0.0,0.0,0.0,0.0,13723010.0,0.0,0.0,1556430.0,6950517.0,0.0,0.0,0.0,0.0,0.0
P09439_450_H3N2F1Pen1,0.0,0.0,0.0,0.0,44777180.0,0.0,0.0,0.0,0.0,0.0,0.0,0.0,0.0,0.0,0.0,0.0,0.0,0.0
P09678_9_H3N3F1Pen1,0.0,0.0,0.0,0.0,0.0,0.0,0.0,0.0,0.0,0.0,0.0,0.0,0.0,0.0,18678470.0,0.0,0.0,0.0
P09678_9_H4N3Pen1,0.0,0.0,0.0,0.0,0.0,0.0,17759940.0,0.0,0.0,0.0,0.0,0.0,0.0,0.0,0.0,0.0,0.0,0.0
P09975_1003_H3N2F1Pen1,0.0,0.0,0.0,0.0,0.0,0.0,5084578.0,4078464.0,0.0,7712161.0,8060198.0,0.0,0.0,0.0,0.0,0.0,0.0,0.0
P09975_497_H3N2F1Pen1,0.0,0.0,0.0,0.0,0.0,0.0,2619835.0,0.0,0.0,5483855.0,0.0,0.0,0.0,0.0,0.0,0.0,0.0,0.0
P09975_497_H3N3F1Pen1,0.0,0.0,0.0,0.0,0.0,0.0,0.0,0.0,0.0,0.0,0.0,0.0,576141.8,0.0,0.0,4986437.0,0.0,0.0
P09975_497_H3N4F1Pen1,0.0,0.0,0.0,0.0,0.0,0.0,8589321.0,0.0,0.0,17905860.0,0.0,0.0,0.0,0.0,7928851.0,0.0,0.0,24486990.0
P09975_497_H4N4F2Pen1,0.0,0.0,0.0,0.0,0.0,0.0,0.0,0.0,0.0,0.0,0.0,0.0,0.0,0.0,0.0,0.0,0.0,6562020.0
P0C042_317_H4N3F1Pen1,0.0,0.0,0.0,0.0,0.0,0.0,0.0,0.0,0.0,12501840.0,0.0,0.0,0.0,0.0,0.0,0.0,0.0,0.0
P0C043_7_H3N3F1Pen1,0.0,0.0,0.0,0.0,0.0,0.0,0.0,0.0,0.0,10399530.0,0.0,0.0,0.0,0.0,0.0,0.0,0.0,0.0
P0C0X5_369_H9N2,0.0,0.0,2693067.0,0.0,0.0,0.0,0.0,0.0,0.0,0.0,0.0,0.0,0.0,0.0,0.0,0.0,0.0,0.0
P0C1M0_330_H3N2Pen1,0.0,0.0,0.0,0.0,0.0,0.0,0.0,0.0,0.0,0.0,0.0,0.0,1645203.0,0.0,0.0,28596390.0,0.0,0.0
P0C1M0_330_H4N2Pen1,0.0,0.0,0.0,0.0,0.0,0.0,0.0,0.0,173641.0,4813531.0,0.0,4697151.0,0.0,0.0,0.0,6069211.0,0.0,0.0
P0C1M0_330_H6N2,0.0,0.0,0.0,0.0,0.0,0.0,0.0,0.0,0.0,0.0,0.0,0.0,0.0,441406.7,0.0,0.0,1942842.0,0.0
P0C262_1301_H3N2F1Pen1,0.0,0.0,0.0,0.0,0.0,0.0,0.0,0.0,14917940.0,0.0,0.0,11074660.0,0.0,0.0,0.0,0.0,0.0,0.0
P0C262_1301_H3N4F1Pen1,0.0,0.0,12391390.0,0.0,0.0,6543470.0,0.0,0.0,0.0,0.0,0.0,0.0,0.0,0.0,0.0,0.0,0.0,0.0
P0C262_571_H5N4F3Pen1,0.0,0.0,0.0,0.0,0.0,0.0,17889740.0,0.0,0.0,14131370.0,0.0,0.0,0.0,0.0,0.0,0.0,0.0,0.0
P0C262_571_H6N4F2Pen1,0.0,0.0,0.0,0.0,0.0,0.0,15714520.0,0.0,0.0,11058360.0,0.0,0.0,0.0,0.0,0.0,0.0,0.0,0.0
P0C2F6_234_H3N2F1Pen1,0.0,0.0,3826278.0,0.0,0.0,2951666.0,0.0,0.0,0.0,0.0,0.0,0.0,0.0,0.0,0.0,0.0,0.0,0.0
P0C2G4_322_H3N3F1Pen1,0.0,0.0,0.0,0.0,0.0,0.0,0.0,0.0,0.0,0.0,0.0,0.0,2040248.0,0.0,0.0,0.0,0.0,0.0
P0C2G6_304_H4N3F2Pen1,0.0,0.0,0.0,0.0,0.0,0.0,0.0,0.0,0.0,0.0,0.0,0.0,0.0,33577630.0,0.0,0.0,10661370.0,0.0
P0C447_77_H3N2F1Pen1,0.0,0.0,0.0,0.0,0.0,0.0,0.0,0.0,0.0,0.0,0.0,25899560.0,0.0,0.0,0.0,0.0,0.0,0.0
P0C5E2_296_H3N2F1Pen1,0.0,0.0,0.0,0.0,0.0,0.0,0.0,0.0,19907630.0,0.0,0.0,443149.2,0.0,0.0,7691390.0,0.0,0.0,0.0
P0C5E2_296_H3N2Pen1,0.0,0.0,0.0,0.0,3664392.0,0.0,0.0,0.0,0.0,0.0,0.0,0.0,0.0,0.0,0.0,0.0,0.0,0.0
P0C7P8_581_H4N3Pen1,0.0,0.0,21044670.0,0.0,0.0,5136575.0,0.0,0.0,0.0,0.0,0.0,0.0,0.0,0.0,0.0,0.0,0.0,0.0
P0C7Q9_26_H4N4F2Pen1,0.0,0.0,0.0,0.0,0.0,0.0,0.0,7771454.0,0.0,0.0,612473.6,0.0,0.0,0.0,0.0,0.0,0.0,0.0
P0C7Q9_26_H7N2,0.0,0.0,0.0,0.0,0.0,0.0,0.0,13778040.0,0.0,0.0,3851507.0,0.0,0.0,0.0,0.0,0.0,0.0,0.0
P0C7Q9_26_H8N2,0.0,35346210.0,0.0,0.0,9639867.0,0.0,14017360.0,0.0,14784910.0,5028316.0,0.0,5717416.0,52663180.0,0.0,0.0,14715980.0,0.0,0.0
P0C896_11_H7N2,0.0,0.0,0.0,0.0,2467377.0,0.0,0.0,0.0,0.0,0.0,0.0,0.0,0.0,0.0,0.0,0.0,0.0,0.0
P0C896_11_H8N2,0.0,1454939.0,0.0,0.0,5059055.0,0.0,0.0,0.0,0.0,0.0,0.0,0.0,0.0,0.0,0.0,0.0,0.0,0.0
P0C8Q5_219_H3N4F1Pen1,0.0,3351533.0,0.0,0.0,479680.8,0.0,0.0,14604700.0,0.0,0.0,1466542.0,0.0,0.0,0.0,0.0,0.0,0.0,0.0
P0C8R0_307_H3N2F1Pen1,0.0,0.0,0.0,0.0,0.0,0.0,0.0,0.0,0.0,0.0,0.0,0.0,0.0,0.0,0.0,0.0,10484020.0,0.0
P0C8R0_514_H3N3F1Pen1,0.0,0.0,2767996.0,0.0,0.0,10438410.0,0.0,0.0,0.0,0.0,6233842.0,0.0,0.0,0.0,321451.5,0.0,0.0,4739155.0
P0C945_1055_H3N2Pen1,0.0,0.0,0.0,0.0,0.0,0.0,0.0,0.0,0.0,0.0,0.0,0.0,0.0,0.0,0.0,0.0,1298172.0,0.0
P0C945_592_H3N2F1Pen1,0.0,0.0,0.0,0.0,0.0,0.0,0.0,0.0,0.0,0.0,0.0,7606150.0,0.0,0.0,0.0,0.0,0.0,0.0
P0CAP5_435_H8N2,0.0,0.0,0.0,0.0,0.0,0.0,0.0,930016.9,0.0,0.0,36600480.0,0.0,0.0,0.0,0.0,0.0,0.0,0.0
P0CB16_851_H3N3F1Pen1,0.0,0.0,0.0,0.0,0.0,0.0,0.0,24683890.0,0.0,0.0,0.0,0.0,0.0,0.0,0.0,0.0,0.0,0.0
P0CB21_519_H3N2F1Pen1,0.0,0.0,0.0,0.0,0.0,0.0,0.0,0.0,0.0,0.0,0.0,0.0,0.0,0.0,14604790.0,0.0,0.0,3413880.0
P0CB21_519_H3N4F1Pen1,0.0,0.0,0.0,0.0,0.0,0.0,0.0,0.0,0.0,0.0,0.0,0.0,0.0,0.0,0.0,11930360.0,0.0,0.0
P0CB22_1059_H4N4F2Pen1,0.0,0.0,0.0,0.0,0.0,0.0,0.0,0.0,16238500.0,0.0,0.0,751323.5,0.0,0.0,0.0,0.0,0.0,0.0
P0CB23_692_H3N2F1Pen1,0.0,0.0,0.0,0.0,0.0,0.0,397405.9,0.0,0.0,6877090.0,0.0,0.0,0.0,0.0,0.0,0.0,0.0,0.0
P0CB23_692_H3N4F1Pen1,0.0,0.0,0.0,0.0,0.0,0.0,0.0,2221145.0,0.0,0.0,8572066.0,0.0,0.0,0.0,0.0,0.0,0.0,0.0
P0CB23_692_H4N4Pen1,0.0,0.0,0.0,0.0,0.0,0.0,0.0,0.0,0.0,0.0,0.0,35768580.0,0.0,0.0,0.0,0.0,0.0,28608750.0
P0CJ65_150_H3N2F1Pen1,0.0,0.0,0.0,0.0,0.0,0.0,0.0,18443350.0,0.0,0.0,0.0,0.0,0.0,0.0,0.0,0.0,0.0,0.0
P0DH64_236_H3N2F1Pen1,0.0,0.0,0.0,0.0,0.0,0.0,0.0,0.0,0.0,0.0,4720844.0,0.0,0.0,0.0,0.0,0.0,0.0,0.0
P0DH64_247_H2N2F1Pen1,0.0,15169730.0,0.0,0.0,685477.5,0.0,0.0,0.0,0.0,0.0,0.0,0.0,0.0,0.0,0.0,0.0,0.0,0.0
P0DH64_247_H3N2F1Pen1,14648910.0,0.0,0.0,1212878.0,0.0,0.0,0.0,37006490.0,0.0,0.0,1585684.0,0.0,0.0,0.0,20595600.0,0.0,0.0,1347773.0
P0DH64_247_H4N4F1Pen1,0.0,0.0,0.0,0.0,0.0,0.0,0.0,0.0,3888945.0,0.0,0.0,0.0,0.0,0.0,0.0,0.0,0.0,0.0
P0DH64_247_H4N4F2Pen1,0.0,0.0,3731436.0,0.0,0.0,528249.4,0.0,0.0,0.0,0.0,0.0,0.0,0.0,0.0,0.0,0.0,0.0,0.0
P0DH85_383_H4N3,0.0,0.0,0.0,0.0,0.0,0.0,0.0,0.0,0.0,71060550.0,94862540.0,0.0,0.0,0.0,0.0,0.0,0.0,0.0
P0DI78_114_H3N2F1Pen1,0.0,0.0,18683980.0,0.0,0.0,957672.0,0.0,0.0,0.0,0.0,0.0,0.0,0.0,0.0,0.0,0.0,0.0,0.0
P0DKC0_476_H3N4F1Pen1,0.0,0.0,339302.1,0.0,0.0,3980078.0,0.0,0.0,0.0,0.0,0.0,0.0,0.0,0.0,0.0,0.0,0.0,0.0
P0DKC3_58_H3N2F1Pen1,0.0,0.0,0.0,0.0,0.0,0.0,0.0,0.0,24906600.0,0.0,0.0,47391740.0,0.0,0.0,0.0,0.0,0.0,0.0
P0DKH3_82_H3N4F1Pen1,0.0,0.0,0.0,0.0,0.0,0.0,0.0,0.0,0.0,0.0,18282480.0,0.0,0.0,0.0,0.0,0.0,0.0,0.0
P0DKI7_746_H3N4F1Pen1,0.0,29171200.0,0.0,0.0,19387660.0,0.0,0.0,0.0,0.0,0.0,0.0,0.0,0.0,0.0,0.0,0.0,0.0,0.0
P0DKI7_746_H3N4Pen1,0.0,0.0,8341062.0,0.0,0.0,4976844.0,0.0,0.0,0.0,0.0,0.0,0.0,0.0,0.0,0.0,0.0,0.0,0.0
P0DKI7_746_H4N4F1Pen1,0.0,0.0,0.0,0.0,0.0,0.0,5886404.0,0.0,0.0,14722490.0,0.0,0.0,0.0,0.0,0.0,0.0,0.0,0.0
P0DKI7_746_H4N4F2Pen1,0.0,0.0,0.0,0.0,0.0,0.0,8685838.0,0.0,0.0,20878130.0,0.0,0.0,0.0,0.0,0.0,0.0,0.0,0.0
P0DKI7_746_H4N4Pen1,3153373.0,0.0,0.0,4780211.0,0.0,0.0,0.0,0.0,0.0,0.0,0.0,0.0,0.0,0.0,0.0,0.0,0.0,0.0
P0DKI7_746_H5N4F1Pen1,0.0,0.0,0.0,0.0,0.0,0.0,0.0,1869806.0,0.0,0.0,10214350.0,0.0,0.0,0.0,0.0,0.0,6794097.0,0.0
P0DKI7_746_H5N4F2Pen1,0.0,0.0,0.0,0.0,0.0,0.0,0.0,0.0,0.0,0.0,4135504.0,0.0,0.0,0.0,0.0,0.0,0.0,0.0
P0DKJ5_285_H7N2,0.0,0.0,0.0,0.0,0.0,0.0,0.0,0.0,6793510.0,0.0,0.0,1610634.0,0.0,0.0,0.0,0.0,0.0,0.0
P0DKL2_830_H4N2Pen1,0.0,0.0,0.0,0.0,0.0,0.0,7364428.0,0.0,0.0,2476485.0,0.0,0.0,0.0,0.0,0.0,0.0,0.0,0.0
P0DKL2_830_H8N2,0.0,0.0,0.0,0.0,0.0,0.0,0.0,0.0,50783250.0,0.0,0.0,5671132.0,0.0,0.0,0.0,0.0,0.0,0.0
P0DMS1_343_H3N2F1Pen1,0.0,0.0,0.0,0.0,0.0,0.0,6113323.0,0.0,0.0,1141403.0,0.0,0.0,0.0,0.0,0.0,0.0,0.0,0.0
P0DMS1_343_H3N4F1Pen1,0.0,0.0,0.0,0.0,0.0,0.0,0.0,0.0,0.0,0.0,0.0,0.0,0.0,14954980.0,0.0,0.0,4283034.0,0.0
P0DN92_122_H3N2F1Pen1,0.0,0.0,0.0,0.0,0.0,0.0,0.0,0.0,0.0,0.0,0.0,0.0,0.0,0.0,0.0,10804040.0,0.0,0.0
P0DO14_282_H5N3F1Pen1,0.0,0.0,1591181.0,0.0,0.0,408305.0,0.0,0.0,0.0,0.0,0.0,0.0,1405536.0,0.0,0.0,517479.6,0.0,0.0
P0DO24_223_H8N2,0.0,0.0,3232539.0,0.0,0.0,449725.4,0.0,0.0,0.0,0.0,0.0,0.0,0.0,0.0,0.0,0.0,0.0,0.0
P10537_254_H3N2F1Pen1,0.0,0.0,23069470.0,0.0,0.0,16234770.0,0.0,0.0,0.0,0.0,0.0,0.0,0.0,0.0,0.0,0.0,0.0,0.0
P10537_254_H7N2,0.0,0.0,0.0,0.0,0.0,0.0,358500.5,0.0,0.0,14488130.0,0.0,0.0,0.0,0.0,0.0,0.0,0.0,0.0
P10579_54_H3N3F1Pen1,0.0,0.0,0.0,0.0,0.0,0.0,0.0,0.0,1325731.0,0.0,0.0,11506380.0,0.0,0.0,0.0,0.0,0.0,0.0
P10581_122_H6N2,0.0,0.0,0.0,0.0,0.0,0.0,0.0,0.0,0.0,0.0,0.0,0.0,379241.8,0.0,0.0,10780440.0,0.0,0.0
P10582_106_H3N2F1Pen1,0.0,0.0,0.0,0.0,0.0,0.0,0.0,0.0,0.0,0.0,0.0,23392290.0,0.0,0.0,0.0,0.0,0.0,0.0
P10582_106_H6N2,0.0,0.0,0.0,0.0,0.0,0.0,14428150.0,0.0,0.0,0.0,0.0,0.0,0.0,0.0,0.0,0.0,0.0,0.0
P10742_126_H7N2,0.0,0.0,0.0,0.0,0.0,0.0,0.0,0.0,0.0,0.0,0.0,0.0,1465841.0,0.0,0.0,4132926.0,0.0,0.0
P10748_388_H3N2F1Pen1,24350760.0,0.0,0.0,0.0,0.0,0.0,0.0,36258400.0,0.0,0.0,252803.8,0.0,0.0,0.0,0.0,0.0,0.0,0.0
P11043_465_H3N2F1Pen1,0.0,0.0,0.0,0.0,0.0,0.0,4495761.0,0.0,0.0,966200.6,0.0,0.0,0.0,0.0,0.0,0.0,0.0,0.0
P11140_454_H8N2,3575099.0,3672484.0,0.0,609088.7,149578.1,0.0,0.0,14486280.0,4462171.0,0.0,0.0,0.0,0.0,0.0,29051410.0,0.0,0.0,0.0
P11574_227_H3N2F1Pen1,0.0,0.0,1578764.0,0.0,0.0,0.0,0.0,0.0,0.0,0.0,0.0,0.0,0.0,0.0,0.0,0.0,0.0,0.0
P11829_36_H3N2F1Pen1,0.0,0.0,0.0,0.0,0.0,0.0,63086750.0,0.0,0.0,0.0,0.0,0.0,22641960.0,0.0,0.0,0.0,0.0,0.0
P11829_36_H3N3F1Pen1,0.0,0.0,0.0,0.0,0.0,0.0,0.0,0.0,29294120.0,0.0,0.0,3452379.0,0.0,0.0,0.0,0.0,0.0,0.0
P12196_56_H3N4F1Pen1,16477050.0,0.0,0.0,18962820.0,0.0,0.0,0.0,7066145.0,0.0,0.0,18126420.0,0.0,12969530.0,0.0,0.0,16747290.0,0.0,0.0
P12196_56_H4N4F2Pen1,0.0,938775.8,4101877.0,0.0,11963570.0,11015550.0,6881390.0,0.0,11392180.0,25352010.0,0.0,21621150.0,2836160.0,5495874.0,0.0,27913880.0,30009460.0,0.0
P12221_499_H3N3F1Pen1,0.0,0.0,0.0,0.0,0.0,0.0,0.0,0.0,0.0,0.0,0.0,0.0,2103508.0,2591255.0,0.0,576594.0,0.0,0.0
P12223_248_H3N2F1Pen1,0.0,0.0,0.0,0.0,0.0,0.0,0.0,0.0,0.0,0.0,0.0,0.0,0.0,0.0,0.0,0.0,0.0,14052550.0
P12223_248_H4N4F1Pen1,0.0,0.0,0.0,0.0,0.0,0.0,0.0,0.0,0.0,0.0,0.0,2407515.0,0.0,249617.2,0.0,0.0,3308326.0,0.0
P12227_305_H3N2F1Pen1,0.0,0.0,0.0,0.0,0.0,0.0,0.0,0.0,30212380.0,0.0,0.0,1743258.0,0.0,0.0,24750720.0,0.0,0.0,1651514.0
P12227_305_H3N3F1Pen1,0.0,0.0,0.0,0.0,0.0,0.0,0.0,3977157.0,0.0,0.0,0.0,0.0,0.0,0.0,2594564.0,0.0,0.0,0.0
P12227_672_H3N2F1Pen1,11133670.0,0.0,0.0,0.0,0.0,0.0,0.0,0.0,0.0,0.0,0.0,0.0,0.0,0.0,0.0,0.0,0.0,0.0
P12227_672_H3N4F1Pen1,0.0,0.0,0.0,0.0,6618525.0,0.0,0.0,263242.6,0.0,0.0,14009010.0,0.0,0.0,0.0,0.0,0.0,0.0,0.0
P12227_962_H3N4F1Pen1,0.0,0.0,0.0,0.0,0.0,0.0,0.0,0.0,0.0,0.0,0.0,0.0,0.0,0.0,0.0,39761500.0,0.0,0.0
P12359_30_H7N2,0.0,0.0,2229175.0,0.0,0.0,581710.1,0.0,0.0,0.0,0.0,0.0,0.0,0.0,0.0,0.0,0.0,0.0,0.0
P12359_30_H8N2,0.0,3695565.0,13317240.0,0.0,0.0,0.0,12878090.0,0.0,0.0,0.0,0.0,0.0,0.0,0.0,0.0,0.0,0.0,0.0
P13869_23_H3N2F1Pen1,0.0,0.0,0.0,0.0,0.0,0.0,0.0,0.0,0.0,0.0,0.0,0.0,0.0,0.0,0.0,0.0,63930160.0,0.0
P14166_179_H6N2,0.0,0.0,3669387.0,0.0,0.0,0.0,0.0,0.0,0.0,0.0,0.0,0.0,0.0,0.0,0.0,0.0,0.0,0.0
P14671_159_H8N2,2050036.0,0.0,0.0,4795311.0,0.0,0.0,0.0,0.0,0.0,0.0,0.0,0.0,0.0,0.0,0.0,0.0,0.0,0.0
P14673_229_H3N2F1Pen1,0.0,6007336.0,3866049.0,0.0,269371.4,315242.2,0.0,0.0,0.0,0.0,0.0,0.0,0.0,0.0,0.0,0.0,0.0,0.0
P14710_29_H6N2,0.0,0.0,196391.8,0.0,0.0,5493598.0,0.0,0.0,0.0,0.0,0.0,0.0,0.0,0.0,0.0,0.0,0.0,0.0
P14714_730_H3N2F1Pen1,0.0,59059150.0,0.0,0.0,0.0,0.0,0.0,0.0,0.0,0.0,0.0,0.0,0.0,0.0,0.0,0.0,0.0,0.0
P14714_730_H3N2Pen1,0.0,0.0,0.0,0.0,0.0,0.0,0.0,0.0,0.0,0.0,0.0,0.0,8386073.0,0.0,0.0,0.0,0.0,0.0
P14714_730_H3N3F1Pen1,0.0,0.0,0.0,0.0,0.0,0.0,29837490.0,0.0,0.0,0.0,0.0,0.0,0.0,0.0,0.0,0.0,0.0,0.0
P14714_730_H5N4F2Pen1,0.0,0.0,0.0,0.0,0.0,0.0,0.0,0.0,0.0,0.0,0.0,0.0,0.0,0.0,3012911.0,0.0,0.0,0.0
P14714_730_H9N2,0.0,0.0,0.0,0.0,0.0,0.0,0.0,0.0,0.0,0.0,0.0,0.0,2113926.0,0.0,0.0,189425.9,0.0,0.0
P14749_145_H3N4F1Pen1,0.0,0.0,8450148.0,0.0,0.0,0.0,0.0,0.0,0.0,0.0,0.0,0.0,0.0,0.0,0.0,0.0,0.0,0.0
P14856_447_H3N3Pen1,8525977.0,7895968.0,0.0,3645685.0,4126426.0,0.0,0.0,15873170.0,5312476.0,0.0,11995010.0,5159255.0,4685217.0,0.0,4568968.0,10940910.0,0.0,11108670.0
P14856_447_H4N3Pen1,0.0,0.0,0.0,0.0,4373916.0,0.0,0.0,0.0,0.0,0.0,0.0,0.0,0.0,0.0,0.0,0.0,0.0,0.0
P14856_447_H6N2,0.0,0.0,10841150.0,0.0,0.0,5049832.0,17722730.0,0.0,0.0,14509430.0,0.0,0.0,0.0,0.0,6985263.0,0.0,0.0,14840110.0
P14856_447_H7N2,28880610.0,0.0,0.0,18557400.0,0.0,0.0,34583770.0,0.0,30776560.0,41452690.0,0.0,41464590.0,15600210.0,0.0,18378120.0,41409110.0,0.0,50810360.0
P14856_447_H8N2,228777000.0,0.0,151513500.0,137560000.0,0.0,106129700.0,0.0,128624800.0,0.0,0.0,169514800.0,0.0,73621940.0,71741320.0,0.0,169342100.0,198345800.0,0.0
P14856_4_H3N3F1Pen1,143439600.0,0.0,0.0,66937810.0,0.0,0.0,0.0,0.0,0.0,0.0,0.0,0.0,0.0,0.0,0.0,0.0,0.0,0.0
P14856_4_H3N3Pen1,0.0,0.0,0.0,0.0,0.0,0.0,11834810.0,0.0,0.0,8393247.0,0.0,0.0,0.0,0.0,0.0,0.0,0.0,0.0
P14856_4_H4N3Pen1,0.0,0.0,0.0,0.0,0.0,35697240.0,0.0,0.0,0.0,0.0,0.0,0.0,0.0,0.0,0.0,0.0,0.0,0.0
P14856_4_H9N2,0.0,0.0,0.0,0.0,0.0,0.0,2794886.0,0.0,0.0,0.0,0.0,0.0,0.0,0.0,0.0,0.0,0.0,0.0
P15268_433_H3N4F1Pen1,0.0,3046652.0,0.0,0.0,252052.0,0.0,0.0,0.0,0.0,0.0,0.0,0.0,0.0,0.0,0.0,0.0,0.0,0.0
P15479_344_H3N2Pen1,0.0,0.0,0.0,0.0,0.0,0.0,0.0,0.0,0.0,0.0,0.0,0.0,4330378.0,0.0,0.0,0.0,0.0,0.0
P15479_76_H3N2F1Pen1,0.0,0.0,0.0,7222930.0,0.0,0.0,0.0,0.0,0.0,0.0,0.0,0.0,0.0,0.0,0.0,0.0,0.0,0.0
P15688_37_H4N3F2Pen1,0.0,0.0,0.0,0.0,0.0,0.0,0.0,0.0,392339.1,0.0,0.0,12736200.0,0.0,0.0,0.0,0.0,0.0,0.0
P15821_62_H4N3Pen1,0.0,0.0,0.0,0.0,17982160.0,0.0,0.0,0.0,0.0,0.0,0.0,0.0,0.0,0.0,0.0,0.0,0.0,0.0
P16031_61_H6N2,13260780.0,21466700.0,0.0,9889649.0,19236940.0,0.0,0.0,24669990.0,0.0,0.0,27057010.0,0.0,0.0,0.0,0.0,0.0,0.0,0.0
P16031_61_H8N2,0.0,0.0,0.0,0.0,0.0,0.0,0.0,0.0,0.0,0.0,0.0,0.0,0.0,0.0,0.0,0.0,0.0,2518836.0
P17069_344_H3N2F1Pen1,0.0,0.0,0.0,0.0,0.0,0.0,0.0,0.0,0.0,0.0,0.0,0.0,849572.3,0.0,0.0,8549804.0,0.0,0.0
P17092_51_H3N4F1Pen1,0.0,0.0,0.0,0.0,0.0,0.0,17657440.0,0.0,0.0,2027753.0,0.0,0.0,0.0,0.0,0.0,0.0,0.0,0.0
P17092_51_H4N4Pen1,0.0,0.0,0.0,0.0,0.0,0.0,0.0,0.0,0.0,0.0,0.0,0.0,0.0,39927210.0,0.0,0.0,3000177.0,0.0
P17093_64_H4N4F2Pen1,0.0,0.0,0.0,0.0,0.0,0.0,0.0,0.0,695820.4,0.0,0.0,13511650.0,0.0,0.0,0.0,0.0,0.0,0.0
P17597_43_H3N2F1Pen1,0.0,0.0,0.0,0.0,0.0,0.0,0.0,4302071.0,0.0,0.0,0.0,0.0,0.0,0.0,0.0,0.0,0.0,0.0
P17654_271_H8N2,0.0,6549785.0,0.0,0.0,173214.7,0.0,0.0,0.0,0.0,0.0,0.0,0.0,0.0,0.0,0.0,0.0,0.0,0.0
P17801_691_H3N2Pen1,0.0,0.0,234243.3,0.0,0.0,1938736.0,0.0,0.0,0.0,0.0,0.0,0.0,0.0,0.0,0.0,0.0,0.0,0.0
P17815_420_H8N2,0.0,0.0,0.0,0.0,0.0,0.0,0.0,0.0,0.0,2624472.0,0.0,0.0,281008.1,0.0,761166.2,3458730.0,0.0,3205025.0
P17841_111_H7N2,0.0,0.0,0.0,2434211.0,0.0,0.0,0.0,0.0,0.0,0.0,0.0,0.0,0.0,0.0,0.0,0.0,0.0,0.0
P17841_111_H8N2,0.0,0.0,0.0,0.0,5137337.0,4672776.0,0.0,0.0,0.0,0.0,0.0,0.0,0.0,0.0,0.0,0.0,0.0,0.0
P17841_111_H9N2,0.0,0.0,0.0,10969530.0,0.0,0.0,0.0,0.0,0.0,0.0,13423500.0,0.0,0.0,0.0,0.0,2788581.0,0.0,0.0
P18064_99_H3N2F1Pen1,34645670.0,0.0,0.0,0.0,0.0,0.0,0.0,0.0,0.0,0.0,0.0,0.0,0.0,0.0,0.0,0.0,0.0,0.0
P18064_99_H3N2Pen1,0.0,0.0,2677985.0,0.0,0.0,0.0,0.0,0.0,0.0,0.0,0.0,0.0,0.0,0.0,0.0,0.0,0.0,0.0
P18064_99_H3N4F1Pen1,0.0,48420810.0,0.0,0.0,4159080.0,0.0,0.0,0.0,0.0,0.0,0.0,0.0,0.0,0.0,0.0,0.0,0.0,0.0
P18566_38_H3N2F1Pen1,0.0,0.0,0.0,0.0,0.0,0.0,0.0,0.0,0.0,0.0,0.0,0.0,0.0,1271884.0,0.0,0.0,16207330.0,0.0
P19172_3_H2N3F2Pen1,0.0,0.0,0.0,0.0,0.0,0.0,0.0,20725600.0,0.0,0.0,0.0,0.0,0.0,0.0,0.0,0.0,0.0,0.0
P19456_644_H9N2,1015397.0,0.0,0.0,19969900.0,0.0,0.0,0.0,0.0,0.0,0.0,0.0,0.0,0.0,0.0,0.0,0.0,0.0,0.0
P20144_12_H3N2F1Pen1,0.0,0.0,0.0,0.0,0.0,0.0,0.0,0.0,0.0,0.0,0.0,0.0,4949508.0,0.0,0.0,1011571.0,0.0,0.0
P20904_14_H3N2F1Pen1,11422190.0,0.0,0.0,0.0,0.0,0.0,0.0,22251860.0,0.0,0.0,0.0,0.0,0.0,0.0,11490220.0,0.0,0.0,0.0
P20973_506_H3N2Pen1,0.0,0.0,2235378.0,0.0,0.0,0.0,0.0,6376918.0,0.0,0.0,0.0,0.0,0.0,2840830.0,0.0,0.0,0.0,0.0
P21216_21_H3N2F1Pen1,0.0,0.0,0.0,0.0,0.0,0.0,0.0,0.0,0.0,36109270.0,0.0,0.0,247324.8,0.0,0.0,8583449.0,0.0,0.0
P21216_21_H3N4F1Pen1,0.0,0.0,3365143.0,0.0,0.0,27016770.0,0.0,0.0,1641841.0,0.0,0.0,7930705.0,1648069.0,0.0,0.0,10764020.0,0.0,0.0
P21216_21_H5N3F1Pen1,0.0,0.0,0.0,0.0,0.0,0.0,0.0,0.0,0.0,0.0,0.0,0.0,0.0,0.0,0.0,0.0,0.0,4813644.0
P22275_223_H2N2F1Pen1,0.0,0.0,7850028.0,0.0,0.0,399069.4,0.0,0.0,0.0,0.0,0.0,0.0,0.0,0.0,0.0,0.0,0.0,0.0
P22552_180_H3N4F1Pen1,0.0,0.0,0.0,0.0,0.0,0.0,0.0,0.0,0.0,0.0,0.0,0.0,0.0,7073933.0,0.0,0.0,0.0,0.0
P23326_46_H3N3F1Pen1,4053260.0,0.0,0.0,6379518.0,0.0,0.0,0.0,7897555.0,0.0,0.0,5985821.0,0.0,0.0,0.0,0.0,0.0,0.0,0.0
P23339_44_H3N4F1Pen1,0.0,0.0,0.0,0.0,0.0,0.0,0.0,1620871.0,0.0,0.0,13691760.0,0.0,0.0,0.0,0.0,0.0,0.0,0.0
P23339_44_H6N2,0.0,0.0,0.0,0.0,0.0,0.0,0.0,0.0,0.0,0.0,0.0,0.0,3978471.0,0.0,0.0,28080830.0,0.0,0.0
P23339_44_H7N2,0.0,0.0,0.0,0.0,0.0,0.0,0.0,0.0,0.0,0.0,0.0,0.0,0.0,0.0,0.0,26329540.0,0.0,0.0
P23922_291_H4N3F1Pen1,0.0,0.0,0.0,0.0,0.0,0.0,0.0,0.0,4369662.0,0.0,0.0,0.0,0.0,0.0,0.0,0.0,0.0,0.0
P23922_291_H5N3F1Pen1,0.0,0.0,0.0,0.0,0.0,0.0,23465840.0,0.0,0.0,3949681.0,0.0,0.0,0.0,0.0,0.0,0.0,0.0,0.0
P24095_797_H3N2F1Pen1,2417296.0,0.0,0.0,0.0,0.0,0.0,0.0,0.0,0.0,0.0,0.0,0.0,0.0,0.0,0.0,0.0,0.0,0.0
P24095_797_H3N4F1Pen1,0.0,0.0,0.0,0.0,0.0,0.0,0.0,0.0,0.0,0.0,20435930.0,0.0,0.0,0.0,0.0,0.0,0.0,0.0
P24095_797_H3N4Pen1,0.0,0.0,0.0,0.0,5798108.0,0.0,0.0,0.0,0.0,0.0,0.0,5688382.0,0.0,0.0,0.0,0.0,0.0,0.0
P24095_797_H4N4F2Pen1,0.0,0.0,0.0,0.0,16348790.0,0.0,0.0,0.0,0.0,0.0,0.0,11276430.0,0.0,0.0,0.0,0.0,0.0,0.0
P24095_797_H5N4F3Pen1,0.0,0.0,0.0,0.0,6436598.0,0.0,0.0,0.0,0.0,0.0,0.0,0.0,0.0,0.0,0.0,0.0,0.0,0.0
P24101_317_H7N2,0.0,0.0,0.0,0.0,0.0,0.0,0.0,0.0,0.0,0.0,0.0,0.0,7848755.0,0.0,0.0,432106.5,0.0,0.0
P24101_317_H8N2,0.0,0.0,0.0,0.0,0.0,0.0,25997120.0,0.0,0.0,4391386.0,0.0,0.0,0.0,0.0,0.0,0.0,0.0,0.0
P24101_317_H9N2,0.0,0.0,4013348.0,0.0,0.0,377816.6,0.0,0.0,0.0,0.0,0.0,0.0,0.0,0.0,14579200.0,0.0,0.0,0.0
P24102_187_H4N2F1Pen1,0.0,0.0,0.0,0.0,0.0,0.0,8263383.0,0.0,0.0,1610463.0,0.0,0.0,0.0,0.0,0.0,0.0,0.0,0.0
P24396_37_H4N4F2Pen1,0.0,0.0,0.0,0.0,0.0,0.0,0.0,14374420.0,0.0,0.0,307439.1,0.0,0.0,0.0,0.0,0.0,0.0,0.0
P24396_37_H8N2,0.0,0.0,0.0,0.0,0.0,0.0,0.0,0.0,0.0,0.0,0.0,0.0,0.0,0.0,3385912.0,0.0,0.0,1453763.0
P24481_610_H3N4F1Pen1,0.0,3987633.0,0.0,0.0,794977.4,0.0,0.0,0.0,2924342.0,0.0,0.0,1085339.0,0.0,0.0,0.0,0.0,0.0,0.0
P24548_94_H3N3F1Pen1,0.0,0.0,0.0,0.0,0.0,15662120.0,0.0,0.0,0.0,0.0,0.0,0.0,0.0,0.0,0.0,0.0,0.0,0.0
P24571_419_H8N2,0.0,0.0,0.0,0.0,0.0,0.0,0.0,0.0,3334728.0,0.0,0.0,279389.8,0.0,0.0,4934989.0,0.0,0.0,2004195.0
P24846_79_H3N2F1Pen1,0.0,0.0,23197210.0,0.0,0.0,87156250.0,0.0,0.0,18001220.0,0.0,0.0,60045250.0,0.0,0.0,0.0,0.0,0.0,0.0
P24846_79_H3N2Pen1,0.0,0.0,0.0,0.0,0.0,0.0,21756740.0,0.0,0.0,56135750.0,0.0,0.0,0.0,0.0,0.0,0.0,0.0,0.0
P24846_79_H3N3F1Pen1,0.0,0.0,3284050.0,0.0,0.0,11321400.0,0.0,0.0,0.0,0.0,0.0,0.0,0.0,0.0,0.0,0.0,0.0,0.0
P24846_79_H3N4F1Pen1,0.0,0.0,0.0,0.0,0.0,0.0,0.0,0.0,0.0,5378792.0,0.0,0.0,0.0,0.0,0.0,0.0,0.0,0.0
P24846_79_H4N2Pen1,0.0,2431272.0,0.0,0.0,5118979.0,0.0,0.0,1472916.0,0.0,0.0,4656805.0,0.0,0.0,0.0,0.0,0.0,0.0,0.0
P24846_79_H4N3F1Pen1,0.0,0.0,2106114.0,0.0,0.0,7368434.0,0.0,0.0,0.0,0.0,0.0,0.0,0.0,0.0,0.0,0.0,0.0,0.0
P24846_79_H4N3Pen1,0.0,311968.7,0.0,0.0,3615206.0,0.0,0.0,2488471.0,0.0,0.0,16963150.0,0.0,0.0,0.0,0.0,0.0,0.0,0.0
P24846_79_H4N4F1Pen1,0.0,2008869.0,0.0,0.0,10505920.0,0.0,0.0,0.0,0.0,0.0,0.0,0.0,0.0,0.0,0.0,0.0,0.0,0.0
P24846_79_H5N2,0.0,0.0,0.0,0.0,0.0,0.0,0.0,0.0,0.0,0.0,0.0,0.0,13913320.0,0.0,0.0,9904944.0,0.0,0.0
P24846_79_H5N3Pen1,0.0,1049910.0,0.0,0.0,5005676.0,0.0,0.0,0.0,0.0,0.0,0.0,0.0,0.0,0.0,0.0,0.0,0.0,0.0
P24846_79_H6N2,0.0,3395843.0,0.0,0.0,2916988.0,0.0,0.0,0.0,0.0,0.0,0.0,0.0,0.0,0.0,0.0,0.0,0.0,0.0
P24846_79_H6N4F1Pen1,0.0,0.0,1288298.0,0.0,0.0,6811271.0,0.0,3297381.0,0.0,0.0,15457820.0,0.0,0.0,0.0,0.0,0.0,0.0,0.0
P24846_79_H6N4F2Pen1,0.0,0.0,0.0,0.0,0.0,0.0,0.0,0.0,0.0,0.0,0.0,0.0,0.0,0.0,5554401.0,0.0,0.0,21429500.0
P25032_289_H3N3F1Pen1,0.0,0.0,0.0,0.0,0.0,0.0,0.0,0.0,0.0,0.0,0.0,0.0,0.0,0.0,0.0,0.0,0.0,3679034.0
P25083_48_H8N2,0.0,0.0,0.0,0.0,0.0,0.0,0.0,0.0,15422270.0,0.0,0.0,3807883.0,0.0,0.0,0.0,0.0,0.0,0.0
P25248_329_H3N3F1Pen1,0.0,0.0,0.0,0.0,0.0,0.0,0.0,0.0,0.0,0.0,0.0,0.0,0.0,0.0,0.0,0.0,0.0,7085678.0
P25702_36_H3N2F1Pen1,9103772.0,0.0,8083891.0,1912864.0,0.0,1355752.0,0.0,0.0,0.0,0.0,0.0,0.0,0.0,0.0,0.0,0.0,0.0,0.0
P25777_341_H3N2Pen1,0.0,0.0,0.0,0.0,0.0,0.0,0.0,0.0,483237.7,0.0,0.0,3889445.0,0.0,0.0,0.0,0.0,0.0,0.0
P25778_258_H6N2,0.0,0.0,0.0,0.0,0.0,0.0,2603771.0,0.0,0.0,494441.8,0.0,0.0,1083151.0,0.0,3540556.0,4806212.0,0.0,4278712.0
P25778_258_H7N2,0.0,0.0,0.0,0.0,0.0,0.0,0.0,0.0,0.0,0.0,0.0,0.0,665088.6,0.0,1800583.0,4088731.0,0.0,3361954.0
P25778_258_H8N2,0.0,0.0,0.0,0.0,0.0,0.0,0.0,0.0,0.0,0.0,0.0,0.0,0.0,0.0,1329778.0,0.0,0.0,4649141.0
P25848_1169_H7N3,0.0,0.0,0.0,0.0,0.0,0.0,0.0,0.0,0.0,0.0,0.0,0.0,0.0,0.0,2112472.0,0.0,0.0,5165774.0
P25848_1169_H8N2,0.0,0.0,0.0,0.0,0.0,0.0,0.0,0.0,5166248.0,0.0,0.0,1122725.0,0.0,0.0,0.0,0.0,0.0,0.0
P25863_91_H3N2F1Pen1,0.0,0.0,0.0,0.0,0.0,0.0,15900940.0,0.0,0.0,0.0,0.0,0.0,0.0,0.0,0.0,0.0,0.0,0.0
P25863_91_H3N4F1Pen1,0.0,21265750.0,0.0,0.0,11964180.0,0.0,27487940.0,31174800.0,0.0,1012671.0,2615781.0,0.0,0.0,0.0,0.0,0.0,0.0,0.0
P25863_91_H4N4F2Pen1,0.0,8404925.0,0.0,0.0,7043276.0,0.0,0.0,0.0,0.0,0.0,0.0,0.0,0.0,0.0,0.0,0.0,0.0,0.0
P25863_91_H5N3F1Pen1,0.0,0.0,7542297.0,0.0,0.0,2842072.0,5313025.0,0.0,0.0,264176.9,0.0,0.0,0.0,0.0,0.0,0.0,0.0,0.0
P25863_91_H7N2,4159043.0,0.0,0.0,0.0,0.0,0.0,4898437.0,0.0,0.0,0.0,0.0,0.0,0.0,0.0,0.0,0.0,0.0,0.0
P25872_441_H3N2F1Pen1,0.0,14985450.0,0.0,0.0,61926460.0,0.0,5252631.0,0.0,0.0,38649260.0,0.0,0.0,0.0,0.0,0.0,0.0,0.0,0.0
P25872_441_H4N2Pen1,0.0,3603989.0,0.0,0.0,12130080.0,0.0,0.0,0.0,0.0,0.0,0.0,0.0,0.0,0.0,0.0,0.0,0.0,0.0
P25998_143_H7N2,0.0,0.0,0.0,0.0,0.0,0.0,0.0,0.0,0.0,0.0,0.0,0.0,0.0,1029997.0,0.0,0.0,4466642.0,0.0
P26307_182_H3N2F1Pen1,0.0,0.0,0.0,0.0,0.0,0.0,0.0,0.0,0.0,0.0,0.0,0.0,0.0,0.0,4431442.0,0.0,0.0,9713928.0
P26859_26_H3N2F1Pen1,14384100.0,0.0,0.0,8251609.0,0.0,0.0,0.0,0.0,0.0,0.0,0.0,0.0,0.0,0.0,0.0,0.0,0.0,0.0
P26859_67_H3N2F1Pen1,0.0,0.0,0.0,0.0,0.0,0.0,0.0,0.0,10647540.0,0.0,0.0,815595.1,0.0,0.0,0.0,0.0,0.0,0.0
P26859_67_H3N3F1Pen1,0.0,0.0,0.0,0.0,0.0,0.0,0.0,0.0,0.0,0.0,0.0,0.0,6224364.0,0.0,0.0,878264.5,0.0,0.0
P26859_67_H5N4F1Pen1,0.0,0.0,0.0,0.0,0.0,0.0,3995490.0,0.0,0.0,0.0,0.0,0.0,0.0,0.0,0.0,0.0,0.0,0.0
P27164_165_H4N2Pen1,0.0,0.0,544211.5,0.0,0.0,25081490.0,0.0,0.0,0.0,0.0,0.0,0.0,0.0,0.0,0.0,0.0,0.0,0.0
P27754_15_H3N2Pen1,0.0,0.0,0.0,0.0,0.0,0.0,0.0,0.0,2113882.0,0.0,0.0,758919.3,0.0,0.0,0.0,0.0,0.0,0.0
P27783_525_H7N2,4386458.0,0.0,0.0,0.0,0.0,0.0,0.0,0.0,0.0,0.0,0.0,0.0,0.0,0.0,0.0,0.0,0.0,0.0
P27898_69_H6N3,0.0,0.0,0.0,0.0,0.0,0.0,6249975.0,0.0,0.0,0.0,0.0,0.0,0.0,0.0,0.0,0.0,0.0,0.0
P27991_609_H3N2F1Pen1,0.0,0.0,0.0,0.0,0.0,0.0,0.0,0.0,0.0,0.0,0.0,0.0,2149224.0,0.0,0.0,9474214.0,0.0,0.0
P28187_176_H3N2F1Pen1,0.0,0.0,0.0,0.0,0.0,0.0,0.0,0.0,13772260.0,0.0,0.0,858145.2,0.0,0.0,0.0,0.0,0.0,0.0
P28187_176_H8N2,0.0,0.0,0.0,0.0,0.0,0.0,0.0,0.0,9433525.0,0.0,0.0,1094026.0,0.0,0.0,0.0,0.0,0.0,0.0
P28413_232_H3N2F1Pen1,0.0,0.0,0.0,0.0,124726400.0,0.0,0.0,0.0,0.0,0.0,0.0,0.0,0.0,0.0,0.0,0.0,0.0,0.0
P28413_232_H7N2,0.0,0.0,3361951.0,0.0,0.0,0.0,0.0,0.0,0.0,0.0,0.0,0.0,0.0,0.0,0.0,0.0,0.0,0.0
P28413_232_H8N2,0.0,0.0,0.0,0.0,0.0,0.0,0.0,0.0,0.0,0.0,0.0,0.0,5872772.0,0.0,0.0,0.0,0.0,0.0
P28413_232_H9N2,0.0,0.0,0.0,0.0,0.0,0.0,5826813.0,0.0,0.0,4354911.0,0.0,0.0,0.0,0.0,0.0,0.0,0.0,0.0
P28429_232_H3N4F1Pen1,0.0,0.0,0.0,0.0,0.0,0.0,0.0,0.0,0.0,12686540.0,0.0,0.0,0.0,0.0,0.0,0.0,0.0,0.0
P28429_232_H7N2,0.0,0.0,5658235.0,0.0,0.0,0.0,3356749.0,10844430.0,0.0,0.0,0.0,0.0,0.0,9351876.0,5865179.0,0.0,0.0,0.0
P28429_232_H8N2,50290970.0,52528290.0,0.0,0.0,637294.1,0.0,0.0,789696.1,60958760.0,0.0,8538048.0,264404.7,41842700.0,21277420.0,0.0,0.0,0.0,2701196.0
P28803_77_H3N3F1Pen1,0.0,0.0,191673.8,0.0,0.0,5059611.0,0.0,0.0,0.0,0.0,0.0,0.0,0.0,0.0,0.0,0.0,0.0,0.0
P29114_235_H3N4F1Pen1,0.0,0.0,0.0,0.0,0.0,2612571.0,0.0,0.0,0.0,0.0,0.0,0.0,0.0,0.0,0.0,0.0,0.0,0.0
P29195_892_H3N2F1Pen1,0.0,0.0,0.0,0.0,0.0,0.0,0.0,17683100.0,0.0,0.0,10800100.0,0.0,0.0,0.0,0.0,0.0,0.0,0.0
P29195_892_H3N4F1Pen1,0.0,0.0,19235240.0,0.0,0.0,15256490.0,28811250.0,0.0,0.0,24887430.0,0.0,0.0,0.0,0.0,0.0,0.0,0.0,0.0
P29197_431_H3N3F1Pen1,16049690.0,0.0,0.0,11647280.0,0.0,0.0,0.0,0.0,0.0,0.0,0.0,0.0,0.0,0.0,0.0,0.0,0.0,0.0
P29197_431_H3N4F1Pen1,0.0,0.0,0.0,0.0,0.0,0.0,0.0,0.0,35359900.0,0.0,0.0,35810240.0,0.0,0.0,0.0,0.0,0.0,0.0
P29197_431_H4N4F2Pen1,0.0,0.0,0.0,0.0,0.0,0.0,0.0,0.0,0.0,0.0,0.0,0.0,0.0,0.0,1375913.0,0.0,0.0,9702752.0
P29333_135_H3N4F1Pen1,0.0,0.0,0.0,0.0,0.0,0.0,0.0,0.0,0.0,0.0,9118071.0,0.0,0.0,0.0,0.0,0.0,0.0,0.0
P29345_113_H4N3F2Pen1,8874028.0,0.0,0.0,14317570.0,0.0,0.0,0.0,0.0,0.0,0.0,0.0,0.0,0.0,0.0,0.0,0.0,0.0,0.0
P29620_60_H4N4F1Pen1,0.0,0.0,0.0,0.0,0.0,0.0,0.0,0.0,0.0,0.0,0.0,0.0,0.0,0.0,9847579.0,0.0,0.0,1613907.0
P29675_42_H3N4F1Pen1,0.0,0.0,390031.1,0.0,0.0,17844020.0,1046193.0,0.0,0.0,25568680.0,0.0,0.0,0.0,0.0,0.0,0.0,0.0,0.0
P29675_42_H4N4F2Pen1,0.0,0.0,0.0,0.0,0.0,0.0,0.0,0.0,0.0,27727880.0,0.0,0.0,631587.7,0.0,0.0,22392360.0,0.0,27117030.0
P29976_147_H3N2F1Pen1,0.0,0.0,0.0,0.0,0.0,0.0,0.0,0.0,0.0,0.0,0.0,0.0,6199561.0,0.0,0.0,779973.9,0.0,0.0
P29976_5_H3N2F1Pen1,0.0,0.0,0.0,0.0,0.0,0.0,0.0,0.0,0.0,0.0,3034060.0,0.0,0.0,0.0,0.0,0.0,0.0,0.0
P30065_15_H3N2Pen1,0.0,8787749.0,0.0,0.0,6292861.0,0.0,0.0,0.0,0.0,0.0,0.0,0.0,0.0,0.0,0.0,0.0,0.0,0.0
P30065_15_H4N3F1Pen1,0.0,0.0,0.0,0.0,0.0,0.0,0.0,0.0,0.0,2412967.0,0.0,0.0,0.0,0.0,0.0,0.0,0.0,0.0
P30070_60_H3N3F1Pen1,0.0,0.0,2545344.0,0.0,0.0,5451090.0,0.0,0.0,0.0,0.0,0.0,0.0,0.0,0.0,0.0,0.0,0.0,0.0
P30070_60_H4N3F2Pen1,0.0,0.0,12297940.0,0.0,0.0,306903.5,0.0,0.0,0.0,0.0,0.0,0.0,0.0,0.0,0.0,0.0,0.0,0.0
P30072_919_H8N2,0.0,0.0,0.0,0.0,0.0,0.0,3415081.0,0.0,0.0,0.0,0.0,0.0,0.0,8678988.0,0.0,0.0,626389.9,0.0
P30186_161_H3N2Pen1,0.0,0.0,0.0,0.0,0.0,0.0,6878112.0,0.0,0.0,0.0,0.0,0.0,0.0,0.0,0.0,0.0,0.0,0.0
P30186_161_H3N3F1Pen1,0.0,0.0,0.0,0.0,0.0,0.0,1668405.0,0.0,0.0,23144320.0,0.0,0.0,0.0,0.0,0.0,0.0,0.0,0.0
P30986_423_H3N4F1Pen1,0.0,0.0,0.0,0.0,0.0,0.0,0.0,0.0,0.0,0.0,0.0,0.0,0.0,12636760.0,0.0,0.0,0.0,0.0
P31212_245_H3N2F1Pen1,0.0,0.0,572596.9,0.0,0.0,4378418.0,0.0,0.0,0.0,0.0,0.0,0.0,0.0,0.0,0.0,0.0,0.0,0.0
P31562_67_H8N2,0.0,0.0,0.0,0.0,0.0,0.0,0.0,1464445.0,0.0,0.0,13191110.0,0.0,0.0,0.0,0.0,0.0,0.0,0.0
P31593_419_H1N2F1,0.0,0.0,0.0,0.0,0.0,0.0,15001250.0,0.0,0.0,0.0,0.0,0.0,0.0,0.0,0.0,0.0,0.0,0.0
P31862_51_H3N2F1Pen1,0.0,3407517.0,0.0,0.0,1282511.0,0.0,0.0,13824770.0,0.0,0.0,14670290.0,0.0,0.0,0.0,5764520.0,0.0,0.0,5322650.0
P32033_699_H9N2,0.0,0.0,0.0,0.0,0.0,0.0,0.0,0.0,3829045.0,0.0,0.0,15900760.0,0.0,0.0,0.0,0.0,0.0,0.0
P32062_19_H3N2F1Pen1,1946281.0,1255708.0,0.0,0.0,183342.9,0.0,0.0,0.0,0.0,0.0,0.0,0.0,0.0,0.0,0.0,0.0,0.0,0.0
P32088_88_H3N2Pen1,0.0,0.0,0.0,0.0,0.0,0.0,0.0,0.0,7050642.0,0.0,0.0,0.0,0.0,0.0,0.0,0.0,0.0,0.0
P32646_89_H3N4F1Pen1,0.0,28245860.0,0.0,0.0,16616440.0,0.0,0.0,0.0,0.0,0.0,0.0,0.0,0.0,0.0,0.0,0.0,0.0,0.0
P33186_235_H4N3F2Pen1,8992974.0,0.0,0.0,0.0,0.0,0.0,0.0,0.0,0.0,0.0,0.0,0.0,0.0,0.0,0.0,0.0,0.0,0.0
P34791_178_H3N3F1Pen1,0.0,0.0,0.0,0.0,0.0,0.0,0.0,0.0,0.0,0.0,7296819.0,0.0,0.0,0.0,0.0,0.0,0.0,0.0
P34811_63_H3N2F1Pen1,0.0,0.0,0.0,0.0,0.0,0.0,7320668.0,0.0,0.0,754018.7,0.0,0.0,0.0,0.0,0.0,0.0,0.0,0.0
P35336_197_H7N2,0.0,0.0,0.0,0.0,0.0,0.0,0.0,0.0,0.0,0.0,0.0,0.0,0.0,0.0,3644221.0,0.0,0.0,4077954.0
P35336_197_H8N2,0.0,5607185.0,0.0,0.0,11071010.0,0.0,0.0,0.0,0.0,0.0,0.0,0.0,0.0,0.0,0.0,0.0,0.0,0.0
P35339_387_H8N2,0.0,0.0,978774.8,0.0,0.0,3600358.0,0.0,0.0,0.0,0.0,0.0,0.0,0.0,0.0,0.0,0.0,0.0,0.0
P37106_396_H3N2F1Pen1,0.0,0.0,0.0,0.0,0.0,0.0,0.0,0.0,7362798.0,0.0,0.0,0.0,0.0,0.0,0.0,0.0,0.0,0.0
P37119_157_H7N2,0.0,0.0,0.0,0.0,0.0,0.0,0.0,0.0,0.0,0.0,0.0,0.0,0.0,0.0,0.0,0.0,0.0,14662540.0
P37224_123_H8N2,0.0,22778170.0,14124300.0,0.0,21112250.0,11992050.0,0.0,3622232.0,17779250.0,0.0,4639800.0,18971930.0,0.0,0.0,18468950.0,0.0,0.0,16021950.0
P37271_179_H3N2F1Pen1,52823400.0,0.0,0.0,15741010.0,0.0,0.0,0.0,0.0,0.0,0.0,0.0,0.0,0.0,0.0,0.0,0.0,0.0,0.0
P37398_646_H3N4F1Pen1,0.0,716336.9,0.0,0.0,61646900.0,0.0,0.0,0.0,0.0,0.0,69805440.0,0.0,0.0,0.0,0.0,0.0,0.0,61385280.0
P37398_646_H8N2,0.0,0.0,0.0,0.0,0.0,0.0,0.0,0.0,0.0,0.0,5661703.0,2987643.0,0.0,0.0,0.0,0.0,0.0,0.0
P37831_562_H3N2Pen1,0.0,0.0,0.0,0.0,0.0,0.0,0.0,0.0,0.0,0.0,0.0,0.0,12405420.0,0.0,0.0,1505867.0,0.0,0.0
P37831_562_H3N3Pen1,0.0,0.0,0.0,0.0,0.0,0.0,0.0,0.0,2430072.0,0.0,0.0,832435.9,0.0,0.0,0.0,0.0,0.0,0.0
P37900_13_H3N4F1Pen1,27477280.0,0.0,0.0,1961890.0,0.0,0.0,0.0,0.0,0.0,0.0,0.0,0.0,0.0,0.0,0.0,0.0,0.0,0.0
P38417_438_H9N2,0.0,0.0,0.0,0.0,0.0,0.0,0.0,9232908.0,0.0,0.0,26552020.0,0.0,0.0,0.0,0.0,0.0,0.0,0.0
P38418_449_H6N2,0.0,0.0,0.0,0.0,0.0,0.0,0.0,0.0,0.0,0.0,0.0,2641519.0,0.0,0.0,0.0,0.0,0.0,0.0
P38559_251_H8N2,0.0,0.0,0.0,0.0,0.0,0.0,0.0,0.0,0.0,0.0,0.0,0.0,0.0,1574363.0,0.0,0.0,2607266.0,0.0
P39865_84_H3N2Pen1,0.0,1377253.0,0.0,0.0,5109425.0,0.0,0.0,0.0,0.0,0.0,0.0,0.0,0.0,0.0,0.0,0.0,0.0,0.0
P39866_750_H3N2Pen1,0.0,0.0,0.0,0.0,6005642.0,0.0,0.0,0.0,0.0,0.0,0.0,0.0,0.0,0.0,0.0,0.0,0.0,0.0
P39866_750_H3N4F1Pen1,2923242.0,2560483.0,0.0,0.0,0.0,0.0,0.0,0.0,0.0,0.0,0.0,0.0,0.0,0.0,0.0,0.0,0.0,0.0
P39870_461_H4N4F2Pen1,0.0,0.0,5588759.0,0.0,0.0,2056756.0,0.0,0.0,0.0,0.0,0.0,0.0,0.0,0.0,0.0,0.0,0.0,0.0
P39882_107_H4N3F1Pen1,543695.4,0.0,0.0,14512480.0,0.0,0.0,0.0,0.0,0.0,0.0,0.0,0.0,0.0,0.0,0.0,0.0,0.0,0.0
P39882_107_H4N3F2Pen1,0.0,0.0,0.0,0.0,0.0,0.0,0.0,0.0,0.0,26617520.0,0.0,0.0,0.0,0.0,0.0,0.0,0.0,0.0
P40781_225_H3N4F1Pen1,0.0,0.0,0.0,0.0,0.0,0.0,0.0,0.0,4350908.0,0.0,0.0,995478.6,0.0,0.0,0.0,0.0,0.0,0.0
P40941_219_H6N2,0.0,0.0,0.0,0.0,0.0,0.0,0.0,0.0,1370432.0,13347300.0,0.0,14216760.0,293318.1,0.0,0.0,11295640.0,0.0,0.0
P41153_243_H3N2Pen1,0.0,12449330.0,0.0,0.0,0.0,0.0,0.0,0.0,0.0,0.0,0.0,0.0,0.0,0.0,0.0,0.0,0.0,0.0
P41153_243_H3N4Pen1,0.0,0.0,0.0,0.0,0.0,0.0,0.0,13599650.0,0.0,0.0,11105820.0,0.0,0.0,0.0,0.0,0.0,0.0,0.0
P41153_4_H7N2,0.0,0.0,0.0,0.0,0.0,0.0,0.0,0.0,0.0,0.0,0.0,16837510.0,0.0,0.0,0.0,0.0,0.0,0.0
P41213_145_H2N2F1Pen1,0.0,0.0,0.0,0.0,0.0,0.0,0.0,0.0,0.0,0.0,0.0,0.0,0.0,0.0,549623.0,0.0,0.0,5935774.0
P41213_145_H3N2F1Pen1,0.0,0.0,0.0,0.0,0.0,0.0,0.0,0.0,0.0,0.0,0.0,0.0,984449.3,0.0,0.0,7224861.0,0.0,0.0
P41617_14_H8N2,0.0,0.0,0.0,0.0,0.0,0.0,20989350.0,0.0,0.0,7095440.0,0.0,0.0,0.0,0.0,9406729.0,0.0,0.0,4308719.0
P41632_28_H8N2,0.0,0.0,6237315.0,0.0,0.0,1524539.0,0.0,0.0,0.0,0.0,0.0,0.0,0.0,0.0,0.0,0.0,0.0,0.0
P42036_13_H3N4Pen1,0.0,0.0,0.0,0.0,0.0,0.0,0.0,0.0,0.0,19626410.0,0.0,0.0,0.0,0.0,0.0,0.0,0.0,0.0
P42044_202_H3N4F1Pen1,0.0,0.0,0.0,0.0,0.0,0.0,0.0,0.0,31179750.0,0.0,0.0,0.0,0.0,0.0,0.0,0.0,0.0,0.0
P42158_172_H3N2F1Pen1,0.0,0.0,0.0,0.0,0.0,0.0,0.0,0.0,0.0,0.0,0.0,0.0,0.0,0.0,0.0,0.0,49364940.0,0.0
P42158_172_H3N2Pen1,0.0,0.0,0.0,0.0,0.0,2536024.0,0.0,0.0,0.0,0.0,0.0,0.0,0.0,0.0,0.0,3610494.0,0.0,0.0
P42158_172_H3N3F1Pen1,0.0,0.0,0.0,0.0,0.0,0.0,0.0,0.0,0.0,0.0,16168250.0,0.0,0.0,0.0,0.0,0.0,0.0,0.0
P42731_210_H3N2F1Pen1,0.0,0.0,0.0,0.0,0.0,0.0,0.0,0.0,0.0,0.0,0.0,0.0,0.0,0.0,0.0,0.0,0.0,16967700.0
P42744_108_H8N2,0.0,0.0,0.0,0.0,0.0,4517007.0,0.0,0.0,0.0,0.0,0.0,0.0,619352.0,0.0,0.0,4714607.0,0.0,0.0
P42758_6_H5N4F2Pen1,0.0,0.0,0.0,0.0,0.0,0.0,0.0,0.0,0.0,0.0,3794921.0,0.0,0.0,0.0,0.0,0.0,0.0,0.0
P42776_319_H3N2F1Pen1,0.0,0.0,0.0,0.0,0.0,0.0,0.0,0.0,0.0,0.0,0.0,0.0,0.0,377589.9,0.0,0.0,9325633.0,0.0
P42794_175_H3N2F1Pen1,0.0,0.0,0.0,0.0,0.0,0.0,0.0,0.0,0.0,0.0,0.0,9951934.0,0.0,0.0,0.0,0.0,0.0,0.0
P42799_31_H3N4F1Pen1,6003622.0,7746498.0,0.0,0.0,1304417.0,0.0,0.0,0.0,0.0,0.0,0.0,0.0,0.0,0.0,0.0,0.0,0.0,0.0
P42804_309_H3N3F1Pen1,0.0,0.0,0.0,0.0,0.0,0.0,0.0,0.0,0.0,0.0,8503399.0,0.0,0.0,0.0,0.0,0.0,0.0,0.0
P43212_475_H4N3F2Pen1,0.0,4829898.0,0.0,0.0,0.0,0.0,0.0,0.0,0.0,0.0,0.0,0.0,0.0,0.0,0.0,0.0,0.0,0.0
P45350_230_H3N4F1Pen1,0.0,5896086.0,0.0,0.0,0.0,0.0,4937319.0,0.0,0.0,779662.6,0.0,0.0,0.0,0.0,0.0,0.0,0.0,0.0
P45350_230_H3N4Pen1,0.0,0.0,0.0,0.0,0.0,0.0,0.0,0.0,0.0,0.0,0.0,0.0,0.0,0.0,0.0,0.0,0.0,1190785.0
P45621_271_H3N2F1Pen1,0.0,0.0,0.0,0.0,0.0,0.0,0.0,0.0,0.0,0.0,0.0,0.0,0.0,0.0,3929418.0,0.0,0.0,3444967.0
P45735_310_H3N2F1Pen1,0.0,0.0,0.0,0.0,0.0,0.0,0.0,0.0,0.0,0.0,0.0,1954362.0,0.0,0.0,8780313.0,0.0,0.0,0.0
P45951_50_H3N2F1Pen1,0.0,0.0,11379830.0,0.0,0.0,7050023.0,0.0,0.0,0.0,0.0,0.0,0.0,0.0,0.0,0.0,0.0,0.0,0.0
P46225_58_H3N3F1Pen1,7329801.0,0.0,0.0,0.0,0.0,0.0,0.0,0.0,0.0,0.0,0.0,0.0,0.0,0.0,0.0,0.0,0.0,0.0
P46668_144_H4N3F1Pen1,0.0,0.0,5437947.0,0.0,0.0,163044.2,0.0,0.0,0.0,0.0,0.0,0.0,0.0,0.0,0.0,0.0,0.0,0.0
P46690_70_H3N4F1Pen1,0.0,0.0,0.0,0.0,0.0,0.0,0.0,0.0,0.0,5054469.0,5434634.0,0.0,0.0,0.0,0.0,0.0,0.0,0.0
P46745_85_H3N4F1Pen1,0.0,0.0,0.0,0.0,0.0,0.0,0.0,0.0,0.0,0.0,20848590.0,0.0,0.0,0.0,0.0,0.0,0.0,0.0
P46749_74_H6N2,0.0,0.0,2730560.0,0.0,0.0,4580055.0,0.0,0.0,0.0,0.0,0.0,0.0,0.0,0.0,0.0,0.0,0.0,0.0
P46864_527_H7N2,0.0,0.0,0.0,0.0,0.0,0.0,0.0,0.0,0.0,0.0,0.0,0.0,1468052.0,0.0,0.0,5120272.0,0.0,0.0
P46864_527_H8N2,1504693.0,0.0,0.0,11998890.0,0.0,0.0,0.0,0.0,0.0,0.0,0.0,0.0,0.0,0.0,0.0,0.0,0.0,0.0
P46875_153_H10N2,0.0,0.0,0.0,0.0,0.0,0.0,0.0,3179249.0,0.0,0.0,3478933.0,0.0,2056558.0,0.0,0.0,2615675.0,0.0,0.0
P46875_153_H8N2,0.0,0.0,0.0,0.0,0.0,0.0,0.0,0.0,0.0,0.0,0.0,0.0,229479.8,0.0,0.0,3847480.0,0.0,0.0
P46875_153_H9N2,3812856.0,0.0,0.0,4313273.0,0.0,0.0,4452350.0,0.0,0.0,15612380.0,0.0,0.0,0.0,0.0,3026663.0,0.0,0.0,13908630.0
P46875_597_H6N2,0.0,0.0,0.0,0.0,0.0,0.0,0.0,0.0,0.0,14266180.0,0.0,0.0,0.0,0.0,0.0,0.0,0.0,0.0
P47924_5_H8N2,0.0,0.0,0.0,0.0,0.0,0.0,822161.1,0.0,0.0,13178200.0,0.0,0.0,0.0,0.0,0.0,0.0,0.0,0.0
P48183_230_H3N3F1Pen1,0.0,0.0,0.0,0.0,0.0,0.0,0.0,0.0,0.0,0.0,4011360.0,0.0,0.0,0.0,0.0,0.0,0.0,0.0
P48395_339_H3N2F1Pen1,0.0,0.0,0.0,0.0,0.0,0.0,0.0,0.0,0.0,0.0,0.0,0.0,0.0,0.0,0.0,0.0,0.0,15626340.0
P48491_14_H3N3F1Pen1,0.0,0.0,0.0,0.0,0.0,0.0,0.0,0.0,0.0,0.0,5170547.0,0.0,0.0,0.0,0.0,0.0,0.0,0.0
P48491_14_H4N4Pen1,0.0,0.0,0.0,0.0,0.0,0.0,0.0,0.0,0.0,0.0,0.0,0.0,0.0,1263215.0,0.0,0.0,5961617.0,0.0
P48495_196_H9N2,0.0,0.0,0.0,0.0,0.0,0.0,0.0,0.0,0.0,0.0,14640890.0,0.0,0.0,0.0,0.0,0.0,0.0,15513080.0
P48513_220_H8N2,0.0,0.0,0.0,0.0,0.0,0.0,25133780.0,0.0,0.0,0.0,0.0,0.0,0.0,12811630.0,0.0,0.0,0.0,0.0
P48522_272_H3N3F1Pen1,0.0,0.0,0.0,0.0,0.0,0.0,0.0,0.0,5199995.0,0.0,0.0,0.0,0.0,0.0,0.0,0.0,0.0,0.0
P48522_272_H8N2,0.0,0.0,0.0,0.0,6832832.0,0.0,0.0,0.0,0.0,0.0,0.0,0.0,0.0,0.0,0.0,0.0,12393960.0,0.0
P48731_448_H6N2,3836879.0,0.0,0.0,86693.98,0.0,0.0,0.0,0.0,0.0,0.0,0.0,0.0,0.0,0.0,0.0,0.0,0.0,0.0
P48786_1006_H3N3F1Pen1,0.0,0.0,0.0,0.0,0.0,0.0,32618380.0,0.0,0.0,42193120.0,0.0,0.0,0.0,0.0,0.0,0.0,0.0,0.0
P49026_180_H3N3F1Pen1,0.0,0.0,0.0,0.0,0.0,0.0,0.0,0.0,0.0,20423880.0,0.0,18534580.0,0.0,0.0,0.0,0.0,0.0,0.0
P49031_1007_H3N2Pen1,0.0,0.0,0.0,0.0,0.0,0.0,0.0,1565986.0,0.0,0.0,5772113.0,0.0,0.0,0.0,0.0,0.0,0.0,0.0
P49031_1007_H3N4F1Pen1,0.0,0.0,0.0,0.0,0.0,0.0,0.0,0.0,2516224.0,0.0,0.0,16289590.0,0.0,0.0,0.0,0.0,0.0,0.0
P49040_19_H3N4F1Pen1,0.0,0.0,0.0,0.0,0.0,0.0,0.0,0.0,37488970.0,0.0,0.0,2666085.0,0.0,0.0,0.0,0.0,0.0,0.0
P49040_19_H7N2,0.0,0.0,0.0,0.0,0.0,0.0,0.0,4605542.0,5276387.0,0.0,366451.9,653253.6,0.0,0.0,0.0,0.0,0.0,0.0
P49042_374_H3N2F1Pen1,0.0,0.0,0.0,0.0,0.0,0.0,17559790.0,0.0,0.0,0.0,0.0,0.0,0.0,0.0,0.0,0.0,0.0,0.0
P49045_138_H3N2F1Pen1,0.0,0.0,0.0,19691270.0,0.0,0.0,0.0,0.0,0.0,18340140.0,0.0,0.0,0.0,0.0,0.0,0.0,0.0,0.0
P49045_376_H3N2F1Pen1,0.0,551693.1,0.0,0.0,42111230.0,0.0,0.0,0.0,0.0,0.0,94862540.0,83406800.0,0.0,0.0,1397515.0,0.0,0.0,45284380.0
P49080_848_H3N2F1Pen1,0.0,0.0,0.0,0.0,0.0,0.0,0.0,0.0,0.0,0.0,0.0,0.0,0.0,0.0,0.0,0.0,0.0,13726180.0
P49094_250_H3N2F1Pen1,0.0,0.0,0.0,0.0,0.0,0.0,42676160.0,0.0,0.0,59186140.0,0.0,0.0,0.0,0.0,0.0,0.0,0.0,0.0
P49094_250_H3N2Pen1,0.0,0.0,0.0,0.0,0.0,0.0,0.0,2651952.0,0.0,0.0,1889161.0,0.0,0.0,0.0,2361759.0,0.0,0.0,3616161.0
P49094_250_H3N3F1Pen1,0.0,0.0,0.0,0.0,0.0,0.0,0.0,0.0,13315680.0,0.0,0.0,18278190.0,7259866.0,0.0,0.0,9920235.0,0.0,0.0
P49094_250_H4N3F1Pen1,0.0,6485035.0,8002825.0,0.0,11344170.0,16020740.0,0.0,0.0,10636780.0,0.0,0.0,20732450.0,0.0,0.0,11931770.0,0.0,0.0,13371430.0
P49094_250_H4N3F2Pen1,0.0,0.0,0.0,0.0,0.0,0.0,0.0,0.0,5485040.0,0.0,0.0,5464595.0,0.0,0.0,0.0,0.0,0.0,0.0
P49108_57_H6N3,0.0,0.0,2167131.0,0.0,0.0,0.0,0.0,0.0,0.0,0.0,0.0,0.0,0.0,0.0,0.0,0.0,0.0,0.0
P49174_341_H10N2,10674460.0,0.0,0.0,12860250.0,0.0,0.0,11570690.0,0.0,0.0,14446070.0,0.0,0.0,3868969.0,0.0,0.0,8462880.0,0.0,0.0
P49174_341_H9N2,0.0,3921256.0,2539307.0,0.0,3262666.0,3974092.0,10793680.0,0.0,0.0,11919790.0,0.0,0.0,0.0,3005600.0,0.0,0.0,5834800.0,0.0
P49175_275_H3N2F1Pen1,0.0,0.0,0.0,0.0,4515790.0,0.0,0.0,0.0,0.0,0.0,0.0,0.0,0.0,0.0,0.0,0.0,0.0,0.0
P49175_275_H3N2Pen1,0.0,0.0,0.0,0.0,0.0,8875301.0,0.0,0.0,0.0,0.0,23524980.0,23997490.0,0.0,0.0,0.0,7878520.0,0.0,0.0
P49212_17_H4N3F1Pen1,0.0,0.0,0.0,0.0,0.0,0.0,0.0,0.0,0.0,0.0,0.0,0.0,0.0,0.0,7570361.0,0.0,0.0,11498390.0
P49212_17_H4N4F1Pen1,5157962.0,0.0,0.0,5033988.0,0.0,0.0,0.0,0.0,0.0,0.0,0.0,0.0,2170881.0,0.0,0.0,5120304.0,0.0,0.0
P49212_17_H4N4F2Pen1,0.0,0.0,0.0,0.0,0.0,0.0,52359480.0,0.0,15805670.0,95093040.0,0.0,31050260.0,0.0,0.0,0.0,0.0,0.0,0.0
P49235_48_H3N2F1Pen1,0.0,0.0,0.0,0.0,0.0,0.0,1411982.0,0.0,0.0,0.0,6411610.0,0.0,0.0,0.0,0.0,0.0,0.0,0.0
P49244_316_H3N4F1Pen1,0.0,0.0,0.0,0.0,0.0,0.0,0.0,0.0,0.0,20249230.0,0.0,0.0,0.0,0.0,0.0,0.0,0.0,0.0
P49299_505_H3N2F1Pen1,0.0,0.0,0.0,0.0,0.0,0.0,0.0,0.0,0.0,0.0,0.0,0.0,0.0,7647536.0,0.0,0.0,0.0,0.0
P49313_171_H3N3F1Pen1,0.0,0.0,0.0,0.0,0.0,0.0,0.0,4130891.0,0.0,0.0,0.0,0.0,0.0,0.0,0.0,0.0,0.0,0.0
P49318_53_H4N4F1Pen1,0.0,0.0,0.0,0.0,0.0,0.0,0.0,130800900.0,0.0,0.0,12768140.0,0.0,0.0,0.0,22022040.0,0.0,0.0,2225720.0
P49353_187_H5N2,0.0,0.0,0.0,0.0,0.0,0.0,0.0,4670466.0,0.0,0.0,1708803.0,0.0,0.0,0.0,0.0,0.0,0.0,0.0
P49388_104_H3N2Pen1,0.0,25172640.0,0.0,0.0,7530753.0,0.0,0.0,0.0,0.0,0.0,0.0,0.0,0.0,0.0,0.0,0.0,0.0,0.0
P49598_206_H3N2F1Pen1,0.0,0.0,26660810.0,0.0,0.0,647114.9,0.0,35083930.0,0.0,0.0,0.0,0.0,0.0,0.0,0.0,0.0,0.0,0.0
P49608_72_H4N3F2Pen1,0.0,0.0,0.0,0.0,0.0,0.0,0.0,0.0,0.0,0.0,0.0,0.0,0.0,0.0,10873970.0,0.0,0.0,2106766.0
P49967_327_H4N3Pen1,0.0,0.0,0.0,0.0,0.0,0.0,0.0,0.0,0.0,0.0,0.0,0.0,0.0,0.0,0.0,0.0,0.0,14648530.0
P50433_363_H4N2Pen1,0.0,0.0,0.0,0.0,0.0,0.0,0.0,3880845.0,0.0,0.0,1021343.0,0.0,0.0,0.0,0.0,0.0,0.0,0.0
P51062_915_H4N3Pen1,0.0,0.0,0.0,0.0,0.0,4748951.0,0.0,0.0,0.0,0.0,0.0,0.0,0.0,0.0,0.0,0.0,0.0,0.0
P51567_72_H3N2F1Pen1,0.0,0.0,0.0,0.0,0.0,0.0,0.0,0.0,0.0,0.0,0.0,0.0,0.0,0.0,0.0,0.0,11632330.0,0.0
P51598_47_H4N2F1Pen1,14493490.0,0.0,0.0,1388606.0,0.0,0.0,0.0,0.0,0.0,0.0,0.0,0.0,0.0,0.0,0.0,0.0,0.0,0.0
P51824_185_H3N2F1Pen1,0.0,0.0,0.0,0.0,0.0,0.0,0.0,0.0,0.0,0.0,0.0,0.0,0.0,50773130.0,0.0,0.0,0.0,0.0
P52408_5_H3N4F1Pen1,0.0,0.0,0.0,0.0,0.0,0.0,0.0,0.0,0.0,0.0,0.0,0.0,0.0,0.0,0.0,0.0,5008317.0,0.0
P52588_279_H3N4Pen1,0.0,5405676.0,0.0,0.0,0.0,0.0,4187978.0,0.0,0.0,2198324.0,0.0,0.0,0.0,1537081.0,0.0,0.0,1104587.0,0.0
P52588_279_H7N2,0.0,0.0,0.0,8712568.0,1935635.0,8832342.0,0.0,5151925.0,0.0,0.0,3193331.0,0.0,0.0,971491.2,304655.7,0.0,2386851.0,1996696.0
P52588_279_H8N2,0.0,0.0,371699.2,788208.2,0.0,1309210.0,0.0,0.0,0.0,0.0,0.0,0.0,0.0,0.0,0.0,0.0,0.0,0.0
P52711_380_H5N2,0.0,0.0,0.0,0.0,0.0,0.0,627282.0,922255.8,0.0,48019.36,61796.21,0.0,0.0,0.0,0.0,0.0,0.0,0.0
P52711_380_H6N2,2626656.0,0.0,0.0,2384275.0,0.0,0.0,0.0,0.0,0.0,0.0,0.0,0.0,0.0,0.0,0.0,0.0,0.0,0.0
P52769_29_H3N2F1Pen1,0.0,1001939.0,0.0,0.0,22530150.0,0.0,3521261.0,0.0,0.0,25747500.0,0.0,0.0,0.0,0.0,0.0,0.0,0.0,0.0
P53681_484_H7N2,0.0,0.0,0.0,0.0,0.0,0.0,0.0,0.0,0.0,0.0,0.0,0.0,0.0,2333626.0,0.0,0.0,0.0,0.0
P53797_176_H3N2F1Pen1,0.0,0.0,0.0,0.0,0.0,0.0,0.0,0.0,0.0,0.0,0.0,0.0,0.0,17275360.0,0.0,0.0,50077400.0,0.0
P54120_208_H9N2,0.0,0.0,0.0,0.0,0.0,0.0,0.0,0.0,0.0,0.0,0.0,0.0,0.0,0.0,0.0,3979160.0,0.0,0.0
P54144_495_H3N3F1Pen1,0.0,0.0,0.0,0.0,0.0,0.0,0.0,0.0,0.0,0.0,3573173.0,0.0,0.0,0.0,0.0,0.0,0.0,0.0
P54235_135_H3N2Pen1,1895029.0,0.0,0.0,2013214.0,0.0,0.0,701240.5,0.0,0.0,2129806.0,0.0,0.0,1918227.0,0.0,0.0,6192358.0,0.0,0.0
P54235_135_H3N3F1Pen1,0.0,0.0,0.0,0.0,0.0,0.0,19473750.0,0.0,0.0,23202760.0,0.0,0.0,0.0,0.0,0.0,0.0,0.0,0.0
P54235_135_H3N4F1Pen1,0.0,0.0,29672060.0,0.0,0.0,20127870.0,35732630.0,0.0,0.0,34898570.0,0.0,0.0,23534040.0,0.0,0.0,41039860.0,0.0,0.0
P54235_135_H4N4F2Pen1,0.0,0.0,0.0,0.0,0.0,0.0,1686875.0,2272968.0,0.0,4903249.0,6995431.0,0.0,0.0,1739048.0,0.0,0.0,10424290.0,0.0
P54235_135_H4N4Pen1,0.0,4438172.0,0.0,0.0,1455049.0,0.0,0.0,9377315.0,0.0,0.0,16693580.0,0.0,7492133.0,0.0,0.0,16965240.0,0.0,0.0
P54235_135_H5N4F1Pen1,0.0,0.0,0.0,0.0,0.0,0.0,0.0,0.0,0.0,0.0,0.0,0.0,826430.0,0.0,0.0,7156585.0,0.0,0.0
P54235_135_H5N4F3Pen1,0.0,0.0,0.0,0.0,0.0,0.0,0.0,0.0,0.0,0.0,0.0,0.0,0.0,0.0,1004565.0,0.0,0.0,11226890.0
P55229_44_H3N2F1Pen1,0.0,0.0,0.0,0.0,0.0,0.0,0.0,0.0,7340920.0,0.0,0.0,0.0,0.0,0.0,0.0,0.0,0.0,0.0
P55236_6_H3N4F1Pen1,0.0,0.0,0.0,0.0,0.0,0.0,3535469.0,0.0,0.0,11237280.0,0.0,0.0,3205904.0,0.0,0.0,5345601.0,0.0,0.0
P55236_6_H6N2,0.0,0.0,0.0,0.0,0.0,0.0,0.0,0.0,0.0,0.0,0.0,0.0,0.0,0.0,193970.0,0.0,0.0,2036300.0
P55236_6_H7N2,0.0,0.0,0.0,0.0,0.0,0.0,0.0,0.0,3036416.0,0.0,0.0,6356406.0,2815617.0,2029271.0,0.0,4834523.0,2820983.0,0.0
P55236_6_H8N2,0.0,0.0,3451186.0,0.0,0.0,12471760.0,5110458.0,0.0,0.0,12920470.0,0.0,0.0,4602803.0,0.0,3100398.0,6962056.0,0.0,5077363.0
P56165_92_H8N2,0.0,0.0,0.0,0.0,0.0,0.0,6028503.0,0.0,0.0,0.0,0.0,0.0,0.0,0.0,15629170.0,0.0,0.0,1283103.0
P56785_199_H3N2F1Pen1,0.0,0.0,0.0,0.0,0.0,0.0,3720244.0,0.0,0.0,48544460.0,0.0,0.0,0.0,0.0,0.0,0.0,0.0,0.0
P56786_1333_H6N2,1520828.0,0.0,0.0,526927.3,0.0,0.0,0.0,0.0,0.0,0.0,0.0,0.0,0.0,0.0,0.0,0.0,0.0,0.0
P56786_1506_H8N2,0.0,0.0,0.0,0.0,0.0,0.0,0.0,896413.7,0.0,0.0,6782328.0,0.0,0.0,0.0,251888.6,0.0,0.0,6903814.0
P57792_288_H3N4F1Pen1,0.0,0.0,0.0,0.0,0.0,0.0,0.0,0.0,0.0,0.0,0.0,8956347.0,0.0,0.0,0.0,0.0,0.0,0.0
P58766_28_H3N4F1Pen1,0.0,0.0,0.0,0.0,0.0,0.0,10424770.0,0.0,0.0,0.0,0.0,0.0,12242120.0,0.0,0.0,0.0,0.0,0.0
P58766_28_H4N4F2Pen1,0.0,0.0,0.0,0.0,0.0,0.0,0.0,0.0,0.0,0.0,0.0,0.0,0.0,4046439.0,0.0,0.0,0.0,0.0
P59140_34_H3N2F1Pen1,0.0,0.0,0.0,0.0,0.0,0.0,0.0,0.0,0.0,0.0,0.0,0.0,0.0,0.0,0.0,0.0,0.0,2727623.0
P59143_34_H3N2F1Pen1,0.0,0.0,0.0,0.0,0.0,0.0,0.0,0.0,0.0,0.0,0.0,0.0,0.0,0.0,3409434.0,0.0,0.0,296778.9
P59277_25_H3N2F1Pen1,23203710.0,0.0,42971880.0,14146150.0,0.0,27646350.0,0.0,26135250.0,0.0,0.0,11571950.0,0.0,0.0,0.0,0.0,0.0,0.0,0.0
P59278_13_H3N2F1Pen1,0.0,0.0,0.0,0.0,0.0,0.0,0.0,1294979.0,0.0,0.0,822975.1,0.0,0.0,0.0,0.0,0.0,0.0,0.0
P59278_13_H3N2Pen1,0.0,0.0,0.0,0.0,0.0,0.0,0.0,1421250.0,0.0,0.0,1020436.0,0.0,0.0,0.0,0.0,0.0,0.0,0.0
P60038_214_H8N2,356673.1,0.0,263700.2,2798922.0,0.0,3886386.0,0.0,0.0,0.0,0.0,0.0,0.0,0.0,0.0,0.0,0.0,0.0,0.0
P60315_367_H7N3Pen1,0.0,0.0,0.0,0.0,7104412.0,0.0,0.0,0.0,0.0,0.0,0.0,0.0,0.0,0.0,0.0,0.0,0.0,0.0
P60407_90_H3N3F1Pen1,0.0,0.0,0.0,0.0,0.0,0.0,0.0,0.0,229649.5,0.0,0.0,2296418.0,0.0,0.0,0.0,0.0,0.0,0.0
P60407_90_H3N4F1Pen1,0.0,0.0,0.0,0.0,0.0,0.0,754259.1,0.0,0.0,14308390.0,0.0,0.0,0.0,0.0,0.0,0.0,0.0,0.0
P60839_555_H3N2F1Pen1,0.0,0.0,0.0,0.0,0.0,0.0,7255338.0,0.0,0.0,214624.0,0.0,0.0,0.0,0.0,0.0,0.0,0.0,0.0
P61241_1055_H3N4F1Pen1,0.0,0.0,2204082.0,0.0,0.0,11196080.0,0.0,0.0,0.0,0.0,0.0,0.0,0.0,0.0,0.0,0.0,0.0,0.0
P61241_511_H7N2,0.0,0.0,0.0,0.0,0.0,0.0,0.0,0.0,4940132.0,0.0,0.0,0.0,0.0,0.0,0.0,0.0,0.0,0.0
P61242_1049_H3N2F1Pen1,0.0,0.0,0.0,5940326.0,0.0,0.0,0.0,0.0,0.0,0.0,0.0,0.0,0.0,1307796.0,4681520.0,0.0,5664613.0,12778290.0
P61242_344_H2N2F1Pen1,0.0,0.0,0.0,0.0,0.0,0.0,0.0,7910122.0,0.0,0.0,3298132.0,0.0,0.0,4485540.0,0.0,0.0,617041.0,0.0
P61243_893_H3N4F1Pen1,0.0,0.0,2651477.0,0.0,0.0,228192.0,0.0,0.0,0.0,0.0,0.0,0.0,8681136.0,0.0,0.0,0.0,0.0,0.0
P61243_893_H4N4F2Pen1,0.0,0.0,3380905.0,0.0,0.0,0.0,0.0,0.0,0.0,0.0,0.0,0.0,0.0,0.0,0.0,0.0,0.0,0.0
P61430_147_H8N2,0.0,0.0,0.0,0.0,0.0,0.0,0.0,267813.2,0.0,0.0,33959900.0,0.0,0.0,0.0,0.0,0.0,7554390.0,0.0
P61827_156_H3N2F1Pen1,0.0,0.0,0.0,0.0,0.0,0.0,0.0,0.0,28226160.0,0.0,0.0,0.0,0.0,0.0,0.0,0.0,0.0,0.0
P80403_6_H6N2,0.0,0.0,0.0,0.0,0.0,0.0,0.0,313063.7,0.0,0.0,3464555.0,0.0,0.0,0.0,0.0,0.0,0.0,0.0
P80634_9_H3N2F1Pen1,0.0,0.0,0.0,0.0,60046170.0,0.0,0.0,0.0,0.0,0.0,0.0,0.0,0.0,0.0,0.0,0.0,0.0,0.0
P80634_9_H8N2,0.0,0.0,0.0,0.0,0.0,0.0,8435257.0,0.0,0.0,94266130.0,0.0,0.0,0.0,0.0,0.0,0.0,0.0,0.0
P81007_347_H3N4F1Pen1,0.0,0.0,5403837.0,0.0,0.0,0.0,0.0,0.0,0.0,0.0,0.0,0.0,0.0,0.0,0.0,0.0,0.0,0.0
P81007_379_H3N4F1Pen1,0.0,0.0,0.0,0.0,0.0,0.0,0.0,10401260.0,36806250.0,0.0,0.0,2857916.0,0.0,0.0,0.0,0.0,0.0,0.0
P81295_188_H3N4F1Pen1,0.0,12151560.0,0.0,0.0,283104.7,0.0,0.0,0.0,0.0,0.0,0.0,0.0,0.0,0.0,0.0,0.0,0.0,0.0
P81393_205_H8N2,0.0,0.0,0.0,0.0,0.0,0.0,0.0,0.0,0.0,0.0,0.0,0.0,0.0,0.0,3777733.0,0.0,0.0,196513.0
P81624_19_H6N3,0.0,0.0,0.0,0.0,0.0,0.0,0.0,0.0,2359345.0,0.0,0.0,29446760.0,0.0,0.0,0.0,0.0,0.0,0.0
P81624_19_H7N3,0.0,0.0,0.0,0.0,0.0,0.0,0.0,0.0,0.0,0.0,0.0,13358010.0,0.0,0.0,0.0,0.0,0.0,0.0
P81930_5_H7N2,0.0,0.0,3657536.0,0.0,0.0,0.0,0.0,0.0,0.0,0.0,0.0,0.0,0.0,0.0,0.0,0.0,0.0,0.0
P81930_5_H8N2,0.0,0.0,11214340.0,0.0,0.0,0.0,0.0,0.0,0.0,0.0,0.0,0.0,0.0,0.0,0.0,0.0,0.0,0.0
P82248_39_H3N2F1Pen1,0.0,0.0,0.0,0.0,0.0,0.0,3724442.0,0.0,0.0,45989940.0,0.0,0.0,0.0,0.0,0.0,0.0,0.0,0.0
P82266_711_H3N3Pen1,0.0,0.0,0.0,0.0,8426281.0,0.0,0.0,0.0,0.0,0.0,0.0,0.0,0.0,0.0,0.0,0.0,0.0,0.0
P82635_43_H3N4F1Pen1,0.0,0.0,0.0,3655569.0,0.0,0.0,0.0,0.0,0.0,0.0,0.0,0.0,0.0,0.0,0.0,0.0,0.0,0.0
P82785_71_H3N2F1Pen1,0.0,0.0,0.0,0.0,0.0,0.0,0.0,0.0,0.0,0.0,0.0,0.0,0.0,0.0,0.0,10780000.0,0.0,8801307.0
P82805_33_H10N2,0.0,0.0,0.0,0.0,0.0,0.0,0.0,0.0,0.0,0.0,6791489.0,0.0,0.0,0.0,0.0,0.0,0.0,0.0
P83004_5_H3N2Pen1,0.0,0.0,0.0,0.0,0.0,1737050.0,0.0,0.0,0.0,0.0,0.0,0.0,0.0,0.0,0.0,0.0,0.0,0.0
P83373_219_H3N2F1Pen1,0.0,0.0,0.0,0.0,0.0,0.0,2692827.0,0.0,0.0,30179260.0,0.0,0.0,0.0,0.0,0.0,0.0,0.0,0.0
P83886_81_H3N2Pen1,0.0,0.0,0.0,0.0,0.0,0.0,0.0,0.0,31214400.0,0.0,0.0,18809190.0,0.0,0.0,0.0,0.0,0.0,0.0
P84854_10_H8N2,772813.0,0.0,0.0,8884268.0,0.0,0.0,0.0,0.0,0.0,0.0,0.0,0.0,0.0,0.0,0.0,0.0,0.0,0.0
P85191_126_H6N2,509662.4,0.0,0.0,100690000.0,0.0,0.0,0.0,0.0,0.0,0.0,0.0,0.0,0.0,0.0,0.0,0.0,0.0,0.0
P92401_20_H3N4F1Pen1,0.0,0.0,0.0,0.0,0.0,0.0,0.0,0.0,0.0,0.0,17467290.0,0.0,0.0,0.0,0.0,0.0,0.0,14564010.0
P92537_17_H5N3F1Pen1,0.0,5777112.0,0.0,0.0,7787619.0,0.0,0.0,0.0,0.0,0.0,0.0,0.0,0.0,0.0,0.0,0.0,0.0,0.0
P92537_17_H8N2,0.0,0.0,0.0,0.0,0.0,0.0,0.0,0.0,0.0,0.0,0.0,0.0,0.0,0.0,42047660.0,0.0,0.0,14578850.0
P92554_94_H3N2F1Pen1,0.0,0.0,0.0,0.0,0.0,0.0,12257450.0,0.0,0.0,642958.1,0.0,0.0,0.0,0.0,0.0,0.0,0.0,0.0
P92561_56_H3N3F1Pen1,0.0,0.0,0.0,0.0,0.0,0.0,0.0,0.0,0.0,0.0,0.0,0.0,0.0,0.0,14864520.0,0.0,0.0,205434.7
P92563_40_H3N2F1Pen1,0.0,0.0,0.0,0.0,0.0,33320180.0,0.0,0.0,0.0,0.0,0.0,0.0,329266.1,0.0,0.0,26778680.0,0.0,37615870.0
P92948_339_H3N2F1Pen1,0.0,0.0,0.0,0.0,0.0,0.0,0.0,0.0,0.0,0.0,0.0,0.0,0.0,0.0,1221783.0,0.0,0.0,23219930.0
P92948_339_H3N2Pen1,0.0,0.0,0.0,0.0,0.0,0.0,0.0,0.0,0.0,0.0,0.0,0.0,0.0,0.0,1866312.0,0.0,0.0,40177650.0
P92948_339_H5N2,0.0,0.0,0.0,0.0,0.0,0.0,0.0,0.0,0.0,0.0,0.0,0.0,0.0,0.0,0.0,0.0,0.0,1369565.0
P92948_339_H6N2,0.0,0.0,0.0,0.0,0.0,0.0,0.0,0.0,0.0,0.0,0.0,0.0,201072.8,0.0,0.0,3297328.0,0.0,0.0
P92948_652_H3N2F1Pen1,0.0,0.0,0.0,0.0,0.0,0.0,0.0,0.0,0.0,0.0,8596978.0,0.0,0.0,0.0,0.0,0.0,0.0,0.0
P92958_318_H4N4Pen1,0.0,2155889.0,0.0,0.0,25727420.0,0.0,0.0,0.0,5239636.0,0.0,0.0,46279820.0,2909392.0,0.0,0.0,23960110.0,0.0,0.0
P92958_318_H5N4F1Pen1,0.0,0.0,0.0,0.0,0.0,0.0,656209.7,0.0,0.0,10849340.0,0.0,0.0,0.0,0.0,0.0,0.0,0.0,0.0
P92969_280_H3N4F1Pen1,0.0,10654260.0,0.0,0.0,0.0,0.0,6030822.0,0.0,0.0,0.0,0.0,0.0,0.0,0.0,0.0,0.0,0.0,0.0
P92969_40_H3N2Pen1,0.0,0.0,0.0,0.0,0.0,0.0,3117274.0,0.0,0.0,0.0,0.0,0.0,0.0,0.0,0.0,0.0,0.0,0.0
P92979_102_H7N2,0.0,0.0,0.0,0.0,0.0,0.0,186554.5,0.0,0.0,11921590.0,0.0,0.0,0.0,0.0,0.0,0.0,0.0,0.0
P92983_391_H3N2F1Pen1,0.0,0.0,0.0,0.0,0.0,0.0,19651600.0,0.0,0.0,1329466.0,0.0,0.0,0.0,0.0,0.0,0.0,0.0,0.0
P92983_391_H5N4F1Pen1,0.0,0.0,0.0,0.0,0.0,0.0,0.0,0.0,0.0,0.0,0.0,0.0,0.0,3765633.0,0.0,0.0,1627574.0,0.0
P93006_224_H3N2F1Pen1,0.0,0.0,418016.5,0.0,0.0,4258297.0,0.0,0.0,0.0,0.0,0.0,0.0,0.0,0.0,0.0,0.0,0.0,0.0
P93033_163_H3N2F1Pen1,0.0,0.0,0.0,0.0,0.0,0.0,0.0,0.0,0.0,0.0,0.0,55202650.0,0.0,0.0,0.0,0.0,0.0,0.0
P93110_76_H3N2F1Pen1,0.0,0.0,0.0,0.0,0.0,0.0,0.0,0.0,0.0,0.0,0.0,0.0,4662480.0,0.0,0.0,5695628.0,0.0,0.0
P93119_13_H3N2F1Pen1,0.0,14019360.0,0.0,0.0,587841.0,0.0,0.0,0.0,0.0,0.0,0.0,0.0,0.0,0.0,0.0,0.0,0.0,0.0
P93119_589_H8N2,0.0,0.0,0.0,0.0,0.0,0.0,0.0,0.0,0.0,0.0,0.0,0.0,23058950.0,0.0,0.0,0.0,0.0,0.0
P93147_358_H3N2F1Pen1,6694899.0,0.0,0.0,4081002.0,0.0,0.0,0.0,19720080.0,0.0,0.0,13953790.0,0.0,0.0,9376050.0,0.0,0.0,9380892.0,0.0
P93194_245_H3N2F1Pen1,0.0,21054460.0,0.0,0.0,0.0,0.0,0.0,17816840.0,0.0,0.0,0.0,0.0,0.0,0.0,0.0,0.0,0.0,0.0
P93194_245_H3N3F1Pen1,0.0,6980713.0,0.0,0.0,0.0,0.0,0.0,0.0,0.0,0.0,0.0,0.0,0.0,0.0,0.0,0.0,0.0,0.0
P93262_157_H8N2,0.0,0.0,0.0,0.0,0.0,0.0,2806977.0,0.0,0.0,2859799.0,0.0,0.0,0.0,0.0,0.0,0.0,0.0,0.0
P93306_345_H3N2F1Pen1,0.0,390423.9,295169.4,0.0,8237067.0,7587242.0,0.0,0.0,0.0,0.0,0.0,0.0,0.0,0.0,0.0,0.0,0.0,0.0
P93317_29_H5N3F1Pen1,0.0,0.0,0.0,0.0,0.0,0.0,0.0,0.0,0.0,0.0,0.0,0.0,3625860.0,0.0,0.0,0.0,0.0,0.0
P93693_168_H9N2,0.0,0.0,0.0,0.0,0.0,0.0,0.0,0.0,0.0,5465134.0,0.0,0.0,0.0,0.0,0.0,0.0,0.0,0.0
P93757_101_H7N2,0.0,0.0,0.0,0.0,0.0,0.0,0.0,0.0,0.0,5948399.0,0.0,0.0,0.0,0.0,0.0,0.0,0.0,0.0
P93757_101_H8N2,115496.4,0.0,0.0,6220599.0,0.0,0.0,0.0,0.0,0.0,0.0,0.0,0.0,0.0,0.0,0.0,0.0,0.0,23298300.0
P93759_442_H4N3F2Pen1,0.0,0.0,0.0,0.0,0.0,0.0,0.0,0.0,0.0,0.0,0.0,25122480.0,0.0,0.0,0.0,13355960.0,0.0,0.0
P93759_442_H4N4F2Pen1,0.0,0.0,0.0,0.0,0.0,0.0,0.0,0.0,0.0,13252460.0,0.0,0.0,0.0,0.0,0.0,37732380.0,0.0,0.0
P93771_295_H8N2,0.0,0.0,0.0,0.0,0.0,0.0,0.0,0.0,0.0,0.0,0.0,0.0,0.0,3362034.0,0.0,0.0,231445.7,0.0
P93831_553_H3N2F1Pen1,76599.91,0.0,65691.04,6626798.0,0.0,6008928.0,0.0,0.0,0.0,0.0,0.0,0.0,0.0,0.0,0.0,0.0,0.0,0.0
P94017_270_H8N2,0.0,0.0,0.0,0.0,0.0,0.0,0.0,22810570.0,0.0,0.0,179066.2,0.0,0.0,0.0,0.0,0.0,0.0,0.0
P94029_65_H3N2F1Pen1,0.0,0.0,6312834.0,0.0,0.0,467477.9,0.0,0.0,0.0,0.0,0.0,0.0,0.0,0.0,0.0,0.0,0.0,0.0
P98012_206_H3N2F1Pen1,0.0,0.0,0.0,0.0,0.0,0.0,0.0,0.0,0.0,0.0,0.0,0.0,2460904.0,0.0,0.0,36394450.0,0.0,0.0
P98012_206_H3N4F1Pen1,1492516.0,1317622.0,0.0,16657550.0,15043120.0,0.0,0.0,0.0,0.0,0.0,0.0,0.0,0.0,2051783.0,0.0,0.0,10228060.0,0.0
P98012_206_H4N4F1Pen1,0.0,0.0,0.0,0.0,0.0,0.0,0.0,0.0,0.0,0.0,0.0,0.0,0.0,1562911.0,0.0,0.0,17359710.0,0.0
P98012_206_H4N4F2Pen1,0.0,0.0,0.0,0.0,0.0,0.0,5672021.0,0.0,0.0,26202940.0,0.0,0.0,0.0,0.0,6058903.0,0.0,0.0,23401110.0
P98188_104_H3N2F1Pen1,0.0,7566196.0,0.0,0.0,0.0,0.0,0.0,0.0,0.0,0.0,0.0,0.0,0.0,0.0,0.0,0.0,0.0,0.0
Q00008_114_H3N2F1Pen1,0.0,0.0,0.0,0.0,0.0,6229947.0,0.0,0.0,0.0,0.0,0.0,0.0,0.0,0.0,0.0,0.0,0.0,0.0
Q00383_493_H3N2Pen1,0.0,0.0,0.0,0.0,0.0,0.0,3482896.0,0.0,0.0,32743710.0,0.0,0.0,0.0,0.0,0.0,0.0,0.0,0.0
Q00383_508_H3N2F1Pen1,0.0,0.0,0.0,0.0,0.0,0.0,0.0,0.0,17538930.0,0.0,0.0,0.0,22988070.0,0.0,0.0,1337663.0,0.0,0.0
Q00497_163_H8N2,0.0,0.0,4924093.0,0.0,0.0,0.0,0.0,0.0,0.0,0.0,0.0,0.0,0.0,0.0,0.0,0.0,0.0,0.0
Q00775_31_H3N2F1Pen1,0.0,0.0,0.0,0.0,0.0,0.0,0.0,0.0,0.0,0.0,0.0,0.0,0.0,0.0,0.0,0.0,19674470.0,0.0
Q00775_31_H4N4F2Pen1,0.0,0.0,0.0,0.0,0.0,0.0,0.0,0.0,0.0,0.0,0.0,0.0,10071060.0,0.0,0.0,3093969.0,0.0,0.0
Q00917_62_H3N3F1Pen1,0.0,0.0,0.0,0.0,0.0,0.0,0.0,0.0,0.0,0.0,0.0,0.0,0.0,0.0,0.0,7833269.0,0.0,0.0
Q00917_62_H4N3F2Pen1,0.0,0.0,0.0,0.0,0.0,0.0,0.0,0.0,0.0,0.0,5177337.0,0.0,0.0,0.0,0.0,0.0,0.0,0.0
Q00UI6_48_H3N3F1Pen1,0.0,3974408.0,4307875.0,0.0,0.0,0.0,0.0,0.0,0.0,0.0,0.0,0.0,0.0,0.0,0.0,0.0,0.0,0.0
Q00WL5_426_H3N2F1Pen1,0.0,293331.3,0.0,0.0,27245060.0,0.0,0.0,0.0,0.0,0.0,0.0,0.0,0.0,0.0,0.0,0.0,0.0,0.0
Q00WL5_426_H9N2,0.0,0.0,0.0,0.0,0.0,0.0,0.0,0.0,0.0,0.0,4589467.0,0.0,0.0,0.0,0.0,0.0,0.0,0.0
Q01111_126_H3N2F1Pen1,0.0,0.0,0.0,0.0,0.0,0.0,0.0,3638875.0,0.0,0.0,7451932.0,0.0,0.0,0.0,0.0,0.0,0.0,0.0
Q01111_126_H4N3F1Pen1,3290619.0,0.0,0.0,2927798.0,0.0,0.0,0.0,0.0,0.0,0.0,0.0,0.0,0.0,0.0,0.0,0.0,0.0,0.0
Q01401_609_H4N3Pen1,0.0,0.0,0.0,0.0,0.0,0.0,0.0,0.0,0.0,0.0,0.0,0.0,0.0,0.0,0.0,0.0,10876570.0,0.0
Q01559_347_H8N2,0.0,0.0,0.0,0.0,0.0,0.0,0.0,0.0,0.0,0.0,0.0,0.0,0.0,3818167.0,2270298.0,0.0,1041368.0,0.0
Q01771_317_H8N2,0.0,0.0,0.0,0.0,0.0,0.0,0.0,0.0,0.0,9894873.0,0.0,0.0,0.0,0.0,0.0,0.0,0.0,0.0
Q01I23_201_H10N2,0.0,0.0,0.0,0.0,0.0,0.0,0.0,0.0,3492668.0,0.0,0.0,1366652.0,0.0,0.0,0.0,0.0,0.0,0.0
Q01IS8_479_H3N3F1Pen1,0.0,0.0,0.0,0.0,0.0,0.0,0.0,0.0,0.0,12856800.0,0.0,0.0,0.0,0.0,0.0,0.0,0.0,0.0
Q01IS8_479_H3N4F1Pen1,0.0,0.0,0.0,0.0,0.0,0.0,0.0,0.0,0.0,0.0,0.0,0.0,0.0,0.0,0.0,3562370.0,0.0,0.0
Q01JD1_183_H3N2Pen1,0.0,0.0,0.0,0.0,0.0,0.0,26377050.0,0.0,0.0,11879450.0,0.0,0.0,0.0,0.0,6526515.0,0.0,0.0,1856527.0
Q02166_38_H6N2,0.0,7864909.0,0.0,0.0,0.0,0.0,0.0,0.0,0.0,0.0,0.0,0.0,0.0,0.0,0.0,0.0,0.0,0.0
Q02723_363_H3N2Pen1,0.0,0.0,0.0,0.0,0.0,0.0,0.0,0.0,0.0,6441873.0,0.0,0.0,0.0,0.0,0.0,0.0,0.0,0.0
Q03363_113_H3N3F1Pen1,0.0,0.0,0.0,0.0,0.0,0.0,0.0,0.0,0.0,0.0,0.0,0.0,0.0,245284.9,0.0,0.0,7013719.0,0.0
Q03460_2113_H3N2F1Pen1,0.0,37383990.0,0.0,0.0,462692.0,0.0,0.0,0.0,25899560.0,0.0,0.0,0.0,0.0,0.0,0.0,0.0,0.0,0.0
Q03489_166_H7N2,0.0,0.0,0.0,0.0,0.0,0.0,0.0,0.0,0.0,0.0,0.0,0.0,0.0,0.0,765368.3,0.0,0.0,16986910.0
Q04647_457_H7N2,0.0,382977.6,0.0,0.0,2724706.0,0.0,0.0,0.0,0.0,0.0,0.0,0.0,0.0,0.0,0.0,0.0,0.0,0.0
Q04648_105_H6N2,0.0,0.0,0.0,0.0,0.0,0.0,0.0,0.0,0.0,0.0,0.0,0.0,19047960.0,0.0,0.0,0.0,0.0,0.0
Q04655_118_H3N2Pen1,0.0,2023344.0,0.0,0.0,0.0,0.0,0.0,0.0,0.0,0.0,0.0,0.0,0.0,0.0,0.0,0.0,0.0,0.0
Q05212_250_H3N2F1Pen1,0.0,0.0,0.0,0.0,0.0,0.0,0.0,0.0,0.0,0.0,0.0,0.0,0.0,0.0,36837230.0,0.0,0.0,85700070.0
Q05212_250_H3N4F1Pen1,0.0,0.0,0.0,0.0,0.0,0.0,0.0,0.0,0.0,0.0,0.0,3152409.0,0.0,0.0,0.0,0.0,0.0,0.0
Q05212_250_H4N3F1Pen1,1921861.0,0.0,0.0,6206430.0,0.0,0.0,0.0,0.0,1697178.0,0.0,0.0,15197030.0,0.0,0.0,0.0,0.0,0.0,0.0
Q05212_250_H4N3F2Pen1,0.0,0.0,0.0,0.0,0.0,0.0,0.0,0.0,4632047.0,0.0,0.0,14089810.0,0.0,0.0,0.0,0.0,0.0,0.0
Q05212_250_H4N4F1Pen1,0.0,0.0,740258.2,0.0,0.0,3741969.0,0.0,0.0,704216.9,0.0,0.0,10619870.0,0.0,1600110.0,0.0,0.0,9482043.0,0.0
Q05212_250_H5N3Pen1,0.0,0.0,0.0,0.0,0.0,3056289.0,0.0,0.0,0.0,0.0,0.0,0.0,0.0,0.0,0.0,0.0,0.0,0.0
Q05212_250_H5N4F1Pen1,0.0,0.0,0.0,0.0,0.0,0.0,0.0,0.0,0.0,0.0,0.0,0.0,0.0,2568733.0,0.0,0.0,11209660.0,0.0
Q05212_250_H5N4F2Pen1,0.0,3251149.0,5794649.0,0.0,14996050.0,22960050.0,0.0,6334191.0,0.0,0.0,42068090.0,0.0,0.0,0.0,4350821.0,0.0,0.0,24386940.0
Q05212_250_H5N4Pen1,0.0,0.0,0.0,0.0,0.0,0.0,0.0,0.0,0.0,4181929.0,0.0,0.0,0.0,0.0,0.0,0.0,0.0,0.0
Q05212_250_H6N4F1Pen1,0.0,0.0,0.0,0.0,0.0,0.0,2628619.0,0.0,0.0,11709390.0,0.0,0.0,0.0,0.0,0.0,0.0,0.0,0.0
Q05537_4_H3N4F1Pen1,0.0,0.0,0.0,0.0,0.0,0.0,0.0,0.0,12786120.0,0.0,0.0,0.0,0.0,10244410.0,0.0,0.0,0.0,0.0
Q05753_118_H10N2,0.0,0.0,0.0,0.0,0.0,0.0,6991268.0,0.0,0.0,1679559.0,0.0,0.0,0.0,0.0,0.0,0.0,0.0,0.0
Q05753_118_H9N2,0.0,0.0,0.0,0.0,0.0,0.0,0.0,0.0,18582380.0,0.0,0.0,3838259.0,0.0,0.0,0.0,0.0,0.0,0.0
Q05762_318_H3N2Pen1,0.0,0.0,0.0,0.0,11567270.0,13446480.0,0.0,0.0,0.0,0.0,0.0,0.0,0.0,0.0,0.0,0.0,0.0,0.0
Q058N0_383_H3N3F1Pen1,0.0,0.0,0.0,0.0,0.0,0.0,0.0,0.0,0.0,0.0,0.0,0.0,0.0,0.0,0.0,9009962.0,0.0,0.0
Q058N4_384_H8N2,0.0,7408291.0,0.0,0.0,0.0,0.0,0.0,0.0,0.0,0.0,0.0,0.0,0.0,0.0,0.0,0.0,0.0,0.0
Q06378_302_H6N2,0.0,0.0,0.0,0.0,0.0,0.0,0.0,0.0,0.0,0.0,0.0,0.0,0.0,3239349.0,0.0,0.0,1209923.0,0.0
Q06378_302_H7N2,0.0,0.0,0.0,0.0,0.0,0.0,0.0,0.0,0.0,0.0,0.0,0.0,0.0,5162751.0,0.0,0.0,349628.0,0.0
Q06837_20_H3N2F1Pen1,0.0,0.0,0.0,0.0,0.0,0.0,0.0,0.0,10043940.0,0.0,0.0,0.0,0.0,0.0,0.0,0.0,0.0,0.0
Q06837_20_H3N4F1Pen1,0.0,0.0,6285321.0,0.0,0.0,280250.7,0.0,0.0,0.0,0.0,0.0,0.0,0.0,0.0,0.0,0.0,0.0,0.0
Q06FN1_130_H3N4F1Pen1,5841094.0,0.0,0.0,3368473.0,0.0,0.0,0.0,0.0,0.0,0.0,0.0,0.0,0.0,0.0,0.0,0.0,0.0,0.0
Q06FX1_140_H3N2F1Pen1,0.0,0.0,0.0,0.0,0.0,8641681.0,0.0,0.0,0.0,13714390.0,0.0,0.0,0.0,0.0,0.0,0.0,0.0,0.0
Q06FX1_928_H3N3F1Pen1,0.0,0.0,665510.1,0.0,0.0,13282210.0,0.0,0.0,0.0,13016640.0,11627700.0,0.0,0.0,0.0,0.0,0.0,6452437.0,0.0
Q06FX1_928_H3N4F1Pen1,0.0,0.0,0.0,0.0,0.0,0.0,0.0,0.0,0.0,0.0,0.0,28307830.0,0.0,0.0,0.0,0.0,0.0,0.0
Q06GK2_487_H3N2F1Pen1,0.0,0.0,0.0,0.0,0.0,0.0,0.0,0.0,0.0,0.0,9615961.0,0.0,0.0,0.0,0.0,0.0,0.0,0.0
Q06GQ1_52_H3N4F1Pen1,0.0,0.0,0.0,0.0,0.0,0.0,0.0,187058.5,0.0,0.0,3005531.0,0.0,0.0,0.0,0.0,0.0,0.0,0.0
Q06GR9_565_H3N2F1Pen1,0.0,0.0,0.0,0.0,9889336.0,10377910.0,0.0,0.0,0.0,0.0,0.0,0.0,0.0,0.0,0.0,0.0,0.0,0.0
Q06GR9_565_H3N3F1Pen1,0.0,0.0,0.0,0.0,5651118.0,0.0,0.0,0.0,0.0,0.0,0.0,0.0,0.0,0.0,0.0,0.0,0.0,0.0
Q06GS0_1177_H8N2,0.0,0.0,0.0,0.0,0.0,0.0,0.0,0.0,0.0,0.0,0.0,0.0,0.0,0.0,0.0,0.0,0.0,2497158.0
Q06GT4_202_H3N2F1Pen1,0.0,0.0,0.0,0.0,0.0,51776390.0,0.0,0.0,0.0,0.0,0.0,47391740.0,0.0,8140540.0,0.0,0.0,25760080.0,0.0
Q06GT4_769_H8N2,3413820.0,0.0,0.0,649591.0,0.0,0.0,0.0,0.0,0.0,0.0,0.0,0.0,0.0,0.0,0.0,0.0,0.0,0.0
Q06GT8_1809_H3N4F1Pen1,0.0,0.0,0.0,0.0,0.0,0.0,0.0,0.0,0.0,0.0,0.0,0.0,0.0,0.0,0.0,6049004.0,0.0,0.0
Q06GY8_208_H3N2F1Pen1,5470259.0,0.0,0.0,0.0,0.0,0.0,0.0,0.0,0.0,0.0,0.0,0.0,0.0,0.0,0.0,0.0,0.0,0.0
Q06H07_960_H3N4F1Pen1,0.0,0.0,0.0,0.0,0.0,0.0,0.0,0.0,0.0,0.0,0.0,0.0,0.0,0.0,0.0,0.0,0.0,20427940.0
Q06H11_111_H8N2,0.0,0.0,0.0,0.0,0.0,0.0,0.0,0.0,0.0,0.0,0.0,0.0,545789.3,0.0,0.0,3351161.0,0.0,0.0
Q06H11_125_H3N2F1Pen1,0.0,0.0,0.0,0.0,0.0,0.0,0.0,0.0,19656120.0,0.0,0.0,0.0,0.0,0.0,0.0,0.0,0.0,0.0
Q06R72_1494_H3N2F1Pen1,0.0,0.0,0.0,0.0,0.0,0.0,6452132.0,0.0,0.0,0.0,0.0,0.0,0.0,0.0,0.0,0.0,0.0,0.0
Q06R72_449_H3N2F1Pen1,0.0,0.0,0.0,0.0,0.0,0.0,0.0,0.0,0.0,23497690.0,0.0,9139059.0,0.0,0.0,0.0,17296740.0,0.0,0.0
Q06R83_589_H5N3F1Pen1,0.0,0.0,170004.2,0.0,0.0,2900529.0,0.0,0.0,0.0,0.0,0.0,0.0,0.0,0.0,0.0,0.0,0.0,0.0
Q06R93_28_H3N4F1Pen1,0.0,0.0,0.0,0.0,0.0,0.0,0.0,0.0,0.0,0.0,0.0,0.0,0.0,207365.7,0.0,0.0,27173050.0,0.0
Q06RA9_77_H3N2F1Pen1,0.0,0.0,0.0,0.0,0.0,0.0,0.0,0.0,83406800.0,0.0,0.0,0.0,0.0,0.0,0.0,0.0,0.0,0.0
Q06RB1_39_H4N3Pen1,0.0,0.0,0.0,0.0,0.0,5529661.0,0.0,0.0,0.0,0.0,0.0,0.0,0.0,0.0,0.0,0.0,0.0,0.0
Q06RE1_143_H3N4F1Pen1,0.0,20385560.0,0.0,0.0,791908.4,0.0,0.0,0.0,0.0,0.0,0.0,0.0,0.0,0.0,0.0,0.0,0.0,0.0
Q06RE1_516_H8N2,0.0,0.0,0.0,0.0,0.0,0.0,0.0,0.0,0.0,0.0,0.0,0.0,0.0,0.0,0.0,4882143.0,0.0,0.0
Q06RF0_50_H8N2,0.0,0.0,0.0,0.0,0.0,0.0,0.0,0.0,0.0,0.0,0.0,0.0,1102274.0,0.0,0.0,3347275.0,0.0,0.0
Q07970_581_H3N4F1Pen1,0.0,0.0,0.0,0.0,0.0,0.0,0.0,0.0,0.0,0.0,0.0,0.0,0.0,0.0,6880536.0,0.0,0.0,831425.8
Q08047_657_H7N2,0.0,0.0,0.0,0.0,0.0,0.0,0.0,0.0,0.0,0.0,5742593.0,0.0,0.0,0.0,0.0,0.0,0.0,0.0
Q08A72_358_H3N2F1Pen1,0.0,0.0,0.0,0.0,0.0,0.0,0.0,5263823.0,0.0,0.0,183067.3,0.0,0.0,0.0,0.0,0.0,0.0,0.0
Q08A72_358_H3N2Pen1,0.0,0.0,0.0,0.0,0.0,0.0,0.0,0.0,1693001.0,0.0,0.0,0.0,0.0,0.0,0.0,0.0,0.0,0.0
Q09152_71_H3N2F1Pen1,0.0,0.0,0.0,0.0,0.0,0.0,0.0,36332820.0,0.0,0.0,28595050.0,0.0,0.0,0.0,0.0,0.0,0.0,0.0
Q09FP6_15_H3N4Pen1,0.0,0.0,0.0,0.0,0.0,0.0,0.0,0.0,0.0,0.0,0.0,0.0,0.0,0.0,0.0,0.0,0.0,2315360.0
Q09FP8_1323_H3N4F1Pen1,0.0,2832346.0,0.0,0.0,1174872.0,0.0,0.0,0.0,0.0,0.0,0.0,0.0,0.0,0.0,0.0,0.0,0.0,0.0
Q09FP8_1323_H4N2Pen1,1178146.0,0.0,0.0,0.0,0.0,0.0,0.0,0.0,0.0,0.0,0.0,0.0,0.0,0.0,0.0,0.0,0.0,0.0
Q09FQ2_1116_H3N4Pen1,0.0,0.0,0.0,0.0,0.0,0.0,0.0,0.0,0.0,0.0,5162898.0,0.0,0.0,0.0,0.0,0.0,0.0,0.0
Q09FQ2_1116_H7N2,0.0,0.0,0.0,0.0,0.0,0.0,0.0,0.0,0.0,5909259.0,0.0,0.0,0.0,147194.4,0.0,4202350.0,2733208.0,0.0
Q09FQ2_1389_H7N2,0.0,0.0,0.0,0.0,10854580.0,0.0,0.0,0.0,0.0,0.0,0.0,0.0,0.0,0.0,0.0,0.0,0.0,0.0
Q09FQ2_388_H4N3Pen1,6242773.0,6927849.0,0.0,0.0,0.0,0.0,0.0,0.0,0.0,0.0,0.0,0.0,0.0,0.0,0.0,0.0,0.0,0.0
Q09FZ8_52_H3N2F1Pen1,0.0,0.0,0.0,0.0,0.0,8525702.0,0.0,0.0,0.0,0.0,0.0,0.0,0.0,0.0,0.0,0.0,0.0,0.0
Q09FZ8_52_H3N3F1Pen1,0.0,0.0,4283815.0,0.0,0.0,9262303.0,0.0,0.0,0.0,0.0,0.0,0.0,0.0,6338720.0,9190766.0,0.0,3189272.0,3068311.0
Q09FZ8_52_H4N3F1Pen1,0.0,7694055.0,0.0,0.0,10062870.0,10763070.0,0.0,0.0,0.0,0.0,0.0,0.0,0.0,0.0,11057480.0,0.0,0.0,6586737.0
Q09FZ8_52_H8N2,0.0,0.0,0.0,0.0,0.0,0.0,0.0,0.0,2078855.0,0.0,0.0,0.0,0.0,0.0,0.0,0.0,0.0,0.0
Q09G37_208_H3N2F1Pen1,0.0,6800261.0,0.0,0.0,804294.0,0.0,0.0,0.0,0.0,0.0,0.0,0.0,0.0,0.0,0.0,0.0,0.0,0.0
Q09G56_626_H9N2,0.0,0.0,0.0,0.0,0.0,0.0,0.0,5257899.0,0.0,0.0,23731640.0,0.0,0.0,0.0,0.0,0.0,0.0,0.0
Q09J78_215_H3N4F1Pen1,0.0,0.0,0.0,0.0,0.0,0.0,0.0,0.0,0.0,3908073.0,0.0,0.0,0.0,0.0,0.0,0.0,0.0,0.0
Q09MB4_2124_H3N3F1Pen1,184930.6,0.0,0.0,7711547.0,0.0,0.0,0.0,659311.9,606270.8,0.0,14527850.0,15113970.0,0.0,0.0,0.0,0.0,0.0,0.0
Q09ME5_184_H3N3F1Pen1,0.0,0.0,0.0,0.0,0.0,0.0,0.0,0.0,0.0,0.0,5387344.0,0.0,0.0,0.0,0.0,0.0,0.0,0.0
Q09MF6_32_H4N3F1Pen1,0.0,0.0,0.0,0.0,0.0,0.0,0.0,0.0,0.0,0.0,0.0,0.0,0.0,0.0,2387037.0,0.0,0.0,0.0
Q09MF6_32_H5N4F2Pen1,0.0,0.0,0.0,0.0,0.0,0.0,0.0,8899404.0,0.0,0.0,1281837.0,0.0,0.0,5122565.0,0.0,0.0,616369.4,0.0
Q09MI8_887_H3N2F1Pen1,0.0,3012524.0,0.0,0.0,0.0,0.0,0.0,0.0,0.0,0.0,0.0,0.0,0.0,0.0,0.0,0.0,0.0,0.0
Q09MI8_887_H4N3F1Pen1,0.0,12172490.0,0.0,0.0,1007920.0,0.0,0.0,0.0,0.0,0.0,0.0,0.0,0.0,0.0,0.0,0.0,0.0,0.0
Q09MI8_887_H4N3F2Pen1,0.0,0.0,0.0,0.0,0.0,0.0,0.0,0.0,4568294.0,0.0,0.0,0.0,0.0,0.0,0.0,0.0,0.0,0.0
Q09MI8_887_H4N4F1Pen1,0.0,2337993.0,0.0,0.0,0.0,0.0,0.0,0.0,0.0,0.0,0.0,0.0,0.0,0.0,0.0,0.0,0.0,0.0
Q09MI8_887_H4N4F2Pen1,0.0,7012478.0,0.0,0.0,0.0,0.0,0.0,0.0,0.0,0.0,0.0,0.0,0.0,0.0,0.0,0.0,0.0,0.0
Q09MI8_906_H3N2F1Pen1,78940440.0,0.0,0.0,36212180.0,0.0,0.0,0.0,0.0,0.0,0.0,0.0,0.0,0.0,0.0,0.0,0.0,0.0,0.0
Q09WW0_848_H9N2,0.0,3175655.0,0.0,0.0,813964.6,0.0,0.0,6971750.0,0.0,0.0,0.0,0.0,6550201.0,0.0,0.0,0.0,0.0,0.0
Q09X13_173_H3N2F1Pen1,0.0,0.0,0.0,0.0,0.0,0.0,0.0,3783330.0,0.0,0.0,0.0,0.0,2327746.0,0.0,0.0,428336.8,0.0,0.0
Q0D3B6_346_H3N3F1Pen1,0.0,0.0,0.0,0.0,0.0,0.0,0.0,0.0,0.0,0.0,0.0,0.0,7233952.0,25200400.0,0.0,33512980.0,38803110.0,0.0
Q0D3C8_351_H7N2,0.0,0.0,0.0,0.0,0.0,0.0,0.0,0.0,0.0,0.0,0.0,0.0,0.0,0.0,1411969.0,0.0,0.0,682383.1
Q0D4B2_415_H9N2,0.0,0.0,0.0,0.0,0.0,0.0,0.0,7368661.0,0.0,0.0,2424322.0,0.0,0.0,0.0,0.0,0.0,0.0,0.0
Q0D5G4_843_H3N2F1Pen1,0.0,0.0,0.0,0.0,0.0,0.0,31745730.0,0.0,0.0,3783742.0,0.0,0.0,0.0,0.0,0.0,0.0,0.0,0.0
Q0D5G4_843_H3N3F1Pen1,0.0,0.0,7571162.0,0.0,0.0,1889606.0,0.0,0.0,0.0,0.0,0.0,0.0,0.0,0.0,0.0,0.0,0.0,0.0
Q0D5R2_347_H3N3F1Pen1,0.0,0.0,0.0,0.0,0.0,0.0,0.0,0.0,1663464.0,0.0,0.0,3236818.0,0.0,0.0,0.0,0.0,0.0,0.0
Q0D5R2_347_H7N2,0.0,0.0,165163.1,0.0,0.0,3185826.0,0.0,0.0,0.0,0.0,0.0,0.0,0.0,0.0,0.0,0.0,0.0,0.0
Q0D5R2_347_H8N2,0.0,0.0,969632.6,0.0,0.0,9706410.0,0.0,0.0,0.0,0.0,0.0,0.0,0.0,0.0,0.0,0.0,0.0,0.0
Q0D9C7_356_H8N2,0.0,0.0,0.0,0.0,0.0,0.0,0.0,0.0,0.0,0.0,0.0,0.0,60132840.0,0.0,0.0,4208497.0,0.0,0.0
Q0DGD7_401_H3N3F1Pen1,0.0,0.0,0.0,0.0,0.0,0.0,0.0,0.0,0.0,0.0,0.0,0.0,0.0,3997894.0,3520889.0,0.0,0.0,0.0
Q0DGS1_247_H7N2,0.0,0.0,0.0,0.0,0.0,0.0,0.0,0.0,0.0,0.0,0.0,0.0,0.0,0.0,0.0,0.0,0.0,2886420.0
Q0DJC5_300_H8N2,0.0,0.0,0.0,0.0,0.0,0.0,0.0,0.0,0.0,0.0,0.0,0.0,0.0,0.0,7545558.0,0.0,0.0,249870.3
Q0DJC5_353_H9N2,0.0,0.0,0.0,0.0,1915213.0,0.0,0.0,0.0,0.0,0.0,0.0,0.0,0.0,1821589.0,0.0,0.0,1927480.0,0.0
Q0DK78_95_H3N2F1Pen1,0.0,0.0,0.0,0.0,0.0,50181890.0,0.0,0.0,0.0,86974620.0,62671970.0,0.0,0.0,0.0,0.0,0.0,0.0,0.0
Q0DK78_95_H3N3F1Pen1,0.0,0.0,0.0,0.0,14447520.0,16036980.0,0.0,0.0,0.0,29837490.0,0.0,0.0,0.0,194823.7,0.0,0.0,38037740.0,0.0
Q0DK78_95_H3N4F1Pen1,0.0,0.0,608000.4,0.0,0.0,21970600.0,0.0,0.0,0.0,0.0,0.0,0.0,0.0,0.0,0.0,0.0,0.0,0.0
Q0DK78_95_H4N4F2Pen1,0.0,0.0,0.0,0.0,0.0,0.0,0.0,0.0,0.0,0.0,0.0,4843624.0,0.0,0.0,0.0,10682540.0,0.0,0.0
Q0DKP4_189_H3N2F1Pen1,0.0,0.0,0.0,1576267.0,0.0,0.0,0.0,0.0,0.0,0.0,0.0,0.0,0.0,0.0,0.0,0.0,0.0,0.0
Q0DKP4_189_H3N2Pen1,0.0,0.0,0.0,0.0,0.0,0.0,0.0,0.0,0.0,0.0,0.0,0.0,179776.4,0.0,0.0,3255204.0,0.0,0.0
Q0DKP4_189_H3N4F1Pen1,0.0,0.0,13025750.0,0.0,0.0,8586121.0,0.0,0.0,0.0,0.0,0.0,0.0,0.0,0.0,0.0,0.0,0.0,0.0
Q0DKP4_189_H4N4Pen1,0.0,0.0,0.0,0.0,0.0,0.0,0.0,0.0,0.0,0.0,0.0,0.0,0.0,8133139.0,0.0,0.0,13853930.0,0.0
Q0DKP4_220_H3N3Pen1,0.0,338358.2,0.0,0.0,6607393.0,0.0,0.0,0.0,0.0,0.0,0.0,0.0,0.0,0.0,0.0,0.0,0.0,0.0
Q0DVX2_215_H3N2F1Pen1,25156370.0,0.0,0.0,2550884.0,129104300.0,18301930.0,0.0,0.0,0.0,0.0,0.0,0.0,19037960.0,0.0,18039530.0,3104820.0,0.0,1263112.0
Q0DXS3_160_H3N2F1Pen1,0.0,0.0,0.0,0.0,0.0,0.0,22733090.0,0.0,0.0,0.0,0.0,0.0,0.0,0.0,0.0,0.0,0.0,0.0
Q0DXS3_160_H7N2,0.0,0.0,0.0,0.0,0.0,0.0,0.0,0.0,0.0,9764832.0,0.0,0.0,0.0,0.0,0.0,0.0,0.0,0.0
Q0DXZ1_632_H3N3F1Pen1,0.0,0.0,0.0,0.0,0.0,0.0,0.0,0.0,3244737.0,0.0,0.0,589654.9,0.0,0.0,0.0,0.0,0.0,0.0
Q0DY59_521_H3N2F1Pen1,0.0,0.0,0.0,0.0,0.0,6957213.0,0.0,0.0,0.0,0.0,0.0,0.0,8150889.0,0.0,0.0,902807.3,0.0,0.0
Q0DY81_645_H9N2,0.0,0.0,0.0,0.0,0.0,0.0,1086199.0,0.0,0.0,3794341.0,0.0,0.0,0.0,0.0,0.0,0.0,0.0,0.0
Q0E0C6_246_H3N2F1Pen1,0.0,0.0,0.0,0.0,0.0,0.0,0.0,0.0,0.0,0.0,0.0,0.0,0.0,0.0,617160.5,0.0,0.0,6335362.0
Q0E0C6_246_H3N2Pen1,0.0,0.0,0.0,0.0,0.0,0.0,23986560.0,0.0,0.0,0.0,0.0,0.0,0.0,0.0,0.0,0.0,0.0,0.0
Q0E0C6_246_H5N2,0.0,0.0,0.0,0.0,0.0,0.0,1528572.0,0.0,0.0,408383.4,0.0,0.0,0.0,0.0,0.0,0.0,0.0,0.0
Q0E0P0_158_H3N2F1Pen1,0.0,0.0,0.0,26029040.0,0.0,0.0,0.0,6820446.0,0.0,0.0,1463253.0,0.0,0.0,0.0,5516371.0,0.0,0.0,36837230.0
Q0E0P0_158_H3N4F1Pen1,1403467.0,0.0,0.0,1573417.0,0.0,0.0,4176993.0,0.0,0.0,5830808.0,0.0,0.0,0.0,1630167.0,0.0,0.0,3024672.0,0.0
Q0E0P0_158_H6N3,0.0,0.0,0.0,0.0,0.0,0.0,0.0,0.0,3708862.0,0.0,0.0,238215.2,0.0,2725889.0,0.0,0.0,0.0,0.0
Q0E2F9_377_H3N4F1Pen1,0.0,0.0,0.0,0.0,0.0,0.0,0.0,12747550.0,0.0,0.0,6882146.0,0.0,0.0,0.0,0.0,0.0,0.0,0.0
Q0E2L3_589_H8N2,0.0,0.0,0.0,0.0,0.0,7902188.0,0.0,0.0,0.0,59287840.0,0.0,0.0,0.0,0.0,270877.1,0.0,0.0,14133550.0
Q0E3V2_150_H3N2F1Pen1,0.0,8546191.0,0.0,0.0,1431117.0,0.0,0.0,0.0,0.0,0.0,0.0,0.0,0.0,0.0,0.0,0.0,0.0,0.0
Q0E474_348_H3N4F1Pen1,0.0,0.0,0.0,0.0,0.0,0.0,0.0,0.0,33235830.0,0.0,0.0,0.0,0.0,0.0,0.0,0.0,0.0,0.0
Q0G9F7_765_H3N2Pen1,0.0,0.0,0.0,0.0,0.0,0.0,0.0,6586690.0,0.0,0.0,1652318.0,0.0,0.0,0.0,0.0,0.0,0.0,0.0
Q0G9H2_464_H3N2F1Pen1,0.0,0.0,0.0,0.0,29013460.0,0.0,819242.9,0.0,424990.7,41049420.0,0.0,60231250.0,0.0,0.0,0.0,0.0,0.0,0.0
Q0G9Q4_1137_H6N2,0.0,0.0,0.0,0.0,0.0,0.0,0.0,0.0,0.0,0.0,0.0,0.0,0.0,0.0,0.0,17022760.0,0.0,0.0
Q0G9X2_516_H3N3F1Pen1,0.0,0.0,0.0,0.0,0.0,0.0,0.0,0.0,0.0,9922851.0,0.0,0.0,0.0,0.0,0.0,0.0,0.0,0.0
Q0G9X2_839_H3N2F1Pen1,33617030.0,0.0,0.0,12188320.0,0.0,0.0,0.0,0.0,0.0,0.0,0.0,0.0,0.0,0.0,0.0,0.0,0.0,0.0
Q0GZS3_534_H3N2F1Pen1,0.0,0.0,0.0,0.0,0.0,0.0,0.0,0.0,0.0,0.0,0.0,0.0,0.0,0.0,0.0,0.0,0.0,11407050.0
Q0INC5_472_H3N2F1Pen1,0.0,0.0,0.0,0.0,0.0,0.0,0.0,0.0,0.0,5563483.0,0.0,0.0,0.0,0.0,0.0,0.0,0.0,0.0
Q0INC5_513_H3N2F1Pen1,0.0,0.0,0.0,0.0,2895906.0,0.0,0.0,0.0,0.0,0.0,0.0,0.0,0.0,0.0,0.0,0.0,0.0,0.0
Q0INW1_408_H3N2F1Pen1,0.0,0.0,0.0,0.0,0.0,0.0,126968100.0,0.0,0.0,61862920.0,0.0,0.0,0.0,0.0,0.0,0.0,0.0,14479500.0
Q0INW1_408_H3N2Pen1,19006960.0,0.0,0.0,7030971.0,0.0,0.0,0.0,0.0,16819190.0,0.0,0.0,5266167.0,0.0,0.0,0.0,0.0,0.0,0.0
Q0INW1_408_H3N3F1Pen1,906458.9,0.0,0.0,2330728.0,0.0,0.0,0.0,0.0,0.0,0.0,0.0,0.0,0.0,20400980.0,6661524.0,0.0,24926690.0,30205730.0
Q0INW1_408_H4N4Pen1,0.0,0.0,45176700.0,0.0,0.0,24543510.0,66755220.0,0.0,0.0,42056750.0,0.0,0.0,41337980.0,0.0,38097510.0,29921340.0,0.0,28611160.0
Q0IP28_218_H3N2F1Pen1,0.0,0.0,0.0,0.0,89636270.0,0.0,0.0,30450900.0,1024296.0,0.0,145128800.0,58906830.0,9181141.0,0.0,0.0,34539750.0,0.0,0.0
Q0IP28_218_H3N4F1Pen1,0.0,0.0,0.0,0.0,0.0,0.0,0.0,901131.5,0.0,0.0,12258560.0,0.0,0.0,0.0,0.0,0.0,0.0,0.0
Q0IP28_218_H4N3Pen1,0.0,0.0,0.0,0.0,0.0,0.0,0.0,894647.3,0.0,0.0,3398599.0,0.0,0.0,0.0,0.0,0.0,0.0,0.0
Q0IQJ7_156_H3N2Pen1,0.0,0.0,0.0,0.0,0.0,0.0,33653960.0,0.0,0.0,3973129.0,0.0,0.0,0.0,0.0,0.0,0.0,0.0,0.0
Q0IQJ7_52_H3N4F1Pen1,0.0,0.0,0.0,0.0,0.0,0.0,0.0,0.0,0.0,0.0,0.0,0.0,0.0,0.0,2365622.0,0.0,0.0,6788555.0
Q0J0N4_114_H3N4F1Pen1,0.0,10508920.0,7950326.0,0.0,10345230.0,10867880.0,0.0,0.0,0.0,0.0,0.0,0.0,12417650.0,0.0,0.0,8216568.0,0.0,0.0
Q0J7J7_279_H3N3F1Pen1,0.0,0.0,0.0,0.0,0.0,0.0,0.0,0.0,0.0,0.0,6771665.0,0.0,0.0,0.0,0.0,0.0,0.0,0.0
Q0J7U6_969_H10N2,0.0,0.0,0.0,0.0,0.0,0.0,0.0,0.0,1896891.0,0.0,0.0,8076174.0,0.0,0.0,918181.4,0.0,0.0,8712544.0
Q0J952_577_H3N2F1Pen1,0.0,0.0,0.0,0.0,0.0,0.0,0.0,0.0,0.0,0.0,5417559.0,0.0,0.0,0.0,0.0,0.0,0.0,0.0
Q0J954_46_H3N2F1Pen1,0.0,0.0,0.0,47628040.0,0.0,0.0,0.0,0.0,0.0,0.0,71103560.0,0.0,0.0,0.0,0.0,0.0,0.0,0.0
Q0JAA0_51_H3N4F1Pen1,2693403.0,0.0,0.0,935689.6,0.0,0.0,3920184.0,0.0,0.0,807402.2,0.0,0.0,0.0,0.0,0.0,0.0,0.0,0.0
Q0JDM0_401_H3N4F1Pen1,0.0,0.0,12780550.0,0.0,0.0,0.0,0.0,0.0,0.0,0.0,0.0,0.0,0.0,0.0,0.0,0.0,0.0,0.0
Q0JF01_346_H4N2Pen1,0.0,0.0,0.0,0.0,0.0,0.0,9730520.0,0.0,0.0,2328929.0,0.0,0.0,0.0,0.0,0.0,0.0,0.0,0.0
Q0JF58_452_H3N3F1Pen1,0.0,0.0,0.0,0.0,0.0,0.0,0.0,0.0,0.0,0.0,0.0,0.0,0.0,0.0,1170631.0,0.0,0.0,7406381.0
Q0JFH7_61_H3N2F1Pen1,0.0,0.0,0.0,0.0,0.0,0.0,6079153.0,0.0,0.0,1519866.0,0.0,0.0,0.0,0.0,0.0,0.0,0.0,0.0
Q0JFI2_190_H3N2F1Pen1,0.0,0.0,0.0,0.0,0.0,0.0,0.0,0.0,340757.3,0.0,0.0,5572219.0,0.0,0.0,0.0,0.0,0.0,0.0
Q0JHU7_213_H3N4F1Pen1,0.0,0.0,0.0,0.0,0.0,0.0,0.0,0.0,4464739.0,0.0,0.0,2634958.0,0.0,0.0,0.0,0.0,0.0,0.0
Q0JI49_31_H3N2Pen1,0.0,0.0,73547.9,0.0,0.0,18473830.0,0.0,0.0,0.0,0.0,0.0,13488320.0,0.0,0.0,0.0,11861140.0,0.0,10754150.0
Q0JIF2_340_H3N2F1Pen1,0.0,0.0,0.0,0.0,0.0,0.0,0.0,0.0,0.0,0.0,0.0,0.0,0.0,9135224.0,0.0,0.0,0.0,0.0
Q0JIF2_340_H8N2,0.0,0.0,0.0,0.0,0.0,0.0,0.0,0.0,0.0,0.0,0.0,0.0,0.0,166332.6,0.0,0.0,4886679.0,0.0
Q0JIF2_340_H9N2,0.0,0.0,0.0,0.0,0.0,0.0,0.0,1339282.0,0.0,0.0,16440210.0,0.0,0.0,0.0,0.0,0.0,0.0,0.0
Q0JIZ1_506_H3N2F1Pen1,0.0,0.0,0.0,0.0,0.0,0.0,11277710.0,0.0,0.0,4081813.0,0.0,0.0,0.0,0.0,0.0,0.0,0.0,0.0
Q0JJ01_279_H3N2F1Pen1,0.0,0.0,0.0,0.0,0.0,0.0,0.0,0.0,0.0,0.0,12727270.0,0.0,0.0,0.0,0.0,0.0,0.0,0.0
Q0JJ01_279_H3N2Pen1,0.0,0.0,0.0,954423.0,0.0,0.0,0.0,0.0,0.0,0.0,0.0,0.0,0.0,0.0,0.0,0.0,0.0,0.0
Q0JJ01_279_H3N3F1Pen1,0.0,0.0,0.0,0.0,0.0,0.0,0.0,0.0,0.0,0.0,12520280.0,0.0,0.0,0.0,0.0,0.0,0.0,0.0
Q0JJ01_279_H4N3F1Pen1,636236.1,0.0,0.0,7805314.0,0.0,0.0,0.0,480960.7,0.0,0.0,12575640.0,0.0,0.0,0.0,0.0,0.0,0.0,0.0
Q0JJ01_279_H4N4Pen1,0.0,0.0,0.0,0.0,0.0,0.0,0.0,0.0,8494469.0,0.0,0.0,1783963.0,0.0,0.0,0.0,0.0,0.0,0.0
Q0JJ01_559_H5N4F2Pen1,0.0,0.0,0.0,0.0,0.0,3870818.0,0.0,0.0,0.0,0.0,0.0,0.0,0.0,0.0,0.0,0.0,0.0,0.0
Q0JJZ6_647_H7N2,0.0,0.0,0.0,0.0,0.0,0.0,0.0,0.0,0.0,4167622.0,0.0,0.0,0.0,0.0,0.0,0.0,0.0,0.0
Q0JJZ6_647_H8N2,0.0,0.0,0.0,0.0,0.0,0.0,0.0,0.0,0.0,0.0,0.0,0.0,0.0,0.0,0.0,3922115.0,0.0,0.0
Q0JJZ6_647_H9N2,0.0,0.0,0.0,0.0,0.0,0.0,0.0,0.0,0.0,0.0,0.0,0.0,0.0,0.0,0.0,0.0,4173927.0,0.0
Q0JKI9_463_H4N3Pen1,0.0,0.0,0.0,0.0,0.0,0.0,0.0,0.0,0.0,0.0,0.0,6876848.0,0.0,0.0,0.0,0.0,0.0,0.0
Q0JL44_55_H7N2,0.0,0.0,0.0,0.0,0.0,0.0,1537123.0,0.0,0.0,0.0,0.0,0.0,0.0,0.0,0.0,0.0,0.0,0.0
Q0JMW0_144_H3N2F1Pen1,0.0,0.0,0.0,0.0,0.0,0.0,0.0,0.0,0.0,9412192.0,0.0,0.0,0.0,0.0,0.0,0.0,0.0,0.0
Q0JNI9_390_H3N2F1Pen1,3698360.0,0.0,2243408.0,0.0,0.0,0.0,0.0,0.0,0.0,0.0,0.0,0.0,0.0,0.0,0.0,0.0,0.0,0.0
Q0JNI9_390_H3N4F1Pen1,26477750.0,0.0,0.0,1326226.0,0.0,0.0,0.0,0.0,0.0,0.0,0.0,0.0,0.0,0.0,0.0,0.0,0.0,0.0
Q0JNI9_390_H3N4Pen1,0.0,7564704.0,0.0,0.0,582902.0,0.0,0.0,2978605.0,0.0,0.0,0.0,0.0,0.0,0.0,0.0,0.0,0.0,0.0
Q0JNI9_390_H4N4Pen1,9172807.0,0.0,0.0,6718110.0,0.0,0.0,0.0,0.0,0.0,0.0,0.0,0.0,0.0,0.0,0.0,0.0,0.0,0.0
Q0JNI9_390_H6N2,1717412.0,0.0,0.0,0.0,0.0,0.0,0.0,0.0,0.0,0.0,0.0,0.0,0.0,0.0,0.0,0.0,0.0,0.0
Q0JNI9_390_H7N2,8369912.0,6632982.0,0.0,709226.1,0.0,0.0,0.0,0.0,0.0,0.0,0.0,0.0,0.0,0.0,0.0,0.0,0.0,0.0
Q0P3L7_56_H4N2F1Pen1,0.0,0.0,0.0,0.0,0.0,0.0,0.0,16133280.0,0.0,0.0,730108.8,0.0,0.0,0.0,0.0,0.0,0.0,0.0
Q0P3L7_56_H4N2Pen1,0.0,0.0,0.0,0.0,0.0,0.0,0.0,4385768.0,0.0,0.0,0.0,0.0,0.0,0.0,0.0,0.0,0.0,0.0
Q0P3M4_7_H6N2,0.0,0.0,0.0,0.0,0.0,0.0,0.0,0.0,0.0,0.0,6006363.0,0.0,0.0,0.0,0.0,0.0,0.0,0.0
Q0PW40_291_H10N2,0.0,0.0,0.0,0.0,0.0,0.0,0.0,0.0,0.0,0.0,0.0,0.0,0.0,10902550.0,0.0,0.0,3255831.0,0.0
Q0PW40_291_H9N2,0.0,0.0,0.0,0.0,0.0,0.0,0.0,0.0,0.0,0.0,0.0,0.0,0.0,0.0,8100866.0,0.0,0.0,2592247.0
Q0V865_263_H9N2,0.0,3980452.0,0.0,0.0,0.0,0.0,0.0,0.0,0.0,0.0,0.0,0.0,0.0,0.0,0.0,0.0,0.0,0.0
Q0WKV3_53_H3N2F1Pen1,0.0,38784850.0,0.0,0.0,2870507.0,0.0,0.0,0.0,0.0,0.0,0.0,0.0,0.0,0.0,0.0,0.0,0.0,0.0
Q0WLC6_652_H3N3F1Pen1,0.0,0.0,0.0,0.0,0.0,0.0,0.0,0.0,0.0,0.0,0.0,0.0,3751882.0,0.0,0.0,0.0,0.0,0.0
Q0WN69_442_H3N2F1Pen1,0.0,30081160.0,0.0,0.0,2000369.0,0.0,0.0,0.0,0.0,0.0,0.0,0.0,0.0,0.0,0.0,0.0,0.0,0.0
Q0WN69_467_H3N3F1Pen1,0.0,0.0,2285979.0,0.0,0.0,2878521.0,0.0,0.0,0.0,0.0,0.0,0.0,0.0,0.0,0.0,0.0,0.0,0.0
Q0WN69_467_H3N4F1Pen1,0.0,0.0,0.0,0.0,0.0,0.0,0.0,0.0,0.0,0.0,0.0,0.0,0.0,0.0,0.0,0.0,0.0,6619008.0
Q0WNR2_247_H7N3,0.0,0.0,0.0,0.0,0.0,0.0,0.0,0.0,0.0,0.0,0.0,31047800.0,0.0,0.0,0.0,0.0,0.0,0.0
Q0WPH8_408_H3N2F1Pen1,0.0,38672130.0,0.0,0.0,17041550.0,0.0,0.0,0.0,0.0,0.0,0.0,0.0,0.0,0.0,0.0,0.0,0.0,0.0
Q0WPH8_408_H3N2Pen1,0.0,0.0,0.0,0.0,0.0,0.0,0.0,0.0,0.0,0.0,0.0,0.0,0.0,0.0,3710806.0,0.0,0.0,0.0
Q0WPH8_408_H4N4F2Pen1,0.0,5547195.0,0.0,0.0,2425377.0,0.0,0.0,0.0,0.0,0.0,0.0,0.0,0.0,0.0,0.0,0.0,0.0,0.0
Q0WPH8_441_H3N2F1Pen1,0.0,0.0,0.0,0.0,0.0,0.0,0.0,44480730.0,11805480.0,0.0,57502240.0,0.0,0.0,0.0,11427340.0,0.0,0.0,0.0
Q0WPH8_441_H3N2Pen1,0.0,0.0,817456.0,0.0,0.0,902702.8,0.0,0.0,0.0,0.0,0.0,0.0,0.0,0.0,0.0,0.0,0.0,0.0
Q0WPH8_441_H3N3F1Pen1,0.0,0.0,4702122.0,0.0,0.0,6307815.0,0.0,0.0,0.0,0.0,0.0,0.0,0.0,0.0,0.0,0.0,0.0,0.0
Q0WPH8_441_H3N4F1Pen1,0.0,9285355.0,0.0,0.0,11930780.0,0.0,0.0,0.0,0.0,0.0,0.0,0.0,0.0,0.0,0.0,0.0,0.0,0.0
Q0WPH8_441_H4N3F1Pen1,0.0,5913640.0,7511589.0,0.0,8770498.0,12911620.0,0.0,0.0,0.0,0.0,0.0,0.0,0.0,0.0,0.0,0.0,0.0,0.0
Q0WPH8_693_H3N2F1Pen1,0.0,0.0,0.0,0.0,0.0,0.0,16006830.0,0.0,21866130.0,65239130.0,0.0,92405250.0,0.0,0.0,0.0,0.0,0.0,0.0
Q0WPH8_693_H3N3F1Pen1,0.0,0.0,0.0,0.0,0.0,0.0,0.0,0.0,7613092.0,0.0,0.0,38188650.0,0.0,0.0,0.0,0.0,0.0,0.0
Q0WPH8_693_H4N3Pen1,0.0,0.0,0.0,0.0,0.0,0.0,0.0,0.0,0.0,17274850.0,0.0,21356350.0,0.0,0.0,0.0,0.0,0.0,0.0
Q0WPJ7_544_H7N2,0.0,0.0,0.0,0.0,0.0,0.0,0.0,2937335.0,0.0,0.0,0.0,0.0,0.0,0.0,0.0,0.0,0.0,0.0
Q0WPJ7_544_H8N2,25517060.0,0.0,30343910.0,4081228.0,0.0,3634214.0,0.0,9639424.0,0.0,0.0,964370.3,0.0,0.0,0.0,1978494.0,0.0,0.0,0.0
Q0WPJ7_553_H3N2F1Pen1,0.0,0.0,9353999.0,0.0,0.0,183464.6,0.0,0.0,0.0,0.0,0.0,0.0,0.0,0.0,0.0,0.0,0.0,0.0
Q0WPJ7_728_H3N2F1Pen1,0.0,0.0,0.0,0.0,0.0,0.0,0.0,0.0,0.0,0.0,0.0,2224898.0,0.0,0.0,0.0,0.0,0.0,0.0
Q0WPJ7_728_H3N4Pen1,0.0,0.0,0.0,0.0,6821309.0,0.0,0.0,0.0,0.0,0.0,0.0,0.0,0.0,0.0,0.0,0.0,0.0,0.0
Q0WPN8_136_H3N3F1Pen1,0.0,0.0,0.0,0.0,0.0,0.0,0.0,0.0,0.0,0.0,0.0,12590130.0,0.0,0.0,0.0,0.0,0.0,0.0
Q0WPS2_250_H3N4Pen1,0.0,0.0,0.0,0.0,0.0,0.0,0.0,0.0,707767.3,0.0,0.0,4082769.0,0.0,0.0,0.0,0.0,0.0,0.0
Q0WPS2_250_H4N4F1Pen1,0.0,0.0,0.0,0.0,0.0,0.0,1234120.0,0.0,0.0,3788707.0,0.0,0.0,0.0,0.0,0.0,0.0,0.0,0.0
Q0WPT7_112_H3N4F1Pen1,0.0,0.0,0.0,0.0,0.0,0.0,0.0,0.0,0.0,0.0,4807632.0,0.0,0.0,0.0,0.0,0.0,0.0,0.0
Q0WPU1_1208_H3N4F1Pen1,0.0,0.0,0.0,0.0,4289977.0,0.0,0.0,0.0,0.0,0.0,0.0,0.0,0.0,0.0,0.0,0.0,0.0,0.0
Q0WPW5_430_H4N3Pen1,0.0,0.0,0.0,0.0,0.0,0.0,0.0,0.0,0.0,0.0,0.0,0.0,3728914.0,0.0,0.0,148984.0,0.0,0.0
Q0WQ07_187_H3N2F1Pen1,0.0,0.0,0.0,0.0,0.0,65740860.0,0.0,0.0,0.0,0.0,0.0,0.0,0.0,0.0,0.0,0.0,0.0,0.0
Q0WQ07_187_H3N4F1Pen1,0.0,0.0,0.0,0.0,0.0,0.0,0.0,0.0,0.0,0.0,0.0,0.0,0.0,477184.3,0.0,0.0,8427905.0,0.0
Q0WQ63_236_H4N3F1Pen1,0.0,0.0,0.0,0.0,0.0,2313507.0,0.0,0.0,0.0,0.0,0.0,0.0,0.0,0.0,0.0,0.0,0.0,0.0
Q0WQ75_134_H3N2F1Pen1,0.0,0.0,0.0,0.0,0.0,0.0,0.0,0.0,0.0,0.0,0.0,0.0,0.0,28238000.0,0.0,0.0,22264440.0,0.0
Q0WQ75_134_H4N2Pen1,0.0,0.0,0.0,0.0,0.0,0.0,0.0,0.0,16015440.0,0.0,0.0,12818870.0,0.0,0.0,17669760.0,0.0,0.0,10324070.0
Q0WQD2_545_H3N4F1Pen1,0.0,366529.4,0.0,0.0,5680530.0,0.0,0.0,0.0,0.0,0.0,0.0,0.0,0.0,0.0,0.0,0.0,0.0,0.0
Q0WQD2_578_H4N2Pen1,0.0,0.0,0.0,0.0,7197849.0,0.0,0.0,0.0,0.0,0.0,0.0,0.0,0.0,0.0,0.0,0.0,0.0,0.0
Q0WQQ1_209_H8N2,1079321.0,0.0,881833.5,5027395.0,0.0,5287948.0,0.0,0.0,0.0,0.0,0.0,0.0,0.0,0.0,0.0,0.0,0.0,0.0
Q0WQX9_89_H3N2Pen1,0.0,0.0,0.0,0.0,0.0,0.0,0.0,0.0,0.0,2460249.0,3118935.0,0.0,0.0,0.0,0.0,0.0,0.0,0.0
Q0WQX9_96_H3N2Pen1,0.0,0.0,0.0,5163225.0,0.0,0.0,0.0,0.0,0.0,0.0,0.0,0.0,0.0,0.0,0.0,0.0,0.0,0.0
Q0WRB0_368_H3N3F1Pen1,0.0,0.0,0.0,0.0,0.0,0.0,0.0,3301544.0,0.0,0.0,0.0,0.0,0.0,0.0,0.0,0.0,0.0,0.0
Q0WSF1_588_H3N2F1Pen1,0.0,0.0,0.0,0.0,0.0,0.0,39470300.0,0.0,0.0,29523270.0,0.0,0.0,0.0,13748910.0,0.0,0.0,9573903.0,0.0
Q0WSY2_387_H7N2,0.0,0.0,0.0,0.0,0.0,0.0,0.0,0.0,0.0,0.0,0.0,0.0,0.0,4337187.0,0.0,0.0,411065.0,0.0
Q0WSY2_387_H8N2,0.0,11249440.0,0.0,0.0,6703047.0,0.0,0.0,0.0,0.0,0.0,0.0,0.0,0.0,0.0,0.0,0.0,0.0,0.0
Q0WSY2_614_H3N2F1Pen1,0.0,0.0,0.0,0.0,0.0,0.0,0.0,0.0,0.0,0.0,0.0,0.0,0.0,183062.7,0.0,0.0,3951285.0,0.0
Q0WSY2_956_H3N4F1Pen1,0.0,0.0,0.0,0.0,0.0,0.0,6425549.0,0.0,4236312.0,2541632.0,0.0,36378020.0,0.0,0.0,0.0,0.0,0.0,32104700.0
Q0WSZ8_154_H7N2,0.0,0.0,0.0,0.0,0.0,0.0,0.0,0.0,0.0,0.0,0.0,0.0,0.0,0.0,0.0,0.0,4788405.0,0.0
Q0WSZ8_154_H8N2,0.0,0.0,0.0,0.0,0.0,0.0,0.0,0.0,0.0,0.0,0.0,0.0,0.0,0.0,0.0,5063110.0,0.0,6826735.0
Q0WT31_178_H3N2F1Pen1,0.0,0.0,0.0,5091245.0,0.0,0.0,0.0,0.0,0.0,0.0,0.0,0.0,0.0,0.0,0.0,0.0,0.0,0.0
Q0WTI8_13_H3N2F1Pen1,0.0,0.0,0.0,0.0,0.0,0.0,0.0,0.0,0.0,0.0,0.0,0.0,17387850.0,0.0,0.0,0.0,0.0,0.0
Q0WTI8_45_H3N4F1Pen1,0.0,0.0,0.0,0.0,0.0,0.0,0.0,0.0,13995580.0,0.0,0.0,0.0,0.0,0.0,0.0,0.0,0.0,0.0
Q0WUG6_902_H7N2,0.0,0.0,0.0,0.0,0.0,0.0,0.0,0.0,3886260.0,0.0,0.0,0.0,0.0,0.0,0.0,0.0,0.0,0.0
Q0WUR5_1141_H4N3Pen1,0.0,7518955.0,0.0,0.0,585196.6,0.0,0.0,0.0,0.0,0.0,0.0,0.0,0.0,0.0,0.0,0.0,0.0,0.0
Q0WUR5_1755_H3N2F1Pen1,0.0,0.0,0.0,0.0,0.0,0.0,0.0,0.0,62370210.0,0.0,0.0,472242.8,0.0,0.0,0.0,0.0,0.0,0.0
Q0WUR5_1755_H3N2Pen1,0.0,0.0,0.0,0.0,0.0,0.0,0.0,2582063.0,0.0,0.0,0.0,0.0,0.0,0.0,0.0,0.0,0.0,0.0
Q0WUR5_27_H3N2F1Pen1,0.0,0.0,0.0,0.0,0.0,0.0,12663690.0,0.0,0.0,2221719.0,0.0,0.0,0.0,0.0,0.0,0.0,0.0,0.0
Q0WW17_129_H3N2F1Pen1,0.0,13112030.0,0.0,0.0,0.0,0.0,0.0,0.0,0.0,0.0,0.0,0.0,0.0,0.0,0.0,0.0,0.0,0.0
Q0WW26_489_H3N4F1Pen1,0.0,0.0,0.0,0.0,0.0,0.0,0.0,0.0,0.0,0.0,0.0,0.0,10865390.0,0.0,0.0,742978.4,0.0,0.0
Q0WW26_672_H3N2F1Pen1,0.0,0.0,0.0,0.0,0.0,0.0,55050610.0,0.0,0.0,13533040.0,0.0,0.0,0.0,0.0,0.0,0.0,0.0,0.0
Q0WW26_672_H4N2Pen1,0.0,0.0,0.0,0.0,0.0,0.0,26515200.0,0.0,0.0,13863980.0,0.0,0.0,0.0,0.0,0.0,0.0,0.0,0.0
Q0WW84_377_H4N2Pen1,2066734.0,0.0,0.0,847708.3,0.0,0.0,0.0,0.0,0.0,0.0,0.0,0.0,0.0,0.0,0.0,0.0,0.0,0.0
Q0WWX5_326_H3N2Pen1,0.0,0.0,0.0,0.0,0.0,0.0,0.0,2724720.0,0.0,0.0,3108756.0,0.0,0.0,0.0,0.0,0.0,0.0,0.0
Q0ZJ11_245_H7N2,0.0,0.0,0.0,0.0,0.0,0.0,0.0,0.0,0.0,0.0,0.0,0.0,0.0,0.0,0.0,2514996.0,0.0,0.0
Q10717_125_H8N2,0.0,0.0,0.0,0.0,0.0,0.0,0.0,0.0,0.0,0.0,0.0,0.0,0.0,3200422.0,0.0,0.0,0.0,0.0
Q10989_20_H3N2F1Pen1,103810.0,0.0,0.0,3891374.0,0.0,0.0,0.0,0.0,0.0,0.0,0.0,0.0,0.0,0.0,0.0,0.0,0.0,0.0
Q10989_44_H8N2,0.0,0.0,0.0,0.0,0.0,0.0,0.0,6810803.0,0.0,0.0,0.0,0.0,0.0,0.0,0.0,0.0,0.0,0.0
Q10BU2_178_H3N3F1Pen1,0.0,0.0,0.0,0.0,0.0,0.0,0.0,1874384.0,0.0,0.0,41561900.0,0.0,0.0,0.0,0.0,0.0,0.0,0.0
Q10BU2_178_H4N3Pen1,0.0,0.0,0.0,0.0,0.0,0.0,0.0,1129366.0,0.0,0.0,23895810.0,0.0,0.0,0.0,0.0,0.0,0.0,0.0
Q10BX9_276_H3N2F1Pen1,0.0,0.0,0.0,0.0,0.0,0.0,0.0,0.0,0.0,0.0,0.0,0.0,5663784.0,0.0,0.0,0.0,0.0,0.0
Q10CE4_196_H8N2,1134453.0,0.0,0.0,3559283.0,0.0,0.0,0.0,0.0,0.0,0.0,0.0,0.0,0.0,0.0,0.0,0.0,0.0,0.0
Q10CQ1_209_H7N2,0.0,0.0,0.0,0.0,0.0,0.0,0.0,270423.0,0.0,0.0,5695948.0,0.0,0.0,0.0,0.0,0.0,0.0,0.0
Q10E64_494_H3N2F1Pen1,0.0,0.0,0.0,0.0,0.0,7756843.0,0.0,0.0,0.0,0.0,56919280.0,0.0,0.0,0.0,0.0,0.0,0.0,59817250.0
Q10E64_494_H3N3F1Pen1,0.0,0.0,0.0,0.0,0.0,0.0,0.0,0.0,0.0,0.0,0.0,13042110.0,0.0,0.0,0.0,0.0,12398500.0,10061970.0
Q10E64_494_H4N3F1Pen1,636236.1,0.0,0.0,9160106.0,0.0,0.0,0.0,0.0,0.0,0.0,0.0,11408630.0,0.0,0.0,355987.7,0.0,0.0,11091060.0
Q10E64_494_H4N3F2Pen1,0.0,0.0,0.0,0.0,0.0,0.0,0.0,0.0,345544.3,0.0,0.0,4666332.0,0.0,0.0,0.0,0.0,3097073.0,0.0
Q10F39_371_H7N2,0.0,0.0,0.0,0.0,0.0,0.0,0.0,0.0,0.0,0.0,15963470.0,0.0,0.0,0.0,0.0,8668696.0,0.0,0.0
Q10HL3_214_H3N2Pen1,0.0,0.0,0.0,0.0,0.0,0.0,0.0,3561377.0,0.0,0.0,0.0,0.0,0.0,0.0,0.0,0.0,0.0,0.0
Q10HL3_214_H3N3F1Pen1,0.0,0.0,0.0,0.0,0.0,0.0,15953480.0,0.0,0.0,584032.2,0.0,0.0,0.0,0.0,0.0,0.0,0.0,0.0
Q10HL3_214_H4N4F1Pen1,0.0,5517913.0,0.0,0.0,555339.4,0.0,0.0,0.0,0.0,0.0,0.0,0.0,0.0,0.0,0.0,0.0,0.0,0.0
Q10HL3_445_H8N2,0.0,0.0,0.0,0.0,0.0,5679303.0,0.0,0.0,0.0,0.0,0.0,0.0,0.0,0.0,0.0,0.0,0.0,0.0
Q10I26_294_H3N3F1Pen1,0.0,0.0,0.0,0.0,0.0,0.0,0.0,0.0,35233570.0,0.0,0.0,22600980.0,0.0,0.0,0.0,0.0,0.0,0.0
Q10I26_294_H3N4F1Pen1,0.0,0.0,0.0,0.0,0.0,0.0,13404850.0,0.0,0.0,10633830.0,0.0,0.0,0.0,10147330.0,0.0,0.0,20667750.0,0.0
Q10I26_294_H4N3Pen1,0.0,0.0,0.0,0.0,0.0,0.0,0.0,0.0,0.0,0.0,0.0,0.0,0.0,0.0,8559787.0,0.0,0.0,11771130.0
Q10I26_294_H7N2,0.0,0.0,1776411.0,0.0,0.0,14785180.0,0.0,0.0,0.0,0.0,0.0,0.0,0.0,0.0,0.0,0.0,0.0,0.0
Q10I26_294_H8N2,0.0,0.0,0.0,162282300.0,0.0,0.0,0.0,0.0,0.0,0.0,0.0,0.0,0.0,0.0,0.0,16586830.0,0.0,0.0
Q10LF7_10_H7N2,0.0,3702129.0,0.0,0.0,2940502.0,0.0,0.0,0.0,3699768.0,0.0,0.0,2084985.0,3245207.0,3456554.0,0.0,5141463.0,3822675.0,0.0
Q10LF7_10_H8N2,0.0,14669100.0,28835020.0,0.0,15113790.0,32045760.0,13660120.0,19893850.0,21106130.0,18780630.0,24905950.0,24685070.0,0.0,14267440.0,31685230.0,0.0,24596670.0,55892510.0
Q10LJ0_768_H3N2F1Pen1,0.0,676492.7,0.0,0.0,6078041.0,0.0,0.0,0.0,0.0,8082964.0,0.0,0.0,0.0,0.0,0.0,0.0,0.0,0.0
Q10LJ0_768_H3N2Pen1,0.0,498862.3,0.0,0.0,25172640.0,11566560.0,0.0,0.0,0.0,0.0,15781690.0,31214400.0,0.0,0.0,0.0,22226970.0,0.0,0.0
Q10LX4_24_H4N4Pen1,0.0,0.0,0.0,0.0,0.0,0.0,0.0,22098600.0,0.0,0.0,1503837.0,0.0,0.0,0.0,0.0,0.0,0.0,0.0
Q10MN5_982_H3N2Pen1,0.0,0.0,385021.5,0.0,0.0,1210962.0,0.0,0.0,0.0,0.0,0.0,0.0,0.0,0.0,0.0,0.0,3774954.0,0.0
Q10N05_165_H8N2,4831596.0,0.0,0.0,9396352.0,0.0,0.0,0.0,0.0,0.0,0.0,0.0,0.0,0.0,0.0,0.0,0.0,0.0,0.0
Q10NQ3_307_H3N4F1Pen1,0.0,0.0,0.0,0.0,0.0,0.0,15158920.0,0.0,0.0,99267900.0,0.0,0.0,5617802.0,0.0,0.0,37027240.0,0.0,0.0
Q10NT7_329_H7N2,0.0,0.0,0.0,0.0,0.0,0.0,0.0,0.0,0.0,0.0,0.0,0.0,0.0,0.0,0.0,0.0,0.0,1351945.0
Q10NT7_329_H8N2,0.0,1695651.0,0.0,0.0,3179828.0,0.0,3004144.0,0.0,925309.4,4102922.0,0.0,4381121.0,0.0,1433577.0,593065.8,0.0,4340350.0,3764903.0
Q10P67_307_H4N3F2Pen1,0.0,0.0,0.0,0.0,0.0,0.0,0.0,0.0,0.0,0.0,0.0,0.0,7805750.0,0.0,0.0,446512.7,0.0,0.0
Q10P67_307_H4N4F2Pen1,0.0,0.0,6564549.0,0.0,0.0,0.0,0.0,0.0,0.0,0.0,0.0,0.0,0.0,0.0,0.0,0.0,0.0,0.0
Q10PW9_71_H4N2Pen1,0.0,0.0,0.0,0.0,0.0,0.0,0.0,4331891.0,0.0,0.0,381476.8,0.0,0.0,0.0,0.0,0.0,0.0,0.0
Q10PW9_71_H5N4F2Pen1,0.0,0.0,3126683.0,0.0,0.0,13014720.0,0.0,0.0,0.0,0.0,0.0,0.0,0.0,0.0,0.0,0.0,0.0,0.0
Q10Q07_187_H3N2F1Pen1,0.0,0.0,0.0,0.0,0.0,0.0,59186140.0,0.0,0.0,0.0,0.0,0.0,0.0,0.0,0.0,0.0,0.0,0.0
Q10Q07_187_H3N2Pen1,0.0,0.0,0.0,0.0,0.0,0.0,0.0,2323473.0,1892253.0,0.0,0.0,0.0,0.0,0.0,0.0,0.0,0.0,0.0
Q10Q07_187_H3N3F1Pen1,0.0,13448700.0,8640503.0,0.0,157497.4,179586.0,0.0,0.0,0.0,0.0,0.0,0.0,0.0,0.0,6400088.0,0.0,0.0,0.0
Q10Q07_187_H4N4F1Pen1,0.0,21949940.0,0.0,0.0,0.0,0.0,0.0,0.0,0.0,0.0,0.0,0.0,0.0,0.0,0.0,0.0,0.0,0.0
Q10Q07_187_H4N4F2Pen1,0.0,0.0,0.0,0.0,0.0,0.0,0.0,0.0,26414410.0,0.0,0.0,0.0,0.0,0.0,0.0,0.0,0.0,0.0
Q10Q07_187_H5N4F1Pen1,0.0,0.0,0.0,0.0,0.0,0.0,0.0,33243960.0,0.0,0.0,1771932.0,0.0,0.0,0.0,0.0,0.0,0.0,0.0
Q10RP4_1303_H3N3F1Pen1,0.0,3895441.0,0.0,0.0,809653.6,0.0,0.0,0.0,3692251.0,0.0,0.0,0.0,0.0,0.0,0.0,0.0,0.0,0.0
Q10RP4_1303_H3N4F1Pen1,0.0,0.0,0.0,0.0,0.0,0.0,0.0,13064330.0,0.0,0.0,3068366.0,0.0,0.0,7198679.0,0.0,0.0,1757066.0,0.0
Q10RP4_1303_H4N4F2Pen1,1827894.0,0.0,0.0,0.0,0.0,0.0,0.0,0.0,0.0,0.0,0.0,0.0,0.0,0.0,0.0,0.0,0.0,0.0
Q10RP4_1303_H9N2,0.0,0.0,0.0,0.0,0.0,0.0,0.0,3006513.0,0.0,0.0,3756446.0,0.0,0.0,2558314.0,0.0,0.0,3011129.0,0.0
Q10RX7_747_H8N2,0.0,0.0,0.0,0.0,0.0,0.0,16435480.0,0.0,0.0,0.0,0.0,0.0,0.0,0.0,0.0,0.0,0.0,0.0
Q10S65_90_H4N2Pen1,0.0,3745588.0,0.0,0.0,0.0,0.0,0.0,0.0,0.0,0.0,0.0,0.0,0.0,0.0,0.0,0.0,0.0,0.0
Q10T32_261_H3N2F1Pen1,84940.77,0.0,0.0,3435438.0,0.0,0.0,0.0,0.0,0.0,0.0,0.0,0.0,0.0,0.0,0.0,0.0,0.0,0.0
Q147F9_298_H6N2,15059330.0,0.0,14238740.0,254557.5,0.0,721880.3,0.0,0.0,0.0,0.0,0.0,0.0,0.0,0.0,0.0,0.0,0.0,0.0
Q147G5_64_H2N2F1Pen1,0.0,0.0,0.0,0.0,0.0,0.0,0.0,0.0,0.0,0.0,0.0,0.0,0.0,0.0,0.0,0.0,0.0,5256718.0
Q14FE8_206_H2N2F1Pen1,0.0,0.0,0.0,0.0,0.0,0.0,0.0,0.0,0.0,0.0,0.0,0.0,3015645.0,0.0,0.0,276640.8,0.0,0.0
Q197W8_394_H2N3F2Pen1,0.0,0.0,0.0,0.0,0.0,0.0,9471557.0,0.0,0.0,0.0,0.0,0.0,0.0,0.0,0.0,0.0,0.0,0.0
Q1ECE0_103_H3N3F1Pen1,0.0,0.0,0.0,0.0,0.0,0.0,0.0,0.0,21260430.0,0.0,0.0,0.0,0.0,0.0,0.0,0.0,0.0,0.0
Q1ECE0_103_H4N4Pen1,0.0,0.0,0.0,0.0,0.0,0.0,0.0,0.0,0.0,0.0,0.0,0.0,22310620.0,0.0,0.0,0.0,0.0,0.0
Q1EG72_223_H3N2F1Pen1,0.0,0.0,0.0,0.0,0.0,0.0,0.0,0.0,0.0,0.0,0.0,0.0,0.0,7201727.0,0.0,0.0,4317729.0,0.0
Q1ENB6_209_H3N3F1Pen1,0.0,0.0,0.0,0.0,0.0,0.0,0.0,0.0,0.0,0.0,0.0,0.0,0.0,0.0,0.0,0.0,3303223.0,0.0
Q1H5E9_75_H3N3F1Pen1,0.0,0.0,0.0,0.0,0.0,0.0,0.0,30990860.0,0.0,0.0,0.0,0.0,0.0,0.0,0.0,0.0,0.0,0.0
Q1HDT3_726_H3N4F1Pen1,0.0,0.0,0.0,0.0,0.0,0.0,0.0,2859499.0,0.0,0.0,27072560.0,0.0,0.0,0.0,0.0,0.0,0.0,0.0
Q1HDT3_726_H4N3Pen1,0.0,0.0,0.0,0.0,0.0,0.0,0.0,0.0,0.0,0.0,7199029.0,0.0,0.0,0.0,0.0,0.0,0.0,0.0
Q1HDT3_726_H4N4Pen1,875128.3,0.0,0.0,56413660.0,0.0,0.0,0.0,0.0,0.0,0.0,0.0,0.0,0.0,0.0,0.0,0.0,39927210.0,0.0
Q1KXH4_1262_H3N4F1Pen1,0.0,0.0,496141.2,0.0,0.0,3751961.0,0.0,0.0,0.0,6414138.0,6619764.0,0.0,0.0,0.0,0.0,0.0,0.0,0.0
Q1KXR1_1049_H3N2Pen1,0.0,105888.0,0.0,0.0,9309299.0,0.0,0.0,0.0,0.0,0.0,0.0,0.0,0.0,0.0,0.0,0.0,0.0,22017210.0
Q1KXR1_1049_H3N3F1Pen1,0.0,0.0,0.0,0.0,0.0,41381090.0,0.0,0.0,527371.4,0.0,0.0,13730030.0,0.0,0.0,0.0,0.0,0.0,0.0
Q1KXR1_1268_H8N2,0.0,0.0,0.0,0.0,0.0,0.0,0.0,0.0,0.0,0.0,0.0,0.0,3698113.0,0.0,0.0,0.0,0.0,0.0
Q1KXS7_183_H3N3F1Pen1,0.0,0.0,0.0,0.0,0.0,0.0,0.0,0.0,276130.6,0.0,0.0,4479427.0,0.0,0.0,0.0,0.0,0.0,0.0
Q1KXT0_8_H3N2F1Pen1,0.0,0.0,0.0,0.0,0.0,0.0,0.0,0.0,0.0,0.0,0.0,0.0,0.0,0.0,0.0,0.0,0.0,9591997.0
Q1KXT0_8_H3N2Pen1,0.0,0.0,0.0,0.0,0.0,0.0,0.0,0.0,0.0,0.0,0.0,29845600.0,0.0,0.0,0.0,0.0,18776540.0,16744130.0
Q1KXT0_8_H6N2,0.0,0.0,0.0,0.0,0.0,0.0,2488449.0,0.0,0.0,2827041.0,0.0,0.0,0.0,0.0,0.0,0.0,0.0,0.0
Q1PE48_75_H3N3Pen1,0.0,0.0,0.0,0.0,0.0,0.0,0.0,0.0,0.0,0.0,0.0,0.0,0.0,1131199.0,0.0,0.0,4679141.0,0.0
Q1PE51_16_H3N4F1Pen1,0.0,0.0,0.0,0.0,0.0,0.0,11753170.0,0.0,0.0,5972135.0,0.0,0.0,0.0,0.0,0.0,0.0,0.0,0.0
Q1PE51_16_H7N2,3616612.0,0.0,0.0,0.0,0.0,0.0,0.0,0.0,0.0,0.0,0.0,0.0,0.0,0.0,0.0,0.0,0.0,0.0
Q1PEN8_49_H9N2,0.0,0.0,0.0,0.0,0.0,0.0,0.0,0.0,1485047.0,0.0,0.0,6061265.0,0.0,0.0,0.0,0.0,0.0,0.0
Q1PF50_293_H8N2,0.0,0.0,0.0,0.0,0.0,0.0,0.0,0.0,0.0,0.0,0.0,0.0,2375837.0,0.0,3494881.0,0.0,0.0,562053.1
Q1PFD9_257_H3N2F1Pen1,0.0,31445550.0,0.0,0.0,0.0,0.0,0.0,68144010.0,0.0,0.0,2291822.0,0.0,0.0,0.0,0.0,0.0,0.0,0.0
Q1PFD9_257_H3N3F1Pen1,0.0,0.0,0.0,0.0,0.0,0.0,0.0,0.0,0.0,0.0,0.0,0.0,0.0,0.0,10509800.0,0.0,0.0,2400955.0
Q1PFD9_257_H3N4F1Pen1,15193500.0,0.0,0.0,287560.3,0.0,0.0,0.0,0.0,0.0,0.0,0.0,0.0,0.0,0.0,0.0,0.0,0.0,0.0
Q1PFQ9_70_H3N3F1Pen1,0.0,0.0,0.0,0.0,0.0,0.0,0.0,0.0,0.0,0.0,0.0,0.0,0.0,0.0,6771656.0,0.0,0.0,1857153.0
Q1PFR7_122_H8N2,0.0,0.0,0.0,0.0,0.0,0.0,0.0,0.0,2665651.0,0.0,0.0,243559.1,0.0,0.0,0.0,0.0,0.0,0.0
Q1PFW3_457_H4N2Pen1,0.0,0.0,0.0,0.0,0.0,0.0,0.0,2827581.0,0.0,0.0,11305750.0,0.0,0.0,0.0,0.0,0.0,0.0,0.0
Q1PS23_267_H4N3Pen1,110879.7,0.0,0.0,2857607.0,0.0,0.0,0.0,0.0,0.0,0.0,0.0,0.0,0.0,0.0,0.0,0.0,0.0,0.0
Q1W3A5_4_H3N3F1Pen1,0.0,0.0,0.0,0.0,0.0,0.0,0.0,0.0,0.0,0.0,0.0,0.0,0.0,0.0,427085.8,0.0,0.0,8155338.0
Q1XBU5_184_H3N3F1Pen1,0.0,0.0,0.0,0.0,0.0,0.0,0.0,0.0,0.0,0.0,0.0,0.0,8063792.0,0.0,0.0,0.0,0.0,0.0
Q1ZYQ8_41_H3N2F1Pen1,0.0,0.0,0.0,0.0,0.0,0.0,0.0,0.0,0.0,0.0,0.0,0.0,0.0,1732413.0,0.0,0.0,6142151.0,1207619.0
Q24JK1_69_H3N4F1Pen1,0.0,0.0,0.0,0.0,0.0,7454651.0,0.0,0.0,0.0,0.0,0.0,0.0,0.0,0.0,0.0,0.0,0.0,0.0
Q24JK4_55_H3N2F1Pen1,0.0,2971308.0,4379740.0,0.0,899262.8,1699303.0,0.0,0.0,0.0,0.0,0.0,0.0,0.0,0.0,0.0,0.0,0.0,0.0
Q24JN5_222_H3N4F1Pen1,0.0,0.0,0.0,0.0,0.0,0.0,0.0,0.0,0.0,0.0,0.0,0.0,0.0,0.0,0.0,0.0,10992440.0,0.0
Q25AG2_666_H8N2,0.0,0.0,0.0,0.0,0.0,0.0,0.0,0.0,3025164.0,0.0,0.0,716837.9,4910122.0,0.0,0.0,0.0,0.0,0.0
Q27IK6_1061_H3N2F1Pen1,0.0,429191.7,0.0,0.0,19959970.0,12979190.0,0.0,0.0,0.0,0.0,0.0,0.0,0.0,0.0,0.0,0.0,0.0,33593960.0
Q27IK6_1061_H3N3F1Pen1,0.0,0.0,0.0,0.0,5080480.0,0.0,0.0,0.0,0.0,0.0,0.0,0.0,0.0,0.0,0.0,0.0,0.0,0.0
Q27IK6_214_H3N2F1Pen1,0.0,0.0,0.0,0.0,0.0,0.0,0.0,0.0,0.0,0.0,0.0,0.0,0.0,0.0,1609608.0,0.0,0.0,2027564.0
Q27IK6_785_H3N3F1Pen1,0.0,0.0,0.0,0.0,2963891.0,0.0,0.0,0.0,0.0,0.0,0.0,0.0,0.0,0.0,0.0,0.0,0.0,0.0
Q27IK7_1234_H3N2F1Pen1,0.0,0.0,0.0,0.0,0.0,0.0,0.0,2079260.0,0.0,0.0,14752660.0,0.0,0.0,0.0,0.0,0.0,0.0,0.0
Q27IK7_1234_H3N4F1Pen1,0.0,1352554.0,0.0,0.0,8136986.0,0.0,0.0,0.0,0.0,0.0,0.0,0.0,0.0,0.0,4932467.0,0.0,0.0,26639880.0
Q27IK7_746_H3N2F1Pen1,0.0,0.0,0.0,0.0,0.0,0.0,0.0,0.0,0.0,32476330.0,0.0,0.0,0.0,0.0,0.0,0.0,0.0,0.0
Q29Q96_31_H3N4F1Pen1,0.0,33179230.0,10473160.0,0.0,5140356.0,1421250.0,0.0,18195630.0,0.0,0.0,9716745.0,0.0,0.0,0.0,0.0,0.0,0.0,0.0
Q2ABE5_896_H8N2,0.0,0.0,0.0,0.0,0.0,0.0,3265350.0,0.0,0.0,0.0,0.0,0.0,0.0,0.0,0.0,0.0,0.0,0.0
Q2EEW8_89_H3N2F1Pen1,15060050.0,0.0,0.0,0.0,0.0,0.0,43588480.0,0.0,0.0,0.0,0.0,0.0,22619500.0,0.0,0.0,0.0,0.0,0.0
Q2EEX7_1043_H3N3F1Pen1,0.0,0.0,0.0,0.0,0.0,0.0,0.0,0.0,0.0,0.0,0.0,0.0,0.0,0.0,0.0,23644020.0,0.0,0.0
Q2HXK9_192_H3N2F1Pen1,4305082.0,0.0,0.0,0.0,0.0,0.0,0.0,0.0,0.0,0.0,0.0,0.0,0.0,0.0,0.0,0.0,0.0,0.0
Q2HXL0_223_H7N2,0.0,0.0,0.0,0.0,0.0,0.0,0.0,0.0,0.0,0.0,0.0,0.0,0.0,0.0,1084652.0,0.0,0.0,1965761.0
Q2HXL0_223_H8N2,0.0,0.0,0.0,0.0,0.0,0.0,0.0,2355181.0,0.0,0.0,2179337.0,0.0,0.0,0.0,3838365.0,0.0,0.0,3212394.0
Q2HXL0_223_H9N2,0.0,0.0,0.0,0.0,0.0,0.0,0.0,0.0,0.0,0.0,0.0,0.0,0.0,1254568.0,0.0,0.0,4004056.0,0.0
Q2LAE1_749_H4N3F2Pen1,0.0,0.0,0.0,0.0,0.0,0.0,0.0,0.0,0.0,18804200.0,0.0,0.0,0.0,0.0,0.0,0.0,0.0,0.0
Q2LAE1_749_H4N4F2Pen1,0.0,0.0,0.0,0.0,0.0,26619190.0,0.0,0.0,0.0,0.0,10033450.0,0.0,0.0,0.0,0.0,0.0,0.0,0.0
Q2MI42_1035_H7N2,0.0,0.0,0.0,0.0,0.0,0.0,0.0,0.0,9211922.0,0.0,0.0,161874.4,0.0,0.0,0.0,0.0,0.0,0.0
Q2MI42_1604_H3N2F1Pen1,0.0,0.0,0.0,0.0,0.0,0.0,0.0,0.0,0.0,0.0,0.0,0.0,1415088.0,2816391.0,0.0,115650500.0,114438900.0,0.0
Q2MI42_1604_H3N4F1Pen1,0.0,0.0,0.0,0.0,0.0,0.0,0.0,0.0,0.0,0.0,13692540.0,0.0,0.0,0.0,0.0,0.0,0.0,0.0
Q2MI98_34_H3N4F1Pen1,11429430.0,0.0,0.0,948377.7,0.0,0.0,0.0,0.0,26409150.0,0.0,0.0,1358924.0,0.0,0.0,0.0,0.0,0.0,0.0
Q2MI98_34_H8N2,0.0,7674055.0,0.0,0.0,0.0,0.0,0.0,0.0,0.0,0.0,0.0,0.0,0.0,0.0,0.0,0.0,0.0,0.0
Q2N2K1_31_H3N2F1Pen1,0.0,0.0,5417633.0,0.0,0.0,4714019.0,0.0,0.0,0.0,0.0,0.0,0.0,0.0,0.0,0.0,0.0,0.0,0.0
Q2N2K1_31_H3N4F1Pen1,0.0,0.0,0.0,0.0,0.0,0.0,6197297.0,0.0,0.0,3605856.0,0.0,0.0,0.0,0.0,0.0,0.0,0.0,0.0
Q2NM15_341_H3N3F1Pen1,1348208.0,0.0,0.0,4141795.0,0.0,0.0,2485049.0,0.0,0.0,7573419.0,0.0,0.0,0.0,4504971.0,0.0,0.0,31853580.0,0.0
Q2NM15_341_H3N4F1Pen1,0.0,0.0,0.0,0.0,0.0,0.0,0.0,2804323.0,0.0,0.0,9442835.0,0.0,0.0,0.0,0.0,0.0,0.0,0.0
Q2NM15_341_H4N3Pen1,0.0,0.0,0.0,0.0,0.0,0.0,0.0,0.0,0.0,0.0,0.0,0.0,0.0,1963474.0,0.0,0.0,15357790.0,0.0
Q2PMP0_1156_H3N2F1Pen1,3880753.0,5248408.0,0.0,3820242.0,5781324.0,0.0,0.0,0.0,3863497.0,0.0,0.0,6102775.0,0.0,0.0,2258860.0,0.0,0.0,3329228.0
Q2QAV0_1137_H3N3F1Pen1,10547080.0,0.0,0.0,3301873.0,0.0,0.0,0.0,7511054.0,0.0,0.0,6074102.0,0.0,0.0,0.0,0.0,0.0,0.0,0.0
Q2QD30_117_H3N2F1Pen1,0.0,0.0,5920357.0,0.0,0.0,1768296.0,0.0,0.0,0.0,0.0,0.0,0.0,0.0,0.0,0.0,0.0,0.0,0.0
Q2QD30_1936_H3N4F1Pen1,0.0,0.0,11811910.0,0.0,0.0,1724910.0,0.0,0.0,0.0,0.0,0.0,0.0,0.0,0.0,0.0,0.0,0.0,0.0
Q2QD41_202_H8N2,0.0,0.0,0.0,0.0,0.0,0.0,15811860.0,0.0,0.0,18308160.0,0.0,0.0,4574525.0,0.0,0.0,2808585.0,0.0,0.0
Q2QD43_470_H3N2F1Pen1,0.0,0.0,0.0,6517480.0,0.0,0.0,0.0,0.0,0.0,0.0,0.0,0.0,0.0,0.0,0.0,0.0,0.0,0.0
Q2QDF6_102_H3N4F1Pen1,0.0,0.0,0.0,0.0,0.0,0.0,0.0,0.0,0.0,0.0,0.0,0.0,0.0,0.0,27292730.0,0.0,0.0,2075873.0
Q2QLI6_362_H3N2F1Pen1,68515440.0,0.0,0.0,4359663.0,0.0,0.0,0.0,123959400.0,0.0,0.0,7792398.0,0.0,0.0,88319430.0,0.0,0.0,4095590.0,0.0
Q2QLT8_9_H3N2F1Pen1,0.0,34641880.0,0.0,0.0,0.0,0.0,0.0,0.0,0.0,0.0,0.0,0.0,0.0,0.0,0.0,0.0,0.0,0.0
Q2QMX9_16_H3N2F1Pen1,0.0,0.0,0.0,0.0,0.0,0.0,0.0,0.0,0.0,0.0,0.0,0.0,0.0,0.0,0.0,0.0,0.0,47400560.0
Q2QMX9_16_H3N3F1Pen1,0.0,0.0,0.0,4414655.0,0.0,0.0,0.0,0.0,0.0,0.0,0.0,10461720.0,0.0,0.0,0.0,10720730.0,0.0,8543084.0
Q2QMX9_16_H4N3F1Pen1,0.0,0.0,0.0,0.0,0.0,4978302.0,0.0,0.0,0.0,0.0,0.0,11287670.0,0.0,0.0,0.0,9908743.0,0.0,0.0
Q2QQS5_358_H8N2,0.0,0.0,0.0,0.0,0.0,0.0,0.0,0.0,0.0,0.0,0.0,2630374.0,0.0,0.0,0.0,0.0,0.0,0.0
Q2QQS5_390_H8N2,0.0,0.0,0.0,0.0,0.0,0.0,0.0,0.0,0.0,0.0,26036530.0,0.0,403600.7,0.0,0.0,14888390.0,0.0,0.0
Q2QQX6_468_H6N2,0.0,0.0,0.0,0.0,0.0,0.0,0.0,0.0,0.0,0.0,0.0,0.0,0.0,0.0,36944530.0,0.0,0.0,1636133.0
Q2QRN7_122_H3N2F1Pen1,11133670.0,11215480.0,0.0,8781561.0,6975989.0,0.0,13820290.0,0.0,0.0,4343164.0,0.0,0.0,0.0,0.0,10678340.0,0.0,0.0,1005235.0
Q2QRN7_774_H7N2,0.0,0.0,0.0,0.0,0.0,0.0,0.0,0.0,4847938.0,0.0,0.0,612084.6,0.0,0.0,0.0,0.0,0.0,0.0
Q2QRV3_465_H3N3F1Pen1,0.0,0.0,0.0,0.0,0.0,0.0,0.0,6792987.0,0.0,0.0,890551.6,0.0,0.0,0.0,0.0,0.0,0.0,0.0
Q2QSR8_310_H3N2F1Pen1,0.0,0.0,0.0,0.0,0.0,0.0,0.0,0.0,0.0,0.0,0.0,0.0,0.0,0.0,0.0,0.0,0.0,3961683.0
Q2QTC2_167_H3N4F1Pen1,0.0,0.0,0.0,0.0,0.0,0.0,0.0,2875602.0,0.0,0.0,963347.8,0.0,0.0,0.0,0.0,0.0,0.0,0.0
Q2QTC2_871_H3N2F1Pen1,0.0,0.0,0.0,0.0,0.0,0.0,0.0,0.0,0.0,0.0,0.0,0.0,0.0,0.0,27127690.0,0.0,0.0,0.0
Q2QUP1_55_H3N2F1Pen1,29865830.0,0.0,0.0,14987560.0,0.0,0.0,44960720.0,49038250.0,0.0,39113780.0,38038180.0,0.0,25995760.0,0.0,24750720.0,32334870.0,0.0,25137620.0
Q2QUP1_55_H3N3F1Pen1,5057658.0,0.0,0.0,2417160.0,0.0,0.0,0.0,6320776.0,0.0,0.0,7795653.0,0.0,2108303.0,2634056.0,2687331.0,7842397.0,4443923.0,4504366.0
Q2QUP1_55_H3N4F1Pen1,0.0,0.0,32852650.0,0.0,0.0,23050920.0,36885120.0,0.0,45467530.0,53556810.0,0.0,64406790.0,0.0,0.0,30109500.0,0.0,0.0,42713330.0
Q2QUP1_55_H3N4F2,0.0,0.0,0.0,0.0,0.0,0.0,0.0,0.0,0.0,0.0,0.0,0.0,187111.2,0.0,0.0,6435503.0,0.0,0.0
Q2QUP1_55_H4N4F1Pen1,0.0,0.0,0.0,0.0,0.0,0.0,0.0,0.0,653447.9,0.0,0.0,5141156.0,0.0,0.0,0.0,0.0,0.0,0.0
Q2QUP1_55_H4N4F2Pen1,0.0,6177652.0,0.0,0.0,4500100.0,0.0,0.0,5899758.0,0.0,0.0,24836050.0,0.0,5192392.0,0.0,0.0,19865920.0,0.0,0.0
Q2QUP1_55_H5N4F3Pen1,0.0,0.0,0.0,0.0,0.0,0.0,0.0,3178276.0,0.0,0.0,19728140.0,0.0,0.0,0.0,4214764.0,0.0,0.0,18307520.0
Q2QUP1_55_H6N4F2Pen1,0.0,0.0,0.0,0.0,0.0,0.0,0.0,0.0,0.0,0.0,0.0,0.0,0.0,0.0,0.0,0.0,0.0,7749696.0
Q2QW53_13_H8N2,0.0,0.0,0.0,0.0,0.0,0.0,0.0,0.0,1294163.0,0.0,0.0,8984526.0,0.0,0.0,1306031.0,0.0,0.0,5023178.0
Q2QXM3_304_H3N2F1Pen1,0.0,0.0,0.0,43811460.0,0.0,0.0,0.0,0.0,0.0,0.0,0.0,0.0,0.0,0.0,0.0,0.0,0.0,45149610.0
Q2QXP0_442_H4N3Pen1,0.0,0.0,1830407.0,0.0,0.0,366731.3,0.0,0.0,0.0,0.0,0.0,0.0,0.0,0.0,0.0,0.0,0.0,0.0
Q2QY37_35_H4N4F2Pen1,0.0,0.0,0.0,0.0,0.0,0.0,0.0,0.0,6632578.0,0.0,0.0,0.0,0.0,0.0,0.0,0.0,0.0,0.0
Q2QY53_293_H4N2Pen1,33176400.0,0.0,0.0,4087365.0,0.0,0.0,0.0,0.0,0.0,0.0,0.0,0.0,0.0,0.0,0.0,0.0,0.0,0.0
Q2QYM3_35_H3N2F1Pen1,0.0,0.0,0.0,0.0,0.0,0.0,0.0,0.0,46024140.0,0.0,0.0,59047030.0,0.0,0.0,0.0,0.0,0.0,0.0
Q2QYM3_35_H3N2Pen1,0.0,0.0,0.0,0.0,0.0,0.0,0.0,0.0,0.0,0.0,0.0,0.0,0.0,0.0,3065038.0,0.0,0.0,8872103.0
Q2QYM3_35_H3N4F1Pen1,0.0,0.0,0.0,0.0,0.0,0.0,0.0,0.0,0.0,0.0,0.0,0.0,0.0,24273270.0,0.0,0.0,51217270.0,0.0
Q2QYM3_35_H4N4F2Pen1,0.0,0.0,0.0,0.0,0.0,0.0,0.0,0.0,0.0,0.0,0.0,0.0,0.0,0.0,1998284.0,0.0,0.0,10364680.0
Q2QYY8_293_H3N2F1Pen1,0.0,0.0,0.0,0.0,0.0,0.0,0.0,0.0,0.0,0.0,0.0,0.0,0.0,0.0,6849909.0,0.0,0.0,0.0
Q2QYY8_293_H3N2Pen1,0.0,0.0,151708.1,0.0,0.0,2831119.0,0.0,0.0,0.0,0.0,0.0,0.0,0.0,0.0,0.0,0.0,0.0,0.0
Q2QYY8_293_H3N3F1Pen1,0.0,0.0,0.0,0.0,0.0,0.0,0.0,0.0,0.0,0.0,0.0,0.0,0.0,0.0,0.0,0.0,12621860.0,0.0
Q2QYY8_293_H3N4F1Pen1,0.0,0.0,0.0,0.0,0.0,0.0,0.0,0.0,0.0,0.0,0.0,0.0,5924453.0,0.0,0.0,322670.9,0.0,0.0
Q2QYY8_344_H3N4F1Pen1,0.0,0.0,4049603.0,0.0,0.0,145798.4,0.0,0.0,0.0,0.0,0.0,0.0,0.0,0.0,0.0,0.0,0.0,0.0
Q2QZ14_67_H3N2F1Pen1,0.0,0.0,0.0,0.0,0.0,0.0,3289119.0,0.0,0.0,1914340.0,0.0,0.0,0.0,0.0,0.0,4855785.0,0.0,0.0
Q2QZ37_300_H3N2F1Pen1,0.0,0.0,0.0,0.0,0.0,0.0,0.0,4874029.0,0.0,0.0,135595.8,0.0,0.0,0.0,0.0,0.0,0.0,0.0
Q2R0J4_214_H6N2,0.0,0.0,0.0,0.0,0.0,0.0,0.0,0.0,0.0,0.0,0.0,0.0,0.0,0.0,0.0,0.0,0.0,30648490.0
Q2R0L0_373_H3N2F1Pen1,20551400.0,0.0,0.0,22494090.0,0.0,0.0,0.0,0.0,0.0,0.0,0.0,0.0,0.0,0.0,0.0,0.0,0.0,0.0
Q2R0L0_373_H4N3F1Pen1,0.0,0.0,0.0,0.0,0.0,0.0,0.0,0.0,13822500.0,0.0,0.0,13327370.0,0.0,0.0,0.0,0.0,0.0,0.0
Q2R0L0_373_H4N4F1Pen1,0.0,0.0,0.0,0.0,0.0,0.0,16182400.0,0.0,0.0,16816760.0,0.0,0.0,0.0,0.0,0.0,0.0,0.0,0.0
Q2R1M8_524_H4N4Pen1,0.0,0.0,0.0,0.0,0.0,3474267.0,0.0,0.0,0.0,0.0,0.0,0.0,0.0,0.0,0.0,0.0,0.0,0.0
Q2R222_78_H3N2F1Pen1,0.0,0.0,0.0,0.0,0.0,0.0,0.0,48113060.0,0.0,0.0,6789450.0,0.0,0.0,0.0,0.0,0.0,0.0,0.0
Q2R2B1_98_H3N2F1Pen1,0.0,0.0,0.0,0.0,47258570.0,0.0,0.0,0.0,0.0,0.0,52246380.0,0.0,0.0,0.0,0.0,0.0,0.0,0.0
Q2R2B1_98_H3N2Pen1,0.0,0.0,0.0,0.0,3817188.0,0.0,0.0,0.0,0.0,0.0,0.0,0.0,0.0,0.0,0.0,0.0,2709108.0,0.0
Q2R2W8_144_H3N2F1Pen1,677293.5,0.0,0.0,47650520.0,0.0,0.0,0.0,0.0,0.0,0.0,0.0,0.0,0.0,0.0,0.0,0.0,0.0,0.0
Q2R3K5_280_H8N2,0.0,0.0,0.0,0.0,0.0,0.0,0.0,32951230.0,0.0,0.0,5125519.0,0.0,0.0,0.0,60731090.0,0.0,0.0,0.0
Q2R3K5_280_H9N2,0.0,0.0,3200561.0,0.0,0.0,245964.8,0.0,0.0,0.0,0.0,0.0,0.0,0.0,0.0,0.0,0.0,0.0,0.0
Q2R837_244_H3N2F1Pen1,0.0,0.0,0.0,0.0,0.0,0.0,0.0,0.0,0.0,0.0,0.0,3210702.0,0.0,0.0,0.0,0.0,0.0,0.0
Q2RA93_316_H2N2F1Pen1,0.0,0.0,14947830.0,0.0,0.0,9251774.0,0.0,0.0,0.0,0.0,0.0,0.0,0.0,0.0,0.0,0.0,0.0,0.0
Q2RA93_316_H3N2F1Pen1,0.0,0.0,0.0,0.0,0.0,0.0,0.0,0.0,0.0,0.0,0.0,0.0,0.0,16834430.0,0.0,0.0,7389275.0,0.0
Q2TE74_291_H3N4F1Pen1,0.0,0.0,0.0,0.0,0.0,0.0,754259.1,0.0,0.0,13215440.0,0.0,0.0,0.0,0.0,0.0,0.0,0.0,0.0
Q2V315_35_H3N2F1Pen1,9776316.0,0.0,0.0,831762.8,0.0,0.0,0.0,0.0,0.0,0.0,0.0,0.0,5498225.0,0.0,0.0,709568.9,0.0,0.0
Q2V3Y8_38_H3N3F1Pen1,0.0,0.0,0.0,0.0,0.0,0.0,0.0,0.0,0.0,0.0,0.0,16124780.0,0.0,0.0,0.0,0.0,0.0,0.0
Q2V459_48_H3N2F1Pen1,0.0,0.0,0.0,0.0,0.0,0.0,0.0,4542469.0,0.0,0.0,0.0,0.0,0.0,0.0,0.0,0.0,0.0,0.0
Q2VEC3_1313_H3N3F1Pen1,0.0,0.0,0.0,0.0,0.0,3418240.0,0.0,0.0,0.0,0.0,0.0,0.0,0.0,0.0,0.0,0.0,0.0,7550408.0
Q2VEX9_305_H3N2F1Pen1,0.0,0.0,0.0,14215420.0,0.0,0.0,0.0,0.0,0.0,0.0,0.0,0.0,0.0,0.0,0.0,0.0,0.0,0.0
Q2XSC5_490_H3N2F1Pen1,0.0,0.0,0.0,0.0,22242870.0,0.0,0.0,0.0,0.0,0.0,21742540.0,0.0,0.0,0.0,0.0,0.0,0.0,0.0
Q31791_228_H6N2,0.0,0.0,0.0,0.0,0.0,0.0,0.0,0.0,0.0,0.0,0.0,0.0,0.0,5537936.0,0.0,0.0,841475.6,0.0
Q32384_533_H3N2F1Pen1,0.0,0.0,27616050.0,0.0,0.0,0.0,0.0,0.0,0.0,0.0,0.0,0.0,0.0,0.0,0.0,0.0,0.0,0.0
Q32384_533_H3N4F1Pen1,0.0,0.0,4244199.0,0.0,0.0,0.0,0.0,0.0,0.0,0.0,0.0,0.0,0.0,0.0,0.0,0.0,0.0,0.0
Q32384_533_H4N2Pen1,0.0,0.0,0.0,0.0,0.0,0.0,0.0,0.0,0.0,0.0,0.0,0.0,0.0,0.0,6684863.0,0.0,0.0,2515993.0
Q32384_533_H5N4F1Pen1,4372792.0,0.0,0.0,0.0,0.0,0.0,0.0,0.0,0.0,0.0,0.0,0.0,0.0,0.0,0.0,0.0,0.0,0.0
Q32616_123_H3N2Pen1,0.0,0.0,0.0,0.0,0.0,0.0,0.0,11351050.0,0.0,0.0,0.0,0.0,0.0,0.0,0.0,0.0,0.0,0.0
Q32RK5_1369_H3N2F1Pen1,0.0,0.0,0.0,0.0,0.0,0.0,0.0,3567880.0,0.0,0.0,140887.0,0.0,0.0,0.0,0.0,0.0,0.0,0.0
Q32RQ6_295_H7N2,0.0,0.0,0.0,6971496.0,0.0,0.0,0.0,0.0,0.0,0.0,0.0,0.0,0.0,0.0,0.0,0.0,0.0,0.0
Q32RS5_32_H3N4F1Pen1,0.0,0.0,0.0,0.0,0.0,0.0,0.0,0.0,0.0,13120560.0,0.0,0.0,0.0,0.0,0.0,0.0,0.0,0.0
Q32RT2_241_H3N4F1Pen1,0.0,0.0,0.0,0.0,0.0,0.0,0.0,0.0,4582387.0,0.0,0.0,2545007.0,0.0,0.0,0.0,0.0,0.0,0.0
Q32RT3_162_H4N3F1Pen1,0.0,0.0,0.0,0.0,7749849.0,0.0,0.0,0.0,0.0,0.0,0.0,0.0,0.0,0.0,0.0,0.0,0.0,0.0
Q32RX0_481_H5N4F3Pen1,0.0,0.0,0.0,0.0,0.0,0.0,0.0,0.0,8499101.0,0.0,0.0,7245213.0,0.0,0.0,0.0,0.0,0.0,0.0
Q32RY2_762_H4N4Pen1,0.0,0.0,0.0,0.0,0.0,0.0,0.0,0.0,0.0,0.0,0.0,26137340.0,0.0,0.0,0.0,0.0,0.0,0.0
Q32RY4_153_H5N2,0.0,0.0,0.0,0.0,0.0,0.0,0.0,814978.2,0.0,0.0,3538928.0,0.0,0.0,0.0,0.0,0.0,0.0,0.0
Q32RZ2_8_H10N2,0.0,0.0,0.0,0.0,0.0,0.0,0.0,0.0,0.0,10226980.0,0.0,0.0,0.0,0.0,0.0,0.0,0.0,0.0
Q32RZ3_524_H5N4F3Pen1,0.0,0.0,15742920.0,0.0,0.0,961733.8,18524590.0,0.0,0.0,3603937.0,0.0,0.0,0.0,0.0,0.0,0.0,0.0,0.0
Q32RZ3_83_H3N3F1Pen1,7670103.0,0.0,0.0,837255.9,0.0,0.0,0.0,0.0,0.0,0.0,0.0,0.0,0.0,0.0,0.0,0.0,0.0,0.0
Q32RZ9_1373_H3N2F1Pen1,0.0,0.0,0.0,0.0,0.0,0.0,0.0,0.0,58906830.0,0.0,0.0,75544080.0,0.0,0.0,0.0,0.0,0.0,0.0
Q32RZ9_549_H3N2F1Pen1,0.0,0.0,0.0,0.0,0.0,6582753.0,0.0,0.0,0.0,0.0,0.0,0.0,0.0,0.0,0.0,0.0,0.0,0.0
Q32S06_600_H10N2,0.0,0.0,0.0,13551720.0,0.0,0.0,0.0,0.0,0.0,0.0,0.0,0.0,0.0,0.0,0.0,0.0,0.0,0.0
Q332R7_344_H6N2,0.0,0.0,0.0,0.0,0.0,0.0,4748734.0,0.0,0.0,178684.8,0.0,0.0,0.0,0.0,0.0,0.0,0.0,0.0
Q332R7_344_H7N2,0.0,0.0,0.0,0.0,0.0,0.0,0.0,3982168.0,4204243.0,0.0,0.0,291307.4,0.0,0.0,0.0,0.0,0.0,0.0
Q332W5_6_H5N4F3Pen1,0.0,0.0,0.0,0.0,0.0,0.0,0.0,0.0,0.0,0.0,0.0,0.0,0.0,0.0,0.0,11034310.0,0.0,0.0
Q332W9_119_H3N2F1Pen1,0.0,0.0,0.0,3672300.0,0.0,0.0,0.0,0.0,0.0,0.0,0.0,0.0,0.0,0.0,0.0,0.0,0.0,0.0
Q332W9_119_H3N2Pen1,29459460.0,0.0,0.0,635690.8,0.0,0.0,0.0,0.0,0.0,0.0,0.0,0.0,22226970.0,0.0,0.0,516509.3,0.0,0.0
Q336N8_499_H3N2F1Pen1,0.0,0.0,0.0,0.0,0.0,0.0,0.0,0.0,2076870.0,0.0,0.0,5708430.0,0.0,0.0,0.0,0.0,0.0,0.0
Q336N8_499_H3N3F1Pen1,0.0,0.0,0.0,0.0,0.0,0.0,1681956.0,0.0,2620590.0,3345641.0,0.0,4200858.0,0.0,0.0,0.0,0.0,0.0,0.0
Q336N8_66_H3N4F1Pen1,0.0,921382.4,0.0,0.0,7349490.0,5896306.0,0.0,0.0,0.0,0.0,0.0,0.0,0.0,0.0,0.0,0.0,0.0,0.0
Q336R3_204_H3N2F1Pen1,83934230.0,0.0,0.0,48275430.0,0.0,0.0,0.0,0.0,0.0,0.0,0.0,0.0,0.0,0.0,0.0,0.0,0.0,0.0
Q338N2_588_H8N2,0.0,0.0,2182331.0,0.0,0.0,36546450.0,0.0,6826988.0,3054302.0,0.0,124330100.0,66898220.0,3885529.0,0.0,2264730.0,71495060.0,0.0,64419480.0
Q339K6_355_H3N2F1Pen1,0.0,0.0,0.0,0.0,0.0,0.0,0.0,0.0,0.0,0.0,0.0,8680968.0,12542390.0,0.0,0.0,21700810.0,0.0,0.0
Q33BW4_1380_H7N2,19506430.0,0.0,0.0,0.0,0.0,0.0,0.0,9610550.0,0.0,0.0,297831.3,0.0,9697613.0,0.0,0.0,0.0,0.0,0.0
Q33BW4_1380_H8N2,0.0,0.0,0.0,0.0,0.0,0.0,0.0,39131760.0,0.0,0.0,868121.4,0.0,0.0,0.0,0.0,0.0,0.0,0.0
Q33C25_119_H3N2Pen1,0.0,0.0,0.0,0.0,0.0,0.0,0.0,0.0,0.0,0.0,0.0,0.0,0.0,0.0,0.0,0.0,326368.1,0.0
Q38680_57_H4N3F1Pen1,0.0,0.0,0.0,0.0,0.0,0.0,0.0,7523477.0,0.0,0.0,0.0,0.0,0.0,0.0,0.0,0.0,0.0,0.0
Q38680_57_H4N3F2Pen1,0.0,0.0,0.0,0.0,0.0,0.0,0.0,22547890.0,0.0,0.0,1299637.0,0.0,22308220.0,0.0,0.0,997754.6,0.0,0.0
Q38796_276_H3N2F1Pen1,0.0,0.0,1280786.0,0.0,0.0,5380955.0,0.0,0.0,0.0,0.0,0.0,0.0,0.0,0.0,0.0,0.0,0.0,0.0
Q38796_735_H3N2Pen1,0.0,0.0,5943325.0,0.0,0.0,0.0,0.0,0.0,0.0,0.0,0.0,0.0,0.0,0.0,0.0,0.0,0.0,0.0
Q38820_29_H3N2F1Pen1,0.0,16212080.0,0.0,0.0,30176070.0,0.0,0.0,0.0,27704420.0,0.0,0.0,43890880.0,0.0,0.0,28519970.0,0.0,0.0,39795630.0
Q38820_29_H3N3F1Pen1,0.0,0.0,0.0,0.0,0.0,0.0,7126286.0,0.0,12650290.0,11259400.0,0.0,17770210.0,0.0,7725396.0,0.0,0.0,11459720.0,0.0
Q38820_29_H4N2Pen1,0.0,0.0,0.0,0.0,0.0,0.0,0.0,5795401.0,0.0,0.0,17628680.0,0.0,0.0,980994.6,0.0,0.0,12328910.0,0.0
Q38820_29_H4N3F1Pen1,0.0,0.0,0.0,0.0,0.0,0.0,0.0,0.0,0.0,0.0,0.0,0.0,675984.8,0.0,0.0,3027392.0,0.0,0.0
Q38820_29_H4N3Pen1,0.0,375092.9,0.0,0.0,5594863.0,0.0,0.0,0.0,0.0,0.0,0.0,0.0,0.0,0.0,0.0,0.0,0.0,0.0
Q38820_29_H4N4F1Pen1,0.0,0.0,0.0,0.0,0.0,0.0,11354010.0,0.0,0.0,19666590.0,0.0,0.0,0.0,0.0,0.0,0.0,0.0,0.0
Q38820_29_H4N4F2Pen1,0.0,0.0,0.0,0.0,0.0,0.0,6396955.0,0.0,0.0,8277255.0,0.0,0.0,0.0,4909430.0,0.0,0.0,8052536.0,0.0
Q38820_29_H4N4Pen1,0.0,0.0,0.0,0.0,0.0,0.0,2139851.0,0.0,0.0,8394349.0,0.0,0.0,0.0,0.0,0.0,0.0,0.0,0.0
Q38820_29_H5N4F1Pen1,0.0,0.0,3228232.0,0.0,0.0,9082844.0,0.0,0.0,0.0,0.0,4329349.0,0.0,0.0,0.0,0.0,0.0,0.0,0.0
Q38820_29_H5N4F2Pen1,0.0,0.0,0.0,0.0,0.0,0.0,0.0,0.0,0.0,0.0,0.0,0.0,0.0,3225758.0,1621810.0,0.0,6937226.0,5544961.0
Q38820_29_H5N4F3Pen1,0.0,0.0,0.0,0.0,0.0,0.0,0.0,0.0,0.0,0.0,0.0,0.0,0.0,8597882.0,0.0,0.0,18436500.0,0.0
Q38820_29_H5N4Pen1,0.0,0.0,0.0,0.0,4453953.0,0.0,0.0,0.0,0.0,0.0,0.0,0.0,0.0,0.0,0.0,0.0,0.0,0.0
Q38834_55_H3N2F1Pen1,0.0,0.0,30009010.0,0.0,0.0,931340.3,0.0,0.0,27797470.0,0.0,0.0,0.0,29005060.0,0.0,36837230.0,0.0,0.0,0.0
Q38834_55_H3N4F1Pen1,0.0,0.0,0.0,0.0,0.0,0.0,0.0,0.0,5342114.0,0.0,0.0,238215.2,4381780.0,0.0,0.0,373936.0,0.0,0.0
Q38847_157_H4N2Pen1,0.0,0.0,0.0,0.0,0.0,0.0,0.0,0.0,0.0,0.0,0.0,0.0,0.0,0.0,3431104.0,0.0,0.0,0.0
Q38847_157_H5N2,0.0,0.0,0.0,0.0,0.0,0.0,3864971.0,0.0,0.0,0.0,0.0,0.0,0.0,0.0,1797492.0,0.0,0.0,326028.9
Q38854_108_H3N4F1Pen1,0.0,0.0,3354549.0,0.0,0.0,228192.0,0.0,0.0,0.0,0.0,0.0,0.0,0.0,0.0,0.0,0.0,0.0,0.0
Q38854_614_H3N2F1Pen1,0.0,0.0,0.0,0.0,0.0,0.0,0.0,0.0,0.0,0.0,0.0,0.0,0.0,0.0,0.0,14128050.0,0.0,0.0
Q38872_538_H6N2,0.0,0.0,0.0,0.0,0.0,0.0,0.0,0.0,4101351.0,0.0,0.0,0.0,0.0,0.0,0.0,0.0,0.0,0.0
Q38932_421_H8N2,0.0,0.0,0.0,0.0,0.0,0.0,634455.7,0.0,0.0,6809344.0,0.0,0.0,0.0,0.0,0.0,0.0,0.0,0.0
Q38942_234_H3N2F1Pen1,0.0,0.0,0.0,0.0,0.0,0.0,25629730.0,0.0,0.0,0.0,0.0,0.0,0.0,0.0,0.0,0.0,0.0,0.0
Q39010_303_H3N4F1Pen1,0.0,0.0,0.0,0.0,0.0,0.0,1044493.0,0.0,0.0,5909754.0,27695820.0,0.0,0.0,0.0,0.0,0.0,0.0,0.0
Q39017_55_H3N4F1Pen1,0.0,2520104.0,0.0,0.0,0.0,0.0,0.0,0.0,0.0,0.0,0.0,0.0,0.0,0.0,0.0,0.0,0.0,0.0
Q39017_55_H4N3F1Pen1,0.0,365207.5,0.0,0.0,6659160.0,0.0,0.0,0.0,231529.7,0.0,0.0,5993582.0,0.0,0.0,0.0,0.0,0.0,0.0
Q39032_156_H4N3F1Pen1,10395590.0,0.0,0.0,172574.5,0.0,0.0,0.0,0.0,3989665.0,0.0,0.0,213267.2,0.0,0.0,0.0,0.0,0.0,0.0
Q39032_156_H4N3F2Pen1,38925610.0,0.0,0.0,0.0,0.0,0.0,0.0,22567110.0,0.0,0.0,0.0,0.0,14480490.0,0.0,0.0,0.0,0.0,0.0
Q39032_156_H4N4F1Pen1,0.0,0.0,8176311.0,0.0,0.0,0.0,5980199.0,0.0,0.0,0.0,0.0,0.0,6158800.0,7143444.0,0.0,0.0,0.0,0.0
Q39032_156_H4N4F2Pen1,0.0,0.0,0.0,0.0,0.0,0.0,0.0,39875640.0,0.0,0.0,1111952.0,0.0,0.0,11117080.0,0.0,0.0,0.0,0.0
Q39048_98_H4N2Pen1,0.0,0.0,0.0,0.0,0.0,0.0,3598877.0,0.0,0.0,887899.7,0.0,0.0,0.0,0.0,0.0,0.0,0.0,0.0
Q39072_108_H8N2,2200449.0,0.0,0.0,75726.24,0.0,0.0,0.0,0.0,0.0,0.0,0.0,0.0,0.0,0.0,0.0,0.0,0.0,0.0
Q39081_192_H3N2F1Pen1,0.0,0.0,0.0,0.0,5588927.0,0.0,0.0,244485.5,0.0,0.0,11070250.0,0.0,0.0,0.0,0.0,0.0,0.0,0.0
Q39081_192_H3N3F1Pen1,1295655.0,0.0,626200.9,5006601.0,0.0,6094270.0,0.0,0.0,0.0,0.0,0.0,0.0,0.0,0.0,0.0,0.0,0.0,0.0
Q39081_192_H3N4F1Pen1,1061499.0,0.0,0.0,6568208.0,9358123.0,0.0,0.0,644924.3,0.0,0.0,21592220.0,0.0,0.0,0.0,0.0,0.0,0.0,0.0
Q39081_192_H4N3Pen1,0.0,0.0,0.0,0.0,0.0,0.0,7989032.0,0.0,0.0,0.0,0.0,0.0,0.0,0.0,0.0,0.0,0.0,0.0
Q39081_192_H4N4F2Pen1,0.0,0.0,1894577.0,0.0,0.0,5515890.0,0.0,674096.6,0.0,0.0,17481630.0,0.0,0.0,0.0,0.0,0.0,0.0,0.0
Q39099_275_H3N2F1Pen1,0.0,0.0,19808630.0,0.0,0.0,3212920.0,0.0,0.0,0.0,0.0,0.0,0.0,0.0,0.0,0.0,0.0,0.0,0.0
Q39128_587_H3N2Pen1,0.0,0.0,0.0,5134026.0,0.0,4017285.0,0.0,0.0,0.0,0.0,0.0,0.0,0.0,0.0,0.0,0.0,0.0,0.0
Q39147_19_H3N2F1Pen1,0.0,0.0,0.0,0.0,0.0,25412260.0,0.0,0.0,0.0,0.0,0.0,0.0,0.0,0.0,0.0,0.0,0.0,0.0
Q39147_19_H4N3Pen1,0.0,0.0,0.0,0.0,0.0,0.0,0.0,0.0,0.0,0.0,0.0,0.0,0.0,0.0,631542.4,0.0,0.0,29690250.0
Q39160_280_H3N2F1Pen1,0.0,376511.5,0.0,0.0,46158620.0,0.0,0.0,0.0,0.0,0.0,0.0,53651210.0,1558316.0,0.0,0.0,21241330.0,44423610.0,0.0
Q39183_403_H3N2F1Pen1,0.0,641140.6,0.0,0.0,4701922.0,0.0,0.0,0.0,0.0,0.0,0.0,0.0,0.0,0.0,0.0,0.0,0.0,0.0
Q39190_115_H3N2F1Pen1,0.0,0.0,0.0,0.0,0.0,0.0,0.0,59382600.0,0.0,0.0,0.0,0.0,0.0,0.0,0.0,0.0,0.0,0.0
Q39202_685_H3N4F1Pen1,0.0,0.0,0.0,0.0,0.0,0.0,0.0,71922140.0,0.0,0.0,0.0,0.0,15102440.0,0.0,0.0,804248.4,0.0,0.0
Q39256_224_H10N2,0.0,15969760.0,0.0,0.0,3830112.0,0.0,0.0,0.0,0.0,0.0,0.0,0.0,0.0,0.0,0.0,0.0,0.0,0.0
Q39295_132_H3N2F1Pen1,0.0,24517980.0,0.0,0.0,900031.3,0.0,0.0,0.0,0.0,0.0,0.0,0.0,0.0,0.0,0.0,0.0,0.0,0.0
Q39659_426_H4N2Pen1,0.0,0.0,0.0,26834010.0,0.0,0.0,0.0,0.0,0.0,0.0,0.0,0.0,0.0,0.0,0.0,0.0,0.0,0.0
Q39692_347_H3N2F1Pen1,0.0,0.0,0.0,0.0,0.0,0.0,0.0,0.0,265306.9,0.0,0.0,17265460.0,0.0,0.0,0.0,0.0,0.0,0.0
Q39760_127_H3N2F1Pen1,0.0,0.0,0.0,0.0,10359140.0,0.0,0.0,0.0,0.0,0.0,0.0,0.0,0.0,0.0,0.0,0.0,0.0,0.0
Q39786_267_H3N2F1Pen1,0.0,0.0,0.0,3547601.0,14042440.0,0.0,0.0,0.0,0.0,0.0,0.0,0.0,329266.1,0.0,0.0,23928110.0,0.0,0.0
Q39846_252_H7N2,0.0,2667069.0,0.0,0.0,9976092.0,0.0,0.0,0.0,0.0,0.0,0.0,0.0,0.0,0.0,0.0,0.0,0.0,0.0
Q3BAJ8_28_H3N3F1Pen1,9798124.0,0.0,0.0,944284.1,0.0,0.0,0.0,0.0,0.0,0.0,0.0,0.0,0.0,0.0,0.0,0.0,0.0,0.0
Q3BAQ2_961_H3N2F1Pen1,21857760.0,0.0,0.0,9435090.0,0.0,0.0,11829800.0,0.0,0.0,0.0,0.0,0.0,0.0,0.0,0.0,0.0,0.0,0.0
Q3BAQ2_961_H3N3F1Pen1,10779400.0,0.0,0.0,3408641.0,0.0,0.0,0.0,18325720.0,0.0,0.0,2154794.0,0.0,0.0,4590279.0,7435607.0,0.0,1406483.0,889984.9
Q3BAQ2_961_H4N2Pen1,20412640.0,0.0,0.0,5529716.0,0.0,0.0,0.0,0.0,0.0,0.0,0.0,0.0,0.0,0.0,0.0,0.0,0.0,0.0
Q3BAQ2_961_H4N4F1Pen1,0.0,0.0,0.0,0.0,0.0,0.0,0.0,0.0,26971780.0,0.0,0.0,1226150.0,0.0,0.0,0.0,0.0,0.0,0.0
Q3BAQ2_961_H5N4F1Pen1,0.0,0.0,8824785.0,0.0,0.0,590091.2,6436693.0,0.0,0.0,1256943.0,0.0,0.0,0.0,0.0,0.0,0.0,0.0,0.0
Q3BAQ6_112_H3N3F1Pen1,0.0,0.0,0.0,0.0,0.0,7569757.0,0.0,0.0,0.0,0.0,0.0,0.0,0.0,0.0,0.0,0.0,0.0,0.0
Q3BAQ6_112_H4N4Pen1,0.0,0.0,0.0,0.0,0.0,0.0,0.0,0.0,0.0,0.0,0.0,10839220.0,0.0,0.0,0.0,0.0,0.0,0.0
Q3E6S8_132_H3N4F1Pen1,0.0,0.0,4497518.0,0.0,0.0,0.0,7700926.0,0.0,0.0,0.0,0.0,0.0,11068560.0,0.0,0.0,0.0,0.0,0.0
Q3E6S8_132_H4N4F2Pen1,0.0,0.0,5039980.0,0.0,0.0,0.0,0.0,5264794.0,0.0,0.0,624970.1,0.0,0.0,0.0,0.0,0.0,0.0,0.0
Q3E7D0_135_H3N2F1Pen1,0.0,12998220.0,0.0,0.0,1625724.0,0.0,0.0,0.0,0.0,0.0,0.0,0.0,0.0,17990530.0,0.0,0.0,9341708.0,0.0
Q3E7I5_669_H3N2F1Pen1,0.0,0.0,0.0,0.0,0.0,0.0,0.0,0.0,2234628.0,0.0,0.0,0.0,0.0,0.0,0.0,0.0,0.0,0.0
Q3E8E5_336_H8N2,0.0,8885356.0,0.0,0.0,0.0,0.0,0.0,0.0,0.0,0.0,0.0,0.0,0.0,0.0,0.0,0.0,0.0,0.0
Q3E8W4_494_H8N2,0.0,0.0,0.0,0.0,0.0,0.0,0.0,0.0,6954220.0,0.0,0.0,0.0,0.0,0.0,0.0,0.0,0.0,0.0
Q3E8Y5_181_H3N3F1Pen1,0.0,0.0,0.0,0.0,0.0,0.0,0.0,0.0,0.0,0.0,0.0,0.0,4990265.0,0.0,0.0,30306350.0,0.0,0.0
Q3E8Y5_181_H3N4F1Pen1,0.0,0.0,0.0,0.0,0.0,0.0,0.0,0.0,1273045.0,0.0,0.0,6167343.0,2537415.0,0.0,0.0,28147580.0,0.0,0.0
Q3E8Y5_181_H4N3Pen1,0.0,0.0,0.0,0.0,0.0,0.0,0.0,0.0,0.0,0.0,0.0,0.0,1298580.0,0.0,0.0,9914996.0,0.0,0.0
Q3E911_14_H5N2,0.0,0.0,0.0,0.0,0.0,0.0,0.0,0.0,1336992.0,0.0,0.0,0.0,0.0,0.0,0.0,0.0,0.0,0.0
Q3E936_281_H3N4F1Pen1,7876574.0,0.0,0.0,0.0,0.0,0.0,6188218.0,0.0,0.0,642666.9,0.0,0.0,0.0,0.0,0.0,0.0,0.0,0.0
Q3E956_214_H3N2F1Pen1,0.0,0.0,0.0,0.0,0.0,0.0,0.0,4915990.0,0.0,0.0,1631542.0,0.0,6400002.0,0.0,0.0,1245732.0,0.0,0.0
Q3E958_111_H4N2Pen1,4313838.0,0.0,0.0,0.0,0.0,0.0,0.0,0.0,0.0,0.0,0.0,0.0,0.0,0.0,0.0,0.0,0.0,0.0
Q3E984_30_H3N2F1Pen1,0.0,0.0,12288060.0,0.0,0.0,0.0,0.0,0.0,14406710.0,0.0,0.0,0.0,0.0,0.0,0.0,0.0,0.0,0.0
Q3E9B5_341_H3N2F1Pen1,0.0,0.0,19982520.0,0.0,0.0,0.0,0.0,0.0,29944370.0,0.0,0.0,0.0,0.0,0.0,0.0,0.0,0.0,0.0
Q3EA00_163_H8N2,0.0,0.0,0.0,0.0,0.0,0.0,12317400.0,0.0,0.0,0.0,0.0,0.0,0.0,0.0,0.0,0.0,0.0,0.0
Q3EB59_171_H3N2Pen1,0.0,0.0,0.0,0.0,0.0,0.0,0.0,0.0,1299000.0,0.0,0.0,2067691.0,0.0,0.0,0.0,0.0,0.0,0.0
Q3ECH0_298_H3N2F1Pen1,0.0,0.0,0.0,0.0,0.0,0.0,0.0,0.0,0.0,0.0,0.0,0.0,0.0,0.0,16653810.0,0.0,0.0,895931.1
Q3ECP0_107_H3N2F1Pen1,0.0,0.0,0.0,2292666.0,0.0,0.0,0.0,0.0,0.0,0.0,0.0,0.0,0.0,0.0,0.0,0.0,0.0,0.0
Q3ED65_184_H3N2F1Pen1,0.0,0.0,0.0,0.0,0.0,0.0,0.0,0.0,0.0,0.0,0.0,0.0,0.0,1114707.0,0.0,0.0,11321220.0,0.0
Q3L7F5_92_H3N2Pen1,0.0,0.0,0.0,0.0,0.0,0.0,0.0,0.0,0.0,0.0,0.0,0.0,0.0,0.0,2394379.0,0.0,0.0,189670.7
Q3L7F5_92_H8N2,0.0,0.0,0.0,0.0,11232120.0,0.0,0.0,481450.4,0.0,0.0,9204135.0,0.0,0.0,0.0,0.0,0.0,0.0,0.0
Q3MKA1_340_H3N2F1Pen1,0.0,0.0,0.0,0.0,0.0,0.0,31026160.0,0.0,0.0,2411860.0,0.0,0.0,0.0,0.0,23208780.0,0.0,0.0,363729.5
Q3MV14_292_H3N2F1Pen1,20586480.0,0.0,7136629.0,11838830.0,0.0,1786098.0,18340880.0,0.0,0.0,17283750.0,0.0,0.0,0.0,0.0,0.0,0.0,0.0,0.0
Q3V4Y3_71_H3N3F1Pen1,0.0,0.0,0.0,0.0,0.0,6561651.0,0.0,0.0,0.0,0.0,0.0,0.0,0.0,0.0,0.0,0.0,0.0,0.0
Q3V502_183_H3N2F1Pen1,0.0,0.0,0.0,0.0,0.0,0.0,8779312.0,0.0,0.0,0.0,0.0,0.0,0.0,0.0,0.0,0.0,0.0,0.0
Q3YJS9_257_H3N3F1Pen1,0.0,0.0,3753560.0,0.0,0.0,1552075.0,0.0,11956010.0,0.0,0.0,7734923.0,0.0,0.0,3459526.0,0.0,0.0,4039128.0,0.0
Q3YJS9_257_H3N4F1Pen1,0.0,0.0,0.0,0.0,0.0,0.0,7247531.0,0.0,0.0,4573738.0,0.0,0.0,0.0,0.0,10403740.0,0.0,0.0,10630330.0
Q3YJS9_257_H4N4F2Pen1,0.0,0.0,0.0,0.0,0.0,0.0,0.0,2812145.0,0.0,0.0,13176670.0,0.0,0.0,0.0,4658801.0,0.0,0.0,9814217.0
Q3YJS9_257_H7N2,0.0,0.0,0.0,0.0,4148009.0,0.0,0.0,0.0,0.0,0.0,0.0,0.0,0.0,0.0,0.0,0.0,0.0,0.0
Q3ZJ00_123_H3N2F1Pen1,0.0,0.0,0.0,31653600.0,0.0,0.0,0.0,0.0,0.0,0.0,0.0,0.0,0.0,0.0,0.0,0.0,0.0,0.0
Q3ZJ66_216_H3N2F1Pen1,0.0,0.0,0.0,0.0,0.0,0.0,7749101.0,0.0,0.0,2324613.0,0.0,0.0,0.0,0.0,0.0,0.0,0.0,0.0
Q3ZJ77_434_H3N2F1Pen1,6536286.0,0.0,0.0,877160.3,0.0,0.0,0.0,0.0,20348370.0,0.0,0.0,2302218.0,0.0,0.0,0.0,0.0,0.0,0.0
Q3ZJ82_43_H5N4F3Pen1,0.0,0.0,0.0,0.0,0.0,0.0,0.0,16262970.0,0.0,0.0,6750484.0,0.0,24028860.0,0.0,0.0,7365927.0,0.0,0.0
Q3ZJ83_73_H3N2F1Pen1,0.0,0.0,0.0,0.0,0.0,0.0,167283.0,0.0,0.0,13820290.0,0.0,0.0,0.0,926434.8,0.0,0.0,11088500.0,0.0
Q3ZJ87_15_H8N2,0.0,0.0,0.0,0.0,0.0,0.0,0.0,0.0,0.0,0.0,0.0,0.0,0.0,0.0,0.0,61811840.0,0.0,0.0
Q3ZJ89_546_H9N2,0.0,0.0,0.0,0.0,0.0,0.0,0.0,0.0,0.0,0.0,0.0,0.0,0.0,862919.0,0.0,0.0,1880639.0,0.0
Q3ZJ90_148_H9N2,0.0,0.0,0.0,0.0,0.0,0.0,0.0,0.0,0.0,0.0,0.0,0.0,4116779.0,0.0,0.0,14753490.0,0.0,0.0
Q3ZJ90_1943_H8N2,10750420.0,0.0,0.0,0.0,0.0,0.0,5997930.0,0.0,0.0,1116607.0,0.0,0.0,0.0,35002520.0,0.0,0.0,0.0,0.0
Q3ZJ93_1476_H3N2Pen1,0.0,39938810.0,0.0,0.0,41596390.0,0.0,0.0,0.0,0.0,0.0,0.0,0.0,0.0,0.0,0.0,0.0,0.0,0.0
Q40004_32_H3N4F1Pen1,303154.7,0.0,0.0,29089690.0,0.0,0.0,0.0,0.0,0.0,0.0,0.0,0.0,0.0,0.0,0.0,0.0,0.0,0.0
Q40235_519_H3N3F1Pen1,0.0,25173630.0,0.0,0.0,2734655.0,0.0,0.0,0.0,28307830.0,0.0,0.0,3587451.0,0.0,0.0,0.0,0.0,0.0,0.0
Q40235_519_H3N4F1Pen1,0.0,0.0,67381380.0,0.0,0.0,13906560.0,73507060.0,0.0,0.0,3582207.0,0.0,0.0,0.0,0.0,0.0,0.0,0.0,0.0
Q40235_519_H4N4F2Pen1,13466100.0,0.0,0.0,3388260.0,0.0,0.0,20284350.0,0.0,0.0,2806438.0,0.0,0.0,0.0,0.0,10226480.0,0.0,0.0,0.0
Q40250_13_H3N2F1Pen1,0.0,0.0,0.0,0.0,0.0,0.0,0.0,0.0,0.0,0.0,0.0,0.0,30088590.0,0.0,0.0,4207696.0,0.0,0.0
Q40250_13_H3N4F1Pen1,0.0,0.0,0.0,0.0,0.0,0.0,0.0,0.0,0.0,0.0,0.0,0.0,0.0,0.0,0.0,0.0,0.0,19572790.0
Q40253_689_H3N2F1Pen1,0.0,0.0,59200400.0,0.0,0.0,44906890.0,0.0,0.0,0.0,0.0,0.0,0.0,0.0,0.0,0.0,0.0,0.0,0.0
Q40253_689_H3N2Pen1,0.0,0.0,0.0,0.0,0.0,0.0,3243842.0,0.0,0.0,2764830.0,0.0,0.0,0.0,0.0,0.0,0.0,0.0,0.0
Q40392_674_H3N4F1Pen1,0.0,0.0,0.0,0.0,0.0,0.0,0.0,0.0,423315.8,0.0,0.0,16117270.0,0.0,0.0,0.0,0.0,0.0,0.0
Q40704_59_H3N2F1Pen1,0.0,0.0,0.0,0.0,0.0,0.0,0.0,0.0,0.0,0.0,0.0,0.0,0.0,0.0,8949668.0,0.0,0.0,0.0
Q40902_164_H3N2F1Pen1,0.0,0.0,0.0,0.0,0.0,0.0,4226752.0,0.0,0.0,0.0,0.0,0.0,0.0,4446208.0,0.0,0.0,0.0,0.0
Q40966_160_H5N4F1Pen1,0.0,0.0,0.0,0.0,0.0,0.0,0.0,4260938.0,0.0,0.0,523332.2,0.0,0.0,0.0,0.0,0.0,0.0,0.0
Q41008_850_H3N4F1Pen1,0.0,0.0,0.0,0.0,0.0,0.0,2935711.0,0.0,0.0,0.0,0.0,0.0,0.0,0.0,0.0,0.0,0.0,0.0
Q41008_850_H8N2,0.0,0.0,0.0,0.0,0.0,0.0,0.0,0.0,0.0,0.0,0.0,0.0,0.0,0.0,1525551.0,0.0,0.0,6987305.0
Q41046_25_H3N2Pen1,0.0,0.0,0.0,0.0,0.0,0.0,0.0,0.0,0.0,0.0,0.0,0.0,119010.3,0.0,0.0,1952313.0,0.0,0.0
Q41059_515_H3N4F1Pen1,0.0,0.0,0.0,0.0,0.0,0.0,0.0,17171840.0,0.0,0.0,1128074.0,0.0,0.0,0.0,0.0,0.0,0.0,0.0
Q41060_112_H3N2Pen1,0.0,0.0,0.0,0.0,0.0,0.0,0.0,0.0,0.0,0.0,0.0,0.0,38984860.0,0.0,0.0,0.0,0.0,0.0
Q41060_198_H3N3F1Pen1,0.0,0.0,0.0,0.0,0.0,7517278.0,0.0,0.0,0.0,0.0,0.0,0.0,0.0,0.0,0.0,0.0,0.0,0.0
Q41060_198_H8N2,0.0,0.0,0.0,0.0,0.0,0.0,0.0,0.0,4368258.0,0.0,0.0,958472.7,0.0,0.0,0.0,0.0,0.0,0.0
Q41114_159_H3N3F1Pen1,0.0,0.0,0.0,0.0,0.0,0.0,0.0,0.0,0.0,0.0,13964090.0,0.0,0.0,0.0,0.0,0.0,0.0,0.0
Q41161_30_H3N2F1Pen1,0.0,0.0,0.0,0.0,0.0,0.0,0.0,0.0,0.0,0.0,0.0,0.0,0.0,0.0,0.0,0.0,7922985.0,0.0
Q41161_30_H4N3F1Pen1,4772188.0,0.0,0.0,785434.8,0.0,0.0,0.0,0.0,0.0,0.0,0.0,0.0,0.0,0.0,0.0,0.0,0.0,0.0
Q41229_39_H6N2,0.0,0.0,0.0,0.0,0.0,0.0,0.0,0.0,0.0,0.0,0.0,0.0,0.0,0.0,14922920.0,0.0,0.0,2584844.0
Q41266_116_H3N4F1Pen1,0.0,0.0,9310204.0,0.0,0.0,2231588.0,0.0,0.0,0.0,0.0,0.0,0.0,11347560.0,0.0,0.0,1139332.0,0.0,0.0
Q41358_260_H3N2F1Pen1,0.0,3465562.0,0.0,0.0,4381874.0,0.0,0.0,0.0,0.0,0.0,0.0,0.0,1832308.0,0.0,3404837.0,1380178.0,0.0,775136.5
Q41382_78_H8N2,0.0,5682681.0,0.0,0.0,0.0,0.0,6122021.0,0.0,0.0,0.0,0.0,0.0,0.0,0.0,0.0,0.0,0.0,0.0
Q41575_31_H3N4F1Pen1,0.0,0.0,0.0,0.0,0.0,0.0,0.0,0.0,0.0,0.0,0.0,0.0,0.0,0.0,2585900.0,0.0,0.0,0.0
Q41594_757_H3N4F1Pen1,0.0,0.0,0.0,0.0,0.0,0.0,0.0,0.0,0.0,0.0,6839504.0,0.0,0.0,0.0,0.0,0.0,0.0,0.0
Q41608_583_H3N3F1Pen1,0.0,0.0,0.0,20013210.0,0.0,0.0,0.0,0.0,0.0,228795400.0,0.0,0.0,0.0,0.0,0.0,25530920.0,0.0,0.0
Q41706_174_H3N2F1Pen1,0.0,0.0,0.0,4299648.0,3904676.0,0.0,0.0,974962.6,0.0,0.0,52317780.0,0.0,0.0,0.0,0.0,22838340.0,0.0,0.0
Q41706_174_H3N4F1Pen1,0.0,0.0,0.0,0.0,0.0,29762060.0,0.0,200552.8,0.0,0.0,21858020.0,0.0,0.0,0.0,0.0,0.0,0.0,0.0
Q41706_174_H3N4Pen1,0.0,0.0,0.0,0.0,0.0,0.0,0.0,0.0,0.0,6135299.0,0.0,0.0,0.0,0.0,0.0,0.0,0.0,0.0
Q41706_174_H4N4F1Pen1,0.0,0.0,0.0,0.0,0.0,0.0,0.0,0.0,0.0,0.0,8702644.0,0.0,0.0,0.0,0.0,0.0,0.0,0.0
Q41706_174_H4N4F2Pen1,0.0,0.0,0.0,0.0,16094770.0,0.0,0.0,0.0,0.0,0.0,0.0,11145770.0,0.0,0.0,0.0,0.0,0.0,0.0
Q41761_45_H6N2,0.0,0.0,0.0,0.0,0.0,0.0,0.0,47762820.0,0.0,0.0,0.0,0.0,0.0,0.0,0.0,0.0,0.0,0.0
Q42191_55_H3N2F1Pen1,0.0,15178100.0,13433990.0,0.0,7596298.0,7653718.0,0.0,18334970.0,0.0,0.0,12219800.0,0.0,15794970.0,13333430.0,0.0,5169418.0,5968549.0,0.0
Q42191_55_H3N3F1Pen1,0.0,0.0,0.0,0.0,0.0,0.0,279844.6,0.0,0.0,6917998.0,0.0,0.0,0.0,0.0,0.0,0.0,0.0,0.0
Q42191_55_H3N4F1Pen1,0.0,0.0,23414670.0,0.0,0.0,20936880.0,0.0,34730590.0,0.0,0.0,23564500.0,0.0,0.0,0.0,0.0,0.0,0.0,0.0
Q42340_35_H3N4F1Pen1,0.0,0.0,0.0,0.0,0.0,0.0,0.0,0.0,2357005.0,0.0,0.0,16188710.0,0.0,0.0,0.0,0.0,0.0,0.0
Q42340_35_H6N2,0.0,0.0,0.0,0.0,0.0,0.0,0.0,0.0,0.0,3076864.0,0.0,0.0,0.0,0.0,0.0,0.0,0.0,0.0
Q42344_60_H4N3Pen1,0.0,0.0,0.0,0.0,0.0,0.0,187423.8,0.0,0.0,10791770.0,0.0,0.0,0.0,0.0,0.0,3606838.0,5145331.0,0.0
Q42344_60_H4N4Pen1,0.0,0.0,0.0,0.0,0.0,0.0,0.0,0.0,0.0,0.0,0.0,0.0,0.0,0.0,0.0,21519200.0,0.0,0.0
Q42368_178_H3N2F1Pen1,0.0,0.0,0.0,0.0,0.0,0.0,0.0,0.0,0.0,13676620.0,0.0,0.0,0.0,0.0,0.0,0.0,0.0,0.0
Q42371_329_H3N2F1Pen1,0.0,0.0,109623000.0,0.0,0.0,40702850.0,102428800.0,0.0,0.0,18794170.0,0.0,0.0,0.0,0.0,0.0,0.0,0.0,0.0
Q42371_647_H3N4F1Pen1,0.0,0.0,0.0,0.0,0.0,0.0,0.0,0.0,0.0,5870013.0,0.0,0.0,0.0,0.0,0.0,0.0,0.0,0.0
Q42376_209_H3N2F1Pen1,0.0,0.0,0.0,0.0,0.0,0.0,0.0,31671210.0,0.0,0.0,5066069.0,0.0,0.0,0.0,0.0,0.0,0.0,0.0
Q42396_430_H3N4F1Pen1,0.0,0.0,0.0,0.0,0.0,0.0,0.0,0.0,0.0,0.0,0.0,0.0,0.0,324149.7,0.0,0.0,22897960.0,0.0
Q42440_150_H4N2Pen1,0.0,0.0,0.0,0.0,0.0,0.0,6350963.0,0.0,0.0,2836904.0,0.0,0.0,0.0,0.0,0.0,0.0,0.0,0.0
Q42440_28_H9N2,0.0,6280959.0,0.0,0.0,1243732.0,0.0,0.0,3421186.0,0.0,0.0,3958556.0,0.0,0.0,0.0,0.0,0.0,0.0,0.0
Q42464_81_H3N2F1Pen1,0.0,0.0,0.0,0.0,0.0,0.0,0.0,0.0,0.0,0.0,0.0,0.0,0.0,0.0,0.0,0.0,0.0,5635998.0
Q42472_271_H3N2F1Pen1,75385350.0,0.0,0.0,0.0,0.0,0.0,0.0,0.0,0.0,0.0,0.0,0.0,69037710.0,0.0,0.0,0.0,0.0,0.0
Q42472_271_H3N3F1Pen1,0.0,0.0,0.0,0.0,0.0,0.0,18907570.0,0.0,0.0,0.0,0.0,0.0,11871810.0,0.0,1244836.0,0.0,0.0,0.0
Q42472_271_H3N3Pen1,0.0,7056378.0,0.0,0.0,0.0,0.0,0.0,9613385.0,0.0,0.0,0.0,0.0,0.0,0.0,0.0,0.0,0.0,0.0
Q42472_271_H4N3F1Pen1,0.0,7868668.0,0.0,0.0,0.0,0.0,6862090.0,0.0,0.0,0.0,0.0,0.0,0.0,0.0,0.0,0.0,0.0,0.0
Q42472_271_H4N3F2Pen1,0.0,0.0,0.0,0.0,0.0,0.0,0.0,0.0,0.0,0.0,0.0,0.0,0.0,4601759.0,0.0,0.0,0.0,0.0
Q42472_271_H4N3Pen1,0.0,9315422.0,0.0,0.0,0.0,0.0,0.0,0.0,10832570.0,0.0,0.0,0.0,0.0,0.0,0.0,0.0,0.0,0.0
Q42472_271_H4N4F1Pen1,0.0,0.0,7970190.0,0.0,0.0,629892.1,0.0,0.0,0.0,0.0,0.0,0.0,0.0,11567640.0,0.0,0.0,0.0,0.0
Q42472_271_H5N2,0.0,0.0,15134740.0,0.0,0.0,0.0,0.0,0.0,15301510.0,0.0,0.0,0.0,0.0,0.0,0.0,0.0,0.0,0.0
Q42472_271_H5N4F1Pen1,0.0,0.0,0.0,0.0,0.0,0.0,0.0,0.0,36612220.0,0.0,0.0,0.0,0.0,0.0,0.0,0.0,0.0,0.0
Q42472_271_H5N4F2Pen1,0.0,0.0,0.0,0.0,0.0,0.0,30721630.0,0.0,0.0,906074.6,0.0,0.0,46653930.0,0.0,0.0,3115740.0,0.0,0.0
Q42472_271_H5N4F3Pen1,0.0,0.0,13558830.0,0.0,0.0,2088738.0,0.0,0.0,0.0,0.0,0.0,0.0,0.0,0.0,0.0,0.0,0.0,0.0
Q42472_271_H6N2,0.0,0.0,0.0,0.0,0.0,0.0,0.0,0.0,0.0,0.0,0.0,0.0,3565159.0,0.0,0.0,0.0,0.0,0.0
Q42472_271_H6N4F1Pen1,0.0,0.0,0.0,0.0,0.0,0.0,0.0,0.0,9636696.0,0.0,0.0,5197089.0,11814220.0,0.0,0.0,6613854.0,0.0,0.0
Q42472_271_H6N4F2Pen1,6396296.0,0.0,0.0,1449649.0,0.0,0.0,0.0,23821460.0,0.0,0.0,11973020.0,0.0,0.0,0.0,0.0,0.0,0.0,0.0
Q42484_282_H3N2F1Pen1,0.0,0.0,0.0,0.0,0.0,0.0,3223912.0,0.0,0.0,7959301.0,0.0,0.0,0.0,0.0,0.0,0.0,0.0,0.0
Q42536_371_H3N2F1Pen1,0.0,0.0,0.0,0.0,0.0,0.0,0.0,0.0,0.0,0.0,3790546.0,0.0,0.0,0.0,0.0,0.0,0.0,0.0
Q42556_861_H3N2F1Pen1,0.0,5854965.0,0.0,0.0,0.0,0.0,0.0,0.0,0.0,0.0,0.0,0.0,0.0,0.0,0.0,0.0,0.0,0.0
Q42561_7_H3N2F1Pen1,0.0,14320850.0,0.0,0.0,0.0,0.0,0.0,0.0,0.0,0.0,0.0,0.0,0.0,0.0,0.0,0.0,0.0,0.0
Q42561_98_H3N2F1Pen1,0.0,0.0,0.0,0.0,0.0,0.0,0.0,0.0,0.0,0.0,0.0,0.0,20811520.0,0.0,0.0,0.0,0.0,0.0
Q42572_76_H3N2Pen1,7716398.0,0.0,0.0,1265455.0,0.0,0.0,4206757.0,0.0,0.0,258601.4,0.0,0.0,0.0,0.0,4376531.0,0.0,0.0,0.0
Q42572_76_H3N3F1Pen1,0.0,0.0,0.0,0.0,0.0,0.0,0.0,49150390.0,0.0,0.0,4026751.0,0.0,0.0,0.0,0.0,0.0,0.0,0.0
Q42572_76_H3N4F1Pen1,0.0,0.0,0.0,0.0,0.0,0.0,0.0,7749892.0,0.0,0.0,0.0,0.0,0.0,0.0,0.0,0.0,0.0,0.0
Q42592_152_H3N2F1Pen1,0.0,0.0,0.0,0.0,0.0,0.0,15273390.0,0.0,0.0,284193.2,0.0,0.0,0.0,0.0,0.0,0.0,0.0,0.0
Q42593_131_H3N4F1Pen1,0.0,0.0,0.0,0.0,0.0,0.0,5356764.0,0.0,0.0,14831030.0,0.0,0.0,0.0,0.0,1420030.0,0.0,0.0,11752460.0
Q42593_131_H6N2,0.0,0.0,0.0,0.0,0.0,0.0,0.0,0.0,0.0,0.0,0.0,0.0,309103.9,0.0,0.0,25665690.0,0.0,0.0
Q42609_216_H3N2F1Pen1,0.0,0.0,0.0,0.0,0.0,0.0,0.0,0.0,0.0,0.0,0.0,0.0,5964341.0,0.0,0.0,389865.2,0.0,0.0
Q42665_88_H3N2F1Pen1,0.0,0.0,2975542.0,0.0,0.0,0.0,0.0,0.0,0.0,0.0,0.0,0.0,0.0,0.0,0.0,0.0,0.0,0.0
Q42698_4_H8N2,0.0,0.0,282124.8,0.0,0.0,5885603.0,0.0,0.0,0.0,0.0,0.0,0.0,0.0,0.0,0.0,4619643.0,0.0,0.0
Q42716_347_H3N3F1Pen1,0.0,0.0,0.0,0.0,0.0,0.0,0.0,0.0,34534930.0,0.0,0.0,34853690.0,0.0,22412460.0,0.0,0.0,22115290.0,0.0
Q42716_347_H3N3Pen1,0.0,0.0,1404907.0,0.0,0.0,926045.6,0.0,0.0,0.0,0.0,0.0,0.0,0.0,0.0,0.0,0.0,0.0,0.0
Q42716_425_H3N3F1Pen1,20678430.0,0.0,0.0,13682880.0,0.0,0.0,0.0,0.0,0.0,0.0,0.0,0.0,0.0,0.0,9196511.0,0.0,0.0,16244640.0
Q42716_47_H3N2F1Pen1,0.0,0.0,0.0,0.0,0.0,0.0,0.0,0.0,0.0,0.0,0.0,0.0,5992347.0,0.0,0.0,0.0,0.0,0.0
Q42807_309_H8N2,0.0,0.0,0.0,0.0,0.0,0.0,0.0,0.0,0.0,0.0,13303520.0,0.0,0.0,0.0,0.0,0.0,0.0,0.0
Q42840_138_H3N3F1Pen1,0.0,0.0,0.0,0.0,0.0,0.0,0.0,0.0,0.0,0.0,0.0,0.0,0.0,0.0,8350669.0,0.0,0.0,1628629.0
Q42855_21_H3N2F1Pen1,0.0,0.0,0.0,0.0,0.0,0.0,0.0,0.0,0.0,13415920.0,0.0,0.0,0.0,0.0,0.0,0.0,0.0,0.0
Q42876_550_H3N2F1Pen1,0.0,0.0,0.0,0.0,0.0,0.0,16861330.0,0.0,0.0,0.0,0.0,0.0,0.0,0.0,17538160.0,0.0,0.0,0.0
Q42881_434_H3N2F1Pen1,0.0,0.0,0.0,44583220.0,0.0,0.0,0.0,0.0,0.0,0.0,0.0,0.0,0.0,0.0,0.0,0.0,0.0,0.0
Q42883_522_H3N3F1Pen1,0.0,0.0,0.0,0.0,0.0,0.0,4669076.0,0.0,0.0,11562500.0,0.0,0.0,0.0,0.0,0.0,0.0,0.0,0.0
Q43089_181_H8N2,0.0,0.0,0.0,0.0,0.0,0.0,0.0,0.0,0.0,0.0,0.0,0.0,0.0,0.0,165863.1,0.0,0.0,8650664.0
Q43092_561_H8N2,0.0,751346.9,0.0,0.0,20300170.0,0.0,0.0,0.0,0.0,0.0,0.0,0.0,0.0,0.0,0.0,0.0,0.0,0.0
Q43092_561_H9N2,0.0,0.0,0.0,0.0,0.0,0.0,0.0,7892488.0,0.0,0.0,2391046.0,0.0,0.0,0.0,0.0,0.0,0.0,0.0
Q43128_881_H8N2,0.0,0.0,0.0,0.0,0.0,0.0,0.0,0.0,1394346.0,0.0,0.0,44656220.0,0.0,0.0,0.0,0.0,0.0,12667500.0
Q43135_193_H3N2Pen1,0.0,0.0,0.0,0.0,0.0,0.0,0.0,16034030.0,0.0,0.0,472284.2,0.0,0.0,0.0,0.0,0.0,0.0,0.0
Q43138_30_H10N2,0.0,0.0,0.0,0.0,0.0,0.0,0.0,0.0,6242786.0,0.0,0.0,2174472.0,0.0,0.0,0.0,0.0,0.0,0.0
Q43155_319_H3N2F1Pen1,0.0,0.0,35479860.0,0.0,0.0,64873060.0,0.0,0.0,0.0,0.0,0.0,0.0,0.0,0.0,0.0,0.0,0.0,0.0
Q43155_319_H6N2,0.0,0.0,1303103.0,0.0,0.0,2252414.0,0.0,0.0,0.0,0.0,0.0,0.0,0.0,0.0,0.0,0.0,0.0,0.0
Q43155_789_H6N2,0.0,0.0,1688224.0,0.0,0.0,3077392.0,0.0,0.0,0.0,0.0,0.0,0.0,0.0,0.0,0.0,0.0,0.0,0.0
Q43292_13_H10N2,0.0,0.0,0.0,0.0,0.0,0.0,0.0,0.0,0.0,0.0,0.0,0.0,318828.1,0.0,0.0,10874320.0,0.0,0.0
Q43307_206_H8N2,0.0,0.0,7411301.0,0.0,0.0,0.0,0.0,12065760.0,0.0,0.0,0.0,0.0,0.0,0.0,0.0,0.0,0.0,0.0
Q43309_447_H3N2F1Pen1,0.0,0.0,0.0,0.0,0.0,0.0,0.0,1307373.0,0.0,0.0,6358691.0,0.0,0.0,0.0,0.0,0.0,0.0,0.0
Q43309_447_H3N4F1Pen1,0.0,0.0,0.0,0.0,0.0,3122740.0,0.0,0.0,0.0,0.0,0.0,0.0,0.0,0.0,0.0,0.0,0.0,0.0
Q43469_43_H3N2F1Pen1,0.0,0.0,0.0,0.0,0.0,0.0,0.0,0.0,0.0,0.0,0.0,0.0,0.0,0.0,24276530.0,0.0,0.0,0.0
Q43710_182_H3N2F1Pen1,0.0,0.0,0.0,63945560.0,0.0,0.0,0.0,0.0,0.0,0.0,0.0,0.0,0.0,0.0,0.0,0.0,0.0,0.0
Q43710_182_H3N3F1Pen1,0.0,0.0,0.0,0.0,0.0,0.0,0.0,0.0,1186005.0,0.0,0.0,58063080.0,0.0,0.0,0.0,0.0,0.0,0.0
Q43710_182_H4N4Pen1,0.0,766353.2,0.0,0.0,2233662.0,0.0,0.0,0.0,0.0,0.0,0.0,0.0,0.0,0.0,0.0,0.0,0.0,0.0
Q43727_273_H3N2F1Pen1,0.0,1559787.0,0.0,0.0,30684100.0,0.0,0.0,2767857.0,0.0,0.0,71605220.0,0.0,0.0,3764910.0,0.0,0.0,26202140.0,0.0
Q43727_273_H3N3F1Pen1,0.0,139642.2,180609.4,0.0,6131509.0,2969413.0,881223.4,0.0,0.0,19586300.0,0.0,0.0,0.0,803399.9,0.0,0.0,9752870.0,0.0
Q43727_273_H3N4F1Pen1,0.0,0.0,451811.6,0.0,0.0,3732505.0,0.0,0.0,0.0,0.0,0.0,0.0,0.0,0.0,0.0,0.0,0.0,0.0
Q43727_273_H4N3F1Pen1,0.0,0.0,0.0,0.0,0.0,0.0,1738397.0,1799076.0,0.0,19572360.0,20795330.0,0.0,0.0,0.0,0.0,0.0,0.0,0.0
Q43727_273_H4N3F2Pen1,0.0,0.0,0.0,0.0,0.0,0.0,0.0,0.0,0.0,0.0,0.0,0.0,0.0,0.0,0.0,0.0,3732126.0,0.0
Q43727_453_H3N2F1Pen1,0.0,0.0,0.0,0.0,0.0,0.0,0.0,0.0,0.0,0.0,0.0,0.0,0.0,0.0,0.0,0.0,0.0,13775540.0
Q43727_453_H3N3F1Pen1,0.0,0.0,0.0,0.0,0.0,0.0,0.0,0.0,0.0,5420637.0,0.0,8930221.0,0.0,0.0,0.0,0.0,0.0,0.0
Q43731_215_H6N2,0.0,0.0,0.0,0.0,0.0,0.0,0.0,0.0,0.0,0.0,0.0,5323706.0,0.0,0.0,0.0,0.0,0.0,0.0
Q43846_728_H4N3Pen1,0.0,0.0,0.0,0.0,0.0,0.0,0.0,0.0,0.0,0.0,5116629.0,0.0,0.0,0.0,0.0,0.0,0.0,0.0
Q43857_12_H3N2F1Pen1,0.0,0.0,0.0,0.0,0.0,0.0,3047121.0,0.0,0.0,9206958.0,0.0,0.0,0.0,0.0,0.0,0.0,0.0,0.0
Q43867_154_H3N2F1Pen1,0.0,0.0,0.0,0.0,0.0,0.0,0.0,0.0,0.0,0.0,38978540.0,0.0,0.0,0.0,0.0,0.0,19409740.0,0.0
Q43869_48_H3N2F1Pen1,0.0,0.0,0.0,0.0,0.0,0.0,25641920.0,0.0,0.0,0.0,0.0,0.0,0.0,0.0,0.0,0.0,0.0,0.0
Q43870_275_H9N2,0.0,2333781.0,0.0,0.0,831585.7,0.0,0.0,0.0,0.0,0.0,0.0,0.0,0.0,0.0,0.0,0.0,0.0,0.0
Q49KY9_44_H3N2F1Pen1,0.0,0.0,0.0,24886910.0,54415050.0,0.0,0.0,0.0,0.0,0.0,0.0,0.0,0.0,0.0,0.0,0.0,0.0,0.0
Q49L02_18_H3N2F1Pen1,0.0,19977040.0,0.0,0.0,2853113.0,0.0,0.0,0.0,44121820.0,0.0,0.0,6365612.0,63776270.0,0.0,0.0,11465590.0,0.0,0.0
Q49L02_18_H4N2Pen1,0.0,0.0,0.0,0.0,0.0,0.0,9975211.0,0.0,0.0,0.0,0.0,0.0,0.0,0.0,0.0,0.0,0.0,0.0
Q49SP6_95_H4N3Pen1,0.0,0.0,0.0,0.0,0.0,0.0,0.0,0.0,0.0,9146559.0,0.0,0.0,0.0,0.0,0.0,0.0,0.0,0.0
Q49U13_76_H3N2F1Pen1,0.0,0.0,0.0,0.0,0.0,0.0,0.0,0.0,0.0,6419654.0,0.0,0.0,0.0,0.0,0.0,0.0,0.0,0.0
Q4FG73_53_H8N2,0.0,0.0,0.0,9522807.0,0.0,0.0,0.0,0.0,0.0,0.0,0.0,0.0,0.0,0.0,0.0,0.0,0.0,40658470.0
Q4FG73_53_H9N2,0.0,0.0,0.0,0.0,5044839.0,0.0,0.0,0.0,0.0,0.0,0.0,0.0,0.0,0.0,0.0,0.0,0.0,0.0
Q4H174_356_H3N2F1Pen1,0.0,0.0,0.0,0.0,22905250.0,0.0,0.0,0.0,0.0,0.0,0.0,0.0,0.0,0.0,0.0,48222480.0,43352690.0,0.0
Q4PSN6_283_H3N2F1Pen1,0.0,0.0,0.0,0.0,0.0,0.0,0.0,0.0,2361981.0,0.0,0.0,0.0,0.0,0.0,0.0,0.0,0.0,0.0
Q4PSN6_283_H3N2Pen1,0.0,0.0,0.0,0.0,0.0,0.0,0.0,2920222.0,0.0,0.0,0.0,0.0,0.0,0.0,0.0,0.0,0.0,0.0
Q4PSN8_220_H8N2,0.0,22047900.0,0.0,0.0,13445190.0,0.0,0.0,0.0,0.0,0.0,0.0,0.0,0.0,0.0,0.0,0.0,0.0,0.0
Q4PT07_325_H3N2F1Pen1,0.0,0.0,23005420.0,0.0,0.0,0.0,0.0,0.0,0.0,0.0,0.0,0.0,0.0,0.0,0.0,0.0,0.0,0.0
Q4PT07_325_H3N2Pen1,0.0,7863020.0,0.0,0.0,1225251.0,0.0,9362675.0,0.0,0.0,0.0,0.0,0.0,0.0,0.0,0.0,0.0,0.0,0.0
Q4VZH1_172_H3N2F1Pen1,0.0,0.0,0.0,0.0,0.0,0.0,0.0,8166833.0,0.0,0.0,9623130.0,0.0,0.0,0.0,5105800.0,0.0,0.0,8979700.0
Q4VZM9_117_H3N2F1Pen1,0.0,10346130.0,0.0,0.0,5149736.0,0.0,0.0,0.0,0.0,0.0,0.0,0.0,0.0,0.0,0.0,0.0,0.0,0.0
Q4VZP3_689_H3N4F1Pen1,0.0,0.0,0.0,0.0,0.0,0.0,0.0,0.0,0.0,6828509.0,0.0,0.0,0.0,0.0,0.0,0.0,0.0,0.0
Q500V2_504_H3N2Pen1,0.0,0.0,0.0,0.0,0.0,0.0,16377370.0,0.0,0.0,678329.9,0.0,0.0,0.0,0.0,0.0,0.0,0.0,0.0
Q500W7_445_H3N2F1Pen1,0.0,14748170.0,0.0,0.0,0.0,0.0,0.0,0.0,0.0,0.0,0.0,0.0,0.0,0.0,0.0,0.0,0.0,0.0
Q501D2_542_H3N2F1Pen1,0.0,0.0,21842450.0,0.0,0.0,0.0,0.0,0.0,0.0,0.0,0.0,0.0,0.0,0.0,0.0,0.0,0.0,0.0
Q501D2_542_H3N3F1Pen1,0.0,446329.4,0.0,0.0,6345850.0,0.0,0.0,0.0,0.0,0.0,0.0,0.0,0.0,0.0,0.0,0.0,0.0,0.0
Q501D2_542_H4N3Pen1,0.0,0.0,0.0,0.0,0.0,0.0,0.0,0.0,0.0,0.0,0.0,0.0,0.0,0.0,0.0,0.0,0.0,4880166.0
Q501D2_542_H5N4F3Pen1,0.0,0.0,0.0,0.0,0.0,0.0,0.0,0.0,924203.0,0.0,0.0,16809570.0,0.0,1845606.0,0.0,0.0,15590660.0,0.0
Q501G5_151_H3N4F1Pen1,0.0,0.0,0.0,0.0,0.0,0.0,0.0,0.0,0.0,10586430.0,0.0,0.0,0.0,0.0,0.0,0.0,0.0,0.0
Q501G5_155_H3N4F1Pen1,0.0,0.0,0.0,0.0,0.0,0.0,0.0,0.0,0.0,0.0,0.0,10407020.0,0.0,0.0,0.0,0.0,0.0,0.0
Q50EK6_350_H3N2F1Pen1,7506994.0,0.0,0.0,4655790.0,0.0,0.0,0.0,0.0,0.0,0.0,0.0,0.0,0.0,0.0,0.0,0.0,0.0,0.0
Q50EK6_350_H4N4Pen1,0.0,0.0,0.0,0.0,0.0,0.0,0.0,14461340.0,0.0,0.0,11760510.0,0.0,0.0,0.0,0.0,0.0,0.0,0.0
Q50EX6_134_H8N2,0.0,0.0,47128930.0,0.0,0.0,1344598.0,19304570.0,0.0,0.0,991215.4,0.0,0.0,32238370.0,37072430.0,0.0,1617073.0,2448052.0,0.0
Q52QW2_350_H3N2F1Pen1,0.0,0.0,0.0,0.0,0.0,0.0,0.0,0.0,0.0,0.0,0.0,0.0,0.0,4951322.0,0.0,0.0,5494045.0,0.0
Q52QW2_350_H8N2,0.0,0.0,0.0,0.0,0.0,0.0,3965473.0,0.0,0.0,1117306.0,0.0,0.0,0.0,0.0,0.0,0.0,0.0,0.0
Q52T38_490_H3N2F1Pen1,0.0,0.0,0.0,0.0,0.0,0.0,13827250.0,0.0,0.0,13378880.0,0.0,0.0,12248320.0,0.0,0.0,11015370.0,0.0,0.0
Q53DU6_50_H4N2Pen1,16650640.0,0.0,0.0,8349102.0,0.0,0.0,0.0,13638770.0,0.0,0.0,11817740.0,0.0,0.0,0.0,0.0,0.0,0.0,0.0
Q53N47_557_H3N2F1Pen1,0.0,0.0,0.0,0.0,0.0,0.0,0.0,0.0,2655520.0,0.0,0.0,0.0,0.0,0.0,0.0,0.0,0.0,0.0
Q53N47_557_H3N3F1Pen1,0.0,0.0,0.0,0.0,0.0,0.0,5947813.0,0.0,5880597.0,655586.8,0.0,0.0,0.0,5441437.0,0.0,0.0,0.0,0.0
Q53N47_557_H4N3F1Pen1,0.0,5986905.0,0.0,0.0,0.0,0.0,0.0,8087303.0,0.0,0.0,725411.7,0.0,0.0,0.0,7202617.0,0.0,0.0,0.0
Q53NI2_372_H6N2,0.0,0.0,0.0,0.0,0.0,0.0,127609.3,0.0,0.0,3308645.0,0.0,0.0,0.0,0.0,0.0,0.0,0.0,0.0
Q53P98_58_H7N2,0.0,0.0,0.0,0.0,0.0,0.0,0.0,42718170.0,0.0,0.0,10066900.0,0.0,0.0,0.0,0.0,0.0,0.0,0.0
Q53WJ1_846_H3N3Pen1,0.0,0.0,2257567.0,0.0,0.0,0.0,0.0,0.0,0.0,0.0,0.0,0.0,0.0,0.0,0.0,0.0,0.0,0.0
Q53WJ1_846_H3N4Pen1,0.0,0.0,0.0,0.0,0.0,0.0,0.0,0.0,0.0,0.0,0.0,0.0,0.0,3826807.0,0.0,0.0,946414.3,0.0
Q564G7_328_H3N2F1Pen1,0.0,0.0,7313773.0,0.0,0.0,1852398.0,2398437.0,9656614.0,0.0,0.0,738421.3,0.0,0.0,0.0,0.0,0.0,0.0,0.0
Q56WH4_264_H3N3F1Pen1,0.0,3213916.0,0.0,0.0,404056.4,0.0,0.0,0.0,0.0,0.0,0.0,0.0,0.0,0.0,0.0,0.0,0.0,0.0
Q56X72_176_H8N2,0.0,0.0,0.0,0.0,0.0,0.0,0.0,0.0,0.0,0.0,0.0,8522235.0,0.0,0.0,0.0,0.0,0.0,0.0
Q56XJ7_36_H3N2F1Pen1,0.0,280768.9,0.0,0.0,26428960.0,0.0,0.0,0.0,0.0,0.0,0.0,0.0,0.0,0.0,0.0,0.0,0.0,0.0
Q56XJ7_36_H3N4F1Pen1,0.0,723086.0,0.0,0.0,33385800.0,0.0,0.0,0.0,0.0,0.0,0.0,0.0,0.0,0.0,0.0,22350050.0,0.0,0.0
Q56XR0_196_H4N3F1Pen1,1898713.0,0.0,0.0,4340537.0,0.0,0.0,0.0,0.0,14674010.0,0.0,0.0,23946590.0,0.0,0.0,0.0,0.0,0.0,0.0
Q56XZ1_196_H3N2F1Pen1,0.0,0.0,0.0,0.0,0.0,0.0,0.0,0.0,0.0,0.0,0.0,0.0,0.0,24866670.0,0.0,0.0,15886080.0,0.0
Q56Y42_308_H7N2,0.0,0.0,493332.5,0.0,0.0,8277707.0,0.0,0.0,0.0,0.0,0.0,0.0,0.0,0.0,0.0,0.0,0.0,0.0
Q56YN3_194_H3N3F1Pen1,0.0,0.0,0.0,0.0,0.0,0.0,0.0,0.0,0.0,0.0,0.0,0.0,0.0,0.0,11082650.0,0.0,0.0,0.0
Q56YP2_563_H3N2F1Pen1,5196333.0,0.0,0.0,5995285.0,0.0,0.0,0.0,6194852.0,0.0,0.0,7281406.0,0.0,0.0,0.0,0.0,0.0,0.0,0.0
Q570C8_445_H3N3F1Pen1,0.0,0.0,0.0,0.0,0.0,0.0,0.0,0.0,19509330.0,0.0,0.0,1708937.0,0.0,31853580.0,0.0,0.0,2039424.0,0.0
Q570C8_445_H8N2,0.0,0.0,201393.6,0.0,0.0,44262370.0,0.0,0.0,0.0,44379250.0,0.0,0.0,0.0,0.0,0.0,0.0,0.0,0.0
Q570R7_172_H7N2,0.0,0.0,0.0,0.0,0.0,0.0,0.0,0.0,0.0,0.0,0.0,0.0,0.0,0.0,0.0,0.0,9402651.0,0.0
Q588V7_1662_H3N2F1Pen1,0.0,485608.4,0.0,0.0,7785865.0,0.0,2838300.0,0.0,0.0,14987990.0,0.0,0.0,0.0,0.0,0.0,0.0,0.0,0.0
Q588V7_1662_H3N4F1Pen1,0.0,0.0,6280389.0,0.0,0.0,25813950.0,0.0,0.0,0.0,0.0,0.0,0.0,5159133.0,0.0,0.0,13226310.0,0.0,0.0
Q588V7_1662_H3N4Pen1,0.0,0.0,0.0,0.0,0.0,0.0,1930855.0,0.0,0.0,6590320.0,0.0,0.0,0.0,0.0,0.0,0.0,0.0,0.0
Q588V7_1662_H4N4F1Pen1,0.0,0.0,0.0,0.0,0.0,0.0,0.0,5048151.0,0.0,0.0,31481680.0,0.0,0.0,0.0,3590893.0,0.0,0.0,25527960.0
Q588V7_1662_H4N4F2Pen1,0.0,0.0,0.0,0.0,0.0,0.0,0.0,0.0,12114980.0,0.0,0.0,58637160.0,0.0,0.0,7285975.0,0.0,0.0,44022420.0
Q588V7_1662_H4N4Pen1,0.0,0.0,0.0,0.0,0.0,0.0,0.0,0.0,0.0,4672619.0,0.0,0.0,0.0,0.0,0.0,0.0,0.0,0.0
Q588V7_1662_H8N2,0.0,0.0,0.0,0.0,0.0,9107645.0,0.0,0.0,0.0,0.0,0.0,0.0,0.0,0.0,0.0,0.0,0.0,0.0
Q588V7_403_H8N2,0.0,0.0,0.0,0.0,0.0,0.0,0.0,0.0,0.0,0.0,0.0,0.0,6633676.0,0.0,0.0,975735.1,0.0,0.0
Q58P71_686_H3N2F1Pen1,603335.7,0.0,0.0,24386710.0,0.0,0.0,0.0,0.0,0.0,0.0,0.0,0.0,0.0,0.0,0.0,0.0,0.0,0.0
Q58P71_686_H3N3F1Pen1,0.0,0.0,0.0,0.0,0.0,0.0,0.0,932508.8,0.0,0.0,14999010.0,0.0,0.0,0.0,0.0,0.0,0.0,0.0
Q58P71_686_H3N4F1Pen1,0.0,0.0,0.0,0.0,0.0,0.0,0.0,0.0,0.0,0.0,0.0,0.0,0.0,326977.6,0.0,0.0,8970515.0,0.0
Q58P71_686_H4N3F1Pen1,1109927.0,0.0,0.0,11429810.0,0.0,0.0,733834.1,0.0,0.0,16916390.0,0.0,0.0,0.0,0.0,0.0,0.0,0.0,0.0
Q5BIV3_59_H3N3F1Pen1,0.0,0.0,0.0,0.0,0.0,0.0,0.0,17245580.0,16943250.0,0.0,20634360.0,23912840.0,0.0,0.0,3538059.0,0.0,0.0,5166178.0
Q5BIV3_59_H8N2,5787131.0,19237030.0,0.0,0.0,2315762.0,0.0,0.0,0.0,0.0,0.0,0.0,0.0,0.0,0.0,0.0,0.0,0.0,0.0
Q5BPF3_166_H4N4F2Pen1,0.0,0.0,0.0,0.0,0.0,9297507.0,0.0,0.0,0.0,0.0,0.0,41913940.0,0.0,0.0,0.0,0.0,0.0,0.0
Q5BPJ0_321_H3N2F1Pen1,5398898.0,0.0,0.0,0.0,0.0,0.0,0.0,0.0,3302169.0,0.0,0.0,0.0,0.0,0.0,0.0,0.0,0.0,0.0
Q5D869_1051_H3N2F1Pen1,0.0,0.0,0.0,0.0,0.0,0.0,45549670.0,14747560.0,0.0,11177920.0,0.0,0.0,0.0,0.0,0.0,0.0,0.0,0.0
Q5D873_439_H3N2F1Pen1,0.0,0.0,0.0,0.0,0.0,0.0,0.0,0.0,0.0,0.0,0.0,0.0,3392088.0,0.0,0.0,674599.6,0.0,0.0
Q5D892_1118_H3N2F1Pen1,0.0,0.0,0.0,0.0,0.0,0.0,10442710.0,0.0,0.0,238616.3,0.0,0.0,0.0,0.0,0.0,0.0,0.0,0.0
Q5EFU4_70_H3N2Pen1,0.0,0.0,0.0,0.0,0.0,0.0,0.0,2857848.0,0.0,0.0,0.0,0.0,0.0,0.0,0.0,0.0,0.0,0.0
Q5EFU4_70_H3N3F1Pen1,0.0,25543250.0,0.0,0.0,12493610.0,0.0,0.0,0.0,0.0,0.0,0.0,0.0,0.0,0.0,0.0,0.0,0.0,0.0
Q5EFU4_70_H4N3Pen1,0.0,0.0,7652756.0,0.0,0.0,3282318.0,0.0,0.0,0.0,0.0,0.0,0.0,0.0,0.0,0.0,0.0,0.0,0.0
Q5EFU4_70_H4N4F2Pen1,0.0,0.0,4003530.0,0.0,0.0,1771493.0,0.0,2655402.0,0.0,0.0,0.0,0.0,0.0,1829516.0,0.0,0.0,0.0,0.0
Q5EFU4_70_H8N2,2034196.0,0.0,0.0,0.0,0.0,0.0,0.0,0.0,0.0,0.0,0.0,0.0,0.0,0.0,0.0,0.0,0.0,0.0
Q5F0I3_117_H3N4F1Pen1,0.0,0.0,0.0,0.0,0.0,0.0,0.0,6611631.0,0.0,0.0,1040520.0,0.0,0.0,0.0,0.0,0.0,0.0,0.0
Q5F0I3_129_H8N2,0.0,0.0,0.0,0.0,0.0,0.0,0.0,0.0,0.0,0.0,0.0,0.0,6384483.0,0.0,0.0,2893616.0,0.0,0.0
Q5F4K8_17_H3N2F1Pen1,0.0,0.0,0.0,0.0,0.0,0.0,38127590.0,17465200.0,0.0,3276576.0,0.0,0.0,0.0,0.0,33866750.0,0.0,0.0,1535768.0
Q5F4K8_17_H3N3F1Pen1,0.0,0.0,0.0,0.0,0.0,0.0,7587060.0,0.0,7107325.0,977279.5,0.0,0.0,0.0,0.0,0.0,0.0,0.0,0.0
Q5F4K8_17_H6N2,0.0,0.0,0.0,0.0,0.0,0.0,0.0,0.0,2776263.0,0.0,0.0,728013.9,0.0,0.0,0.0,0.0,0.0,0.0
Q5FB34_37_H8N2,0.0,0.0,0.0,0.0,0.0,0.0,0.0,0.0,0.0,0.0,0.0,0.0,0.0,0.0,10344340.0,0.0,0.0,0.0
Q5FYU1_302_H3N2F1Pen1,8328439.0,0.0,0.0,0.0,0.0,0.0,0.0,5695429.0,0.0,0.0,0.0,0.0,0.0,0.0,0.0,0.0,0.0,0.0
Q5GGR6_325_H3N4F1Pen1,0.0,0.0,0.0,0.0,0.0,0.0,0.0,0.0,0.0,0.0,7831640.0,0.0,0.0,0.0,0.0,0.0,0.0,0.0
Q5GIR6_225_H3N2F1Pen1,0.0,66715910.0,0.0,0.0,0.0,0.0,94464240.0,0.0,60045250.0,0.0,0.0,0.0,0.0,0.0,0.0,0.0,0.0,0.0
Q5GIR6_225_H3N2Pen1,0.0,0.0,0.0,0.0,0.0,0.0,0.0,68254190.0,0.0,0.0,0.0,0.0,0.0,34812630.0,0.0,0.0,0.0,0.0
Q5GIR6_225_H3N3F1Pen1,0.0,0.0,0.0,0.0,0.0,0.0,0.0,0.0,0.0,0.0,0.0,0.0,0.0,11527950.0,0.0,0.0,0.0,0.0
Q5GIR6_225_H3N3Pen1,0.0,0.0,0.0,0.0,0.0,0.0,9531319.0,0.0,0.0,0.0,0.0,0.0,0.0,0.0,8899908.0,0.0,0.0,0.0
Q5GIR6_225_H4N3F1Pen1,0.0,0.0,9928567.0,0.0,0.0,0.0,18649970.0,27646520.0,0.0,0.0,0.0,0.0,0.0,21742900.0,0.0,0.0,0.0,0.0
Q5GIR6_225_H4N3F2Pen1,0.0,0.0,0.0,0.0,0.0,0.0,0.0,0.0,16005380.0,0.0,0.0,0.0,0.0,0.0,0.0,0.0,0.0,0.0
Q5GIR6_225_H4N4F1Pen1,0.0,0.0,0.0,0.0,0.0,0.0,0.0,11088900.0,0.0,0.0,0.0,0.0,0.0,0.0,0.0,0.0,0.0,0.0
Q5GIR6_225_H5N2,13872580.0,0.0,0.0,0.0,0.0,0.0,10774820.0,0.0,0.0,0.0,0.0,0.0,11458500.0,9979663.0,0.0,0.0,0.0,0.0
Q5GIR6_225_H5N4F1Pen1,0.0,0.0,0.0,0.0,0.0,0.0,0.0,0.0,0.0,0.0,0.0,0.0,0.0,8513192.0,0.0,0.0,3738391.0,0.0
Q5GIR6_225_H5N4F2Pen1,0.0,0.0,0.0,0.0,0.0,0.0,0.0,42068090.0,0.0,0.0,0.0,0.0,0.0,0.0,0.0,0.0,0.0,0.0
Q5GIR6_50_H3N2F1Pen1,0.0,0.0,0.0,0.0,0.0,0.0,0.0,4713541.0,0.0,0.0,0.0,0.0,0.0,0.0,5126727.0,0.0,0.0,0.0
Q5HZ36_309_H7N2,0.0,0.0,0.0,0.0,0.0,0.0,4360763.0,0.0,0.0,0.0,0.0,0.0,0.0,0.0,0.0,0.0,0.0,0.0
Q5IBC5_1258_H7N2,0.0,0.0,0.0,0.0,0.0,0.0,0.0,0.0,0.0,0.0,0.0,0.0,0.0,4480174.0,0.0,0.0,0.0,0.0
Q5IBC5_1258_H8N2,0.0,0.0,0.0,0.0,0.0,0.0,0.0,0.0,0.0,0.0,0.0,0.0,0.0,3996511.0,0.0,0.0,0.0,0.0
Q5IZC8_150_H3N4F1Pen1,0.0,0.0,0.0,0.0,0.0,0.0,0.0,0.0,0.0,0.0,0.0,0.0,0.0,0.0,0.0,4518463.0,0.0,0.0
Q5J2U8_197_H3N2F1Pen1,0.0,0.0,7394026.0,0.0,0.0,8692545.0,0.0,9051030.0,0.0,0.0,11428830.0,0.0,0.0,0.0,4081844.0,0.0,0.0,9223394.0
Q5J2U8_197_H3N3F1Pen1,0.0,3748676.0,0.0,0.0,4492537.0,0.0,0.0,0.0,0.0,0.0,0.0,0.0,913704.6,0.0,0.0,4256379.0,0.0,0.0
Q5J2U8_197_H3N4F1Pen1,0.0,7128352.0,8633711.0,0.0,6475843.0,11164790.0,0.0,26730270.0,0.0,0.0,17950420.0,0.0,4923517.0,8893477.0,0.0,5695960.0,12268600.0,0.0
Q5J2V4_45_H3N3F1Pen1,0.0,0.0,0.0,0.0,0.0,0.0,0.0,1417187.0,0.0,0.0,13694660.0,0.0,0.0,0.0,0.0,0.0,0.0,0.0
Q5J2X4_357_H10N2,0.0,0.0,0.0,0.0,0.0,0.0,0.0,0.0,0.0,0.0,0.0,0.0,0.0,0.0,8709108.0,0.0,0.0,1712994.0
Q5J2X4_357_H3N2Pen1,0.0,0.0,0.0,0.0,0.0,0.0,0.0,0.0,4571268.0,0.0,0.0,0.0,0.0,0.0,0.0,0.0,0.0,0.0
Q5J2X4_357_H9N2,0.0,0.0,0.0,0.0,0.0,0.0,0.0,0.0,0.0,0.0,0.0,0.0,0.0,5849156.0,0.0,0.0,600063.1,0.0
Q5J308_188_H3N2F1Pen1,0.0,0.0,0.0,0.0,0.0,0.0,0.0,0.0,3933706.0,0.0,0.0,1676464.0,0.0,0.0,0.0,0.0,0.0,0.0
Q5JJY4_328_H3N4F1Pen1,14492390.0,0.0,0.0,15712800.0,0.0,0.0,13986610.0,0.0,0.0,15293950.0,0.0,0.0,9443463.0,0.0,0.0,14203330.0,0.0,0.0
Q5JJY4_328_H4N4F2Pen1,0.0,0.0,0.0,0.0,0.0,0.0,0.0,0.0,0.0,0.0,0.0,0.0,3440671.0,0.0,0.0,11931120.0,0.0,0.0
Q5JKB0_88_H3N2Pen1,0.0,4799008.0,2775774.0,0.0,257255.3,451960.1,0.0,0.0,0.0,0.0,0.0,0.0,0.0,0.0,2157521.0,0.0,0.0,0.0
Q5JKN1_339_H6N2,0.0,3379197.0,0.0,0.0,826490.3,0.0,0.0,0.0,0.0,0.0,0.0,0.0,3665052.0,0.0,0.0,0.0,0.0,0.0
Q5JKN1_339_H7N2,0.0,0.0,0.0,0.0,0.0,0.0,0.0,0.0,0.0,0.0,0.0,0.0,3526521.0,0.0,0.0,336918.2,0.0,0.0
Q5JKW1_852_H3N3F1Pen1,0.0,0.0,0.0,0.0,0.0,0.0,0.0,3043934.0,0.0,0.0,46208270.0,24803510.0,0.0,222734.3,1012991.0,0.0,61879360.0,70709010.0
Q5JKW1_852_H3N3Pen1,0.0,0.0,0.0,0.0,0.0,0.0,0.0,0.0,0.0,0.0,0.0,0.0,0.0,0.0,0.0,0.0,0.0,4631839.0
Q5JLP4_419_H8N2,0.0,0.0,0.0,9538199.0,0.0,0.0,0.0,0.0,0.0,0.0,0.0,0.0,0.0,0.0,0.0,0.0,0.0,0.0
Q5JLP4_419_H9N2,0.0,0.0,0.0,0.0,0.0,0.0,0.0,0.0,0.0,0.0,0.0,0.0,0.0,0.0,0.0,0.0,6876710.0,0.0
Q5JMM1_628_H4N4Pen1,0.0,0.0,0.0,0.0,0.0,0.0,0.0,0.0,2122932.0,0.0,0.0,1622887.0,0.0,0.0,0.0,0.0,0.0,0.0
Q5JZR1_185_H3N3F1Pen1,0.0,0.0,0.0,0.0,0.0,0.0,0.0,0.0,0.0,0.0,0.0,0.0,0.0,0.0,5692758.0,0.0,0.0,0.0
Q5KQL9_1055_H3N2F1Pen1,0.0,0.0,0.0,0.0,0.0,0.0,7412703.0,0.0,0.0,516112.3,0.0,0.0,0.0,0.0,0.0,0.0,0.0,0.0
Q5KTS5_82_H6N3,0.0,0.0,19093520.0,0.0,0.0,52029760.0,0.0,0.0,0.0,0.0,0.0,0.0,0.0,0.0,0.0,0.0,0.0,0.0
Q5M729_78_H3N2F1Pen1,0.0,0.0,420078.1,0.0,0.0,6479145.0,0.0,0.0,0.0,0.0,0.0,5846597.0,0.0,0.0,0.0,0.0,0.0,0.0
Q5MFV6_231_H3N4Pen1,0.0,0.0,0.0,0.0,0.0,0.0,4474590.0,0.0,0.0,1409713.0,0.0,0.0,0.0,0.0,0.0,0.0,0.0,0.0
Q5MFV8_86_H7N2,0.0,0.0,0.0,0.0,0.0,0.0,0.0,0.0,0.0,0.0,0.0,0.0,0.0,0.0,0.0,0.0,0.0,8135161.0
Q5N712_1018_H4N2Pen1,0.0,3184400.0,0.0,0.0,0.0,0.0,0.0,0.0,0.0,0.0,0.0,0.0,0.0,0.0,0.0,0.0,0.0,0.0
Q5N749_1003_H3N2F1Pen1,0.0,0.0,0.0,0.0,0.0,0.0,0.0,8105780.0,0.0,0.0,0.0,0.0,0.0,0.0,0.0,0.0,0.0,0.0
Q5N749_1422_H3N2F1Pen1,4703224.0,0.0,0.0,1610043.0,0.0,0.0,0.0,0.0,0.0,0.0,0.0,0.0,0.0,0.0,0.0,0.0,0.0,0.0
Q5N749_1530_H3N4F1Pen1,0.0,0.0,0.0,0.0,0.0,0.0,0.0,0.0,562592.5,0.0,0.0,13798140.0,0.0,0.0,0.0,0.0,0.0,0.0
Q5N7A3_44_H7N2,0.0,0.0,0.0,0.0,0.0,0.0,4778280.0,0.0,0.0,179246.3,0.0,0.0,2834381.0,0.0,0.0,0.0,0.0,0.0
Q5N7A3_44_H9N2,0.0,0.0,0.0,0.0,0.0,0.0,0.0,0.0,0.0,0.0,0.0,0.0,0.0,0.0,2189879.0,0.0,0.0,0.0
Q5N7B4_32_H3N2F1Pen1,0.0,0.0,0.0,6034793.0,6626110.0,0.0,0.0,0.0,0.0,0.0,0.0,0.0,0.0,0.0,0.0,0.0,0.0,0.0
Q5N7B4_410_H3N2F1Pen1,0.0,0.0,0.0,0.0,0.0,0.0,29333980.0,0.0,0.0,2281494.0,0.0,0.0,0.0,0.0,0.0,0.0,0.0,0.0
Q5N870_346_H3N3F1Pen1,0.0,0.0,0.0,0.0,0.0,0.0,0.0,0.0,0.0,0.0,0.0,2139856.0,0.0,0.0,0.0,0.0,0.0,0.0
Q5N941_944_H3N2F1Pen1,0.0,0.0,0.0,0.0,0.0,0.0,0.0,0.0,0.0,76369010.0,0.0,0.0,0.0,0.0,0.0,0.0,0.0,18415820.0
Q5N941_944_H4N2Pen1,0.0,0.0,0.0,0.0,0.0,7036269.0,0.0,0.0,0.0,0.0,0.0,0.0,0.0,0.0,0.0,0.0,0.0,0.0
Q5NB82_533_H3N2F1Pen1,0.0,0.0,0.0,0.0,0.0,0.0,0.0,0.0,3210702.0,0.0,0.0,916867.2,0.0,0.0,0.0,0.0,0.0,0.0
Q5NUF4_72_H3N2Pen1,0.0,0.0,0.0,0.0,0.0,0.0,0.0,0.0,0.0,0.0,0.0,0.0,0.0,0.0,113395.5,0.0,0.0,5357752.0
Q5PNS0_216_H3N2F1Pen1,0.0,4476825.0,0.0,0.0,898424.9,0.0,7099057.0,0.0,0.0,0.0,0.0,0.0,0.0,0.0,6148187.0,0.0,0.0,0.0
Q5PP38_44_H3N2F1Pen1,0.0,0.0,792690.3,0.0,0.0,10479670.0,0.0,0.0,0.0,8835069.0,0.0,0.0,0.0,0.0,0.0,0.0,0.0,0.0
Q5PP38_44_H4N3F1Pen1,0.0,0.0,0.0,0.0,5397478.0,0.0,0.0,0.0,0.0,0.0,0.0,0.0,0.0,0.0,0.0,0.0,0.0,0.0
Q5QJ60_354_H4N3Pen1,0.0,0.0,0.0,0.0,0.0,0.0,404768.7,0.0,0.0,72886500.0,0.0,0.0,0.0,0.0,0.0,0.0,0.0,0.0
Q5QJ60_354_H4N4Pen1,0.0,0.0,0.0,0.0,0.0,0.0,0.0,0.0,0.0,0.0,0.0,0.0,0.0,0.0,285388.1,0.0,0.0,32832650.0
Q5QMN5_641_H4N3F1Pen1,0.0,1459197.0,0.0,0.0,4776067.0,0.0,0.0,0.0,0.0,0.0,0.0,0.0,0.0,0.0,0.0,0.0,0.0,0.0
Q5QMN5_641_H4N3F2Pen1,0.0,0.0,6041864.0,0.0,0.0,18032630.0,0.0,4858230.0,0.0,0.0,20651840.0,0.0,0.0,0.0,0.0,0.0,0.0,0.0
Q5QMN5_641_H4N4F2Pen1,0.0,2087175.0,0.0,0.0,5944944.0,0.0,7379900.0,0.0,0.0,55229000.0,0.0,0.0,0.0,0.0,0.0,0.0,0.0,0.0
Q5QMZ9_746_H5N3F1Pen1,9303044.0,0.0,0.0,13409540.0,0.0,0.0,21809300.0,0.0,0.0,12161780.0,0.0,0.0,0.0,0.0,0.0,0.0,0.0,0.0
Q5QNA6_937_H3N2F1Pen1,48417630.0,0.0,0.0,359599.8,0.0,0.0,4815253.0,0.0,0.0,0.0,0.0,0.0,0.0,0.0,0.0,0.0,0.0,0.0
Q5QNA6_937_H3N2Pen1,0.0,0.0,0.0,0.0,0.0,0.0,1350841.0,0.0,1725615.0,0.0,0.0,0.0,0.0,0.0,0.0,0.0,0.0,0.0
Q5QNA6_937_H3N3F1Pen1,0.0,0.0,10781200.0,0.0,0.0,586184.7,13773410.0,0.0,0.0,419195.9,0.0,0.0,0.0,0.0,0.0,0.0,0.0,0.0
Q5QNA6_937_H3N4F1Pen1,17643540.0,0.0,0.0,0.0,0.0,0.0,0.0,0.0,32003770.0,0.0,0.0,223275.1,0.0,0.0,0.0,0.0,0.0,0.0
Q5S2C4_657_H8N2,0.0,0.0,0.0,0.0,0.0,0.0,0.0,0.0,0.0,0.0,0.0,0.0,0.0,0.0,749243.8,0.0,0.0,4300267.0
Q5SBP1_522_H4N3Pen1,0.0,0.0,0.0,0.0,0.0,0.0,0.0,1062211.0,0.0,0.0,0.0,0.0,0.0,0.0,0.0,0.0,0.0,0.0
Q5SCW3_307_H3N3F1Pen1,0.0,0.0,0.0,0.0,0.0,0.0,0.0,0.0,5721392.0,0.0,0.0,0.0,0.0,0.0,0.0,0.0,0.0,0.0
Q5SCW3_901_H4N3F2Pen1,55767060.0,0.0,53751680.0,899729.8,0.0,0.0,0.0,0.0,44420980.0,0.0,0.0,0.0,0.0,0.0,33731350.0,0.0,0.0,0.0
Q5SCX8_79_H8N2,0.0,0.0,0.0,0.0,0.0,0.0,0.0,15878070.0,0.0,0.0,0.0,0.0,0.0,2882033.0,0.0,0.0,0.0,0.0
Q5SCX9_564_H3N2F1Pen1,0.0,0.0,135811.3,0.0,0.0,21198700.0,0.0,0.0,0.0,0.0,0.0,0.0,0.0,0.0,0.0,0.0,0.0,0.0
Q5SCY1_107_H8N2,0.0,0.0,0.0,0.0,0.0,0.0,0.0,0.0,0.0,0.0,0.0,0.0,0.0,592706.4,0.0,0.0,7905015.0,0.0
Q5SCY6_67_H8N2,158313.9,0.0,0.0,1844889.0,0.0,0.0,0.0,0.0,0.0,0.0,0.0,0.0,0.0,0.0,0.0,0.0,0.0,0.0
Q5SCY6_67_H9N2,0.0,0.0,1429911.0,0.0,0.0,20419900.0,225166.6,0.0,0.0,27608930.0,0.0,0.0,0.0,0.0,0.0,0.0,22937000.0,0.0
Q5SD14_31_H6N2,0.0,0.0,0.0,0.0,0.0,59136260.0,0.0,0.0,0.0,63821530.0,0.0,0.0,0.0,0.0,0.0,0.0,0.0,0.0
Q5SD17_110_H3N4F1Pen1,0.0,0.0,465312.0,0.0,0.0,2723939.0,0.0,0.0,0.0,0.0,0.0,0.0,0.0,0.0,0.0,0.0,0.0,0.0
Q5SD27_17_H3N2Pen1,0.0,0.0,0.0,0.0,0.0,0.0,0.0,0.0,0.0,0.0,0.0,0.0,0.0,0.0,0.0,0.0,0.0,4210008.0
Q5SD29_295_H8N2,0.0,0.0,0.0,0.0,0.0,0.0,3403150.0,0.0,0.0,0.0,0.0,0.0,0.0,0.0,0.0,0.0,0.0,0.0
Q5SD32_123_H4N4F2Pen1,0.0,0.0,0.0,0.0,0.0,0.0,0.0,0.0,0.0,0.0,0.0,13877860.0,0.0,0.0,0.0,0.0,0.0,0.0
Q5UB07_224_H8N2,0.0,943812.2,0.0,0.0,19110720.0,0.0,0.0,3451196.0,0.0,0.0,18051260.0,0.0,0.0,0.0,0.0,0.0,0.0,0.0
Q5VN06_823_H3N2F1Pen1,0.0,0.0,0.0,0.0,0.0,0.0,0.0,0.0,0.0,0.0,0.0,0.0,0.0,4156110.0,0.0,0.0,0.0,0.0
Q5VNU3_20_H6N2,0.0,0.0,0.0,0.0,0.0,0.0,0.0,20348100.0,0.0,0.0,20420210.0,0.0,0.0,0.0,0.0,0.0,0.0,0.0
Q5W670_180_H10N2,0.0,0.0,0.0,0.0,0.0,0.0,12991460.0,0.0,0.0,20760750.0,0.0,0.0,0.0,0.0,0.0,0.0,0.0,0.0
Q5W6G0_385_H3N2F1,0.0,0.0,0.0,0.0,0.0,0.0,0.0,0.0,0.0,0.0,0.0,0.0,0.0,0.0,567447.3,0.0,0.0,5074637.0
Q5W6G0_385_H3N2F1Pen1,0.0,0.0,0.0,0.0,0.0,0.0,0.0,285710.5,1885878.0,0.0,17837500.0,16549300.0,0.0,0.0,2054912.0,0.0,0.0,25123910.0
Q5W6G0_385_H3N3F1Pen1,0.0,0.0,0.0,0.0,0.0,0.0,178795.0,540983.3,506205.1,2623084.0,17972110.0,16124780.0,0.0,0.0,957056.2,0.0,7314309.0,6494153.0
Q5W6G0_385_H3N4F1Pen1,0.0,0.0,0.0,0.0,0.0,0.0,0.0,0.0,0.0,0.0,0.0,4888268.0,0.0,0.0,0.0,0.0,0.0,0.0
Q5W6L9_861_H3N2F1Pen1,0.0,0.0,34257790.0,0.0,0.0,4631934.0,0.0,33369130.0,0.0,0.0,1956482.0,0.0,0.0,0.0,0.0,0.0,0.0,0.0
Q5W7C6_899_H3N2F1Pen1,0.0,0.0,13859470.0,0.0,0.0,26513720.0,0.0,0.0,0.0,0.0,0.0,0.0,0.0,0.0,0.0,0.0,0.0,0.0
Q5XEM9_158_H3N2Pen1,0.0,0.0,0.0,0.0,0.0,0.0,0.0,0.0,2298745.0,0.0,0.0,0.0,0.0,3185451.0,0.0,0.0,0.0,0.0
Q5XEP9_301_H3N2F1Pen1,0.0,5045285.0,0.0,0.0,426113.5,0.0,0.0,0.0,0.0,0.0,0.0,0.0,0.0,0.0,0.0,0.0,0.0,0.0
Q5XET5_172_H3N4F1Pen1,0.0,0.0,0.0,0.0,0.0,0.0,0.0,0.0,0.0,0.0,0.0,4837970.0,0.0,0.0,0.0,0.0,0.0,3505796.0
Q5XEZ8_451_H3N3F1Pen1,0.0,0.0,0.0,0.0,0.0,0.0,0.0,0.0,0.0,0.0,0.0,0.0,0.0,10047420.0,0.0,0.0,1061320.0,0.0
Q5XF04_391_H3N2F1Pen1,0.0,0.0,0.0,0.0,0.0,0.0,0.0,0.0,16137080.0,0.0,0.0,0.0,0.0,0.0,0.0,0.0,0.0,0.0
Q5XF24_350_H3N2F1Pen1,0.0,0.0,0.0,0.0,0.0,0.0,20931580.0,0.0,0.0,24531690.0,0.0,0.0,0.0,11391470.0,0.0,0.0,10117230.0,0.0
Q5XF75_358_H9N2,0.0,0.0,3225946.0,0.0,0.0,3815018.0,0.0,0.0,0.0,0.0,0.0,0.0,0.0,0.0,0.0,0.0,0.0,0.0
Q5XPJ6_1106_H3N2F1Pen1,0.0,0.0,0.0,0.0,0.0,0.0,10984080.0,0.0,0.0,0.0,0.0,0.0,0.0,0.0,0.0,0.0,0.0,0.0
Q5XPK0_1776_H7N2,0.0,0.0,0.0,0.0,0.0,0.0,0.0,0.0,11068630.0,0.0,0.0,4065426.0,0.0,0.0,0.0,0.0,0.0,0.0
Q5XVI1_422_H3N3F1Pen1,0.0,0.0,0.0,0.0,0.0,0.0,0.0,0.0,0.0,0.0,19680510.0,0.0,0.0,0.0,0.0,0.0,0.0,0.0
Q5YDB6_659_H8N2,0.0,0.0,0.0,0.0,0.0,0.0,5534238.0,0.0,0.0,0.0,0.0,0.0,0.0,0.0,0.0,0.0,0.0,0.0
Q5YJU0_38_H3N3F1Pen1,0.0,0.0,0.0,0.0,0.0,0.0,0.0,857710.9,0.0,0.0,3410718.0,0.0,0.0,0.0,0.0,0.0,0.0,0.0
Q5YJU0_38_H3N4F1Pen1,0.0,0.0,0.0,0.0,0.0,0.0,0.0,0.0,0.0,0.0,28047960.0,0.0,0.0,0.0,0.0,0.0,20189950.0,0.0
Q5YJU7_410_H3N4F1Pen1,0.0,0.0,0.0,0.0,0.0,0.0,0.0,951457.4,0.0,0.0,5278014.0,0.0,0.0,0.0,0.0,0.0,0.0,0.0
Q5YJU7_416_H10N2,0.0,0.0,0.0,0.0,9782838.0,0.0,0.0,0.0,0.0,0.0,0.0,0.0,0.0,0.0,0.0,0.0,0.0,0.0
Q5YJU7_416_H5N4F2Pen1,0.0,0.0,0.0,0.0,0.0,13582060.0,0.0,0.0,0.0,0.0,0.0,0.0,0.0,0.0,0.0,0.0,0.0,0.0
Q5YJX3_75_H3N2F1Pen1,0.0,46150730.0,0.0,0.0,0.0,0.0,69295560.0,0.0,0.0,0.0,0.0,0.0,0.0,0.0,0.0,0.0,0.0,0.0
Q5YJX3_75_H3N4F1Pen1,0.0,0.0,0.0,0.0,0.0,0.0,9006347.0,0.0,0.0,199617.1,0.0,0.0,0.0,0.0,0.0,0.0,0.0,0.0
Q5Z5A8_223_H3N2F1Pen1,0.0,0.0,0.0,0.0,0.0,0.0,0.0,0.0,0.0,0.0,7414444.0,0.0,0.0,0.0,0.0,0.0,0.0,0.0
Q5Z5A8_244_H3N2F1Pen1,0.0,0.0,43871140.0,0.0,0.0,11774990.0,43580900.0,0.0,0.0,13846430.0,0.0,0.0,0.0,0.0,0.0,0.0,0.0,0.0
Q5Z5C9_198_H3N3F1Pen1,0.0,0.0,0.0,0.0,0.0,0.0,315589.1,0.0,0.0,9860198.0,0.0,6438894.0,0.0,0.0,0.0,0.0,0.0,0.0
Q5Z5C9_198_H4N3F1Pen1,0.0,0.0,0.0,0.0,0.0,0.0,0.0,0.0,0.0,30365670.0,0.0,0.0,0.0,0.0,0.0,0.0,0.0,0.0
Q5Z5C9_198_H4N4F1Pen1,545465.9,0.0,0.0,5758961.0,0.0,0.0,0.0,1587424.0,0.0,0.0,21692650.0,0.0,0.0,0.0,0.0,0.0,0.0,0.0
Q5Z678_56_H3N4F1Pen1,0.0,0.0,0.0,0.0,0.0,0.0,0.0,0.0,0.0,8492893.0,0.0,18955780.0,0.0,0.0,0.0,0.0,18898240.0,0.0
Q5Z678_56_H4N4Pen1,0.0,0.0,0.0,0.0,0.0,0.0,0.0,0.0,0.0,0.0,0.0,0.0,0.0,0.0,5635727.0,0.0,0.0,7592256.0
Q5Z6A4_92_H3N2F1Pen1,0.0,0.0,0.0,0.0,0.0,0.0,0.0,0.0,0.0,0.0,0.0,27748900.0,0.0,0.0,0.0,0.0,0.0,0.0
Q5Z6B1_76_H4N2Pen1,0.0,0.0,0.0,0.0,0.0,0.0,0.0,0.0,0.0,22616020.0,0.0,0.0,0.0,0.0,0.0,0.0,0.0,0.0
Q5Z6B1_76_H4N3Pen1,0.0,0.0,0.0,20867720.0,0.0,0.0,0.0,0.0,0.0,0.0,0.0,0.0,0.0,0.0,0.0,0.0,0.0,0.0
Q5Z6B6_107_H3N2F1Pen1,0.0,14153890.0,186105400.0,0.0,1183843.0,2399694.0,0.0,0.0,0.0,0.0,0.0,0.0,0.0,0.0,0.0,0.0,0.0,0.0
Q5Z6F5_302_H4N2Pen1,0.0,0.0,0.0,0.0,0.0,0.0,3363973.0,0.0,0.0,0.0,0.0,0.0,0.0,0.0,0.0,0.0,0.0,0.0
Q5Z818_142_H8N2,0.0,0.0,4062926.0,0.0,0.0,1570027.0,0.0,0.0,0.0,0.0,0.0,0.0,0.0,0.0,0.0,0.0,0.0,0.0
Q5Z880_370_H6N2,0.0,0.0,0.0,13356680.0,0.0,0.0,0.0,0.0,0.0,0.0,0.0,0.0,0.0,0.0,0.0,0.0,0.0,11209950.0
Q5Z8T8_266_H3N3F1Pen1,0.0,0.0,2298363.0,0.0,0.0,6972785.0,0.0,0.0,0.0,0.0,0.0,0.0,0.0,0.0,0.0,0.0,0.0,0.0
Q5Z8V7_299_H3N3F1Pen1,0.0,0.0,0.0,0.0,0.0,0.0,0.0,0.0,0.0,0.0,0.0,1717538.0,0.0,0.0,0.0,0.0,0.0,0.0
Q5Z8Z7_84_H3N2F1Pen1,21978440.0,0.0,24030870.0,13239700.0,0.0,15622650.0,0.0,0.0,0.0,0.0,0.0,0.0,0.0,0.0,0.0,0.0,0.0,0.0
Q5Z8Z7_84_H3N4F1Pen1,15624760.0,15549910.0,0.0,8357767.0,7908914.0,0.0,0.0,0.0,0.0,0.0,0.0,0.0,0.0,0.0,0.0,0.0,0.0,0.0
Q5Z9N5_514_H3N2Pen1,0.0,0.0,0.0,0.0,0.0,0.0,1985241.0,2474108.0,0.0,0.0,0.0,0.0,0.0,0.0,0.0,0.0,0.0,0.0
Q5ZBY9_38_H3N2F1Pen1,0.0,0.0,0.0,0.0,0.0,0.0,0.0,2494375.0,0.0,0.0,17631650.0,0.0,0.0,0.0,0.0,0.0,0.0,0.0
Q5ZC83_270_H3N2F1Pen1,0.0,285154.3,2755027.0,0.0,3912328.0,6161624.0,0.0,0.0,0.0,0.0,0.0,0.0,0.0,0.0,0.0,36328430.0,0.0,0.0
Q5ZCC5_452_H3N2F1Pen1,0.0,0.0,0.0,0.0,0.0,0.0,0.0,0.0,0.0,0.0,0.0,0.0,0.0,0.0,10199840.0,0.0,0.0,0.0
Q5ZCK5_3_H2N3F2Pen1,0.0,0.0,0.0,0.0,0.0,0.0,23184520.0,0.0,0.0,0.0,0.0,0.0,0.0,0.0,0.0,0.0,0.0,0.0
Q5ZE00_323_H3N4F1Pen1,0.0,0.0,0.0,0.0,0.0,0.0,0.0,0.0,6256854.0,0.0,0.0,1193074.0,0.0,0.0,0.0,0.0,0.0,0.0
Q5ZE07_69_H8N2,0.0,0.0,20625570.0,0.0,0.0,0.0,0.0,0.0,0.0,0.0,0.0,0.0,0.0,0.0,0.0,0.0,0.0,0.0
Q60DG4_220_H3N2Pen1,0.0,0.0,0.0,0.0,0.0,0.0,0.0,0.0,5592020.0,0.0,0.0,3800219.0,0.0,0.0,7073652.0,0.0,0.0,2503254.0
Q60DX8_382_H7N2,0.0,8488012.0,0.0,0.0,7863741.0,0.0,0.0,0.0,0.0,0.0,0.0,0.0,0.0,0.0,0.0,0.0,0.0,0.0
Q60DX8_41_H3N2F1Pen1,0.0,0.0,0.0,0.0,0.0,0.0,0.0,5351659.0,1453009.0,0.0,14793750.0,15738230.0,0.0,1856247.0,0.0,0.0,15598350.0,0.0
Q60EX6_499_H3N2F1Pen1,0.0,293331.3,0.0,0.0,29872710.0,0.0,0.0,0.0,0.0,0.0,0.0,0.0,0.0,0.0,0.0,0.0,0.0,28119810.0
Q60EX6_499_H3N3F1Pen1,0.0,0.0,0.0,0.0,7518381.0,0.0,0.0,0.0,0.0,0.0,0.0,0.0,0.0,0.0,0.0,0.0,0.0,0.0
Q646P3_51_H3N3F1Pen1,0.0,3812079.0,0.0,0.0,0.0,0.0,0.0,0.0,0.0,0.0,0.0,0.0,0.0,0.0,0.0,0.0,0.0,0.0
Q646P3_51_H3N4F1Pen1,7104261.0,6353222.0,0.0,3358389.0,2271540.0,0.0,0.0,0.0,0.0,0.0,0.0,0.0,0.0,0.0,0.0,0.0,0.0,0.0
Q652L2_49_H4N2Pen1,0.0,0.0,5251294.0,0.0,0.0,1871712.0,0.0,0.0,0.0,0.0,0.0,0.0,16100780.0,0.0,0.0,5434382.0,0.0,0.0
Q652L2_555_H3N4F1Pen1,0.0,0.0,0.0,0.0,0.0,0.0,21975270.0,0.0,0.0,17789120.0,0.0,0.0,0.0,0.0,0.0,0.0,0.0,0.0
Q653N3_452_H10N2,0.0,0.0,0.0,0.0,0.0,0.0,14972750.0,0.0,0.0,4260201.0,0.0,0.0,0.0,0.0,0.0,0.0,0.0,0.0
Q653S3_221_H3N2F1Pen1,0.0,0.0,0.0,0.0,0.0,0.0,0.0,0.0,9445046.0,0.0,0.0,47688250.0,0.0,0.0,0.0,0.0,0.0,0.0
Q653V6_328_H7N2,0.0,0.0,0.0,0.0,0.0,0.0,0.0,0.0,3909389.0,0.0,0.0,0.0,2709238.0,0.0,0.0,0.0,0.0,0.0
Q657B3_525_H6N2,0.0,0.0,0.0,0.0,0.0,0.0,0.0,0.0,0.0,14318430.0,0.0,0.0,0.0,0.0,0.0,0.0,0.0,0.0
Q657S5_297_H8N2,0.0,0.0,0.0,0.0,0.0,0.0,0.0,0.0,1349224.0,0.0,0.0,10056150.0,0.0,0.0,0.0,0.0,0.0,0.0
Q657W3_83_H3N2F1Pen1,0.0,0.0,0.0,0.0,0.0,0.0,0.0,2041158.0,0.0,0.0,14934200.0,0.0,0.0,0.0,0.0,0.0,0.0,0.0
Q658G7_688_H3N3F1Pen1,0.0,0.0,0.0,0.0,0.0,0.0,0.0,4345811.0,0.0,0.0,0.0,0.0,0.0,0.0,0.0,0.0,0.0,0.0
Q65XV2_407_H3N3F1Pen1,0.0,0.0,0.0,0.0,0.0,0.0,0.0,0.0,0.0,0.0,0.0,0.0,26327800.0,0.0,0.0,0.0,0.0,0.0
Q65XV2_407_H3N3Pen1,0.0,0.0,0.0,0.0,0.0,0.0,3387831.0,0.0,0.0,0.0,0.0,0.0,0.0,0.0,0.0,0.0,0.0,0.0
Q66GI4_417_H3N2F1Pen1,0.0,0.0,0.0,0.0,0.0,0.0,0.0,0.0,0.0,0.0,0.0,0.0,0.0,0.0,0.0,0.0,0.0,4936471.0
Q66GN2_81_H3N2F1Pen1,0.0,0.0,0.0,3323966.0,0.0,0.0,0.0,0.0,0.0,0.0,0.0,0.0,0.0,0.0,0.0,0.0,0.0,0.0
Q66GQ5_424_H7N2,0.0,0.0,0.0,0.0,0.0,0.0,0.0,0.0,0.0,0.0,0.0,0.0,0.0,0.0,0.0,0.0,0.0,3148880.0
Q67TP9_184_H4N3Pen1,0.0,0.0,0.0,0.0,0.0,0.0,0.0,0.0,0.0,0.0,0.0,0.0,9374564.0,0.0,0.0,1211886.0,0.0,0.0
Q67U26_105_H3N2F1Pen1,0.0,0.0,0.0,0.0,0.0,0.0,0.0,0.0,4104743.0,0.0,0.0,4615751.0,0.0,0.0,0.0,0.0,0.0,0.0
Q67VU7_433_H7N2,0.0,0.0,0.0,0.0,0.0,0.0,0.0,0.0,0.0,0.0,0.0,0.0,0.0,3983598.0,0.0,0.0,0.0,0.0
Q67VU7_433_H8N2,0.0,0.0,0.0,0.0,0.0,0.0,0.0,31623650.0,0.0,0.0,0.0,0.0,0.0,0.0,0.0,0.0,0.0,0.0
Q67VU7_567_H3N2F1Pen1,0.0,8463675.0,0.0,0.0,6006971.0,0.0,0.0,0.0,0.0,0.0,0.0,0.0,0.0,0.0,0.0,0.0,0.0,0.0
Q67VU7_567_H4N3Pen1,0.0,0.0,0.0,0.0,0.0,0.0,0.0,0.0,0.0,0.0,9808157.0,0.0,0.0,0.0,0.0,0.0,0.0,0.0
Q67VU7_748_H3N4F1Pen1,11608960.0,0.0,0.0,2417616.0,0.0,0.0,12102290.0,0.0,0.0,2392704.0,0.0,0.0,0.0,0.0,10407910.0,0.0,0.0,1238268.0
Q67W82_392_H3N2F1Pen1,0.0,0.0,0.0,0.0,0.0,0.0,0.0,0.0,0.0,0.0,0.0,0.0,30195660.0,0.0,0.0,6043477.0,0.0,0.0
Q67W82_392_H3N3F1Pen1,0.0,0.0,9560706.0,0.0,0.0,2335574.0,0.0,0.0,5405141.0,0.0,0.0,0.0,0.0,0.0,0.0,0.0,0.0,0.0
Q67W82_392_H3N4F1Pen1,26620980.0,0.0,0.0,1642878.0,0.0,0.0,0.0,0.0,0.0,0.0,0.0,0.0,0.0,0.0,0.0,0.0,0.0,0.0
Q67W82_392_H4N4F1Pen1,0.0,0.0,24024680.0,0.0,0.0,3875207.0,23148770.0,34258960.0,0.0,0.0,855990.3,0.0,0.0,0.0,24808870.0,0.0,0.0,3901851.0
Q67X31_201_H3N3F1Pen1,0.0,0.0,0.0,0.0,0.0,0.0,0.0,8746130.0,0.0,0.0,1652357.0,0.0,0.0,0.0,0.0,0.0,0.0,0.0
Q67XD9_377_H3N2Pen1,0.0,0.0,0.0,0.0,0.0,0.0,0.0,0.0,0.0,0.0,0.0,3088823.0,0.0,0.0,0.0,0.0,0.0,0.0
Q67XL4_94_H3N2F1Pen1,0.0,245777.2,0.0,0.0,21775160.0,0.0,0.0,0.0,0.0,0.0,0.0,0.0,0.0,0.0,0.0,0.0,0.0,0.0
Q67XX3_138_H4N3Pen1,0.0,0.0,0.0,0.0,0.0,0.0,0.0,0.0,0.0,0.0,0.0,0.0,0.0,0.0,0.0,2415283.0,0.0,2929501.0
Q67Y69_308_H3N3F1Pen1,0.0,0.0,0.0,0.0,0.0,15022310.0,0.0,0.0,0.0,0.0,0.0,0.0,0.0,0.0,0.0,0.0,0.0,0.0
Q67Y69_308_H3N4F1Pen1,264779.8,0.0,0.0,26033330.0,0.0,0.0,0.0,0.0,0.0,15690340.0,0.0,0.0,0.0,0.0,0.0,0.0,0.0,0.0
Q67YT8_454_H3N2F1Pen1,0.0,0.0,0.0,0.0,0.0,0.0,0.0,0.0,34869580.0,0.0,0.0,156591900.0,0.0,0.0,26659940.0,0.0,0.0,62443080.0
Q67YT8_454_H3N2Pen1,0.0,0.0,0.0,0.0,0.0,0.0,743501.0,0.0,0.0,6464928.0,0.0,0.0,0.0,0.0,0.0,0.0,0.0,0.0
Q67YT8_454_H3N3F1Pen1,0.0,0.0,0.0,0.0,0.0,0.0,2523176.0,0.0,0.0,41334030.0,0.0,0.0,1704446.0,0.0,0.0,8150950.0,0.0,0.0
Q67YT8_454_H3N4F1Pen1,0.0,0.0,0.0,0.0,0.0,0.0,0.0,0.0,627557.5,0.0,4701242.0,11755730.0,0.0,0.0,0.0,0.0,0.0,0.0
Q67YT8_454_H4N4F2Pen1,0.0,0.0,0.0,0.0,0.0,0.0,0.0,0.0,1173953.0,0.0,0.0,13506890.0,0.0,0.0,0.0,0.0,0.0,0.0
Q67YT8_454_H4N4Pen1,0.0,1192576.0,0.0,0.0,4511089.0,0.0,2835370.0,4167609.0,0.0,16239590.0,27985210.0,0.0,4957611.0,0.0,0.0,24342240.0,0.0,0.0
Q680B7_300_H3N2F1Pen1,0.0,0.0,0.0,0.0,0.0,0.0,0.0,0.0,0.0,0.0,0.0,0.0,0.0,0.0,0.0,0.0,0.0,13701310.0
Q680H3_44_H3N2F1Pen1,0.0,0.0,13770920.0,0.0,0.0,0.0,0.0,0.0,0.0,0.0,0.0,0.0,0.0,0.0,0.0,0.0,0.0,0.0
Q682S0_535_H3N4F1Pen1,0.0,0.0,0.0,17519110.0,0.0,0.0,0.0,0.0,0.0,0.0,5081861.0,0.0,0.0,0.0,0.0,0.0,0.0,0.0
Q682S0_73_H3N4F1Pen1,0.0,0.0,0.0,0.0,0.0,0.0,0.0,0.0,0.0,0.0,0.0,29104990.0,0.0,0.0,0.0,0.0,47940100.0,0.0
Q682S0_73_H4N4F2Pen1,0.0,0.0,0.0,0.0,0.0,0.0,0.0,0.0,0.0,0.0,12766200.0,0.0,0.0,0.0,0.0,0.0,0.0,0.0
Q682U6_54_H3N2F1Pen1,0.0,0.0,0.0,0.0,0.0,0.0,10250680.0,0.0,0.0,730385.7,0.0,0.0,2740066.0,0.0,0.0,309587.0,0.0,0.0
Q683D7_13_H3N2F1Pen1,0.0,0.0,0.0,0.0,0.0,0.0,0.0,0.0,0.0,0.0,0.0,0.0,25330200.0,0.0,0.0,69037710.0,0.0,0.0
Q683D7_13_H3N3F1Pen1,0.0,0.0,0.0,0.0,0.0,0.0,3307732.0,0.0,0.0,18907570.0,0.0,0.0,0.0,0.0,0.0,0.0,0.0,0.0
Q683D7_13_H4N3F1Pen1,0.0,0.0,0.0,0.0,0.0,0.0,0.0,0.0,5294230.0,0.0,0.0,20856210.0,0.0,0.0,0.0,0.0,0.0,0.0
Q683D7_13_H4N3Pen1,1210711.0,0.0,0.0,8410319.0,0.0,0.0,0.0,0.0,0.0,0.0,0.0,0.0,0.0,0.0,0.0,0.0,0.0,0.0
Q683D7_13_H5N2,0.0,0.0,0.0,0.0,0.0,0.0,16981260.0,0.0,10440870.0,10774820.0,0.0,15301510.0,11191600.0,0.0,0.0,11458500.0,0.0,0.0
Q683D7_13_H5N4F1Pen1,0.0,0.0,0.0,0.0,0.0,0.0,3824727.0,0.0,0.0,27252130.0,0.0,0.0,0.0,0.0,0.0,0.0,0.0,0.0
Q683D7_13_H5N4F2Pen1,0.0,0.0,0.0,0.0,0.0,0.0,0.0,0.0,3568897.0,0.0,0.0,19166730.0,0.0,0.0,0.0,0.0,0.0,0.0
Q687E1_324_H6N2,0.0,4375126.0,3947902.0,0.0,2282985.0,1207537.0,0.0,0.0,0.0,0.0,0.0,0.0,0.0,0.0,0.0,0.0,0.0,0.0
Q687E1_324_H7N2,0.0,10114600.0,7953496.0,0.0,0.0,0.0,0.0,7900508.0,0.0,0.0,1685656.0,0.0,0.0,0.0,0.0,0.0,0.0,0.0
Q687E1_324_H8N2,0.0,9930958.0,0.0,0.0,0.0,0.0,0.0,0.0,0.0,0.0,0.0,0.0,0.0,0.0,3963721.0,0.0,0.0,1349044.0
Q687E1_324_H9N2,0.0,0.0,5841201.0,0.0,0.0,1182478.0,0.0,0.0,4988121.0,0.0,0.0,0.0,0.0,2373126.0,0.0,0.0,1089568.0,0.0
Q688R1_407_H7N2,0.0,0.0,0.0,0.0,0.0,0.0,0.0,13947310.0,13418190.0,0.0,7473371.0,1952717.0,16363620.0,0.0,0.0,5403204.0,0.0,0.0
Q688R1_407_H8N2,0.0,0.0,0.0,0.0,0.0,0.0,0.0,0.0,0.0,0.0,0.0,0.0,0.0,3591918.0,0.0,0.0,0.0,0.0
Q69K55_206_H3N3F1Pen1,0.0,0.0,0.0,0.0,0.0,0.0,20186660.0,0.0,0.0,2246510.0,0.0,0.0,0.0,0.0,0.0,0.0,0.0,0.0
Q69KL9_71_H10N2,0.0,0.0,0.0,0.0,0.0,0.0,0.0,0.0,0.0,0.0,0.0,0.0,0.0,0.0,0.0,6262021.0,0.0,0.0
Q69L99_446_H3N3F1Pen1,0.0,0.0,0.0,0.0,0.0,0.0,343483.5,0.0,0.0,23598620.0,0.0,0.0,0.0,0.0,0.0,0.0,0.0,0.0
Q69MT2_301_H3N2F1Pen1,0.0,3273593.0,0.0,0.0,2963712.0,0.0,0.0,0.0,0.0,0.0,0.0,0.0,0.0,0.0,0.0,0.0,0.0,0.0
Q69Q02_148_H3N3F1Pen1,0.0,7474573.0,5835559.0,0.0,6445465.0,5976416.0,3836162.0,0.0,0.0,3290622.0,0.0,0.0,0.0,3309661.0,0.0,0.0,9016413.0,0.0
Q69S81_304_H3N2F1Pen1,0.0,0.0,0.0,0.0,0.0,0.0,8778279.0,0.0,0.0,0.0,0.0,0.0,0.0,0.0,0.0,0.0,0.0,0.0
Q69TH4_206_H8N2,0.0,0.0,0.0,5486252.0,0.0,0.0,0.0,0.0,0.0,6897054.0,0.0,0.0,0.0,0.0,0.0,0.0,0.0,0.0
Q69V10_101_H3N3F1Pen1,0.0,0.0,0.0,0.0,22286680.0,0.0,0.0,0.0,0.0,0.0,0.0,0.0,0.0,0.0,0.0,0.0,0.0,0.0
Q69VE0_185_H3N2F1Pen1,0.0,4118083.0,0.0,0.0,590640.6,0.0,0.0,0.0,0.0,0.0,0.0,0.0,0.0,0.0,0.0,0.0,0.0,0.0
Q69VE0_185_H5N3F1Pen1,0.0,0.0,0.0,0.0,0.0,0.0,0.0,0.0,0.0,0.0,0.0,0.0,3185397.0,0.0,0.0,248868.7,0.0,0.0
Q69WS3_93_H3N2F1Pen1,0.0,0.0,0.0,0.0,55080090.0,0.0,0.0,0.0,0.0,0.0,0.0,0.0,0.0,0.0,0.0,0.0,0.0,0.0
Q69WS3_93_H3N2Pen1,0.0,0.0,0.0,0.0,0.0,0.0,0.0,0.0,0.0,3585379.0,0.0,0.0,0.0,0.0,0.0,0.0,0.0,0.0
Q6A333_16_H3N2F1Pen1,492466.4,0.0,0.0,11670400.0,0.0,0.0,0.0,0.0,0.0,0.0,0.0,0.0,0.0,0.0,0.0,0.0,0.0,0.0
Q6A333_16_H3N4F1Pen1,0.0,0.0,2637124.0,0.0,0.0,0.0,0.0,0.0,0.0,0.0,0.0,0.0,0.0,0.0,0.0,0.0,0.0,0.0
Q6A333_844_H3N2F1Pen1,0.0,0.0,0.0,0.0,0.0,0.0,0.0,0.0,0.0,24187120.0,0.0,0.0,0.0,0.0,0.0,0.0,0.0,0.0
Q6ASW7_88_H3N3F1Pen1,0.0,0.0,0.0,0.0,0.0,0.0,289989.9,0.0,0.0,1449254.0,0.0,0.0,0.0,0.0,0.0,0.0,0.0,0.0
Q6ATJ8_477_H4N3F1Pen1,10260210.0,0.0,0.0,0.0,0.0,0.0,0.0,0.0,0.0,0.0,0.0,0.0,0.0,0.0,0.0,0.0,0.0,0.0
Q6AU90_225_H3N2F1Pen1,0.0,0.0,0.0,0.0,0.0,0.0,0.0,0.0,0.0,0.0,0.0,0.0,0.0,0.0,14286940.0,0.0,0.0,757262.1
Q6AU90_225_H3N4F1Pen1,0.0,0.0,0.0,0.0,0.0,0.0,10077780.0,0.0,0.0,1865389.0,0.0,0.0,0.0,0.0,0.0,0.0,0.0,0.0
Q6AV22_132_H3N3F1Pen1,0.0,0.0,0.0,0.0,0.0,0.0,0.0,0.0,0.0,0.0,0.0,22581070.0,0.0,0.0,0.0,0.0,0.0,17702870.0
Q6AWY2_311_H3N2F1Pen1,0.0,0.0,0.0,0.0,0.0,0.0,0.0,0.0,0.0,0.0,0.0,44474770.0,0.0,0.0,0.0,0.0,0.0,0.0
Q6BDA0_1228_H3N2F1Pen1,0.0,0.0,0.0,0.0,0.0,0.0,32681920.0,0.0,0.0,0.0,0.0,0.0,0.0,30722100.0,0.0,0.0,2135977.0,0.0
Q6BE24_307_H8N2,0.0,17440490.0,0.0,0.0,901309.6,0.0,0.0,0.0,0.0,0.0,0.0,0.0,0.0,0.0,0.0,0.0,0.0,0.0
Q6BE24_641_H3N2F1Pen1,6324488.0,0.0,4665143.0,1298189.0,0.0,496483.9,0.0,0.0,0.0,0.0,0.0,0.0,0.0,0.0,0.0,0.0,0.0,0.0
Q6BE24_641_H3N3F1Pen1,0.0,0.0,0.0,0.0,0.0,0.0,0.0,0.0,0.0,0.0,0.0,0.0,0.0,0.0,0.0,163511200.0,0.0,0.0
Q6BE24_641_H4N3Pen1,0.0,0.0,0.0,0.0,81650590.0,0.0,0.0,0.0,0.0,38201740.0,46002780.0,0.0,0.0,0.0,0.0,0.0,0.0,40337620.0
Q6BE25_311_H6N2,0.0,0.0,0.0,0.0,0.0,7216557.0,0.0,0.0,0.0,0.0,0.0,0.0,0.0,0.0,0.0,0.0,0.0,0.0
Q6DBN5_276_H3N2F1Pen1,0.0,1727198.0,0.0,0.0,2164829.0,0.0,0.0,0.0,0.0,0.0,0.0,0.0,2024771.0,0.0,0.0,2332276.0,0.0,0.0
Q6DBQ1_33_H5N4F3Pen1,0.0,19299960.0,0.0,0.0,14565030.0,0.0,0.0,0.0,0.0,0.0,0.0,0.0,0.0,0.0,0.0,0.0,0.0,0.0
Q6DBQ1_33_H6N4F2Pen1,0.0,0.0,0.0,0.0,0.0,0.0,0.0,35791600.0,0.0,0.0,0.0,0.0,0.0,0.0,0.0,0.0,0.0,0.0
Q6DR03_415_H4N3Pen1,0.0,0.0,0.0,0.0,0.0,0.0,0.0,0.0,0.0,0.0,0.0,0.0,0.0,0.0,6055821.0,0.0,0.0,0.0
Q6E240_102_H3N2F1Pen1,0.0,0.0,0.0,0.0,0.0,6457392.0,0.0,0.0,0.0,0.0,0.0,0.0,0.0,0.0,0.0,0.0,0.0,0.0
Q6E240_102_H3N3F1Pen1,0.0,0.0,0.0,0.0,0.0,7465556.0,0.0,0.0,0.0,0.0,0.0,0.0,0.0,0.0,0.0,0.0,0.0,0.0
Q6E4Q3_426_H3N2F1Pen1,0.0,0.0,0.0,0.0,0.0,0.0,0.0,0.0,0.0,0.0,0.0,9192491.0,0.0,0.0,0.0,3308165.0,0.0,0.0
Q6E4Q3_426_H3N4F1Pen1,0.0,0.0,0.0,0.0,0.0,45992710.0,0.0,0.0,0.0,0.0,0.0,0.0,0.0,0.0,0.0,0.0,0.0,0.0
Q6E4Q3_426_H4N4F2Pen1,0.0,0.0,0.0,0.0,0.0,0.0,0.0,0.0,0.0,11674530.0,9312323.0,0.0,0.0,0.0,0.0,39740440.0,0.0,0.0
Q6EN45_349_H7N2,15401630.0,15942130.0,0.0,5353309.0,15103820.0,0.0,11738000.0,0.0,0.0,14757350.0,0.0,0.0,0.0,0.0,0.0,0.0,0.0,0.0
Q6ENX8_307_H4N3Pen1,709071.8,0.0,0.0,5085654.0,0.0,0.0,0.0,0.0,0.0,0.0,0.0,0.0,0.0,0.0,0.0,0.0,0.0,0.0
Q6EPG8_167_H3N2F1Pen1,0.0,0.0,0.0,0.0,0.0,0.0,0.0,0.0,0.0,0.0,0.0,0.0,0.0,0.0,0.0,8788904.0,0.0,0.0
Q6ESF0_57_H3N4F1Pen1,0.0,0.0,0.0,0.0,0.0,0.0,4484353.0,0.0,0.0,5671796.0,0.0,0.0,0.0,0.0,4459458.0,0.0,0.0,5619382.0
Q6EVY7_2083_H2N2F1Pen1,0.0,0.0,0.0,0.0,0.0,0.0,0.0,0.0,0.0,0.0,0.0,6894170.0,0.0,0.0,0.0,0.0,0.0,0.0
Q6EVY7_2083_H3N2F1Pen1,0.0,0.0,0.0,0.0,0.0,0.0,0.0,0.0,0.0,0.0,0.0,0.0,272231.4,0.0,0.0,2611197.0,0.0,0.0
Q6EVY7_739_H3N2F1Pen1,1002705.0,0.0,5812756.0,9875529.0,0.0,23069470.0,0.0,0.0,0.0,0.0,0.0,0.0,0.0,1297008.0,0.0,0.0,15660290.0,0.0
Q6EW46_34_H4N4F2Pen1,20282410.0,0.0,0.0,2678802.0,0.0,0.0,0.0,0.0,0.0,0.0,0.0,0.0,0.0,0.0,0.0,0.0,0.0,0.0
Q6EW46_76_H3N2F1Pen1,13048100.0,0.0,0.0,146546.3,0.0,0.0,0.0,0.0,0.0,0.0,0.0,0.0,0.0,0.0,0.0,0.0,0.0,0.0
Q6F388_349_H3N2F1Pen1,0.0,0.0,5322309.0,0.0,0.0,433747.6,0.0,0.0,0.0,0.0,0.0,0.0,0.0,0.0,0.0,0.0,0.0,0.0
Q6GKV1_139_H6N2,0.0,0.0,0.0,0.0,0.0,0.0,0.0,6941346.0,0.0,0.0,0.0,0.0,0.0,0.0,0.0,0.0,0.0,0.0
Q6H595_117_H3N2F1Pen1,0.0,0.0,0.0,0.0,0.0,0.0,0.0,0.0,0.0,0.0,0.0,0.0,0.0,0.0,0.0,0.0,0.0,14827570.0
Q6H595_117_H4N4Pen1,0.0,0.0,0.0,0.0,0.0,0.0,0.0,0.0,0.0,0.0,0.0,0.0,0.0,0.0,0.0,0.0,4803042.0,0.0
Q6H5J0_175_H3N2F1Pen1,0.0,0.0,4923700.0,0.0,0.0,8357649.0,0.0,0.0,0.0,0.0,0.0,0.0,0.0,0.0,0.0,0.0,0.0,0.0
Q6H7D2_196_H3N3F1Pen1,0.0,0.0,0.0,0.0,0.0,0.0,0.0,0.0,0.0,0.0,11703210.0,0.0,0.0,0.0,0.0,0.0,0.0,0.0
Q6H7D2_196_H3N4F1Pen1,0.0,0.0,0.0,0.0,0.0,0.0,4213141.0,0.0,0.0,0.0,0.0,0.0,0.0,0.0,10876480.0,0.0,0.0,0.0
Q6H7M3_158_H3N4F1Pen1,6384512.0,0.0,0.0,800593.6,0.0,0.0,0.0,0.0,0.0,0.0,0.0,0.0,0.0,6029255.0,0.0,0.0,0.0,0.0
Q6H7M3_158_H6N2,0.0,0.0,0.0,0.0,0.0,0.0,0.0,2506395.0,0.0,0.0,0.0,0.0,0.0,0.0,0.0,0.0,0.0,0.0
Q6H7M3_158_H7N2,0.0,5235747.0,0.0,0.0,574938.6,0.0,0.0,0.0,7980173.0,0.0,0.0,511249.6,5403190.0,0.0,0.0,711800.8,0.0,0.0
Q6H7M3_158_H8N2,0.0,0.0,0.0,0.0,0.0,0.0,0.0,0.0,0.0,0.0,0.0,0.0,0.0,9617378.0,0.0,0.0,914337.8,0.0
Q6I587_387_H3N3F1Pen1,0.0,0.0,0.0,0.0,0.0,0.0,0.0,0.0,0.0,8772089.0,0.0,0.0,0.0,0.0,0.0,0.0,16893550.0,0.0
Q6I587_387_H3N4F1Pen1,1100963.0,0.0,0.0,56427480.0,0.0,0.0,0.0,0.0,0.0,0.0,0.0,6507872.0,0.0,0.0,0.0,0.0,0.0,0.0
Q6I587_387_H4N4F2Pen1,0.0,0.0,0.0,0.0,0.0,0.0,0.0,0.0,0.0,0.0,0.0,0.0,0.0,0.0,0.0,0.0,0.0,5445544.0
Q6ICX4_315_H3N4F1Pen1,11472680.0,0.0,0.0,2870897.0,0.0,0.0,0.0,0.0,0.0,0.0,0.0,0.0,0.0,0.0,0.0,0.0,0.0,0.0
Q6ICX6_7_H3N2F1Pen1,16603170.0,0.0,0.0,1552401.0,0.0,0.0,0.0,0.0,0.0,0.0,0.0,0.0,0.0,0.0,0.0,0.0,0.0,0.0
Q6ID18_545_H3N2Pen1,0.0,4850022.0,0.0,0.0,1135528.0,0.0,0.0,0.0,0.0,0.0,0.0,0.0,0.0,4234986.0,0.0,0.0,722879.3,0.0
Q6ID18_545_H4N3F1Pen1,0.0,0.0,0.0,0.0,0.0,0.0,0.0,0.0,9234657.0,0.0,0.0,0.0,0.0,0.0,0.0,0.0,0.0,0.0
Q6IM80_5_H3N2F1Pen1,0.0,0.0,0.0,0.0,0.0,0.0,0.0,6466729.0,0.0,0.0,124064000.0,0.0,0.0,0.0,0.0,0.0,0.0,0.0
Q6IM89_26_H8N2,0.0,0.0,0.0,0.0,0.0,0.0,0.0,0.0,0.0,0.0,0.0,0.0,0.0,1806610.0,0.0,0.0,3782032.0,0.0
Q6IM93_26_H3N2F1Pen1,0.0,0.0,0.0,0.0,0.0,0.0,0.0,0.0,0.0,0.0,30187090.0,0.0,0.0,0.0,0.0,8074685.0,0.0,0.0
Q6IMT0_1951_H8N2,0.0,0.0,0.0,0.0,0.0,0.0,0.0,0.0,5870513.0,0.0,0.0,585665.3,0.0,0.0,0.0,0.0,0.0,0.0
Q6IMT1_1408_H6N2,0.0,0.0,0.0,0.0,0.0,0.0,0.0,0.0,0.0,0.0,0.0,0.0,0.0,3088102.0,0.0,0.0,699948.8,0.0
Q6IMT1_1492_H3N2F1Pen1,23801660.0,0.0,0.0,75385350.0,0.0,0.0,0.0,0.0,0.0,0.0,0.0,0.0,0.0,0.0,0.0,0.0,0.0,0.0
Q6IMT1_1492_H3N2Pen1,12578060.0,13771540.0,0.0,46397940.0,51845090.0,0.0,17917520.0,0.0,0.0,52486110.0,0.0,0.0,0.0,8556711.0,0.0,0.0,25604110.0,0.0
Q6IMT1_1492_H3N3F1Pen1,0.0,3032427.0,0.0,0.0,11134830.0,0.0,0.0,0.0,0.0,0.0,0.0,7818005.0,0.0,0.0,0.0,0.0,0.0,0.0
Q6IMT1_1492_H3N3Pen1,0.0,0.0,0.0,7252443.0,7056378.0,0.0,0.0,0.0,0.0,0.0,0.0,0.0,0.0,0.0,0.0,0.0,0.0,0.0
Q6IMT1_1492_H4N2Pen1,0.0,0.0,3469509.0,0.0,0.0,7806023.0,0.0,0.0,0.0,0.0,0.0,0.0,0.0,0.0,0.0,0.0,0.0,0.0
Q6IMT1_1492_H4N3F2Pen1,0.0,0.0,0.0,0.0,0.0,0.0,0.0,0.0,0.0,0.0,0.0,0.0,0.0,1574988.0,0.0,0.0,9805711.0,0.0
Q6IMT1_1492_H4N3Pen1,0.0,0.0,0.0,0.0,0.0,0.0,0.0,0.0,0.0,0.0,0.0,0.0,0.0,0.0,1615959.0,0.0,0.0,10205440.0
Q6IMT1_1492_H4N4F1Pen1,0.0,0.0,0.0,0.0,0.0,0.0,2367410.0,0.0,0.0,11486560.0,0.0,0.0,0.0,5096779.0,0.0,0.0,22476120.0,0.0
Q6IMT1_1492_H4N4F2Pen1,0.0,0.0,0.0,0.0,0.0,0.0,0.0,3354828.0,0.0,0.0,24744020.0,0.0,2199987.0,0.0,0.0,17154340.0,0.0,0.0
Q6IMT1_1492_H5N2,12444320.0,0.0,0.0,13872580.0,0.0,0.0,0.0,0.0,0.0,0.0,0.0,0.0,0.0,0.0,0.0,0.0,0.0,0.0
Q6IMT1_1492_H5N4F1Pen1,0.0,0.0,4014661.0,0.0,0.0,16340260.0,0.0,6529577.0,0.0,0.0,39424460.0,0.0,0.0,0.0,2603211.0,0.0,0.0,9782321.0
Q6IMT1_1492_H5N4F2Pen1,5570504.0,0.0,0.0,15822750.0,0.0,0.0,0.0,0.0,0.0,0.0,0.0,0.0,0.0,8312669.0,0.0,0.0,52015570.0,0.0
Q6IMT1_1492_H5N4F3Pen1,0.0,0.0,0.0,0.0,0.0,0.0,0.0,13970420.0,0.0,0.0,59202860.0,0.0,0.0,15216060.0,0.0,0.0,66059290.0,0.0
Q6IMT1_1492_H6N4F1Pen1,1452088.0,0.0,0.0,9224666.0,0.0,0.0,0.0,0.0,0.0,0.0,0.0,0.0,0.0,3609920.0,0.0,0.0,10186950.0,0.0
Q6IMT1_1492_H6N4F2Pen1,0.0,0.0,0.0,0.0,0.0,0.0,0.0,0.0,3428021.0,0.0,0.0,23882860.0,0.0,0.0,0.0,0.0,0.0,0.0
Q6IMT1_1659_H8N2,0.0,0.0,0.0,53672570.0,0.0,0.0,0.0,0.0,0.0,0.0,0.0,0.0,0.0,0.0,0.0,0.0,0.0,0.0
Q6IMT1_807_H3N4F1Pen1,32847700.0,0.0,0.0,22017690.0,0.0,0.0,0.0,0.0,0.0,0.0,0.0,0.0,0.0,0.0,0.0,0.0,0.0,0.0
Q6IMT1_807_H4N4F2Pen1,0.0,0.0,0.0,0.0,0.0,0.0,0.0,0.0,5515101.0,0.0,0.0,23682180.0,0.0,0.0,6981239.0,0.0,0.0,20961520.0
Q6J540_177_H8N2,2093041.0,0.0,0.0,8227449.0,0.0,0.0,0.0,5015810.0,0.0,0.0,81028180.0,0.0,0.0,0.0,0.0,0.0,0.0,0.0
Q6JJ61_39_H3N2Pen1,0.0,0.0,0.0,0.0,0.0,0.0,231953.4,0.0,0.0,5326008.0,0.0,0.0,0.0,0.0,0.0,0.0,0.0,0.0
Q6K223_585_H3N3F1Pen1,0.0,0.0,0.0,0.0,0.0,0.0,0.0,0.0,0.0,0.0,0.0,0.0,0.0,0.0,0.0,0.0,0.0,11801140.0
Q6K332_98_H4N2Pen1,0.0,0.0,0.0,0.0,0.0,0.0,0.0,5777001.0,0.0,0.0,258172.3,0.0,0.0,6773410.0,0.0,0.0,712190.3,0.0
Q6K641_544_H6N3,0.0,0.0,0.0,0.0,0.0,9610436.0,0.0,0.0,0.0,0.0,0.0,0.0,0.0,0.0,0.0,0.0,0.0,0.0
Q6K7R2_15_H3N3F1Pen1,0.0,0.0,0.0,0.0,0.0,0.0,0.0,0.0,1016707.0,0.0,0.0,11432280.0,0.0,0.0,0.0,0.0,0.0,5965466.0
Q6K7R9_487_H3N4F1Pen1,0.0,0.0,0.0,0.0,0.0,0.0,0.0,0.0,9674649.0,0.0,0.0,990935.6,0.0,0.0,0.0,0.0,0.0,0.0
Q6K7R9_487_H4N4F2Pen1,0.0,0.0,11822220.0,0.0,0.0,826010.8,0.0,0.0,0.0,0.0,0.0,0.0,0.0,0.0,0.0,0.0,0.0,0.0
Q6K881_84_H10N2,0.0,0.0,0.0,0.0,0.0,0.0,0.0,0.0,8482165.0,0.0,0.0,2779493.0,0.0,0.0,0.0,0.0,0.0,0.0
Q6K881_84_H9N2,0.0,0.0,0.0,0.0,0.0,0.0,0.0,0.0,0.0,0.0,0.0,0.0,0.0,0.0,5684707.0,0.0,0.0,2475808.0
Q6K8D9_122_H3N2F1Pen1,0.0,0.0,0.0,0.0,0.0,0.0,0.0,0.0,0.0,0.0,0.0,0.0,7361273.0,0.0,0.0,0.0,0.0,0.0
Q6K8Z4_976_H3N2F1Pen1,0.0,0.0,0.0,0.0,0.0,0.0,0.0,0.0,0.0,0.0,0.0,0.0,0.0,0.0,634148.4,0.0,0.0,8124791.0
Q6K968_371_H3N2F1Pen1,0.0,0.0,0.0,0.0,0.0,0.0,0.0,0.0,0.0,0.0,0.0,0.0,0.0,54361350.0,0.0,0.0,126575100.0,0.0
Q6K968_371_H3N2Pen1,0.0,0.0,0.0,0.0,0.0,0.0,0.0,0.0,0.0,0.0,0.0,0.0,0.0,2561353.0,0.0,0.0,8223485.0,0.0
Q6K968_371_H3N3F1Pen1,0.0,0.0,0.0,0.0,0.0,0.0,23249590.0,0.0,0.0,33761790.0,0.0,0.0,10494540.0,14795350.0,0.0,22179860.0,32319270.0,0.0
Q6K968_371_H3N3Pen1,0.0,0.0,0.0,0.0,0.0,0.0,0.0,0.0,0.0,0.0,0.0,0.0,0.0,0.0,1358166.0,0.0,0.0,3659669.0
Q6K968_371_H3N4F1Pen1,0.0,2464843.0,0.0,0.0,1407563.0,0.0,0.0,0.0,0.0,0.0,0.0,0.0,0.0,0.0,0.0,0.0,0.0,0.0
Q6K968_371_H3N4Pen1,0.0,0.0,0.0,0.0,0.0,0.0,0.0,0.0,0.0,0.0,0.0,0.0,755592.4,0.0,0.0,2926137.0,0.0,0.0
Q6K968_371_H4N4F1Pen1,0.0,0.0,0.0,0.0,0.0,0.0,0.0,0.0,1875455.0,0.0,0.0,4056104.0,1759627.0,0.0,0.0,8821256.0,0.0,0.0
Q6K968_371_H5N4F1Pen1,0.0,0.0,0.0,0.0,0.0,0.0,0.0,0.0,0.0,0.0,0.0,0.0,659655.2,0.0,0.0,7625779.0,0.0,0.0
Q6K968_371_H5N4F2Pen1,0.0,0.0,0.0,0.0,0.0,0.0,0.0,0.0,0.0,0.0,0.0,0.0,0.0,0.0,0.0,3046205.0,0.0,0.0
Q6K968_371_H5N4F3Pen1,0.0,0.0,0.0,0.0,0.0,0.0,0.0,0.0,0.0,0.0,0.0,0.0,0.0,0.0,902404.3,0.0,0.0,12184670.0
Q6K972_535_H2N2F1Pen1,17237240.0,0.0,0.0,6731255.0,0.0,0.0,0.0,0.0,0.0,0.0,0.0,0.0,0.0,0.0,0.0,0.0,0.0,0.0
Q6K972_535_H3N2F1Pen1,0.0,0.0,17426150.0,0.0,0.0,10021610.0,24100300.0,0.0,0.0,14942770.0,0.0,0.0,17728400.0,0.0,0.0,7417188.0,0.0,0.0
Q6K972_535_H3N3F1Pen1,0.0,0.0,0.0,0.0,0.0,0.0,0.0,0.0,6556156.0,0.0,0.0,4904549.0,2902165.0,0.0,2508621.0,1202187.0,0.0,3647017.0
Q6K972_535_H3N4F1Pen1,0.0,27868010.0,14772650.0,0.0,25083670.0,10043640.0,0.0,39829520.0,0.0,0.0,29354250.0,0.0,0.0,0.0,22010680.0,0.0,0.0,24911430.0
Q6K972_535_H4N4F2Pen1,0.0,0.0,0.0,0.0,0.0,0.0,0.0,0.0,7521902.0,0.0,0.0,8935072.0,0.0,4461725.0,0.0,0.0,8409019.0,0.0
Q6K972_535_H5N4F3Pen1,0.0,0.0,0.0,0.0,0.0,0.0,0.0,0.0,0.0,0.0,0.0,0.0,0.0,0.0,996592.9,0.0,0.0,5735004.0
Q6K977_522_H3N2F1Pen1,0.0,0.0,0.0,0.0,0.0,0.0,0.0,0.0,34717600.0,0.0,0.0,0.0,0.0,26429130.0,0.0,0.0,0.0,0.0
Q6K977_522_H3N4F1Pen1,0.0,4646470.0,0.0,0.0,2239186.0,0.0,0.0,0.0,0.0,0.0,0.0,0.0,0.0,0.0,0.0,0.0,0.0,0.0
Q6KAI0_905_H8N2,0.0,2160534.0,0.0,0.0,535254.1,0.0,0.0,3711743.0,0.0,0.0,0.0,0.0,0.0,0.0,0.0,0.0,0.0,0.0
Q6L3Z0_1102_H3N2F1Pen1,0.0,0.0,0.0,0.0,0.0,0.0,3890799.0,0.0,0.0,0.0,0.0,0.0,0.0,0.0,0.0,0.0,0.0,0.0
Q6L439_857_H6N2,0.0,0.0,0.0,0.0,0.0,0.0,1397173.0,0.0,0.0,23465120.0,0.0,0.0,0.0,0.0,0.0,0.0,0.0,0.0
Q6L4L4_409_H3N2F1Pen1,0.0,709691.3,0.0,0.0,22036340.0,0.0,0.0,0.0,0.0,0.0,0.0,0.0,0.0,0.0,0.0,0.0,0.0,0.0
Q6L4L4_409_H8N2,0.0,0.0,0.0,0.0,0.0,0.0,0.0,0.0,0.0,0.0,0.0,0.0,0.0,4900663.0,0.0,0.0,0.0,0.0
Q6L5D4_654_H8N2,0.0,0.0,0.0,0.0,0.0,0.0,0.0,0.0,0.0,0.0,4345826.0,0.0,0.0,0.0,0.0,0.0,0.0,0.0
Q6L5I5_69_H3N4F1Pen1,0.0,0.0,0.0,34142080.0,0.0,0.0,0.0,0.0,0.0,0.0,0.0,0.0,0.0,0.0,0.0,0.0,0.0,0.0
Q6LA42_197_H3N2Pen1,0.0,0.0,0.0,0.0,0.0,0.0,0.0,0.0,0.0,0.0,0.0,0.0,9592082.0,0.0,0.0,0.0,0.0,0.0
Q6LA43_288_H3N3F1Pen1,0.0,2107020.0,0.0,0.0,0.0,0.0,0.0,0.0,0.0,0.0,0.0,0.0,0.0,0.0,0.0,0.0,0.0,0.0
Q6LA43_288_H9N2,0.0,0.0,0.0,0.0,0.0,0.0,0.0,0.0,6795447.0,0.0,0.0,0.0,4269449.0,0.0,0.0,0.0,0.0,0.0
Q6NKX3_351_H9N2,0.0,0.0,0.0,0.0,0.0,0.0,971972.4,0.0,0.0,3367302.0,0.0,0.0,0.0,0.0,0.0,0.0,0.0,0.0
Q6NLP2_491_H3N4F1Pen1,0.0,0.0,0.0,0.0,0.0,0.0,0.0,0.0,0.0,5500480.0,0.0,0.0,0.0,0.0,0.0,0.0,0.0,0.0
Q6NM26_181_H3N4F1Pen1,0.0,152987.7,0.0,0.0,6788630.0,0.0,0.0,0.0,0.0,0.0,0.0,0.0,0.0,0.0,0.0,0.0,0.0,20434880.0
Q6NM26_181_H8N2,0.0,0.0,0.0,0.0,0.0,0.0,0.0,0.0,0.0,0.0,4703988.0,0.0,0.0,0.0,0.0,0.0,0.0,0.0
Q6NM26_181_H9N2,0.0,0.0,0.0,0.0,2767917.0,0.0,0.0,0.0,0.0,0.0,0.0,0.0,0.0,0.0,0.0,0.0,0.0,0.0
Q6NMJ2_70_H3N3Pen1,1023261.0,0.0,0.0,3216231.0,0.0,0.0,0.0,0.0,0.0,0.0,0.0,0.0,0.0,0.0,0.0,0.0,0.0,0.0
Q6NMJ2_70_H6N2,6309244.0,7437252.0,0.0,22622290.0,28127460.0,0.0,0.0,8696123.0,0.0,0.0,37066760.0,0.0,0.0,2972669.0,3708030.0,0.0,23383380.0,27371270.0
Q6NMN6_53_H3N4F1Pen1,0.0,0.0,0.0,0.0,0.0,0.0,941488.4,0.0,0.0,6065799.0,0.0,0.0,0.0,0.0,0.0,0.0,0.0,0.0
Q6NPC9_15_H3N2F1Pen1,0.0,0.0,0.0,0.0,0.0,0.0,0.0,0.0,0.0,0.0,0.0,0.0,0.0,0.0,7706845.0,0.0,0.0,0.0
Q6NPR6_332_H3N2F1Pen1,0.0,0.0,0.0,0.0,0.0,0.0,0.0,5639898.0,0.0,0.0,0.0,0.0,0.0,0.0,6656168.0,0.0,0.0,0.0
Q6NPR7_160_H3N3Pen1,0.0,0.0,0.0,8472089.0,0.0,0.0,0.0,0.0,0.0,0.0,0.0,0.0,0.0,0.0,0.0,0.0,0.0,0.0
Q6NQ51_8_H3N2F1Pen1,0.0,0.0,7236964.0,0.0,0.0,0.0,0.0,0.0,0.0,0.0,0.0,0.0,0.0,0.0,0.0,0.0,0.0,0.0
Q6NQ64_200_H3N2F1Pen1,0.0,0.0,0.0,0.0,0.0,0.0,0.0,0.0,21856470.0,0.0,0.0,0.0,15889830.0,0.0,0.0,0.0,0.0,0.0
Q6NQ64_200_H6N2,0.0,0.0,0.0,0.0,0.0,0.0,0.0,0.0,0.0,0.0,0.0,0.0,0.0,0.0,1531400.0,0.0,0.0,0.0
Q6NQK0_406_H3N2F1Pen1,0.0,0.0,260961.8,0.0,0.0,2158322.0,0.0,0.0,0.0,0.0,0.0,0.0,0.0,0.0,42206880.0,0.0,0.0,81564670.0
Q6NQK0_406_H3N2Pen1,0.0,0.0,0.0,0.0,0.0,0.0,0.0,0.0,0.0,0.0,0.0,0.0,0.0,0.0,2226267.0,0.0,0.0,6461744.0
Q6NQK0_406_H3N3F1Pen1,0.0,0.0,15286010.0,0.0,0.0,13601080.0,0.0,0.0,19211640.0,0.0,0.0,22713100.0,13137320.0,0.0,10902830.0,32143750.0,0.0,25121880.0
Q6NQK0_406_H4N4F1Pen1,0.0,0.0,0.0,0.0,0.0,0.0,0.0,0.0,0.0,0.0,0.0,0.0,0.0,0.0,1453458.0,0.0,0.0,8249128.0
Q6NQK0_406_H4N4F2Pen1,0.0,0.0,0.0,0.0,0.0,0.0,0.0,0.0,0.0,0.0,0.0,0.0,1352466.0,0.0,0.0,10155400.0,0.0,0.0
Q6NQK0_406_H4N4Pen1,0.0,0.0,0.0,0.0,0.0,0.0,0.0,0.0,0.0,0.0,0.0,0.0,0.0,0.0,7150067.0,0.0,0.0,15029160.0
Q6NQK0_443_H2N2F1Pen1,0.0,2193116.0,0.0,0.0,0.0,0.0,0.0,0.0,0.0,0.0,0.0,0.0,0.0,0.0,0.0,0.0,0.0,0.0
Q6NQK0_443_H3N2F1Pen1,0.0,4333105.0,0.0,0.0,0.0,0.0,1919242.0,14189060.0,0.0,24880170.0,0.0,0.0,0.0,10115890.0,0.0,0.0,0.0,0.0
Q6NQK0_443_H3N4F1Pen1,0.0,18781860.0,0.0,0.0,0.0,0.0,0.0,0.0,0.0,0.0,0.0,0.0,0.0,0.0,0.0,0.0,0.0,0.0
Q6NQK0_443_H5N3F1Pen1,0.0,0.0,0.0,0.0,0.0,0.0,5313025.0,0.0,0.0,264176.9,0.0,0.0,0.0,0.0,0.0,0.0,0.0,0.0
Q6NQL4_61_H8N2,0.0,0.0,0.0,0.0,0.0,0.0,0.0,105578700.0,0.0,0.0,131585700.0,0.0,0.0,0.0,0.0,0.0,0.0,0.0
Q6NQL4_61_H9N2,0.0,0.0,0.0,0.0,0.0,0.0,2860503.0,0.0,0.0,0.0,0.0,0.0,0.0,0.0,0.0,0.0,0.0,0.0
Q6PSC4_72_H1N2F1,0.0,0.0,0.0,0.0,0.0,0.0,0.0,0.0,0.0,0.0,0.0,24513330.0,0.0,0.0,0.0,0.0,0.0,0.0
Q6Q152_380_H3N4F1Pen1,0.0,0.0,278936.6,0.0,0.0,8679317.0,0.0,0.0,0.0,0.0,0.0,0.0,0.0,0.0,0.0,0.0,0.0,0.0
Q6Q4D0_1156_H3N2F1Pen1,0.0,0.0,0.0,0.0,0.0,0.0,0.0,23749160.0,0.0,0.0,0.0,0.0,0.0,0.0,0.0,0.0,0.0,0.0
Q6Q4D0_1156_H6N2,0.0,0.0,0.0,0.0,0.0,0.0,0.0,0.0,291164.2,0.0,0.0,1305981.0,0.0,0.0,0.0,0.0,0.0,0.0
Q6R0H1_627_H3N2F1Pen1,0.0,0.0,0.0,0.0,0.0,0.0,0.0,0.0,0.0,55020350.0,0.0,0.0,0.0,0.0,0.0,10741470.0,27308230.0,0.0
Q6RH26_25_H3N2F1Pen1,0.0,0.0,0.0,0.0,6414301.0,0.0,0.0,0.0,0.0,0.0,0.0,0.0,0.0,0.0,0.0,0.0,0.0,0.0
Q6RH26_25_H3N3F1Pen1,0.0,0.0,0.0,0.0,0.0,0.0,0.0,0.0,0.0,0.0,232388500.0,270948000.0,0.0,0.0,0.0,0.0,0.0,0.0
Q6RH26_25_H4N3Pen1,0.0,0.0,0.0,0.0,0.0,16095580.0,0.0,0.0,0.0,0.0,0.0,0.0,0.0,0.0,0.0,0.0,0.0,0.0
Q6S7B0_289_H6N2,0.0,0.0,0.0,1994542.0,0.0,0.0,0.0,0.0,0.0,0.0,28501900.0,0.0,0.0,0.0,0.0,0.0,0.0,0.0
Q6SJR1_419_H6N2,3676494.0,0.0,0.0,175633.5,0.0,0.0,0.0,0.0,0.0,0.0,0.0,0.0,0.0,0.0,6371386.0,0.0,0.0,0.0
Q6SJR1_44_H6N2,0.0,0.0,0.0,0.0,0.0,0.0,0.0,2883429.0,0.0,0.0,0.0,0.0,0.0,0.0,0.0,0.0,0.0,0.0
Q6SJR1_44_H7N2,0.0,0.0,22050170.0,0.0,0.0,0.0,0.0,0.0,0.0,0.0,0.0,0.0,0.0,0.0,15104470.0,0.0,0.0,236366.5
Q6SJR1_44_H8N2,24054780.0,0.0,0.0,713652.4,0.0,0.0,13496080.0,0.0,15249380.0,0.0,0.0,2050160.0,0.0,26886190.0,17161300.0,0.0,0.0,394303.0
Q6T7E8_33_H2N2F1Pen1,0.0,0.0,3560807.0,0.0,0.0,0.0,0.0,0.0,0.0,0.0,0.0,0.0,0.0,0.0,0.0,0.0,0.0,0.0
Q6TAS3_262_H10N2,0.0,0.0,0.0,0.0,0.0,0.0,12157600.0,0.0,0.0,18936720.0,0.0,0.0,0.0,0.0,0.0,0.0,0.0,0.0
Q6TAS3_262_H3N2Pen1,0.0,0.0,7023397.0,0.0,0.0,386663.8,0.0,0.0,0.0,0.0,0.0,0.0,0.0,0.0,0.0,0.0,0.0,0.0
Q6TAS3_262_H3N3F1Pen1,0.0,0.0,0.0,0.0,0.0,0.0,0.0,0.0,0.0,0.0,28794650.0,0.0,0.0,0.0,0.0,0.0,0.0,0.0
Q6TAS3_463_H3N3F1Pen1,0.0,0.0,0.0,0.0,0.0,0.0,0.0,27206840.0,0.0,0.0,2760398.0,0.0,0.0,0.0,0.0,0.0,0.0,0.0
Q6TAS3_680_H3N2F1Pen1,0.0,0.0,0.0,0.0,9534206.0,0.0,0.0,0.0,0.0,0.0,0.0,0.0,701732.5,0.0,0.0,27510030.0,0.0,0.0
Q6TBX7_49_H3N2F1Pen1,0.0,0.0,0.0,0.0,0.0,0.0,0.0,0.0,57114940.0,0.0,0.0,75257530.0,0.0,0.0,0.0,0.0,0.0,0.0
Q6UD73_147_H8N2,0.0,0.0,0.0,0.0,3512723.0,0.0,0.0,0.0,0.0,0.0,0.0,0.0,0.0,0.0,0.0,0.0,0.0,0.0
Q6USK2_302_H3N2F1Pen1,0.0,0.0,0.0,0.0,0.0,0.0,75228240.0,0.0,0.0,4999482.0,0.0,0.0,0.0,0.0,51937460.0,0.0,0.0,992034.4
Q6USK2_302_H3N2Pen1,0.0,0.0,0.0,0.0,0.0,0.0,0.0,0.0,9510710.0,0.0,0.0,2603027.0,0.0,0.0,0.0,0.0,0.0,0.0
Q6USK2_302_H3N3F1Pen1,0.0,7339441.0,0.0,0.0,0.0,0.0,0.0,68254660.0,0.0,0.0,7814832.0,0.0,0.0,0.0,0.0,0.0,0.0,0.0
Q6USK2_302_H4N3Pen1,0.0,0.0,0.0,0.0,0.0,0.0,0.0,0.0,0.0,0.0,0.0,0.0,0.0,0.0,24978500.0,0.0,0.0,7581748.0
Q6VAM4_13_H3N3F1Pen1,0.0,0.0,0.0,0.0,0.0,0.0,0.0,0.0,0.0,4882951.0,0.0,0.0,0.0,0.0,0.0,0.0,0.0,0.0
Q6VBA4_74_H3N2F1Pen1,10544590.0,0.0,0.0,0.0,0.0,0.0,0.0,0.0,4672506.0,0.0,0.0,189405.4,0.0,8456922.0,0.0,0.0,473345.6,0.0
Q6VVA6_356_H3N2F1Pen1,0.0,0.0,0.0,0.0,0.0,0.0,0.0,0.0,0.0,0.0,6457444.0,0.0,0.0,176246.3,0.0,0.0,5517142.0,0.0
Q6WNQ8_24_H3N4F1Pen1,37976800.0,0.0,0.0,0.0,0.0,0.0,0.0,0.0,0.0,0.0,0.0,0.0,0.0,0.0,0.0,0.0,0.0,0.0
Q6WWW4_346_H3N2Pen1,0.0,0.0,0.0,0.0,0.0,0.0,0.0,0.0,0.0,0.0,0.0,29845600.0,0.0,0.0,0.0,0.0,0.0,0.0
Q6WWW4_671_H3N2F1Pen1,0.0,0.0,0.0,0.0,0.0,0.0,1354961.0,2322598.0,0.0,412447.4,0.0,0.0,0.0,2983639.0,0.0,0.0,0.0,0.0
Q6YSA9_264_H3N2F1Pen1,0.0,0.0,0.0,0.0,0.0,0.0,0.0,0.0,0.0,0.0,0.0,0.0,0.0,0.0,0.0,0.0,8230316.0,5335988.0
Q6YTY3_158_H4N4F1Pen1,13422670.0,0.0,0.0,1621249.0,0.0,0.0,0.0,0.0,0.0,0.0,0.0,0.0,0.0,0.0,0.0,0.0,0.0,0.0
Q6YUB8_336_H8N2,337992.3,0.0,0.0,1579267.0,0.0,0.0,0.0,0.0,0.0,0.0,0.0,0.0,0.0,0.0,0.0,0.0,0.0,0.0
Q6YV04_292_H3N4F1Pen1,0.0,0.0,0.0,0.0,0.0,0.0,0.0,0.0,0.0,0.0,0.0,45467530.0,0.0,0.0,0.0,0.0,0.0,0.0
Q6YW48_201_H8N2,0.0,0.0,299356.5,0.0,0.0,4455541.0,0.0,0.0,0.0,0.0,0.0,0.0,0.0,0.0,0.0,0.0,0.0,0.0
Q6YW50_320_H3N2F1Pen1,0.0,0.0,40462770.0,0.0,0.0,56263110.0,0.0,0.0,61921110.0,0.0,0.0,64894650.0,0.0,0.0,0.0,0.0,0.0,0.0
Q6YW50_320_H3N2Pen1,0.0,0.0,0.0,0.0,0.0,0.0,0.0,0.0,0.0,0.0,0.0,0.0,0.0,0.0,5728961.0,0.0,0.0,1999608.0
Q6YXK8_28_H3N3F1Pen1,0.0,0.0,0.0,0.0,9887475.0,0.0,0.0,0.0,0.0,0.0,0.0,15376720.0,0.0,0.0,0.0,0.0,0.0,0.0
Q6YXL1_30_H3N2F1Pen1,0.0,0.0,0.0,0.0,0.0,0.0,0.0,0.0,141109.8,0.0,0.0,3199940.0,0.0,0.0,150782.5,0.0,0.0,10769580.0
Q6YXP5_559_H3N3F1Pen1,0.0,0.0,12875640.0,0.0,0.0,573491.5,0.0,0.0,0.0,0.0,0.0,0.0,0.0,0.0,0.0,0.0,0.0,0.0
Q6YXP5_559_H3N4F1Pen1,0.0,0.0,15704360.0,0.0,0.0,3495885.0,0.0,0.0,0.0,0.0,0.0,0.0,0.0,0.0,0.0,0.0,0.0,0.0
Q6YXP5_559_H4N4F2Pen1,0.0,0.0,0.0,0.0,0.0,0.0,6650188.0,0.0,0.0,900490.9,0.0,0.0,0.0,0.0,0.0,0.0,0.0,0.0
Q6YXQ8_7_H3N2F1Pen1,0.0,0.0,0.0,3721474.0,0.0,0.0,0.0,0.0,0.0,0.0,0.0,0.0,0.0,0.0,0.0,0.0,0.0,0.0
Q6YXQ9_257_H3N2F1Pen1,0.0,0.0,0.0,0.0,0.0,0.0,0.0,0.0,0.0,13560010.0,0.0,0.0,0.0,0.0,0.0,0.0,0.0,0.0
Q6YXQ9_257_H3N3F1Pen1,0.0,0.0,0.0,0.0,0.0,0.0,0.0,0.0,0.0,0.0,0.0,0.0,0.0,0.0,1063714.0,0.0,0.0,4960161.0
Q6YXQ9_257_H3N4F1Pen1,0.0,0.0,0.0,0.0,0.0,0.0,0.0,0.0,0.0,0.0,0.0,0.0,0.0,0.0,0.0,0.0,0.0,48847010.0
Q6YXW6_113_H6N3,0.0,0.0,0.0,0.0,0.0,0.0,0.0,0.0,4321429.0,0.0,0.0,0.0,0.0,0.0,0.0,0.0,0.0,0.0
Q6YXY2_596_H4N3Pen1,0.0,0.0,0.0,0.0,0.0,4100706.0,0.0,0.0,0.0,0.0,0.0,0.0,0.0,0.0,0.0,0.0,0.0,0.0
Q6YYA3_707_H3N2F1Pen1,0.0,0.0,0.0,0.0,0.0,0.0,0.0,0.0,0.0,0.0,0.0,0.0,0.0,0.0,0.0,0.0,0.0,14286940.0
Q6YYA3_707_H3N3F1Pen1,0.0,0.0,0.0,0.0,0.0,0.0,0.0,0.0,0.0,0.0,6696007.0,0.0,0.0,0.0,0.0,0.0,0.0,3854442.0
Q6YYA3_707_H3N4F1Pen1,0.0,0.0,0.0,0.0,0.0,0.0,0.0,0.0,2665152.0,0.0,0.0,10306940.0,0.0,0.0,4428377.0,0.0,0.0,9395915.0
Q6YYA3_707_H4N4F1Pen1,0.0,0.0,0.0,0.0,0.0,0.0,0.0,0.0,376394.2,0.0,0.0,12379950.0,0.0,0.0,0.0,0.0,0.0,0.0
Q6YYA3_707_H6N2,0.0,0.0,0.0,0.0,0.0,0.0,0.0,0.0,183988.6,1800308.0,0.0,2833964.0,0.0,0.0,0.0,0.0,0.0,0.0
Q6YYA3_707_H7N2,0.0,0.0,0.0,3844885.0,0.0,0.0,250539.6,0.0,0.0,4443411.0,0.0,0.0,0.0,0.0,0.0,0.0,0.0,0.0
Q6YYA3_707_H8N2,0.0,0.0,0.0,0.0,0.0,0.0,0.0,0.0,0.0,0.0,0.0,0.0,0.0,0.0,0.0,0.0,0.0,5746842.0
Q6YYA3_707_H9N2,0.0,0.0,0.0,4973284.0,0.0,0.0,0.0,0.0,0.0,0.0,0.0,0.0,0.0,276746.6,0.0,0.0,4718341.0,0.0
Q6YYC0_181_H3N2F1Pen1,0.0,0.0,0.0,0.0,0.0,0.0,0.0,0.0,0.0,0.0,0.0,14469810.0,0.0,0.0,0.0,0.0,0.0,0.0
Q6YYC0_181_H3N2Pen1,0.0,0.0,0.0,0.0,0.0,0.0,0.0,0.0,0.0,0.0,0.0,10984430.0,0.0,0.0,0.0,0.0,0.0,0.0
Q6YZB2_53_H4N3F1Pen1,0.0,0.0,0.0,0.0,0.0,0.0,0.0,0.0,0.0,0.0,0.0,0.0,0.0,0.0,0.0,3590895.0,0.0,0.0
Q6Z0D2_202_H3N2F1Pen1,0.0,0.0,2308506.0,0.0,0.0,333558.0,0.0,0.0,0.0,0.0,0.0,0.0,0.0,0.0,0.0,0.0,0.0,0.0
Q6Z2T6_362_H3N2F1Pen1,0.0,0.0,0.0,0.0,0.0,0.0,0.0,0.0,0.0,53707590.0,0.0,0.0,0.0,0.0,0.0,0.0,0.0,0.0
Q6Z358_142_H3N2F1Pen1,0.0,0.0,0.0,0.0,0.0,0.0,287170.8,0.0,0.0,4701147.0,0.0,0.0,0.0,0.0,0.0,0.0,0.0,0.0
Q6Z398_432_H3N2F1Pen1,0.0,0.0,0.0,0.0,0.0,0.0,0.0,0.0,0.0,0.0,0.0,0.0,34126500.0,0.0,0.0,0.0,0.0,0.0
Q6Z4N6_31_H4N4F2Pen1,0.0,0.0,0.0,0.0,0.0,0.0,0.0,7494690.0,0.0,0.0,612473.6,0.0,0.0,0.0,0.0,0.0,0.0,0.0
Q6Z4N6_31_H8N2,27302440.0,0.0,0.0,4323037.0,0.0,0.0,42412580.0,0.0,0.0,6434473.0,0.0,0.0,0.0,58446000.0,0.0,0.0,5580806.0,0.0
Q6Z4T3_101_H7N2,0.0,0.0,0.0,0.0,0.0,0.0,0.0,3193331.0,0.0,0.0,1126538.0,0.0,0.0,0.0,0.0,0.0,0.0,0.0
Q6Z4T5_102_H8N2,2646386.0,0.0,2720224.0,690633.9,0.0,1310627.0,0.0,0.0,8644215.0,0.0,0.0,1553160.0,0.0,0.0,0.0,0.0,0.0,0.0
Q6Z6M4_76_H3N4F1Pen1,0.0,0.0,0.0,0.0,0.0,0.0,0.0,0.0,9981430.0,0.0,0.0,5073313.0,0.0,0.0,0.0,0.0,0.0,0.0
Q6Z6W2_195_H3N2Pen1,0.0,0.0,0.0,0.0,0.0,0.0,4523780.0,0.0,0.0,24592340.0,0.0,0.0,0.0,0.0,3617576.0,0.0,0.0,31605860.0
Q6Z6W2_80_H3N2F1Pen1,0.0,0.0,0.0,0.0,0.0,0.0,0.0,0.0,0.0,0.0,0.0,30524170.0,0.0,0.0,0.0,0.0,0.0,0.0
Q6Z7H3_329_H3N2F1Pen1,0.0,0.0,0.0,0.0,0.0,0.0,0.0,7828224.0,0.0,0.0,5466545.0,0.0,0.0,0.0,0.0,0.0,0.0,0.0
Q6Z7H3_329_H3N3F1Pen1,0.0,4269347.0,0.0,0.0,4721261.0,0.0,0.0,0.0,0.0,0.0,0.0,0.0,0.0,0.0,0.0,0.0,0.0,0.0
Q6ZAL2_339_H8N2,0.0,0.0,0.0,0.0,0.0,0.0,8737129.0,0.0,0.0,689063.8,0.0,0.0,0.0,0.0,0.0,0.0,0.0,0.0
Q6ZCC4_17_H3N2F1Pen1,0.0,0.0,0.0,0.0,0.0,0.0,0.0,0.0,0.0,0.0,0.0,0.0,0.0,0.0,150510.8,0.0,0.0,9527773.0
Q6ZCX3_1009_H5N4F3Pen1,0.0,0.0,0.0,0.0,0.0,0.0,652967.8,0.0,0.0,8857440.0,0.0,0.0,0.0,0.0,0.0,0.0,0.0,0.0
Q6ZCX3_1009_H7N2,0.0,0.0,0.0,0.0,0.0,0.0,0.0,0.0,0.0,0.0,0.0,0.0,0.0,2059502.0,0.0,0.0,3198667.0,0.0
Q6ZCX3_1344_H3N2F1Pen1,0.0,0.0,0.0,0.0,0.0,0.0,0.0,0.0,0.0,0.0,0.0,0.0,5454053.0,0.0,0.0,1922927.0,0.0,0.0
Q6ZCX3_1344_H3N4F1Pen1,0.0,0.0,0.0,0.0,0.0,0.0,0.0,8785579.0,0.0,0.0,0.0,0.0,0.0,0.0,0.0,0.0,0.0,0.0
Q6ZDY8_489_H6N2,0.0,0.0,0.0,0.0,0.0,0.0,0.0,0.0,0.0,0.0,0.0,0.0,0.0,0.0,1336369.0,0.0,0.0,19326750.0
Q6ZF85_504_H3N2F1Pen1,0.0,0.0,0.0,0.0,0.0,0.0,0.0,0.0,0.0,0.0,0.0,0.0,0.0,0.0,2709914.0,0.0,0.0,18565330.0
Q6ZG77_110_H3N2F1Pen1,0.0,0.0,0.0,0.0,0.0,0.0,0.0,0.0,0.0,0.0,0.0,0.0,0.0,0.0,36395790.0,0.0,0.0,0.0
Q6ZJJ0_472_H7N3,0.0,0.0,0.0,0.0,0.0,0.0,0.0,0.0,0.0,0.0,0.0,0.0,0.0,0.0,0.0,0.0,21419170.0,0.0
Q6ZJM9_227_H3N2F1Pen1,0.0,22496580.0,0.0,0.0,7814004.0,0.0,0.0,0.0,0.0,0.0,0.0,0.0,0.0,0.0,0.0,0.0,0.0,0.0
Q700C2_201_H6N4F1Pen1,0.0,0.0,0.0,0.0,0.0,0.0,0.0,1658345.0,0.0,0.0,1737581.0,0.0,0.0,0.0,0.0,0.0,0.0,0.0
Q700C2_604_H3N2F1Pen1,0.0,0.0,919667.4,0.0,0.0,12126920.0,0.0,2000333.0,0.0,0.0,9482056.0,0.0,0.0,0.0,0.0,0.0,0.0,0.0
Q700D0_133_H3N3F1Pen1,0.0,0.0,0.0,0.0,0.0,0.0,0.0,17171840.0,0.0,0.0,21452520.0,0.0,0.0,0.0,0.0,0.0,0.0,0.0
Q70PR7_241_H8N2,0.0,0.0,0.0,0.0,0.0,17613060.0,0.0,0.0,0.0,0.0,61905950.0,0.0,0.0,0.0,0.0,0.0,0.0,0.0
Q70US9_358_H5N3F1Pen1,0.0,0.0,0.0,0.0,0.0,0.0,0.0,0.0,4457652.0,0.0,0.0,4076254.0,0.0,0.0,0.0,0.0,0.0,0.0
Q70XV6_1532_H3N2F1Pen1,0.0,5006986.0,0.0,0.0,2993122.0,0.0,0.0,0.0,0.0,0.0,0.0,0.0,0.0,0.0,0.0,0.0,0.0,0.0
Q70XZ0_202_H8N2,0.0,0.0,0.0,0.0,0.0,0.0,6335560.0,0.0,0.0,7565812.0,0.0,0.0,0.0,0.0,0.0,0.0,0.0,0.0
Q70Y16_384_H3N2F1Pen1,0.0,0.0,40978750.0,0.0,0.0,0.0,0.0,0.0,0.0,0.0,0.0,0.0,0.0,0.0,0.0,0.0,0.0,0.0
Q71BH1_95_H3N3F1Pen1,0.0,0.0,0.0,97286410.0,0.0,0.0,0.0,0.0,0.0,0.0,0.0,0.0,0.0,0.0,0.0,0.0,0.0,0.0
Q71ML5_412_H6N2,0.0,674480.2,0.0,0.0,14668980.0,0.0,0.0,0.0,0.0,0.0,0.0,0.0,0.0,0.0,0.0,0.0,0.0,0.0
Q71ML5_412_H7N2,0.0,0.0,0.0,0.0,0.0,0.0,0.0,0.0,0.0,0.0,0.0,0.0,0.0,0.0,0.0,26329540.0,0.0,0.0
Q75GR5_253_H3N2Pen1,0.0,0.0,0.0,0.0,0.0,0.0,0.0,0.0,0.0,0.0,0.0,0.0,0.0,0.0,4582260.0,0.0,0.0,97333.17
Q75HC2_661_H6N2,0.0,0.0,0.0,0.0,0.0,0.0,36852030.0,0.0,0.0,38524710.0,0.0,0.0,31898960.0,29253800.0,0.0,21343130.0,22516210.0,0.0
Q75HP9_780_H3N4F1Pen1,0.0,0.0,0.0,0.0,0.0,0.0,0.0,0.0,0.0,0.0,0.0,0.0,157502.8,0.0,0.0,1646209.0,0.0,0.0
Q75HQ3_358_H3N4F1Pen1,9443279.0,9101935.0,0.0,187566.6,0.0,0.0,0.0,0.0,0.0,0.0,0.0,0.0,0.0,0.0,0.0,0.0,0.0,0.0
Q75HV1_253_H3N2F1Pen1,4137795.0,0.0,0.0,11458140.0,0.0,0.0,0.0,0.0,0.0,0.0,0.0,0.0,0.0,0.0,0.0,0.0,0.0,0.0
Q75HZ9_319_H3N2F1Pen1,0.0,0.0,0.0,0.0,0.0,0.0,0.0,48257220.0,0.0,0.0,0.0,0.0,0.0,0.0,0.0,0.0,0.0,0.0
Q75I13_258_H4N4F2Pen1,0.0,0.0,2414112.0,0.0,0.0,283214.6,0.0,0.0,0.0,0.0,0.0,0.0,0.0,0.0,0.0,0.0,0.0,0.0
Q75KR1_29_H3N2F1Pen1,0.0,0.0,0.0,0.0,0.0,0.0,0.0,0.0,0.0,0.0,0.0,0.0,0.0,0.0,9084184.0,0.0,0.0,0.0
Q75LJ4_132_H6N2,0.0,0.0,6401173.0,0.0,0.0,378922.1,0.0,0.0,0.0,0.0,0.0,0.0,0.0,0.0,0.0,0.0,0.0,0.0
Q75QN6_646_H3N3F1Pen1,0.0,0.0,0.0,0.0,0.0,0.0,0.0,0.0,0.0,0.0,0.0,9819152.0,0.0,0.0,0.0,0.0,10351230.0,0.0
Q766U5_412_H8N2,0.0,0.0,0.0,0.0,0.0,0.0,0.0,0.0,0.0,0.0,5285984.0,0.0,0.0,0.0,0.0,0.0,0.0,0.0
Q76CU2_5_H3N2F1Pen1,0.0,0.0,31288850.0,0.0,0.0,26557580.0,53657720.0,0.0,0.0,35514060.0,0.0,0.0,0.0,0.0,0.0,0.0,0.0,0.0
Q76E23_1357_H2N2F1Pen1,0.0,0.0,702194.1,0.0,0.0,14947830.0,0.0,0.0,0.0,0.0,0.0,0.0,0.0,0.0,0.0,0.0,0.0,0.0
Q76E23_1357_H3N2F1Pen1,0.0,0.0,0.0,0.0,0.0,0.0,0.0,0.0,0.0,0.0,0.0,0.0,0.0,0.0,0.0,0.0,0.0,9403716.0
Q76E23_1718_H3N4F1Pen1,0.0,0.0,0.0,0.0,0.0,0.0,0.0,870516.6,0.0,0.0,5318880.0,0.0,0.0,0.0,0.0,0.0,0.0,0.0
Q76E23_1718_H4N4F2Pen1,0.0,0.0,0.0,0.0,0.0,0.0,0.0,0.0,0.0,3723107.0,0.0,0.0,0.0,0.0,0.0,0.0,0.0,0.0
Q76E23_1718_H7N2,0.0,0.0,0.0,0.0,0.0,0.0,0.0,0.0,0.0,0.0,0.0,0.0,4775926.0,0.0,3149651.0,0.0,0.0,0.0
Q7EYV7_379_H3N4Pen1,0.0,0.0,0.0,0.0,0.0,0.0,0.0,0.0,0.0,29927480.0,0.0,0.0,0.0,0.0,0.0,0.0,0.0,0.0
Q7F1X5_488_H3N2Pen1,0.0,0.0,4893015.0,0.0,0.0,0.0,0.0,0.0,0.0,0.0,0.0,0.0,0.0,0.0,0.0,0.0,0.0,0.0
Q7F2L3_77_H6N2,381408.1,0.0,0.0,4460046.0,0.0,0.0,0.0,0.0,0.0,0.0,0.0,0.0,0.0,0.0,0.0,0.0,0.0,0.0
Q7F2Z1_169_H3N2F1Pen1,0.0,0.0,0.0,0.0,0.0,0.0,0.0,0.0,0.0,0.0,0.0,0.0,0.0,0.0,0.0,23656790.0,0.0,0.0
Q7F757_73_H3N2F1Pen1,0.0,0.0,0.0,0.0,0.0,0.0,0.0,0.0,0.0,0.0,0.0,0.0,0.0,0.0,0.0,0.0,0.0,53656500.0
Q7FB56_821_H3N4F1Pen1,0.0,0.0,0.0,8632469.0,0.0,0.0,0.0,0.0,0.0,0.0,0.0,0.0,0.0,0.0,0.0,0.0,0.0,0.0
Q7FB56_821_H4N4F2Pen1,0.0,0.0,0.0,0.0,9162446.0,0.0,0.0,0.0,0.0,0.0,0.0,0.0,0.0,0.0,0.0,0.0,0.0,0.0
Q7FGZ2_373_H6N2,0.0,0.0,0.0,0.0,0.0,0.0,0.0,0.0,0.0,0.0,3132709.0,0.0,0.0,0.0,0.0,0.0,0.0,0.0
Q7FZR1_429_H3N2Pen1,7955528.0,0.0,0.0,0.0,0.0,0.0,0.0,0.0,0.0,0.0,0.0,0.0,0.0,0.0,0.0,0.0,0.0,0.0
Q7FZR1_47_H3N2F1Pen1,0.0,0.0,0.0,0.0,0.0,0.0,0.0,0.0,0.0,0.0,0.0,0.0,2177009.0,0.0,0.0,659589.4,0.0,0.0
Q7G191_153_H3N4F1Pen1,0.0,0.0,0.0,0.0,0.0,0.0,0.0,0.0,0.0,0.0,0.0,0.0,3950583.0,0.0,0.0,0.0,0.0,0.0
Q7G191_33_H3N3F1Pen1,0.0,0.0,109385.7,0.0,0.0,8323339.0,0.0,0.0,0.0,0.0,4863492.0,0.0,0.0,0.0,0.0,0.0,0.0,0.0
Q7G191_995_H3N4F1Pen1,0.0,9394350.0,0.0,0.0,0.0,0.0,0.0,0.0,0.0,0.0,0.0,0.0,0.0,0.0,0.0,0.0,0.0,0.0
Q7G193_161_H3N3F1Pen1,0.0,0.0,0.0,0.0,0.0,0.0,3044893.0,0.0,0.0,0.0,0.0,0.0,0.0,0.0,0.0,0.0,0.0,0.0
Q7G193_161_H3N4F1Pen1,0.0,0.0,0.0,0.0,0.0,0.0,0.0,2550624.0,0.0,0.0,0.0,0.0,0.0,0.0,0.0,0.0,0.0,0.0
Q7G193_161_H4N2Pen1,0.0,0.0,0.0,0.0,0.0,0.0,0.0,0.0,0.0,0.0,0.0,0.0,0.0,15318460.0,0.0,0.0,4117341.0,0.0
Q7G193_161_H4N4Pen1,0.0,0.0,0.0,0.0,0.0,0.0,0.0,9444215.0,0.0,0.0,7247041.0,0.0,0.0,0.0,0.0,0.0,0.0,0.0
Q7G8V2_63_H3N4F1Pen1,0.0,0.0,18138320.0,0.0,0.0,0.0,0.0,0.0,0.0,0.0,0.0,0.0,0.0,0.0,0.0,0.0,0.0,0.0
Q7IS11_395_H3N3F1Pen1,0.0,0.0,0.0,0.0,0.0,0.0,0.0,0.0,0.0,0.0,0.0,0.0,0.0,0.0,2199645.0,0.0,0.0,64587610.0
Q7IS11_395_H4N3Pen1,0.0,0.0,0.0,0.0,0.0,0.0,0.0,0.0,0.0,0.0,0.0,0.0,0.0,0.0,0.0,0.0,24120900.0,0.0
Q7IS11_70_H4N3Pen1,0.0,0.0,0.0,0.0,0.0,0.0,0.0,0.0,0.0,0.0,0.0,0.0,5496120.0,0.0,0.0,624776.6,0.0,0.0
Q7PC71_417_H3N2F1Pen1,0.0,0.0,0.0,0.0,0.0,0.0,0.0,0.0,0.0,0.0,0.0,0.0,659156.4,0.0,0.0,21880690.0,0.0,0.0
Q7PC76_146_H3N2F1Pen1,0.0,0.0,0.0,0.0,0.0,0.0,0.0,3064755.0,0.0,0.0,38038180.0,0.0,0.0,0.0,0.0,0.0,0.0,0.0
Q7PC79_982_H8N2,0.0,0.0,15819620.0,0.0,0.0,1260005.0,0.0,0.0,0.0,0.0,0.0,0.0,0.0,0.0,0.0,0.0,0.0,0.0
Q7PC80_941_H3N4F1Pen1,0.0,0.0,0.0,0.0,0.0,0.0,0.0,0.0,0.0,0.0,0.0,0.0,0.0,0.0,7489847.0,0.0,0.0,7001070.0
Q7PC87_924_H3N2F1Pen1,198413.0,0.0,0.0,4339103.0,0.0,0.0,0.0,0.0,0.0,0.0,0.0,0.0,0.0,0.0,0.0,0.0,0.0,0.0
Q7X659_441_H3N2F1Pen1,0.0,0.0,0.0,0.0,0.0,0.0,0.0,0.0,0.0,0.0,0.0,0.0,0.0,0.0,0.0,0.0,1764234.0,0.0
Q7X660_27_H3N3F1Pen1,0.0,0.0,0.0,0.0,0.0,0.0,0.0,0.0,2328396.0,0.0,0.0,0.0,0.0,0.0,0.0,0.0,0.0,0.0
Q7X660_27_H4N3F1Pen1,1827713.0,0.0,0.0,0.0,0.0,0.0,0.0,0.0,0.0,0.0,0.0,0.0,0.0,0.0,0.0,0.0,0.0,0.0
Q7X6A5_127_H3N2F1Pen1,0.0,0.0,0.0,0.0,0.0,0.0,0.0,0.0,0.0,0.0,0.0,0.0,0.0,0.0,0.0,5466831.0,0.0,0.0
Q7X6Y7_330_H6N2,0.0,0.0,0.0,0.0,0.0,0.0,0.0,0.0,0.0,0.0,0.0,6365227.0,0.0,0.0,0.0,0.0,0.0,0.0
Q7X6Y7_330_H8N2,0.0,6359803.0,0.0,0.0,1314838.0,0.0,0.0,0.0,0.0,0.0,0.0,61793220.0,0.0,1012800.0,0.0,0.0,34815640.0,0.0
Q7X7C4_381_H4N2Pen1,0.0,0.0,0.0,0.0,0.0,0.0,4552961.0,0.0,0.0,846419.7,0.0,0.0,0.0,0.0,0.0,0.0,0.0,0.0
Q7X7E9_249_H4N4F2Pen1,0.0,0.0,0.0,0.0,0.0,0.0,0.0,0.0,947235.8,0.0,0.0,14047260.0,0.0,0.0,0.0,0.0,0.0,0.0
Q7X7H4_192_H3N2F1Pen1,0.0,0.0,0.0,0.0,0.0,0.0,61144690.0,0.0,0.0,0.0,0.0,0.0,0.0,0.0,0.0,0.0,0.0,0.0
Q7X7H4_621_H3N3F1Pen1,0.0,0.0,0.0,0.0,0.0,0.0,0.0,0.0,0.0,0.0,11690220.0,0.0,0.0,0.0,0.0,0.0,0.0,0.0
Q7X843_298_H8N2,0.0,0.0,0.0,0.0,0.0,0.0,0.0,0.0,0.0,0.0,0.0,0.0,0.0,2943670.0,0.0,0.0,7212169.0,0.0
Q7X8B5_58_H9N2,0.0,0.0,0.0,0.0,0.0,0.0,0.0,0.0,0.0,0.0,7320156.0,0.0,0.0,0.0,0.0,0.0,0.0,0.0
Q7X8C5_315_H3N3F1Pen1,0.0,0.0,0.0,0.0,0.0,7646647.0,0.0,0.0,0.0,0.0,0.0,0.0,0.0,0.0,0.0,0.0,0.0,0.0
Q7X8C5_315_H4N3F1Pen1,0.0,0.0,184130.3,0.0,0.0,6258491.0,0.0,0.0,0.0,0.0,0.0,0.0,0.0,0.0,0.0,12955710.0,0.0,0.0
Q7X8R0_311_H3N2F1Pen1,0.0,0.0,0.0,0.0,23074830.0,0.0,0.0,0.0,0.0,0.0,0.0,0.0,0.0,462223.3,0.0,0.0,4579551.0,0.0
Q7X923_362_H3N4F1Pen1,0.0,0.0,0.0,0.0,0.0,0.0,0.0,9231995.0,0.0,0.0,0.0,0.0,0.0,0.0,0.0,0.0,0.0,0.0
Q7X9V2_25_H3N3F1Pen1,0.0,0.0,0.0,0.0,0.0,0.0,0.0,8037544.0,0.0,0.0,1542868.0,0.0,0.0,0.0,0.0,0.0,0.0,0.0
Q7X9V2_25_H8N2,0.0,0.0,0.0,0.0,0.0,0.0,0.0,0.0,2604601.0,0.0,0.0,1166059.0,0.0,0.0,0.0,0.0,0.0,0.0
Q7XA40_676_H3N3F1Pen1,0.0,5665537.0,5077637.0,0.0,515428.2,191742.4,0.0,0.0,0.0,0.0,0.0,0.0,0.0,0.0,0.0,0.0,0.0,0.0
Q7XCJ7_196_H7N2,0.0,0.0,0.0,0.0,0.0,0.0,0.0,0.0,0.0,0.0,0.0,0.0,0.0,0.0,0.0,0.0,0.0,10978150.0
Q7XEM4_438_H7N2,0.0,0.0,0.0,0.0,0.0,0.0,0.0,0.0,0.0,0.0,0.0,0.0,0.0,0.0,0.0,16626710.0,0.0,0.0
Q7XGM6_115_H7N2,0.0,0.0,0.0,0.0,0.0,0.0,0.0,0.0,0.0,0.0,0.0,0.0,0.0,0.0,0.0,5327619.0,0.0,0.0
Q7XIT1_259_H3N2F1Pen1,0.0,0.0,0.0,0.0,0.0,0.0,0.0,0.0,0.0,0.0,18515670.0,0.0,0.0,0.0,0.0,0.0,0.0,0.0
Q7XJN0_603_H3N2Pen1,0.0,0.0,0.0,4595045.0,0.0,0.0,120858.7,0.0,0.0,8504524.0,0.0,0.0,0.0,0.0,0.0,0.0,0.0,0.0
Q7XJR2_67_H3N2F1Pen1,0.0,0.0,0.0,0.0,0.0,0.0,0.0,0.0,17834060.0,0.0,0.0,17538930.0,0.0,0.0,0.0,0.0,0.0,0.0
Q7XJS0_236_H3N3F1Pen1,1026204.0,0.0,0.0,5909746.0,0.0,0.0,0.0,0.0,0.0,0.0,0.0,0.0,0.0,0.0,0.0,0.0,0.0,0.0
Q7XJS0_236_H4N3F1Pen1,0.0,0.0,0.0,0.0,0.0,0.0,0.0,0.0,0.0,0.0,0.0,0.0,0.0,0.0,9772271.0,0.0,0.0,16150320.0
Q7XJS0_236_H4N3F2Pen1,0.0,0.0,0.0,0.0,0.0,0.0,19062900.0,0.0,0.0,14053330.0,0.0,0.0,0.0,0.0,0.0,0.0,0.0,0.0
Q7XJS0_236_H4N4F1Pen1,3803257.0,0.0,0.0,2918187.0,0.0,0.0,0.0,0.0,0.0,0.0,0.0,0.0,0.0,0.0,0.0,0.0,0.0,0.0
Q7XJS0_236_H4N4F2Pen1,0.0,0.0,0.0,0.0,0.0,0.0,0.0,0.0,0.0,0.0,0.0,0.0,0.0,0.0,4070314.0,0.0,0.0,4960012.0
Q7XJS0_236_H5N4F3Pen1,0.0,0.0,0.0,0.0,0.0,0.0,0.0,0.0,19088040.0,0.0,0.0,24146130.0,11994990.0,0.0,0.0,16004070.0,0.0,0.0
Q7XKC8_199_H3N2F1Pen1,0.0,0.0,206951.8,0.0,0.0,9702056.0,0.0,0.0,0.0,0.0,0.0,41604040.0,0.0,0.0,0.0,0.0,0.0,0.0
Q7XMI0_222_H3N2F1Pen1,0.0,577676.6,0.0,0.0,6142250.0,0.0,0.0,0.0,0.0,0.0,0.0,0.0,0.0,0.0,0.0,0.0,0.0,0.0
Q7XMI0_222_H4N2Pen1,0.0,0.0,0.0,0.0,0.0,0.0,0.0,0.0,0.0,0.0,0.0,12105180.0,0.0,0.0,0.0,0.0,0.0,0.0
Q7XNX6_398_H8N2,0.0,0.0,0.0,0.0,0.0,0.0,0.0,0.0,0.0,0.0,0.0,0.0,0.0,0.0,1938504.0,0.0,0.0,219382.4
Q7XP59_39_H3N2F1Pen1,0.0,151282.4,0.0,0.0,5756517.0,0.0,0.0,0.0,0.0,0.0,0.0,0.0,0.0,0.0,0.0,0.0,0.0,0.0
Q7XPJ0_688_H3N2F1Pen1,0.0,0.0,0.0,0.0,0.0,0.0,0.0,0.0,0.0,0.0,0.0,0.0,0.0,0.0,6668861.0,0.0,0.0,10359450.0
Q7XQR9_596_H7N2,0.0,0.0,0.0,0.0,0.0,0.0,0.0,0.0,0.0,0.0,0.0,0.0,0.0,0.0,0.0,0.0,1846610.0,0.0
Q7XQT2_271_H3N2F1Pen1,5238183.0,0.0,0.0,12922430.0,0.0,0.0,0.0,0.0,0.0,0.0,0.0,0.0,0.0,0.0,0.0,0.0,0.0,0.0
Q7XR46_44_H3N4F1Pen1,0.0,0.0,0.0,0.0,0.0,0.0,0.0,0.0,0.0,0.0,0.0,0.0,0.0,0.0,8859213.0,0.0,0.0,610379.7
Q7XR46_44_H3N4Pen1,0.0,0.0,635067.4,0.0,0.0,0.0,0.0,0.0,0.0,0.0,0.0,0.0,0.0,0.0,0.0,0.0,0.0,0.0
Q7XR46_44_H4N4F2Pen1,0.0,0.0,0.0,0.0,0.0,0.0,0.0,0.0,0.0,0.0,0.0,0.0,0.0,3851012.0,0.0,0.0,643112.6,0.0
Q7XR46_44_H7N2,0.0,0.0,0.0,0.0,0.0,0.0,0.0,3352267.0,0.0,0.0,1470298.0,0.0,0.0,0.0,0.0,0.0,0.0,0.0
Q7XR52_356_H8N2,0.0,0.0,0.0,0.0,0.0,0.0,1214724.0,0.0,0.0,21243170.0,0.0,0.0,972330.9,0.0,0.0,7826378.0,0.0,0.0
Q7XR60_164_H6N2,7372269.0,0.0,0.0,128098.8,0.0,0.0,0.0,10634410.0,0.0,0.0,256427.1,0.0,5043803.0,0.0,0.0,0.0,0.0,0.0
Q7XR91_186_H4N2Pen1,0.0,0.0,0.0,0.0,50381390.0,0.0,0.0,0.0,0.0,34041040.0,0.0,0.0,0.0,0.0,0.0,0.0,0.0,0.0
Q7XR91_186_H4N3Pen1,136969.4,0.0,0.0,19794560.0,0.0,0.0,0.0,0.0,0.0,0.0,0.0,0.0,0.0,0.0,0.0,0.0,0.0,0.0
Q7XR91_186_H4N4Pen1,597687.8,0.0,0.0,55936010.0,0.0,0.0,3300821.0,856713.0,0.0,24401990.0,77639960.0,0.0,0.0,0.0,0.0,0.0,0.0,0.0
Q7XRX1_153_H3N4F1Pen1,0.0,29171200.0,0.0,0.0,19387660.0,0.0,0.0,0.0,0.0,0.0,0.0,0.0,0.0,0.0,0.0,0.0,0.0,0.0
Q7XRX1_153_H4N4F1Pen1,0.0,0.0,0.0,0.0,0.0,0.0,0.0,0.0,7488235.0,0.0,0.0,19217340.0,0.0,0.0,0.0,0.0,0.0,0.0
Q7XRX1_153_H4N4F2Pen1,0.0,0.0,0.0,0.0,0.0,0.0,0.0,0.0,0.0,0.0,0.0,0.0,0.0,7190186.0,0.0,0.0,15809800.0,0.0
Q7XS69_257_H3N2F1Pen1,0.0,0.0,0.0,0.0,0.0,0.0,3822369.0,0.0,0.0,9754463.0,0.0,0.0,0.0,0.0,0.0,0.0,0.0,0.0
Q7XSK2_275_H3N2F1Pen1,0.0,0.0,0.0,0.0,0.0,0.0,39120510.0,0.0,0.0,6251321.0,0.0,0.0,0.0,42661230.0,0.0,0.0,7879485.0,0.0
Q7XT07_101_H3N3F1Pen1,0.0,0.0,0.0,0.0,0.0,0.0,0.0,0.0,0.0,0.0,0.0,0.0,0.0,0.0,431118.4,0.0,0.0,5973071.0
Q7XT07_101_H8N2,6622025.0,0.0,0.0,14626290.0,0.0,0.0,0.0,0.0,34829990.0,0.0,0.0,95899950.0,0.0,0.0,0.0,0.0,0.0,0.0
Q7XTS4_598_H3N2F1Pen1,0.0,0.0,0.0,0.0,0.0,0.0,37970470.0,0.0,40955140.0,18529570.0,0.0,27765070.0,0.0,0.0,0.0,0.0,0.0,0.0
Q7XTS4_598_H4N2Pen1,0.0,0.0,0.0,0.0,13305590.0,0.0,0.0,0.0,0.0,0.0,0.0,0.0,0.0,6952219.0,0.0,0.0,3028698.0,0.0
Q7XTT4_424_H3N4F1Pen1,0.0,0.0,6083311.0,0.0,0.0,36176350.0,0.0,0.0,0.0,0.0,0.0,0.0,0.0,0.0,10525350.0,0.0,0.0,57805370.0
Q7XTT4_647_H3N3F1Pen1,0.0,0.0,0.0,0.0,0.0,0.0,0.0,0.0,0.0,0.0,0.0,0.0,0.0,0.0,0.0,0.0,0.0,4089372.0
Q7XUU0_287_H3N2F1Pen1,0.0,0.0,0.0,0.0,0.0,0.0,0.0,0.0,3793517.0,0.0,0.0,0.0,6660711.0,0.0,0.0,2290550.0,0.0,0.0
Q7XUV6_50_H3N3F1Pen1,0.0,0.0,0.0,0.0,0.0,0.0,0.0,0.0,0.0,0.0,0.0,0.0,0.0,10607090.0,0.0,0.0,2810729.0,0.0
Q7XW27_140_H7N2,1225465.0,0.0,0.0,4536829.0,0.0,0.0,0.0,0.0,0.0,0.0,5579580.0,0.0,0.0,0.0,0.0,0.0,0.0,0.0
Q7XWS7_1488_H3N4F1Pen1,0.0,9285351.0,0.0,0.0,2288302.0,0.0,0.0,0.0,0.0,0.0,0.0,0.0,0.0,0.0,0.0,0.0,0.0,0.0
Q7XZP5_54_H3N2F1Pen1,2676023.0,0.0,0.0,681893.6,0.0,0.0,0.0,0.0,0.0,0.0,0.0,0.0,0.0,0.0,0.0,0.0,0.0,0.0
Q7XZU0_1069_H3N2F1Pen1,0.0,0.0,30851540.0,0.0,0.0,2410570.0,0.0,0.0,0.0,0.0,0.0,0.0,0.0,0.0,0.0,0.0,0.0,0.0
Q7XZU0_71_H3N4F1Pen1,0.0,0.0,0.0,0.0,0.0,0.0,0.0,0.0,0.0,0.0,0.0,0.0,0.0,2823615.0,0.0,0.0,918781.7,0.0
Q7XZU3_6_H8N2,0.0,0.0,0.0,0.0,0.0,0.0,0.0,0.0,0.0,0.0,0.0,0.0,1597724.0,0.0,0.0,3937000.0,0.0,0.0
Q7Y030_373_H3N2F1Pen1,0.0,0.0,0.0,0.0,0.0,0.0,0.0,0.0,0.0,0.0,0.0,0.0,27792450.0,0.0,0.0,61932500.0,0.0,0.0
Q7Y0E8_166_H3N2F1Pen1,0.0,0.0,19328310.0,0.0,0.0,0.0,0.0,0.0,0.0,0.0,0.0,0.0,0.0,0.0,0.0,0.0,0.0,0.0
Q7Y0V9_182_H8N2,0.0,0.0,115697000.0,0.0,0.0,11553130.0,0.0,0.0,0.0,0.0,0.0,0.0,0.0,0.0,0.0,0.0,0.0,0.0
Q7Y180_246_H3N2F1Pen1,766864.7,0.0,135933.3,24745510.0,0.0,24259120.0,0.0,0.0,0.0,0.0,0.0,0.0,0.0,0.0,0.0,0.0,0.0,0.0
Q7Y214_28_H3N4F1Pen1,0.0,0.0,0.0,0.0,0.0,0.0,0.0,0.0,0.0,0.0,14484860.0,0.0,0.0,0.0,0.0,0.0,0.0,0.0
Q7Y219_847_H4N3Pen1,0.0,0.0,0.0,0.0,0.0,0.0,0.0,0.0,13237660.0,0.0,0.0,1512629.0,0.0,0.0,0.0,0.0,0.0,0.0
Q7Y219_906_H9N2,0.0,0.0,0.0,7948644.0,0.0,0.0,0.0,0.0,0.0,0.0,0.0,0.0,0.0,0.0,0.0,0.0,0.0,0.0
Q7YJH1_518_H3N2Pen1,0.0,0.0,0.0,0.0,0.0,0.0,0.0,0.0,0.0,0.0,0.0,4201531.0,0.0,0.0,0.0,0.0,0.0,0.0
Q7YJH1_518_H8N2,0.0,0.0,10930400.0,0.0,0.0,1175572.0,0.0,0.0,0.0,0.0,0.0,0.0,0.0,0.0,0.0,0.0,0.0,0.0
Q7YJT6_464_H3N2Pen1,7248419.0,0.0,0.0,297353.8,0.0,0.0,0.0,0.0,6540172.0,0.0,0.0,0.0,5044421.0,0.0,2452622.0,270422.8,0.0,153296.4
Q7YJY0_888_H3N2F1Pen1,17869150.0,0.0,14154740.0,15278890.0,0.0,14953390.0,0.0,0.0,20574210.0,0.0,0.0,34997130.0,15968490.0,0.0,13950060.0,20055040.0,0.0,21362690.0
Q7YJY0_888_H3N3F1Pen1,0.0,0.0,0.0,0.0,0.0,0.0,0.0,0.0,0.0,0.0,0.0,0.0,0.0,0.0,5802546.0,0.0,0.0,17255350.0
Q7YJY0_888_H6N2,0.0,0.0,0.0,0.0,0.0,0.0,17355320.0,18980300.0,0.0,1344895.0,3371296.0,0.0,0.0,0.0,14967890.0,0.0,0.0,4503938.0
Q7YJY0_953_H8N2,0.0,0.0,3523080.0,0.0,0.0,13915100.0,0.0,0.0,0.0,0.0,0.0,0.0,0.0,0.0,0.0,0.0,0.0,0.0
Q7YJZ1_412_H8N2,0.0,0.0,0.0,0.0,0.0,0.0,0.0,0.0,0.0,0.0,0.0,0.0,67222220.0,13350850.0,0.0,336839.8,0.0,0.0
Q7YKQ3_45_H3N3F1Pen1,3446732.0,0.0,0.0,0.0,0.0,0.0,0.0,0.0,0.0,0.0,0.0,0.0,0.0,0.0,0.0,0.0,0.0,0.0
Q7YKQ9_187_H3N2F1Pen1,0.0,0.0,161814.2,0.0,0.0,7733540.0,0.0,0.0,0.0,47257330.0,0.0,0.0,0.0,0.0,0.0,0.0,0.0,0.0
Q84J71_64_H3N4Pen1,297487.3,0.0,0.0,9747999.0,0.0,0.0,0.0,0.0,0.0,0.0,0.0,0.0,0.0,555144.8,0.0,0.0,12900700.0,0.0
Q84JE8_570_H7N2,0.0,0.0,0.0,0.0,0.0,0.0,0.0,675702.2,0.0,0.0,16206970.0,0.0,0.0,0.0,0.0,0.0,12130980.0,0.0
Q84JH7_39_H3N2F1Pen1,0.0,0.0,0.0,0.0,0.0,0.0,10652620.0,0.0,0.0,0.0,0.0,0.0,0.0,0.0,0.0,0.0,0.0,0.0
Q84JI0_326_H3N3F1Pen1,0.0,0.0,0.0,0.0,0.0,0.0,0.0,4555267.0,0.0,0.0,464765.4,0.0,0.0,0.0,0.0,0.0,0.0,0.0
Q84JL2_204_H8N2,0.0,0.0,0.0,0.0,0.0,0.0,0.0,0.0,0.0,0.0,0.0,0.0,66834290.0,0.0,0.0,4328746.0,0.0,0.0
Q84JQ8_107_H8N2,0.0,10082160.0,0.0,0.0,14015030.0,0.0,23632480.0,0.0,0.0,61977180.0,0.0,0.0,0.0,0.0,0.0,0.0,0.0,0.0
Q84JU6_287_H8N2,0.0,0.0,0.0,0.0,0.0,0.0,6232981.0,0.0,0.0,0.0,0.0,0.0,0.0,0.0,0.0,0.0,0.0,0.0
Q84K00_103_H4N4F1Pen1,0.0,0.0,0.0,0.0,0.0,0.0,0.0,0.0,0.0,9202517.0,0.0,0.0,0.0,0.0,0.0,0.0,0.0,0.0
Q84K25_518_H3N3F1Pen1,0.0,0.0,6850462.0,0.0,0.0,0.0,0.0,0.0,0.0,0.0,0.0,0.0,0.0,0.0,26795840.0,0.0,0.0,1613969.0
Q84KG5_409_H3N2F1Pen1,0.0,0.0,0.0,0.0,0.0,0.0,0.0,0.0,0.0,0.0,0.0,0.0,0.0,0.0,0.0,0.0,0.0,31251420.0
Q84KG5_409_H3N3F1Pen1,8408142.0,0.0,0.0,11203210.0,0.0,0.0,0.0,0.0,0.0,0.0,0.0,0.0,0.0,0.0,0.0,0.0,0.0,0.0
Q84KG5_409_H4N3F1Pen1,0.0,0.0,4960792.0,0.0,0.0,16020740.0,0.0,0.0,0.0,0.0,0.0,0.0,0.0,12885320.0,0.0,0.0,7586231.0,0.0
Q84KJ5_209_H3N3F1Pen1,0.0,0.0,0.0,0.0,0.0,0.0,0.0,1661954.0,0.0,0.0,5026482.0,0.0,0.0,0.0,0.0,0.0,0.0,0.0
Q84KK6_240_H3N2F1Pen1,0.0,0.0,0.0,0.0,0.0,0.0,0.0,0.0,0.0,0.0,0.0,0.0,0.0,0.0,0.0,0.0,3496792.0,0.0
Q84KL6_176_H7N2,0.0,0.0,0.0,0.0,0.0,0.0,7474670.0,0.0,0.0,1543923.0,0.0,0.0,0.0,0.0,0.0,0.0,0.0,0.0
Q84KL6_176_H8N2,0.0,0.0,0.0,0.0,0.0,0.0,0.0,0.0,61062630.0,0.0,0.0,15276030.0,0.0,0.0,2080919.0,0.0,0.0,3497310.0
Q84KL6_176_H9N2,0.0,0.0,0.0,0.0,0.0,0.0,4641407.0,0.0,0.0,976440.8,0.0,0.0,0.0,0.0,0.0,0.0,0.0,0.0
Q84LB6_206_H3N3F1Pen1,0.0,0.0,0.0,0.0,0.0,0.0,693993.1,0.0,0.0,8936588.0,0.0,0.0,0.0,0.0,0.0,0.0,0.0,0.0
Q84M85_18_H3N2F1Pen1,0.0,0.0,0.0,0.0,0.0,0.0,0.0,0.0,0.0,0.0,0.0,0.0,0.0,0.0,0.0,0.0,0.0,45942160.0
Q84M89_507_H3N2Pen1,0.0,6877472.0,0.0,0.0,151624.0,0.0,0.0,0.0,0.0,0.0,0.0,0.0,0.0,0.0,0.0,0.0,0.0,0.0
Q84MA1_109_H3N4F1Pen1,0.0,0.0,0.0,0.0,0.0,0.0,0.0,0.0,0.0,0.0,0.0,10077830.0,0.0,0.0,0.0,0.0,0.0,0.0
Q84MA1_410_H3N3F1Pen1,0.0,0.0,0.0,0.0,0.0,0.0,5362379.0,0.0,0.0,31266360.0,0.0,0.0,0.0,0.0,0.0,0.0,0.0,0.0
Q84MA2_326_H3N4F1Pen1,0.0,0.0,0.0,0.0,0.0,0.0,0.0,0.0,3643499.0,0.0,0.0,0.0,0.0,0.0,0.0,0.0,0.0,0.0
Q84MA2_326_H4N4F2Pen1,0.0,0.0,0.0,0.0,0.0,0.0,0.0,0.0,9595625.0,0.0,0.0,0.0,0.0,0.0,0.0,0.0,0.0,0.0
Q84MA3_38_H3N2F1Pen1,6724631.0,0.0,0.0,29365620.0,0.0,0.0,0.0,0.0,0.0,0.0,0.0,0.0,0.0,0.0,0.0,0.0,0.0,0.0
Q84MA9_628_H1N2,0.0,0.0,0.0,0.0,0.0,0.0,0.0,5676082.0,0.0,0.0,1625972.0,0.0,0.0,0.0,0.0,0.0,0.0,0.0
Q84MD2_66_H3N2F1Pen1,0.0,0.0,0.0,0.0,0.0,0.0,7470557.0,0.0,0.0,283214.9,0.0,0.0,0.0,0.0,0.0,0.0,0.0,0.0
Q84MH1_219_H3N2F1Pen1,0.0,0.0,0.0,0.0,37383990.0,0.0,0.0,0.0,0.0,87055180.0,0.0,0.0,0.0,0.0,0.0,0.0,27700590.0,0.0
Q84MH1_219_H3N2Pen1,0.0,0.0,0.0,0.0,0.0,0.0,0.0,0.0,0.0,14955070.0,22109040.0,0.0,0.0,0.0,0.0,0.0,13527450.0,0.0
Q84N49_510_H3N2F1Pen1,0.0,0.0,0.0,0.0,0.0,0.0,0.0,0.0,0.0,0.0,0.0,0.0,0.0,0.0,0.0,5004476.0,0.0,0.0
Q84P23_558_H3N2F1Pen1,0.0,0.0,0.0,0.0,0.0,0.0,5421416.0,0.0,0.0,0.0,0.0,0.0,9248416.0,0.0,0.0,0.0,0.0,0.0
Q84P25_408_H4N4F2Pen1,0.0,0.0,0.0,0.0,0.0,0.0,0.0,0.0,0.0,0.0,0.0,0.0,0.0,0.0,0.0,0.0,7528699.0,0.0
Q84P53_83_H3N2F1Pen1,0.0,0.0,0.0,0.0,0.0,0.0,9866281.0,0.0,0.0,0.0,0.0,0.0,0.0,0.0,0.0,0.0,0.0,0.0
Q84PB3_401_H3N2Pen1,0.0,0.0,0.0,0.0,0.0,0.0,0.0,0.0,0.0,0.0,0.0,0.0,0.0,0.0,0.0,0.0,12076430.0,0.0
Q84PB3_401_H3N3F1Pen1,0.0,0.0,0.0,34541420.0,0.0,0.0,0.0,0.0,0.0,0.0,0.0,0.0,0.0,0.0,0.0,0.0,0.0,0.0
Q84Q51_342_H3N2F1Pen1,0.0,0.0,0.0,21978440.0,0.0,0.0,0.0,0.0,0.0,0.0,0.0,0.0,0.0,0.0,0.0,0.0,0.0,0.0
Q84QM3_691_H7N2,0.0,0.0,0.0,0.0,0.0,0.0,0.0,2113644.0,0.0,0.0,0.0,0.0,0.0,0.0,0.0,0.0,0.0,0.0
Q84R49_216_H3N2F1Pen1,0.0,0.0,0.0,0.0,0.0,0.0,0.0,0.0,4589151.0,0.0,0.0,11112190.0,0.0,0.0,0.0,0.0,0.0,0.0
Q84RE1_220_H3N3F1Pen1,0.0,5199847.0,0.0,0.0,0.0,0.0,0.0,0.0,0.0,0.0,0.0,0.0,0.0,0.0,0.0,0.0,0.0,0.0
Q84T03_115_H3N4F1Pen1,0.0,0.0,41586540.0,0.0,0.0,3583434.0,0.0,0.0,0.0,0.0,0.0,0.0,0.0,0.0,0.0,0.0,0.0,0.0
Q84T03_167_H3N3F1Pen1,0.0,7617407.0,8730746.0,0.0,672684.2,1651148.0,0.0,0.0,0.0,0.0,0.0,0.0,0.0,0.0,0.0,0.0,0.0,0.0
Q84T03_393_H3N2F1Pen1,0.0,0.0,0.0,0.0,0.0,0.0,0.0,0.0,0.0,0.0,0.0,16031500.0,0.0,0.0,0.0,7904271.0,0.0,0.0
Q84T03_393_H3N2Pen1,0.0,0.0,0.0,0.0,0.0,0.0,0.0,0.0,0.0,30645980.0,0.0,0.0,0.0,0.0,0.0,0.0,0.0,0.0
Q84T03_393_H5N2,0.0,0.0,0.0,0.0,0.0,0.0,0.0,0.0,0.0,0.0,3718741.0,0.0,0.0,0.0,0.0,0.0,2209945.0,0.0
Q84T08_42_H3N2F1Pen1,0.0,0.0,0.0,0.0,0.0,0.0,0.0,3703518.0,0.0,0.0,2074365.0,0.0,5577871.0,0.0,0.0,3349858.0,0.0,0.0
Q84TB3_3_H8N2,0.0,0.0,0.0,0.0,0.0,0.0,3908581.0,0.0,0.0,8872659.0,0.0,0.0,0.0,0.0,0.0,0.0,0.0,0.0
Q84TB6_3_H3N2F1Pen1,0.0,0.0,113823.8,0.0,0.0,5713794.0,0.0,0.0,0.0,0.0,0.0,0.0,0.0,0.0,0.0,0.0,0.0,0.0
Q84TG1_28_H3N2F1Pen1,0.0,0.0,0.0,0.0,0.0,0.0,0.0,0.0,0.0,0.0,0.0,0.0,0.0,0.0,11568890.0,0.0,0.0,0.0
Q84TG3_131_H3N2F1Pen1,0.0,0.0,0.0,0.0,0.0,0.0,0.0,0.0,0.0,0.0,7207153.0,0.0,0.0,0.0,0.0,0.0,0.0,0.0
Q84TG3_131_H3N3F1Pen1,0.0,0.0,0.0,0.0,0.0,0.0,0.0,0.0,0.0,0.0,16168250.0,7646682.0,0.0,0.0,0.0,0.0,0.0,0.0
Q84TG3_131_H3N4F1Pen1,0.0,0.0,0.0,0.0,0.0,0.0,0.0,0.0,0.0,16057370.0,0.0,0.0,0.0,0.0,0.0,0.0,0.0,0.0
Q84TH5_122_H6N2,0.0,0.0,173953.3,0.0,0.0,1513735.0,0.0,0.0,0.0,0.0,0.0,0.0,0.0,0.0,0.0,0.0,6616983.0,0.0
Q84TH9_813_H3N3F1Pen1,0.0,0.0,0.0,0.0,0.0,0.0,0.0,0.0,0.0,0.0,0.0,0.0,0.0,0.0,8337289.0,0.0,0.0,1872012.0
Q84TI3_756_H8N2,0.0,0.0,0.0,0.0,0.0,0.0,0.0,0.0,8226119.0,0.0,0.0,1953068.0,0.0,0.0,0.0,0.0,0.0,0.0
Q84TI3_809_H6N2,0.0,0.0,0.0,0.0,0.0,1297840.0,0.0,0.0,0.0,0.0,0.0,0.0,0.0,0.0,0.0,0.0,0.0,0.0
Q84TJ0_146_H3N3F1Pen1,0.0,0.0,0.0,0.0,0.0,0.0,4801628.0,0.0,0.0,1554835.0,0.0,0.0,0.0,0.0,0.0,0.0,0.0,0.0
Q84TJ0_193_H4N3Pen1,0.0,0.0,0.0,0.0,0.0,0.0,0.0,0.0,0.0,0.0,0.0,0.0,0.0,13827320.0,0.0,0.0,1318519.0,0.0
Q84TV3_15_H8N2,0.0,0.0,0.0,0.0,96725050.0,0.0,0.0,0.0,0.0,0.0,0.0,0.0,0.0,0.0,0.0,0.0,0.0,0.0
Q84UB4_302_H2N3F2Pen1,0.0,0.0,0.0,0.0,0.0,0.0,0.0,26302820.0,0.0,0.0,0.0,0.0,16360240.0,0.0,0.0,0.0,0.0,0.0
Q84UB4_302_H3N3F1Pen1,0.0,0.0,0.0,0.0,0.0,0.0,0.0,0.0,0.0,0.0,0.0,0.0,3749227.0,0.0,0.0,2791799.0,0.0,0.0
Q84V22_231_H9N2,0.0,0.0,0.0,0.0,0.0,0.0,0.0,0.0,0.0,0.0,0.0,0.0,0.0,0.0,321362.5,0.0,0.0,6003188.0
Q84V22_271_H3N2F1Pen1,0.0,0.0,0.0,0.0,0.0,0.0,0.0,0.0,0.0,0.0,0.0,0.0,0.0,0.0,22356260.0,0.0,0.0,0.0
Q84VG7_321_H6N2,0.0,0.0,0.0,0.0,2292669.0,0.0,0.0,0.0,0.0,0.0,0.0,3589789.0,0.0,0.0,0.0,0.0,0.0,0.0
Q84VQ0_146_H3N2F1Pen1,0.0,0.0,0.0,0.0,0.0,0.0,0.0,4033729.0,0.0,0.0,0.0,0.0,0.0,0.0,0.0,0.0,0.0,0.0
Q84VW9_915_H6N2,0.0,0.0,144392.0,0.0,0.0,2265596.0,0.0,0.0,0.0,0.0,0.0,0.0,0.0,0.0,0.0,0.0,0.0,0.0
Q84W41_333_H3N2Pen1,1487612.0,0.0,4682813.0,179396.8,0.0,0.0,0.0,0.0,0.0,0.0,0.0,0.0,0.0,0.0,0.0,0.0,0.0,0.0
Q84WM0_11_H6N2,0.0,0.0,0.0,59397630.0,23635360.0,0.0,0.0,0.0,0.0,0.0,0.0,58650380.0,0.0,0.0,0.0,0.0,0.0,0.0
Q84WP3_546_H3N2F1Pen1,0.0,0.0,0.0,0.0,0.0,0.0,0.0,0.0,0.0,0.0,0.0,0.0,13095370.0,0.0,0.0,0.0,0.0,0.0
Q84WP3_546_H3N4F1Pen1,0.0,0.0,0.0,0.0,0.0,0.0,0.0,38363260.0,0.0,0.0,0.0,0.0,0.0,0.0,14656170.0,0.0,0.0,543925.2
Q84WP3_546_H3N4Pen1,0.0,0.0,6648268.0,0.0,0.0,2248717.0,0.0,0.0,0.0,0.0,0.0,0.0,0.0,0.0,0.0,0.0,0.0,0.0
Q84WP3_546_H4N4F1Pen1,0.0,0.0,0.0,0.0,0.0,0.0,0.0,0.0,0.0,0.0,0.0,0.0,0.0,25073080.0,0.0,0.0,0.0,0.0
Q84WP3_546_H5N4F1Pen1,0.0,0.0,0.0,0.0,0.0,0.0,0.0,0.0,11651940.0,0.0,0.0,4301351.0,0.0,0.0,0.0,0.0,0.0,0.0
Q84WP3_546_H5N4F2Pen1,0.0,0.0,0.0,0.0,0.0,0.0,0.0,0.0,4909887.0,0.0,0.0,0.0,7977691.0,0.0,0.0,0.0,0.0,0.0
Q84WP3_546_H5N4F3Pen1,0.0,0.0,0.0,0.0,0.0,0.0,0.0,20156870.0,0.0,0.0,397088.8,0.0,0.0,17548050.0,0.0,0.0,0.0,0.0
Q84WP3_546_H6N4F1Pen1,0.0,0.0,0.0,0.0,0.0,0.0,0.0,0.0,0.0,0.0,0.0,0.0,4796775.0,0.0,0.0,3189255.0,0.0,0.0
Q84WP6_323_H3N2F1Pen1,0.0,0.0,0.0,0.0,0.0,0.0,0.0,0.0,0.0,0.0,0.0,78663170.0,0.0,0.0,0.0,48128920.0,0.0,0.0
Q84WQ5_87_H3N2F1Pen1,0.0,0.0,0.0,0.0,0.0,0.0,0.0,56944910.0,0.0,0.0,0.0,0.0,0.0,0.0,0.0,0.0,0.0,0.0
Q84WT5_197_H3N2F1Pen1,0.0,0.0,12923000.0,0.0,0.0,0.0,0.0,0.0,0.0,0.0,0.0,0.0,0.0,0.0,0.0,0.0,0.0,0.0
Q84WV1_252_H8N2,0.0,0.0,224437.6,0.0,0.0,6469885.0,0.0,0.0,0.0,0.0,0.0,0.0,0.0,0.0,0.0,0.0,0.0,0.0
Q84WV2_187_H4N3Pen1,0.0,0.0,0.0,0.0,0.0,0.0,0.0,0.0,0.0,0.0,0.0,0.0,0.0,7025793.0,0.0,0.0,7656935.0,0.0
Q84WV2_501_H3N2F1Pen1,0.0,0.0,0.0,0.0,0.0,0.0,39113780.0,0.0,0.0,0.0,0.0,0.0,0.0,0.0,0.0,0.0,0.0,0.0
Q84WV2_501_H3N4F1Pen1,0.0,0.0,0.0,0.0,0.0,0.0,0.0,59513130.0,0.0,0.0,0.0,0.0,0.0,34324940.0,0.0,0.0,1850392.0,0.0
Q84WV8_6_H7N3,0.0,0.0,0.0,0.0,0.0,0.0,0.0,0.0,0.0,0.0,0.0,0.0,0.0,0.0,0.0,0.0,0.0,21056560.0
Q84X02_310_H10N2,0.0,0.0,0.0,0.0,0.0,0.0,0.0,0.0,0.0,0.0,0.0,0.0,0.0,0.0,23973330.0,0.0,0.0,1920777.0
Q84X02_310_H3N3F1Pen1,0.0,0.0,0.0,0.0,0.0,0.0,0.0,0.0,0.0,5991605.0,0.0,0.0,0.0,0.0,0.0,0.0,0.0,0.0
Q84ZL0_1597_H3N2F1Pen1,0.0,0.0,0.0,0.0,0.0,0.0,0.0,1489869.0,0.0,0.0,10540670.0,0.0,2659353.0,0.0,0.0,13787700.0,0.0,0.0
Q84ZL0_237_H4N3Pen1,0.0,0.0,0.0,0.0,0.0,0.0,960754.8,0.0,504958.6,1022871.0,0.0,1969089.0,0.0,0.0,0.0,0.0,0.0,0.0
Q84ZT0_48_H3N2F1Pen1,0.0,0.0,0.0,0.0,0.0,0.0,0.0,0.0,0.0,0.0,0.0,0.0,0.0,436655.3,0.0,0.0,17023920.0,0.0
Q84ZT0_48_H3N4F1Pen1,0.0,0.0,0.0,0.0,0.0,0.0,3158412.0,0.0,0.0,13372210.0,0.0,0.0,2856153.0,0.0,0.0,5827560.0,0.0,0.0
Q84ZT0_48_H5N4F3Pen1,0.0,0.0,0.0,0.0,0.0,0.0,0.0,1413020.0,0.0,0.0,12056840.0,0.0,0.0,0.0,0.0,0.0,0.0,0.0
Q84ZT0_48_H6N4F2Pen1,0.0,0.0,3172165.0,0.0,0.0,7542103.0,0.0,0.0,0.0,0.0,0.0,0.0,0.0,0.0,0.0,0.0,0.0,0.0
Q84ZT0_48_H8N2,0.0,0.0,0.0,0.0,0.0,0.0,0.0,4768909.0,0.0,0.0,16541250.0,0.0,0.0,0.0,0.0,0.0,0.0,0.0
Q84ZT9_55_H7N2,0.0,0.0,0.0,0.0,0.0,4752722.0,0.0,0.0,0.0,0.0,0.0,0.0,0.0,0.0,0.0,0.0,0.0,0.0
Q850K7_27_H8N2,708063.5,0.0,0.0,13326660.0,0.0,0.0,0.0,0.0,0.0,0.0,0.0,0.0,0.0,0.0,0.0,0.0,0.0,0.0
Q851V5_51_H4N4F1Pen1,0.0,0.0,0.0,0.0,0.0,0.0,0.0,0.0,0.0,0.0,0.0,0.0,0.0,8158986.0,0.0,0.0,122903.1,0.0
Q851V5_51_H4N4F2Pen1,0.0,0.0,0.0,0.0,0.0,0.0,0.0,0.0,6988243.0,0.0,0.0,0.0,0.0,0.0,0.0,0.0,0.0,0.0
Q859W7_101_H3N2F1Pen1,0.0,0.0,0.0,0.0,0.0,0.0,0.0,0.0,0.0,0.0,0.0,0.0,0.0,0.0,48211220.0,0.0,0.0,33034300.0
Q859W7_1491_H4N2Pen1,0.0,0.0,0.0,0.0,0.0,0.0,0.0,0.0,0.0,0.0,0.0,2835324.0,0.0,0.0,0.0,0.0,0.0,0.0
Q859W7_1600_H4N4F1Pen1,0.0,0.0,0.0,0.0,0.0,0.0,0.0,0.0,0.0,14635730.0,0.0,0.0,0.0,0.0,0.0,0.0,0.0,0.0
Q85A78_14_H3N2F1Pen1,0.0,0.0,63700150.0,0.0,0.0,44521500.0,0.0,21961770.0,0.0,0.0,11999710.0,0.0,0.0,0.0,0.0,0.0,0.0,0.0
Q85AX4_120_H8N2,0.0,0.0,0.0,0.0,0.0,0.0,0.0,0.0,0.0,0.0,0.0,0.0,5837345.0,0.0,0.0,1312028.0,0.0,0.0
Q85B60_777_H3N2F1Pen1,0.0,0.0,0.0,0.0,0.0,0.0,0.0,3951862.0,0.0,0.0,1046972.0,0.0,0.0,0.0,0.0,0.0,0.0,0.0
Q85BG0_497_H3N2F1Pen1,4878858.0,0.0,0.0,9028316.0,0.0,0.0,0.0,0.0,3498101.0,0.0,0.0,9816177.0,0.0,0.0,0.0,0.0,0.0,0.0
Q85BK3_25_H3N3F1Pen1,0.0,0.0,0.0,0.0,0.0,0.0,0.0,0.0,0.0,0.0,0.0,0.0,0.0,0.0,2619024.0,0.0,0.0,0.0
Q85BK3_25_H3N4F1Pen1,0.0,0.0,0.0,0.0,0.0,0.0,0.0,0.0,0.0,0.0,0.0,0.0,9105366.0,0.0,0.0,313510.6,0.0,0.0
Q85CH6_4_H3N3F1Pen1,0.0,0.0,0.0,0.0,0.0,0.0,0.0,4489206.0,0.0,0.0,4189368.0,0.0,0.0,0.0,0.0,0.0,0.0,0.0
Q85CT4_110_H3N2F1Pen1,0.0,0.0,0.0,0.0,0.0,0.0,0.0,0.0,5566990.0,0.0,0.0,42612470.0,0.0,0.0,9057925.0,0.0,0.0,58501360.0
Q85CU9_77_H3N2Pen1,0.0,0.0,0.0,0.0,10357490.0,0.0,0.0,0.0,0.0,0.0,0.0,0.0,0.0,0.0,0.0,0.0,0.0,0.0
Q85FG6_178_H4N4F1Pen1,0.0,0.0,0.0,0.0,0.0,0.0,30584620.0,0.0,0.0,62802580.0,0.0,0.0,0.0,0.0,42636690.0,0.0,0.0,98921380.0
Q85FL6_231_H4N4F2Pen1,6928243.0,0.0,0.0,876048.7,0.0,0.0,0.0,0.0,0.0,0.0,0.0,0.0,0.0,0.0,0.0,0.0,0.0,0.0
Q85FL7_25_H3N3F1Pen1,0.0,0.0,0.0,0.0,0.0,0.0,0.0,0.0,0.0,0.0,0.0,0.0,0.0,1247029.0,0.0,0.0,61879360.0,0.0
Q85FM7_331_H3N2F1Pen1,4870418.0,0.0,0.0,15060050.0,0.0,0.0,0.0,0.0,9445046.0,0.0,0.0,47688250.0,5855053.0,0.0,0.0,22619500.0,0.0,0.0
Q85FM9_11_H3N2Pen1,0.0,0.0,0.0,0.0,1468275.0,0.0,0.0,0.0,0.0,0.0,0.0,0.0,0.0,0.0,0.0,0.0,0.0,0.0
Q85FN8_76_H3N4F1Pen1,0.0,0.0,3024770.0,0.0,0.0,137997.1,0.0,0.0,0.0,0.0,0.0,0.0,0.0,0.0,0.0,0.0,0.0,0.0
Q85WV5_562_H10N2,0.0,0.0,0.0,0.0,0.0,0.0,0.0,24225660.0,0.0,0.0,4793710.0,0.0,0.0,0.0,0.0,0.0,0.0,0.0
Q85X21_130_H3N2F1Pen1,0.0,0.0,0.0,0.0,0.0,0.0,0.0,6623765.0,0.0,0.0,0.0,0.0,0.0,0.0,0.0,0.0,0.0,0.0
Q85X25_36_H3N2F1Pen1,0.0,0.0,0.0,0.0,0.0,0.0,0.0,0.0,0.0,0.0,0.0,11620590.0,0.0,0.0,0.0,0.0,0.0,0.0
Q85X29_230_H3N2F1Pen1,0.0,4793482.0,0.0,0.0,0.0,0.0,15783350.0,0.0,0.0,0.0,0.0,0.0,0.0,0.0,0.0,0.0,0.0,0.0
Q8GRL7_380_H3N2F1Pen1,0.0,0.0,0.0,0.0,0.0,0.0,0.0,0.0,17119410.0,0.0,0.0,0.0,0.0,0.0,0.0,0.0,0.0,0.0
Q8GRL7_380_H7N2,0.0,0.0,2203561.0,0.0,0.0,0.0,0.0,0.0,0.0,0.0,0.0,0.0,0.0,0.0,0.0,0.0,0.0,0.0
Q8GRU6_716_H9N2,0.0,0.0,0.0,0.0,0.0,0.0,0.0,0.0,0.0,0.0,0.0,3293904.0,0.0,0.0,0.0,0.0,0.0,0.0
Q8GS71_157_H9N2,0.0,0.0,0.0,0.0,0.0,0.0,3723496.0,0.0,0.0,0.0,0.0,0.0,0.0,0.0,0.0,0.0,0.0,0.0
Q8GT66_42_H3N2Pen1,3491927.0,0.0,0.0,0.0,0.0,0.0,0.0,0.0,0.0,0.0,0.0,0.0,0.0,0.0,0.0,0.0,0.0,0.0
Q8GTS1_178_H3N2Pen1,0.0,0.0,0.0,0.0,0.0,0.0,0.0,0.0,0.0,0.0,0.0,0.0,0.0,0.0,0.0,0.0,0.0,1211175.0
Q8GU83_824_H3N2Pen1,10949190.0,0.0,5319308.0,12221300.0,0.0,6888587.0,0.0,17844540.0,0.0,0.0,25381060.0,0.0,0.0,14265110.0,8445802.0,0.0,14551130.0,13319380.0
Q8GUE4_133_H8N2,0.0,0.0,0.0,0.0,0.0,0.0,0.0,0.0,0.0,0.0,0.0,0.0,0.0,0.0,0.0,3875793.0,0.0,0.0
Q8GUG9_279_H5N4F3Pen1,0.0,0.0,0.0,0.0,0.0,0.0,0.0,0.0,0.0,16854780.0,0.0,0.0,0.0,0.0,0.0,0.0,0.0,0.0
Q8GUK1_141_H3N3F1Pen1,0.0,0.0,0.0,0.0,0.0,0.0,10912410.0,0.0,0.0,0.0,0.0,0.0,0.0,0.0,0.0,0.0,0.0,0.0
Q8GUM4_334_H3N2F1Pen1,0.0,0.0,4372909.0,0.0,0.0,3561203.0,0.0,7413467.0,0.0,0.0,5637016.0,0.0,0.0,0.0,0.0,0.0,0.0,0.0
Q8GUM4_455_H7N2,4654940.0,0.0,0.0,0.0,0.0,0.0,0.0,0.0,0.0,0.0,0.0,0.0,0.0,6538638.0,0.0,0.0,683954.2,0.0
Q8GUM4_455_H8N2,0.0,0.0,0.0,0.0,0.0,0.0,0.0,0.0,0.0,0.0,0.0,0.0,0.0,29565370.0,0.0,0.0,4945993.0,0.0
Q8GUM5_371_H6N2,1350804.0,0.0,0.0,659146.8,0.0,0.0,0.0,0.0,0.0,0.0,0.0,0.0,0.0,0.0,0.0,0.0,0.0,0.0
Q8GUQ5_119_H3N3F1Pen1,0.0,0.0,174512500.0,0.0,0.0,0.0,0.0,253937500.0,0.0,0.0,0.0,0.0,120918100.0,0.0,0.0,0.0,0.0,0.0
Q8GUQ5_119_H3N3F2,0.0,0.0,509437.1,0.0,0.0,32750160.0,0.0,0.0,0.0,0.0,0.0,0.0,0.0,0.0,0.0,0.0,0.0,0.0
Q8GV94_78_H3N3F1Pen1,0.0,0.0,0.0,0.0,0.0,0.0,0.0,0.0,2239717.0,0.0,0.0,0.0,0.0,0.0,0.0,0.0,0.0,0.0
Q8GVE3_187_H3N2F1Pen1,23067600.0,0.0,0.0,0.0,0.0,0.0,0.0,0.0,0.0,0.0,0.0,0.0,0.0,0.0,0.0,0.0,0.0,0.0
Q8GVE3_187_H3N3F1Pen1,0.0,0.0,0.0,0.0,0.0,0.0,0.0,0.0,0.0,0.0,0.0,0.0,0.0,0.0,3685893.0,0.0,0.0,0.0
Q8GVE3_187_H3N4F1Pen1,0.0,0.0,0.0,0.0,0.0,0.0,0.0,0.0,0.0,0.0,0.0,0.0,0.0,3839905.0,0.0,0.0,0.0,0.0
Q8GVE3_187_H5N4F1Pen1,0.0,0.0,5947482.0,0.0,0.0,0.0,0.0,0.0,0.0,0.0,0.0,0.0,0.0,2699301.0,0.0,0.0,0.0,0.0
Q8GVE8_397_H3N3F1Pen1,0.0,0.0,0.0,0.0,0.0,0.0,0.0,0.0,0.0,0.0,0.0,0.0,14655390.0,0.0,0.0,1866579.0,0.0,0.0
Q8GW44_3_H8N2,0.0,0.0,0.0,0.0,0.0,0.0,0.0,0.0,0.0,0.0,0.0,9331932.0,0.0,0.0,0.0,0.0,0.0,0.0
Q8GWB2_119_H7N2,0.0,0.0,0.0,0.0,0.0,0.0,29204590.0,0.0,0.0,40276740.0,0.0,0.0,0.0,0.0,0.0,0.0,0.0,0.0
Q8GWB2_119_H8N2,0.0,0.0,0.0,0.0,0.0,0.0,19691070.0,4086718.0,0.0,21752070.0,5675884.0,0.0,0.0,0.0,0.0,0.0,0.0,0.0
Q8GWG2_228_H3N2F1Pen1,0.0,0.0,0.0,0.0,0.0,0.0,0.0,0.0,29066490.0,0.0,0.0,0.0,0.0,0.0,0.0,0.0,0.0,0.0
Q8GWG2_228_H4N4F2Pen1,0.0,0.0,0.0,0.0,0.0,0.0,0.0,3690679.0,0.0,0.0,0.0,0.0,0.0,0.0,4148960.0,0.0,0.0,0.0
Q8GWG2_228_H7N2,11375510.0,0.0,0.0,2240082.0,0.0,0.0,0.0,0.0,10135510.0,0.0,0.0,2810548.0,0.0,7260466.0,0.0,0.0,1312203.0,0.0
Q8GWG2_228_H8N2,0.0,0.0,0.0,0.0,0.0,0.0,125658800.0,0.0,0.0,38027400.0,0.0,0.0,11169700.0,0.0,0.0,2791364.0,0.0,0.0
Q8GWQ2_133_H6N2,0.0,0.0,0.0,0.0,0.0,0.0,0.0,0.0,0.0,6188631.0,0.0,0.0,0.0,0.0,0.0,0.0,0.0,4997530.0
Q8GWQ6_66_H3N2F1Pen1,0.0,0.0,0.0,0.0,0.0,0.0,0.0,0.0,0.0,0.0,0.0,0.0,2112541.0,0.0,0.0,17207480.0,0.0,0.0
Q8GWW4_481_H3N4F1Pen1,0.0,0.0,0.0,0.0,0.0,0.0,19164220.0,0.0,0.0,17085990.0,0.0,0.0,15536060.0,0.0,0.0,18504410.0,0.0,0.0
Q8GWW4_481_H5N3F1Pen1,0.0,0.0,0.0,0.0,0.0,0.0,0.0,0.0,0.0,0.0,0.0,4003428.0,0.0,0.0,0.0,0.0,0.0,0.0
Q8GWW4_583_H7N2,0.0,0.0,0.0,0.0,0.0,27163350.0,0.0,0.0,0.0,0.0,0.0,0.0,0.0,0.0,0.0,0.0,0.0,0.0
Q8GWX9_209_H8N2,0.0,0.0,10682390.0,0.0,0.0,336385.3,0.0,0.0,0.0,0.0,0.0,0.0,0.0,0.0,0.0,0.0,0.0,0.0
Q8GX69_227_H4N2Pen1,0.0,0.0,0.0,0.0,0.0,0.0,0.0,0.0,0.0,0.0,0.0,0.0,0.0,0.0,4809954.0,0.0,0.0,720072.6
Q8GXA4_360_H9N2,0.0,0.0,0.0,0.0,0.0,0.0,4041407.0,0.0,0.0,5901248.0,0.0,0.0,0.0,0.0,0.0,0.0,0.0,0.0
Q8GXB3_304_H3N3F1Pen1,0.0,0.0,0.0,0.0,0.0,0.0,0.0,6397959.0,0.0,0.0,338030.0,0.0,0.0,0.0,0.0,0.0,0.0,0.0
Q8GXC2_380_H3N2F1Pen1,0.0,0.0,0.0,0.0,13036260.0,0.0,0.0,0.0,0.0,0.0,0.0,0.0,0.0,0.0,0.0,0.0,0.0,0.0
Q8GXD9_536_H4N4Pen1,0.0,0.0,0.0,0.0,0.0,0.0,0.0,0.0,0.0,11580310.0,0.0,0.0,0.0,0.0,0.0,0.0,0.0,0.0
Q8GXF6_329_H3N2F1Pen1,3330571.0,0.0,0.0,0.0,0.0,0.0,0.0,0.0,0.0,0.0,0.0,0.0,0.0,0.0,0.0,0.0,0.0,0.0
Q8GXM7_37_H8N2,0.0,0.0,0.0,12841520.0,0.0,0.0,0.0,0.0,0.0,0.0,0.0,0.0,0.0,0.0,0.0,0.0,0.0,0.0
Q8GXP1_781_H4N3F1Pen1,3094610.0,0.0,0.0,4199467.0,0.0,0.0,0.0,0.0,0.0,0.0,0.0,0.0,0.0,0.0,0.0,0.0,0.0,0.0
Q8GXR5_71_H4N3Pen1,0.0,0.0,0.0,0.0,0.0,0.0,0.0,0.0,0.0,0.0,0.0,9192891.0,0.0,0.0,0.0,0.0,0.0,0.0
Q8GXU5_201_H3N2F1Pen1,0.0,0.0,0.0,0.0,0.0,0.0,3072170.0,0.0,0.0,19204730.0,0.0,0.0,0.0,0.0,0.0,0.0,0.0,0.0
Q8GXV2_3_H3N2F1Pen1,0.0,0.0,0.0,0.0,0.0,0.0,0.0,0.0,0.0,1607162.0,0.0,0.0,0.0,0.0,0.0,0.0,0.0,0.0
Q8GXV2_3_H3N4F1Pen1,0.0,458151.8,0.0,0.0,5440972.0,0.0,0.0,0.0,0.0,0.0,0.0,0.0,0.0,0.0,0.0,0.0,5194407.0,0.0
Q8GXV2_3_H8N2,0.0,0.0,0.0,0.0,0.0,6808501.0,0.0,0.0,0.0,0.0,0.0,0.0,0.0,0.0,0.0,0.0,0.0,0.0
Q8GY60_409_H3N2F1Pen1,0.0,0.0,0.0,16929500.0,0.0,0.0,0.0,0.0,0.0,0.0,0.0,0.0,0.0,0.0,0.0,0.0,0.0,0.0
Q8GY60_409_H3N2Pen1,0.0,0.0,0.0,4325466.0,0.0,0.0,0.0,0.0,0.0,0.0,0.0,0.0,0.0,0.0,0.0,0.0,0.0,0.0
Q8GY61_133_H3N2F1Pen1,3987767.0,0.0,1444143.0,0.0,0.0,0.0,0.0,0.0,5230373.0,0.0,0.0,0.0,0.0,25258330.0,0.0,0.0,0.0,0.0
Q8GY61_133_H3N2Pen1,0.0,0.0,0.0,0.0,0.0,0.0,1874474.0,0.0,0.0,0.0,0.0,0.0,5130617.0,0.0,0.0,0.0,0.0,0.0
Q8GY61_133_H4N4F2Pen1,0.0,0.0,0.0,0.0,0.0,0.0,0.0,6658359.0,0.0,0.0,664812.8,0.0,0.0,0.0,10647580.0,0.0,0.0,0.0
Q8GYD9_271_H3N2F1Pen1,0.0,0.0,0.0,0.0,0.0,0.0,0.0,0.0,0.0,0.0,35818370.0,0.0,0.0,0.0,0.0,0.0,0.0,0.0
Q8GYM2_14_H3N2F1Pen1,0.0,0.0,0.0,0.0,0.0,0.0,0.0,0.0,0.0,0.0,90828540.0,0.0,0.0,0.0,0.0,0.0,0.0,0.0
Q8GYM2_14_H3N3F1Pen1,0.0,0.0,0.0,0.0,0.0,0.0,0.0,0.0,0.0,0.0,49534220.0,0.0,0.0,0.0,0.0,0.0,0.0,0.0
Q8GYM4_391_H6N2,0.0,0.0,5007331.0,0.0,0.0,20468870.0,0.0,0.0,0.0,0.0,0.0,0.0,0.0,9010221.0,0.0,0.0,19606540.0,0.0
Q8GYN5_181_H10N2,0.0,0.0,0.0,0.0,0.0,0.0,0.0,0.0,0.0,0.0,0.0,0.0,0.0,0.0,0.0,0.0,0.0,9036753.0
Q8GYN5_181_H9N2,0.0,0.0,0.0,0.0,0.0,0.0,0.0,0.0,0.0,0.0,4504873.0,0.0,0.0,0.0,0.0,0.0,0.0,3121812.0
Q8GYP6_249_H3N2F1Pen1,0.0,0.0,0.0,0.0,0.0,0.0,0.0,314377.3,1624563.0,0.0,46894770.0,51745350.0,0.0,0.0,0.0,0.0,0.0,0.0
Q8GYP6_249_H3N3F1Pen1,0.0,0.0,0.0,0.0,18307560.0,0.0,0.0,0.0,0.0,0.0,0.0,0.0,0.0,0.0,0.0,0.0,0.0,0.0
Q8GYP6_249_H3N4F1Pen1,0.0,0.0,0.0,0.0,0.0,0.0,480472.0,0.0,0.0,30097460.0,0.0,0.0,0.0,0.0,0.0,0.0,0.0,0.0
Q8GYP6_249_H4N4Pen1,0.0,0.0,0.0,0.0,0.0,3297511.0,0.0,0.0,0.0,0.0,0.0,0.0,0.0,0.0,0.0,0.0,0.0,0.0
Q8GYS1_36_H6N2,0.0,0.0,0.0,0.0,0.0,0.0,68395510.0,0.0,0.0,4088757.0,0.0,0.0,0.0,0.0,0.0,0.0,0.0,0.0
Q8GYT8_201_H3N2F1Pen1,0.0,0.0,0.0,0.0,35065840.0,0.0,0.0,0.0,0.0,39846140.0,0.0,0.0,0.0,0.0,0.0,0.0,0.0,0.0
Q8GZ17_369_H7N2,8743197.0,0.0,0.0,3705098.0,0.0,0.0,0.0,0.0,0.0,0.0,0.0,0.0,0.0,0.0,0.0,0.0,0.0,0.0
Q8GZ17_369_H8N2,0.0,0.0,0.0,0.0,0.0,0.0,0.0,0.0,0.0,0.0,0.0,0.0,0.0,6857095.0,0.0,0.0,0.0,0.0
Q8GZ17_64_H3N2F1Pen1,0.0,3565512.0,0.0,0.0,7547818.0,0.0,0.0,0.0,0.0,0.0,0.0,0.0,0.0,0.0,0.0,0.0,0.0,0.0
Q8GZ38_219_H3N3F1Pen1,0.0,0.0,0.0,0.0,198406600.0,0.0,0.0,0.0,0.0,0.0,0.0,302284800.0,0.0,0.0,0.0,0.0,0.0,0.0
Q8GZ42_978_H8N2,0.0,0.0,4321712.0,0.0,0.0,36476550.0,0.0,0.0,0.0,0.0,0.0,0.0,0.0,0.0,0.0,0.0,0.0,0.0
Q8GZ87_25_H2N2F1Pen1,0.0,7036126.0,0.0,0.0,0.0,0.0,0.0,0.0,0.0,0.0,0.0,0.0,0.0,0.0,0.0,0.0,0.0,0.0
Q8GZ87_25_H3N4F1Pen1,0.0,0.0,0.0,0.0,0.0,0.0,7212172.0,0.0,0.0,0.0,0.0,0.0,0.0,0.0,0.0,0.0,0.0,0.0
Q8GZ87_349_H3N2F1Pen1,0.0,11259270.0,0.0,0.0,11616300.0,0.0,0.0,0.0,0.0,0.0,0.0,0.0,0.0,19428720.0,0.0,0.0,20623280.0,0.0
Q8GZ87_349_H4N3F1Pen1,0.0,0.0,0.0,0.0,0.0,0.0,0.0,11098570.0,0.0,0.0,16886240.0,0.0,0.0,0.0,0.0,0.0,0.0,0.0
Q8GZ87_349_H4N3F2Pen1,0.0,0.0,0.0,0.0,0.0,0.0,0.0,15683780.0,0.0,0.0,9357346.0,0.0,0.0,0.0,0.0,0.0,0.0,0.0
Q8GZ87_349_H4N4F1Pen1,0.0,0.0,5391993.0,0.0,0.0,5424246.0,0.0,14986720.0,0.0,0.0,15980570.0,0.0,0.0,0.0,0.0,0.0,0.0,0.0
Q8GZ99_766_H3N2F1Pen1,0.0,0.0,0.0,0.0,0.0,0.0,0.0,37033070.0,0.0,0.0,12232760.0,0.0,0.0,0.0,0.0,0.0,0.0,0.0
Q8GZA8_126_H6N2,0.0,0.0,0.0,7935612.0,0.0,0.0,0.0,0.0,0.0,0.0,0.0,0.0,0.0,0.0,0.0,0.0,0.0,0.0
Q8GZM7_315_H3N2F1Pen1,0.0,0.0,0.0,0.0,0.0,0.0,0.0,0.0,0.0,66501940.0,0.0,0.0,0.0,0.0,0.0,0.0,0.0,0.0
Q8H038_459_H10N2,0.0,0.0,0.0,0.0,0.0,0.0,0.0,0.0,4201758.0,0.0,0.0,449566.4,0.0,0.0,0.0,0.0,0.0,0.0
Q8H038_459_H3N3F1Pen1,0.0,0.0,0.0,0.0,0.0,0.0,0.0,0.0,0.0,0.0,0.0,0.0,253772.3,0.0,0.0,7631383.0,0.0,6436564.0
Q8H038_459_H4N3F1Pen1,0.0,0.0,373514.7,0.0,0.0,10809640.0,0.0,0.0,0.0,7088863.0,0.0,0.0,0.0,0.0,0.0,0.0,0.0,0.0
Q8H0P8_97_H7N2,0.0,0.0,0.0,0.0,0.0,0.0,4802983.0,0.0,0.0,0.0,0.0,0.0,0.0,0.0,0.0,0.0,0.0,0.0
Q8H0T4_1010_H3N2F1Pen1,0.0,0.0,0.0,0.0,0.0,0.0,0.0,0.0,0.0,0.0,0.0,0.0,5787807.0,0.0,0.0,2831860.0,0.0,0.0
Q8H0T9_332_H8N2,0.0,0.0,0.0,0.0,0.0,0.0,0.0,1026308.0,1292587.0,0.0,6291147.0,5532306.0,0.0,0.0,3156747.0,0.0,0.0,0.0
Q8H0V4_476_H3N3F1Pen1,0.0,0.0,0.0,0.0,0.0,0.0,0.0,0.0,9201195.0,0.0,0.0,0.0,0.0,0.0,0.0,0.0,0.0,0.0
Q8H0V6_209_H6N2,0.0,0.0,0.0,0.0,0.0,0.0,0.0,0.0,412956.9,0.0,0.0,17595450.0,0.0,0.0,0.0,0.0,0.0,0.0
Q8H102_101_H3N2F1Pen1,0.0,0.0,0.0,0.0,0.0,0.0,0.0,0.0,0.0,0.0,0.0,0.0,0.0,0.0,1327446.0,0.0,0.0,0.0
Q8H106_252_H3N2F1Pen1,0.0,0.0,0.0,9093696.0,0.0,0.0,0.0,0.0,0.0,0.0,0.0,0.0,0.0,0.0,0.0,0.0,0.0,0.0
Q8H199_640_H3N2F1Pen1,0.0,0.0,0.0,0.0,0.0,0.0,0.0,0.0,10399840.0,0.0,0.0,0.0,0.0,0.0,0.0,0.0,0.0,0.0
Q8H1E2_17_H3N3F1Pen1,0.0,0.0,2629139.0,0.0,0.0,1680894.0,0.0,0.0,0.0,0.0,0.0,0.0,0.0,0.0,0.0,0.0,0.0,0.0
Q8H1E2_17_H3N4F1Pen1,30824320.0,0.0,0.0,34786250.0,0.0,0.0,0.0,0.0,0.0,0.0,0.0,0.0,0.0,0.0,0.0,0.0,0.0,0.0
Q8H1F7_4_H3N2Pen1,0.0,0.0,0.0,0.0,0.0,59496080.0,0.0,0.0,0.0,0.0,0.0,0.0,0.0,0.0,0.0,0.0,0.0,0.0
Q8H1Q1_160_H3N2F1Pen1,0.0,0.0,0.0,0.0,0.0,25788560.0,0.0,0.0,0.0,0.0,23101860.0,0.0,0.0,0.0,0.0,0.0,0.0,0.0
Q8H1Q2_326_H3N3Pen1,0.0,0.0,0.0,0.0,0.0,2940186.0,0.0,0.0,0.0,0.0,0.0,0.0,0.0,0.0,0.0,0.0,0.0,0.0
Q8H1Q2_326_H6N2,0.0,0.0,0.0,0.0,0.0,0.0,0.0,0.0,0.0,6592652.0,0.0,0.0,0.0,0.0,0.0,0.0,0.0,0.0
Q8H1S1_103_H8N2,0.0,2025206.0,0.0,0.0,370422.0,0.0,0.0,0.0,0.0,0.0,0.0,0.0,0.0,0.0,0.0,0.0,0.0,0.0
Q8H1S1_103_H9N2,0.0,0.0,0.0,0.0,0.0,0.0,3439742.0,0.0,0.0,0.0,0.0,0.0,0.0,0.0,0.0,0.0,0.0,0.0
Q8H2D1_365_H8N2,0.0,0.0,0.0,0.0,0.0,0.0,0.0,0.0,0.0,0.0,0.0,4243580.0,0.0,0.0,0.0,0.0,0.0,0.0
Q8H383_146_H5N3F1Pen1,0.0,0.0,0.0,0.0,0.0,0.0,0.0,0.0,0.0,0.0,0.0,0.0,0.0,0.0,162678.6,0.0,0.0,1809184.0
Q8H485_312_H3N3F1Pen1,0.0,0.0,0.0,0.0,0.0,0.0,0.0,916534.8,564349.9,0.0,6368731.0,6714910.0,0.0,0.0,0.0,0.0,6535230.0,0.0
Q8H569_902_H3N2F1Pen1,0.0,0.0,0.0,14835380.0,0.0,0.0,0.0,0.0,0.0,0.0,0.0,46610560.0,0.0,0.0,0.0,51351130.0,0.0,0.0
Q8H780_323_H3N2F1Pen1,0.0,0.0,0.0,0.0,0.0,0.0,0.0,0.0,0.0,5835458.0,0.0,0.0,0.0,0.0,0.0,0.0,0.0,0.0
Q8H7F6_165_H3N2F1Pen1,0.0,0.0,0.0,0.0,0.0,0.0,0.0,0.0,0.0,0.0,0.0,0.0,3735686.0,0.0,0.0,9248416.0,0.0,0.0
Q8H7F6_165_H3N4F1Pen1,0.0,0.0,0.0,0.0,0.0,0.0,0.0,5696772.0,0.0,0.0,6685247.0,0.0,0.0,0.0,0.0,0.0,0.0,0.0
Q8H7M1_157_H3N3F1Pen1,0.0,0.0,0.0,0.0,0.0,0.0,45539380.0,0.0,0.0,2836490.0,0.0,0.0,0.0,0.0,0.0,0.0,0.0,0.0
Q8H8C7_281_H3N4F1Pen1,0.0,0.0,0.0,0.0,6147978.0,0.0,0.0,0.0,0.0,0.0,0.0,0.0,0.0,0.0,0.0,0.0,0.0,0.0
Q8H960_117_H3N3F1Pen1,0.0,0.0,0.0,0.0,0.0,0.0,0.0,0.0,3444152.0,0.0,0.0,29993420.0,0.0,0.0,0.0,0.0,0.0,0.0
Q8HQR1_71_H9N2,0.0,0.0,0.0,0.0,0.0,0.0,0.0,0.0,0.0,0.0,0.0,0.0,0.0,19726630.0,0.0,0.0,3149006.0,0.0
Q8HVM2_160_H3N2Pen1,0.0,0.0,17753410.0,0.0,0.0,85329.02,0.0,0.0,32028160.0,0.0,0.0,469371.2,0.0,0.0,0.0,0.0,0.0,0.0
Q8HVY3_897_H3N4F1Pen1,0.0,0.0,0.0,0.0,0.0,0.0,0.0,0.0,0.0,0.0,0.0,0.0,0.0,0.0,0.0,0.0,0.0,5736957.0
Q8L471_17_H3N2F1Pen1,0.0,0.0,0.0,0.0,0.0,0.0,0.0,0.0,0.0,0.0,48418960.0,0.0,0.0,0.0,0.0,0.0,0.0,0.0
Q8L481_17_H3N4F1Pen1,0.0,0.0,0.0,0.0,0.0,0.0,0.0,0.0,0.0,0.0,0.0,0.0,0.0,0.0,1425824.0,0.0,0.0,1076584.0
Q8L4B2_78_H6N2,0.0,0.0,0.0,0.0,0.0,0.0,0.0,0.0,0.0,0.0,0.0,6990834.0,0.0,0.0,0.0,0.0,0.0,0.0
Q8L4H0_181_H3N2Pen1,0.0,0.0,0.0,0.0,0.0,0.0,0.0,0.0,0.0,0.0,0.0,0.0,0.0,2122644.0,0.0,0.0,0.0,0.0
Q8L548_115_H4N3F1Pen1,0.0,0.0,0.0,0.0,0.0,0.0,0.0,0.0,0.0,0.0,0.0,0.0,0.0,6524509.0,0.0,0.0,313246.7,0.0
Q8L548_115_H5N3F1Pen1,0.0,0.0,0.0,0.0,0.0,0.0,0.0,24274600.0,0.0,0.0,2325947.0,0.0,0.0,23028250.0,0.0,0.0,2143657.0,0.0
Q8L556_180_H8N2,0.0,0.0,0.0,0.0,0.0,0.0,0.0,0.0,0.0,0.0,0.0,0.0,1768043.0,0.0,0.0,0.0,0.0,0.0
Q8L5K4_14_H7N2,5734339.0,0.0,0.0,0.0,0.0,0.0,0.0,0.0,0.0,0.0,0.0,0.0,0.0,0.0,0.0,0.0,0.0,0.0
Q8L6Y3_22_H3N2F1Pen1,0.0,0.0,0.0,0.0,0.0,0.0,0.0,11960650.0,0.0,0.0,8250472.0,0.0,0.0,0.0,0.0,0.0,0.0,0.0
Q8L709_2_H3N4F1Pen1,0.0,0.0,0.0,0.0,0.0,0.0,0.0,268358.7,0.0,0.0,3094120.0,0.0,0.0,0.0,0.0,0.0,0.0,0.0
Q8L709_2_H7N2,0.0,0.0,2291441.0,0.0,0.0,3891498.0,599212.6,0.0,0.0,3310233.0,0.0,0.0,400612.8,0.0,0.0,2667357.0,0.0,0.0
Q8L709_2_H8N2,877518.4,0.0,978774.8,3448857.0,0.0,4479964.0,1122408.0,0.0,0.0,5116431.0,0.0,9073233.0,0.0,0.0,543380.1,0.0,0.0,3207399.0
Q8L710_358_H8N2,0.0,0.0,0.0,0.0,0.0,0.0,0.0,59899270.0,0.0,0.0,372081.6,0.0,15611360.0,0.0,0.0,0.0,0.0,0.0
Q8L733_176_H3N2F1Pen1,200357.8,0.0,0.0,4223001.0,0.0,0.0,0.0,0.0,0.0,0.0,0.0,0.0,0.0,0.0,0.0,0.0,0.0,0.0
Q8L746_584_H3N2F1Pen1,0.0,0.0,0.0,0.0,0.0,0.0,0.0,0.0,0.0,0.0,0.0,0.0,2025657.0,0.0,0.0,703439.9,0.0,0.0
Q8L748_916_H3N2Pen1,0.0,0.0,0.0,0.0,7361120.0,0.0,0.0,0.0,0.0,0.0,0.0,0.0,0.0,0.0,0.0,0.0,0.0,0.0
Q8L748_916_H6N2,0.0,0.0,0.0,0.0,0.0,0.0,0.0,0.0,0.0,0.0,0.0,0.0,0.0,0.0,0.0,0.0,2257713.0,0.0
Q8L762_207_H8N2,0.0,0.0,0.0,0.0,0.0,0.0,3742577.0,0.0,0.0,5211904.0,0.0,0.0,0.0,0.0,0.0,0.0,0.0,0.0
Q8L793_201_H3N4F1Pen1,0.0,0.0,0.0,0.0,0.0,0.0,0.0,3134534.0,0.0,0.0,8980842.0,0.0,0.0,0.0,0.0,0.0,0.0,0.0
Q8L7E5_624_H3N2F1Pen1,0.0,4743786.0,0.0,0.0,1824042.0,0.0,0.0,0.0,0.0,0.0,0.0,0.0,0.0,0.0,0.0,0.0,0.0,0.0
Q8L7G3_641_H8N2,1552735.0,0.0,0.0,488549.9,0.0,0.0,0.0,0.0,0.0,0.0,0.0,0.0,0.0,0.0,0.0,0.0,0.0,0.0
Q8L7H4_159_H4N3F2Pen1,0.0,0.0,0.0,0.0,0.0,0.0,33574480.0,0.0,0.0,0.0,0.0,0.0,0.0,0.0,0.0,0.0,0.0,0.0
Q8L7K9_91_H3N2F1Pen1,0.0,0.0,0.0,0.0,0.0,0.0,0.0,0.0,0.0,0.0,0.0,0.0,0.0,0.0,5290171.0,0.0,0.0,4093494.0
Q8L7K9_91_H4N3F1Pen1,0.0,0.0,0.0,0.0,0.0,0.0,7397077.0,0.0,0.0,0.0,0.0,0.0,12730370.0,5882858.0,0.0,448320.5,611749.0,0.0
Q8L7K9_91_H4N3F2Pen1,12145110.0,11340680.0,0.0,0.0,3763447.0,0.0,0.0,17704630.0,0.0,0.0,1366017.0,0.0,0.0,10054840.0,0.0,0.0,680421.0,0.0
Q8L7K9_91_H4N4F1Pen1,0.0,0.0,0.0,0.0,0.0,0.0,19433440.0,0.0,0.0,8375285.0,0.0,0.0,0.0,0.0,0.0,0.0,0.0,0.0
Q8L7K9_91_H4N4F2Pen1,26069460.0,0.0,0.0,1787127.0,0.0,0.0,0.0,102423600.0,0.0,0.0,3294424.0,0.0,0.0,17776450.0,18243680.0,0.0,0.0,195131.8
Q8L7K9_91_H4N4F3,0.0,0.0,0.0,0.0,0.0,0.0,0.0,0.0,0.0,0.0,0.0,0.0,0.0,0.0,5701577.0,0.0,0.0,0.0
Q8L7K9_91_H8N2,3959040.0,0.0,0.0,0.0,0.0,0.0,0.0,0.0,0.0,0.0,0.0,0.0,0.0,4556774.0,0.0,0.0,2822739.0,0.0
Q8L7Q7_315_H8N2,0.0,0.0,0.0,0.0,0.0,0.0,0.0,0.0,0.0,5163691.0,9990982.0,0.0,0.0,0.0,0.0,0.0,0.0,0.0
Q8L7S0_703_H3N2F1Pen1,0.0,0.0,0.0,13853270.0,0.0,0.0,0.0,0.0,2516734.0,0.0,0.0,37361750.0,0.0,0.0,382288.4,0.0,0.0,24896540.0
Q8L7T6_299_H3N2F1Pen1,0.0,0.0,0.0,0.0,0.0,0.0,0.0,0.0,0.0,0.0,0.0,0.0,0.0,0.0,0.0,0.0,7130119.0,0.0
Q8L7U7_192_H3N3Pen1,0.0,0.0,0.0,0.0,0.0,0.0,0.0,581826.4,0.0,0.0,6795969.0,0.0,0.0,0.0,0.0,0.0,0.0,0.0
Q8L7V3_215_H3N3F1Pen1,0.0,0.0,0.0,0.0,0.0,0.0,0.0,0.0,0.0,0.0,0.0,0.0,0.0,0.0,0.0,0.0,0.0,2703777.0
Q8L7W5_79_H3N2Pen1,0.0,0.0,0.0,0.0,0.0,0.0,0.0,0.0,0.0,0.0,0.0,0.0,10663550.0,0.0,0.0,113202.1,0.0,0.0
Q8L7W8_253_H7N2,0.0,0.0,2714739.0,0.0,0.0,0.0,0.0,0.0,0.0,0.0,0.0,0.0,0.0,0.0,0.0,0.0,0.0,0.0
Q8L7W8_253_H8N2,0.0,10667110.0,0.0,0.0,181293.3,0.0,0.0,0.0,20408340.0,0.0,0.0,0.0,0.0,0.0,0.0,0.0,0.0,0.0
Q8L7Y8_1177_H3N2Pen1,0.0,0.0,0.0,0.0,0.0,2056558.0,0.0,0.0,0.0,3493130.0,0.0,0.0,0.0,0.0,0.0,0.0,0.0,0.0
Q8L817_96_H6N3,0.0,0.0,0.0,0.0,0.0,0.0,0.0,0.0,0.0,0.0,0.0,9211910.0,0.0,3227182.0,0.0,0.0,30332500.0,0.0
Q8L817_96_H8N2,5781325.0,0.0,0.0,11075110.0,0.0,0.0,0.0,0.0,0.0,0.0,0.0,0.0,0.0,0.0,0.0,0.0,0.0,0.0
Q8L838_120_H3N2F1Pen1,925566.7,0.0,0.0,16203820.0,0.0,0.0,286307.3,0.0,1201781.0,20881980.0,0.0,20055090.0,0.0,0.0,0.0,0.0,0.0,0.0
Q8L8T7_80_H3N2F1Pen1,12291280.0,0.0,12595900.0,6875690.0,0.0,10968970.0,0.0,0.0,0.0,0.0,0.0,0.0,0.0,0.0,0.0,0.0,0.0,0.0
Q8L8T7_80_H3N3F1Pen1,0.0,0.0,10057670.0,0.0,0.0,9033061.0,0.0,0.0,0.0,0.0,0.0,0.0,0.0,0.0,0.0,0.0,0.0,0.0
Q8L9A0_21_H3N2Pen1,0.0,18856820.0,0.0,0.0,0.0,0.0,0.0,0.0,0.0,0.0,0.0,0.0,0.0,28155450.0,0.0,0.0,429294.1,0.0
Q8L9A9_138_H3N4F1Pen1,8962651.0,0.0,0.0,0.0,0.0,0.0,0.0,0.0,4028724.0,0.0,0.0,0.0,0.0,0.0,0.0,0.0,0.0,0.0
Q8L9K4_72_H3N4F1Pen1,0.0,0.0,0.0,0.0,0.0,0.0,0.0,0.0,0.0,0.0,0.0,0.0,0.0,0.0,3499543.0,0.0,0.0,0.0
Q8L9Y0_299_H4N3Pen1,0.0,0.0,0.0,0.0,0.0,0.0,0.0,0.0,0.0,0.0,0.0,0.0,0.0,0.0,5189012.0,0.0,0.0,1245995.0
Q8LAL2_127_H3N3F1Pen1,0.0,0.0,0.0,0.0,0.0,0.0,0.0,0.0,0.0,0.0,0.0,0.0,0.0,0.0,0.0,7014138.0,0.0,0.0
Q8LAP8_59_H3N3F1Pen1,0.0,0.0,0.0,0.0,0.0,0.0,0.0,0.0,0.0,0.0,0.0,0.0,0.0,22328290.0,0.0,0.0,24459370.0,0.0
Q8LAT0_162_H3N2Pen1,0.0,0.0,0.0,0.0,0.0,2567186.0,0.0,0.0,0.0,0.0,0.0,0.0,0.0,0.0,0.0,0.0,0.0,0.0
Q8LAT0_162_H3N3F1Pen1,0.0,0.0,0.0,0.0,0.0,0.0,0.0,0.0,0.0,19349510.0,0.0,0.0,0.0,0.0,0.0,0.0,0.0,0.0
Q8LAT0_162_H3N4F1Pen1,0.0,0.0,0.0,0.0,0.0,0.0,0.0,0.0,0.0,0.0,0.0,35359900.0,0.0,0.0,0.0,0.0,0.0,28941110.0
Q8LAT0_162_H4N4Pen1,0.0,0.0,0.0,0.0,0.0,0.0,1583210.0,0.0,0.0,9506397.0,0.0,0.0,0.0,0.0,0.0,0.0,0.0,8704814.0
Q8LAX0_115_H3N2F1Pen1,0.0,0.0,0.0,0.0,0.0,0.0,0.0,0.0,0.0,0.0,0.0,0.0,0.0,0.0,6335362.0,0.0,0.0,0.0
Q8LAX0_250_H3N3F1Pen1,0.0,142528.4,0.0,0.0,3023937.0,0.0,0.0,0.0,0.0,0.0,0.0,0.0,0.0,0.0,0.0,0.0,0.0,0.0
Q8LB81_118_H3N2F1Pen1,0.0,0.0,0.0,0.0,0.0,0.0,0.0,24252350.0,0.0,0.0,4038434.0,0.0,42797400.0,0.0,0.0,4507695.0,0.0,0.0
Q8LBH2_112_H6N2,0.0,0.0,0.0,0.0,1617158.0,0.0,0.0,0.0,0.0,0.0,0.0,0.0,0.0,0.0,0.0,0.0,0.0,0.0
Q8LC45_141_H3N4F1Pen1,0.0,0.0,1627460.0,0.0,0.0,817404.1,0.0,1439743.0,0.0,0.0,0.0,0.0,0.0,0.0,0.0,0.0,0.0,0.0
Q8LC83_35_H8N2,1926988.0,0.0,0.0,421196.5,0.0,0.0,0.0,0.0,0.0,0.0,0.0,0.0,0.0,0.0,0.0,0.0,0.0,0.0
Q8LDF9_24_H8N2,0.0,0.0,0.0,0.0,0.0,0.0,3081715.0,2265789.0,0.0,7949928.0,3740986.0,0.0,0.0,0.0,0.0,0.0,0.0,0.0
Q8LDF9_24_H9N2,0.0,0.0,3568237.0,0.0,0.0,8329649.0,6778536.0,0.0,0.0,11683710.0,0.0,0.0,0.0,0.0,0.0,0.0,0.0,0.0
Q8LDM2_322_H3N2F1Pen1,0.0,0.0,0.0,0.0,0.0,0.0,0.0,14770770.0,0.0,0.0,0.0,0.0,0.0,0.0,0.0,0.0,0.0,0.0
Q8LDU5_149_H3N2F1Pen1,9952417.0,0.0,0.0,2450660.0,0.0,0.0,0.0,0.0,0.0,0.0,0.0,0.0,0.0,0.0,0.0,0.0,0.0,0.0
Q8LE47_18_H4N4Pen1,0.0,0.0,0.0,0.0,0.0,0.0,0.0,0.0,0.0,0.0,0.0,0.0,0.0,0.0,0.0,16521750.0,0.0,0.0
Q8LE98_193_H3N2F1Pen1,0.0,0.0,0.0,0.0,0.0,10687310.0,0.0,0.0,0.0,0.0,0.0,0.0,0.0,0.0,0.0,0.0,0.0,0.0
Q8LEB6_467_H3N2F1Pen1,0.0,0.0,0.0,0.0,0.0,23117680.0,0.0,0.0,0.0,0.0,0.0,0.0,0.0,0.0,0.0,0.0,0.0,0.0
Q8LEC0_18_H7N3,0.0,0.0,0.0,0.0,0.0,0.0,30526100.0,0.0,0.0,0.0,0.0,0.0,0.0,0.0,0.0,0.0,0.0,0.0
Q8LED3_338_H3N3F1Pen1,0.0,0.0,0.0,0.0,0.0,0.0,0.0,0.0,6883897.0,0.0,0.0,0.0,0.0,0.0,0.0,0.0,0.0,0.0
Q8LEG1_105_H3N3F1Pen1,0.0,0.0,0.0,0.0,0.0,0.0,0.0,0.0,0.0,0.0,0.0,13042110.0,0.0,0.0,0.0,0.0,0.0,0.0
Q8LEK2_64_H3N2Pen1,96980.49,0.0,0.0,2388553.0,0.0,0.0,254575.8,0.0,0.0,19775530.0,0.0,0.0,0.0,0.0,0.0,0.0,0.0,0.0
Q8LEK2_64_H3N3Pen1,0.0,0.0,0.0,0.0,2590748.0,2144099.0,0.0,0.0,0.0,0.0,0.0,0.0,0.0,0.0,0.0,0.0,0.0,0.0
Q8LF21_243_H4N3F1Pen1,0.0,0.0,0.0,0.0,10044220.0,0.0,0.0,0.0,0.0,0.0,0.0,0.0,0.0,0.0,0.0,0.0,0.0,0.0
Q8LF21_243_H4N3F2Pen1,0.0,0.0,907901.2,0.0,0.0,49979770.0,0.0,0.0,0.0,0.0,0.0,0.0,0.0,0.0,0.0,0.0,0.0,0.0
Q8LF36_344_H3N4F1Pen1,0.0,0.0,0.0,0.0,0.0,0.0,0.0,0.0,30667930.0,0.0,0.0,1383766.0,0.0,0.0,0.0,0.0,0.0,0.0
Q8LF89_15_H3N2F1Pen1,0.0,59599360.0,60514900.0,0.0,24629090.0,25960980.0,0.0,0.0,0.0,2795357.0,0.0,0.0,0.0,0.0,0.0,0.0,0.0,0.0
Q8LF89_15_H3N2Pen1,0.0,0.0,0.0,0.0,0.0,0.0,0.0,0.0,0.0,1874474.0,0.0,0.0,0.0,0.0,0.0,5130617.0,0.0,0.0
Q8LF97_316_H3N2F1Pen1,0.0,0.0,0.0,0.0,0.0,0.0,0.0,0.0,0.0,0.0,78878180.0,0.0,0.0,0.0,0.0,0.0,0.0,0.0
Q8LF97_316_H3N2Pen1,0.0,107213.6,0.0,0.0,18677960.0,0.0,0.0,0.0,0.0,0.0,0.0,0.0,0.0,0.0,0.0,0.0,0.0,0.0
Q8LF97_316_H3N3F1Pen1,0.0,0.0,0.0,0.0,0.0,0.0,393486.3,0.0,1395962.0,9207649.0,0.0,53915510.0,0.0,1062887.0,0.0,0.0,19132730.0,0.0
Q8LF97_316_H4N4Pen1,0.0,0.0,0.0,0.0,0.0,0.0,0.0,0.0,401489.0,0.0,0.0,63331100.0,0.0,0.0,0.0,0.0,0.0,0.0
Q8LFP9_21_H3N2F1Pen1,0.0,0.0,6012548.0,0.0,0.0,4817213.0,9060338.0,0.0,0.0,7463490.0,0.0,0.0,0.0,0.0,6693767.0,0.0,0.0,4083232.0
Q8LFP9_21_H3N3F1Pen1,5973445.0,5115908.0,0.0,1492340.0,2509152.0,0.0,7887495.0,7907342.0,0.0,6714741.0,0.0,0.0,0.0,0.0,0.0,0.0,0.0,0.0
Q8LFR2_132_H8N2,0.0,0.0,0.0,0.0,0.0,0.0,0.0,2179337.0,0.0,0.0,190920.7,0.0,0.0,0.0,0.0,0.0,0.0,0.0
Q8LFR2_163_H3N3F1Pen1,0.0,0.0,0.0,0.0,0.0,0.0,0.0,7768328.0,0.0,0.0,5572901.0,0.0,0.0,0.0,0.0,0.0,0.0,0.0
Q8LGA5_89_H3N2Pen1,0.0,0.0,0.0,0.0,0.0,0.0,0.0,0.0,0.0,0.0,0.0,0.0,0.0,0.0,0.0,0.0,0.0,1624251.0
Q8LGH4_714_H8N2,0.0,0.0,0.0,0.0,0.0,0.0,0.0,0.0,0.0,0.0,0.0,0.0,0.0,0.0,14054490.0,0.0,0.0,0.0
Q8LGI3_253_H3N3F1Pen1,0.0,0.0,5187665.0,0.0,0.0,74934.38,0.0,0.0,0.0,0.0,0.0,0.0,0.0,0.0,0.0,0.0,0.0,0.0
Q8LGJ5_27_H3N2Pen1,0.0,0.0,0.0,0.0,0.0,0.0,0.0,6242202.0,0.0,0.0,0.0,0.0,0.0,0.0,0.0,0.0,0.0,0.0
Q8LGU6_190_H3N4F1Pen1,0.0,0.0,2155159.0,0.0,0.0,4690124.0,0.0,0.0,0.0,0.0,0.0,0.0,0.0,0.0,0.0,0.0,0.0,0.0
Q8LIB3_499_H8N2,0.0,0.0,0.0,0.0,0.0,0.0,0.0,0.0,0.0,0.0,0.0,0.0,0.0,0.0,0.0,1574187.0,2991750.0,0.0
Q8LKS5_488_H3N2F1Pen1,0.0,0.0,0.0,0.0,0.0,0.0,0.0,0.0,21951900.0,0.0,0.0,4817593.0,5712232.0,0.0,0.0,643128.9,0.0,0.0
Q8LL04_794_H3N4F1Pen1,13791260.0,0.0,0.0,0.0,0.0,0.0,0.0,0.0,0.0,0.0,0.0,0.0,0.0,0.0,0.0,0.0,0.0,0.0
Q8LLD0_964_H3N2F1Pen1,0.0,0.0,0.0,56172830.0,0.0,0.0,0.0,0.0,0.0,0.0,0.0,0.0,0.0,0.0,0.0,0.0,0.0,0.0
Q8LM92_104_H4N3Pen1,0.0,0.0,0.0,16929500.0,6441767.0,0.0,0.0,0.0,0.0,0.0,0.0,0.0,0.0,0.0,0.0,0.0,0.0,0.0
Q8LNW6_439_H3N2F1Pen1,0.0,12123850.0,0.0,0.0,11408220.0,0.0,0.0,0.0,0.0,0.0,0.0,0.0,0.0,0.0,0.0,0.0,0.0,0.0
Q8LNW6_439_H3N4F1Pen1,0.0,0.0,0.0,0.0,0.0,0.0,0.0,0.0,0.0,0.0,0.0,0.0,24926850.0,0.0,0.0,47933960.0,0.0,0.0
Q8LP17_132_H3N3F1Pen1,758913.9,0.0,0.0,22490880.0,0.0,0.0,0.0,0.0,0.0,0.0,0.0,0.0,0.0,0.0,0.0,0.0,0.0,0.0
Q8LPG9_646_H3N2Pen1,0.0,0.0,0.0,0.0,0.0,0.0,0.0,4737504.0,0.0,0.0,1294994.0,0.0,0.0,0.0,0.0,0.0,0.0,0.0
Q8LPG9_646_H9N2,0.0,0.0,0.0,0.0,0.0,0.0,0.0,7322030.0,0.0,0.0,1628020.0,0.0,0.0,0.0,0.0,0.0,0.0,0.0
Q8LPJ3_158_H3N3F1Pen1,0.0,0.0,0.0,0.0,0.0,0.0,0.0,777736.6,0.0,0.0,5773510.0,0.0,0.0,0.0,0.0,0.0,0.0,0.0
Q8LPJ3_158_H4N3Pen1,0.0,0.0,0.0,1905207.0,0.0,0.0,0.0,0.0,0.0,0.0,0.0,0.0,0.0,0.0,0.0,0.0,0.0,0.0
Q8LPK2_1217_H4N3F1Pen1,0.0,6220380.0,0.0,0.0,528852.0,0.0,6937304.0,0.0,0.0,680215.4,0.0,0.0,6508170.0,0.0,0.0,856198.5,0.0,0.0
Q8LPK2_1217_H4N3F2Pen1,0.0,0.0,0.0,0.0,0.0,0.0,0.0,0.0,0.0,0.0,0.0,0.0,0.0,9755980.0,0.0,0.0,0.0,0.0
Q8LPK2_1217_H4N4F1Pen1,0.0,5804711.0,0.0,0.0,598023.4,0.0,0.0,0.0,0.0,0.0,0.0,0.0,0.0,0.0,6978641.0,0.0,0.0,1005146.0
Q8LPK2_1217_H4N4F2Pen1,0.0,59574330.0,0.0,0.0,10185760.0,0.0,0.0,0.0,0.0,0.0,0.0,0.0,0.0,0.0,0.0,0.0,0.0,0.0
Q8LPN3_447_H3N2F1Pen1,0.0,0.0,0.0,0.0,0.0,0.0,0.0,0.0,0.0,0.0,0.0,8215275.0,0.0,0.0,0.0,0.0,0.0,0.0
Q8LPQ9_473_H3N2F1Pen1,0.0,0.0,0.0,0.0,0.0,0.0,0.0,0.0,0.0,0.0,0.0,0.0,0.0,73154220.0,0.0,0.0,52830070.0,0.0
Q8LPQ9_473_H3N3F1Pen1,12632570.0,0.0,0.0,5918499.0,0.0,0.0,0.0,0.0,0.0,0.0,0.0,0.0,0.0,9533227.0,0.0,0.0,0.0,0.0
Q8LPS5_430_H3N2F1Pen1,0.0,0.0,0.0,0.0,0.0,0.0,7610202.0,0.0,0.0,1955092.0,0.0,0.0,0.0,0.0,0.0,0.0,0.0,0.0
Q8LPS6_500_H3N2F1Pen1,0.0,29004540.0,0.0,0.0,1849918.0,0.0,29327000.0,0.0,0.0,1535626.0,0.0,0.0,0.0,0.0,0.0,0.0,0.0,0.0
Q8LPT1_663_H3N2F1Pen1,0.0,0.0,0.0,0.0,0.0,0.0,0.0,0.0,0.0,0.0,0.0,0.0,0.0,9395259.0,0.0,0.0,1326556.0,0.0
Q8LQ36_323_H3N4F1Pen1,0.0,0.0,0.0,0.0,0.0,0.0,0.0,0.0,0.0,0.0,0.0,0.0,0.0,0.0,0.0,0.0,0.0,15961000.0
Q8LQX2_1093_H3N2F1Pen1,0.0,3056519.0,0.0,0.0,0.0,0.0,0.0,0.0,0.0,0.0,0.0,0.0,0.0,0.0,0.0,0.0,0.0,0.0
Q8LRK9_579_H4N2Pen1,0.0,0.0,0.0,0.0,0.0,0.0,0.0,955131.2,0.0,0.0,8194987.0,0.0,0.0,0.0,0.0,0.0,0.0,0.0
Q8LSZ4_294_H3N4F1Pen1,0.0,0.0,0.0,0.0,0.0,0.0,2181798.0,0.0,0.0,6725836.0,0.0,0.0,0.0,0.0,0.0,0.0,0.0,0.0
Q8LSZ4_398_H3N2F1Pen1,0.0,0.0,0.0,0.0,0.0,0.0,0.0,6085773.0,0.0,0.0,4932806.0,0.0,0.0,0.0,0.0,0.0,0.0,0.0
Q8LVH2_15_H3N2F1Pen1,0.0,0.0,0.0,0.0,11963670.0,0.0,0.0,0.0,0.0,3333531.0,0.0,46143230.0,0.0,0.0,0.0,0.0,0.0,0.0
Q8M9L8_324_H8N2,0.0,0.0,488676.6,0.0,0.0,83731.61,0.0,956887.3,0.0,0.0,0.0,0.0,0.0,0.0,0.0,0.0,0.0,0.0
Q8MCJ5_86_H3N2F1Pen1,0.0,0.0,0.0,0.0,1066252.0,0.0,0.0,0.0,0.0,0.0,0.0,0.0,0.0,0.0,0.0,0.0,0.0,0.0
Q8MCM7_38_H3N2F1Pen1,0.0,0.0,0.0,0.0,0.0,112846400.0,0.0,0.0,0.0,0.0,0.0,0.0,0.0,0.0,0.0,0.0,0.0,0.0
Q8MEY2_498_H8N2,0.0,0.0,0.0,0.0,0.0,0.0,0.0,0.0,0.0,0.0,0.0,0.0,0.0,11915250.0,0.0,0.0,0.0,0.0
Q8MFF0_235_H3N2F1Pen1,0.0,0.0,0.0,0.0,0.0,0.0,0.0,12582540.0,0.0,0.0,2527856.0,0.0,0.0,0.0,0.0,0.0,0.0,0.0
Q8RU74_15_H8N2,0.0,0.0,0.0,0.0,0.0,0.0,0.0,0.0,0.0,0.0,0.0,0.0,0.0,0.0,0.0,0.0,0.0,5432229.0
Q8RUC1_36_H3N2F1Pen1,0.0,0.0,0.0,0.0,0.0,0.0,2215396.0,0.0,2406909.0,0.0,0.0,0.0,0.0,0.0,0.0,0.0,0.0,0.0
Q8RV79_38_H3N2F1Pen1,0.0,1366722.0,0.0,0.0,612832.6,0.0,0.0,0.0,0.0,0.0,0.0,0.0,0.0,0.0,0.0,0.0,0.0,0.0
Q8RV79_38_H3N2Pen1,0.0,0.0,0.0,0.0,0.0,0.0,0.0,10300740.0,0.0,0.0,0.0,0.0,0.0,0.0,0.0,0.0,0.0,0.0
Q8RVL1_760_H3N4F1Pen1,0.0,0.0,0.0,0.0,0.0,0.0,0.0,0.0,0.0,0.0,0.0,17434330.0,0.0,0.0,0.0,0.0,0.0,0.0
Q8RW96_392_H4N2Pen1,0.0,0.0,0.0,0.0,0.0,0.0,0.0,11210170.0,0.0,0.0,2929491.0,0.0,14169010.0,0.0,0.0,3984050.0,0.0,0.0
Q8RW97_39_H5N2,0.0,0.0,0.0,0.0,0.0,0.0,0.0,0.0,0.0,5461001.0,0.0,0.0,0.0,0.0,0.0,0.0,0.0,0.0
Q8RWD6_343_H3N3F1Pen1,0.0,0.0,0.0,0.0,0.0,22816490.0,0.0,0.0,0.0,18599990.0,0.0,0.0,0.0,0.0,0.0,0.0,0.0,0.0
Q8RWE5_346_H4N3Pen1,0.0,0.0,0.0,0.0,0.0,0.0,0.0,0.0,0.0,0.0,6140154.0,0.0,0.0,0.0,0.0,0.0,0.0,0.0
Q8RWG1_56_H3N2F1Pen1,0.0,0.0,0.0,0.0,0.0,0.0,0.0,5435525.0,0.0,0.0,648246.6,0.0,0.0,0.0,0.0,0.0,0.0,0.0
Q8RWJ6_382_H3N3F1Pen1,0.0,0.0,0.0,0.0,0.0,0.0,0.0,2675660.0,0.0,0.0,0.0,0.0,0.0,0.0,0.0,0.0,0.0,0.0
Q8RWL0_112_H8N2,326400.8,0.0,0.0,4831596.0,0.0,0.0,0.0,0.0,0.0,0.0,0.0,0.0,0.0,0.0,0.0,0.0,0.0,0.0
Q8RWL6_361_H8N2,1317568.0,0.0,0.0,8739579.0,0.0,0.0,0.0,0.0,0.0,0.0,0.0,10816650.0,0.0,0.0,0.0,0.0,0.0,0.0
Q8RWM7_31_H8N2,0.0,0.0,0.0,0.0,0.0,2539594.0,0.0,0.0,0.0,0.0,0.0,0.0,0.0,0.0,0.0,0.0,0.0,0.0
Q8RWN0_117_H8N2,0.0,0.0,0.0,0.0,0.0,0.0,0.0,0.0,6538996.0,0.0,0.0,0.0,0.0,0.0,0.0,0.0,0.0,0.0
Q8RWN7_3_H1N2,0.0,0.0,0.0,0.0,0.0,0.0,9708576.0,0.0,0.0,0.0,0.0,0.0,0.0,0.0,0.0,0.0,0.0,0.0
Q8RWS9_557_H3N2F1Pen1,0.0,0.0,0.0,0.0,0.0,0.0,0.0,0.0,0.0,0.0,0.0,18717220.0,0.0,0.0,0.0,0.0,0.0,0.0
Q8RWU5_73_H6N2,0.0,0.0,0.0,0.0,0.0,0.0,0.0,0.0,0.0,0.0,3498031.0,0.0,0.0,0.0,0.0,0.0,0.0,0.0
Q8RWY4_605_H9N2,0.0,0.0,0.0,0.0,0.0,0.0,0.0,0.0,0.0,0.0,0.0,0.0,9035750.0,0.0,0.0,6129654.0,0.0,0.0
Q8RWY7_425_H4N3F1Pen1,0.0,0.0,0.0,0.0,0.0,0.0,16466600.0,0.0,0.0,677285.0,0.0,0.0,0.0,8310176.0,0.0,0.0,1231806.0,0.0
Q8RWY7_425_H4N4F2Pen1,0.0,0.0,0.0,0.0,0.0,0.0,0.0,17106420.0,0.0,0.0,1961155.0,0.0,0.0,0.0,0.0,0.0,0.0,0.0
Q8RWY7_425_H4N4F3,0.0,0.0,0.0,0.0,0.0,0.0,0.0,5627503.0,0.0,0.0,0.0,0.0,0.0,0.0,0.0,0.0,0.0,0.0
Q8RWY7_425_H5N4F2Pen1,0.0,0.0,0.0,0.0,0.0,0.0,0.0,0.0,0.0,0.0,0.0,0.0,11870500.0,0.0,0.0,2264978.0,0.0,0.0
Q8RWZ1_119_H3N2F1Pen1,0.0,0.0,0.0,0.0,0.0,0.0,0.0,23590770.0,0.0,0.0,1462395.0,0.0,0.0,14250340.0,0.0,0.0,0.0,0.0
Q8RWZ3_584_H3N2Pen1,0.0,0.0,0.0,0.0,0.0,0.0,0.0,17417830.0,0.0,0.0,0.0,0.0,0.0,0.0,0.0,0.0,0.0,0.0
Q8RWZ5_121_H3N2F1Pen1,4446942.0,0.0,0.0,2040093.0,0.0,0.0,0.0,0.0,0.0,0.0,0.0,0.0,8523683.0,0.0,0.0,7143949.0,0.0,0.0
Q8RWZ5_494_H3N3F1Pen1,0.0,0.0,154660.5,0.0,0.0,2304527.0,0.0,0.0,0.0,0.0,0.0,0.0,0.0,0.0,0.0,0.0,0.0,0.0
Q8RX22_280_H3N2F1Pen1,0.0,0.0,0.0,0.0,0.0,0.0,0.0,0.0,0.0,0.0,5725193.0,0.0,0.0,0.0,0.0,0.0,0.0,0.0
Q8RX55_266_H3N3F1Pen1,0.0,0.0,0.0,0.0,0.0,0.0,0.0,2365874.0,0.0,0.0,726573.7,0.0,0.0,0.0,0.0,0.0,0.0,0.0
Q8RX56_938_H6N2,0.0,0.0,4694484.0,0.0,0.0,0.0,0.0,0.0,0.0,0.0,0.0,0.0,0.0,0.0,0.0,0.0,0.0,0.0
Q8RX67_24_H3N2F1Pen1,0.0,0.0,0.0,0.0,0.0,0.0,0.0,1144322.0,0.0,0.0,9307578.0,10182810.0,0.0,0.0,0.0,0.0,0.0,0.0
Q8RX80_338_H3N4F1Pen1,0.0,0.0,0.0,0.0,0.0,0.0,0.0,5484194.0,0.0,0.0,0.0,0.0,0.0,0.0,0.0,0.0,0.0,0.0
Q8RXA8_22_H3N2F1Pen1,0.0,0.0,0.0,0.0,0.0,0.0,0.0,1265814.0,0.0,0.0,21892360.0,0.0,0.0,911500.6,0.0,0.0,18546320.0,0.0
Q8RXA8_22_H3N2Pen1,0.0,0.0,2304654.0,0.0,0.0,18710730.0,0.0,0.0,0.0,0.0,14049070.0,0.0,0.0,0.0,0.0,0.0,0.0,0.0
Q8RXD4_201_H3N3F1Pen1,0.0,0.0,0.0,0.0,0.0,0.0,0.0,0.0,0.0,0.0,0.0,0.0,0.0,0.0,0.0,0.0,2096459.0,0.0
Q8RXD4_462_H3N4F1Pen1,0.0,2371024.0,0.0,0.0,1282415.0,0.0,0.0,0.0,0.0,0.0,0.0,0.0,0.0,0.0,0.0,0.0,0.0,0.0
Q8RXD4_462_H8N2,0.0,0.0,0.0,0.0,0.0,0.0,0.0,0.0,0.0,0.0,0.0,0.0,0.0,598112.7,0.0,0.0,2585647.0,0.0
Q8RXD4_462_H9N2,0.0,0.0,0.0,0.0,11032730.0,0.0,0.0,0.0,0.0,0.0,0.0,0.0,0.0,0.0,0.0,0.0,0.0,0.0
Q8RXD5_206_H3N2Pen1,0.0,0.0,0.0,0.0,0.0,0.0,0.0,0.0,0.0,0.0,0.0,0.0,0.0,0.0,0.0,0.0,0.0,8005842.0
Q8RXJ0_345_H3N2F1Pen1,0.0,0.0,0.0,0.0,0.0,0.0,0.0,0.0,0.0,0.0,0.0,0.0,0.0,662645.5,0.0,0.0,7419194.0,0.0
Q8RXS5_283_H3N3F1Pen1,0.0,0.0,0.0,0.0,0.0,0.0,0.0,0.0,0.0,0.0,0.0,0.0,0.0,400448.0,0.0,0.0,21233790.0,0.0
Q8RXS6_65_H3N2F1Pen1,0.0,0.0,0.0,0.0,0.0,0.0,0.0,0.0,0.0,0.0,0.0,0.0,0.0,0.0,71770520.0,0.0,0.0,0.0
Q8RY00_149_H3N2F1Pen1,0.0,3518894.0,0.0,0.0,181732.9,0.0,0.0,0.0,0.0,0.0,0.0,0.0,0.0,7751759.0,0.0,0.0,4175309.0,0.0
Q8RY11_447_H3N4F1Pen1,0.0,0.0,0.0,0.0,0.0,0.0,0.0,0.0,0.0,0.0,0.0,0.0,0.0,2908279.0,0.0,0.0,3069115.0,0.0
Q8RY23_485_H3N2F1Pen1,0.0,0.0,0.0,0.0,0.0,0.0,0.0,6595043.0,0.0,0.0,0.0,0.0,0.0,0.0,0.0,0.0,0.0,0.0
Q8RY59_173_H3N3F1Pen1,399973.8,0.0,0.0,4030616.0,0.0,0.0,0.0,0.0,0.0,0.0,0.0,0.0,0.0,0.0,0.0,0.0,0.0,0.0
Q8RY79_3_H6N2,0.0,0.0,0.0,0.0,8203797.0,0.0,0.0,0.0,0.0,0.0,0.0,0.0,0.0,0.0,0.0,0.0,0.0,0.0
Q8RY89_389_H3N3F1Pen1,0.0,0.0,0.0,0.0,0.0,0.0,0.0,0.0,4907925.0,0.0,0.0,0.0,0.0,0.0,0.0,0.0,0.0,0.0
Q8RYD6_281_H3N4F1Pen1,0.0,0.0,0.0,0.0,0.0,0.0,0.0,0.0,14153310.0,0.0,0.0,0.0,0.0,0.0,0.0,0.0,0.0,0.0
Q8RYD6_281_H4N4F2Pen1,0.0,0.0,0.0,0.0,0.0,0.0,0.0,8173689.0,0.0,0.0,1551028.0,0.0,0.0,0.0,0.0,0.0,0.0,0.0
Q8RYD9_151_H7N2,0.0,0.0,0.0,0.0,0.0,0.0,0.0,431561.2,0.0,0.0,9458749.0,0.0,0.0,0.0,0.0,0.0,0.0,0.0
Q8RZV7_1001_H4N3F2Pen1,0.0,0.0,0.0,0.0,0.0,0.0,0.0,0.0,26458730.0,0.0,0.0,34667520.0,13946930.0,0.0,0.0,21934330.0,0.0,0.0
Q8RZV7_1001_H4N4F1Pen1,0.0,0.0,0.0,0.0,0.0,0.0,0.0,12936650.0,0.0,0.0,26828610.0,0.0,0.0,0.0,0.0,0.0,0.0,0.0
Q8RZV7_1001_H4N4F2Pen1,0.0,45872380.0,0.0,0.0,41147660.0,0.0,65825290.0,0.0,0.0,131536900.0,0.0,0.0,25992040.0,0.0,0.0,56634290.0,0.0,0.0
Q8S0F0_763_H3N2F1Pen1,0.0,0.0,0.0,0.0,0.0,0.0,7263470.0,0.0,0.0,4888403.0,0.0,0.0,0.0,0.0,5004634.0,0.0,0.0,5495289.0
Q8S0J7_33_H4N2Pen1,8429742.0,0.0,0.0,0.0,0.0,0.0,0.0,0.0,0.0,0.0,0.0,0.0,0.0,0.0,0.0,0.0,0.0,0.0
Q8S1X9_149_H8N2,0.0,0.0,0.0,4310860.0,0.0,0.0,0.0,0.0,0.0,0.0,0.0,0.0,0.0,0.0,0.0,0.0,0.0,0.0
Q8S3D2_204_H3N2F1Pen1,0.0,0.0,0.0,0.0,0.0,0.0,0.0,0.0,0.0,0.0,0.0,0.0,45862060.0,0.0,0.0,0.0,0.0,0.0
Q8S3U9_467_H9N2,0.0,7920503.0,0.0,0.0,24562850.0,0.0,0.0,0.0,0.0,0.0,0.0,0.0,0.0,0.0,0.0,0.0,0.0,0.0
Q8S403_168_H3N4F1Pen1,0.0,2137827.0,0.0,0.0,174500.2,0.0,0.0,0.0,0.0,0.0,0.0,0.0,0.0,0.0,0.0,0.0,0.0,0.0
Q8S403_22_H7N2,0.0,0.0,0.0,0.0,0.0,0.0,0.0,0.0,322821.3,0.0,0.0,5155819.0,0.0,0.0,0.0,0.0,0.0,0.0
Q8S403_22_H8N2,0.0,0.0,0.0,0.0,0.0,0.0,0.0,0.0,0.0,0.0,0.0,4611425.0,0.0,0.0,0.0,0.0,0.0,0.0
Q8S403_22_H9N2,0.0,0.0,0.0,0.0,0.0,0.0,0.0,0.0,0.0,7033960.0,0.0,0.0,0.0,0.0,0.0,0.0,0.0,5631745.0
Q8S4P9_47_H3N2F1Pen1,0.0,0.0,0.0,7507678.0,0.0,0.0,0.0,0.0,0.0,0.0,0.0,0.0,0.0,0.0,0.0,0.0,0.0,0.0
Q8S4P9_85_H3N2F1Pen1,0.0,0.0,0.0,0.0,0.0,0.0,0.0,0.0,0.0,0.0,0.0,0.0,0.0,8897472.0,0.0,0.0,0.0,0.0
Q8S8I1_179_H3N2F1Pen1,0.0,0.0,0.0,8771760.0,0.0,0.0,0.0,0.0,0.0,0.0,0.0,0.0,0.0,0.0,0.0,0.0,9418403.0,0.0
Q8S8I1_179_H3N4F1Pen1,0.0,0.0,0.0,0.0,0.0,0.0,0.0,0.0,535320.0,0.0,0.0,10052780.0,0.0,0.0,0.0,0.0,0.0,0.0
Q8S8I1_193_H3N2F1Pen1,0.0,0.0,0.0,0.0,0.0,0.0,0.0,0.0,0.0,0.0,0.0,15106520.0,0.0,0.0,0.0,0.0,0.0,0.0
Q8S8I1_205_H3N2F1Pen1,0.0,0.0,0.0,0.0,0.0,0.0,0.0,0.0,6943156.0,0.0,0.0,0.0,0.0,0.0,5711469.0,0.0,0.0,1001358.0
Q8S8I1_76_H8N2,0.0,0.0,0.0,0.0,0.0,0.0,0.0,0.0,0.0,0.0,0.0,9179716.0,0.0,0.0,0.0,0.0,0.0,0.0
Q8S8K9_293_H3N3F1Pen1,0.0,0.0,0.0,0.0,0.0,0.0,0.0,0.0,0.0,10381120.0,0.0,0.0,0.0,0.0,0.0,0.0,0.0,0.0
Q8S8L9_754_H3N3F1Pen1,0.0,0.0,0.0,0.0,0.0,6697814.0,0.0,0.0,0.0,0.0,0.0,0.0,0.0,0.0,0.0,0.0,0.0,0.0
Q8S8L9_754_H6N2,0.0,0.0,0.0,0.0,0.0,0.0,3288150.0,0.0,0.0,0.0,0.0,0.0,0.0,0.0,0.0,0.0,0.0,0.0
Q8S8N9_154_H8N2,0.0,0.0,0.0,0.0,0.0,9898982.0,0.0,0.0,0.0,0.0,0.0,0.0,0.0,0.0,0.0,0.0,0.0,0.0
Q8S8N9_421_H3N2F1Pen1,0.0,0.0,0.0,0.0,0.0,0.0,0.0,29735150.0,0.0,0.0,21104930.0,0.0,0.0,0.0,0.0,0.0,0.0,0.0
Q8S8P6_63_H3N2F1Pen1,0.0,0.0,0.0,0.0,0.0,0.0,0.0,0.0,0.0,0.0,0.0,0.0,0.0,0.0,0.0,17617460.0,0.0,0.0
Q8S8S7_270_H3N3F1Pen1,0.0,0.0,0.0,0.0,0.0,0.0,0.0,0.0,0.0,0.0,0.0,0.0,746565.3,0.0,0.0,3754860.0,0.0,0.0
Q8S8S7_270_H5N4F1Pen1,0.0,0.0,0.0,0.0,0.0,0.0,0.0,0.0,0.0,0.0,0.0,0.0,0.0,0.0,0.0,0.0,0.0,11526830.0
Q8S8S7_763_H3N2F1Pen1,0.0,0.0,0.0,0.0,0.0,0.0,0.0,0.0,0.0,0.0,0.0,0.0,10103330.0,0.0,0.0,0.0,0.0,0.0
Q8S8Y6_88_H3N3Pen1,0.0,0.0,0.0,0.0,0.0,0.0,4644779.0,0.0,0.0,0.0,0.0,0.0,0.0,0.0,0.0,0.0,0.0,0.0
Q8S8Y9_265_H2N2F1Pen1,0.0,0.0,0.0,0.0,0.0,0.0,0.0,0.0,465974.3,0.0,0.0,3485773.0,0.0,0.0,0.0,0.0,0.0,0.0
Q8S904_82_H6N2,5940850.0,0.0,0.0,16982590.0,0.0,0.0,0.0,0.0,0.0,0.0,0.0,0.0,0.0,0.0,0.0,0.0,0.0,0.0
Q8S929_36_H3N3F1Pen1,1090510.0,0.0,1350195.0,13763820.0,0.0,15074110.0,0.0,0.0,0.0,0.0,0.0,0.0,0.0,0.0,607475.2,13198180.0,0.0,13111020.0
Q8S949_491_H9N2,0.0,0.0,0.0,0.0,0.0,0.0,0.0,0.0,0.0,0.0,0.0,0.0,0.0,4285605.0,0.0,0.0,0.0,0.0
Q8S983_522_H3N3F1,7871420.0,0.0,0.0,0.0,0.0,0.0,5118978.0,0.0,0.0,315517.6,0.0,0.0,0.0,0.0,0.0,0.0,0.0,0.0
Q8S985_687_H3N2F1Pen1,0.0,23837740.0,0.0,0.0,0.0,0.0,0.0,0.0,0.0,0.0,0.0,101626100.0,0.0,0.0,0.0,0.0,51114170.0,81991110.0
Q8S985_687_H3N2Pen1,0.0,0.0,0.0,0.0,0.0,0.0,0.0,0.0,0.0,0.0,6178012.0,0.0,3257267.0,0.0,0.0,8255685.0,0.0,0.0
Q8S985_687_H4N2Pen1,0.0,0.0,0.0,0.0,0.0,0.0,0.0,0.0,0.0,9077486.0,0.0,0.0,0.0,0.0,0.0,10746790.0,0.0,0.0
Q8S9G8_600_H3N4F1Pen1,0.0,0.0,0.0,0.0,0.0,12131030.0,0.0,0.0,0.0,0.0,0.0,0.0,0.0,0.0,0.0,0.0,0.0,0.0
Q8S9K3_652_H6N2,0.0,0.0,0.0,0.0,0.0,0.0,0.0,0.0,0.0,0.0,0.0,0.0,21207740.0,0.0,0.0,0.0,0.0,0.0
Q8S9K3_698_H3N2Pen1,0.0,7724205.0,0.0,0.0,583228.0,0.0,0.0,0.0,0.0,0.0,0.0,0.0,0.0,0.0,0.0,0.0,0.0,0.0
Q8S9L0_79_H3N2F1Pen1,0.0,0.0,0.0,21252560.0,0.0,0.0,0.0,0.0,0.0,0.0,0.0,15634050.0,0.0,0.0,0.0,0.0,0.0,0.0
Q8S9L6_131_H7N2,0.0,0.0,0.0,1615149.0,0.0,0.0,0.0,0.0,0.0,0.0,0.0,0.0,0.0,0.0,0.0,0.0,0.0,0.0
Q8SKY1_183_H3N2F1Pen1,0.0,0.0,0.0,0.0,46474360.0,48900520.0,934257.5,0.0,0.0,33493730.0,0.0,0.0,0.0,0.0,629708.9,0.0,0.0,21836150.0
Q8SKY1_183_H4N4Pen1,0.0,0.0,0.0,4985543.0,0.0,0.0,0.0,0.0,0.0,0.0,0.0,0.0,0.0,0.0,0.0,0.0,0.0,4277170.0
Q8VWF5_310_H8N2,0.0,0.0,0.0,0.0,0.0,0.0,3444094.0,0.0,0.0,2061035.0,0.0,0.0,0.0,0.0,0.0,0.0,0.0,0.0
Q8VWF5_510_H3N4F1Pen1,0.0,0.0,0.0,0.0,0.0,0.0,0.0,3902969.0,0.0,0.0,836336.5,0.0,0.0,0.0,0.0,0.0,0.0,0.0
Q8VWI7_11_H3N3F1Pen1,6567589.0,5429855.0,0.0,183953.3,142321.6,0.0,0.0,0.0,0.0,0.0,0.0,0.0,0.0,0.0,0.0,0.0,0.0,0.0
Q8VX13_209_H4N3Pen1,0.0,0.0,0.0,0.0,0.0,0.0,0.0,0.0,0.0,5199881.0,0.0,0.0,0.0,0.0,0.0,0.0,0.0,0.0
Q8VX13_293_H4N4Pen1,0.0,0.0,14524820.0,0.0,0.0,17206390.0,71114500.0,0.0,0.0,90409460.0,0.0,0.0,0.0,30403580.0,0.0,0.0,34408970.0,0.0
Q8VX13_293_H5N4F1Pen1,0.0,0.0,0.0,0.0,0.0,0.0,0.0,5431412.0,0.0,0.0,11260760.0,0.0,0.0,0.0,0.0,0.0,0.0,0.0
Q8VXV7_209_H3N4F1Pen1,0.0,0.0,3881737.0,0.0,0.0,2145099.0,8940632.0,0.0,0.0,1891645.0,0.0,0.0,0.0,0.0,0.0,0.0,0.0,0.0
Q8VXV7_209_H5N3F1Pen1,0.0,0.0,0.0,0.0,0.0,0.0,1611042.0,0.0,0.0,549128.5,0.0,0.0,0.0,0.0,0.0,0.0,0.0,0.0
Q8VXV7_209_H6N2,0.0,3202907.0,0.0,0.0,0.0,0.0,0.0,0.0,0.0,0.0,0.0,0.0,0.0,0.0,0.0,0.0,0.0,0.0
Q8VXV7_209_H7N2,0.0,0.0,15115510.0,0.0,0.0,2564912.0,0.0,14306800.0,0.0,0.0,2886512.0,0.0,4787842.0,0.0,0.0,565225.6,0.0,0.0
Q8VXV7_209_H8N2,0.0,4559033.0,0.0,0.0,471135.8,0.0,15546510.0,0.0,0.0,2825248.0,0.0,0.0,0.0,0.0,0.0,0.0,0.0,0.0
Q8VY01_170_H6N2,0.0,63088770.0,0.0,0.0,734343.7,0.0,0.0,0.0,0.0,0.0,0.0,0.0,0.0,0.0,0.0,0.0,0.0,0.0
Q8VY05_667_H3N3F1Pen1,0.0,0.0,0.0,0.0,0.0,0.0,0.0,0.0,0.0,4308618.0,0.0,0.0,0.0,0.0,0.0,0.0,0.0,0.0
Q8VY06_1016_H3N2Pen1,0.0,0.0,0.0,0.0,0.0,0.0,0.0,0.0,0.0,18760530.0,0.0,0.0,0.0,0.0,0.0,0.0,0.0,0.0
Q8VY07_474_H3N4F1Pen1,5575874.0,0.0,4334171.0,0.0,0.0,0.0,0.0,0.0,0.0,0.0,0.0,0.0,0.0,0.0,0.0,0.0,0.0,0.0
Q8VY08_121_H8N2,0.0,0.0,0.0,0.0,0.0,0.0,0.0,0.0,0.0,0.0,0.0,0.0,3335960.0,0.0,0.0,3553180.0,0.0,0.0
Q8VY08_121_H9N2,0.0,0.0,0.0,0.0,0.0,0.0,0.0,0.0,0.0,0.0,0.0,0.0,0.0,0.0,9952712.0,0.0,0.0,1771846.0
Q8VY15_326_H3N4F1Pen1,0.0,0.0,0.0,0.0,0.0,8357718.0,0.0,0.0,0.0,0.0,0.0,0.0,0.0,0.0,0.0,0.0,0.0,0.0
Q8VY89_97_H3N4Pen1,0.0,0.0,0.0,3561902.0,0.0,0.0,0.0,0.0,0.0,0.0,0.0,0.0,0.0,0.0,0.0,0.0,0.0,0.0
Q8VYF7_34_H3N2F1Pen1,0.0,0.0,0.0,0.0,0.0,0.0,0.0,0.0,0.0,0.0,0.0,0.0,0.0,0.0,0.0,0.0,3994734.0,0.0
Q8VYF9_425_H3N4F1Pen1,0.0,0.0,1233681.0,0.0,0.0,15733700.0,0.0,0.0,0.0,0.0,27001900.0,0.0,0.0,0.0,0.0,0.0,0.0,0.0
Q8VYF9_425_H5N3F1Pen1,0.0,0.0,0.0,0.0,0.0,0.0,0.0,0.0,0.0,0.0,4217674.0,0.0,0.0,0.0,0.0,0.0,0.0,0.0
Q8VYF9_425_H7N2,0.0,0.0,0.0,0.0,0.0,0.0,0.0,0.0,0.0,0.0,4291308.0,0.0,11231010.0,0.0,0.0,2495528.0,0.0,0.0
Q8VYF9_425_H8N2,0.0,0.0,0.0,0.0,4641581.0,0.0,0.0,0.0,0.0,0.0,0.0,0.0,0.0,0.0,0.0,0.0,0.0,0.0
Q8VYJ1_3_H3N4F1Pen1,0.0,0.0,0.0,0.0,0.0,0.0,0.0,0.0,0.0,0.0,0.0,0.0,0.0,0.0,5229523.0,0.0,0.0,0.0
Q8VYL3_404_H9N2,0.0,0.0,0.0,0.0,0.0,0.0,0.0,0.0,0.0,0.0,0.0,0.0,0.0,0.0,2022399.0,0.0,0.0,14316620.0
Q8VYP6_214_H3N2Pen1,0.0,0.0,0.0,16801000.0,0.0,0.0,0.0,0.0,0.0,0.0,21325280.0,0.0,0.0,275982.4,0.0,0.0,19479630.0,0.0
Q8VYR3_334_H3N2F1Pen1,0.0,0.0,0.0,0.0,0.0,0.0,0.0,0.0,1521412.0,0.0,0.0,5477302.0,0.0,0.0,0.0,0.0,0.0,0.0
Q8VYT5_84_H3N2Pen1,12578060.0,0.0,0.0,46397940.0,0.0,0.0,0.0,0.0,0.0,0.0,0.0,0.0,0.0,0.0,0.0,0.0,0.0,0.0
Q8VYT5_84_H4N3F1Pen1,0.0,0.0,0.0,0.0,0.0,0.0,0.0,0.0,1125484.0,0.0,0.0,18560430.0,0.0,0.0,0.0,0.0,0.0,0.0
Q8VYT5_84_H4N3F2Pen1,0.0,0.0,0.0,0.0,0.0,0.0,0.0,0.0,0.0,0.0,0.0,0.0,0.0,0.0,4168001.0,0.0,0.0,14379930.0
Q8VYT5_84_H4N4F1Pen1,0.0,0.0,0.0,0.0,0.0,0.0,3074060.0,0.0,0.0,12939450.0,0.0,0.0,0.0,0.0,0.0,0.0,0.0,0.0
Q8VYT5_84_H4N4F2Pen1,0.0,0.0,0.0,0.0,0.0,0.0,2510358.0,0.0,0.0,15310950.0,0.0,0.0,0.0,0.0,0.0,0.0,0.0,0.0
Q8VYT5_84_H5N2,0.0,0.0,0.0,0.0,0.0,0.0,0.0,12984150.0,0.0,0.0,14543690.0,0.0,0.0,0.0,0.0,0.0,0.0,0.0
Q8VYT5_84_H5N3F1Pen1,0.0,0.0,0.0,0.0,0.0,0.0,2865479.0,0.0,0.0,3616270.0,0.0,0.0,0.0,0.0,0.0,0.0,0.0,0.0
Q8VYT5_84_H5N4F1Pen1,0.0,0.0,0.0,0.0,0.0,0.0,0.0,0.0,3213065.0,0.0,0.0,19824540.0,0.0,0.0,0.0,0.0,0.0,0.0
Q8VYT5_84_H5N4F2Pen1,0.0,0.0,0.0,0.0,0.0,0.0,5891939.0,0.0,0.0,32686530.0,0.0,0.0,1352290.0,0.0,0.0,5445311.0,0.0,0.0
Q8VYT5_84_H5N4F3Pen1,0.0,0.0,0.0,0.0,0.0,0.0,0.0,0.0,0.0,0.0,0.0,0.0,11119090.0,0.0,0.0,61890700.0,0.0,0.0
Q8VYU8_277_H4N3Pen1,0.0,0.0,0.0,0.0,0.0,0.0,0.0,0.0,8396445.0,0.0,0.0,0.0,0.0,0.0,0.0,0.0,0.0,0.0
Q8VYW2_450_H3N4F1Pen1,0.0,0.0,261514.6,0.0,0.0,1821936.0,0.0,0.0,0.0,0.0,0.0,0.0,0.0,0.0,0.0,0.0,0.0,0.0
Q8VYZ5_617_H3N2Pen1,0.0,0.0,0.0,0.0,0.0,0.0,0.0,43298270.0,0.0,0.0,0.0,0.0,0.0,0.0,0.0,0.0,0.0,0.0
Q8VYZ5_617_H3N4F1Pen1,0.0,0.0,0.0,0.0,0.0,0.0,0.0,0.0,0.0,0.0,0.0,0.0,0.0,0.0,0.0,5316274.0,0.0,0.0
Q8VZ22_260_H3N3F1Pen1,0.0,0.0,0.0,0.0,0.0,0.0,1665250.0,0.0,0.0,9016148.0,0.0,0.0,0.0,0.0,834097.5,0.0,0.0,26003540.0
Q8VZ22_260_H3N4F1Pen1,0.0,0.0,0.0,0.0,0.0,0.0,0.0,0.0,0.0,0.0,0.0,0.0,0.0,0.0,0.0,0.0,4192171.0,0.0
Q8VZ22_260_H4N2Pen1,0.0,0.0,0.0,0.0,0.0,0.0,0.0,0.0,0.0,0.0,0.0,0.0,0.0,5426290.0,3881492.0,0.0,19655910.0,18653350.0
Q8VZ22_260_H4N3Pen1,0.0,0.0,0.0,0.0,0.0,0.0,0.0,0.0,0.0,0.0,0.0,0.0,0.0,2391916.0,0.0,0.0,10279810.0,0.0
Q8VZ40_356_H3N2F1Pen1,2145209.0,0.0,0.0,19092970.0,0.0,0.0,3423050.0,0.0,0.0,17649760.0,0.0,0.0,0.0,0.0,0.0,0.0,0.0,0.0
Q8VZ42_76_H3N2F1Pen1,129752000.0,0.0,0.0,65482490.0,0.0,0.0,0.0,0.0,0.0,0.0,0.0,0.0,0.0,0.0,0.0,0.0,0.0,0.0
Q8VZ79_360_H3N2F1Pen1,0.0,0.0,0.0,0.0,0.0,0.0,2864146.0,0.0,0.0,7487549.0,0.0,0.0,0.0,0.0,0.0,0.0,0.0,0.0
Q8VZ79_476_H3N3F1Pen1,7920783.0,0.0,0.0,816971.0,0.0,0.0,0.0,0.0,0.0,0.0,0.0,0.0,0.0,6643941.0,0.0,0.0,631686.8,0.0
Q8VZ79_476_H4N3Pen1,47436390.0,0.0,0.0,0.0,0.0,0.0,0.0,0.0,0.0,0.0,0.0,0.0,0.0,0.0,0.0,0.0,0.0,0.0
Q8VZF4_207_H8N2,0.0,0.0,4225167.0,0.0,0.0,0.0,0.0,0.0,0.0,0.0,0.0,0.0,0.0,0.0,0.0,0.0,0.0,0.0
Q8VZF4_33_H9N2,0.0,0.0,0.0,0.0,0.0,0.0,0.0,0.0,7619592.0,0.0,0.0,28651260.0,0.0,0.0,0.0,0.0,0.0,0.0
Q8VZG2_152_H3N4F1Pen1,0.0,0.0,0.0,0.0,0.0,0.0,0.0,0.0,34494730.0,0.0,0.0,1105662.0,0.0,0.0,21754910.0,0.0,0.0,0.0
Q8VZG2_152_H4N4Pen1,0.0,3078340.0,0.0,0.0,2817806.0,0.0,0.0,0.0,0.0,0.0,0.0,0.0,0.0,0.0,0.0,0.0,0.0,0.0
Q8VZG7_379_H3N4Pen1,0.0,0.0,0.0,0.0,4304604.0,0.0,0.0,0.0,0.0,0.0,0.0,0.0,0.0,0.0,0.0,0.0,0.0,0.0
Q8VZG8_179_H8N2,0.0,0.0,0.0,0.0,0.0,0.0,0.0,0.0,0.0,0.0,0.0,1825724.0,0.0,0.0,0.0,0.0,0.0,0.0
Q8VZG8_580_H4N2F1Pen1,0.0,0.0,0.0,0.0,0.0,0.0,0.0,0.0,0.0,0.0,0.0,14957120.0,0.0,0.0,214981.2,0.0,0.0,11266070.0
Q8VZM5_153_H7N2,0.0,0.0,0.0,0.0,0.0,0.0,0.0,0.0,0.0,0.0,0.0,0.0,1534671.0,0.0,0.0,5881420.0,0.0,0.0
Q8VZN9_360_H3N2F1Pen1,0.0,3199814.0,0.0,0.0,0.0,0.0,0.0,0.0,0.0,0.0,0.0,0.0,0.0,0.0,0.0,0.0,0.0,0.0
Q8VZN9_360_H9N2,0.0,0.0,0.0,0.0,0.0,0.0,0.0,4176667.0,0.0,0.0,17790580.0,0.0,0.0,0.0,0.0,0.0,0.0,0.0
Q8VZU3_351_H9N2,0.0,0.0,0.0,0.0,0.0,0.0,5156454.0,0.0,0.0,24403980.0,0.0,0.0,1927474.0,0.0,0.0,15930060.0,0.0,0.0
Q8W036_143_H3N2F1Pen1,0.0,0.0,0.0,0.0,0.0,0.0,0.0,0.0,0.0,0.0,0.0,0.0,0.0,723680.1,0.0,0.0,32750060.0,0.0
Q8W036_143_H3N4F1Pen1,0.0,0.0,0.0,0.0,0.0,0.0,0.0,0.0,0.0,16833380.0,0.0,0.0,0.0,0.0,0.0,0.0,0.0,0.0
Q8W0W3_49_H4N3Pen1,0.0,0.0,0.0,0.0,0.0,0.0,10629880.0,0.0,0.0,0.0,0.0,0.0,0.0,0.0,0.0,0.0,0.0,0.0
Q8W0Y9_276_H4N3Pen1,0.0,0.0,0.0,0.0,0.0,0.0,0.0,0.0,0.0,0.0,0.0,0.0,3662877.0,0.0,0.0,1454248.0,0.0,0.0
Q8W1E0_1274_H3N2F1Pen1,62790460.0,0.0,0.0,28237030.0,0.0,0.0,0.0,0.0,0.0,0.0,0.0,0.0,0.0,0.0,0.0,0.0,0.0,0.0
Q8W207_433_H6N2,0.0,0.0,0.0,4502312.0,0.0,0.0,0.0,0.0,0.0,0.0,0.0,0.0,0.0,0.0,0.0,0.0,0.0,0.0
Q8W3K0_158_H7N2,0.0,5728114.0,0.0,0.0,1045337.0,0.0,6435806.0,0.0,0.0,994539.8,0.0,0.0,0.0,0.0,0.0,0.0,0.0,0.0
Q8W3K0_686_H3N2Pen1,0.0,0.0,0.0,0.0,0.0,0.0,0.0,0.0,0.0,0.0,0.0,0.0,0.0,44080310.0,0.0,0.0,0.0,0.0
Q8W3K3_728_H3N2Pen1,0.0,0.0,0.0,0.0,0.0,0.0,0.0,0.0,6102775.0,0.0,0.0,0.0,0.0,0.0,0.0,0.0,0.0,0.0
Q8W3Z3_83_H8N2,0.0,0.0,0.0,0.0,0.0,0.0,0.0,0.0,0.0,0.0,0.0,0.0,0.0,0.0,2789710.0,0.0,0.0,15693450.0
Q8W471_160_H3N3F1Pen1,0.0,0.0,0.0,0.0,0.0,0.0,0.0,0.0,0.0,0.0,0.0,0.0,0.0,0.0,17242720.0,0.0,0.0,861774.2
Q8W489_264_H3N4F1Pen1,0.0,0.0,0.0,0.0,0.0,0.0,250954.0,0.0,0.0,20630160.0,0.0,0.0,0.0,0.0,0.0,0.0,0.0,0.0
Q8W489_305_H6N2,0.0,0.0,0.0,0.0,0.0,0.0,4374058.0,0.0,0.0,0.0,0.0,0.0,0.0,0.0,0.0,0.0,0.0,0.0
Q8W4D4_592_H4N3Pen1,0.0,0.0,0.0,0.0,0.0,0.0,0.0,0.0,6366713.0,0.0,0.0,1448477.0,1998131.0,0.0,0.0,0.0,0.0,0.0
Q8W4D6_555_H3N2F1Pen1,29215310.0,0.0,12271900.0,42501100.0,0.0,41195740.0,40408200.0,0.0,0.0,45989940.0,0.0,0.0,0.0,0.0,0.0,0.0,0.0,0.0
Q8W4D6_555_H3N2Pen1,0.0,1463605.0,140569.0,0.0,466054.6,1735712.0,0.0,0.0,0.0,0.0,0.0,0.0,0.0,0.0,0.0,0.0,0.0,0.0
Q8W4D6_555_H3N3F1Pen1,0.0,0.0,0.0,0.0,0.0,12485770.0,0.0,0.0,0.0,0.0,0.0,0.0,0.0,0.0,0.0,0.0,0.0,0.0
Q8W4D6_555_H3N4F1Pen1,0.0,0.0,0.0,0.0,0.0,0.0,0.0,16885220.0,0.0,0.0,15581190.0,0.0,0.0,15751250.0,0.0,0.0,7474300.0,0.0
Q8W4E1_415_H3N2F1Pen1,0.0,0.0,0.0,0.0,0.0,0.0,0.0,0.0,0.0,0.0,13234580.0,0.0,0.0,0.0,0.0,0.0,0.0,0.0
Q8W4I7_280_H3N2F1Pen1,0.0,0.0,0.0,0.0,20916090.0,0.0,0.0,0.0,0.0,76729760.0,0.0,0.0,0.0,0.0,0.0,0.0,0.0,0.0
Q8W4J2_490_H3N2F1Pen1,0.0,0.0,0.0,21878100.0,0.0,0.0,0.0,0.0,0.0,0.0,0.0,0.0,0.0,0.0,0.0,0.0,0.0,0.0
Q8W4K1_667_H3N2F1Pen1,0.0,0.0,0.0,0.0,0.0,0.0,0.0,0.0,0.0,0.0,0.0,6435747.0,0.0,0.0,0.0,0.0,0.0,0.0
Q8W4M7_707_H3N2F1Pen1,0.0,0.0,0.0,0.0,0.0,0.0,0.0,0.0,0.0,0.0,0.0,73829020.0,0.0,0.0,0.0,11536830.0,0.0,0.0
Q8W4N3_759_H3N2F1Pen1,0.0,0.0,0.0,0.0,0.0,0.0,0.0,0.0,0.0,0.0,0.0,0.0,0.0,0.0,0.0,0.0,34460160.0,0.0
Q8W4P9_399_H3N3Pen1,0.0,0.0,0.0,0.0,0.0,3020818.0,0.0,0.0,0.0,0.0,0.0,0.0,0.0,0.0,0.0,0.0,0.0,0.0
Q8W4P9_399_H4N3F1Pen1,0.0,0.0,0.0,0.0,0.0,8112842.0,0.0,0.0,0.0,0.0,0.0,0.0,0.0,0.0,0.0,0.0,0.0,0.0
Q8W4P9_531_H8N2,0.0,2187181.0,3665443.0,0.0,166762.2,182735.3,0.0,0.0,0.0,0.0,0.0,0.0,0.0,0.0,0.0,0.0,0.0,0.0
Q8W4P9_564_H3N3F1Pen1,0.0,0.0,0.0,0.0,0.0,0.0,0.0,0.0,0.0,0.0,0.0,0.0,0.0,0.0,0.0,0.0,0.0,9594327.0
Q8W4Y5_62_H3N2F1Pen1,0.0,0.0,0.0,0.0,0.0,0.0,0.0,0.0,32390520.0,0.0,0.0,6877275.0,0.0,0.0,0.0,0.0,0.0,0.0
Q8W519_732_H8N2,0.0,0.0,0.0,0.0,0.0,0.0,0.0,0.0,0.0,0.0,0.0,0.0,0.0,0.0,0.0,5026921.0,0.0,0.0
Q8W8H5_482_H3N3F1Pen1,0.0,0.0,0.0,0.0,0.0,0.0,20165700.0,0.0,0.0,397596.7,0.0,0.0,0.0,0.0,0.0,0.0,0.0,0.0
Q8WHL6_199_H3N3F1Pen1,0.0,0.0,43225990.0,0.0,0.0,0.0,0.0,16340750.0,0.0,0.0,0.0,0.0,0.0,0.0,0.0,0.0,0.0,0.0
Q8WHX1_64_H3N4F1Pen1,0.0,0.0,0.0,0.0,0.0,0.0,8720265.0,0.0,0.0,920210.6,0.0,0.0,0.0,0.0,0.0,0.0,0.0,0.0
Q8WHX1_656_H3N2F1Pen1,0.0,0.0,0.0,0.0,0.0,0.0,0.0,0.0,0.0,0.0,0.0,0.0,0.0,2666949.0,0.0,0.0,5884518.0,0.0
Q8WI27_132_H7N2,0.0,8060981.0,0.0,0.0,0.0,0.0,13174510.0,0.0,0.0,0.0,0.0,0.0,17252220.0,0.0,0.0,627361.7,0.0,0.0
Q8WI35_39_H8N2,3344564.0,0.0,0.0,1486092.0,0.0,0.0,0.0,0.0,0.0,0.0,0.0,0.0,0.0,0.0,0.0,0.0,0.0,0.0
Q8WIT2_50_H3N2F1Pen1,0.0,0.0,0.0,0.0,0.0,0.0,0.0,12233520.0,0.0,0.0,0.0,0.0,0.0,0.0,0.0,0.0,0.0,0.0
Q8WJR4_36_H7N2,0.0,0.0,0.0,0.0,0.0,0.0,0.0,0.0,0.0,0.0,15963470.0,0.0,0.0,0.0,0.0,0.0,0.0,0.0
Q8WKK9_254_H3N3F1Pen1,0.0,0.0,0.0,0.0,0.0,0.0,0.0,12067390.0,0.0,0.0,6709941.0,0.0,0.0,0.0,0.0,0.0,0.0,0.0
Q8WKK9_487_H2N2F1Pen1,0.0,4668676.0,0.0,0.0,3102549.0,0.0,0.0,0.0,0.0,0.0,0.0,0.0,0.0,0.0,0.0,0.0,0.0,0.0
Q8WKK9_487_H3N2F1Pen1,0.0,0.0,0.0,0.0,0.0,0.0,0.0,0.0,0.0,0.0,0.0,0.0,0.0,58088000.0,55647730.0,0.0,77746910.0,77431910.0
Q93V58_102_H4N2Pen1,0.0,0.0,0.0,0.0,0.0,0.0,0.0,0.0,0.0,0.0,0.0,0.0,0.0,0.0,0.0,0.0,0.0,7983225.0
Q93VJ2_115_H3N2F1Pen1,0.0,0.0,0.0,0.0,0.0,0.0,0.0,0.0,3375116.0,0.0,0.0,48475570.0,0.0,0.0,0.0,0.0,0.0,0.0
Q93VJ2_115_H3N3F1Pen1,0.0,0.0,0.0,0.0,0.0,0.0,0.0,0.0,0.0,9860198.0,0.0,0.0,0.0,0.0,0.0,0.0,0.0,0.0
Q93VJ2_115_H4N3F1Pen1,0.0,0.0,0.0,0.0,0.0,0.0,991104.0,0.0,0.0,11354250.0,5647458.0,0.0,0.0,340561.1,218262.9,0.0,8382382.0,3769667.0
Q93VJ2_115_H4N4F1Pen1,0.0,0.0,0.0,0.0,0.0,0.0,0.0,0.0,2433717.0,0.0,0.0,25437080.0,0.0,0.0,0.0,0.0,0.0,0.0
Q93VJ2_619_H3N2F1Pen1,23219380.0,0.0,0.0,32771500.0,0.0,0.0,0.0,43133910.0,0.0,0.0,54772290.0,0.0,0.0,0.0,0.0,0.0,0.0,0.0
Q93VK5_432_H3N2F1Pen1,0.0,0.0,0.0,0.0,0.0,0.0,0.0,0.0,0.0,0.0,6728464.0,0.0,0.0,0.0,0.0,0.0,0.0,0.0
Q93VK5_432_H4N3F1Pen1,0.0,0.0,0.0,0.0,0.0,10449730.0,0.0,0.0,0.0,0.0,0.0,0.0,0.0,0.0,0.0,0.0,0.0,0.0
Q93VK5_432_H4N3F2Pen1,0.0,464895.9,0.0,0.0,30721910.0,0.0,0.0,0.0,0.0,25305390.0,0.0,0.0,0.0,0.0,0.0,0.0,0.0,8040039.0
Q93VQ0_3_H3N2F1Pen1,0.0,0.0,0.0,0.0,0.0,0.0,0.0,25245940.0,0.0,0.0,22565890.0,0.0,0.0,0.0,0.0,0.0,0.0,0.0
Q93VQ0_719_H9N2,0.0,0.0,0.0,0.0,0.0,0.0,0.0,3172233.0,0.0,0.0,5848808.0,0.0,0.0,0.0,0.0,0.0,0.0,6196679.0
Q93VR3_157_H4N3Pen1,0.0,0.0,0.0,0.0,0.0,0.0,0.0,0.0,0.0,0.0,0.0,0.0,0.0,5002016.0,0.0,0.0,591839.5,0.0
Q93W93_378_H3N2F1Pen1,5836916.0,0.0,0.0,3019561.0,0.0,0.0,0.0,0.0,4891243.0,0.0,0.0,3919798.0,0.0,4920925.0,0.0,0.0,2830379.0,0.0
Q93WJ9_54_H3N3F1Pen1,0.0,0.0,0.0,18679820.0,0.0,0.0,0.0,0.0,0.0,0.0,0.0,0.0,0.0,0.0,0.0,0.0,0.0,0.0
Q93WL3_24_H3N2F1Pen1,0.0,0.0,19473680.0,0.0,0.0,10885960.0,0.0,0.0,0.0,0.0,0.0,0.0,0.0,0.0,0.0,0.0,0.0,0.0
Q93WP4_370_H8N2,7396014.0,0.0,0.0,1124905.0,0.0,0.0,0.0,0.0,0.0,0.0,0.0,0.0,0.0,0.0,27084310.0,0.0,0.0,6973478.0
Q93WP4_370_H9N2,0.0,0.0,5463601.0,0.0,0.0,0.0,0.0,0.0,0.0,0.0,0.0,0.0,0.0,0.0,0.0,0.0,0.0,0.0
Q93WX6_130_H3N2Pen1,0.0,0.0,0.0,0.0,0.0,0.0,1137373.0,0.0,0.0,2939719.0,0.0,0.0,0.0,0.0,0.0,0.0,0.0,0.0
Q93WX6_429_H3N2Pen1,0.0,0.0,0.0,0.0,0.0,0.0,2996459.0,0.0,0.0,1797630.0,0.0,0.0,2316099.0,0.0,0.0,315084.6,0.0,0.0
Q93WX6_69_H3N3F1Pen1,0.0,0.0,0.0,0.0,0.0,5322701.0,0.0,0.0,0.0,0.0,0.0,0.0,0.0,0.0,0.0,0.0,0.0,0.0
Q93WX6_69_H4N3Pen1,0.0,0.0,0.0,7196471.0,0.0,0.0,0.0,0.0,0.0,0.0,0.0,0.0,0.0,0.0,0.0,0.0,0.0,0.0
Q93XY5_261_H5N3F1Pen1,0.0,0.0,0.0,0.0,0.0,0.0,0.0,0.0,0.0,0.0,0.0,0.0,0.0,0.0,10220030.0,0.0,0.0,717314.1
Q93Y22_153_H3N2F1Pen1,0.0,57363270.0,0.0,0.0,0.0,0.0,0.0,0.0,0.0,0.0,0.0,0.0,0.0,0.0,0.0,0.0,0.0,0.0
Q93Y22_153_H3N2Pen1,0.0,0.0,0.0,0.0,0.0,0.0,0.0,0.0,0.0,0.0,0.0,0.0,0.0,1633020.0,0.0,0.0,444879.8,0.0
Q93Y22_153_H4N4F1Pen1,0.0,0.0,0.0,0.0,0.0,0.0,32340750.0,0.0,0.0,687217.9,0.0,0.0,0.0,0.0,0.0,0.0,0.0,0.0
Q93Y37_69_H3N2F1Pen1,0.0,0.0,0.0,0.0,0.0,0.0,0.0,0.0,0.0,0.0,0.0,3668691.0,0.0,0.0,0.0,0.0,0.0,0.0
Q93Y37_69_H7N3,0.0,0.0,0.0,0.0,0.0,0.0,0.0,0.0,0.0,0.0,0.0,0.0,0.0,0.0,6534144.0,0.0,0.0,0.0
Q93YT1_338_H3N2Pen1,0.0,0.0,0.0,0.0,0.0,0.0,0.0,0.0,0.0,0.0,0.0,0.0,0.0,1354291.0,0.0,0.0,0.0,0.0
Q93YU8_435_H6N2,0.0,337494.1,0.0,0.0,16831000.0,0.0,4191910.0,20075980.0,0.0,35399930.0,64256240.0,0.0,0.0,0.0,3488741.0,0.0,0.0,30648490.0
Q93YU8_435_H7N2,0.0,0.0,0.0,8519297.0,0.0,9958291.0,0.0,0.0,0.0,43202450.0,0.0,0.0,0.0,348673.8,0.0,0.0,27442240.0,0.0
Q93YV0_587_H5N3F1Pen1,0.0,0.0,0.0,0.0,0.0,0.0,0.0,0.0,0.0,0.0,0.0,4943573.0,0.0,0.0,0.0,0.0,4715429.0,5683030.0
Q93YW0_443_H8N2,0.0,0.0,0.0,0.0,15106220.0,0.0,0.0,0.0,0.0,0.0,0.0,0.0,0.0,0.0,0.0,0.0,3727288.0,0.0
Q93YW7_85_H3N2F1Pen1,0.0,0.0,0.0,0.0,0.0,0.0,12040200.0,0.0,0.0,8538912.0,0.0,0.0,0.0,0.0,0.0,0.0,0.0,0.0
Q93Z18_354_H8N2,0.0,0.0,0.0,0.0,0.0,0.0,0.0,0.0,0.0,0.0,0.0,0.0,0.0,800911.5,0.0,0.0,21901240.0,0.0
Q93Z51_73_H3N4F1Pen1,0.0,5193909.0,0.0,0.0,4168557.0,0.0,0.0,0.0,0.0,0.0,0.0,0.0,0.0,0.0,8300913.0,0.0,0.0,0.0
Q93Z51_73_H7N2,0.0,1577010.0,0.0,0.0,126024.1,0.0,0.0,0.0,0.0,0.0,0.0,0.0,0.0,0.0,0.0,0.0,0.0,0.0
Q93Z66_57_H3N2F1Pen1,0.0,0.0,10272800.0,0.0,0.0,11574650.0,0.0,0.0,716208.0,0.0,0.0,13377840.0,0.0,0.0,0.0,0.0,0.0,0.0
Q93ZA0_452_H3N2F1Pen1,0.0,5928007.0,0.0,0.0,10180950.0,0.0,0.0,0.0,0.0,0.0,0.0,0.0,0.0,0.0,0.0,0.0,0.0,0.0
Q93ZB2_348_H3N2F1Pen1,0.0,0.0,0.0,0.0,0.0,0.0,609027.3,0.0,0.0,2798038.0,0.0,0.0,0.0,0.0,0.0,0.0,0.0,0.0
Q93ZG7_140_H3N3F1Pen1,211553300.0,0.0,0.0,115386400.0,0.0,0.0,0.0,0.0,0.0,0.0,0.0,0.0,0.0,0.0,0.0,0.0,0.0,39757350.0
Q93ZL5_190_H3N2Pen1,0.0,0.0,0.0,0.0,0.0,0.0,0.0,4996157.0,0.0,0.0,5454379.0,0.0,0.0,0.0,0.0,0.0,0.0,0.0
Q93ZM7_431_H3N2Pen1,0.0,0.0,0.0,0.0,0.0,0.0,0.0,0.0,0.0,0.0,0.0,0.0,0.0,0.0,0.0,0.0,0.0,3623138.0
Q93ZR6_53_H3N4F1Pen1,0.0,0.0,0.0,0.0,0.0,0.0,0.0,0.0,0.0,0.0,0.0,0.0,0.0,0.0,2888673.0,0.0,0.0,0.0
Q93ZS1_67_H3N2F1Pen1,0.0,0.0,0.0,0.0,0.0,0.0,0.0,0.0,0.0,0.0,0.0,0.0,0.0,0.0,0.0,0.0,0.0,2811614.0
Q93ZS4_155_H3N4F1Pen1,0.0,0.0,0.0,0.0,0.0,0.0,0.0,0.0,0.0,3824801.0,0.0,0.0,0.0,0.0,0.0,0.0,0.0,0.0
Q940A6_778_H3N3F1Pen1,0.0,10093980.0,0.0,0.0,2668151.0,0.0,0.0,0.0,0.0,0.0,0.0,0.0,0.0,0.0,0.0,0.0,0.0,0.0
Q940B8_188_H7N2,0.0,0.0,0.0,0.0,0.0,0.0,0.0,0.0,0.0,0.0,0.0,0.0,0.0,18975970.0,0.0,0.0,322164.1,0.0
Q940B8_613_H3N2F1Pen1,0.0,4151201.0,0.0,0.0,0.0,0.0,0.0,0.0,0.0,0.0,0.0,0.0,0.0,0.0,0.0,0.0,0.0,0.0
Q940B8_681_H3N2Pen1,0.0,0.0,0.0,0.0,0.0,0.0,0.0,0.0,0.0,0.0,0.0,0.0,0.0,0.0,737080.3,0.0,0.0,2295448.0
Q940K0_239_H3N3F1Pen1,6911418.0,0.0,6134124.0,7308677.0,0.0,6531806.0,0.0,0.0,0.0,0.0,0.0,0.0,0.0,0.0,0.0,0.0,0.0,0.0
Q940K0_737_H3N2F1Pen1,0.0,0.0,0.0,0.0,0.0,0.0,0.0,0.0,0.0,0.0,0.0,20866260.0,0.0,0.0,0.0,0.0,0.0,0.0
Q940Q8_142_H3N4F1Pen1,0.0,3252041.0,0.0,0.0,0.0,0.0,0.0,0.0,0.0,0.0,0.0,0.0,0.0,0.0,0.0,0.0,0.0,0.0
Q940Q8_142_H4N4F1Pen1,7633930.0,0.0,0.0,440169.5,0.0,0.0,0.0,5324100.0,0.0,0.0,415467.7,0.0,0.0,4183159.0,0.0,0.0,741974.9,0.0
Q940Q8_142_H5N4F2Pen1,0.0,0.0,0.0,0.0,0.0,0.0,0.0,0.0,8257004.0,0.0,0.0,0.0,0.0,0.0,5912111.0,0.0,0.0,605207.8
Q940R4_415_H3N2F1Pen1,0.0,0.0,0.0,0.0,0.0,0.0,0.0,0.0,0.0,8656193.0,0.0,0.0,0.0,0.0,0.0,0.0,0.0,0.0
Q940Y5_430_H3N4F1Pen1,0.0,0.0,0.0,0.0,29696720.0,0.0,0.0,0.0,0.0,0.0,0.0,0.0,0.0,0.0,0.0,0.0,0.0,0.0
Q940Y9_443_H7N2,0.0,0.0,0.0,0.0,0.0,0.0,0.0,0.0,0.0,0.0,0.0,0.0,0.0,5371061.0,0.0,0.0,283974.5,0.0
Q940Y9_514_H3N4F1Pen1,13031910.0,0.0,0.0,1143999.0,0.0,0.0,0.0,0.0,0.0,0.0,0.0,0.0,0.0,0.0,0.0,0.0,0.0,0.0
Q941B6_298_H3N2F1Pen1,0.0,0.0,0.0,0.0,0.0,0.0,0.0,0.0,0.0,0.0,0.0,4522457.0,0.0,0.0,0.0,0.0,0.0,0.0
Q944C2_163_H6N2,0.0,0.0,0.0,0.0,0.0,0.0,56718070.0,0.0,0.0,511243.2,0.0,0.0,0.0,0.0,0.0,0.0,0.0,0.0
Q944I4_304_H3N2F1Pen1,0.0,0.0,0.0,0.0,0.0,0.0,0.0,0.0,8771258.0,0.0,0.0,379771.0,0.0,0.0,0.0,0.0,0.0,0.0
Q944R7_462_H9N2,0.0,0.0,0.0,0.0,0.0,2619642.0,0.0,0.0,0.0,0.0,0.0,0.0,0.0,0.0,0.0,0.0,0.0,0.0
Q944S1_48_H3N4F1Pen1,0.0,0.0,0.0,0.0,0.0,0.0,0.0,3864675.0,0.0,0.0,14840860.0,0.0,0.0,0.0,0.0,0.0,0.0,0.0
Q944Z5_74_H3N2F1Pen1,0.0,0.0,0.0,0.0,0.0,0.0,73883460.0,0.0,0.0,78638820.0,0.0,0.0,0.0,0.0,0.0,0.0,0.0,0.0
Q946J2_646_H3N2F1Pen1,0.0,23467250.0,0.0,0.0,18379400.0,0.0,0.0,0.0,0.0,0.0,0.0,0.0,0.0,0.0,0.0,0.0,0.0,0.0
Q947D2_700_H3N2Pen1,0.0,0.0,0.0,0.0,0.0,0.0,0.0,378297.1,0.0,0.0,2047090.0,0.0,0.0,872184.9,0.0,0.0,2858456.0,0.0
Q949U7_44_H6N2,0.0,0.0,0.0,0.0,0.0,0.0,0.0,14553260.0,0.0,0.0,0.0,0.0,0.0,0.0,0.0,0.0,0.0,0.0
Q949W6_269_H3N2F1Pen1,0.0,0.0,0.0,0.0,0.0,0.0,0.0,0.0,3575711.0,0.0,0.0,3632486.0,0.0,0.0,0.0,0.0,0.0,0.0
Q949W6_316_H8N2,0.0,0.0,0.0,0.0,0.0,0.0,0.0,0.0,0.0,0.0,0.0,0.0,0.0,5268884.0,0.0,0.0,0.0,0.0
Q949X7_21_H8N2,0.0,0.0,1041810.0,0.0,0.0,11992050.0,0.0,0.0,0.0,0.0,0.0,0.0,0.0,0.0,0.0,0.0,0.0,0.0
Q949X7_55_H3N4F1Pen1,0.0,0.0,0.0,0.0,0.0,0.0,0.0,709109.1,0.0,0.0,14868150.0,0.0,0.0,0.0,10869360.0,0.0,0.0,69742740.0
Q949X7_55_H4N4F2Pen1,0.0,0.0,0.0,0.0,0.0,0.0,0.0,0.0,0.0,6111502.0,0.0,0.0,0.0,0.0,0.0,0.0,0.0,0.0
Q949X7_55_H4N4Pen1,0.0,0.0,0.0,0.0,0.0,0.0,0.0,0.0,0.0,0.0,2949797.0,0.0,0.0,0.0,0.0,0.0,0.0,0.0
Q949X9_511_H3N2F1Pen1,2611311.0,0.0,0.0,0.0,0.0,0.0,0.0,0.0,0.0,0.0,0.0,0.0,0.0,0.0,0.0,0.0,0.0,0.0
Q94A28_752_H3N4F1Pen1,0.0,0.0,0.0,0.0,0.0,0.0,0.0,0.0,0.0,0.0,0.0,0.0,0.0,0.0,0.0,0.0,0.0,4140514.0
Q94A40_234_H3N2F1Pen1,0.0,0.0,0.0,0.0,0.0,0.0,0.0,0.0,0.0,2114476.0,0.0,0.0,0.0,0.0,0.0,0.0,0.0,0.0
Q94A41_347_H3N3F1Pen1,0.0,0.0,0.0,0.0,0.0,0.0,0.0,4330335.0,0.0,0.0,253187.2,0.0,0.0,0.0,0.0,0.0,0.0,0.0
Q94AD8_418_H4N2F1Pen1,6288647.0,0.0,0.0,4299030.0,0.0,0.0,0.0,0.0,0.0,0.0,0.0,0.0,0.0,0.0,0.0,0.0,0.0,0.0
Q94AP0_35_H6N2,0.0,0.0,0.0,0.0,0.0,0.0,0.0,1715573.0,0.0,0.0,218413.4,0.0,0.0,0.0,0.0,0.0,0.0,0.0
Q94AQ6_56_H3N2F1Pen1,0.0,0.0,0.0,0.0,0.0,0.0,0.0,0.0,7362726.0,0.0,0.0,0.0,0.0,0.0,0.0,0.0,0.0,0.0
Q94AQ6_56_H3N2Pen1,0.0,0.0,5131021.0,0.0,0.0,903674.1,0.0,0.0,0.0,0.0,0.0,0.0,0.0,0.0,0.0,0.0,0.0,0.0
Q94AQ6_56_H3N3F1Pen1,10779400.0,10704360.0,0.0,3408641.0,3022333.0,0.0,0.0,0.0,0.0,0.0,0.0,0.0,0.0,0.0,0.0,0.0,0.0,0.0
Q94AQ6_56_H3N4F1Pen1,0.0,0.0,16102560.0,0.0,0.0,1746718.0,33941480.0,0.0,0.0,1617173.0,0.0,0.0,0.0,24869470.0,31115880.0,0.0,2906536.0,679460.5
Q94AQ6_56_H4N3Pen1,0.0,0.0,0.0,0.0,0.0,0.0,0.0,0.0,0.0,0.0,0.0,0.0,2629516.0,3820206.0,0.0,0.0,1499023.0,0.0
Q94AQ6_56_H4N4F1Pen1,23260610.0,0.0,24177780.0,2416052.0,0.0,2322583.0,0.0,34021670.0,0.0,0.0,855990.3,0.0,0.0,19868170.0,23278630.0,0.0,1118484.0,2420653.0
Q94AQ6_56_H4N4F2Pen1,0.0,0.0,0.0,0.0,0.0,0.0,7211617.0,0.0,0.0,3593405.0,0.0,0.0,0.0,0.0,10805640.0,0.0,0.0,3921139.0
Q94AQ6_56_H4N4Pen1,4776822.0,0.0,0.0,1343971.0,0.0,0.0,0.0,9525539.0,0.0,0.0,4113307.0,0.0,0.0,0.0,0.0,0.0,0.0,0.0
Q94AQ6_56_H5N4F1Pen1,0.0,0.0,5835456.0,0.0,0.0,1008970.0,14365320.0,15179540.0,0.0,0.0,1438223.0,0.0,0.0,0.0,12077560.0,0.0,0.0,2346534.0
Q94AQ6_56_H5N4F3Pen1,0.0,0.0,0.0,0.0,0.0,0.0,0.0,15483430.0,0.0,0.0,3157991.0,0.0,0.0,0.0,0.0,0.0,0.0,0.0
Q94AQ6_56_H5N4Pen1,0.0,4325149.0,0.0,0.0,2464851.0,0.0,4710718.0,5126725.0,0.0,1300766.0,4085437.0,0.0,0.0,0.0,0.0,0.0,0.0,0.0
Q94AR8_316_H7N2,1868658.0,0.0,0.0,0.0,0.0,0.0,0.0,0.0,0.0,0.0,0.0,0.0,0.0,0.0,0.0,0.0,0.0,0.0
Q94AR8_316_H8N2,0.0,3050961.0,0.0,0.0,1073123.0,0.0,0.0,0.0,0.0,0.0,0.0,0.0,0.0,0.0,0.0,0.0,0.0,0.0
Q94AT5_165_H7N2,0.0,0.0,0.0,0.0,0.0,0.0,1961541.0,0.0,1518000.0,13940780.0,0.0,11642230.0,0.0,0.0,0.0,0.0,0.0,0.0
Q94AT5_165_H8N2,0.0,0.0,0.0,0.0,0.0,20257080.0,0.0,0.0,0.0,0.0,0.0,0.0,0.0,0.0,0.0,0.0,0.0,0.0
Q94AT5_244_H3N4Pen1,0.0,0.0,0.0,0.0,0.0,0.0,0.0,0.0,6850442.0,0.0,0.0,539496.7,0.0,8645114.0,0.0,0.0,0.0,0.0
Q94AT5_244_H6N2,0.0,0.0,0.0,0.0,0.0,0.0,0.0,2674407.0,0.0,0.0,383067.0,0.0,0.0,0.0,0.0,0.0,0.0,0.0
Q94AT5_244_H7N2,0.0,0.0,0.0,0.0,0.0,0.0,0.0,0.0,0.0,0.0,0.0,0.0,0.0,0.0,12655390.0,0.0,0.0,565862.3
Q94AX4_121_H3N4F1Pen1,0.0,0.0,3675312.0,0.0,0.0,0.0,0.0,0.0,0.0,0.0,0.0,0.0,0.0,0.0,0.0,0.0,0.0,0.0
Q94AX5_5_H3N3F1Pen1,0.0,0.0,0.0,0.0,0.0,0.0,0.0,0.0,0.0,0.0,0.0,0.0,904055.7,0.0,0.0,9023356.0,0.0,0.0
Q94AX5_5_H3N4F1Pen1,1143999.0,0.0,0.0,11149270.0,0.0,0.0,0.0,0.0,0.0,0.0,0.0,0.0,0.0,0.0,0.0,0.0,0.0,0.0
Q94AX5_5_H4N4F2Pen1,0.0,0.0,0.0,0.0,0.0,0.0,0.0,0.0,454614.8,0.0,0.0,5815175.0,0.0,0.0,0.0,0.0,0.0,0.0
Q94AX5_65_H3N2Pen1,0.0,2116820.0,0.0,0.0,30198560.0,0.0,0.0,0.0,0.0,0.0,0.0,0.0,0.0,0.0,260005.4,0.0,0.0,2864184.0
Q94AY3_233_H7N2,0.0,0.0,0.0,0.0,0.0,0.0,0.0,0.0,0.0,0.0,0.0,0.0,1875052.0,0.0,0.0,3135372.0,0.0,0.0
Q94AY3_233_H8N2,0.0,0.0,0.0,0.0,0.0,0.0,3424102.0,0.0,0.0,6390011.0,0.0,0.0,0.0,0.0,0.0,0.0,0.0,0.0
Q94B71_28_H3N2F1Pen1,23642070.0,0.0,0.0,3824346.0,0.0,0.0,0.0,0.0,0.0,0.0,0.0,0.0,0.0,0.0,0.0,0.0,0.0,0.0
Q94B78_18_H3N2F1Pen1,0.0,0.0,0.0,0.0,0.0,0.0,56318010.0,0.0,0.0,255792400.0,0.0,0.0,0.0,37585140.0,0.0,0.0,91240340.0,0.0
Q94B78_18_H3N2Pen1,0.0,0.0,0.0,0.0,0.0,0.0,0.0,0.0,0.0,0.0,0.0,7412704.0,0.0,2389372.0,0.0,0.0,6231269.0,0.0
Q94B78_18_H3N3F1Pen1,0.0,0.0,0.0,0.0,0.0,0.0,3307114.0,4501712.0,0.0,53669890.0,56294640.0,0.0,0.0,2942767.0,0.0,4549954.0,37462450.0,0.0
Q94B78_18_H3N4F1Pen1,0.0,0.0,0.0,0.0,0.0,0.0,2089223.0,0.0,1202785.0,9264637.0,0.0,14881570.0,0.0,0.0,0.0,0.0,0.0,0.0
Q94B78_18_H4N4F2Pen1,0.0,0.0,0.0,0.0,0.0,0.0,0.0,0.0,1458601.0,0.0,0.0,17574140.0,0.0,0.0,406152.0,0.0,0.0,10288650.0
Q94BT2_114_H3N2F1Pen1,0.0,0.0,28835340.0,0.0,0.0,6433475.0,0.0,0.0,0.0,0.0,0.0,0.0,0.0,0.0,0.0,0.0,0.0,0.0
Q94BT6_189_H7N2,0.0,3100877.0,4636040.0,0.0,251254.7,926598.5,0.0,0.0,0.0,0.0,0.0,0.0,0.0,0.0,0.0,0.0,0.0,0.0
Q94BV7_3_H3N2F1Pen1,0.0,0.0,0.0,0.0,0.0,0.0,0.0,0.0,0.0,0.0,0.0,0.0,0.0,0.0,0.0,0.0,6509212.0,0.0
Q94C33_414_H6N2,0.0,0.0,0.0,0.0,0.0,0.0,0.0,0.0,0.0,0.0,4417453.0,2812979.0,0.0,0.0,0.0,0.0,0.0,0.0
Q94C69_282_H3N3F1Pen1,21270510.0,0.0,0.0,4791707.0,0.0,0.0,0.0,0.0,0.0,0.0,0.0,0.0,0.0,0.0,0.0,0.0,0.0,0.0
Q94C69_282_H6N2,0.0,0.0,0.0,0.0,0.0,0.0,393566.8,0.0,0.0,3019099.0,0.0,0.0,0.0,0.0,0.0,0.0,0.0,0.0
Q94C98_438_H3N3F1Pen1,0.0,0.0,0.0,0.0,0.0,0.0,3009371.0,4870521.0,0.0,1549833.0,2531879.0,0.0,0.0,0.0,0.0,0.0,0.0,0.0
Q94CD5_383_H3N2F1Pen1,0.0,0.0,0.0,0.0,0.0,0.0,0.0,5076485.0,0.0,0.0,4499437.0,0.0,0.0,0.0,0.0,0.0,0.0,0.0
Q94CE4_221_H3N2F1Pen1,0.0,0.0,0.0,0.0,0.0,0.0,0.0,6377030.0,0.0,0.0,17136390.0,0.0,0.0,0.0,0.0,0.0,0.0,0.0
Q94CI7_249_H3N2F1Pen1,0.0,0.0,0.0,0.0,0.0,0.0,0.0,394185.1,0.0,0.0,9110083.0,0.0,0.0,0.0,0.0,0.0,0.0,0.0
Q94EI3_193_H8N2,13997820.0,0.0,0.0,59456900.0,0.0,0.0,0.0,0.0,0.0,0.0,0.0,0.0,0.0,0.0,0.0,0.0,0.0,0.0
Q94EJ6_321_H6N2,0.0,0.0,0.0,0.0,0.0,0.0,0.0,2454450.0,0.0,0.0,0.0,0.0,0.0,0.0,0.0,0.0,0.0,0.0
Q94F00_10_H4N3Pen1,0.0,0.0,0.0,0.0,0.0,0.0,0.0,0.0,12478280.0,0.0,0.0,1546005.0,0.0,0.0,0.0,0.0,0.0,0.0
Q94F00_35_H5N4F1Pen1,0.0,261081.3,0.0,0.0,14652760.0,0.0,0.0,0.0,0.0,0.0,0.0,0.0,0.0,0.0,0.0,0.0,0.0,0.0
Q94FL9_334_H3N2F1Pen1,0.0,209866.9,0.0,0.0,9433674.0,0.0,0.0,0.0,0.0,0.0,0.0,0.0,0.0,0.0,0.0,0.0,0.0,0.0
Q94FT8_33_H3N2F1Pen1,17719490.0,0.0,0.0,8713901.0,0.0,0.0,0.0,0.0,0.0,0.0,0.0,0.0,0.0,0.0,0.0,0.0,0.0,0.0
Q94FT8_33_H3N4F1Pen1,0.0,0.0,0.0,0.0,0.0,0.0,0.0,13041570.0,0.0,0.0,7280977.0,0.0,0.0,0.0,0.0,0.0,0.0,0.0
Q94HW2_506_H3N2F1Pen1,0.0,8463675.0,0.0,0.0,6006971.0,0.0,0.0,0.0,0.0,0.0,0.0,0.0,0.0,0.0,0.0,0.0,0.0,0.0
Q94IA6_428_H8N2,0.0,0.0,0.0,0.0,0.0,0.0,0.0,0.0,5781239.0,0.0,0.0,209645.3,0.0,0.0,0.0,0.0,0.0,0.0
Q94IG7_29_H3N3F1Pen1,0.0,0.0,0.0,0.0,0.0,0.0,0.0,0.0,0.0,0.0,0.0,0.0,0.0,0.0,0.0,0.0,8183574.0,0.0
Q94IK2_351_H7N2,0.0,0.0,0.0,0.0,0.0,0.0,0.0,0.0,0.0,0.0,0.0,0.0,0.0,0.0,676734.9,0.0,0.0,1431607.0
Q94JT5_90_H3N3F1Pen1,0.0,0.0,0.0,0.0,0.0,0.0,0.0,0.0,0.0,0.0,0.0,0.0,0.0,19514150.0,0.0,0.0,999196.2,0.0
Q94JT5_90_H6N2,0.0,0.0,0.0,0.0,0.0,0.0,0.0,0.0,0.0,0.0,0.0,1896959.0,0.0,0.0,0.0,0.0,0.0,0.0
Q94JW8_388_H3N2F1Pen1,0.0,0.0,2556566.0,0.0,0.0,4377686.0,5163491.0,0.0,0.0,7676011.0,0.0,0.0,0.0,0.0,1593811.0,0.0,0.0,3826147.0
Q94JW8_388_H3N3F1Pen1,1822515.0,2307356.0,0.0,3865600.0,2167672.0,0.0,3683973.0,0.0,0.0,6325821.0,0.0,0.0,0.0,0.0,0.0,0.0,0.0,0.0
Q94JW8_388_H4N3F1Pen1,0.0,0.0,3513700.0,0.0,0.0,2393763.0,0.0,12334670.0,0.0,0.0,19264280.0,0.0,8898184.0,0.0,872183.4,15424040.0,0.0,1965046.0
Q94JW8_388_H4N3F2Pen1,0.0,13702940.0,0.0,0.0,7469698.0,0.0,0.0,19536210.0,0.0,0.0,24043040.0,0.0,0.0,16499650.0,0.0,0.0,21536690.0,0.0
Q94JW8_388_H4N4F1Pen1,17275800.0,10509920.0,0.0,15307070.0,9115381.0,0.0,6146167.0,5816616.0,9669658.0,17573470.0,14354580.0,23975030.0,15826850.0,0.0,4583233.0,43255050.0,0.0,11238660.0
Q94JW8_388_H4N4F2Pen1,0.0,0.0,23500560.0,0.0,0.0,21828030.0,20622110.0,0.0,59894940.0,32188920.0,0.0,108264400.0,0.0,50295280.0,25425630.0,0.0,111499500.0,61963280.0
Q94JW8_388_H4N4F3,0.0,0.0,0.0,0.0,0.0,0.0,0.0,0.0,0.0,0.0,7720193.0,0.0,0.0,0.0,0.0,0.0,0.0,0.0
Q94JW8_388_H5N4F1Pen1,0.0,0.0,0.0,0.0,0.0,0.0,0.0,0.0,0.0,0.0,0.0,0.0,0.0,0.0,288480.0,0.0,0.0,5349480.0
Q94JW8_388_H5N4F2Pen1,0.0,0.0,0.0,0.0,0.0,0.0,2968098.0,5651004.0,0.0,11393400.0,12710120.0,0.0,0.0,1489471.0,0.0,0.0,10171000.0,0.0
Q94JW8_388_H5N4F3Pen1,0.0,0.0,0.0,0.0,0.0,0.0,0.0,7157964.0,0.0,0.0,23805370.0,0.0,0.0,4956723.0,0.0,0.0,15695140.0,0.0
Q94K80_197_H4N3Pen1,0.0,0.0,0.0,0.0,0.0,0.0,0.0,0.0,0.0,0.0,0.0,0.0,0.0,0.0,6436428.0,0.0,0.0,0.0
Q94K85_69_H3N4F1Pen1,0.0,0.0,0.0,0.0,0.0,0.0,0.0,0.0,0.0,0.0,0.0,0.0,0.0,0.0,416238.6,0.0,0.0,7565110.0
Q94KB9_334_H3N2F1Pen1,0.0,0.0,0.0,23219380.0,0.0,0.0,0.0,0.0,0.0,0.0,0.0,0.0,0.0,0.0,0.0,0.0,0.0,0.0
Q94KE1_125_H8N2,0.0,0.0,0.0,0.0,0.0,0.0,0.0,0.0,0.0,0.0,0.0,0.0,0.0,0.0,2203363.0,0.0,0.0,435397.3
Q94KE2_1103_H6N2,0.0,0.0,7972065.0,0.0,0.0,368787.5,7507629.0,0.0,0.0,0.0,0.0,0.0,0.0,0.0,0.0,0.0,0.0,0.0
Q94KE2_443_H3N2F1Pen1,0.0,0.0,0.0,9869196.0,0.0,0.0,0.0,0.0,0.0,0.0,0.0,0.0,0.0,0.0,0.0,0.0,0.0,0.0
Q94KE2_443_H3N2Pen1,0.0,0.0,0.0,2509589.0,0.0,0.0,0.0,0.0,0.0,0.0,0.0,0.0,0.0,0.0,0.0,0.0,0.0,0.0
Q94KE2_443_H3N4F1Pen1,0.0,0.0,0.0,0.0,0.0,0.0,0.0,0.0,0.0,0.0,0.0,0.0,0.0,0.0,0.0,0.0,4299578.0,0.0
Q94KE2_443_H8N2,0.0,0.0,0.0,0.0,0.0,0.0,4929503.0,0.0,0.0,237901.4,0.0,0.0,0.0,0.0,0.0,0.0,0.0,0.0
Q94KE2_454_H3N2F1Pen1,0.0,0.0,0.0,0.0,0.0,0.0,32047070.0,0.0,0.0,0.0,0.0,0.0,0.0,0.0,0.0,0.0,0.0,0.0
Q95661_188_H3N2F1Pen1,0.0,0.0,0.0,0.0,13196760.0,0.0,0.0,0.0,0.0,0.0,0.0,0.0,0.0,0.0,0.0,0.0,0.0,0.0
Q95EF3_11_H7N2,0.0,0.0,0.0,0.0,0.0,0.0,0.0,0.0,0.0,0.0,0.0,0.0,0.0,0.0,242315.0,0.0,0.0,2835478.0
Q96300_230_H3N2F1Pen1,0.0,0.0,0.0,0.0,0.0,0.0,0.0,0.0,0.0,0.0,0.0,0.0,0.0,5351437.0,0.0,0.0,0.0,0.0
Q96320_169_H3N2F1Pen1,0.0,0.0,0.0,0.0,0.0,0.0,0.0,0.0,0.0,0.0,0.0,0.0,0.0,0.0,0.0,2251743.0,0.0,0.0
Q96328_401_H4N4Pen1,0.0,0.0,0.0,0.0,0.0,0.0,0.0,0.0,0.0,0.0,0.0,0.0,0.0,296646.4,0.0,0.0,2715827.0,0.0
Q96522_209_H3N2F1Pen1,0.0,0.0,180934.1,0.0,0.0,7761932.0,0.0,0.0,0.0,0.0,0.0,0.0,0.0,0.0,0.0,0.0,0.0,0.0
Q99069_57_H3N2F1Pen1,0.0,0.0,0.0,0.0,0.0,0.0,0.0,0.0,0.0,0.0,6370572.0,0.0,0.0,0.0,0.0,0.0,0.0,0.0
Q9AR14_249_H3N2F1Pen1,0.0,0.0,1692789.0,0.0,0.0,12992410.0,0.0,0.0,0.0,0.0,0.0,0.0,2388535.0,0.0,0.0,32334870.0,0.0,0.0
Q9AR14_249_H3N3F1Pen1,0.0,0.0,0.0,0.0,0.0,0.0,0.0,0.0,0.0,0.0,4460908.0,14401640.0,0.0,0.0,0.0,6520776.0,0.0,0.0
Q9AR14_249_H3N4F1Pen1,0.0,1450130.0,0.0,0.0,11144470.0,0.0,4156319.0,0.0,0.0,43449910.0,0.0,0.0,0.0,0.0,0.0,0.0,0.0,0.0
Q9AR19_134_H8N2,0.0,198203.9,0.0,0.0,99645730.0,0.0,0.0,174605.4,0.0,0.0,11025360.0,0.0,0.0,0.0,0.0,0.0,0.0,0.0
Q9ASQ6_387_H3N2F1Pen1,103252700.0,0.0,0.0,67452730.0,0.0,0.0,0.0,0.0,34286530.0,0.0,0.0,18579720.0,0.0,0.0,0.0,0.0,0.0,0.0
Q9ASS2_528_H3N2F1Pen1,0.0,0.0,0.0,0.0,0.0,0.0,0.0,0.0,4180612.0,0.0,0.0,41992500.0,0.0,0.0,0.0,0.0,0.0,0.0
Q9AT00_79_H3N2F1Pen1,17069490.0,0.0,0.0,22595400.0,0.0,0.0,0.0,0.0,0.0,0.0,0.0,0.0,27546020.0,0.0,0.0,14670420.0,0.0,0.0
Q9AT00_79_H3N3F1Pen1,0.0,0.0,3091104.0,0.0,0.0,5872582.0,0.0,0.0,0.0,0.0,0.0,0.0,0.0,0.0,0.0,0.0,0.0,0.0
Q9AUE0_158_H3N2F1Pen1,5079718.0,4701922.0,0.0,60803.98,0.0,0.0,0.0,0.0,0.0,0.0,0.0,0.0,0.0,0.0,0.0,0.0,0.0,0.0
Q9AUE0_98_H3N2F1Pen1,0.0,0.0,0.0,0.0,0.0,0.0,0.0,0.0,0.0,0.0,0.0,16085420.0,0.0,0.0,0.0,0.0,0.0,0.0
Q9AXE3_201_H8N2,0.0,0.0,0.0,0.0,0.0,0.0,0.0,16738560.0,0.0,0.0,1461113.0,0.0,0.0,0.0,0.0,0.0,0.0,0.0
Q9AXM6_463_H8N2,0.0,0.0,0.0,0.0,0.0,0.0,0.0,0.0,0.0,0.0,0.0,3812643.0,0.0,0.0,0.0,0.0,0.0,0.0
Q9AXQ8_40_H3N2F1Pen1,0.0,0.0,0.0,0.0,0.0,0.0,0.0,0.0,0.0,8196350.0,0.0,0.0,0.0,0.0,0.0,0.0,0.0,0.0
Q9AXR0_176_H9N2,0.0,0.0,0.0,0.0,0.0,0.0,5550819.0,0.0,0.0,3877677.0,0.0,0.0,0.0,0.0,0.0,0.0,0.0,0.0
Q9AXU4_31_H3N4F1Pen1,0.0,0.0,0.0,0.0,0.0,0.0,0.0,0.0,0.0,0.0,0.0,0.0,0.0,0.0,348047.9,0.0,0.0,12396970.0
Q9BBN0_183_H3N4F1Pen1,0.0,0.0,0.0,0.0,0.0,0.0,0.0,1208854.0,0.0,0.0,8049457.0,0.0,0.0,479435.3,0.0,0.0,6408567.0,9135534.0
Q9BBN0_183_H4N2Pen1,0.0,0.0,0.0,0.0,0.0,0.0,0.0,0.0,0.0,0.0,0.0,0.0,0.0,0.0,502716.8,0.0,0.0,4375268.0
Q9BBN0_183_H7N2,0.0,0.0,4327839.0,0.0,0.0,5547384.0,4814934.0,0.0,0.0,0.0,0.0,0.0,0.0,0.0,0.0,0.0,0.0,0.0
Q9BBN6_1011_H3N2F1Pen1,23333610.0,0.0,0.0,225352.6,0.0,0.0,0.0,0.0,0.0,0.0,0.0,0.0,0.0,0.0,0.0,0.0,0.0,0.0
Q9BBR8_207_H7N2,0.0,0.0,0.0,0.0,0.0,0.0,11070800.0,0.0,8624915.0,0.0,0.0,0.0,0.0,0.0,0.0,0.0,0.0,0.0
Q9BBS9_617_H8N2,0.0,0.0,4562222.0,0.0,0.0,3443400.0,0.0,0.0,0.0,0.0,0.0,0.0,0.0,0.0,0.0,0.0,0.0,0.0
Q9C519_239_H8N2,0.0,0.0,0.0,0.0,0.0,0.0,0.0,2785639.0,1496038.0,0.0,17325200.0,13806020.0,0.0,0.0,893739.1,0.0,0.0,10389090.0
Q9C524_353_H3N2F1Pen1,0.0,21100670.0,0.0,0.0,49782260.0,0.0,0.0,0.0,0.0,0.0,0.0,0.0,0.0,0.0,0.0,0.0,0.0,0.0
Q9C533_197_H3N2F1Pen1,0.0,0.0,1437810.0,0.0,0.0,4707890.0,2996884.0,0.0,0.0,24880170.0,0.0,0.0,0.0,0.0,0.0,0.0,0.0,0.0
Q9C533_197_H3N4F1Pen1,0.0,0.0,0.0,0.0,0.0,0.0,0.0,0.0,0.0,0.0,0.0,0.0,0.0,0.0,13660620.0,0.0,0.0,0.0
Q9C552_654_H3N4F1Pen1,0.0,338854.2,0.0,0.0,6697008.0,0.0,0.0,0.0,0.0,0.0,0.0,0.0,0.0,0.0,0.0,0.0,0.0,0.0
Q9C552_654_H8N2,0.0,0.0,0.0,0.0,0.0,0.0,0.0,0.0,0.0,2084127.0,0.0,0.0,0.0,0.0,0.0,2465027.0,0.0,0.0
Q9C552_654_N2F1,0.0,1721544.0,0.0,0.0,1104115.0,0.0,0.0,0.0,0.0,0.0,0.0,0.0,0.0,0.0,0.0,0.0,0.0,0.0
Q9C587_16_H3N3F1Pen1,0.0,0.0,0.0,0.0,0.0,0.0,0.0,0.0,0.0,0.0,0.0,0.0,0.0,11187010.0,0.0,0.0,0.0,0.0
Q9C5A4_76_H3N4F1Pen1,0.0,0.0,1611618.0,0.0,0.0,761036.0,0.0,0.0,0.0,0.0,0.0,0.0,0.0,0.0,0.0,0.0,0.0,0.0
Q9C5E7_235_H3N4F1Pen1,0.0,0.0,0.0,0.0,0.0,0.0,6323141.0,0.0,0.0,10284000.0,0.0,0.0,0.0,0.0,0.0,0.0,0.0,0.0
Q9C5J3_876_H3N4F1Pen1,0.0,28245860.0,0.0,0.0,16616440.0,0.0,18496470.0,0.0,0.0,19316290.0,0.0,0.0,0.0,0.0,0.0,0.0,0.0,0.0
Q9C5J3_876_H3N4Pen1,0.0,0.0,0.0,0.0,0.0,0.0,0.0,7328405.0,0.0,0.0,5410197.0,0.0,0.0,0.0,0.0,0.0,0.0,0.0
Q9C5J8_318_H5N2,0.0,327975.3,0.0,0.0,7112258.0,0.0,0.0,0.0,0.0,0.0,0.0,0.0,0.0,0.0,0.0,0.0,0.0,8133806.0
Q9C5J8_318_H6N2,0.0,0.0,0.0,0.0,0.0,101083900.0,0.0,0.0,0.0,99516900.0,0.0,0.0,0.0,0.0,0.0,0.0,0.0,94893330.0
Q9C5M0_146_H3N4F1Pen1,0.0,0.0,0.0,0.0,0.0,0.0,7560575.0,0.0,0.0,29543830.0,0.0,0.0,0.0,0.0,0.0,0.0,0.0,0.0
Q9C5T3_113_H5N2,0.0,0.0,0.0,0.0,0.0,0.0,0.0,0.0,0.0,0.0,4670466.0,0.0,0.0,0.0,0.0,0.0,0.0,0.0
Q9C5U0_856_H3N2F1Pen1,0.0,0.0,0.0,0.0,0.0,0.0,0.0,0.0,0.0,0.0,0.0,0.0,0.0,0.0,0.0,0.0,4222287.0,0.0
Q9C5U2_72_H3N3F1Pen1,0.0,0.0,0.0,0.0,0.0,7845474.0,0.0,0.0,0.0,0.0,0.0,0.0,0.0,0.0,0.0,0.0,0.0,0.0
Q9C5U2_72_H4N3Pen1,0.0,0.0,99507.88,0.0,0.0,6676108.0,0.0,0.0,0.0,0.0,0.0,0.0,0.0,0.0,0.0,0.0,0.0,20057020.0
Q9C5X4_167_H3N3F1Pen1,0.0,0.0,0.0,0.0,0.0,0.0,0.0,0.0,0.0,0.0,0.0,0.0,40401990.0,0.0,0.0,887611.4,0.0,0.0
Q9C5X4_977_H3N2F1Pen1,0.0,0.0,0.0,0.0,0.0,0.0,0.0,2626896.0,0.0,0.0,970556.2,0.0,0.0,0.0,0.0,0.0,0.0,0.0
Q9C5Z1_194_H7N2,781541.9,0.0,0.0,4330374.0,0.0,0.0,0.0,0.0,0.0,0.0,0.0,0.0,0.0,0.0,0.0,5409933.0,0.0,0.0
Q9C5Z1_194_H8N2,0.0,0.0,1001819.0,0.0,0.0,3434894.0,0.0,0.0,0.0,0.0,0.0,0.0,0.0,0.0,0.0,0.0,0.0,0.0
Q9C638_677_H3N3F1Pen1,163474.9,0.0,0.0,9679220.0,0.0,0.0,0.0,0.0,0.0,0.0,0.0,0.0,0.0,0.0,0.0,0.0,0.0,0.0
Q9C652_130_H3N2Pen1,0.0,0.0,0.0,3619993.0,0.0,0.0,0.0,0.0,0.0,0.0,0.0,0.0,0.0,0.0,0.0,0.0,0.0,0.0
Q9C652_56_H3N4F1Pen1,0.0,0.0,0.0,0.0,0.0,0.0,0.0,6732674.0,0.0,0.0,2412167.0,0.0,0.0,0.0,0.0,0.0,0.0,0.0
Q9C660_395_H7N2,0.0,0.0,0.0,0.0,0.0,0.0,0.0,4588805.0,0.0,0.0,215974.3,0.0,0.0,0.0,0.0,0.0,0.0,0.0
Q9C660_395_H9N2,0.0,0.0,0.0,0.0,0.0,0.0,2759987.0,0.0,0.0,1239014.0,0.0,0.0,0.0,2503916.0,0.0,0.0,0.0,0.0
Q9C670_204_H6N3,0.0,0.0,0.0,0.0,0.0,0.0,5248377.0,0.0,0.0,33918200.0,0.0,0.0,0.0,0.0,8509454.0,0.0,0.0,30176590.0
Q9C670_204_H8N2,0.0,0.0,0.0,0.0,0.0,0.0,0.0,0.0,0.0,0.0,0.0,0.0,3558221.0,0.0,2709765.0,8187249.0,0.0,8542691.0
Q9C680_499_H3N2F1Pen1,0.0,0.0,0.0,0.0,0.0,0.0,0.0,0.0,0.0,0.0,0.0,0.0,0.0,13868840.0,0.0,0.0,1579083.0,0.0
Q9C688_169_H3N2F1Pen1,0.0,21176070.0,0.0,0.0,21302840.0,0.0,2716673.0,0.0,0.0,0.0,0.0,0.0,0.0,0.0,0.0,0.0,0.0,0.0
Q9C688_169_H3N4Pen1,0.0,0.0,0.0,0.0,0.0,0.0,0.0,0.0,0.0,11265740.0,0.0,0.0,0.0,0.0,0.0,0.0,7109316.0,0.0
Q9C688_169_H6N2,0.0,0.0,0.0,0.0,0.0,0.0,352635.8,0.0,0.0,1341810.0,0.0,0.0,0.0,0.0,0.0,0.0,0.0,0.0
Q9C688_169_H7N2,0.0,0.0,0.0,0.0,0.0,0.0,0.0,0.0,0.0,0.0,0.0,0.0,0.0,0.0,0.0,0.0,13024190.0,0.0
Q9C689_74_H3N2F1Pen1,0.0,0.0,0.0,0.0,0.0,0.0,0.0,7983272.0,2496593.0,0.0,6621363.0,2084594.0,0.0,0.0,0.0,0.0,0.0,0.0
Q9C691_38_H3N2F1Pen1,34752620.0,0.0,0.0,52719670.0,0.0,0.0,0.0,0.0,21205860.0,0.0,0.0,1108717.0,0.0,0.0,0.0,0.0,0.0,0.0
Q9C691_38_H3N2Pen1,0.0,0.0,0.0,0.0,0.0,0.0,0.0,0.0,0.0,0.0,0.0,0.0,0.0,0.0,1692297.0,0.0,0.0,1138881.0
Q9C691_38_H4N2Pen1,0.0,0.0,739580.6,0.0,0.0,0.0,0.0,0.0,0.0,0.0,0.0,0.0,0.0,0.0,0.0,0.0,0.0,0.0
Q9C699_484_H2N2F1Pen1,0.0,168540.8,0.0,0.0,4930845.0,0.0,0.0,0.0,0.0,0.0,0.0,0.0,0.0,0.0,0.0,0.0,0.0,0.0
Q9C699_637_H3N4Pen1,0.0,0.0,0.0,0.0,0.0,0.0,4218916.0,0.0,0.0,2962502.0,0.0,0.0,0.0,0.0,0.0,0.0,0.0,0.0
Q9C6A6_279_H3N2F1Pen1,0.0,6050051.0,0.0,0.0,1016484.0,0.0,0.0,0.0,0.0,0.0,0.0,0.0,0.0,0.0,0.0,0.0,0.0,0.0
Q9C6A6_279_H3N2Pen1,0.0,13607140.0,0.0,0.0,0.0,0.0,0.0,0.0,0.0,0.0,0.0,0.0,0.0,0.0,0.0,0.0,0.0,0.0
Q9C6A6_279_H5N2,0.0,7087236.0,0.0,0.0,0.0,0.0,0.0,0.0,14444860.0,0.0,0.0,458611.9,0.0,0.0,0.0,0.0,0.0,0.0
Q9C6A8_109_H3N2F1Pen1,0.0,0.0,0.0,0.0,0.0,0.0,0.0,0.0,0.0,0.0,0.0,16241430.0,0.0,0.0,0.0,0.0,0.0,0.0
Q9C6A8_194_H6N2,0.0,23849270.0,0.0,0.0,0.0,0.0,0.0,0.0,0.0,0.0,0.0,0.0,0.0,5252394.0,0.0,0.0,783191.7,0.0
Q9C6A8_809_H5N4F3Pen1,0.0,0.0,0.0,15312250.0,0.0,0.0,0.0,0.0,0.0,18139580.0,0.0,0.0,0.0,0.0,0.0,0.0,0.0,19061050.0
Q9C6G0_1196_H3N2F1Pen1,12485470.0,0.0,0.0,1417334.0,0.0,0.0,0.0,4706426.0,0.0,0.0,0.0,0.0,0.0,0.0,0.0,0.0,0.0,0.0
Q9C6H2_122_H3N2F1Pen1,0.0,0.0,0.0,0.0,0.0,0.0,0.0,32411340.0,0.0,0.0,5098881.0,0.0,0.0,0.0,0.0,0.0,0.0,0.0
Q9C6I7_6_H3N2F1Pen1,0.0,0.0,0.0,0.0,0.0,0.0,0.0,0.0,0.0,0.0,14922960.0,0.0,0.0,0.0,0.0,0.0,0.0,0.0
Q9C6I8_519_H3N3F1Pen1,0.0,0.0,0.0,0.0,0.0,0.0,0.0,0.0,0.0,0.0,0.0,0.0,0.0,0.0,0.0,0.0,0.0,14864520.0
Q9C6K9_502_H3N4F1Pen1,0.0,0.0,0.0,0.0,0.0,0.0,0.0,0.0,0.0,0.0,25811090.0,0.0,0.0,0.0,0.0,0.0,0.0,0.0
Q9C6S1_894_H7N2,0.0,0.0,0.0,0.0,0.0,4752722.0,0.0,0.0,0.0,0.0,0.0,0.0,0.0,0.0,0.0,0.0,0.0,0.0
Q9C6W5_189_H7N2,0.0,0.0,2406328.0,0.0,0.0,508612.6,0.0,0.0,0.0,0.0,0.0,0.0,0.0,0.0,0.0,0.0,0.0,0.0
Q9C6W5_189_H8N2,0.0,0.0,3587660.0,0.0,0.0,1349838.0,0.0,0.0,0.0,0.0,0.0,0.0,0.0,0.0,0.0,0.0,0.0,0.0
Q9C6Y3_48_H3N3F1Pen1,0.0,0.0,93010680.0,0.0,0.0,59745570.0,0.0,0.0,126974800.0,0.0,0.0,38004410.0,0.0,0.0,0.0,0.0,0.0,0.0
Q9C6Y3_48_H4N3Pen1,45083920.0,0.0,0.0,0.0,0.0,0.0,0.0,0.0,0.0,0.0,0.0,0.0,0.0,0.0,0.0,0.0,0.0,0.0
Q9C6Y4_1023_H4N2Pen1,12844320.0,0.0,0.0,1498924.0,0.0,0.0,0.0,0.0,0.0,0.0,0.0,0.0,0.0,0.0,0.0,0.0,0.0,0.0
Q9C6Y4_2097_H3N3F1Pen1,12963410.0,0.0,0.0,4192681.0,0.0,0.0,0.0,18977890.0,27016850.0,0.0,4120165.0,5686009.0,15584300.0,16987180.0,0.0,3999982.0,2795453.0,0.0
Q9C6Y4_432_H3N4F1Pen1,0.0,0.0,0.0,0.0,0.0,0.0,0.0,0.0,0.0,0.0,0.0,0.0,0.0,0.0,0.0,0.0,0.0,11771020.0
Q9C6Z3_34_H3N2F1Pen1,0.0,0.0,0.0,0.0,0.0,0.0,0.0,0.0,0.0,0.0,0.0,0.0,20281360.0,0.0,0.0,684603.9,0.0,0.0
Q9C758_313_H7N2,0.0,0.0,0.0,0.0,0.0,0.0,0.0,0.0,0.0,0.0,0.0,0.0,693854.0,0.0,0.0,6420995.0,0.0,0.0
Q9C758_313_H8N2,0.0,6516660.0,7649831.0,0.0,25712320.0,26856800.0,6016221.0,0.0,0.0,30066460.0,0.0,0.0,0.0,10748760.0,0.0,0.0,64888350.0,0.0
Q9C7D2_306_H7N2,0.0,0.0,0.0,0.0,0.0,0.0,0.0,0.0,0.0,0.0,0.0,0.0,0.0,4869649.0,0.0,0.0,0.0,0.0
Q9C7D2_345_H3N3F1Pen1,0.0,0.0,0.0,0.0,0.0,0.0,0.0,0.0,0.0,0.0,0.0,0.0,0.0,0.0,0.0,0.0,0.0,24289620.0
Q9C7D4_305_H4N3Pen1,0.0,0.0,0.0,0.0,0.0,0.0,0.0,0.0,0.0,0.0,0.0,0.0,0.0,0.0,14470380.0,0.0,0.0,3096069.0
Q9C7D4_305_H8N2,0.0,0.0,0.0,0.0,0.0,0.0,0.0,214585.2,0.0,0.0,25415710.0,0.0,0.0,0.0,0.0,0.0,38526710.0,0.0
Q9C7F2_938_H3N2F1Pen1,0.0,0.0,0.0,0.0,0.0,0.0,0.0,0.0,8764292.0,0.0,0.0,6766827.0,0.0,0.0,0.0,0.0,0.0,0.0
Q9C7G0_237_H3N3Pen1,0.0,0.0,364541.3,0.0,0.0,2522628.0,0.0,0.0,0.0,0.0,0.0,0.0,0.0,0.0,0.0,0.0,0.0,0.0
Q9C7G0_237_H3N4Pen1,0.0,0.0,0.0,0.0,0.0,0.0,0.0,0.0,0.0,0.0,0.0,6122603.0,0.0,0.0,0.0,0.0,0.0,0.0
Q9C7G0_540_H3N2F1Pen1,0.0,0.0,0.0,0.0,0.0,0.0,0.0,0.0,0.0,0.0,0.0,0.0,0.0,0.0,0.0,0.0,26470820.0,0.0
Q9C7G0_64_H8N2,0.0,3032827.0,0.0,0.0,0.0,0.0,0.0,0.0,0.0,0.0,0.0,0.0,0.0,0.0,0.0,0.0,0.0,0.0
Q9C7J9_188_H3N2F1Pen1,0.0,0.0,3177719.0,0.0,0.0,214744.9,0.0,0.0,0.0,0.0,0.0,0.0,6844803.0,6062187.0,0.0,0.0,0.0,0.0
Q9C7M1_189_H3N2F1Pen1,0.0,0.0,0.0,0.0,0.0,0.0,0.0,6683143.0,0.0,0.0,0.0,0.0,0.0,0.0,0.0,0.0,0.0,0.0
Q9C7S5_824_H3N2F1Pen1,0.0,0.0,48349690.0,0.0,0.0,58996380.0,0.0,0.0,0.0,0.0,0.0,0.0,0.0,0.0,0.0,0.0,0.0,0.0
Q9C7U1_289_H8N2,0.0,0.0,0.0,0.0,0.0,0.0,3459526.0,0.0,0.0,0.0,0.0,0.0,0.0,0.0,0.0,0.0,0.0,0.0
Q9C7X8_376_H7N3,0.0,0.0,0.0,0.0,0.0,0.0,0.0,0.0,0.0,0.0,0.0,0.0,0.0,3060508.0,0.0,0.0,1880116.0,0.0
Q9C810_149_H3N2F1Pen1,0.0,0.0,0.0,0.0,0.0,0.0,0.0,0.0,0.0,0.0,7956521.0,0.0,0.0,0.0,0.0,0.0,0.0,0.0
Q9C810_438_H4N3F2Pen1,0.0,0.0,0.0,0.0,0.0,0.0,0.0,0.0,0.0,0.0,0.0,0.0,0.0,0.0,0.0,0.0,0.0,34415270.0
Q9C813_35_H3N2F1Pen1,0.0,0.0,0.0,0.0,0.0,0.0,0.0,0.0,0.0,18659570.0,0.0,0.0,0.0,0.0,0.0,0.0,0.0,0.0
Q9C813_35_H3N3F1Pen1,0.0,0.0,0.0,0.0,0.0,0.0,0.0,0.0,0.0,0.0,0.0,0.0,0.0,0.0,214626600.0,0.0,0.0,6077437.0
Q9C813_617_H3N4F1Pen1,0.0,0.0,203329.8,0.0,0.0,6142647.0,0.0,0.0,0.0,0.0,0.0,0.0,0.0,0.0,0.0,0.0,0.0,0.0
Q9C823_137_H3N2F1Pen1,0.0,0.0,0.0,0.0,0.0,0.0,0.0,21226200.0,0.0,0.0,624433.1,0.0,0.0,0.0,0.0,0.0,0.0,0.0
Q9C829_146_H7N2,0.0,0.0,0.0,0.0,0.0,3272408.0,0.0,0.0,0.0,0.0,0.0,0.0,0.0,0.0,0.0,0.0,0.0,0.0
Q9C876_7_H3N3F1Pen1,0.0,0.0,0.0,0.0,0.0,0.0,0.0,0.0,0.0,0.0,0.0,4738559.0,0.0,0.0,0.0,0.0,0.0,0.0
Q9C884_5_H4N2Pen1,0.0,0.0,0.0,0.0,3685486.0,0.0,0.0,0.0,0.0,0.0,0.0,0.0,0.0,0.0,0.0,0.0,0.0,0.0
Q9C888_419_H9N2,0.0,0.0,0.0,0.0,0.0,0.0,0.0,0.0,714717.1,0.0,0.0,16397100.0,0.0,0.0,0.0,0.0,0.0,0.0
Q9C8E7_712_H3N2F1Pen1,0.0,0.0,0.0,0.0,0.0,0.0,60690160.0,0.0,0.0,12985640.0,0.0,0.0,37573980.0,0.0,0.0,6680253.0,0.0,0.0
Q9C8E7_909_H8N2,0.0,0.0,0.0,0.0,0.0,0.0,0.0,0.0,0.0,0.0,5472147.0,0.0,0.0,0.0,0.0,3911027.0,0.0,4945066.0
Q9C8I6_287_H3N2F1Pen1,362600.4,0.0,0.0,11750250.0,0.0,0.0,0.0,0.0,0.0,0.0,0.0,0.0,0.0,0.0,0.0,0.0,0.0,0.0
Q9C8I6_287_H4N3Pen1,0.0,0.0,0.0,2911393.0,0.0,0.0,0.0,0.0,0.0,0.0,0.0,0.0,0.0,0.0,0.0,0.0,0.0,0.0
Q9C8J6_458_H8N2,0.0,0.0,0.0,0.0,0.0,0.0,17871840.0,0.0,17295790.0,15918210.0,0.0,21015450.0,1839754.0,0.0,14320170.0,3336348.0,0.0,23004410.0
Q9C8J8_367_H3N2F1Pen1,0.0,0.0,0.0,0.0,0.0,0.0,0.0,9237385.0,0.0,0.0,13803760.0,0.0,0.0,0.0,0.0,0.0,0.0,0.0
Q9C8J8_367_H3N3F1Pen1,0.0,0.0,0.0,0.0,0.0,0.0,0.0,9572257.0,0.0,0.0,10649450.0,0.0,0.0,0.0,0.0,0.0,0.0,0.0
Q9C8J8_367_H3N4F1Pen1,0.0,0.0,0.0,0.0,0.0,0.0,54201610.0,0.0,0.0,52467420.0,0.0,0.0,0.0,44397210.0,0.0,0.0,43779930.0,0.0
Q9C8J8_367_H6N2,0.0,0.0,0.0,0.0,0.0,0.0,0.0,8617094.0,0.0,0.0,707028.7,0.0,0.0,0.0,0.0,0.0,0.0,0.0
Q9C8K1_16_H3N2F1Pen1,0.0,0.0,0.0,0.0,0.0,0.0,0.0,0.0,0.0,0.0,0.0,0.0,0.0,0.0,382867.3,0.0,0.0,8248949.0
Q9C8L4_267_H3N4F1Pen1,0.0,0.0,0.0,0.0,0.0,0.0,0.0,0.0,13004550.0,0.0,0.0,4755208.0,0.0,0.0,0.0,0.0,0.0,0.0
Q9C8M2_28_H3N2F1Pen1,0.0,0.0,0.0,9422551.0,0.0,0.0,0.0,0.0,0.0,9977307.0,0.0,7879727.0,0.0,0.0,0.0,0.0,0.0,0.0
Q9C8N5_84_H3N3F1Pen1,0.0,0.0,0.0,0.0,0.0,5021289.0,0.0,0.0,0.0,0.0,0.0,0.0,0.0,0.0,0.0,0.0,0.0,0.0
Q9C8N5_84_H4N4Pen1,0.0,0.0,0.0,0.0,0.0,4047623.0,0.0,0.0,0.0,0.0,0.0,0.0,0.0,0.0,0.0,0.0,0.0,0.0
Q9C8P7_174_H3N4F1Pen1,0.0,0.0,0.0,0.0,0.0,0.0,0.0,0.0,0.0,0.0,0.0,0.0,0.0,0.0,17077570.0,0.0,0.0,0.0
Q9C8T9_693_H3N3F1Pen1,0.0,0.0,950696.6,0.0,0.0,7313773.0,0.0,0.0,0.0,0.0,0.0,0.0,0.0,0.0,0.0,0.0,0.0,0.0
Q9C8U0_80_H3N3F1Pen1,0.0,0.0,0.0,0.0,0.0,0.0,83049850.0,86999690.0,0.0,3799310.0,4300795.0,0.0,0.0,0.0,0.0,0.0,0.0,0.0
Q9C8U8_142_H4N2Pen1,0.0,0.0,0.0,0.0,0.0,0.0,0.0,0.0,0.0,0.0,0.0,11182150.0,0.0,0.0,0.0,0.0,0.0,0.0
Q9C8Y5_285_H3N2F1Pen1,0.0,0.0,0.0,0.0,0.0,0.0,3708128.0,0.0,0.0,6839485.0,0.0,0.0,0.0,0.0,0.0,0.0,0.0,0.0
Q9C8Y5_285_H3N4F1Pen1,0.0,0.0,26063240.0,0.0,0.0,18130980.0,0.0,0.0,0.0,0.0,0.0,0.0,0.0,0.0,0.0,0.0,0.0,0.0
Q9C8Y5_285_H3N4Pen1,0.0,0.0,8186464.0,0.0,0.0,4245382.0,0.0,0.0,0.0,0.0,0.0,0.0,0.0,0.0,0.0,0.0,0.0,0.0
Q9C8Y5_285_H4N4F1Pen1,0.0,0.0,0.0,0.0,0.0,0.0,0.0,2332220.0,0.0,0.0,17086760.0,0.0,0.0,0.0,0.0,0.0,0.0,0.0
Q9C8Y5_285_H4N4F2Pen1,0.0,4837926.0,0.0,0.0,3773704.0,0.0,8377449.0,0.0,0.0,19241100.0,0.0,0.0,0.0,0.0,0.0,0.0,0.0,0.0
Q9C8Y5_285_H5N4F3Pen1,0.0,0.0,0.0,0.0,0.0,0.0,0.0,0.0,6031353.0,0.0,0.0,14562810.0,730546.8,0.0,0.0,9575445.0,0.0,0.0
Q9C8Z4_1553_H7N2,3185643.0,0.0,0.0,437734.2,0.0,0.0,0.0,0.0,0.0,0.0,0.0,0.0,0.0,0.0,0.0,0.0,0.0,0.0
Q9C8Z9_144_H8N2,0.0,0.0,0.0,0.0,0.0,0.0,0.0,0.0,0.0,0.0,0.0,0.0,0.0,0.0,0.0,0.0,0.0,13551860.0
Q9C8Z9_144_H9N2,0.0,0.0,0.0,0.0,0.0,8424055.0,0.0,0.0,0.0,0.0,0.0,0.0,0.0,0.0,0.0,0.0,0.0,0.0
Q9C911_220_H3N2F1Pen1,0.0,7628681.0,0.0,0.0,665943.1,0.0,0.0,0.0,0.0,0.0,0.0,0.0,0.0,0.0,5485948.0,0.0,0.0,0.0
Q9C920_205_H3N2Pen1,0.0,15282240.0,0.0,0.0,0.0,0.0,14267020.0,0.0,0.0,0.0,0.0,0.0,0.0,13945150.0,0.0,0.0,0.0,0.0
Q9C951_703_H6N2,0.0,0.0,0.0,0.0,0.0,0.0,0.0,0.0,3319578.0,0.0,0.0,731429.2,0.0,0.0,0.0,0.0,0.0,0.0
Q9C955_163_H3N4F1Pen1,0.0,0.0,13295960.0,0.0,0.0,0.0,0.0,0.0,13335780.0,0.0,0.0,0.0,0.0,0.0,0.0,0.0,0.0,0.0
Q9C955_163_H4N4F2Pen1,0.0,0.0,0.0,0.0,0.0,0.0,0.0,6526882.0,0.0,0.0,0.0,0.0,0.0,0.0,0.0,0.0,0.0,0.0
Q9C955_163_H7N2,0.0,0.0,0.0,0.0,0.0,0.0,7645316.0,0.0,0.0,0.0,0.0,0.0,0.0,0.0,11191500.0,0.0,0.0,0.0
Q9C955_223_H4N2Pen1,0.0,0.0,0.0,0.0,0.0,0.0,0.0,0.0,0.0,3643373.0,0.0,0.0,0.0,0.0,0.0,0.0,0.0,0.0
Q9C9B9_372_H7N2,0.0,0.0,0.0,0.0,0.0,0.0,0.0,0.0,0.0,0.0,0.0,0.0,0.0,0.0,0.0,2442614.0,0.0,0.0
Q9C9B9_372_H8N2,0.0,0.0,0.0,0.0,0.0,2383282.0,0.0,0.0,0.0,0.0,0.0,0.0,0.0,0.0,0.0,0.0,0.0,0.0
Q9C9D0_8_H8N2,0.0,0.0,0.0,0.0,0.0,0.0,0.0,0.0,0.0,0.0,0.0,0.0,129620.1,0.0,0.0,1093197.0,0.0,0.0
Q9C9H1_36_H3N2F1Pen1,1853376.0,0.0,2008464.0,0.0,0.0,432858.7,0.0,0.0,0.0,0.0,0.0,0.0,0.0,0.0,0.0,0.0,0.0,0.0
Q9C9H7_103_H4N4F2Pen1,0.0,0.0,0.0,0.0,0.0,0.0,0.0,0.0,0.0,0.0,0.0,0.0,15255260.0,0.0,0.0,0.0,0.0,0.0
Q9C9I3_574_H3N2F1Pen1,0.0,0.0,0.0,0.0,0.0,0.0,0.0,0.0,0.0,25365540.0,0.0,0.0,0.0,0.0,0.0,0.0,0.0,0.0
Q9C9I3_574_H6N2,0.0,0.0,0.0,0.0,0.0,0.0,0.0,0.0,0.0,0.0,0.0,0.0,0.0,0.0,0.0,0.0,2575776.0,0.0
Q9C9I3_574_H8N2,0.0,0.0,0.0,0.0,0.0,0.0,0.0,0.0,0.0,0.0,0.0,5794980.0,0.0,0.0,0.0,0.0,0.0,0.0
Q9C9K1_102_H3N2F1Pen1,0.0,0.0,2581159.0,0.0,0.0,0.0,0.0,0.0,0.0,0.0,0.0,0.0,0.0,0.0,0.0,0.0,0.0,0.0
Q9C9L5_250_H3N2F1Pen1,0.0,73317130.0,0.0,0.0,2298435.0,0.0,61589580.0,0.0,96761150.0,1289350.0,0.0,4865550.0,38673710.0,0.0,48777460.0,1152932.0,0.0,1155535.0
Q9C9L5_250_H3N2Pen1,21417550.0,0.0,0.0,922801.8,0.0,0.0,0.0,0.0,19161740.0,0.0,0.0,0.0,12317680.0,0.0,0.0,0.0,0.0,0.0
Q9C9L5_250_H3N3F1Pen1,36281910.0,36511020.0,0.0,2080752.0,3299091.0,0.0,47000930.0,0.0,0.0,3047571.0,0.0,0.0,29041540.0,0.0,19840430.0,2893058.0,0.0,1470136.0
Q9C9L5_250_H4N4Pen1,0.0,0.0,0.0,0.0,0.0,0.0,20375520.0,0.0,0.0,5192045.0,0.0,0.0,0.0,0.0,0.0,0.0,0.0,0.0
Q9C9Q4_107_H3N4F1Pen1,0.0,0.0,0.0,0.0,0.0,0.0,0.0,0.0,32386230.0,0.0,0.0,3308303.0,0.0,0.0,0.0,0.0,0.0,0.0
Q9C9Q4_107_H4N4F2Pen1,0.0,0.0,22922440.0,0.0,0.0,4581681.0,46753090.0,0.0,4451351.0,7518119.0,0.0,0.0,0.0,0.0,0.0,0.0,0.0,0.0
Q9C9Q8_40_H3N2F1Pen1,0.0,0.0,0.0,0.0,0.0,11393430.0,0.0,0.0,0.0,56466580.0,51696160.0,0.0,0.0,0.0,0.0,0.0,0.0,0.0
Q9C9T2_194_H3N2F1Pen1,0.0,0.0,0.0,0.0,0.0,0.0,0.0,0.0,6915829.0,0.0,0.0,762753.2,0.0,0.0,0.0,0.0,0.0,0.0
Q9C9U5_457_H3N2F1Pen1,0.0,0.0,0.0,0.0,0.0,0.0,0.0,0.0,13557040.0,0.0,0.0,0.0,0.0,0.0,0.0,0.0,0.0,0.0
Q9C9X0_473_H3N3F1Pen1,0.0,0.0,0.0,0.0,0.0,0.0,0.0,0.0,308354.5,0.0,13741200.0,9515467.0,0.0,0.0,0.0,0.0,0.0,0.0
Q9C9X0_473_H3N4F1Pen1,0.0,0.0,0.0,0.0,0.0,0.0,0.0,0.0,0.0,0.0,21420800.0,0.0,0.0,0.0,0.0,0.0,0.0,0.0
Q9C9X5_26_H6N2,0.0,0.0,164984.5,0.0,0.0,6617868.0,0.0,0.0,0.0,0.0,0.0,0.0,0.0,0.0,0.0,0.0,0.0,0.0
Q9C9X7_8_H3N2F1Pen1,0.0,6903559.0,6481688.0,0.0,3928633.0,3036750.0,0.0,0.0,0.0,0.0,0.0,0.0,0.0,0.0,0.0,0.0,0.0,0.0
Q9C9X7_8_H4N4Pen1,0.0,4798822.0,0.0,0.0,3568995.0,0.0,0.0,0.0,0.0,0.0,0.0,0.0,0.0,0.0,0.0,0.0,0.0,0.0
Q9C9Z9_470_H3N2F1Pen1,0.0,0.0,0.0,0.0,0.0,13750720.0,0.0,0.0,0.0,0.0,0.0,0.0,0.0,0.0,0.0,0.0,0.0,0.0
Q9CA02_167_H7N2,0.0,2852177.0,0.0,0.0,617965.9,0.0,0.0,0.0,0.0,0.0,0.0,0.0,0.0,0.0,0.0,0.0,0.0,0.0
Q9CA02_167_H8N2,0.0,0.0,23403870.0,0.0,0.0,6284166.0,9368962.0,0.0,40721420.0,1167640.0,0.0,9237931.0,0.0,0.0,26509040.0,0.0,0.0,5889637.0
Q9CA25_23_H3N2F1Pen1,0.0,0.0,43961890.0,0.0,0.0,1077575.0,0.0,0.0,0.0,0.0,0.0,0.0,0.0,0.0,0.0,0.0,0.0,0.0
Q9CA30_36_H3N2F1Pen1,0.0,160376400.0,0.0,0.0,73497470.0,0.0,0.0,0.0,0.0,0.0,0.0,0.0,0.0,0.0,0.0,0.0,0.0,0.0
Q9CA30_36_H3N3F1Pen1,0.0,1789916.0,0.0,0.0,160961.1,0.0,0.0,0.0,0.0,0.0,0.0,0.0,0.0,0.0,0.0,0.0,0.0,0.0
Q9CA30_36_H4N4Pen1,9760162.0,22046360.0,0.0,3548270.0,11268230.0,0.0,0.0,0.0,68956330.0,0.0,0.0,52179750.0,0.0,0.0,0.0,0.0,0.0,0.0
Q9CA34_169_H9N2,0.0,0.0,4135783.0,0.0,0.0,5174358.0,0.0,5845229.0,0.0,0.0,30169490.0,0.0,0.0,0.0,3965945.0,0.0,0.0,20956840.0
Q9CA68_260_H3N4F1Pen1,0.0,0.0,18312320.0,0.0,0.0,752973.6,0.0,0.0,18760120.0,0.0,0.0,0.0,0.0,0.0,0.0,0.0,0.0,0.0
Q9CA78_130_H3N4F1Pen1,471047.5,0.0,0.0,8640966.0,0.0,0.0,0.0,0.0,0.0,0.0,0.0,0.0,0.0,0.0,0.0,0.0,0.0,0.0
Q9CA78_130_H4N4F2Pen1,0.0,0.0,0.0,0.0,0.0,0.0,0.0,50789410.0,0.0,0.0,6803483.0,0.0,0.0,0.0,0.0,0.0,0.0,0.0
Q9CAA5_158_H4N3Pen1,0.0,0.0,0.0,0.0,0.0,0.0,4579020.0,0.0,0.0,46142970.0,0.0,0.0,0.0,0.0,2958080.0,0.0,0.0,12617030.0
Q9CAA8_136_H3N4F1Pen1,0.0,0.0,0.0,0.0,0.0,0.0,0.0,0.0,0.0,13989710.0,0.0,0.0,0.0,0.0,0.0,0.0,5803955.0,0.0
Q9CAC3_392_H8N2,0.0,0.0,0.0,0.0,0.0,0.0,0.0,0.0,8828320.0,0.0,0.0,314549.1,2811501.0,0.0,0.0,0.0,0.0,0.0
Q9CAD5_175_H3N2F1Pen1,0.0,0.0,0.0,0.0,0.0,0.0,574628.3,0.0,0.0,16377370.0,0.0,0.0,0.0,0.0,0.0,0.0,0.0,0.0
Q9CAD5_175_H8N2,0.0,0.0,0.0,0.0,0.0,0.0,0.0,0.0,0.0,0.0,0.0,0.0,23229570.0,0.0,0.0,0.0,0.0,0.0
Q9CAF4_121_H5N2,0.0,0.0,0.0,6625593.0,0.0,0.0,0.0,0.0,0.0,3816065.0,4771063.0,0.0,0.0,0.0,0.0,0.0,0.0,0.0
Q9CAF4_121_H6N2,0.0,0.0,313969.8,20613070.0,0.0,61084170.0,0.0,0.0,0.0,0.0,0.0,2662527.0,0.0,0.0,0.0,40850550.0,0.0,0.0
Q9CAF9_15_H3N2F1Pen1,0.0,0.0,0.0,0.0,0.0,0.0,0.0,0.0,8453170.0,0.0,0.0,945910.1,0.0,0.0,0.0,0.0,0.0,0.0
Q9CAF9_15_H3N2Pen1,0.0,0.0,0.0,0.0,4256757.0,0.0,0.0,0.0,0.0,0.0,0.0,0.0,0.0,0.0,0.0,0.0,0.0,0.0
Q9CAI1_190_H3N2F1Pen1,0.0,0.0,12434980.0,0.0,0.0,11355880.0,0.0,0.0,0.0,0.0,0.0,0.0,0.0,0.0,0.0,0.0,0.0,0.0
Q9CAL2_153_H4N4F2Pen1,0.0,0.0,0.0,0.0,0.0,0.0,12757300.0,0.0,0.0,737436.6,0.0,0.0,0.0,0.0,0.0,0.0,0.0,0.0
Q9CAL2_201_H3N2F1Pen1,0.0,0.0,0.0,0.0,0.0,0.0,0.0,0.0,0.0,0.0,0.0,0.0,0.0,0.0,0.0,0.0,0.0,8850392.0
Q9CAS1_4_H3N2Pen1,0.0,0.0,0.0,0.0,0.0,0.0,0.0,0.0,0.0,0.0,0.0,0.0,0.0,0.0,17210870.0,0.0,0.0,2794041.0
Q9CAU1_274_H3N2F1Pen1,0.0,0.0,0.0,0.0,0.0,0.0,0.0,2494375.0,0.0,0.0,17631650.0,0.0,1332452.0,0.0,1747700.0,7026026.0,0.0,7067993.0
Q9CAU1_274_H6N2,0.0,0.0,0.0,0.0,0.0,0.0,29896370.0,0.0,0.0,0.0,0.0,0.0,0.0,0.0,0.0,0.0,0.0,0.0
Q9CAV5_95_H3N3F1Pen1,0.0,0.0,0.0,0.0,0.0,0.0,3871798.0,0.0,0.0,4423695.0,0.0,0.0,4711885.0,0.0,3353791.0,13073550.0,0.0,14052550.0
Q9CAZ0_238_H3N3F1Pen1,0.0,560534.1,506908.0,0.0,5241567.0,4902563.0,0.0,0.0,0.0,4341463.0,0.0,0.0,0.0,0.0,0.0,0.0,0.0,0.0
Q9FDW1_217_H3N2F1Pen1,0.0,0.0,0.0,0.0,0.0,0.0,0.0,30322480.0,0.0,0.0,1288471.0,0.0,0.0,0.0,0.0,0.0,0.0,0.0
Q9FEA2_357_H3N3Pen1,0.0,0.0,0.0,0.0,0.0,0.0,0.0,0.0,0.0,0.0,0.0,6155068.0,0.0,0.0,0.0,0.0,0.0,0.0
Q9FEX0_269_H3N3F1Pen1,0.0,0.0,0.0,0.0,0.0,0.0,0.0,0.0,13338110.0,0.0,0.0,0.0,0.0,0.0,0.0,0.0,0.0,0.0
Q9FEY5_82_H3N3F1Pen1,6285858.0,7174466.0,7933143.0,1960693.0,1293582.0,2071079.0,31817460.0,34524000.0,0.0,6935729.0,7451551.0,0.0,19609330.0,0.0,18439330.0,4543310.0,0.0,3520772.0
Q9FEY5_82_H3N4F1Pen1,0.0,0.0,0.0,0.0,0.0,0.0,0.0,0.0,14375070.0,0.0,0.0,2196842.0,0.0,9605179.0,0.0,0.0,3121168.0,0.0
Q9FF31_106_H9N2,0.0,0.0,0.0,0.0,0.0,0.0,4900494.0,0.0,0.0,14283010.0,0.0,0.0,0.0,0.0,0.0,0.0,0.0,0.0
Q9FF31_204_H3N4F1Pen1,0.0,0.0,0.0,0.0,0.0,0.0,5761314.0,0.0,0.0,755043.7,0.0,0.0,0.0,0.0,0.0,0.0,0.0,0.0
Q9FF53_8_H4N4F1Pen1,0.0,0.0,0.0,3789002.0,0.0,0.0,0.0,0.0,0.0,0.0,0.0,0.0,0.0,0.0,0.0,0.0,0.0,0.0
Q9FF55_524_H3N3F1Pen1,0.0,0.0,0.0,0.0,0.0,0.0,0.0,0.0,0.0,0.0,0.0,0.0,0.0,2834633.0,0.0,0.0,0.0,0.0
Q9FF55_524_H3N4F1Pen1,0.0,0.0,0.0,0.0,0.0,0.0,0.0,0.0,7689664.0,0.0,0.0,906990.8,0.0,0.0,4454568.0,0.0,0.0,212391.5
Q9FF75_83_H9N2,0.0,0.0,0.0,0.0,0.0,0.0,0.0,0.0,0.0,4441902.0,0.0,0.0,0.0,0.0,0.0,0.0,0.0,0.0
Q9FF77_505_H3N2Pen1,0.0,0.0,0.0,0.0,0.0,0.0,0.0,28315670.0,0.0,0.0,0.0,0.0,0.0,32912440.0,0.0,0.0,0.0,0.0
Q9FFA2_122_H3N2F1Pen1,0.0,0.0,0.0,0.0,0.0,0.0,12566260.0,14431320.0,0.0,7558337.0,11260520.0,0.0,0.0,6731563.0,0.0,0.0,3371546.0,0.0
Q9FFC6_264_H3N3F1Pen1,0.0,0.0,0.0,0.0,0.0,0.0,0.0,3626707.0,0.0,0.0,247646.8,0.0,0.0,0.0,0.0,0.0,0.0,0.0
Q9FFF9_1380_H3N2F1Pen1,0.0,0.0,0.0,0.0,38374840.0,0.0,0.0,0.0,0.0,0.0,0.0,0.0,0.0,0.0,0.0,0.0,0.0,0.0
Q9FFF9_1380_H3N4F1Pen1,0.0,0.0,0.0,0.0,6758732.0,0.0,0.0,0.0,0.0,0.0,0.0,0.0,0.0,0.0,0.0,0.0,0.0,0.0
Q9FFG9_7_H3N2F1Pen1,0.0,0.0,0.0,0.0,0.0,0.0,0.0,0.0,0.0,0.0,0.0,0.0,0.0,0.0,9450450.0,0.0,0.0,2732660.0
Q9FFI0_212_H8N2,0.0,0.0,0.0,0.0,0.0,0.0,0.0,0.0,0.0,0.0,0.0,0.0,0.0,0.0,897656.1,0.0,0.0,4678633.0
Q9FFI0_519_H8N2,0.0,0.0,0.0,0.0,0.0,0.0,0.0,0.0,0.0,0.0,0.0,0.0,0.0,815808.4,0.0,0.0,8550042.0,0.0
Q9FFN1_707_H4N3F1Pen1,0.0,0.0,0.0,0.0,0.0,0.0,0.0,0.0,9798428.0,0.0,0.0,15440680.0,0.0,0.0,0.0,0.0,0.0,0.0
Q9FFN4_468_H9N2,0.0,0.0,5492559.0,0.0,0.0,10544970.0,7835742.0,0.0,0.0,25651700.0,0.0,0.0,0.0,2085506.0,0.0,0.0,5245554.0,0.0
Q9FFQ1_241_H3N3F1Pen1,0.0,0.0,0.0,0.0,0.0,0.0,0.0,0.0,0.0,0.0,0.0,0.0,4233005.0,0.0,0.0,0.0,0.0,0.0
Q9FFU6_113_H3N4F1Pen1,0.0,0.0,0.0,0.0,0.0,0.0,0.0,0.0,0.0,0.0,0.0,0.0,0.0,0.0,10634180.0,0.0,0.0,0.0
Q9FFU6_113_H4N4F2Pen1,8903269.0,0.0,8547912.0,0.0,0.0,0.0,0.0,0.0,0.0,0.0,0.0,0.0,0.0,0.0,0.0,0.0,0.0,0.0
Q9FFZ4_189_H3N2Pen1,0.0,0.0,0.0,0.0,0.0,0.0,0.0,0.0,0.0,0.0,0.0,0.0,2470201.0,0.0,0.0,17915730.0,0.0,0.0
Q9FFZ4_189_H4N2Pen1,0.0,0.0,1362307.0,0.0,0.0,0.0,0.0,0.0,0.0,0.0,0.0,0.0,0.0,0.0,0.0,0.0,0.0,0.0
Q9FG05_133_H4N3Pen1,0.0,0.0,0.0,0.0,0.0,13450480.0,0.0,958633.2,0.0,0.0,10078100.0,0.0,0.0,0.0,0.0,0.0,0.0,0.0
Q9FG13_44_H3N2F1Pen1,0.0,0.0,0.0,0.0,0.0,0.0,8420777.0,0.0,0.0,246880.9,0.0,0.0,0.0,0.0,0.0,0.0,0.0,0.0
Q9FG34_103_H3N2F1Pen1,0.0,0.0,0.0,0.0,0.0,0.0,0.0,0.0,0.0,0.0,0.0,0.0,0.0,0.0,1299003.0,0.0,0.0,5984250.0
Q9FG35_216_H3N2F1Pen1,38219860.0,0.0,0.0,0.0,0.0,0.0,0.0,0.0,46980940.0,0.0,0.0,354629.5,0.0,0.0,0.0,0.0,0.0,0.0
Q9FG35_216_H3N2Pen1,0.0,0.0,0.0,0.0,0.0,0.0,0.0,4218907.0,2244970.0,0.0,0.0,742566.0,0.0,0.0,0.0,0.0,0.0,0.0
Q9FG35_216_H4N4Pen1,3382006.0,0.0,0.0,256203.3,0.0,0.0,0.0,0.0,0.0,0.0,0.0,0.0,0.0,0.0,0.0,0.0,0.0,0.0
Q9FG38_9_H3N2F1Pen1,0.0,0.0,0.0,0.0,0.0,0.0,0.0,0.0,0.0,0.0,0.0,0.0,0.0,0.0,8055097.0,0.0,0.0,8670960.0
Q9FG90_533_H6N2,0.0,0.0,0.0,0.0,0.0,0.0,0.0,0.0,0.0,0.0,13339640.0,12713380.0,0.0,0.0,0.0,0.0,0.0,0.0
Q9FG90_792_H3N4F1Pen1,5025089.0,0.0,0.0,0.0,0.0,0.0,13189500.0,0.0,13433260.0,0.0,0.0,433319.7,0.0,0.0,10221340.0,0.0,0.0,421175.9
Q9FGK8_56_H6N4F2Pen1,0.0,0.0,0.0,0.0,0.0,0.0,0.0,0.0,0.0,0.0,0.0,0.0,0.0,0.0,0.0,0.0,5257817.0,0.0
Q9FGM1_119_H3N2F1Pen1,0.0,0.0,0.0,0.0,0.0,0.0,1183712.0,0.0,0.0,22336120.0,0.0,0.0,0.0,0.0,0.0,0.0,0.0,0.0
Q9FGM1_119_H3N3F1Pen1,0.0,0.0,0.0,0.0,0.0,0.0,0.0,0.0,720704.7,0.0,0.0,17176000.0,0.0,0.0,0.0,0.0,0.0,0.0
Q9FGM1_30_H7N2,0.0,0.0,0.0,0.0,0.0,0.0,0.0,0.0,0.0,0.0,0.0,0.0,14660090.0,0.0,0.0,3449104.0,0.0,0.0
Q9FGQ9_171_H3N2F1Pen1,0.0,0.0,0.0,0.0,0.0,0.0,0.0,0.0,0.0,0.0,0.0,4637867.0,0.0,0.0,0.0,0.0,0.0,0.0
Q9FGQ9_171_H3N4F1Pen1,0.0,0.0,0.0,0.0,0.0,0.0,0.0,8191250.0,0.0,0.0,3166351.0,0.0,3808964.0,0.0,0.0,583467.3,0.0,0.0
Q9FGR0_531_H4N4Pen1,0.0,0.0,0.0,0.0,0.0,0.0,0.0,0.0,0.0,19680890.0,0.0,0.0,0.0,0.0,0.0,0.0,0.0,0.0
Q9FGR7_390_H3N3F1Pen1,0.0,0.0,0.0,0.0,0.0,0.0,0.0,0.0,465091.1,0.0,0.0,13652260.0,0.0,0.0,0.0,11691910.0,5098162.0,0.0
Q9FGR7_390_H3N4F1Pen1,0.0,0.0,0.0,0.0,20341490.0,0.0,0.0,0.0,0.0,0.0,0.0,0.0,0.0,0.0,0.0,0.0,0.0,0.0
Q9FGR7_390_H4N4F1Pen1,0.0,0.0,0.0,0.0,11735030.0,0.0,0.0,943470.1,0.0,0.0,18053620.0,0.0,0.0,0.0,0.0,0.0,10289770.0,0.0
Q9FGS5_60_H8N2,0.0,0.0,0.0,0.0,0.0,0.0,4123696.0,0.0,0.0,0.0,0.0,0.0,0.0,0.0,0.0,0.0,0.0,0.0
Q9FGT1_264_H3N3F1Pen1,0.0,0.0,0.0,0.0,0.0,0.0,0.0,0.0,387354.6,0.0,0.0,9766082.0,0.0,0.0,0.0,0.0,0.0,0.0
Q9FGT7_556_H6N2,0.0,0.0,0.0,0.0,0.0,0.0,0.0,0.0,6626775.0,0.0,0.0,291721.4,0.0,0.0,2120371.0,0.0,0.0,0.0
Q9FGT9_516_H5N3Pen1,1778947.0,0.0,0.0,341180.5,0.0,0.0,0.0,0.0,0.0,0.0,0.0,0.0,0.0,0.0,0.0,0.0,0.0,0.0
Q9FGU3_623_H3N2F1Pen1,0.0,0.0,0.0,0.0,0.0,0.0,0.0,0.0,0.0,0.0,0.0,0.0,0.0,0.0,2135455.0,0.0,0.0,5097049.0
Q9FGU3_623_H3N2Pen1,0.0,0.0,0.0,0.0,0.0,0.0,0.0,0.0,0.0,0.0,0.0,0.0,6097400.0,0.0,0.0,10663550.0,0.0,0.0
Q9FGW0_153_H3N2Pen1,0.0,0.0,0.0,0.0,0.0,0.0,0.0,0.0,0.0,0.0,3677367.0,3004735.0,0.0,0.0,0.0,0.0,0.0,0.0
Q9FGW5_212_H3N2Pen1,0.0,0.0,0.0,0.0,0.0,0.0,0.0,0.0,0.0,0.0,0.0,0.0,0.0,0.0,0.0,5647685.0,0.0,0.0
Q9FH36_397_H3N4F1Pen1,0.0,0.0,0.0,0.0,0.0,0.0,0.0,0.0,0.0,0.0,0.0,0.0,0.0,0.0,20670590.0,0.0,0.0,6129529.0
Q9FH50_18_H3N2F1Pen1,0.0,0.0,4442529.0,0.0,0.0,3591590.0,0.0,5349293.0,0.0,0.0,13910880.0,0.0,0.0,2935730.0,0.0,0.0,7411786.0,0.0
Q9FH75_346_H4N2Pen1,0.0,16451460.0,0.0,0.0,3303993.0,0.0,0.0,0.0,0.0,0.0,0.0,0.0,0.0,0.0,0.0,0.0,0.0,0.0
Q9FH86_207_H3N2F1Pen1,0.0,189913.7,0.0,0.0,14614910.0,0.0,0.0,0.0,0.0,0.0,0.0,0.0,0.0,0.0,0.0,0.0,0.0,0.0
Q9FH86_207_H8N2,2764363.0,0.0,0.0,265515.2,0.0,0.0,0.0,0.0,0.0,0.0,0.0,0.0,0.0,0.0,0.0,0.0,0.0,0.0
Q9FH87_121_H8N2,0.0,0.0,0.0,0.0,0.0,0.0,623815.1,0.0,0.0,2406131.0,0.0,0.0,0.0,0.0,0.0,0.0,0.0,0.0
Q9FH92_298_H3N2F1Pen1,7432213.0,0.0,0.0,9249865.0,0.0,0.0,0.0,0.0,0.0,0.0,0.0,0.0,0.0,0.0,0.0,0.0,0.0,0.0
Q9FHD4_43_H3N2Pen1,0.0,0.0,0.0,0.0,0.0,0.0,0.0,0.0,0.0,0.0,0.0,11591100.0,0.0,0.0,0.0,0.0,0.0,0.0
Q9FHE4_58_H3N2Pen1,0.0,3125973.0,0.0,0.0,195483.9,0.0,0.0,0.0,0.0,0.0,0.0,0.0,0.0,0.0,0.0,0.0,0.0,0.0
Q9FHG2_100_H3N2F1Pen1,0.0,0.0,0.0,0.0,0.0,4437452.0,0.0,0.0,0.0,0.0,0.0,0.0,0.0,0.0,0.0,0.0,0.0,0.0
Q9FHH2_696_H3N3F1Pen1,0.0,0.0,0.0,0.0,0.0,0.0,9155726.0,0.0,0.0,5170248.0,0.0,0.0,0.0,0.0,0.0,0.0,0.0,0.0
Q9FHH5_16_H3N2F1Pen1,0.0,0.0,0.0,4318205.0,0.0,0.0,2561765.0,0.0,0.0,1075441.0,0.0,0.0,10407830.0,3879166.0,0.0,0.0,0.0,0.0
Q9FHI7_307_H3N2F1Pen1,0.0,0.0,0.0,0.0,0.0,0.0,0.0,0.0,0.0,0.0,0.0,44852620.0,0.0,0.0,0.0,0.0,0.0,0.0
Q9FHK9_216_H3N2F1Pen1,0.0,0.0,0.0,0.0,0.0,0.0,0.0,0.0,0.0,0.0,0.0,0.0,0.0,0.0,0.0,8972322.0,0.0,0.0
Q9FHK9_216_H4N2Pen1,0.0,0.0,0.0,0.0,0.0,0.0,0.0,0.0,0.0,0.0,0.0,0.0,0.0,0.0,0.0,4081715.0,0.0,0.0
Q9FHM0_355_H3N3F1Pen1,0.0,0.0,0.0,0.0,0.0,74144790.0,0.0,0.0,0.0,0.0,17726590.0,0.0,0.0,0.0,0.0,0.0,0.0,0.0
Q9FHM5_217_H3N2F1Pen1,0.0,0.0,17450570.0,0.0,0.0,2191678.0,0.0,0.0,16469320.0,0.0,0.0,2584606.0,0.0,0.0,5742026.0,0.0,0.0,574538.9
Q9FHN6_476_H3N2F1Pen1,0.0,0.0,1483633.0,0.0,0.0,11336610.0,0.0,0.0,0.0,0.0,0.0,0.0,0.0,0.0,0.0,0.0,0.0,0.0
Q9FI16_105_H3N2F1Pen1,0.0,0.0,0.0,0.0,5400471.0,0.0,0.0,0.0,0.0,0.0,0.0,0.0,0.0,0.0,0.0,0.0,0.0,0.0
Q9FI21_142_H3N2F1Pen1,0.0,0.0,0.0,0.0,0.0,0.0,0.0,0.0,12314330.0,0.0,0.0,235269.4,0.0,0.0,0.0,0.0,0.0,0.0
Q9FI25_66_H8N2,0.0,0.0,0.0,0.0,0.0,2641689.0,0.0,0.0,0.0,0.0,0.0,0.0,0.0,0.0,0.0,0.0,0.0,0.0
Q9FI31_265_H3N2F1Pen1,0.0,0.0,0.0,0.0,0.0,0.0,0.0,0.0,0.0,9511527.0,0.0,0.0,0.0,0.0,0.0,4039399.0,0.0,0.0
Q9FI31_265_H3N3F1Pen1,0.0,0.0,0.0,0.0,0.0,0.0,0.0,0.0,0.0,0.0,0.0,8596843.0,0.0,0.0,0.0,3999117.0,4884157.0,0.0
Q9FI40_257_H8N2,0.0,0.0,0.0,0.0,0.0,0.0,3569837.0,0.0,0.0,7252616.0,0.0,0.0,0.0,0.0,10300580.0,0.0,0.0,14511800.0
Q9FI40_257_H9N2,0.0,771098.9,0.0,0.0,3705558.0,0.0,0.0,0.0,0.0,0.0,0.0,0.0,0.0,0.0,0.0,0.0,0.0,0.0
Q9FI40_338_H9N2,0.0,4010599.0,0.0,0.0,1020994.0,0.0,0.0,0.0,0.0,0.0,0.0,0.0,0.0,0.0,0.0,0.0,0.0,0.0
Q9FI43_10_H3N2F1Pen1,0.0,0.0,0.0,0.0,0.0,0.0,0.0,0.0,0.0,0.0,0.0,0.0,0.0,0.0,10602860.0,0.0,0.0,2370791.0
Q9FI43_10_H5N4F2Pen1,0.0,8616063.0,0.0,0.0,844465.4,0.0,0.0,0.0,0.0,0.0,0.0,0.0,0.0,0.0,0.0,0.0,0.0,0.0
Q9FI55_3_H3N2F1Pen1,0.0,0.0,0.0,0.0,0.0,0.0,0.0,0.0,0.0,0.0,0.0,0.0,2326466.0,0.0,0.0,7831411.0,0.0,0.0
Q9FI83_3_H6N2,0.0,0.0,0.0,0.0,13538760.0,0.0,0.0,0.0,0.0,28809550.0,47873560.0,0.0,0.0,0.0,0.0,21207740.0,0.0,0.0
Q9FI94_215_H8N2,0.0,0.0,334455.5,0.0,0.0,6738168.0,0.0,0.0,0.0,0.0,0.0,0.0,0.0,0.0,0.0,0.0,0.0,0.0
Q9FIB6_97_H3N2F1Pen1,0.0,0.0,0.0,0.0,0.0,0.0,7412333.0,0.0,0.0,0.0,0.0,0.0,0.0,0.0,0.0,0.0,0.0,0.0
Q9FIF8_656_H3N2Pen1,0.0,0.0,0.0,0.0,22266550.0,0.0,0.0,0.0,0.0,0.0,0.0,0.0,0.0,0.0,0.0,0.0,0.0,0.0
Q9FIF8_656_H3N4F1Pen1,0.0,0.0,0.0,0.0,0.0,0.0,0.0,2192236.0,0.0,0.0,28174380.0,0.0,0.0,0.0,0.0,0.0,0.0,0.0
Q9FII2_349_H2N2F1Pen1,0.0,0.0,2927785.0,0.0,0.0,3261294.0,0.0,0.0,7899188.0,0.0,0.0,4794154.0,0.0,0.0,0.0,0.0,0.0,0.0
Q9FII2_349_H3N2F1Pen1,68515440.0,0.0,0.0,75205120.0,0.0,0.0,0.0,123959400.0,0.0,0.0,143328200.0,0.0,0.0,0.0,0.0,0.0,0.0,0.0
Q9FII2_349_H3N2Pen1,0.0,0.0,0.0,0.0,0.0,0.0,0.0,0.0,4098147.0,0.0,0.0,5045876.0,0.0,0.0,0.0,0.0,0.0,0.0
Q9FII5_430_H6N2,0.0,0.0,0.0,0.0,0.0,0.0,0.0,0.0,0.0,0.0,0.0,0.0,0.0,3918593.0,0.0,0.0,708301.0,0.0
Q9FIJ0_7_H3N2F1Pen1,0.0,0.0,0.0,4274238.0,0.0,0.0,0.0,0.0,0.0,0.0,0.0,0.0,0.0,0.0,0.0,0.0,0.0,0.0
Q9FIK8_36_H3N2F1Pen1,0.0,0.0,15354630.0,0.0,0.0,6741453.0,0.0,0.0,0.0,0.0,0.0,0.0,0.0,0.0,0.0,0.0,0.0,0.0
Q9FIM4_93_H3N2F1Pen1,0.0,0.0,0.0,0.0,0.0,0.0,22359130.0,0.0,0.0,9367257.0,0.0,0.0,0.0,0.0,0.0,0.0,0.0,0.0
Q9FIM8_413_H4N2Pen1,0.0,1768401.0,0.0,0.0,0.0,0.0,0.0,0.0,0.0,0.0,0.0,0.0,0.0,0.0,0.0,0.0,0.0,0.0
Q9FIN7_1840_H3N4F1Pen1,0.0,0.0,0.0,0.0,0.0,0.0,0.0,0.0,0.0,0.0,0.0,23229440.0,0.0,0.0,0.0,0.0,0.0,0.0
Q9FIN7_358_H6N2,0.0,0.0,0.0,0.0,0.0,0.0,0.0,0.0,0.0,0.0,0.0,2379915.0,0.0,0.0,0.0,0.0,0.0,0.0
Q9FIN7_358_H7N2,0.0,0.0,0.0,0.0,0.0,0.0,0.0,0.0,0.0,0.0,0.0,0.0,0.0,0.0,0.0,0.0,2354425.0,0.0
Q9FIN7_663_H3N3F1Pen1,0.0,0.0,0.0,0.0,0.0,6010118.0,0.0,0.0,295847.3,0.0,0.0,18833310.0,0.0,0.0,0.0,0.0,0.0,0.0
Q9FIP9_335_H8N2,0.0,0.0,0.0,0.0,0.0,0.0,0.0,0.0,3583469.0,0.0,0.0,0.0,0.0,0.0,0.0,0.0,0.0,0.0
Q9FIQ0_5_H3N2F1Pen1,0.0,0.0,0.0,0.0,0.0,46563740.0,0.0,0.0,649442.8,0.0,43944580.0,55034990.0,0.0,0.0,0.0,0.0,14862930.0,0.0
Q9FIT1_263_H3N2Pen1,0.0,0.0,0.0,0.0,0.0,8875301.0,0.0,0.0,0.0,0.0,23524980.0,0.0,0.0,0.0,0.0,7878520.0,0.0,0.0
Q9FIT3_11_H3N3F1Pen1,0.0,0.0,0.0,0.0,0.0,0.0,0.0,3139328.0,0.0,0.0,863721.5,0.0,0.0,0.0,0.0,0.0,0.0,0.0
Q9FIT8_254_H3N4F1Pen1,0.0,0.0,0.0,0.0,0.0,0.0,0.0,0.0,0.0,0.0,0.0,0.0,0.0,0.0,0.0,5345463.0,0.0,0.0
Q9FIW5_172_H3N2Pen1,4348619.0,0.0,0.0,837806.1,0.0,0.0,0.0,0.0,0.0,0.0,0.0,0.0,0.0,0.0,0.0,0.0,0.0,0.0
Q9FJ13_397_H4N4F1Pen1,0.0,0.0,0.0,0.0,0.0,0.0,0.0,0.0,0.0,0.0,4912341.0,0.0,0.0,0.0,0.0,0.0,0.0,0.0
Q9FJ16_192_H7N2,16466310.0,0.0,0.0,0.0,0.0,0.0,0.0,0.0,0.0,0.0,0.0,0.0,0.0,0.0,2295288.0,0.0,0.0,204542.8
Q9FJ16_192_H8N2,0.0,0.0,4843143.0,0.0,0.0,0.0,0.0,0.0,0.0,0.0,0.0,0.0,0.0,0.0,0.0,0.0,0.0,0.0
Q9FJ24_8_H3N2F1Pen1,0.0,0.0,687531.1,0.0,0.0,32001210.0,0.0,0.0,0.0,0.0,0.0,0.0,0.0,0.0,0.0,0.0,0.0,0.0
Q9FJ50_46_H2N2F1Pen1,0.0,0.0,0.0,2381381.0,0.0,0.0,0.0,0.0,0.0,0.0,0.0,0.0,0.0,0.0,0.0,0.0,0.0,0.0
Q9FJ50_46_H3N2F1Pen1,0.0,0.0,0.0,0.0,0.0,0.0,39581150.0,0.0,0.0,11883680.0,0.0,0.0,0.0,0.0,0.0,0.0,0.0,0.0
Q9FJ50_46_H4N2Pen1,0.0,40055190.0,30803960.0,0.0,14931440.0,12284050.0,0.0,0.0,0.0,0.0,0.0,0.0,0.0,0.0,0.0,0.0,0.0,0.0
Q9FJ57_189_H8N2,0.0,0.0,0.0,0.0,0.0,0.0,0.0,0.0,0.0,0.0,0.0,0.0,0.0,0.0,326152.6,0.0,0.0,8071559.0
Q9FJ62_105_H9N2,0.0,0.0,0.0,0.0,0.0,3397827.0,0.0,0.0,0.0,0.0,0.0,0.0,0.0,0.0,0.0,0.0,0.0,0.0
Q9FJJ3_232_H3N3F1Pen1,0.0,0.0,0.0,5819212.0,0.0,0.0,0.0,0.0,0.0,0.0,0.0,8665129.0,0.0,0.0,0.0,0.0,0.0,0.0
Q9FJJ3_232_H4N3F1Pen1,0.0,0.0,0.0,0.0,0.0,0.0,0.0,499352.1,0.0,0.0,13725970.0,0.0,0.0,0.0,0.0,0.0,0.0,11057480.0
Q9FJL0_1180_H3N2Pen1,0.0,0.0,0.0,0.0,18719210.0,0.0,0.0,0.0,0.0,0.0,12710530.0,0.0,0.0,0.0,0.0,20584640.0,0.0,18188360.0
Q9FJM5_24_H5N2,0.0,0.0,0.0,0.0,0.0,0.0,0.0,0.0,0.0,0.0,0.0,0.0,0.0,0.0,0.0,7310402.0,0.0,0.0
Q9FJM5_24_H6N2,509662.4,0.0,0.0,100690000.0,0.0,0.0,473629.2,0.0,0.0,97677200.0,0.0,0.0,0.0,0.0,0.0,0.0,91534240.0,93937410.0
Q9FJP6_382_H3N2F1Pen1,0.0,0.0,0.0,0.0,0.0,0.0,0.0,0.0,0.0,0.0,0.0,0.0,0.0,0.0,6507099.0,0.0,0.0,1957856.0
Q9FJP9_275_H3N3F1Pen1,0.0,0.0,0.0,0.0,6074111.0,0.0,0.0,0.0,0.0,0.0,0.0,0.0,0.0,0.0,0.0,0.0,0.0,0.0
Q9FJR9_95_H3N2F1Pen1,0.0,0.0,0.0,0.0,0.0,0.0,0.0,0.0,0.0,0.0,0.0,0.0,124542.7,0.0,0.0,18163810.0,0.0,0.0
Q9FJU9_459_H3N2Pen1,0.0,0.0,0.0,0.0,4367887.0,0.0,0.0,0.0,0.0,0.0,0.0,0.0,0.0,0.0,0.0,0.0,0.0,0.0
Q9FJV7_48_H8N2,530842.9,0.0,0.0,7287687.0,0.0,0.0,0.0,2817608.0,0.0,0.0,14919160.0,0.0,0.0,0.0,0.0,0.0,0.0,0.0
Q9FJX6_275_H8N2,0.0,0.0,0.0,0.0,0.0,0.0,0.0,0.0,0.0,0.0,0.0,3016927.0,0.0,0.0,0.0,0.0,0.0,0.0
Q9FK07_8_H4N4F1Pen1,0.0,0.0,0.0,0.0,0.0,8271042.0,0.0,0.0,0.0,0.0,0.0,0.0,0.0,0.0,0.0,0.0,0.0,0.0
Q9FK27_286_H3N4F1Pen1,0.0,0.0,0.0,0.0,2415185.0,0.0,0.0,1079477.0,0.0,0.0,2118556.0,0.0,0.0,0.0,0.0,0.0,0.0,0.0
Q9FK30_33_H7N2,0.0,0.0,0.0,0.0,0.0,0.0,945878.9,0.0,0.0,14885500.0,0.0,0.0,0.0,0.0,0.0,0.0,0.0,0.0
Q9FK30_33_H8N2,1005795.0,1683806.0,0.0,16127430.0,14504950.0,0.0,0.0,0.0,0.0,0.0,0.0,0.0,663355.8,0.0,0.0,13311160.0,0.0,0.0
Q9FK33_502_H3N2F1Pen1,0.0,0.0,0.0,0.0,0.0,0.0,0.0,0.0,0.0,0.0,0.0,0.0,0.0,3444678.0,0.0,0.0,0.0,0.0
Q9FK61_262_H8N2,4310770.0,0.0,0.0,0.0,0.0,0.0,0.0,0.0,0.0,0.0,0.0,0.0,0.0,0.0,0.0,0.0,0.0,0.0
Q9FKD0_175_H3N2F1Pen1,0.0,0.0,8030235.0,0.0,0.0,886462.8,0.0,0.0,65727680.0,0.0,0.0,1684894.0,0.0,0.0,0.0,0.0,0.0,0.0
Q9FKF0_70_H3N2F1Pen1,0.0,0.0,0.0,0.0,0.0,0.0,0.0,0.0,0.0,0.0,2838002.0,0.0,0.0,0.0,0.0,0.0,0.0,0.0
Q9FKG3_194_H3N2F1Pen1,8370962.0,0.0,0.0,0.0,0.0,0.0,0.0,0.0,43316480.0,0.0,0.0,0.0,0.0,0.0,0.0,0.0,0.0,0.0
Q9FKG5_133_H3N2F1Pen1,0.0,0.0,0.0,0.0,0.0,0.0,0.0,0.0,0.0,0.0,12516360.0,0.0,0.0,0.0,0.0,0.0,0.0,7834034.0
Q9FKG5_569_H3N4F1Pen1,4127863.0,0.0,0.0,0.0,0.0,0.0,0.0,7374652.0,0.0,0.0,0.0,0.0,0.0,0.0,0.0,0.0,0.0,0.0
Q9FKG5_569_H4N4F2Pen1,0.0,0.0,0.0,0.0,0.0,0.0,0.0,0.0,0.0,0.0,0.0,0.0,8293344.0,0.0,0.0,0.0,0.0,0.0
Q9FKI0_33_H3N4F1Pen1,0.0,0.0,0.0,0.0,0.0,28339470.0,0.0,0.0,0.0,37948300.0,44398510.0,0.0,0.0,0.0,0.0,0.0,0.0,14758030.0
Q9FKI0_33_H4N4F2Pen1,0.0,171042.0,0.0,0.0,13759050.0,15096240.0,0.0,0.0,0.0,0.0,18347320.0,0.0,0.0,0.0,0.0,0.0,14199440.0,0.0
Q9FKI0_56_H3N2F1Pen1,0.0,43775600.0,0.0,0.0,21176070.0,0.0,0.0,0.0,26098710.0,0.0,0.0,25073960.0,7096892.0,0.0,0.0,6488504.0,0.0,0.0
Q9FKR3_591_H3N2F1Pen1,0.0,0.0,0.0,0.0,0.0,0.0,0.0,0.0,0.0,0.0,0.0,0.0,0.0,4782462.0,0.0,0.0,9148809.0,0.0
Q9FKR3_591_H3N4F1Pen1,0.0,0.0,0.0,0.0,5150574.0,7196822.0,0.0,0.0,0.0,0.0,0.0,0.0,0.0,0.0,0.0,0.0,0.0,0.0
Q9FKS4_7_H3N2F1Pen1,0.0,0.0,0.0,0.0,0.0,0.0,0.0,0.0,0.0,0.0,0.0,0.0,19565520.0,0.0,0.0,9716151.0,0.0,0.0
Q9FKV2_272_H3N3F1Pen1,0.0,0.0,0.0,0.0,0.0,0.0,0.0,0.0,16072470.0,0.0,0.0,0.0,0.0,0.0,0.0,0.0,0.0,0.0
Q9FKW0_494_H8N2,0.0,0.0,0.0,0.0,0.0,0.0,2998932.0,0.0,0.0,19314320.0,0.0,0.0,1794193.0,0.0,0.0,11883210.0,0.0,0.0
Q9FKW4_327_H7N2,0.0,0.0,0.0,0.0,0.0,0.0,0.0,12009160.0,0.0,0.0,4678848.0,0.0,3941597.0,0.0,0.0,1280281.0,0.0,0.0
Q9FKZ2_94_H10N2,0.0,0.0,0.0,0.0,0.0,0.0,0.0,0.0,11541490.0,0.0,0.0,16764960.0,0.0,0.0,0.0,0.0,0.0,0.0
Q9FKZ2_94_H8N2,0.0,0.0,0.0,0.0,0.0,2125225.0,0.0,0.0,0.0,0.0,0.0,0.0,0.0,0.0,0.0,0.0,0.0,0.0
Q9FL07_309_H3N2F1Pen1,0.0,0.0,0.0,0.0,0.0,0.0,0.0,0.0,0.0,0.0,0.0,55974160.0,0.0,0.0,0.0,0.0,0.0,0.0
Q9FL12_67_H3N2F1Pen1,0.0,0.0,0.0,0.0,0.0,0.0,8900156.0,0.0,0.0,279631.2,0.0,0.0,0.0,0.0,0.0,0.0,0.0,0.0
Q9FL41_367_H7N2,0.0,983985.3,0.0,0.0,1969048.0,0.0,0.0,0.0,0.0,0.0,0.0,0.0,0.0,0.0,388398.3,0.0,0.0,3497683.0
Q9FL41_367_H8N2,0.0,0.0,0.0,0.0,0.0,0.0,0.0,0.0,312882.3,0.0,0.0,8175333.0,0.0,0.0,0.0,0.0,0.0,0.0
Q9FL78_219_H3N2F1Pen1,0.0,0.0,0.0,0.0,0.0,0.0,0.0,0.0,0.0,0.0,0.0,0.0,12207410.0,0.0,0.0,0.0,0.0,0.0
Q9FL78_219_H6N2,1767235.0,0.0,0.0,1072960.0,0.0,0.0,0.0,0.0,0.0,0.0,0.0,0.0,0.0,0.0,0.0,0.0,0.0,0.0
Q9FL78_219_H9N2,0.0,0.0,0.0,0.0,0.0,0.0,0.0,0.0,0.0,0.0,0.0,0.0,3162478.0,0.0,0.0,0.0,0.0,0.0
Q9FL92_1356_N2F1,0.0,0.0,0.0,0.0,0.0,0.0,3021380.0,0.0,0.0,0.0,0.0,0.0,0.0,0.0,0.0,0.0,0.0,0.0
Q9FLB5_377_H3N4F1Pen1,0.0,0.0,0.0,0.0,0.0,0.0,0.0,0.0,0.0,0.0,0.0,3263905.0,0.0,0.0,0.0,0.0,0.0,0.0
Q9FLF4_66_H3N3F1Pen1,0.0,0.0,0.0,0.0,0.0,0.0,0.0,0.0,0.0,0.0,0.0,0.0,7763134.0,0.0,0.0,545809.5,0.0,0.0
Q9FLI4_663_H3N2Pen1,0.0,0.0,0.0,0.0,0.0,0.0,0.0,3464587.0,0.0,0.0,0.0,0.0,0.0,0.0,0.0,0.0,0.0,0.0
Q9FLK4_398_H8N2,0.0,0.0,0.0,0.0,0.0,0.0,0.0,17368960.0,0.0,0.0,0.0,0.0,0.0,0.0,0.0,0.0,0.0,0.0
Q9FLL1_317_H3N4F1Pen1,0.0,0.0,352110.6,0.0,0.0,20984790.0,0.0,0.0,0.0,0.0,0.0,0.0,0.0,0.0,0.0,0.0,0.0,0.0
Q9FLM1_287_H3N3F1Pen1,0.0,0.0,0.0,0.0,23811370.0,0.0,0.0,0.0,0.0,0.0,0.0,0.0,0.0,0.0,0.0,0.0,0.0,0.0
Q9FLP0_538_H8N2,0.0,0.0,0.0,0.0,0.0,0.0,149554.3,0.0,0.0,2648234.0,0.0,0.0,0.0,0.0,0.0,0.0,0.0,4985894.0
Q9FLP3_83_H3N2F1Pen1,0.0,4406997.0,0.0,0.0,0.0,0.0,0.0,0.0,0.0,0.0,0.0,0.0,0.0,0.0,0.0,0.0,0.0,0.0
Q9FLQ7_1373_H6N2,0.0,0.0,0.0,0.0,14615660.0,0.0,0.0,0.0,0.0,0.0,0.0,0.0,0.0,1477965.0,0.0,0.0,17948660.0,0.0
Q9FLU8_68_H4N2Pen1,0.0,0.0,0.0,0.0,0.0,0.0,0.0,0.0,0.0,0.0,0.0,8365522.0,0.0,0.0,0.0,0.0,0.0,0.0
Q9FLU8_68_H8N2,0.0,0.0,0.0,0.0,0.0,0.0,0.0,0.0,0.0,0.0,0.0,0.0,0.0,0.0,2600185.0,0.0,0.0,548250.6
Q9FLV4_49_H8N2,0.0,0.0,0.0,0.0,0.0,0.0,0.0,10444330.0,0.0,0.0,0.0,0.0,0.0,0.0,0.0,0.0,0.0,0.0
Q9FLV5_44_H3N2F1Pen1,7864312.0,0.0,0.0,0.0,0.0,0.0,0.0,0.0,0.0,0.0,0.0,0.0,0.0,0.0,0.0,5599003.0,0.0,0.0
Q9FLV5_63_H5N4F1Pen1,0.0,0.0,0.0,0.0,0.0,0.0,0.0,0.0,0.0,0.0,0.0,0.0,0.0,888539.0,0.0,0.0,2072203.0,0.0
Q9FLX6_37_H8N2,0.0,0.0,37281200.0,0.0,0.0,11740510.0,0.0,0.0,49521430.0,0.0,0.0,13539840.0,24740920.0,0.0,0.0,5894132.0,0.0,0.0
Q9FLX8_162_H3N2F1Pen1,0.0,0.0,0.0,0.0,0.0,0.0,0.0,0.0,22555640.0,0.0,0.0,2550111.0,0.0,0.0,0.0,0.0,0.0,0.0
Q9FLY0_253_H3N2Pen1,0.0,0.0,3793344.0,0.0,0.0,782626.9,0.0,0.0,0.0,0.0,0.0,0.0,0.0,0.0,0.0,0.0,0.0,0.0
Q9FLY7_326_H3N4F1Pen1,12069050.0,0.0,0.0,1099752.0,0.0,0.0,0.0,0.0,0.0,0.0,0.0,0.0,0.0,0.0,0.0,0.0,0.0,0.0
Q9FM01_263_H3N4F1Pen1,10766990.0,0.0,0.0,1055782.0,0.0,0.0,0.0,0.0,0.0,0.0,0.0,0.0,0.0,0.0,0.0,0.0,0.0,0.0
Q9FM87_234_H8N2,0.0,2187596.0,0.0,0.0,689160.3,0.0,0.0,0.0,0.0,0.0,0.0,0.0,0.0,0.0,0.0,0.0,0.0,0.0
Q9FM87_312_H8N2,15721760.0,0.0,0.0,0.0,0.0,0.0,0.0,0.0,0.0,0.0,0.0,0.0,0.0,0.0,0.0,0.0,0.0,0.0
Q9FMA0_234_H3N2F1Pen1,0.0,0.0,0.0,0.0,0.0,23331860.0,0.0,0.0,0.0,68623890.0,0.0,0.0,0.0,0.0,0.0,0.0,0.0,0.0
Q9FMA0_234_H4N2Pen1,0.0,0.0,0.0,0.0,0.0,0.0,0.0,0.0,0.0,0.0,0.0,0.0,0.0,0.0,0.0,5565219.0,0.0,0.0
Q9FMB4_31_H8N2,0.0,0.0,0.0,0.0,0.0,0.0,0.0,0.0,0.0,0.0,0.0,0.0,0.0,5381095.0,0.0,0.0,0.0,0.0
Q9FMI7_99_H8N2,0.0,0.0,12332260.0,0.0,0.0,593742.5,12134730.0,0.0,0.0,728188.3,0.0,0.0,0.0,0.0,0.0,0.0,0.0,0.0
Q9FMR1_451_H3N4F1Pen1,0.0,0.0,5384788.0,0.0,0.0,4265793.0,0.0,0.0,8080044.0,0.0,0.0,7748072.0,0.0,0.0,0.0,0.0,0.0,0.0
Q9FMU2_371_H4N4F1Pen1,0.0,0.0,0.0,0.0,0.0,0.0,0.0,83148500.0,0.0,0.0,148046000.0,0.0,0.0,0.0,0.0,0.0,0.0,0.0
Q9FMU5_462_H3N2F1Pen1,0.0,0.0,0.0,0.0,0.0,0.0,0.0,13910880.0,0.0,0.0,3755493.0,0.0,0.0,0.0,0.0,0.0,0.0,0.0
Q9FMW5_163_H3N2F1Pen1,0.0,56727790.0,0.0,0.0,59059150.0,0.0,0.0,0.0,71453010.0,0.0,0.0,108327700.0,0.0,0.0,43728540.0,0.0,0.0,110057600.0
Q9FMW5_163_H3N2Pen1,0.0,0.0,0.0,0.0,0.0,0.0,1462088.0,0.0,0.0,2485606.0,0.0,0.0,0.0,0.0,0.0,0.0,0.0,0.0
Q9FMW5_163_H3N3F1Pen1,18620040.0,0.0,0.0,13943860.0,0.0,0.0,0.0,0.0,33724630.0,0.0,0.0,38698140.0,14213770.0,0.0,0.0,40672420.0,0.0,0.0
Q9FMW5_163_H3N4F1Pen1,0.0,0.0,0.0,0.0,0.0,0.0,38132910.0,0.0,0.0,42923310.0,0.0,0.0,0.0,1270282.0,23956070.0,0.0,5395875.0,49614500.0
Q9FMW5_163_H4N4F1Pen1,0.0,0.0,1293581.0,0.0,0.0,2978162.0,0.0,2530202.0,0.0,0.0,7666909.0,0.0,0.0,1440014.0,0.0,0.0,8971548.0,0.0
Q9FMW5_163_H4N4F2Pen1,0.0,0.0,0.0,0.0,0.0,0.0,772761.6,0.0,0.0,8067683.0,0.0,0.0,0.0,0.0,1678712.0,0.0,0.0,13547730.0
Q9FMW5_163_H5N4F1Pen1,0.0,0.0,0.0,0.0,0.0,0.0,1771102.0,0.0,0.0,4577876.0,0.0,0.0,0.0,0.0,1690277.0,0.0,0.0,7847345.0
Q9FMW5_163_H5N4F3Pen1,0.0,0.0,0.0,0.0,0.0,0.0,0.0,0.0,0.0,0.0,0.0,0.0,880624.7,0.0,0.0,13433350.0,0.0,0.0
Q9FMW5_163_H9N2,0.0,0.0,0.0,0.0,0.0,0.0,0.0,0.0,0.0,0.0,0.0,0.0,0.0,0.0,0.0,0.0,1984533.0,0.0
Q9FMY4_13_H6N2,0.0,0.0,0.0,0.0,0.0,0.0,0.0,0.0,0.0,0.0,0.0,0.0,0.0,0.0,0.0,680867.2,0.0,0.0
Q9FMY4_13_H8N2,0.0,345940.2,0.0,0.0,1913258.0,0.0,0.0,0.0,0.0,2462796.0,0.0,0.0,0.0,0.0,0.0,0.0,0.0,0.0
Q9FMZ0_221_H8N2,0.0,4713512.0,0.0,0.0,575173.8,0.0,0.0,0.0,0.0,0.0,0.0,0.0,0.0,0.0,0.0,0.0,0.0,0.0
Q9FN08_31_H3N3F1Pen1,0.0,0.0,736176.1,0.0,0.0,4928801.0,243681.8,0.0,0.0,5150145.0,0.0,0.0,0.0,0.0,0.0,3628871.0,0.0,0.0
Q9FN32_49_H9N2,0.0,0.0,0.0,0.0,0.0,0.0,9139501.0,0.0,0.0,0.0,0.0,0.0,0.0,0.0,0.0,0.0,0.0,0.0
Q9FN37_846_H5N3F1Pen1,0.0,0.0,0.0,0.0,0.0,0.0,0.0,0.0,24573470.0,0.0,0.0,3322059.0,0.0,0.0,0.0,0.0,0.0,0.0
Q9FN42_233_H8N2,0.0,0.0,0.0,0.0,0.0,0.0,0.0,0.0,0.0,0.0,0.0,3304045.0,0.0,0.0,0.0,0.0,0.0,0.0
Q9FN50_38_H3N2F1Pen1,0.0,0.0,0.0,0.0,0.0,45504390.0,0.0,0.0,0.0,0.0,0.0,0.0,0.0,0.0,0.0,0.0,0.0,0.0
Q9FN50_38_H3N3F1Pen1,0.0,21106430.0,0.0,0.0,0.0,0.0,0.0,0.0,63911860.0,0.0,0.0,3479501.0,0.0,122375500.0,0.0,0.0,5668180.0,0.0
Q9FN50_38_H4N3Pen1,0.0,81650590.0,0.0,0.0,23132190.0,0.0,38201740.0,0.0,0.0,12419580.0,0.0,0.0,0.0,0.0,0.0,0.0,0.0,0.0
Q9FN50_38_H9N2,0.0,0.0,0.0,0.0,0.0,0.0,0.0,0.0,0.0,0.0,0.0,0.0,3807078.0,0.0,0.0,0.0,0.0,0.0
Q9FN67_202_H3N2Pen1,0.0,0.0,0.0,0.0,0.0,0.0,0.0,2836493.0,0.0,0.0,50435510.0,0.0,0.0,0.0,0.0,0.0,0.0,0.0
Q9FNA4_1194_H9N2,0.0,10763880.0,0.0,0.0,1130254.0,0.0,0.0,0.0,0.0,0.0,0.0,0.0,0.0,0.0,0.0,0.0,0.0,0.0
Q9FND6_224_H7N2,0.0,0.0,0.0,0.0,0.0,0.0,0.0,0.0,0.0,0.0,0.0,0.0,0.0,0.0,15003860.0,0.0,0.0,0.0
Q9FNE1_326_H3N2F1Pen1,0.0,0.0,0.0,0.0,0.0,0.0,0.0,0.0,0.0,0.0,0.0,0.0,0.0,31152910.0,0.0,0.0,0.0,0.0
Q9FNE9_294_H5N4F1Pen1,0.0,0.0,0.0,0.0,0.0,0.0,3975190.0,0.0,0.0,3907888.0,0.0,0.0,0.0,0.0,0.0,0.0,0.0,0.0
Q9FNG8_218_H1N2,0.0,0.0,0.0,0.0,0.0,0.0,15791740.0,0.0,0.0,1654173.0,0.0,0.0,0.0,0.0,0.0,0.0,0.0,0.0
Q9FNG8_575_H8N2,0.0,0.0,0.0,0.0,0.0,0.0,0.0,0.0,0.0,0.0,0.0,0.0,5347917.0,0.0,0.0,0.0,0.0,0.0
Q9FNI6_824_H7N2,0.0,0.0,0.0,0.0,0.0,0.0,0.0,0.0,0.0,0.0,0.0,3218194.0,0.0,0.0,0.0,0.0,0.0,0.0
Q9FNI6_824_H8N2,0.0,0.0,0.0,0.0,0.0,0.0,2253845.0,0.0,12082300.0,20407660.0,0.0,90968520.0,0.0,0.0,0.0,0.0,0.0,0.0
Q9FNM2_219_H3N2F1Pen1,0.0,0.0,0.0,0.0,0.0,0.0,0.0,0.0,0.0,0.0,0.0,0.0,2473424.0,0.0,0.0,95778.41,0.0,0.0
Q9FNN6_26_H3N4F1Pen1,0.0,0.0,0.0,0.0,0.0,0.0,0.0,0.0,0.0,0.0,3035031.0,0.0,0.0,0.0,0.0,0.0,0.0,0.0
Q9FNP2_378_H3N2F1Pen1,0.0,0.0,6239979.0,0.0,0.0,1375260.0,0.0,0.0,8683008.0,0.0,0.0,238951.2,6122902.0,0.0,0.0,1318833.0,0.0,0.0
Q9FPN7_157_H4N4F2Pen1,0.0,0.0,0.0,0.0,0.0,4511245.0,0.0,0.0,0.0,0.0,0.0,4777965.0,0.0,0.0,0.0,0.0,0.0,0.0
Q9FPN7_182_H3N2F1Pen1,0.0,0.0,0.0,0.0,0.0,0.0,0.0,0.0,0.0,10465590.0,0.0,0.0,0.0,0.0,0.0,0.0,0.0,0.0
Q9FPQ8_277_H6N3,0.0,0.0,0.0,0.0,0.0,0.0,5824134.0,0.0,0.0,265024.4,0.0,0.0,0.0,0.0,0.0,0.0,0.0,0.0
Q9FPS3_283_H3N4F1Pen1,0.0,0.0,0.0,0.0,0.0,11312170.0,0.0,0.0,0.0,0.0,16039700.0,0.0,0.0,0.0,0.0,0.0,0.0,0.0
Q9FPS3_283_H4N4Pen1,0.0,455227.2,0.0,0.0,3359108.0,4165579.0,0.0,0.0,0.0,0.0,0.0,0.0,0.0,0.0,0.0,0.0,0.0,0.0
Q9FPS3_51_H3N2F1Pen1,0.0,0.0,0.0,0.0,0.0,0.0,0.0,0.0,0.0,0.0,0.0,0.0,0.0,21678300.0,0.0,0.0,0.0,0.0
Q9FPS3_90_H8N2,0.0,0.0,5970865.0,0.0,0.0,247643.0,0.0,2825256.0,0.0,0.0,616191.6,0.0,0.0,0.0,0.0,0.0,0.0,0.0
Q9FPS9_404_H3N2F1Pen1,0.0,0.0,0.0,0.0,0.0,0.0,0.0,0.0,0.0,0.0,0.0,0.0,0.0,0.0,0.0,0.0,0.0,11795640.0
Q9FPW3_299_H3N2Pen1,0.0,0.0,0.0,3378322.0,0.0,0.0,0.0,0.0,0.0,0.0,0.0,0.0,0.0,0.0,0.0,0.0,0.0,0.0
Q9FQ02_720_H3N2F1Pen1,0.0,0.0,0.0,0.0,0.0,0.0,0.0,0.0,0.0,0.0,0.0,0.0,5695628.0,0.0,0.0,7138690.0,0.0,0.0
Q9FQ09_500_H8N2,0.0,0.0,0.0,0.0,0.0,0.0,0.0,0.0,0.0,0.0,0.0,0.0,0.0,0.0,0.0,0.0,3269304.0,0.0
Q9FRH7_303_H8N2,0.0,0.0,0.0,0.0,21978940.0,0.0,0.0,0.0,0.0,0.0,0.0,0.0,0.0,0.0,0.0,0.0,55991600.0,0.0
Q9FRR1_75_H3N3F1Pen1,0.0,0.0,4166020.0,0.0,0.0,0.0,0.0,0.0,0.0,0.0,0.0,0.0,0.0,0.0,0.0,0.0,0.0,0.0
Q9FSD9_175_H4N2Pen1,0.0,0.0,0.0,0.0,0.0,0.0,0.0,0.0,0.0,12010700.0,0.0,0.0,0.0,0.0,0.0,0.0,0.0,0.0
Q9FSV7_457_H8N2,0.0,0.0,1518113.0,0.0,4424273.0,3709781.0,0.0,0.0,0.0,0.0,0.0,0.0,0.0,0.0,0.0,0.0,0.0,0.0
Q9FSY7_617_H3N2F1Pen1,0.0,0.0,0.0,0.0,0.0,0.0,0.0,0.0,0.0,0.0,0.0,0.0,0.0,0.0,0.0,0.0,6420881.0,0.0
Q9FT08_34_H3N2F1Pen1,0.0,0.0,0.0,0.0,0.0,0.0,0.0,0.0,4248691.0,0.0,0.0,1058667.0,0.0,0.0,0.0,0.0,0.0,0.0
Q9FT53_386_H3N2F1Pen1,0.0,0.0,0.0,0.0,0.0,0.0,0.0,0.0,0.0,0.0,0.0,0.0,0.0,33250830.0,0.0,0.0,13614670.0,0.0
Q9FT53_386_H3N3F1Pen1,0.0,0.0,0.0,0.0,0.0,0.0,9147198.0,0.0,0.0,11551040.0,0.0,0.0,0.0,20783240.0,24077130.0,0.0,28563600.0,36274690.0
Q9FT53_386_H4N2Pen1,0.0,0.0,0.0,49134210.0,0.0,0.0,0.0,3194560.0,0.0,0.0,8012709.0,0.0,0.0,0.0,0.0,0.0,0.0,0.0
Q9FT53_386_H4N4F2Pen1,0.0,0.0,0.0,0.0,0.0,0.0,0.0,0.0,7683838.0,0.0,0.0,13839020.0,0.0,0.0,5028054.0,0.0,0.0,12538530.0
Q9FT53_386_H5N4F1Pen1,0.0,0.0,0.0,0.0,0.0,1307926.0,0.0,0.0,0.0,0.0,0.0,0.0,0.0,0.0,0.0,0.0,0.0,0.0
Q9FT69_528_H9N2,0.0,0.0,0.0,0.0,0.0,0.0,0.0,0.0,0.0,0.0,0.0,0.0,0.0,0.0,1289810.0,0.0,0.0,3809838.0
Q9FT69_635_H3N2F1Pen1,0.0,0.0,0.0,6702356.0,0.0,0.0,0.0,0.0,0.0,0.0,0.0,0.0,0.0,0.0,0.0,0.0,0.0,0.0
Q9FT70_34_H3N3F1Pen1,0.0,0.0,0.0,0.0,0.0,0.0,0.0,0.0,13008600.0,0.0,0.0,0.0,0.0,0.0,0.0,0.0,0.0,0.0
Q9FT72_577_H3N2F1Pen1,0.0,0.0,0.0,0.0,0.0,0.0,0.0,0.0,0.0,0.0,2898136.0,0.0,0.0,0.0,0.0,0.0,0.0,0.0
Q9FTA0_170_H6N2,0.0,0.0,0.0,0.0,0.0,0.0,0.0,0.0,0.0,0.0,0.0,11449360.0,0.0,0.0,0.0,0.0,0.0,0.0
Q9FUM8_243_H3N3F1Pen1,0.0,0.0,0.0,0.0,0.0,0.0,0.0,0.0,0.0,0.0,0.0,0.0,0.0,0.0,0.0,0.0,5694899.0,0.0
Q9FUP0_214_H8N2,0.0,0.0,0.0,0.0,0.0,0.0,4421357.0,0.0,0.0,0.0,0.0,0.0,0.0,5229108.0,0.0,0.0,0.0,0.0
Q9FUT0_43_H6N2,0.0,0.0,0.0,0.0,0.0,0.0,0.0,20075980.0,0.0,0.0,64256240.0,0.0,0.0,6117682.0,0.0,0.0,27200590.0,0.0
Q9FUY2_520_H3N2F1Pen1,322082.0,0.0,0.0,7870178.0,0.0,0.0,0.0,0.0,0.0,0.0,7624626.0,0.0,0.0,0.0,0.0,0.0,0.0,0.0
Q9FV53_219_H3N2Pen1,0.0,0.0,25592190.0,0.0,0.0,1621890.0,0.0,0.0,11426740.0,0.0,0.0,0.0,0.0,0.0,0.0,0.0,0.0,0.0
Q9FV54_201_H3N2Pen1,0.0,0.0,0.0,0.0,0.0,0.0,0.0,0.0,0.0,26377050.0,0.0,0.0,0.0,0.0,0.0,0.0,0.0,6526515.0
Q9FVC8_56_H3N2F1Pen1,0.0,0.0,0.0,0.0,0.0,0.0,0.0,0.0,62677160.0,0.0,0.0,254649900.0,0.0,0.0,0.0,0.0,0.0,0.0
Q9FVC8_56_H3N3F1Pen1,0.0,0.0,0.0,0.0,0.0,0.0,0.0,0.0,0.0,0.0,0.0,0.0,3839003.0,0.0,0.0,41549370.0,0.0,0.0
Q9FVC8_56_H8N2,0.0,8498163.0,0.0,0.0,3032827.0,0.0,0.0,0.0,0.0,0.0,0.0,0.0,0.0,0.0,0.0,0.0,0.0,0.0
Q9FVQ4_85_H3N2F1Pen1,0.0,0.0,0.0,0.0,0.0,0.0,10347570.0,0.0,0.0,1673380.0,0.0,0.0,0.0,0.0,0.0,0.0,0.0,0.0
Q9FVQ4_85_H4N2Pen1,0.0,0.0,0.0,0.0,0.0,0.0,0.0,0.0,750459.5,0.0,0.0,14711690.0,0.0,0.0,0.0,0.0,0.0,0.0
Q9FVR6_151_H4N2Pen1,0.0,0.0,0.0,0.0,0.0,0.0,0.0,0.0,0.0,0.0,0.0,0.0,0.0,0.0,0.0,0.0,6089632.0,0.0
Q9FVT4_107_H4N3Pen1,0.0,2152780.0,0.0,0.0,1103927.0,0.0,0.0,0.0,0.0,0.0,0.0,0.0,12160450.0,0.0,0.0,3777461.0,0.0,0.0
Q9FVV8_109_H2N2F1Pen1,0.0,0.0,0.0,0.0,0.0,0.0,0.0,0.0,0.0,0.0,0.0,0.0,0.0,0.0,5935774.0,0.0,0.0,680866.2
Q9FVW4_236_H7N2,0.0,0.0,0.0,0.0,0.0,0.0,0.0,0.0,0.0,0.0,0.0,0.0,0.0,0.0,0.0,0.0,0.0,6823410.0
Q9FVW4_236_H8N2,0.0,0.0,0.0,0.0,0.0,0.0,0.0,0.0,0.0,0.0,0.0,0.0,0.0,0.0,0.0,0.0,15884040.0,0.0
Q9FVW4_236_H9N2,0.0,0.0,0.0,7246413.0,0.0,0.0,0.0,0.0,0.0,15643070.0,0.0,0.0,0.0,0.0,0.0,12061860.0,0.0,0.0
Q9FWA4_320_H3N3F1Pen1,0.0,0.0,0.0,0.0,0.0,0.0,0.0,0.0,0.0,0.0,0.0,0.0,0.0,0.0,2835957.0,0.0,0.0,42713330.0
Q9FWA6_18_H6N2,0.0,0.0,0.0,0.0,0.0,0.0,0.0,4939982.0,0.0,0.0,728584.3,0.0,0.0,0.0,0.0,0.0,0.0,0.0
Q9FWQ5_328_H3N2F1Pen1,0.0,0.0,0.0,0.0,0.0,0.0,0.0,0.0,0.0,0.0,8010578.0,0.0,0.0,0.0,0.0,0.0,0.0,7528129.0
Q9FWR2_568_H6N2,0.0,0.0,0.0,0.0,0.0,0.0,0.0,14772010.0,0.0,0.0,3332918.0,0.0,13621960.0,0.0,0.0,2814130.0,0.0,0.0
Q9FWS1_915_H3N2Pen1,0.0,0.0,0.0,0.0,0.0,0.0,0.0,0.0,3781092.0,0.0,0.0,0.0,1592935.0,0.0,0.0,0.0,0.0,0.0
Q9FWX8_648_H3N2F1Pen1,0.0,0.0,1290392.0,0.0,0.0,11799250.0,0.0,640985.4,0.0,0.0,3669644.0,0.0,0.0,0.0,0.0,0.0,4173382.0,0.0
Q9FX21_581_H3N4F1Pen1,0.0,0.0,0.0,0.0,0.0,0.0,0.0,7611740.0,0.0,0.0,0.0,0.0,0.0,0.0,0.0,0.0,0.0,0.0
Q9FX45_24_H8N2,0.0,0.0,4026149.0,0.0,0.0,0.0,0.0,0.0,15747430.0,0.0,0.0,804158.8,24983230.0,0.0,0.0,1569072.0,0.0,0.0
Q9FX53_107_H3N4F1Pen1,0.0,5895553.0,0.0,0.0,16850670.0,0.0,0.0,0.0,0.0,0.0,0.0,0.0,0.0,0.0,0.0,0.0,0.0,0.0
Q9FX53_107_H4N4F2Pen1,0.0,0.0,0.0,0.0,0.0,0.0,0.0,12629120.0,0.0,0.0,45846520.0,0.0,0.0,0.0,3518593.0,0.0,0.0,14706470.0
Q9FX86_487_H3N3F1Pen1,0.0,0.0,0.0,0.0,0.0,0.0,0.0,0.0,0.0,0.0,0.0,0.0,33254690.0,0.0,0.0,808281.5,0.0,0.0
Q9FX89_142_H3N2F1Pen1,0.0,6289483.0,0.0,0.0,0.0,0.0,0.0,0.0,0.0,0.0,0.0,0.0,0.0,0.0,0.0,0.0,0.0,0.0
Q9FXA8_343_H3N4F1Pen1,0.0,0.0,0.0,0.0,0.0,0.0,0.0,0.0,4520851.0,0.0,0.0,4607810.0,663337.7,0.0,0.0,4600040.0,0.0,0.0
Q9FXC7_291_H10N2,0.0,0.0,0.0,0.0,0.0,0.0,0.0,0.0,0.0,0.0,0.0,0.0,8477907.0,0.0,0.0,1207594.0,0.0,0.0
Q9FXE5_114_H3N4F1Pen1,0.0,0.0,0.0,0.0,0.0,0.0,6715816.0,4488684.0,0.0,895137.9,0.0,0.0,0.0,0.0,0.0,0.0,0.0,0.0
Q9FXJ1_153_H3N2F1Pen1,0.0,11919670.0,0.0,0.0,1559639.0,0.0,0.0,0.0,0.0,0.0,0.0,0.0,0.0,0.0,0.0,0.0,0.0,6896304.0
Q9FY48_828_H3N3F1Pen1,0.0,0.0,0.0,0.0,0.0,0.0,0.0,0.0,3360673.0,0.0,0.0,2877080.0,0.0,0.0,0.0,0.0,0.0,0.0
Q9FY61_561_H3N2F1Pen1,0.0,0.0,0.0,0.0,0.0,0.0,0.0,0.0,0.0,0.0,0.0,0.0,0.0,6789468.0,0.0,0.0,521212.7,0.0
Q9FYB9_2_H3N2F1Pen1,0.0,0.0,0.0,0.0,0.0,0.0,0.0,0.0,0.0,0.0,5279823.0,0.0,0.0,0.0,0.0,0.0,0.0,0.0
Q9FYB9_603_H3N2F1Pen1,9348997.0,0.0,0.0,7831736.0,0.0,0.0,0.0,0.0,0.0,0.0,0.0,0.0,0.0,0.0,0.0,0.0,0.0,0.0
Q9FYC0_233_H3N2F1Pen1,0.0,0.0,0.0,0.0,0.0,0.0,3228212.0,0.0,0.0,132975.3,0.0,0.0,0.0,0.0,0.0,0.0,0.0,0.0
Q9FYH1_136_H3N3F1Pen1,0.0,0.0,0.0,0.0,5900867.0,0.0,0.0,0.0,0.0,0.0,0.0,0.0,0.0,0.0,0.0,0.0,0.0,0.0
Q9FYH7_246_H8N2,0.0,128446.9,0.0,0.0,2501572.0,0.0,0.0,387823.0,0.0,0.0,4983242.0,0.0,0.0,0.0,0.0,2426332.0,0.0,0.0
Q9FYH7_431_H3N2F1Pen1,0.0,0.0,0.0,0.0,0.0,0.0,0.0,0.0,26768240.0,0.0,0.0,31727490.0,14364840.0,0.0,0.0,18979280.0,0.0,0.0
Q9FYH7_431_H4N3F1Pen1,9247191.0,0.0,0.0,13109200.0,0.0,0.0,16112930.0,10001450.0,0.0,23538960.0,14103660.0,0.0,0.0,0.0,0.0,0.0,0.0,0.0
Q9FYH7_431_H4N3F2Pen1,0.0,0.0,0.0,0.0,0.0,0.0,0.0,15743280.0,0.0,0.0,9568312.0,0.0,0.0,0.0,0.0,0.0,0.0,0.0
Q9FYH7_431_H4N4F1Pen1,0.0,0.0,0.0,0.0,0.0,0.0,0.0,0.0,19165010.0,0.0,0.0,21556860.0,0.0,0.0,0.0,0.0,0.0,0.0
Q9FYJ1_15_H3N3Pen1,0.0,0.0,4098537.0,0.0,0.0,0.0,0.0,0.0,0.0,0.0,0.0,0.0,0.0,0.0,0.0,0.0,0.0,0.0
Q9FYJ1_15_H4N3Pen1,0.0,0.0,7868781.0,0.0,0.0,0.0,0.0,0.0,34918430.0,0.0,0.0,0.0,0.0,0.0,0.0,0.0,0.0,0.0
Q9FZ06_496_H3N3F1Pen1,0.0,0.0,0.0,0.0,0.0,0.0,0.0,0.0,0.0,0.0,0.0,0.0,27539670.0,0.0,0.0,1893689.0,0.0,0.0
Q9FZ29_366_H8N2,0.0,0.0,0.0,0.0,0.0,100210400.0,0.0,0.0,0.0,0.0,0.0,0.0,0.0,0.0,0.0,0.0,0.0,0.0
Q9FZ45_398_H3N3F1Pen1,0.0,25606240.0,0.0,0.0,3109287.0,0.0,21263720.0,0.0,0.0,1526440.0,0.0,0.0,0.0,0.0,0.0,0.0,0.0,0.0
Q9FZ59_314_H3N4F1Pen1,0.0,0.0,0.0,0.0,0.0,0.0,28811250.0,0.0,0.0,24887430.0,0.0,0.0,0.0,0.0,0.0,0.0,0.0,0.0
Q9FZB1_40_H3N2F1Pen1,0.0,0.0,0.0,0.0,0.0,0.0,0.0,0.0,0.0,25116240.0,0.0,0.0,0.0,1853817.0,0.0,0.0,22747880.0,0.0
Q9FZB1_49_H3N2F1Pen1,8224931.0,0.0,6361736.0,9169796.0,0.0,5169460.0,0.0,0.0,0.0,0.0,0.0,0.0,0.0,0.0,0.0,0.0,0.0,0.0
Q9FZB1_49_H3N4F1Pen1,0.0,8354367.0,0.0,0.0,0.0,0.0,0.0,0.0,0.0,0.0,0.0,0.0,0.0,0.0,0.0,0.0,0.0,0.0
Q9FZD9_38_H3N2Pen1,0.0,0.0,0.0,0.0,0.0,0.0,0.0,0.0,0.0,0.0,0.0,0.0,0.0,0.0,8324082.0,0.0,0.0,2076488.0
Q9FZJ3_222_H3N2F1Pen1,0.0,52501010.0,0.0,0.0,28424950.0,0.0,23858570.0,0.0,102383900.0,7984872.0,0.0,32219610.0,0.0,0.0,0.0,0.0,0.0,0.0
Q9FZK0_79_H3N4F1Pen1,0.0,0.0,0.0,0.0,0.0,0.0,0.0,0.0,0.0,0.0,0.0,0.0,0.0,9751747.0,0.0,0.0,2140876.0,0.0
Q9FZK0_79_H8N2,0.0,0.0,0.0,0.0,0.0,0.0,0.0,0.0,0.0,0.0,0.0,0.0,0.0,0.0,0.0,0.0,0.0,12946460.0
Q9FZL4_32_H3N2F1Pen1,0.0,376511.5,0.0,0.0,40177330.0,0.0,0.0,0.0,0.0,0.0,0.0,0.0,0.0,0.0,0.0,0.0,0.0,0.0
Q9FZP1_122_H8N2,0.0,24588830.0,0.0,0.0,1919474.0,0.0,50458510.0,0.0,0.0,5948423.0,0.0,0.0,17981280.0,0.0,22567750.0,2110329.0,0.0,1226658.0
Q9FZP1_438_H4N4F2Pen1,3656441.0,0.0,0.0,2539447.0,0.0,0.0,0.0,0.0,0.0,0.0,0.0,0.0,0.0,0.0,0.0,0.0,0.0,0.0
Q9FZP6_148_H5N3F1Pen1,0.0,0.0,0.0,0.0,0.0,0.0,0.0,2262440.0,0.0,0.0,0.0,0.0,0.0,0.0,0.0,0.0,0.0,0.0
Q9GFN8_38_H2N2F1Pen1,0.0,0.0,0.0,17237240.0,0.0,0.0,0.0,0.0,0.0,0.0,19218050.0,0.0,0.0,0.0,0.0,0.0,0.0,0.0
Q9GFN8_38_H3N4F1Pen1,0.0,0.0,0.0,0.0,0.0,0.0,0.0,0.0,0.0,22948650.0,0.0,0.0,0.0,0.0,0.0,0.0,0.0,0.0
Q9GHE2_200_H3N2F1Pen1,0.0,0.0,0.0,0.0,0.0,0.0,0.0,0.0,0.0,55687640.0,0.0,0.0,0.0,0.0,0.0,0.0,0.0,0.0
Q9LD13_214_H10N2,0.0,0.0,0.0,0.0,0.0,0.0,0.0,0.0,0.0,0.0,0.0,0.0,0.0,10824170.0,0.0,0.0,19906640.0,0.0
Q9LD13_214_H9N2,0.0,0.0,0.0,0.0,0.0,0.0,0.0,0.0,11488130.0,0.0,0.0,15900760.0,0.0,0.0,0.0,0.0,0.0,0.0
Q9LD40_59_H5N4F1Pen1,0.0,0.0,0.0,0.0,0.0,0.0,0.0,0.0,0.0,0.0,0.0,0.0,0.0,0.0,0.0,0.0,9525020.0,0.0
Q9LDH0_301_H4N4Pen1,0.0,0.0,0.0,0.0,0.0,0.0,0.0,20618970.0,0.0,0.0,23216260.0,0.0,0.0,0.0,0.0,0.0,0.0,0.0
Q9LDM4_412_H4N3F1Pen1,0.0,0.0,0.0,0.0,0.0,0.0,0.0,1168976.0,0.0,0.0,7792660.0,0.0,0.0,0.0,0.0,0.0,0.0,0.0
Q9LDM5_62_H3N2Pen1,0.0,0.0,0.0,3854319.0,0.0,0.0,0.0,0.0,0.0,0.0,0.0,0.0,0.0,0.0,0.0,0.0,0.0,0.0
Q9LDN2_246_H3N2F1Pen1,0.0,0.0,0.0,0.0,0.0,27296660.0,0.0,0.0,0.0,0.0,0.0,0.0,0.0,0.0,0.0,0.0,0.0,0.0
Q9LDN2_246_H4N2Pen1,0.0,0.0,0.0,0.0,13349400.0,0.0,0.0,0.0,0.0,11758750.0,0.0,0.0,0.0,0.0,0.0,0.0,0.0,0.0
Q9LDQ3_103_H4N4F1Pen1,0.0,0.0,0.0,27307030.0,0.0,0.0,0.0,0.0,0.0,0.0,0.0,0.0,0.0,0.0,0.0,0.0,0.0,0.0
Q9LDQ3_280_H3N2F1Pen1,0.0,0.0,0.0,0.0,0.0,0.0,0.0,13613220.0,0.0,0.0,0.0,0.0,0.0,0.0,6985391.0,0.0,0.0,0.0
Q9LDR2_11_H3N2F1Pen1,0.0,0.0,0.0,0.0,0.0,0.0,0.0,226464.0,0.0,0.0,6820446.0,0.0,0.0,0.0,0.0,0.0,0.0,0.0
Q9LDR4_160_H3N2F1Pen1,0.0,0.0,0.0,0.0,0.0,0.0,0.0,0.0,0.0,0.0,0.0,0.0,0.0,0.0,42852700.0,0.0,0.0,0.0
Q9LDR4_160_H4N2Pen1,0.0,0.0,0.0,0.0,0.0,0.0,11060590.0,0.0,0.0,0.0,0.0,0.0,0.0,5152156.0,0.0,0.0,1027423.0,0.0
Q9LDS6_342_H3N3F1Pen1,0.0,0.0,0.0,0.0,0.0,0.0,0.0,0.0,8566086.0,0.0,0.0,0.0,0.0,0.0,0.0,0.0,0.0,0.0
Q9LDV4_304_H3N2F1Pen1,0.0,0.0,0.0,0.0,0.0,0.0,0.0,0.0,0.0,0.0,0.0,0.0,0.0,0.0,0.0,0.0,0.0,7941137.0
Q9LE56_120_H8N2,0.0,1335921.0,2074765.0,0.0,0.0,0.0,0.0,0.0,0.0,0.0,0.0,0.0,0.0,0.0,0.0,0.0,0.0,0.0
Q9LE82_35_H6N2,0.0,1742107.0,0.0,0.0,4839548.0,0.0,0.0,0.0,0.0,0.0,0.0,0.0,0.0,0.0,0.0,0.0,0.0,0.0
Q9LET7_1000_H3N3F1Pen1,0.0,0.0,0.0,0.0,0.0,0.0,0.0,0.0,0.0,0.0,0.0,0.0,700831.0,0.0,0.0,5678058.0,0.0,0.0
Q9LEU8_20_H8N2,0.0,0.0,0.0,0.0,0.0,0.0,0.0,2381878.0,0.0,0.0,0.0,0.0,0.0,0.0,0.0,0.0,0.0,0.0
Q9LEX5_255_H8N2,0.0,0.0,0.0,0.0,0.0,0.0,0.0,0.0,0.0,0.0,0.0,0.0,6047659.0,0.0,7476028.0,0.0,0.0,0.0
Q9LF10_56_H3N4F1Pen1,0.0,0.0,0.0,0.0,0.0,0.0,0.0,11470210.0,0.0,0.0,2856305.0,0.0,0.0,0.0,0.0,0.0,0.0,0.0
Q9LF10_588_H8N2,0.0,0.0,0.0,0.0,0.0,0.0,0.0,0.0,2110968.0,0.0,0.0,15014850.0,0.0,0.0,0.0,0.0,0.0,0.0
Q9LF24_490_H3N3F1Pen1,0.0,7104368.0,0.0,0.0,6960723.0,0.0,0.0,0.0,0.0,0.0,0.0,0.0,0.0,0.0,0.0,0.0,0.0,0.0
Q9LF24_490_H4N3F1Pen1,0.0,0.0,373514.7,0.0,0.0,9868647.0,0.0,0.0,0.0,0.0,0.0,0.0,0.0,0.0,0.0,0.0,0.0,0.0
Q9LF79_38_H3N3F1Pen1,0.0,0.0,0.0,0.0,0.0,0.0,0.0,0.0,0.0,0.0,0.0,0.0,0.0,0.0,614257.1,0.0,0.0,4818045.0
Q9LFA2_166_H3N2F1Pen1,0.0,0.0,0.0,0.0,0.0,0.0,7263470.0,0.0,0.0,4888403.0,0.0,0.0,0.0,0.0,0.0,0.0,0.0,0.0
Q9LFA4_112_H3N2F1Pen1,0.0,16213180.0,0.0,0.0,7755980.0,0.0,31026160.0,0.0,0.0,16040650.0,0.0,0.0,0.0,28675350.0,0.0,0.0,13056000.0,0.0
Q9LFA4_112_H3N4F1Pen1,0.0,0.0,0.0,0.0,0.0,0.0,0.0,0.0,6757855.0,0.0,0.0,6555697.0,0.0,0.0,0.0,0.0,0.0,0.0
Q9LFC6_425_H9N2,0.0,0.0,0.0,0.0,0.0,0.0,0.0,0.0,4206426.0,0.0,0.0,0.0,0.0,3816523.0,0.0,0.0,0.0,0.0
Q9LFD1_385_H7N2,0.0,0.0,0.0,0.0,0.0,0.0,4648724.0,0.0,0.0,38348380.0,0.0,0.0,0.0,0.0,0.0,0.0,0.0,0.0
Q9LFD5_12_H3N2F1Pen1,0.0,0.0,0.0,0.0,73317130.0,0.0,0.0,0.0,0.0,0.0,0.0,0.0,0.0,0.0,0.0,0.0,0.0,0.0
Q9LFD5_12_H3N3F1Pen1,0.0,0.0,802882.9,0.0,0.0,10759920.0,0.0,0.0,0.0,0.0,0.0,0.0,0.0,0.0,0.0,0.0,19481800.0,0.0
Q9LFD5_12_H3N4F1Pen1,0.0,0.0,0.0,0.0,13142850.0,0.0,0.0,0.0,0.0,0.0,0.0,0.0,0.0,0.0,0.0,0.0,0.0,0.0
Q9LFD5_12_H4N4Pen1,0.0,0.0,0.0,5206772.0,0.0,0.0,0.0,0.0,0.0,0.0,0.0,0.0,0.0,0.0,0.0,0.0,0.0,0.0
Q9LFE2_432_H3N2F1Pen1,0.0,45397910.0,0.0,0.0,43933090.0,0.0,0.0,30750350.0,0.0,0.0,28903630.0,0.0,59787210.0,0.0,0.0,74059860.0,0.0,0.0
Q9LFE2_432_H3N2Pen1,0.0,0.0,0.0,0.0,0.0,0.0,0.0,0.0,0.0,0.0,0.0,0.0,0.0,1485644.0,0.0,0.0,5446866.0,0.0
Q9LFE2_432_H6N2,0.0,0.0,3211959.0,0.0,0.0,4061837.0,0.0,0.0,0.0,0.0,0.0,0.0,0.0,0.0,0.0,0.0,0.0,0.0
Q9LFE4_42_H3N4F1Pen1,0.0,0.0,0.0,0.0,0.0,0.0,0.0,0.0,0.0,13925170.0,0.0,0.0,0.0,0.0,0.0,0.0,0.0,0.0
Q9LFG1_63_H3N4F1Pen1,0.0,0.0,0.0,0.0,0.0,0.0,0.0,0.0,3523621.0,0.0,0.0,1190065.0,0.0,0.0,0.0,0.0,0.0,0.0
Q9LFH6_276_H3N2F1Pen1,0.0,0.0,0.0,0.0,0.0,0.0,0.0,0.0,0.0,0.0,0.0,0.0,392272.6,0.0,0.0,11428670.0,0.0,0.0
Q9LFN5_336_H8N2,5111065.0,0.0,0.0,9811479.0,0.0,0.0,0.0,0.0,0.0,0.0,0.0,0.0,0.0,0.0,0.0,0.0,0.0,0.0
Q9LFN5_791_H3N3F1Pen1,0.0,0.0,0.0,0.0,0.0,0.0,0.0,0.0,3090109.0,0.0,0.0,0.0,0.0,0.0,0.0,0.0,0.0,0.0
Q9LFR7_72_H3N2F1Pen1,0.0,0.0,1892473.0,0.0,0.0,4868177.0,3126267.0,0.0,0.0,7839376.0,0.0,0.0,0.0,0.0,0.0,0.0,0.0,0.0
Q9LFR7_72_H3N4F1Pen1,0.0,0.0,0.0,0.0,0.0,0.0,10586430.0,0.0,0.0,11458740.0,0.0,0.0,0.0,0.0,0.0,0.0,0.0,0.0
Q9LFR7_72_H4N4F2Pen1,0.0,0.0,0.0,0.0,0.0,0.0,0.0,0.0,1133461.0,0.0,0.0,2970981.0,0.0,0.0,0.0,0.0,0.0,0.0
Q9LFV5_65_H3N2F1Pen1,22534130.0,0.0,0.0,740969.8,0.0,0.0,0.0,0.0,0.0,0.0,0.0,0.0,0.0,0.0,0.0,0.0,0.0,0.0
Q9LFV5_65_H3N4F1Pen1,8198077.0,0.0,0.0,1187671.0,0.0,0.0,0.0,0.0,0.0,0.0,0.0,0.0,0.0,0.0,0.0,0.0,0.0,0.0
Q9LFV6_57_H3N2Pen1,0.0,0.0,0.0,0.0,0.0,0.0,0.0,0.0,0.0,0.0,0.0,0.0,1412841.0,0.0,0.0,0.0,0.0,0.0
Q9LFV6_57_H3N3F1Pen1,0.0,0.0,16874100.0,0.0,0.0,0.0,12205710.0,11793170.0,0.0,0.0,466011.5,0.0,0.0,0.0,0.0,0.0,0.0,0.0
Q9LFV6_862_H4N4F1Pen1,0.0,691714.0,0.0,0.0,2035598.0,0.0,0.0,0.0,0.0,0.0,0.0,0.0,0.0,0.0,0.0,0.0,0.0,0.0
Q9LG23_13_H3N3F1Pen1,0.0,0.0,0.0,0.0,0.0,0.0,0.0,14599730.0,0.0,0.0,391002.1,0.0,0.0,17299010.0,0.0,0.0,0.0,0.0
Q9LH76_505_H3N2F1Pen1,0.0,0.0,0.0,0.0,0.0,0.0,160758.6,0.0,0.0,6107508.0,0.0,0.0,0.0,0.0,0.0,6046493.0,0.0,0.0
Q9LH76_505_H3N4F1Pen1,0.0,0.0,0.0,0.0,0.0,0.0,0.0,0.0,0.0,0.0,0.0,0.0,0.0,204723.4,0.0,0.0,13117400.0,0.0
Q9LH76_505_H4N4F2Pen1,0.0,0.0,0.0,0.0,0.0,0.0,0.0,0.0,0.0,0.0,3294956.0,0.0,0.0,0.0,0.0,0.0,0.0,0.0
Q9LHD8_172_H3N2F1Pen1,0.0,0.0,1320445.0,0.0,0.0,55053620.0,0.0,0.0,0.0,59766640.0,0.0,0.0,0.0,0.0,0.0,0.0,0.0,0.0
Q9LHF1_60_H3N2F1Pen1,0.0,1037436.0,0.0,0.0,4789610.0,0.0,0.0,0.0,0.0,0.0,0.0,0.0,0.0,0.0,0.0,0.0,0.0,0.0
Q9LHH5_249_H3N4F1Pen1,0.0,0.0,0.0,0.0,0.0,0.0,0.0,0.0,12333860.0,0.0,0.0,1769074.0,0.0,0.0,0.0,0.0,0.0,0.0
Q9LHL6_104_H3N3F1Pen1,0.0,80986520.0,0.0,0.0,69886280.0,0.0,0.0,122343200.0,0.0,0.0,39001040.0,0.0,0.0,0.0,0.0,0.0,0.0,0.0
Q9LHL6_104_H3N3F2,54475320.0,0.0,0.0,0.0,0.0,0.0,0.0,0.0,0.0,0.0,0.0,0.0,0.0,0.0,0.0,0.0,0.0,0.0
Q9LHN6_111_H6N2,0.0,0.0,0.0,0.0,0.0,0.0,0.0,10418750.0,0.0,0.0,1288729.0,0.0,0.0,4648469.0,0.0,0.0,1335989.0,0.0
Q9LHN6_111_H7N2,0.0,0.0,0.0,0.0,0.0,0.0,6921493.0,5303259.0,0.0,1321286.0,1440989.0,0.0,0.0,0.0,0.0,0.0,0.0,0.0
Q9LHN8_172_H8N2,611695.8,0.0,0.0,4047225.0,0.0,0.0,0.0,0.0,0.0,0.0,0.0,0.0,0.0,0.0,0.0,0.0,0.0,0.0
Q9LHN9_423_H3N2F1Pen1,0.0,0.0,0.0,0.0,0.0,0.0,0.0,0.0,0.0,0.0,0.0,0.0,0.0,0.0,13890520.0,0.0,0.0,37898130.0
Q9LHN9_423_H3N3F1Pen1,0.0,0.0,0.0,0.0,0.0,0.0,0.0,0.0,780622.1,0.0,0.0,14700790.0,0.0,0.0,0.0,0.0,0.0,0.0
Q9LHN9_423_H4N4F1Pen1,0.0,0.0,0.0,0.0,0.0,0.0,0.0,0.0,0.0,0.0,0.0,0.0,2636549.0,0.0,0.0,8669666.0,0.0,0.0
Q9LHN9_423_H4N4F2Pen1,0.0,0.0,0.0,0.0,0.0,0.0,0.0,0.0,0.0,0.0,0.0,0.0,0.0,0.0,3061611.0,0.0,0.0,20388160.0
Q9LHN9_423_H5N2,0.0,0.0,0.0,0.0,0.0,0.0,0.0,0.0,0.0,0.0,0.0,0.0,0.0,12532180.0,0.0,0.0,9979663.0,0.0
Q9LHN9_423_H5N4F3Pen1,0.0,0.0,0.0,0.0,0.0,0.0,10607660.0,0.0,0.0,47493490.0,0.0,0.0,0.0,0.0,0.0,0.0,0.0,0.0
Q9LHN9_423_H6N4F1Pen1,0.0,0.0,0.0,0.0,0.0,0.0,0.0,0.0,0.0,0.0,0.0,0.0,0.0,0.0,3378814.0,0.0,0.0,15206730.0
Q9LHN9_423_H6N4F2Pen1,0.0,0.0,0.0,0.0,0.0,0.0,0.0,0.0,0.0,0.0,0.0,0.0,4302737.0,0.0,0.0,17071440.0,0.0,0.0
Q9LHP2_225_H3N3F1Pen1,0.0,0.0,0.0,0.0,0.0,0.0,0.0,0.0,0.0,0.0,0.0,0.0,13550580.0,0.0,0.0,0.0,0.0,0.0
Q9LHT0_49_H3N2F1Pen1,0.0,0.0,0.0,0.0,0.0,0.0,0.0,0.0,0.0,0.0,0.0,0.0,153249.3,0.0,0.0,9480152.0,0.0,0.0
Q9LI83_593_H3N3F1Pen1,0.0,0.0,0.0,0.0,0.0,0.0,0.0,0.0,0.0,0.0,0.0,0.0,0.0,0.0,6097717.0,0.0,0.0,997460.8
Q9LIA1_288_H9N2,0.0,0.0,0.0,0.0,0.0,0.0,0.0,12659870.0,0.0,0.0,0.0,0.0,0.0,0.0,0.0,0.0,0.0,0.0
Q9LIF9_495_H8N2,0.0,2571284.0,0.0,0.0,2573263.0,0.0,0.0,0.0,0.0,0.0,0.0,0.0,0.0,0.0,0.0,0.0,0.0,0.0
Q9LIH9_160_H7N2,0.0,0.0,0.0,0.0,0.0,0.0,0.0,0.0,36781990.0,0.0,0.0,3505358.0,0.0,0.0,0.0,0.0,0.0,0.0
Q9LIK7_4_H3N2F1Pen1,0.0,0.0,0.0,0.0,0.0,0.0,0.0,0.0,0.0,0.0,0.0,0.0,15749270.0,0.0,0.0,31422380.0,0.0,0.0
Q9LIL5_42_H7N2,0.0,0.0,0.0,0.0,0.0,0.0,18052430.0,0.0,0.0,508932.2,0.0,0.0,0.0,0.0,0.0,0.0,0.0,0.0
Q9LIN5_524_H3N2F1Pen1,0.0,0.0,0.0,0.0,0.0,0.0,0.0,1021097.0,0.0,0.0,12842880.0,7353943.0,0.0,0.0,0.0,0.0,0.0,0.0
Q9LIP3_357_H3N2F1Pen1,0.0,0.0,0.0,0.0,0.0,0.0,0.0,0.0,0.0,0.0,0.0,0.0,0.0,0.0,0.0,0.0,0.0,19734520.0
Q9LIP4_169_H3N4F1Pen1,8376155.0,0.0,0.0,7799683.0,0.0,0.0,0.0,0.0,0.0,0.0,0.0,0.0,0.0,0.0,0.0,0.0,0.0,0.0
Q9LIQ9_269_H3N2Pen1,0.0,0.0,0.0,0.0,0.0,0.0,0.0,0.0,0.0,0.0,0.0,0.0,0.0,15158430.0,0.0,0.0,0.0,0.0
Q9LIQ9_269_H3N3F1Pen1,0.0,36511020.0,0.0,0.0,606059.1,0.0,0.0,0.0,0.0,0.0,0.0,0.0,0.0,0.0,0.0,0.0,0.0,0.0
Q9LIQ9_269_H3N4F1Pen1,0.0,10548540.0,0.0,0.0,2443184.0,0.0,0.0,0.0,0.0,0.0,0.0,0.0,0.0,0.0,14821510.0,0.0,0.0,926893.4
Q9LIQ9_269_H4N4Pen1,0.0,7638220.0,0.0,0.0,4588171.0,0.0,0.0,0.0,0.0,0.0,0.0,0.0,0.0,0.0,0.0,0.0,0.0,0.0
Q9LIQ9_535_H3N2F1Pen1,0.0,0.0,0.0,0.0,0.0,0.0,234024.7,0.0,0.0,45945430.0,0.0,0.0,0.0,0.0,0.0,0.0,0.0,45806150.0
Q9LIQ9_535_H3N2Pen1,0.0,0.0,0.0,2905366.0,0.0,0.0,0.0,0.0,0.0,0.0,0.0,0.0,0.0,0.0,0.0,0.0,0.0,0.0
Q9LIQ9_535_H3N3F1Pen1,222259.2,0.0,0.0,15158910.0,0.0,0.0,0.0,0.0,0.0,19349510.0,0.0,0.0,0.0,0.0,0.0,13524730.0,0.0,12814200.0
Q9LIQ9_535_H3N4F1Pen1,265468.5,0.0,0.0,26033330.0,0.0,0.0,0.0,0.0,0.0,0.0,34528220.0,0.0,0.0,0.0,0.0,0.0,0.0,0.0
Q9LIQ9_535_H4N4Pen1,0.0,243609.2,0.0,0.0,8511723.0,0.0,0.0,0.0,0.0,0.0,0.0,0.0,0.0,0.0,0.0,0.0,0.0,0.0
Q9LIQ9_663_H3N2F1Pen1,0.0,0.0,0.0,0.0,0.0,32898790.0,0.0,0.0,0.0,0.0,0.0,0.0,0.0,0.0,0.0,0.0,0.0,0.0
Q9LJ39_57_H3N4F1Pen1,0.0,0.0,548033.7,0.0,0.0,4838865.0,0.0,0.0,0.0,0.0,0.0,0.0,0.0,0.0,0.0,0.0,0.0,0.0
Q9LJ69_305_H3N2F1Pen1,0.0,0.0,0.0,0.0,0.0,0.0,8539476.0,0.0,0.0,4523073.0,0.0,0.0,0.0,0.0,0.0,0.0,0.0,0.0
Q9LJ87_186_H4N4Pen1,0.0,0.0,0.0,0.0,0.0,0.0,0.0,0.0,0.0,26831570.0,0.0,0.0,0.0,0.0,0.0,0.0,0.0,0.0
Q9LJD8_879_H6N2,0.0,0.0,0.0,0.0,0.0,0.0,781416.9,0.0,0.0,1492318.0,0.0,0.0,0.0,0.0,0.0,0.0,0.0,0.0
Q9LJE2_76_H3N2F1Pen1,0.0,160225.0,0.0,0.0,8477705.0,0.0,0.0,0.0,0.0,0.0,0.0,0.0,0.0,0.0,0.0,0.0,0.0,0.0
Q9LJE2_76_H8N2,0.0,0.0,837055.2,0.0,0.0,7419651.0,0.0,0.0,0.0,0.0,0.0,0.0,0.0,0.0,0.0,0.0,0.0,0.0
Q9LJF5_190_H3N2F1Pen1,17262060.0,0.0,0.0,15851470.0,0.0,0.0,0.0,34249010.0,0.0,0.0,17001520.0,0.0,25629390.0,24041850.0,0.0,14508090.0,9150983.0,0.0
Q9LJL9_480_H3N3F1Pen1,0.0,174252200.0,0.0,0.0,0.0,0.0,0.0,0.0,270948000.0,0.0,0.0,25616760.0,0.0,0.0,0.0,0.0,0.0,0.0
Q9LJL9_480_H3N3Pen1,0.0,0.0,0.0,0.0,0.0,0.0,0.0,17509950.0,0.0,0.0,7161706.0,0.0,0.0,0.0,0.0,0.0,0.0,0.0
Q9LJL9_480_H4N3Pen1,76072450.0,0.0,48418950.0,0.0,0.0,0.0,0.0,0.0,0.0,0.0,0.0,0.0,0.0,0.0,0.0,0.0,0.0,0.0
Q9LJN4_43_H3N2F1Pen1,0.0,0.0,0.0,0.0,0.0,0.0,0.0,0.0,0.0,0.0,0.0,0.0,16531830.0,0.0,27349980.0,0.0,0.0,19405070.0
Q9LJN4_653_H3N2Pen1,0.0,0.0,0.0,0.0,0.0,0.0,0.0,0.0,0.0,0.0,0.0,0.0,0.0,9346144.0,0.0,0.0,0.0,0.0
Q9LJN4_653_H4N2Pen1,0.0,0.0,0.0,0.0,0.0,0.0,0.0,6595027.0,0.0,0.0,0.0,0.0,0.0,0.0,0.0,0.0,0.0,0.0
Q9LJN8_27_H3N2F1Pen1,0.0,0.0,0.0,0.0,0.0,0.0,0.0,0.0,0.0,0.0,0.0,0.0,0.0,0.0,4049627.0,0.0,0.0,295210.1
Q9LJR2_79_H8N2,0.0,0.0,0.0,3803517.0,0.0,4810411.0,0.0,0.0,0.0,0.0,0.0,0.0,0.0,0.0,0.0,0.0,0.0,0.0
Q9LJS2_506_H3N2F1Pen1,0.0,31445550.0,0.0,0.0,25127770.0,0.0,58631340.0,0.0,0.0,41686900.0,0.0,0.0,0.0,0.0,52422860.0,0.0,0.0,32075180.0
Q9LJS2_506_H3N2Pen1,1731249.0,0.0,0.0,1316845.0,0.0,0.0,0.0,0.0,0.0,0.0,0.0,0.0,0.0,0.0,0.0,0.0,0.0,0.0
Q9LJS2_506_H3N3F1Pen1,0.0,0.0,0.0,0.0,0.0,0.0,0.0,15946780.0,0.0,0.0,3493082.0,0.0,0.0,0.0,0.0,0.0,0.0,0.0
Q9LJS2_506_H3N4F1Pen1,0.0,0.0,0.0,0.0,0.0,0.0,0.0,0.0,0.0,0.0,0.0,0.0,21016860.0,0.0,0.0,0.0,0.0,0.0
Q9LJU0_562_H3N2F1Pen1,0.0,9448653.0,0.0,0.0,6086587.0,0.0,0.0,0.0,0.0,0.0,0.0,0.0,0.0,0.0,0.0,0.0,0.0,0.0
Q9LJX0_641_H3N2Pen1,0.0,0.0,0.0,0.0,0.0,0.0,0.0,0.0,0.0,0.0,0.0,0.0,1801524.0,0.0,0.0,0.0,0.0,0.0
Q9LJX8_445_H3N3F1Pen1,0.0,0.0,25436080.0,0.0,0.0,25099900.0,0.0,0.0,0.0,0.0,0.0,0.0,0.0,0.0,0.0,0.0,0.0,0.0
Q9LK09_182_H3N2F1Pen1,0.0,0.0,0.0,0.0,0.0,0.0,0.0,7637050.0,0.0,0.0,0.0,0.0,0.0,0.0,0.0,0.0,0.0,0.0
Q9LK09_182_H3N4F1Pen1,0.0,0.0,0.0,0.0,0.0,0.0,0.0,0.0,0.0,0.0,0.0,0.0,0.0,0.0,9863530.0,0.0,0.0,0.0
Q9LK09_182_H4N4F2Pen1,0.0,0.0,0.0,0.0,0.0,0.0,0.0,3826348.0,0.0,0.0,0.0,0.0,0.0,0.0,0.0,0.0,0.0,0.0
Q9LK27_147_H3N2F1Pen1,0.0,0.0,0.0,0.0,0.0,0.0,0.0,0.0,0.0,0.0,0.0,0.0,0.0,0.0,548773.7,0.0,0.0,2003733.0
Q9LK58_258_H7N2,0.0,0.0,0.0,0.0,0.0,0.0,0.0,411347.5,0.0,0.0,16206970.0,11691990.0,0.0,0.0,0.0,0.0,0.0,0.0
Q9LK90_281_H3N4F1Pen1,0.0,0.0,0.0,0.0,0.0,0.0,0.0,0.0,0.0,0.0,0.0,0.0,0.0,0.0,0.0,0.0,8239210.0,0.0
Q9LK91_483_H3N2F1Pen1,0.0,0.0,0.0,0.0,0.0,0.0,0.0,9757802.0,0.0,0.0,0.0,0.0,0.0,0.0,0.0,0.0,0.0,0.0
Q9LK91_483_H4N3F2Pen1,0.0,16023770.0,0.0,0.0,0.0,0.0,27520810.0,0.0,0.0,0.0,0.0,0.0,0.0,0.0,0.0,0.0,0.0,0.0
Q9LK91_483_H4N4F1Pen1,0.0,0.0,0.0,0.0,0.0,0.0,28214510.0,0.0,0.0,5256846.0,0.0,0.0,0.0,25868350.0,0.0,0.0,5966579.0,0.0
Q9LK91_483_H4N4F2Pen1,0.0,0.0,0.0,0.0,0.0,0.0,0.0,116477500.0,0.0,0.0,0.0,0.0,0.0,0.0,44531180.0,0.0,0.0,0.0
Q9LK91_483_H5N4F3Pen1,0.0,0.0,0.0,0.0,0.0,0.0,0.0,0.0,0.0,0.0,0.0,0.0,0.0,6886030.0,0.0,0.0,123539.3,0.0
Q9LKA0_14_H7N2,0.0,0.0,0.0,0.0,0.0,0.0,0.0,0.0,0.0,0.0,0.0,0.0,0.0,1744517.0,0.0,0.0,1692927.0,0.0
Q9LKA0_182_H3N3F1Pen1,0.0,0.0,0.0,0.0,0.0,0.0,7701663.0,0.0,0.0,241748.0,0.0,0.0,0.0,0.0,0.0,0.0,0.0,0.0
Q9LKB9_1188_H3N2F1Pen1,0.0,0.0,0.0,0.0,0.0,0.0,0.0,0.0,29025540.0,0.0,0.0,0.0,0.0,0.0,0.0,0.0,0.0,0.0
Q9LKX9_614_H4N3Pen1,0.0,0.0,0.0,0.0,0.0,0.0,0.0,0.0,0.0,0.0,0.0,0.0,0.0,10099310.0,0.0,0.0,2063639.0,0.0
Q9LLL8_176_H7N2,0.0,16401490.0,0.0,0.0,23695250.0,0.0,0.0,8088230.0,0.0,0.0,16456810.0,0.0,0.0,0.0,0.0,0.0,0.0,0.0
Q9LLL8_176_H8N2,0.0,118881100.0,0.0,0.0,186384400.0,0.0,0.0,98604250.0,0.0,0.0,226799400.0,0.0,4091833.0,0.0,0.0,49800990.0,0.0,0.0
Q9LLL8_176_H9N2,0.0,0.0,11288160.0,0.0,0.0,7940140.0,0.0,16291640.0,0.0,0.0,9404788.0,0.0,0.0,0.0,0.0,0.0,0.0,0.0
Q9LM13_43_H3N2F1Pen1,0.0,0.0,2672819.0,0.0,0.0,1757842.0,0.0,0.0,0.0,0.0,0.0,0.0,0.0,0.0,0.0,0.0,0.0,0.0
Q9LMB9_396_H3N2F1Pen1,0.0,0.0,0.0,0.0,0.0,0.0,0.0,0.0,0.0,0.0,0.0,0.0,0.0,10583000.0,0.0,0.0,9883788.0,0.0
Q9LMC8_3_H3N2F1Pen1,0.0,0.0,0.0,0.0,0.0,0.0,872490.7,0.0,0.0,12968880.0,0.0,0.0,0.0,0.0,0.0,0.0,0.0,0.0
Q9LMH5_747_H3N2F1Pen1,0.0,0.0,0.0,0.0,0.0,0.0,0.0,0.0,25339750.0,0.0,0.0,26278810.0,0.0,0.0,0.0,0.0,0.0,0.0
Q9LMH6_290_H3N2F1Pen1,0.0,0.0,0.0,0.0,0.0,0.0,0.0,0.0,0.0,8207251.0,0.0,0.0,0.0,0.0,0.0,0.0,0.0,0.0
Q9LMN6_318_H3N4F1Pen1,0.0,0.0,0.0,0.0,0.0,0.0,0.0,0.0,0.0,0.0,20459240.0,6606894.0,0.0,0.0,0.0,0.0,0.0,0.0
Q9LMP1_111_H2N2F1Pen1,0.0,0.0,0.0,0.0,0.0,0.0,0.0,2330309.0,0.0,0.0,3812149.0,0.0,0.0,0.0,0.0,0.0,0.0,0.0
Q9LMP1_111_H3N2F1Pen1,9040640.0,0.0,0.0,12476280.0,0.0,0.0,0.0,0.0,0.0,0.0,0.0,0.0,0.0,0.0,0.0,0.0,0.0,0.0
Q9LMP1_111_H3N3F1Pen1,0.0,3211612.0,0.0,0.0,5592848.0,0.0,7090473.0,0.0,0.0,12346500.0,0.0,0.0,0.0,0.0,0.0,0.0,0.0,0.0
Q9LMP1_111_H3N4F1Pen1,10063760.0,0.0,29969430.0,7802362.0,0.0,28822200.0,0.0,48188640.0,0.0,0.0,50913850.0,0.0,0.0,0.0,53683800.0,0.0,0.0,54834300.0
Q9LMP1_111_H4N4F1Pen1,0.0,0.0,0.0,0.0,0.0,0.0,0.0,3949113.0,0.0,0.0,6099649.0,0.0,0.0,0.0,0.0,0.0,0.0,0.0
Q9LMP1_111_H4N4F2Pen1,0.0,7664274.0,0.0,0.0,8698661.0,0.0,6686512.0,0.0,5480520.0,12082590.0,0.0,13642850.0,0.0,0.0,9570350.0,0.0,0.0,16300650.0
Q9LMT9_430_H3N4F1Pen1,3232145.0,0.0,0.0,79746.21,0.0,0.0,0.0,0.0,0.0,0.0,0.0,0.0,0.0,0.0,0.0,0.0,0.0,0.0
Q9LN01_402_H3N3F1Pen1,0.0,0.0,0.0,0.0,0.0,0.0,0.0,0.0,0.0,0.0,21366680.0,0.0,0.0,0.0,0.0,0.0,18341060.0,0.0
Q9LN59_278_H3N2F1Pen1,0.0,0.0,0.0,0.0,0.0,0.0,0.0,3306718.0,0.0,0.0,9574920.0,0.0,0.0,0.0,0.0,0.0,0.0,0.0
Q9LN63_146_H3N2F1Pen1,0.0,4145605.0,2435970.0,0.0,0.0,72316.16,0.0,0.0,0.0,0.0,0.0,0.0,0.0,0.0,0.0,0.0,0.0,0.0
Q9LN69_365_H3N3F1Pen1,2320497.0,0.0,0.0,3241819.0,0.0,0.0,0.0,0.0,2914661.0,0.0,0.0,253615.1,0.0,0.0,0.0,0.0,0.0,0.0
Q9LN69_365_H4N2Pen1,0.0,0.0,694724.5,0.0,0.0,4608554.0,0.0,0.0,0.0,0.0,0.0,0.0,0.0,0.0,0.0,0.0,0.0,0.0
Q9LN69_708_H6N2,0.0,0.0,0.0,0.0,0.0,0.0,0.0,0.0,0.0,0.0,0.0,0.0,0.0,443006.7,0.0,0.0,1942842.0,0.0
Q9LN71_162_H3N2F1Pen1,0.0,0.0,0.0,0.0,0.0,0.0,0.0,0.0,0.0,0.0,0.0,0.0,0.0,0.0,6715795.0,0.0,0.0,577757.4
Q9LNP2_133_H6N2,0.0,0.0,0.0,0.0,0.0,0.0,0.0,0.0,0.0,0.0,0.0,0.0,5965089.0,0.0,0.0,926978.0,0.0,0.0
Q9LNQ4_1201_H3N4F1Pen1,0.0,0.0,0.0,0.0,0.0,0.0,738951.3,0.0,0.0,24305130.0,0.0,0.0,0.0,0.0,0.0,0.0,17400580.0,0.0
Q9LNQ4_1201_H6N3,0.0,0.0,0.0,0.0,18823250.0,18867450.0,0.0,0.0,0.0,0.0,0.0,0.0,0.0,0.0,0.0,0.0,0.0,0.0
Q9LNU1_363_H3N2Pen1,0.0,0.0,10471760.0,0.0,0.0,16367680.0,0.0,0.0,0.0,0.0,0.0,0.0,0.0,0.0,0.0,0.0,0.0,0.0
Q9LNV9_908_H3N2F1Pen1,0.0,0.0,0.0,0.0,0.0,0.0,0.0,0.0,0.0,0.0,0.0,0.0,22988070.0,0.0,0.0,1337663.0,0.0,0.0
Q9LP21_301_H3N2F1Pen1,0.0,0.0,0.0,4347395.0,0.0,0.0,0.0,0.0,0.0,0.0,0.0,0.0,0.0,0.0,0.0,0.0,0.0,0.0
Q9LP21_301_H3N4F1Pen1,0.0,0.0,0.0,0.0,0.0,0.0,0.0,0.0,0.0,0.0,0.0,0.0,0.0,0.0,0.0,0.0,22412460.0,0.0
Q9LP24_46_H8N2,0.0,0.0,0.0,0.0,0.0,0.0,0.0,0.0,0.0,0.0,0.0,6643066.0,0.0,0.0,0.0,0.0,4828365.0,0.0
Q9LP46_521_H3N3F1Pen1,0.0,8761360.0,0.0,0.0,498315.2,0.0,0.0,0.0,0.0,0.0,0.0,0.0,0.0,0.0,0.0,0.0,0.0,0.0
Q9LP59_159_H3N2F1Pen1,0.0,0.0,0.0,0.0,0.0,0.0,0.0,0.0,0.0,0.0,0.0,0.0,0.0,5589294.0,0.0,0.0,5932333.0,0.0
Q9LPD2_587_H3N4F1Pen1,0.0,0.0,0.0,0.0,0.0,0.0,0.0,0.0,0.0,0.0,0.0,0.0,0.0,0.0,11244450.0,0.0,0.0,1001186.0
Q9LPL3_198_H3N4F1Pen1,922705.9,0.0,0.0,10587610.0,0.0,0.0,0.0,0.0,0.0,0.0,0.0,0.0,0.0,0.0,0.0,0.0,0.0,0.0
Q9LPL3_198_H4N4F2Pen1,0.0,0.0,1324911.0,0.0,0.0,13956700.0,0.0,0.0,0.0,0.0,0.0,0.0,0.0,0.0,0.0,0.0,0.0,0.0
Q9LPL3_198_H5N4F3Pen1,1720678.0,0.0,0.0,16018410.0,0.0,0.0,0.0,0.0,0.0,0.0,0.0,0.0,0.0,0.0,0.0,0.0,0.0,0.0
Q9LPR8_126_H4N2Pen1,0.0,0.0,4458213.0,0.0,0.0,0.0,7120352.0,0.0,0.0,838111.0,0.0,0.0,0.0,0.0,0.0,0.0,0.0,0.0
Q9LPR8_126_H8N2,0.0,0.0,0.0,0.0,0.0,0.0,0.0,0.0,3484015.0,0.0,0.0,493764.7,0.0,0.0,0.0,0.0,0.0,0.0
Q9LPZ3_82_H3N4F1Pen1,3060945.0,0.0,0.0,0.0,0.0,0.0,0.0,0.0,0.0,0.0,0.0,0.0,0.0,0.0,0.0,0.0,0.0,0.0
Q9LPZ3_82_H8N2,0.0,0.0,0.0,0.0,0.0,0.0,0.0,0.0,0.0,0.0,0.0,0.0,0.0,6995821.0,10522150.0,0.0,0.0,0.0
Q9LPZ3_82_H9N2,0.0,7067047.0,0.0,0.0,3265582.0,0.0,0.0,0.0,0.0,0.0,0.0,0.0,0.0,0.0,0.0,0.0,0.0,0.0
Q9LPZ9_40_H3N2F1Pen1,0.0,0.0,0.0,0.0,0.0,0.0,0.0,0.0,0.0,0.0,0.0,0.0,0.0,490649.7,332267.3,0.0,6149769.0,8244822.0
Q9LQ02_354_H3N2F1Pen1,0.0,0.0,0.0,0.0,0.0,0.0,0.0,26892960.0,0.0,0.0,42869830.0,0.0,0.0,0.0,0.0,0.0,0.0,0.0
Q9LQ02_354_H3N2Pen1,0.0,0.0,0.0,0.0,0.0,0.0,2247045.0,0.0,0.0,6361662.0,0.0,0.0,0.0,0.0,2001032.0,0.0,0.0,4747529.0
Q9LQ02_354_H3N3F1Pen1,0.0,0.0,0.0,0.0,0.0,0.0,12080630.0,0.0,0.0,15465440.0,0.0,0.0,0.0,0.0,0.0,0.0,0.0,0.0
Q9LQ02_354_H4N2Pen1,0.0,0.0,0.0,0.0,0.0,0.0,0.0,0.0,0.0,0.0,0.0,0.0,0.0,0.0,0.0,0.0,0.0,8701932.0
Q9LQ02_354_H4N4F1Pen1,0.0,0.0,0.0,0.0,0.0,0.0,0.0,0.0,0.0,0.0,0.0,0.0,11660020.0,0.0,0.0,18708570.0,0.0,0.0
Q9LQ04_248_H5N4F3Pen1,0.0,0.0,18991780.0,0.0,0.0,0.0,0.0,0.0,0.0,0.0,0.0,0.0,0.0,0.0,0.0,0.0,0.0,0.0
Q9LQ27_38_H3N4F1Pen1,19163820.0,0.0,0.0,2153466.0,0.0,0.0,0.0,0.0,0.0,0.0,0.0,0.0,0.0,0.0,0.0,0.0,0.0,0.0
Q9LQ73_52_H3N2F1Pen1,0.0,0.0,0.0,0.0,0.0,0.0,0.0,0.0,0.0,0.0,0.0,0.0,0.0,0.0,0.0,3971939.0,0.0,0.0
Q9LQI7_13_H4N3F1Pen1,0.0,0.0,0.0,8920392.0,0.0,0.0,0.0,0.0,0.0,13425580.0,0.0,0.0,0.0,0.0,0.0,0.0,0.0,0.0
Q9LQK9_62_H3N2F1Pen1,0.0,0.0,0.0,0.0,0.0,0.0,0.0,0.0,0.0,0.0,0.0,0.0,0.0,2751639.0,0.0,0.0,7062569.0,0.0
Q9LQL2_424_H3N2Pen1,0.0,0.0,0.0,0.0,0.0,0.0,0.0,0.0,0.0,0.0,0.0,0.0,0.0,4250972.0,0.0,0.0,0.0,0.0
Q9LQL2_424_H3N3F1Pen1,0.0,0.0,0.0,0.0,0.0,0.0,0.0,21231430.0,0.0,0.0,0.0,0.0,0.0,0.0,0.0,0.0,0.0,0.0
Q9LQM3_82_H3N2F1Pen1,0.0,160225.0,0.0,0.0,7709644.0,7428296.0,0.0,0.0,0.0,5962334.0,0.0,8181661.0,0.0,0.0,0.0,0.0,0.0,0.0
Q9LQU7_179_H3N2Pen1,0.0,0.0,0.0,0.0,0.0,0.0,0.0,0.0,0.0,0.0,0.0,0.0,0.0,0.0,8015978.0,0.0,0.0,0.0
Q9LQZ0_242_H8N2,0.0,0.0,114747300.0,0.0,0.0,10871890.0,0.0,0.0,0.0,0.0,0.0,0.0,0.0,0.0,0.0,0.0,0.0,0.0
Q9LR47_197_H3N2F1Pen1,0.0,0.0,5764856.0,0.0,0.0,129540.8,0.0,0.0,0.0,0.0,0.0,0.0,0.0,0.0,0.0,0.0,0.0,0.0
Q9LRM2_177_H6N2,0.0,0.0,0.0,0.0,0.0,0.0,0.0,0.0,7584659.0,0.0,0.0,878201.2,0.0,0.0,0.0,0.0,0.0,0.0
Q9LRM2_34_H3N4F1Pen1,0.0,3772654.0,0.0,0.0,0.0,0.0,0.0,4061007.0,0.0,0.0,0.0,0.0,2770487.0,0.0,4470574.0,0.0,0.0,663441.6
Q9LRM2_34_H4N4F2Pen1,0.0,0.0,0.0,0.0,0.0,0.0,0.0,0.0,0.0,0.0,0.0,0.0,3911850.0,0.0,0.0,670108.5,0.0,0.0
Q9LRM7_305_H3N2F1Pen1,0.0,0.0,0.0,0.0,0.0,0.0,0.0,0.0,0.0,0.0,0.0,0.0,0.0,0.0,0.0,0.0,0.0,5907300.0
Q9LRT1_445_H8N2,0.0,0.0,0.0,0.0,0.0,0.0,0.0,0.0,0.0,0.0,0.0,0.0,0.0,0.0,2154424.0,0.0,0.0,3220879.0
Q9LRY1_248_H3N2F1Pen1,23745770.0,0.0,0.0,0.0,0.0,0.0,0.0,0.0,0.0,0.0,0.0,0.0,0.0,0.0,0.0,0.0,0.0,0.0
Q9LS01_255_H3N4F1Pen1,0.0,0.0,0.0,0.0,0.0,0.0,0.0,0.0,0.0,0.0,0.0,0.0,0.0,0.0,6699378.0,0.0,0.0,0.0
Q9LS25_190_H3N2F1Pen1,0.0,0.0,0.0,0.0,0.0,0.0,0.0,0.0,0.0,0.0,0.0,0.0,0.0,0.0,0.0,8750661.0,0.0,0.0
Q9LS57_334_H7N2,0.0,0.0,0.0,0.0,0.0,0.0,0.0,0.0,0.0,0.0,0.0,0.0,0.0,0.0,0.0,0.0,8157000.0,0.0
Q9LS57_334_H8N2,0.0,0.0,0.0,4996659.0,0.0,0.0,0.0,0.0,0.0,0.0,0.0,0.0,0.0,0.0,0.0,0.0,0.0,0.0
Q9LS57_334_H9N2,0.0,0.0,0.0,0.0,0.0,0.0,0.0,0.0,1347730.0,0.0,0.0,5344035.0,0.0,0.0,0.0,0.0,0.0,0.0
Q9LS79_562_H6N2,0.0,0.0,0.0,0.0,0.0,0.0,0.0,0.0,0.0,2991155.0,0.0,0.0,0.0,0.0,0.0,0.0,0.0,0.0
Q9LS79_562_H7N2,0.0,0.0,0.0,4022971.0,0.0,0.0,0.0,762420.9,0.0,0.0,10337940.0,0.0,0.0,0.0,0.0,0.0,0.0,0.0
Q9LS79_562_H8N2,0.0,0.0,0.0,14458320.0,0.0,0.0,0.0,0.0,0.0,0.0,0.0,0.0,0.0,0.0,0.0,0.0,0.0,0.0
Q9LSA5_172_H3N2F1Pen1,0.0,0.0,0.0,0.0,0.0,0.0,0.0,0.0,0.0,0.0,0.0,0.0,0.0,0.0,1663977.0,0.0,0.0,20186910.0
Q9LSA9_39_H3N2Pen1,0.0,0.0,0.0,0.0,0.0,2155716.0,0.0,0.0,0.0,0.0,0.0,0.0,0.0,0.0,0.0,0.0,0.0,0.0
Q9LSB9_183_H4N4F2Pen1,0.0,0.0,0.0,0.0,0.0,0.0,0.0,0.0,0.0,0.0,0.0,0.0,4644763.0,0.0,0.0,11110860.0,0.0,0.0
Q9LSE7_279_H8N2,0.0,0.0,0.0,0.0,0.0,0.0,6855743.0,0.0,0.0,2011625.0,0.0,0.0,0.0,0.0,0.0,0.0,0.0,0.0
Q9LSF0_58_H3N4F1Pen1,0.0,0.0,0.0,0.0,0.0,0.0,0.0,0.0,8972910.0,0.0,0.0,0.0,0.0,0.0,0.0,0.0,0.0,0.0
Q9LSF1_397_H3N2Pen1,0.0,0.0,0.0,0.0,0.0,0.0,0.0,0.0,0.0,0.0,0.0,0.0,0.0,0.0,7270327.0,0.0,0.0,0.0
Q9LSJ3_122_H3N2F1Pen1,31843310.0,0.0,0.0,0.0,0.0,0.0,0.0,0.0,0.0,0.0,0.0,0.0,0.0,0.0,0.0,0.0,0.0,0.0
Q9LSM9_2_H3N2Pen1,0.0,0.0,0.0,0.0,0.0,0.0,0.0,4792612.0,4336857.0,0.0,0.0,0.0,0.0,0.0,0.0,0.0,0.0,0.0
Q9LSS0_342_H3N2F1Pen1,0.0,0.0,0.0,0.0,0.0,0.0,0.0,0.0,0.0,0.0,0.0,0.0,0.0,0.0,0.0,0.0,0.0,4440886.0
Q9LSZ9_90_H4N2Pen1,0.0,0.0,0.0,0.0,0.0,0.0,0.0,0.0,0.0,0.0,0.0,0.0,0.0,0.0,0.0,0.0,0.0,1406270.0
Q9LT02_1117_H4N3F1Pen1,0.0,0.0,0.0,0.0,0.0,0.0,0.0,0.0,0.0,0.0,0.0,0.0,0.0,0.0,14286580.0,0.0,0.0,803118.0
Q9LT02_1117_H4N3F2Pen1,0.0,0.0,0.0,0.0,0.0,0.0,0.0,0.0,0.0,0.0,0.0,0.0,23343980.0,0.0,0.0,0.0,0.0,0.0
Q9LT24_521_H3N2F1Pen1,0.0,3787184.0,0.0,0.0,0.0,0.0,0.0,0.0,0.0,0.0,0.0,0.0,0.0,0.0,0.0,0.0,0.0,0.0
Q9LT25_425_H8N2,0.0,6769305.0,0.0,0.0,2077977.0,0.0,0.0,0.0,0.0,0.0,0.0,0.0,0.0,0.0,0.0,0.0,0.0,0.0
Q9LT45_136_H3N2F1Pen1,0.0,0.0,0.0,0.0,0.0,0.0,0.0,0.0,807897.4,0.0,0.0,17399160.0,0.0,0.0,0.0,0.0,0.0,0.0
Q9LT72_428_H7N2,0.0,0.0,0.0,0.0,0.0,0.0,12409610.0,0.0,2410386.0,574099.6,0.0,0.0,0.0,0.0,5013824.0,0.0,0.0,0.0
Q9LT78_367_H3N3F1Pen1,0.0,0.0,0.0,0.0,0.0,0.0,0.0,0.0,0.0,13526840.0,0.0,0.0,0.0,0.0,0.0,0.0,0.0,0.0
Q9LTC0_175_H3N2F1Pen1,0.0,0.0,56263110.0,0.0,0.0,0.0,0.0,28611670.0,16216890.0,0.0,2536351.0,998487.1,0.0,0.0,0.0,0.0,0.0,0.0
Q9LTC3_49_H3N2F1Pen1,0.0,0.0,0.0,0.0,0.0,0.0,0.0,0.0,0.0,0.0,0.0,0.0,0.0,20797350.0,0.0,0.0,3412301.0,0.0
Q9LTE4_131_H3N2F1Pen1,0.0,0.0,0.0,0.0,0.0,0.0,0.0,0.0,0.0,0.0,0.0,0.0,1048532.0,0.0,0.0,13341950.0,0.0,0.0
Q9LTF5_146_H8N2,0.0,0.0,0.0,0.0,2175023.0,0.0,0.0,0.0,0.0,0.0,0.0,0.0,0.0,183373.0,0.0,5663059.0,12983460.0,0.0
Q9LTJ8_208_H3N3Pen1,0.0,0.0,0.0,0.0,0.0,0.0,0.0,0.0,0.0,15053770.0,0.0,0.0,0.0,0.0,0.0,0.0,0.0,0.0
Q9LTJ8_208_H3N4F1Pen1,0.0,0.0,0.0,0.0,0.0,0.0,0.0,0.0,0.0,11223390.0,0.0,0.0,0.0,0.0,0.0,0.0,0.0,0.0
Q9LTJ8_222_H3N3F1Pen1,0.0,194283.8,0.0,0.0,9304704.0,0.0,0.0,0.0,0.0,0.0,0.0,0.0,0.0,0.0,0.0,0.0,0.0,0.0
Q9LTL0_417_H3N2F1Pen1,0.0,3793881.0,0.0,0.0,93953.93,0.0,6714883.0,0.0,0.0,0.0,0.0,0.0,0.0,0.0,0.0,0.0,0.0,0.0
Q9LTQ0_130_H3N3F1Pen1,0.0,0.0,0.0,0.0,0.0,0.0,0.0,0.0,0.0,0.0,0.0,0.0,13263180.0,0.0,0.0,0.0,0.0,0.0
Q9LTQ0_130_H4N3Pen1,0.0,0.0,0.0,0.0,0.0,0.0,0.0,0.0,6641634.0,0.0,0.0,0.0,0.0,0.0,0.0,0.0,0.0,0.0
Q9LTQ0_256_H3N2F1Pen1,0.0,0.0,0.0,0.0,0.0,0.0,0.0,0.0,0.0,0.0,12938000.0,0.0,0.0,0.0,0.0,0.0,0.0,0.0
Q9LTR9_127_H3N2F1Pen1,0.0,0.0,0.0,0.0,2041374.0,0.0,0.0,63374480.0,0.0,0.0,80842560.0,0.0,0.0,0.0,0.0,0.0,0.0,0.0
Q9LTR9_127_H3N2Pen1,0.0,0.0,0.0,0.0,0.0,0.0,0.0,509706.3,0.0,0.0,1450369.0,0.0,0.0,279989.5,0.0,0.0,2871830.0,0.0
Q9LTR9_127_H3N4F1Pen1,0.0,0.0,0.0,0.0,0.0,0.0,0.0,0.0,0.0,0.0,0.0,0.0,0.0,0.0,22123700.0,0.0,0.0,43117070.0
Q9LTR9_127_H4N4Pen1,0.0,0.0,0.0,0.0,0.0,0.0,0.0,0.0,8947762.0,0.0,0.0,18237120.0,0.0,0.0,0.0,0.0,0.0,0.0
Q9LTS4_302_H3N2F1Pen1,0.0,0.0,0.0,0.0,0.0,0.0,0.0,0.0,0.0,0.0,0.0,0.0,13228130.0,0.0,0.0,0.0,0.0,0.0
Q9LTS7_645_H3N2F1Pen1,0.0,0.0,6524407.0,0.0,0.0,515017.3,0.0,0.0,10470150.0,0.0,0.0,0.0,0.0,1049620.0,0.0,0.0,31069040.0,0.0
Q9LTS7_645_H3N4Pen1,0.0,0.0,0.0,0.0,0.0,0.0,0.0,6975693.0,0.0,0.0,486540.2,0.0,0.0,2826444.0,0.0,0.0,157602.3,0.0
Q9LTS7_645_H4N4F1Pen1,0.0,0.0,0.0,0.0,0.0,0.0,0.0,0.0,0.0,0.0,0.0,0.0,0.0,0.0,11842270.0,0.0,0.0,0.0
Q9LTS7_645_H5N4Pen1,0.0,0.0,0.0,0.0,0.0,0.0,4793836.0,0.0,4807913.0,0.0,0.0,1427877.0,0.0,0.0,0.0,0.0,0.0,0.0
Q9LTT9_712_H3N2F1Pen1,0.0,0.0,0.0,0.0,0.0,6232378.0,0.0,0.0,0.0,0.0,12384110.0,0.0,0.0,0.0,0.0,0.0,0.0,0.0
Q9LTT9_712_H4N4Pen1,0.0,0.0,0.0,0.0,22406800.0,17003010.0,0.0,0.0,0.0,0.0,0.0,0.0,0.0,0.0,0.0,0.0,0.0,0.0
Q9LTV6_126_H3N2F1Pen1,0.0,4753618.0,0.0,0.0,0.0,0.0,0.0,0.0,0.0,0.0,0.0,0.0,0.0,0.0,0.0,0.0,0.0,0.0
Q9LTZ0_49_H3N2Pen1,11300300.0,0.0,0.0,3338686.0,0.0,0.0,0.0,0.0,0.0,0.0,0.0,0.0,0.0,0.0,0.0,0.0,0.0,0.0
Q9LU24_210_H3N2F1Pen1,0.0,0.0,0.0,0.0,0.0,0.0,15622870.0,0.0,0.0,3005912.0,0.0,0.0,0.0,0.0,0.0,0.0,0.0,0.0
Q9LU39_106_H4N4F2Pen1,0.0,0.0,0.0,0.0,0.0,0.0,0.0,0.0,0.0,0.0,0.0,0.0,0.0,0.0,0.0,5597464.0,0.0,0.0
Q9LU39_106_H4N4F3,0.0,0.0,0.0,0.0,0.0,0.0,0.0,0.0,0.0,0.0,0.0,0.0,0.0,3113436.0,0.0,0.0,5658830.0,0.0
Q9LU41_52_H6N2,0.0,3687171.0,0.0,0.0,119318.4,0.0,0.0,0.0,0.0,0.0,0.0,0.0,0.0,0.0,0.0,0.0,0.0,0.0
Q9LU44_354_H3N2F1Pen1,0.0,0.0,12361950.0,0.0,0.0,1148275.0,0.0,0.0,0.0,0.0,0.0,0.0,0.0,0.0,0.0,0.0,0.0,0.0
Q9LU68_427_H3N2Pen1,0.0,0.0,0.0,0.0,0.0,0.0,0.0,0.0,0.0,0.0,0.0,0.0,0.0,0.0,0.0,1952313.0,0.0,0.0
Q9LU73_491_H3N2Pen1,0.0,0.0,0.0,0.0,0.0,0.0,0.0,0.0,11479940.0,0.0,0.0,11912170.0,0.0,8626358.0,0.0,0.0,11179220.0,0.0
Q9LU92_75_H4N3F1Pen1,0.0,0.0,0.0,0.0,0.0,0.0,0.0,0.0,0.0,0.0,0.0,0.0,0.0,0.0,0.0,5278553.0,0.0,0.0
Q9LUC8_72_H4N4F1Pen1,0.0,0.0,0.0,0.0,0.0,0.0,0.0,10729030.0,0.0,0.0,0.0,0.0,0.0,0.0,0.0,0.0,0.0,0.0
Q9LUH8_331_H8N2,0.0,0.0,0.0,0.0,0.0,0.0,0.0,0.0,0.0,0.0,0.0,0.0,0.0,0.0,0.0,11482250.0,0.0,0.0
Q9LUH8_85_H5N4F3Pen1,0.0,0.0,0.0,0.0,0.0,0.0,0.0,5627716.0,0.0,0.0,0.0,0.0,0.0,0.0,5119642.0,0.0,0.0,251007.8
Q9LUI2_1469_H6N3,0.0,0.0,0.0,0.0,0.0,0.0,5644415.0,0.0,0.0,2076317.0,0.0,0.0,0.0,0.0,0.0,0.0,0.0,0.0
Q9LUJ0_207_H3N4F1Pen1,0.0,609905.5,0.0,0.0,17360290.0,0.0,0.0,0.0,0.0,0.0,0.0,6249819.0,0.0,0.0,0.0,12178450.0,0.0,0.0
Q9LUJ0_207_H4N4F2Pen1,0.0,0.0,0.0,0.0,0.0,0.0,0.0,0.0,0.0,7323727.0,0.0,0.0,0.0,0.0,0.0,6834988.0,0.0,0.0
Q9LUK1_384_H4N3Pen1,0.0,0.0,0.0,0.0,0.0,0.0,0.0,0.0,0.0,0.0,0.0,0.0,0.0,0.0,18114660.0,0.0,0.0,1658208.0
Q9LUK1_384_H6N2,0.0,0.0,0.0,0.0,0.0,0.0,0.0,0.0,0.0,2268206.0,0.0,0.0,0.0,0.0,0.0,0.0,0.0,0.0
Q9LUK1_384_H7N2,0.0,0.0,0.0,0.0,0.0,0.0,0.0,1229211.0,531527.6,0.0,6333169.0,6224185.0,0.0,0.0,0.0,0.0,0.0,0.0
Q9LUK1_98_H3N3F1Pen1,0.0,0.0,0.0,0.0,0.0,0.0,0.0,0.0,0.0,0.0,0.0,53201120.0,0.0,0.0,0.0,0.0,0.0,0.0
Q9LUN4_699_H7N2,0.0,0.0,0.0,0.0,0.0,0.0,0.0,0.0,0.0,38348380.0,0.0,0.0,0.0,0.0,0.0,0.0,0.0,0.0
Q9LUQ3_102_H3N2F1Pen1,0.0,0.0,0.0,0.0,0.0,0.0,4332883.0,3890047.0,0.0,0.0,0.0,0.0,0.0,0.0,0.0,0.0,0.0,0.0
Q9LUQ6_27_H1N2,4632349.0,0.0,0.0,0.0,0.0,0.0,0.0,9059690.0,0.0,0.0,0.0,0.0,0.0,0.0,0.0,0.0,0.0,0.0
Q9LUS9_116_H3N2Pen1,0.0,0.0,0.0,0.0,0.0,0.0,3023167.0,0.0,0.0,0.0,0.0,0.0,0.0,0.0,0.0,0.0,0.0,0.0
Q9LUS9_146_H3N2F1Pen1,0.0,0.0,3044963.0,0.0,0.0,576419.4,0.0,0.0,0.0,0.0,0.0,0.0,0.0,0.0,0.0,0.0,0.0,0.0
Q9LUV7_161_H8N2,0.0,0.0,0.0,0.0,0.0,0.0,0.0,0.0,24339380.0,0.0,0.0,701907.4,15020910.0,13937130.0,0.0,0.0,0.0,0.0
Q9LUZ4_295_H3N2F1Pen1,0.0,0.0,0.0,0.0,0.0,0.0,0.0,0.0,0.0,0.0,0.0,0.0,0.0,0.0,0.0,0.0,0.0,2568841.0
Q9LV04_503_H8N2,0.0,0.0,0.0,0.0,0.0,0.0,214620.2,0.0,0.0,2726264.0,0.0,0.0,0.0,0.0,0.0,0.0,0.0,0.0
Q9LV34_77_H3N2F1Pen1,0.0,0.0,0.0,0.0,0.0,0.0,17059810.0,31889290.0,0.0,1745121.0,4660714.0,0.0,0.0,0.0,16456390.0,0.0,0.0,2778399.0
Q9LV34_77_H4N3F1Pen1,0.0,0.0,0.0,0.0,0.0,0.0,8969750.0,0.0,0.0,0.0,0.0,0.0,0.0,0.0,0.0,0.0,0.0,0.0
Q9LV34_77_H5N4F1Pen1,0.0,0.0,0.0,0.0,0.0,0.0,0.0,5803555.0,0.0,0.0,1323634.0,0.0,0.0,0.0,0.0,0.0,0.0,0.0
Q9LV81_130_H3N2F1Pen1,0.0,0.0,0.0,0.0,0.0,0.0,0.0,0.0,0.0,0.0,0.0,4464638.0,0.0,0.0,0.0,0.0,0.0,0.0
Q9LVI9_104_H3N3F1Pen1,0.0,0.0,0.0,0.0,0.0,0.0,19371470.0,0.0,0.0,1204164.0,0.0,0.0,0.0,2405346.0,0.0,0.0,0.0,0.0
Q9LVI9_104_H4N3Pen1,0.0,0.0,0.0,0.0,0.0,0.0,0.0,0.0,9698245.0,0.0,0.0,3496981.0,0.0,0.0,0.0,0.0,0.0,0.0
Q9LVI9_166_H3N4F1Pen1,0.0,31336100.0,0.0,0.0,3804969.0,0.0,0.0,0.0,0.0,0.0,0.0,0.0,0.0,0.0,0.0,0.0,0.0,0.0
Q9LVI9_166_H6N2,0.0,0.0,0.0,0.0,0.0,0.0,10838740.0,0.0,0.0,0.0,0.0,0.0,0.0,0.0,0.0,0.0,0.0,0.0
Q9LVL1_99_H3N2F1Pen1,10289220.0,0.0,0.0,657559.8,0.0,0.0,0.0,0.0,0.0,0.0,0.0,0.0,0.0,0.0,0.0,0.0,0.0,0.0
Q9LVL1_99_H4N2Pen1,0.0,2570177.0,0.0,0.0,0.0,0.0,4992955.0,0.0,0.0,320035.6,0.0,0.0,0.0,5884518.0,0.0,0.0,577598.2,0.0
Q9LVL5_514_H3N2Pen1,0.0,0.0,0.0,0.0,0.0,0.0,0.0,0.0,0.0,0.0,0.0,0.0,0.0,0.0,0.0,0.0,0.0,11350370.0
Q9LVN2_319_H3N4F1Pen1,0.0,0.0,0.0,5337118.0,7056054.0,0.0,0.0,0.0,0.0,0.0,0.0,0.0,0.0,0.0,0.0,0.0,0.0,0.0
Q9LVP7_166_H8N2,0.0,0.0,0.0,0.0,0.0,0.0,0.0,0.0,0.0,0.0,0.0,0.0,8838756.0,0.0,0.0,1133946.0,0.0,0.0
Q9LVP9_37_H3N2F1Pen1,0.0,0.0,7912298.0,0.0,0.0,0.0,0.0,0.0,0.0,0.0,0.0,0.0,0.0,0.0,0.0,0.0,0.0,0.0
Q9LVQ4_114_H6N2,0.0,0.0,0.0,0.0,0.0,0.0,0.0,0.0,0.0,0.0,5343015.0,0.0,0.0,0.0,0.0,0.0,0.0,0.0
Q9LVS9_175_H3N2F1Pen1,0.0,0.0,0.0,0.0,0.0,0.0,2061315.0,0.0,0.0,1605005.0,0.0,0.0,0.0,0.0,0.0,0.0,0.0,0.0
Q9LVS9_175_H7N2,0.0,0.0,0.0,0.0,0.0,0.0,0.0,0.0,0.0,0.0,0.0,0.0,5403190.0,0.0,0.0,898719.2,0.0,0.0
Q9LVS9_175_H8N2,0.0,0.0,0.0,0.0,0.0,0.0,0.0,0.0,0.0,0.0,0.0,0.0,8577875.0,0.0,0.0,1197520.0,0.0,0.0
Q9LVU3_151_H9N2,9976720.0,0.0,0.0,9737686.0,0.0,0.0,0.0,0.0,8430462.0,0.0,0.0,5487665.0,0.0,7284808.0,0.0,0.0,6404557.0,0.0
Q9LVW7_349_H7N2,0.0,0.0,1899167.0,0.0,0.0,0.0,0.0,0.0,0.0,0.0,0.0,0.0,0.0,0.0,0.0,0.0,0.0,0.0
Q9LVW7_349_H8N2,0.0,0.0,3523737.0,0.0,0.0,550107.3,0.0,0.0,0.0,0.0,0.0,0.0,0.0,0.0,0.0,0.0,0.0,0.0
Q9LVX1_383_H3N2F1Pen1,0.0,3371868.0,0.0,0.0,8543274.0,0.0,0.0,0.0,0.0,0.0,0.0,0.0,0.0,0.0,0.0,0.0,0.0,0.0
Q9LVY1_79_H9N2,0.0,0.0,0.0,0.0,0.0,0.0,0.0,5572981.0,0.0,0.0,0.0,0.0,0.0,0.0,0.0,0.0,0.0,0.0
Q9LW27_149_H8N2,0.0,0.0,0.0,0.0,0.0,0.0,9021117.0,0.0,0.0,1858858.0,0.0,0.0,0.0,0.0,0.0,0.0,0.0,0.0
Q9LW56_600_H3N3F1Pen1,0.0,0.0,0.0,0.0,0.0,0.0,0.0,0.0,0.0,0.0,283607000.0,0.0,0.0,0.0,0.0,0.0,138170300.0,0.0
Q9LW56_600_H8N2,0.0,0.0,1909768.0,0.0,0.0,222245.1,0.0,0.0,0.0,0.0,0.0,0.0,0.0,0.0,0.0,0.0,0.0,0.0
Q9LW86_60_H3N2F1Pen1,0.0,42111230.0,12838510.0,0.0,2369255.0,0.0,71060550.0,0.0,0.0,4371663.0,0.0,0.0,0.0,0.0,0.0,0.0,0.0,0.0
Q9LW86_60_H3N2Pen1,0.0,0.0,0.0,0.0,0.0,0.0,0.0,7373491.0,0.0,0.0,0.0,0.0,0.0,0.0,5678663.0,0.0,0.0,0.0
Q9LX30_383_H3N3F1Pen1,4282920.0,0.0,0.0,2833813.0,0.0,0.0,0.0,0.0,0.0,0.0,0.0,0.0,0.0,0.0,0.0,0.0,0.0,0.0
Q9LX47_150_H3N4F1Pen1,0.0,0.0,0.0,36362700.0,14088900.0,0.0,0.0,0.0,0.0,0.0,0.0,0.0,0.0,0.0,0.0,0.0,0.0,0.0
Q9LX73_636_H3N2F1Pen1,0.0,0.0,0.0,0.0,0.0,0.0,0.0,0.0,0.0,0.0,0.0,13331600.0,0.0,0.0,0.0,0.0,10291090.0,0.0
Q9LX85_64_H3N3F1Pen1,12357660.0,13701380.0,0.0,1747633.0,1405421.0,0.0,0.0,0.0,0.0,0.0,0.0,0.0,0.0,0.0,0.0,0.0,0.0,0.0
Q9LX85_64_H3N4F1Pen1,37822250.0,0.0,0.0,11533870.0,0.0,0.0,0.0,0.0,21386610.0,0.0,0.0,4155534.0,0.0,0.0,0.0,0.0,0.0,0.0
Q9LX85_64_H3N4F2,10792290.0,0.0,0.0,7221446.0,0.0,0.0,0.0,0.0,0.0,0.0,0.0,0.0,0.0,0.0,0.0,0.0,0.0,0.0
Q9LX85_64_H4N4F2Pen1,11743790.0,0.0,0.0,1894712.0,0.0,0.0,0.0,4498069.0,0.0,0.0,0.0,0.0,0.0,0.0,0.0,0.0,0.0,0.0
Q9LX99_1186_H3N2F1Pen1,0.0,0.0,0.0,0.0,12772830.0,0.0,0.0,0.0,0.0,0.0,0.0,0.0,0.0,0.0,0.0,0.0,20108860.0,0.0
Q9LXA5_306_H3N2F1Pen1,0.0,0.0,701608.6,0.0,0.0,17563190.0,0.0,0.0,0.0,0.0,0.0,0.0,0.0,0.0,0.0,0.0,0.0,0.0
Q9LXA7_477_H3N4F1Pen1,11144050.0,0.0,0.0,1085046.0,0.0,0.0,0.0,0.0,0.0,0.0,0.0,0.0,0.0,0.0,0.0,0.0,0.0,0.0
Q9LXD6_349_H3N3F1Pen1,0.0,0.0,0.0,0.0,7264719.0,0.0,0.0,0.0,0.0,0.0,0.0,0.0,0.0,0.0,0.0,0.0,0.0,0.0
Q9LXD6_349_H8N2,0.0,0.0,0.0,0.0,0.0,0.0,0.0,4673056.0,0.0,0.0,1573883.0,0.0,0.0,4149364.0,0.0,0.0,1577876.0,0.0
Q9LXD6_737_H3N2F1Pen1,0.0,0.0,0.0,0.0,0.0,0.0,4731471.0,0.0,0.0,0.0,0.0,0.0,0.0,0.0,0.0,0.0,0.0,0.0
Q9LXF4_489_H3N4F1Pen1,0.0,2982206.0,0.0,0.0,7477161.0,0.0,10212990.0,0.0,0.0,24066900.0,0.0,0.0,0.0,0.0,11726490.0,0.0,0.0,23035220.0
Q9LXF4_489_H4N4F2Pen1,0.0,0.0,0.0,0.0,0.0,0.0,0.0,0.0,11512650.0,0.0,0.0,51258660.0,0.0,0.0,0.0,0.0,0.0,0.0
Q9LXF4_489_H5N4F1Pen1,0.0,0.0,0.0,0.0,0.0,0.0,0.0,0.0,0.0,0.0,0.0,0.0,0.0,0.0,0.0,16817740.0,0.0,0.0
Q9LXF4_489_H5N4F3Pen1,0.0,0.0,0.0,0.0,0.0,0.0,0.0,1515978.0,0.0,0.0,19070980.0,0.0,0.0,0.0,0.0,0.0,0.0,0.0
Q9LXQ1_157_H3N2F1Pen1,0.0,0.0,0.0,0.0,0.0,0.0,0.0,0.0,6435747.0,0.0,0.0,0.0,0.0,0.0,0.0,0.0,0.0,0.0
Q9LXQ7_165_H3N2F1Pen1,0.0,0.0,6232378.0,0.0,0.0,4800831.0,0.0,0.0,0.0,0.0,0.0,0.0,0.0,0.0,0.0,0.0,0.0,0.0
Q9LXR0_229_H3N2F1Pen1,3690513.0,0.0,0.0,157553.0,0.0,0.0,0.0,0.0,0.0,0.0,0.0,0.0,0.0,0.0,0.0,0.0,0.0,0.0
Q9LXS6_502_H3N2F1Pen1,0.0,14920770.0,0.0,0.0,572288.8,0.0,0.0,28488810.0,0.0,0.0,2841710.0,0.0,0.0,0.0,0.0,0.0,0.0,0.0
Q9LXU9_259_H9N2,0.0,0.0,0.0,0.0,0.0,0.0,0.0,0.0,0.0,0.0,0.0,0.0,0.0,0.0,0.0,3294239.0,0.0,0.0
Q9LXU9_423_H6N2,0.0,0.0,0.0,0.0,0.0,0.0,0.0,0.0,0.0,0.0,0.0,0.0,0.0,2443561.0,0.0,0.0,356189.9,0.0
Q9LXV4_479_H3N2Pen1,0.0,0.0,0.0,0.0,0.0,0.0,0.0,0.0,0.0,0.0,0.0,0.0,3818672.0,0.0,0.0,318745.0,0.0,0.0
Q9LXV4_479_H3N4F1Pen1,0.0,0.0,0.0,0.0,0.0,0.0,26275000.0,0.0,0.0,1782140.0,0.0,0.0,0.0,0.0,0.0,0.0,0.0,0.0
Q9LXX8_343_H3N3F1Pen1,0.0,0.0,0.0,0.0,0.0,0.0,0.0,0.0,0.0,0.0,22103760.0,0.0,0.0,0.0,0.0,0.0,0.0,0.0
Q9LY46_241_H6N3,0.0,0.0,0.0,0.0,0.0,0.0,0.0,62880810.0,0.0,0.0,0.0,0.0,0.0,0.0,0.0,0.0,0.0,0.0
Q9LY50_136_H3N3F1Pen1,0.0,0.0,0.0,0.0,0.0,0.0,0.0,0.0,0.0,0.0,0.0,0.0,0.0,0.0,0.0,7600419.0,0.0,0.0
Q9LY50_136_H4N4F2Pen1,0.0,0.0,0.0,0.0,0.0,0.0,0.0,0.0,0.0,0.0,0.0,0.0,0.0,903031.2,0.0,0.0,12088240.0,0.0
Q9LY51_33_H3N2F1Pen1,0.0,0.0,0.0,0.0,0.0,0.0,0.0,0.0,0.0,0.0,0.0,26298460.0,0.0,0.0,0.0,0.0,0.0,0.0
Q9LY75_370_H3N2F1Pen1,0.0,0.0,0.0,0.0,0.0,0.0,0.0,44480730.0,0.0,0.0,1861612.0,0.0,0.0,0.0,30122850.0,0.0,0.0,867649.3
Q9LY75_370_H4N3F1Pen1,0.0,0.0,0.0,0.0,0.0,0.0,0.0,0.0,0.0,0.0,0.0,0.0,0.0,0.0,10328650.0,0.0,0.0,1326425.0
Q9LY75_370_H4N3F2Pen1,0.0,0.0,0.0,0.0,0.0,0.0,2392553.0,0.0,0.0,0.0,0.0,0.0,0.0,0.0,0.0,0.0,0.0,0.0
Q9LY75_383_H3N2F1Pen1,0.0,0.0,0.0,0.0,0.0,0.0,0.0,7991017.0,0.0,0.0,640668.6,0.0,0.0,0.0,0.0,0.0,0.0,0.0
Q9LY75_383_H3N4F1Pen1,0.0,0.0,0.0,0.0,0.0,0.0,0.0,3983095.0,0.0,0.0,0.0,0.0,0.0,0.0,0.0,0.0,0.0,0.0
Q9LY75_383_H7N2,0.0,0.0,0.0,0.0,0.0,0.0,0.0,13013190.0,0.0,0.0,915808.1,0.0,0.0,0.0,0.0,0.0,0.0,0.0
Q9LYC2_216_H5N2,0.0,0.0,0.0,0.0,0.0,0.0,0.0,0.0,0.0,0.0,11998540.0,0.0,0.0,0.0,0.0,0.0,0.0,0.0
Q9LYD9_103_H3N2F1Pen1,0.0,0.0,0.0,0.0,0.0,28181240.0,0.0,0.0,0.0,0.0,0.0,0.0,0.0,0.0,0.0,0.0,0.0,0.0
Q9LYD9_320_H3N2F1Pen1,0.0,0.0,0.0,0.0,0.0,0.0,0.0,0.0,0.0,0.0,0.0,0.0,10376240.0,0.0,0.0,536996.5,0.0,0.0
Q9LYD9_542_H3N4F1Pen1,0.0,0.0,0.0,0.0,0.0,0.0,0.0,0.0,0.0,38603880.0,0.0,0.0,0.0,0.0,0.0,0.0,0.0,0.0
Q9LYE3_375_H6N2,0.0,0.0,0.0,0.0,0.0,0.0,435184.5,0.0,0.0,2449873.0,0.0,0.0,0.0,0.0,0.0,0.0,0.0,0.0
Q9LYE3_375_H9N2,0.0,5058384.0,0.0,0.0,7929750.0,0.0,0.0,0.0,2251952.0,0.0,0.0,6312783.0,0.0,0.0,0.0,0.0,0.0,0.0
Q9LYG9_504_H3N3F1Pen1,0.0,0.0,0.0,0.0,0.0,0.0,0.0,0.0,0.0,194978500.0,0.0,0.0,0.0,0.0,0.0,0.0,0.0,0.0
Q9LYK7_514_H3N2F1Pen1,28454540.0,0.0,0.0,33699180.0,0.0,0.0,0.0,58076780.0,0.0,0.0,83721200.0,0.0,0.0,0.0,0.0,0.0,0.0,0.0
Q9LYK7_514_H3N2Pen1,0.0,0.0,0.0,0.0,0.0,0.0,0.0,1458368.0,0.0,0.0,2047314.0,0.0,0.0,0.0,0.0,0.0,0.0,0.0
Q9LYK7_514_H3N3F1Pen1,0.0,0.0,0.0,0.0,0.0,0.0,10933090.0,0.0,0.0,12450160.0,0.0,0.0,0.0,0.0,0.0,0.0,0.0,0.0
Q9LYK7_514_H4N3F1Pen1,11162320.0,0.0,0.0,17323330.0,0.0,0.0,8327579.0,0.0,18952800.0,9449705.0,0.0,17771270.0,13028690.0,0.0,0.0,18850450.0,0.0,0.0
Q9LYK7_514_H4N3F2Pen1,0.0,0.0,0.0,0.0,0.0,0.0,0.0,17838190.0,0.0,0.0,17553520.0,0.0,0.0,7374834.0,0.0,0.0,7082019.0,0.0
Q9LYK7_514_H4N4F1Pen1,0.0,6374274.0,0.0,0.0,8054477.0,0.0,4362163.0,0.0,20022810.0,8907497.0,0.0,27089410.0,0.0,0.0,0.0,0.0,0.0,0.0
Q9LYK7_514_H5N2F1Pen1,0.0,0.0,0.0,0.0,0.0,0.0,0.0,2724734.0,0.0,0.0,8505891.0,0.0,0.0,0.0,0.0,0.0,0.0,0.0
Q9LYK7_514_H5N4F2Pen1,0.0,0.0,0.0,0.0,0.0,0.0,0.0,0.0,7287688.0,0.0,0.0,7863715.0,0.0,0.0,0.0,0.0,0.0,0.0
Q9LYK7_514_H5N4F3Pen1,0.0,0.0,0.0,0.0,0.0,0.0,0.0,18913030.0,0.0,0.0,22023340.0,0.0,0.0,0.0,8722240.0,0.0,0.0,12422270.0
Q9LYL6_410_H3N2Pen1,0.0,0.0,0.0,0.0,0.0,0.0,5656994.0,0.0,0.0,0.0,0.0,0.0,0.0,365649.2,0.0,0.0,2237817.0,0.0
Q9LYL6_410_H5N4F1Pen1,0.0,0.0,0.0,0.0,0.0,0.0,0.0,0.0,0.0,0.0,0.0,0.0,0.0,0.0,1627630.0,0.0,0.0,6714511.0
Q9LYL6_410_H6N2,0.0,0.0,0.0,0.0,0.0,0.0,0.0,5162154.0,0.0,0.0,0.0,0.0,0.0,0.0,0.0,0.0,0.0,0.0
Q9LYN7_196_H3N2F1Pen1,0.0,0.0,0.0,0.0,0.0,0.0,0.0,0.0,0.0,0.0,0.0,0.0,0.0,1702003.0,0.0,0.0,8336718.0,0.0
Q9LYN7_838_H3N4F1Pen1,0.0,0.0,7374757.0,0.0,0.0,1334742.0,0.0,0.0,0.0,0.0,0.0,0.0,0.0,0.0,0.0,0.0,0.0,0.0
Q9LYP2_89_H3N3F1Pen1,0.0,0.0,0.0,0.0,0.0,0.0,0.0,0.0,27040600.0,0.0,0.0,0.0,0.0,0.0,0.0,0.0,0.0,0.0
Q9LYP5_185_H8N2,0.0,2236141.0,0.0,0.0,0.0,0.0,0.0,0.0,0.0,0.0,0.0,0.0,0.0,0.0,0.0,0.0,0.0,0.0
Q9LYQ2_75_H3N2F1Pen1,0.0,0.0,0.0,0.0,0.0,0.0,0.0,0.0,0.0,0.0,0.0,0.0,18056810.0,0.0,0.0,2509740.0,0.0,0.0
Q9LYR0_388_H3N2F1Pen1,0.0,0.0,0.0,0.0,0.0,0.0,0.0,0.0,0.0,0.0,0.0,0.0,250086.7,0.0,0.0,2545634.0,0.0,0.0
Q9LYS2_466_H3N2Pen1,0.0,0.0,0.0,10085570.0,0.0,0.0,0.0,0.0,0.0,0.0,0.0,0.0,0.0,0.0,0.0,6836039.0,0.0,0.0
Q9LYT2_453_H6N2,0.0,0.0,0.0,0.0,7474353.0,0.0,0.0,0.0,0.0,0.0,0.0,0.0,0.0,0.0,0.0,0.0,0.0,0.0
Q9LYT5_86_H3N2F1Pen1,0.0,0.0,0.0,0.0,0.0,0.0,0.0,0.0,3215929.0,0.0,0.0,0.0,0.0,0.0,0.0,0.0,0.0,0.0
Q9LYT5_86_H3N3F1Pen1,0.0,0.0,0.0,0.0,0.0,0.0,0.0,24290850.0,0.0,0.0,2146524.0,0.0,0.0,0.0,11003590.0,0.0,0.0,758675.1
Q9LYT5_86_H3N4F1Pen1,0.0,0.0,0.0,0.0,0.0,0.0,0.0,0.0,4508151.0,0.0,0.0,0.0,11351020.0,0.0,0.0,1202836.0,0.0,0.0
Q9LYY6_18_H3N3F1Pen1,0.0,0.0,0.0,0.0,0.0,0.0,0.0,0.0,0.0,0.0,0.0,0.0,0.0,0.0,0.0,0.0,8608639.0,0.0
Q9LYY6_18_H4N4F2Pen1,0.0,0.0,0.0,0.0,0.0,0.0,0.0,0.0,0.0,0.0,11428200.0,0.0,0.0,0.0,0.0,0.0,0.0,0.0
Q9LZ06_211_H3N2F1Pen1,0.0,0.0,0.0,0.0,0.0,0.0,0.0,8245338.0,0.0,0.0,12004650.0,0.0,0.0,0.0,0.0,0.0,0.0,0.0
Q9LZ19_37_H3N2F1Pen1,0.0,0.0,0.0,0.0,0.0,0.0,0.0,0.0,0.0,0.0,0.0,0.0,0.0,42851560.0,0.0,0.0,2440173.0,0.0
Q9LZC5_66_H3N2F1Pen1,0.0,0.0,0.0,0.0,0.0,0.0,0.0,6632585.0,0.0,0.0,316309.3,0.0,0.0,0.0,0.0,0.0,0.0,0.0
Q9LZD3_118_H4N3F1Pen1,0.0,0.0,0.0,0.0,0.0,7198687.0,0.0,0.0,0.0,0.0,0.0,0.0,0.0,0.0,0.0,0.0,0.0,0.0
Q9LZD8_448_H3N2F1Pen1,0.0,0.0,0.0,0.0,0.0,0.0,0.0,0.0,0.0,0.0,0.0,26578540.0,0.0,0.0,0.0,0.0,0.0,0.0
Q9LZF8_226_H3N2F1Pen1,31858730.0,0.0,0.0,0.0,0.0,0.0,0.0,0.0,0.0,0.0,0.0,0.0,58191140.0,0.0,0.0,0.0,0.0,0.0
Q9LZF8_80_H3N4F1Pen1,0.0,0.0,6680194.0,0.0,0.0,3012176.0,0.0,0.0,0.0,0.0,0.0,0.0,0.0,0.0,0.0,0.0,0.0,0.0
Q9LZM3_32_H3N2F1Pen1,0.0,0.0,7653718.0,0.0,0.0,0.0,0.0,0.0,0.0,0.0,0.0,0.0,0.0,0.0,0.0,0.0,0.0,0.0
Q9LZM3_32_H3N4F1Pen1,14168070.0,0.0,0.0,448454.5,0.0,0.0,0.0,0.0,29977100.0,0.0,0.0,0.0,18504410.0,0.0,0.0,816228.4,0.0,0.0
Q9LZM3_32_H5N3F1Pen1,4683123.0,0.0,0.0,2638758.0,0.0,0.0,0.0,0.0,0.0,0.0,0.0,0.0,0.0,0.0,0.0,0.0,0.0,0.0
Q9LZM4_342_H3N2F1Pen1,0.0,0.0,0.0,0.0,0.0,0.0,6068258.0,0.0,0.0,373569.9,0.0,0.0,0.0,0.0,0.0,0.0,0.0,0.0
Q9LZM4_342_H3N2Pen1,0.0,0.0,0.0,0.0,34620800.0,0.0,0.0,0.0,0.0,26641910.0,11044310.0,0.0,0.0,0.0,0.0,11072750.0,0.0,0.0
Q9LZM4_396_H3N2F1Pen1,0.0,0.0,0.0,0.0,0.0,0.0,0.0,0.0,0.0,0.0,0.0,0.0,11141820.0,8791800.0,0.0,7574732.0,5975869.0,0.0
Q9LZQ1_194_H9N2,0.0,0.0,6160784.0,0.0,0.0,11251650.0,0.0,0.0,0.0,0.0,0.0,0.0,0.0,0.0,0.0,0.0,0.0,0.0
Q9LZR5_205_H4N3Pen1,0.0,0.0,0.0,0.0,0.0,0.0,0.0,0.0,0.0,0.0,0.0,0.0,2188917.0,0.0,0.0,58541240.0,0.0,0.0
Q9LZS6_668_H3N2F1Pen1,0.0,0.0,0.0,0.0,0.0,0.0,0.0,3796704.0,0.0,0.0,0.0,0.0,0.0,0.0,0.0,0.0,0.0,0.0
Q9LZS9_238_H3N2F1Pen1,8224931.0,0.0,0.0,9169796.0,0.0,0.0,10016040.0,0.0,13331600.0,5621527.0,0.0,9468195.0,0.0,10291090.0,0.0,0.0,11597860.0,0.0
Q9LZS9_238_H3N3F1Pen1,0.0,0.0,0.0,0.0,0.0,0.0,1490515.0,0.0,0.0,2737795.0,0.0,0.0,0.0,668281.1,752772.3,0.0,3111452.0,1865070.0
Q9LZS9_238_H3N4F1Pen1,0.0,0.0,743803.4,0.0,0.0,1807636.0,1797624.0,1497352.0,0.0,3237790.0,2707473.0,0.0,0.0,2646451.0,1786778.0,0.0,6268642.0,7095919.0
Q9LZY0_550_H3N3F1Pen1,0.0,0.0,0.0,0.0,0.0,0.0,4395543.0,0.0,0.0,0.0,0.0,0.0,0.0,0.0,0.0,0.0,0.0,0.0
Q9M020_82_H3N3F1Pen1,531333.5,0.0,0.0,5860645.0,0.0,0.0,0.0,0.0,0.0,0.0,0.0,0.0,0.0,0.0,0.0,0.0,0.0,0.0
Q9M021_87_H3N3F1Pen1,0.0,0.0,0.0,0.0,0.0,11396090.0,0.0,0.0,0.0,0.0,0.0,0.0,0.0,0.0,0.0,0.0,0.0,21578100.0
Q9M092_274_H4N4Pen1,0.0,0.0,0.0,0.0,0.0,0.0,0.0,0.0,0.0,0.0,0.0,0.0,0.0,0.0,0.0,4106020.0,0.0,0.0
Q9M096_268_H3N3F1Pen1,0.0,0.0,0.0,0.0,0.0,0.0,0.0,0.0,14196870.0,0.0,0.0,0.0,0.0,13211340.0,0.0,0.0,0.0,0.0
Q9M0A4_314_H4N2Pen1,0.0,0.0,0.0,0.0,0.0,0.0,0.0,0.0,0.0,6987919.0,0.0,0.0,0.0,0.0,0.0,0.0,0.0,0.0
Q9M0B8_344_H7N2,0.0,0.0,0.0,0.0,0.0,0.0,0.0,0.0,0.0,0.0,0.0,0.0,16769310.0,0.0,0.0,346630.3,0.0,0.0
Q9M0C5_753_H3N2F1Pen1,0.0,0.0,0.0,6694899.0,0.0,0.0,4532028.0,0.0,0.0,0.0,0.0,0.0,0.0,0.0,0.0,0.0,0.0,0.0
Q9M0D1_260_H4N2Pen1,6623184.0,0.0,0.0,0.0,0.0,0.0,0.0,0.0,0.0,0.0,0.0,0.0,0.0,0.0,0.0,0.0,0.0,0.0
Q9M0D2_238_H3N2F1Pen1,0.0,0.0,0.0,0.0,0.0,35922320.0,0.0,0.0,0.0,0.0,0.0,0.0,0.0,0.0,0.0,0.0,0.0,56080690.0
Q9M0E1_73_H3N2F1Pen1,0.0,0.0,0.0,0.0,0.0,0.0,0.0,0.0,0.0,0.0,0.0,0.0,0.0,7411786.0,0.0,0.0,3313094.0,0.0
Q9M0F8_276_H3N2F1Pen1,0.0,0.0,0.0,0.0,0.0,0.0,11151770.0,0.0,0.0,25616320.0,0.0,0.0,0.0,0.0,0.0,0.0,0.0,0.0
Q9M0N1_66_H3N4F1Pen1,0.0,0.0,0.0,0.0,0.0,0.0,0.0,0.0,21055440.0,0.0,0.0,17303100.0,0.0,0.0,0.0,0.0,0.0,0.0
Q9M0Y2_177_H2N2F1Pen1,3322451.0,0.0,0.0,2975304.0,0.0,0.0,0.0,0.0,0.0,0.0,0.0,0.0,0.0,0.0,0.0,0.0,0.0,0.0
Q9M199_495_H3N2F1Pen1,0.0,0.0,365421.0,0.0,0.0,9729387.0,0.0,0.0,0.0,0.0,0.0,0.0,0.0,0.0,0.0,0.0,0.0,0.0
Q9M1B4_66_H3N2F1Pen1,0.0,0.0,0.0,0.0,0.0,0.0,0.0,0.0,0.0,0.0,0.0,0.0,0.0,23550560.0,0.0,0.0,475836.6,0.0
Q9M1B4_66_H3N3F1Pen1,0.0,0.0,0.0,0.0,0.0,0.0,0.0,0.0,0.0,0.0,0.0,0.0,31112850.0,0.0,0.0,0.0,0.0,0.0
Q9M1B4_66_H3N4F1Pen1,0.0,0.0,0.0,0.0,0.0,0.0,0.0,13744340.0,0.0,0.0,201162.4,0.0,0.0,0.0,0.0,0.0,0.0,0.0
Q9M1B4_66_H5N4F3Pen1,0.0,0.0,0.0,0.0,0.0,0.0,0.0,5120701.0,0.0,0.0,0.0,0.0,0.0,16645160.0,0.0,0.0,0.0,0.0
Q9M1C9_524_H8N2,0.0,0.0,0.0,0.0,0.0,0.0,0.0,0.0,0.0,0.0,8462738.0,0.0,0.0,0.0,0.0,0.0,0.0,0.0
Q9M1D8_74_H3N2F1Pen1,0.0,0.0,1151694.0,0.0,0.0,4000001.0,0.0,0.0,0.0,0.0,0.0,0.0,0.0,0.0,0.0,0.0,0.0,0.0
Q9M1J7_224_H3N2F1Pen1,0.0,0.0,0.0,0.0,0.0,0.0,0.0,0.0,0.0,0.0,0.0,0.0,4446454.0,0.0,8901562.0,1436034.0,0.0,1414405.0
Q9M1K5_4_H4N3Pen1,0.0,0.0,0.0,0.0,0.0,0.0,0.0,0.0,3613911.0,0.0,0.0,0.0,0.0,0.0,0.0,0.0,0.0,0.0
Q9M1X2_146_H5N4F3Pen1,0.0,0.0,0.0,0.0,0.0,0.0,0.0,0.0,0.0,0.0,0.0,0.0,0.0,0.0,11645680.0,0.0,0.0,0.0
Q9M1X2_216_H3N2F1Pen1,0.0,0.0,0.0,0.0,0.0,0.0,0.0,0.0,6992240.0,0.0,0.0,0.0,0.0,0.0,0.0,0.0,0.0,0.0
Q9M297_36_H7N2,0.0,0.0,0.0,0.0,4501648.0,0.0,0.0,0.0,0.0,0.0,0.0,0.0,0.0,0.0,0.0,0.0,0.0,0.0
Q9M2B4_156_H3N2F1Pen1,1540971.0,0.0,0.0,152176.9,0.0,0.0,0.0,0.0,10986990.0,0.0,0.0,0.0,0.0,0.0,0.0,0.0,0.0,0.0
Q9M2B9_598_H8N2,0.0,0.0,0.0,0.0,0.0,0.0,0.0,0.0,0.0,0.0,0.0,0.0,0.0,0.0,0.0,5201412.0,0.0,0.0
Q9M2C4_361_H3N4F1Pen1,0.0,0.0,0.0,0.0,3655121.0,0.0,0.0,0.0,0.0,0.0,0.0,0.0,0.0,0.0,251794.1,0.0,0.0,6094500.0
Q9M2E8_73_H5N3F1Pen1,0.0,0.0,0.0,0.0,0.0,0.0,0.0,24220670.0,0.0,0.0,13905830.0,0.0,0.0,0.0,0.0,0.0,0.0,0.0
Q9M2G8_33_H3N4F1Pen1,0.0,0.0,893266.3,0.0,3115581.0,4086235.0,0.0,0.0,0.0,0.0,0.0,0.0,0.0,0.0,0.0,0.0,0.0,0.0
Q9M2I5_33_H4N3F1Pen1,0.0,2967218.0,0.0,0.0,0.0,0.0,0.0,0.0,0.0,0.0,0.0,0.0,0.0,0.0,0.0,0.0,0.0,0.0
Q9M2I5_33_H7N2,0.0,0.0,16293310.0,0.0,0.0,0.0,0.0,0.0,0.0,0.0,0.0,0.0,0.0,0.0,0.0,0.0,0.0,0.0
Q9M2I5_33_H8N2,0.0,114347000.0,0.0,0.0,1028912.0,0.0,34587630.0,0.0,0.0,0.0,0.0,0.0,0.0,66250180.0,0.0,0.0,0.0,0.0
Q9M2K0_147_H6N2,0.0,0.0,676569.7,0.0,25379160.0,9580435.0,0.0,0.0,0.0,0.0,6255944.0,0.0,0.0,677029.5,0.0,0.0,29483950.0,0.0
Q9M2K0_576_H7N2,0.0,0.0,0.0,0.0,0.0,0.0,0.0,0.0,0.0,0.0,0.0,0.0,2454000.0,0.0,2912931.0,7009979.0,0.0,6486076.0
Q9M2N5_92_H3N2F1Pen1,0.0,3555099.0,5845083.0,0.0,0.0,0.0,0.0,0.0,0.0,0.0,0.0,0.0,0.0,0.0,0.0,0.0,0.0,0.0
Q9M2Q4_930_H4N3F1Pen1,0.0,0.0,0.0,0.0,0.0,0.0,0.0,0.0,0.0,0.0,0.0,0.0,0.0,0.0,3205633.0,0.0,0.0,655281.0
Q9M2U1_281_H3N4F1Pen1,0.0,0.0,0.0,0.0,0.0,0.0,0.0,0.0,0.0,0.0,2249736.0,0.0,0.0,0.0,0.0,0.0,0.0,0.0
Q9M2V5_320_H3N4Pen1,0.0,0.0,0.0,0.0,0.0,0.0,0.0,0.0,0.0,0.0,7661044.0,0.0,0.0,0.0,0.0,0.0,0.0,0.0
Q9M2V5_320_H7N2,0.0,0.0,0.0,0.0,0.0,0.0,0.0,0.0,0.0,0.0,0.0,0.0,0.0,0.0,0.0,0.0,7295860.0,0.0
Q9M2V6_368_H3N2F1Pen1,0.0,0.0,0.0,0.0,41379280.0,0.0,0.0,0.0,0.0,0.0,0.0,91063400.0,0.0,0.0,0.0,0.0,0.0,61928180.0
Q9M2V6_368_H3N3F1Pen1,587404.9,0.0,0.0,6943351.0,0.0,0.0,0.0,0.0,0.0,15001220.0,0.0,0.0,0.0,0.0,0.0,0.0,0.0,10260640.0
Q9M2V6_368_H3N4F1Pen1,0.0,0.0,0.0,0.0,0.0,0.0,0.0,0.0,0.0,0.0,0.0,0.0,0.0,3071136.0,0.0,0.0,585470.8,0.0
Q9M2W8_364_H3N2F1Pen1,5919396.0,0.0,0.0,0.0,0.0,0.0,0.0,0.0,0.0,0.0,0.0,0.0,0.0,0.0,0.0,0.0,0.0,0.0
Q9M2W8_436_H3N2F1Pen1,0.0,0.0,0.0,0.0,0.0,0.0,0.0,0.0,37847380.0,0.0,0.0,19410830.0,0.0,0.0,0.0,0.0,0.0,0.0
Q9M2Z5_94_H3N2F1Pen1,0.0,0.0,0.0,0.0,0.0,0.0,0.0,0.0,0.0,10660980.0,0.0,0.0,0.0,0.0,0.0,0.0,0.0,0.0
Q9M2Z5_94_H3N4F1Pen1,0.0,0.0,0.0,0.0,0.0,0.0,0.0,0.0,0.0,6532575.0,0.0,0.0,0.0,0.0,0.0,14338420.0,0.0,0.0
Q9M342_241_H3N3Pen1,0.0,0.0,0.0,0.0,23129130.0,0.0,0.0,0.0,0.0,0.0,0.0,0.0,0.0,0.0,0.0,0.0,0.0,0.0
Q9M342_334_H4N4F2Pen1,0.0,0.0,0.0,0.0,0.0,0.0,0.0,0.0,0.0,0.0,0.0,0.0,0.0,0.0,5254722.0,0.0,0.0,0.0
Q9M345_171_H3N2Pen1,0.0,0.0,0.0,0.0,0.0,0.0,0.0,0.0,0.0,0.0,1634397.0,0.0,0.0,0.0,0.0,0.0,0.0,0.0
Q9M345_186_H9N2,0.0,0.0,0.0,0.0,0.0,0.0,0.0,0.0,0.0,0.0,0.0,0.0,0.0,0.0,0.0,0.0,0.0,3311416.0
Q9M349_16_H6N2,0.0,0.0,0.0,0.0,0.0,0.0,0.0,0.0,10078530.0,0.0,0.0,138321.9,0.0,0.0,0.0,0.0,0.0,0.0
Q9M349_16_H7N2,0.0,0.0,0.0,0.0,0.0,0.0,43872060.0,11655000.0,0.0,701628.4,0.0,0.0,0.0,0.0,0.0,0.0,0.0,0.0
Q9M3B0_73_H3N4F1Pen1,0.0,0.0,0.0,0.0,0.0,0.0,0.0,0.0,0.0,0.0,0.0,0.0,0.0,0.0,28902910.0,0.0,0.0,2705282.0
Q9M3B4_327_H3N2F1Pen1,36912380.0,0.0,36940110.0,86817270.0,0.0,83226790.0,0.0,0.0,0.0,0.0,0.0,0.0,0.0,0.0,0.0,0.0,0.0,0.0
Q9M3B4_327_H3N3F1Pen1,0.0,0.0,0.0,0.0,0.0,0.0,0.0,791787.7,0.0,0.0,11144830.0,0.0,0.0,0.0,0.0,0.0,27623920.0,0.0
Q9M3B4_327_H4N4Pen1,0.0,0.0,0.0,0.0,0.0,0.0,0.0,0.0,3098872.0,0.0,0.0,27831560.0,0.0,0.0,0.0,0.0,0.0,0.0
Q9M3B9_768_H3N4F1Pen1,0.0,9122444.0,0.0,0.0,8838297.0,0.0,0.0,0.0,0.0,0.0,0.0,0.0,0.0,0.0,0.0,0.0,0.0,0.0
Q9M3B9_768_H7N2,0.0,2679830.0,0.0,0.0,2534903.0,0.0,0.0,0.0,0.0,0.0,0.0,0.0,0.0,0.0,0.0,0.0,0.0,0.0
Q9M3B9_768_H8N2,12480760.0,0.0,3456507.0,11534780.0,0.0,3725969.0,14542180.0,15203500.0,0.0,16270960.0,19428780.0,0.0,0.0,0.0,0.0,0.0,0.0,0.0
Q9M3G7_489_H3N2F1Pen1,0.0,0.0,0.0,0.0,0.0,0.0,0.0,0.0,6621696.0,0.0,0.0,0.0,0.0,0.0,0.0,0.0,0.0,0.0
Q9M3J5_1147_H4N3Pen1,0.0,0.0,0.0,0.0,0.0,0.0,0.0,14740440.0,0.0,0.0,18468070.0,0.0,0.0,0.0,0.0,0.0,0.0,0.0
Q9M3J5_1147_H4N4Pen1,0.0,0.0,0.0,0.0,0.0,0.0,0.0,43348390.0,18876890.0,0.0,52269490.0,24857390.0,0.0,0.0,0.0,0.0,0.0,0.0
Q9M3N0_325_H3N2F1Pen1,0.0,0.0,0.0,0.0,0.0,0.0,0.0,0.0,0.0,0.0,0.0,0.0,3769467.0,0.0,0.0,708902.9,0.0,0.0
Q9M3V8_148_H4N2Pen1,0.0,0.0,0.0,0.0,0.0,0.0,0.0,4778682.0,0.0,0.0,400029.2,0.0,0.0,0.0,0.0,0.0,0.0,0.0
Q9M424_45_H6N2,0.0,0.0,0.0,0.0,0.0,0.0,0.0,0.0,0.0,0.0,3186255.0,0.0,0.0,0.0,0.0,0.0,0.0,0.0
Q9M462_18_H3N2Pen1,0.0,0.0,12985480.0,0.0,0.0,16826490.0,0.0,0.0,0.0,0.0,0.0,0.0,0.0,0.0,0.0,0.0,0.0,0.0
Q9M4B9_34_H7N2,0.0,0.0,0.0,0.0,0.0,0.0,0.0,0.0,0.0,4311741.0,0.0,0.0,0.0,0.0,0.0,0.0,0.0,0.0
Q9M568_606_H3N2F1Pen1,0.0,0.0,23122610.0,0.0,0.0,9184444.0,0.0,0.0,0.0,0.0,0.0,0.0,0.0,0.0,0.0,0.0,0.0,0.0
Q9M568_606_H3N4F1Pen1,0.0,0.0,30790090.0,0.0,0.0,16932050.0,0.0,0.0,0.0,0.0,0.0,0.0,0.0,0.0,25944560.0,0.0,0.0,33094440.0
Q9M654_490_H3N2F1Pen1,0.0,0.0,0.0,0.0,0.0,0.0,0.0,0.0,0.0,0.0,0.0,0.0,0.0,0.0,6661945.0,0.0,0.0,1411744.0
Q9M658_1208_H3N2F1Pen1,0.0,0.0,0.0,0.0,0.0,0.0,0.0,0.0,0.0,0.0,0.0,0.0,0.0,10821630.0,41617950.0,0.0,866619.3,0.0
Q9M658_1208_H3N2Pen1,0.0,0.0,0.0,0.0,0.0,0.0,0.0,2972879.0,0.0,0.0,0.0,0.0,1652680.0,0.0,0.0,0.0,0.0,0.0
Q9M6E2_51_H3N2F1Pen1,0.0,0.0,0.0,0.0,0.0,0.0,0.0,0.0,0.0,0.0,0.0,0.0,0.0,0.0,0.0,0.0,0.0,6445138.0
Q9M7M1_592_H3N2F1Pen1,0.0,0.0,0.0,0.0,0.0,0.0,0.0,0.0,0.0,2619900.0,0.0,0.0,0.0,0.0,0.0,0.0,0.0,0.0
Q9M7R0_159_H8N2,0.0,0.0,1186072.0,0.0,0.0,4526284.0,0.0,0.0,0.0,0.0,0.0,0.0,0.0,0.0,0.0,0.0,4988789.0,0.0
Q9M7Z1_298_H3N2F1Pen1,0.0,0.0,0.0,46522470.0,0.0,0.0,0.0,0.0,0.0,59645120.0,0.0,0.0,0.0,0.0,0.0,0.0,18423190.0,0.0
Q9M7Z1_298_H3N2Pen1,0.0,0.0,0.0,0.0,0.0,0.0,0.0,0.0,0.0,0.0,2582063.0,0.0,0.0,0.0,0.0,0.0,0.0,0.0
Q9M885_161_H8N2,0.0,0.0,0.0,0.0,0.0,0.0,0.0,0.0,3355747.0,0.0,0.0,0.0,0.0,0.0,0.0,0.0,0.0,0.0
Q9M895_35_H8N2,0.0,0.0,0.0,0.0,0.0,0.0,0.0,13304200.0,0.0,0.0,1898763.0,0.0,0.0,0.0,17179960.0,0.0,0.0,2135539.0
Q9M896_240_H3N4F1Pen1,0.0,0.0,41586540.0,0.0,0.0,3583434.0,0.0,11061950.0,0.0,0.0,0.0,0.0,0.0,23759500.0,0.0,0.0,2558371.0,0.0
Q9M8K5_84_H3N4F1Pen1,0.0,0.0,0.0,0.0,0.0,0.0,0.0,0.0,0.0,0.0,0.0,38197290.0,0.0,0.0,0.0,0.0,22886560.0,0.0
Q9M8L3_163_H3N2F1Pen1,0.0,0.0,0.0,0.0,0.0,8348743.0,0.0,0.0,0.0,0.0,0.0,0.0,0.0,0.0,0.0,0.0,0.0,0.0
Q9M8L3_163_H3N3F1Pen1,0.0,0.0,0.0,2280393.0,0.0,0.0,0.0,0.0,0.0,0.0,0.0,0.0,0.0,0.0,0.0,0.0,0.0,0.0
Q9M8T7_12_H7N2,0.0,0.0,0.0,0.0,4993143.0,0.0,0.0,0.0,0.0,0.0,0.0,0.0,0.0,0.0,0.0,0.0,0.0,0.0
Q9M9B3_251_H3N4F1Pen1,3514077.0,0.0,0.0,540625.1,0.0,0.0,0.0,0.0,0.0,0.0,0.0,0.0,0.0,0.0,0.0,0.0,0.0,0.0
Q9M9C5_79_H6N2,0.0,0.0,0.0,0.0,0.0,0.0,0.0,0.0,0.0,0.0,0.0,0.0,0.0,0.0,0.0,0.0,0.0,3114423.0
Q9M9E8_881_H3N2F1Pen1,0.0,0.0,11232000.0,0.0,0.0,808523.9,0.0,0.0,19400120.0,0.0,0.0,845105.3,0.0,0.0,0.0,0.0,0.0,0.0
Q9M9L8_71_H3N2F1Pen1,0.0,0.0,0.0,0.0,0.0,0.0,0.0,0.0,26656950.0,0.0,0.0,21573420.0,0.0,0.0,0.0,0.0,0.0,0.0
Q9M9M4_13_H4N3Pen1,0.0,0.0,0.0,0.0,0.0,0.0,0.0,0.0,1223265.0,0.0,9134802.0,6028722.0,0.0,2691390.0,0.0,0.0,10252790.0,0.0
Q9M9M4_47_H3N4F1Pen1,0.0,0.0,0.0,0.0,0.0,0.0,0.0,886264.4,0.0,0.0,13818780.0,0.0,0.0,0.0,0.0,0.0,0.0,0.0
Q9M9R6_432_H3N2F1Pen1,0.0,0.0,0.0,0.0,0.0,0.0,0.0,0.0,4072051.0,0.0,0.0,0.0,0.0,0.0,0.0,0.0,0.0,0.0
Q9M9T0_215_H4N2Pen1,0.0,0.0,0.0,0.0,0.0,0.0,5468123.0,0.0,0.0,2454943.0,0.0,0.0,0.0,8102696.0,0.0,0.0,1578485.0,0.0
Q9M9W7_263_H3N3F1Pen1,0.0,0.0,0.0,0.0,0.0,0.0,0.0,0.0,0.0,0.0,0.0,0.0,0.0,2094329.0,0.0,0.0,4869199.0,0.0
Q9M9X7_172_H3N4F1Pen1,0.0,0.0,0.0,0.0,0.0,0.0,0.0,3195731.0,0.0,0.0,0.0,0.0,0.0,0.0,0.0,0.0,0.0,0.0
Q9M9X9_495_H3N2F1Pen1,0.0,0.0,12203070.0,0.0,0.0,0.0,0.0,0.0,0.0,0.0,0.0,0.0,0.0,0.0,0.0,0.0,0.0,0.0
Q9M9X9_495_H3N2Pen1,0.0,0.0,19070540.0,0.0,0.0,0.0,41358330.0,0.0,0.0,0.0,0.0,0.0,0.0,0.0,0.0,0.0,0.0,0.0
Q9M9Y5_225_H5N2,0.0,0.0,6161903.0,0.0,0.0,3781394.0,13613150.0,0.0,0.0,7359031.0,0.0,0.0,0.0,0.0,0.0,0.0,0.0,0.0
Q9M9Y5_225_H6N2,0.0,93271880.0,0.0,0.0,57032530.0,0.0,58768270.0,0.0,103146800.0,33775530.0,0.0,58650380.0,0.0,84971630.0,0.0,0.0,35257000.0,0.0
Q9M9Y5_225_H7N2,0.0,0.0,0.0,0.0,0.0,0.0,0.0,0.0,0.0,0.0,0.0,0.0,3177727.0,0.0,0.0,1802675.0,0.0,0.0
Q9M9Y5_454_H8N2,0.0,0.0,0.0,0.0,0.0,0.0,0.0,0.0,0.0,0.0,0.0,0.0,0.0,2835432.0,4390230.0,0.0,0.0,1224743.0
Q9MA41_244_H3N3F1Pen1,0.0,0.0,0.0,0.0,0.0,0.0,0.0,1125494.0,0.0,0.0,15014030.0,0.0,1546056.0,0.0,0.0,11301300.0,0.0,0.0
Q9MA41_244_H3N3Pen1,0.0,0.0,0.0,0.0,0.0,0.0,2408867.0,0.0,0.0,9531319.0,0.0,0.0,0.0,0.0,873463.9,0.0,0.0,8899908.0
Q9MA41_244_H4N3F1Pen1,0.0,0.0,0.0,0.0,0.0,0.0,0.0,0.0,564429.2,0.0,0.0,11910140.0,1895268.0,0.0,1717679.0,20713390.0,0.0,12136860.0
Q9MA41_244_H4N3F2Pen1,0.0,0.0,0.0,0.0,0.0,0.0,0.0,865096.0,0.0,0.0,11318640.0,0.0,3486300.0,4984497.0,0.0,14086360.0,14582980.0,0.0
Q9MA41_244_H4N3Pen1,0.0,0.0,0.0,0.0,0.0,0.0,0.0,0.0,0.0,0.0,0.0,0.0,0.0,0.0,0.0,0.0,0.0,4493911.0
Q9MA41_244_H4N4F1Pen1,0.0,0.0,0.0,0.0,0.0,0.0,0.0,0.0,0.0,0.0,0.0,0.0,3506949.0,0.0,2598947.0,16323680.0,0.0,17920390.0
Q9MA41_244_H4N4F2Pen1,0.0,0.0,0.0,0.0,0.0,0.0,0.0,0.0,2870792.0,0.0,0.0,22839100.0,0.0,0.0,0.0,0.0,0.0,0.0
Q9MA41_244_H5N2,0.0,14567110.0,0.0,0.0,13345220.0,0.0,0.0,0.0,0.0,0.0,0.0,0.0,0.0,0.0,0.0,0.0,0.0,0.0
Q9MA41_244_H5N4F1Pen1,0.0,0.0,0.0,0.0,0.0,0.0,0.0,0.0,0.0,0.0,0.0,0.0,0.0,0.0,8026220.0,0.0,0.0,29087590.0
Q9MA41_244_H5N4F2Pen1,0.0,0.0,0.0,0.0,0.0,0.0,0.0,0.0,3568897.0,0.0,0.0,19166730.0,0.0,0.0,10190090.0,0.0,0.0,47880530.0
Q9MA41_244_H5N4Pen1,0.0,0.0,0.0,0.0,0.0,0.0,0.0,0.0,0.0,0.0,0.0,0.0,0.0,482134.9,597465.8,0.0,6026851.0,4109045.0
Q9MA41_244_H6N4F2Pen1,0.0,0.0,0.0,0.0,0.0,0.0,5651547.0,0.0,0.0,21550740.0,0.0,0.0,0.0,0.0,0.0,0.0,0.0,0.0
Q9MA85_654_H3N3F1Pen1,0.0,0.0,0.0,0.0,0.0,0.0,0.0,3790091.0,0.0,0.0,4956825.0,0.0,0.0,0.0,0.0,0.0,0.0,0.0
Q9MA90_241_H4N3Pen1,0.0,0.0,0.0,0.0,0.0,0.0,0.0,0.0,23630050.0,0.0,0.0,0.0,0.0,0.0,0.0,0.0,0.0,0.0
Q9MA92_259_H3N2F1Pen1,0.0,0.0,0.0,0.0,0.0,0.0,0.0,0.0,0.0,69985960.0,0.0,0.0,0.0,0.0,0.0,0.0,0.0,0.0
Q9MA92_259_H3N2Pen1,0.0,0.0,0.0,0.0,0.0,0.0,0.0,0.0,0.0,0.0,0.0,0.0,0.0,0.0,0.0,0.0,1442027.0,0.0
Q9MA92_377_H3N2F1Pen1,0.0,0.0,0.0,0.0,0.0,0.0,8676576.0,0.0,0.0,11829330.0,0.0,0.0,0.0,0.0,42206880.0,0.0,0.0,81564670.0
Q9MA92_377_H3N3F1Pen1,0.0,0.0,0.0,0.0,0.0,0.0,0.0,9320782.0,0.0,0.0,0.0,0.0,0.0,0.0,13295780.0,0.0,0.0,31592180.0
Q9MAH1_92_H3N2F1Pen1,0.0,0.0,0.0,0.0,0.0,0.0,19349100.0,8653914.0,0.0,20364210.0,6018133.0,0.0,0.0,0.0,0.0,0.0,0.0,0.0
Q9MAH4_37_H3N2F1Pen1,0.0,0.0,0.0,0.0,0.0,0.0,0.0,3713580.0,0.0,0.0,10814520.0,0.0,0.0,0.0,0.0,0.0,0.0,0.0
Q9MB58_223_H3N2F1Pen1,0.0,0.0,0.0,0.0,0.0,0.0,0.0,0.0,0.0,0.0,0.0,0.0,0.0,5018080.0,0.0,0.0,338677.8,0.0
Q9MB58_223_H6N3,0.0,0.0,0.0,0.0,0.0,0.0,0.0,0.0,0.0,0.0,0.0,0.0,0.0,0.0,5061305.0,0.0,0.0,1126245.0
Q9MF82_139_H7N2,0.0,0.0,0.0,0.0,0.0,0.0,0.0,0.0,0.0,2125041.0,0.0,0.0,0.0,0.0,0.0,0.0,0.0,0.0
Q9MF82_139_H8N2,0.0,0.0,0.0,0.0,0.0,0.0,528553.8,0.0,0.0,15754210.0,0.0,0.0,0.0,0.0,0.0,0.0,0.0,0.0
Q9MSA7_70_H7N2,0.0,0.0,0.0,0.0,0.0,0.0,0.0,0.0,13348150.0,0.0,0.0,0.0,0.0,0.0,0.0,0.0,0.0,0.0
Q9MST4_70_H3N4F1Pen1,0.0,0.0,2422050.0,0.0,0.0,13430860.0,0.0,0.0,0.0,0.0,0.0,0.0,0.0,0.0,0.0,0.0,0.0,0.0
Q9MST4_70_H4N4F2Pen1,0.0,0.0,265158.5,0.0,0.0,4753996.0,0.0,0.0,0.0,0.0,0.0,0.0,0.0,0.0,0.0,0.0,0.0,0.0
Q9MSV4_70_H3N2F1Pen1,0.0,342289.3,0.0,0.0,22295360.0,0.0,0.0,0.0,0.0,0.0,21781290.0,0.0,0.0,0.0,0.0,0.0,0.0,0.0
Q9MTL1_160_H3N2F1Pen1,0.0,0.0,0.0,0.0,0.0,44843650.0,0.0,0.0,0.0,0.0,0.0,0.0,0.0,0.0,0.0,0.0,0.0,0.0
Q9MTX9_44_H3N2F1Pen1,30875920.0,0.0,96190860.0,8450013.0,0.0,35849090.0,0.0,0.0,0.0,0.0,0.0,0.0,0.0,0.0,0.0,0.0,0.0,0.0
Q9MTX9_44_H6N2,1610468.0,1850155.0,0.0,14157680.0,27012180.0,0.0,1585772.0,2370745.0,0.0,26040970.0,53904980.0,0.0,981232.9,0.0,0.0,19047960.0,5106319.0,0.0
Q9MUK3_303_H3N3F1Pen1,0.0,0.0,0.0,0.0,0.0,0.0,0.0,0.0,7196785.0,0.0,0.0,0.0,0.0,0.0,0.0,0.0,0.0,0.0
Q9MUK8_380_H4N4Pen1,0.0,0.0,0.0,0.0,0.0,0.0,0.0,17236250.0,0.0,0.0,1186323.0,0.0,0.0,0.0,0.0,0.0,0.0,0.0
Q9MUP8_569_H7N2,0.0,0.0,0.0,23805140.0,0.0,0.0,0.0,0.0,0.0,0.0,0.0,0.0,0.0,0.0,0.0,0.0,0.0,0.0
Q9MUP8_569_H8N2,0.0,0.0,1291095.0,0.0,0.0,187151100.0,0.0,0.0,0.0,0.0,0.0,0.0,0.0,0.0,0.0,0.0,0.0,0.0
Q9MUR0_215_H3N3Pen1,0.0,0.0,749713.8,0.0,0.0,1298690.0,0.0,0.0,0.0,0.0,0.0,0.0,0.0,0.0,0.0,0.0,0.0,0.0
Q9MUR1_51_H3N2F1Pen1,18238080.0,0.0,0.0,18554100.0,0.0,0.0,0.0,0.0,0.0,0.0,0.0,0.0,0.0,0.0,0.0,0.0,0.0,0.0
Q9MUR6_53_H8N2,0.0,208548.2,0.0,0.0,4257525.0,0.0,0.0,0.0,0.0,0.0,0.0,0.0,0.0,0.0,0.0,0.0,0.0,0.0
Q9MUU4_49_H3N4F1Pen1,0.0,5700375.0,0.0,0.0,43414500.0,0.0,0.0,0.0,0.0,0.0,0.0,0.0,0.0,0.0,0.0,0.0,0.0,0.0
Q9MUU6_3_H3N2F1Pen1,0.0,0.0,5156121.0,0.0,0.0,3492578.0,0.0,0.0,0.0,0.0,0.0,0.0,0.0,0.0,0.0,0.0,0.0,0.0
Q9S702_396_H3N2F1Pen1,0.0,325181.7,0.0,0.0,4277837.0,0.0,0.0,0.0,0.0,0.0,0.0,0.0,0.0,0.0,0.0,0.0,0.0,0.0
Q9S736_546_H8N2,0.0,11733310.0,54506800.0,0.0,1995965.0,5667223.0,0.0,0.0,0.0,0.0,0.0,0.0,0.0,0.0,0.0,0.0,5266865.0,0.0
Q9S746_420_H8N2,0.0,0.0,0.0,1589431.0,0.0,0.0,0.0,0.0,0.0,0.0,0.0,0.0,0.0,0.0,0.0,0.0,0.0,0.0
Q9S756_46_H8N2,0.0,0.0,0.0,0.0,0.0,0.0,0.0,0.0,0.0,0.0,0.0,0.0,0.0,0.0,256985.0,0.0,0.0,4232059.0
Q9S789_201_H7N2,0.0,0.0,5204212.0,0.0,0.0,3665465.0,0.0,0.0,6149198.0,0.0,0.0,14876500.0,2368326.0,0.0,0.0,3828614.0,0.0,0.0
Q9S789_201_H8N2,0.0,0.0,0.0,0.0,0.0,0.0,0.0,0.0,6185716.0,0.0,0.0,12131330.0,0.0,0.0,0.0,0.0,0.0,0.0
Q9S7E4_29_H3N2F1Pen1,0.0,0.0,0.0,0.0,0.0,0.0,0.0,0.0,0.0,0.0,0.0,0.0,0.0,0.0,1622117.0,0.0,0.0,4290348.0
Q9S7E4_29_H3N2Pen1,0.0,5061793.0,0.0,0.0,8256787.0,0.0,0.0,0.0,0.0,0.0,0.0,0.0,0.0,0.0,3344531.0,0.0,0.0,7271155.0
Q9S7G6_885_H7N2,0.0,0.0,0.0,0.0,0.0,0.0,0.0,0.0,8115940.0,0.0,0.0,476394.4,0.0,0.0,0.0,0.0,0.0,0.0
Q9S7L9_183_H8N2,0.0,0.0,0.0,0.0,0.0,0.0,0.0,0.0,0.0,0.0,0.0,0.0,343856.2,0.0,0.0,2358488.0,0.0,0.0
Q9S7Q2_841_H8N2,25598280.0,0.0,0.0,0.0,0.0,0.0,0.0,0.0,0.0,0.0,0.0,0.0,0.0,0.0,0.0,0.0,0.0,0.0
Q9S7S2_239_H8N2,0.0,0.0,0.0,0.0,0.0,5075116.0,0.0,0.0,0.0,0.0,0.0,13326090.0,0.0,0.0,0.0,0.0,0.0,0.0
Q9S7T7_497_H6N2,0.0,0.0,2648541.0,0.0,0.0,2783481.0,0.0,0.0,0.0,0.0,0.0,0.0,0.0,0.0,0.0,0.0,0.0,0.0
Q9S7W5_330_H3N2F1Pen1,0.0,0.0,0.0,0.0,0.0,0.0,0.0,0.0,0.0,0.0,0.0,25535320.0,0.0,0.0,0.0,0.0,0.0,0.0
Q9S7W5_330_H3N3F1Pen1,0.0,0.0,0.0,0.0,0.0,0.0,0.0,0.0,0.0,0.0,0.0,0.0,0.0,303771.3,0.0,0.0,1551389.0,0.0
Q9S7W5_330_H3N4F1Pen1,0.0,5663976.0,0.0,0.0,0.0,0.0,0.0,0.0,0.0,0.0,0.0,0.0,0.0,0.0,0.0,0.0,0.0,0.0
Q9S7Y7_861_H6N2,7719726.0,0.0,0.0,452153.5,0.0,0.0,0.0,0.0,43767190.0,0.0,0.0,429911.6,0.0,0.0,0.0,0.0,0.0,0.0
Q9S814_608_H3N2F1Pen1,0.0,205601.2,0.0,0.0,2142221.0,0.0,0.0,0.0,0.0,0.0,0.0,0.0,0.0,0.0,0.0,29925540.0,0.0,0.0
Q9S827_256_H3N4F1Pen1,0.0,0.0,0.0,0.0,0.0,0.0,0.0,0.0,0.0,0.0,0.0,4273153.0,0.0,0.0,0.0,0.0,0.0,0.0
Q9S972_501_H3N4F1Pen1,0.0,0.0,0.0,0.0,0.0,0.0,0.0,0.0,0.0,0.0,0.0,0.0,0.0,3789009.0,0.0,0.0,0.0,0.0
Q9S9M1_137_H3N4F1Pen1,0.0,0.0,0.0,0.0,4488098.0,0.0,0.0,0.0,0.0,0.0,0.0,0.0,0.0,0.0,0.0,0.0,0.0,0.0
Q9S9N1_154_H3N2F1Pen1,0.0,0.0,0.0,0.0,0.0,0.0,0.0,6829249.0,0.0,0.0,4019657.0,0.0,0.0,0.0,0.0,0.0,0.0,0.0
Q9S9N1_37_H3N3F1Pen1,0.0,304287.6,0.0,0.0,19554920.0,0.0,0.0,0.0,0.0,0.0,0.0,0.0,0.0,0.0,0.0,0.0,0.0,0.0
Q9S9P2_142_H7N2,0.0,0.0,406553.7,0.0,0.0,9345251.0,0.0,0.0,0.0,0.0,0.0,0.0,0.0,0.0,0.0,0.0,0.0,0.0
Q9SA25_294_H8N2,0.0,5680801.0,0.0,0.0,0.0,0.0,2902724.0,0.0,0.0,0.0,0.0,0.0,0.0,0.0,0.0,0.0,0.0,0.0
Q9SA25_294_H9N2,0.0,0.0,3732545.0,0.0,0.0,0.0,3317678.0,0.0,0.0,0.0,0.0,0.0,0.0,0.0,0.0,0.0,0.0,0.0
Q9SA60_545_H9N2,0.0,0.0,0.0,0.0,0.0,0.0,0.0,0.0,0.0,14480170.0,0.0,0.0,0.0,0.0,0.0,0.0,0.0,0.0
Q9SA69_22_H3N4F1Pen1,0.0,2351483.0,0.0,0.0,24725090.0,0.0,0.0,0.0,0.0,0.0,0.0,0.0,0.0,0.0,0.0,0.0,0.0,0.0
Q9SA75_272_H8N2,0.0,0.0,0.0,0.0,0.0,0.0,0.0,0.0,0.0,0.0,0.0,0.0,4574525.0,0.0,0.0,0.0,0.0,0.0
Q9SA77_102_H3N4F1Pen1,0.0,0.0,0.0,0.0,0.0,0.0,0.0,0.0,0.0,0.0,0.0,12125720.0,0.0,0.0,0.0,0.0,0.0,5492607.0
Q9SA82_60_H8N2,0.0,0.0,0.0,0.0,0.0,0.0,0.0,0.0,0.0,0.0,0.0,0.0,0.0,0.0,163101.9,0.0,0.0,3593458.0
Q9SA85_263_H3N2F1Pen1,0.0,0.0,0.0,0.0,0.0,0.0,0.0,0.0,0.0,0.0,0.0,0.0,0.0,0.0,1542737.0,0.0,0.0,0.0
Q9SA96_343_H3N2F1Pen1,0.0,0.0,0.0,0.0,13640010.0,0.0,0.0,0.0,0.0,0.0,0.0,0.0,0.0,0.0,0.0,15749270.0,0.0,0.0
Q9SAA4_105_H6N2,10259800.0,0.0,0.0,0.0,0.0,0.0,0.0,0.0,0.0,0.0,0.0,0.0,0.0,0.0,26648100.0,0.0,0.0,0.0
Q9SAA4_73_H3N2F1Pen1,0.0,0.0,1488241.0,0.0,0.0,3894078.0,0.0,0.0,0.0,0.0,0.0,0.0,0.0,0.0,0.0,0.0,0.0,0.0
Q9SAC0_40_H3N2F1Pen1,0.0,0.0,0.0,0.0,0.0,0.0,0.0,0.0,336310.8,0.0,0.0,20609710.0,0.0,0.0,0.0,0.0,0.0,0.0
Q9SAD4_7_H7N2,0.0,0.0,0.0,0.0,0.0,0.0,0.0,0.0,0.0,0.0,0.0,8059221.0,0.0,0.0,0.0,0.0,0.0,0.0
Q9SAF0_620_H3N3F1Pen1,0.0,0.0,0.0,0.0,0.0,0.0,0.0,0.0,0.0,0.0,0.0,0.0,0.0,0.0,0.0,2698523.0,0.0,0.0
Q9SAG4_397_H3N2F1Pen1,1990845.0,0.0,0.0,0.0,0.0,0.0,0.0,0.0,0.0,0.0,0.0,0.0,0.0,0.0,0.0,0.0,0.0,0.0
Q9SAG8_41_H3N2F1Pen1,9209986.0,0.0,0.0,5710254.0,0.0,0.0,0.0,0.0,0.0,0.0,0.0,0.0,6799282.0,0.0,0.0,4667736.0,0.0,0.0
Q9SAG8_41_H3N4F1Pen1,0.0,0.0,0.0,0.0,0.0,0.0,0.0,2528655.0,0.0,0.0,3151075.0,0.0,0.0,0.0,0.0,0.0,0.0,0.0
Q9SAH3_412_H3N2F1Pen1,0.0,0.0,0.0,0.0,2836669.0,0.0,0.0,0.0,0.0,0.0,0.0,0.0,0.0,0.0,0.0,0.0,0.0,0.0
Q9SAH7_73_H3N3F1Pen1,0.0,6093385.0,4752006.0,0.0,396198.1,6530321.0,0.0,0.0,0.0,0.0,0.0,0.0,0.0,0.0,3997007.0,0.0,0.0,0.0
Q9SAI1_251_H6N2,8191006.0,0.0,0.0,671494.3,0.0,0.0,29612570.0,0.0,0.0,1206746.0,0.0,0.0,0.0,0.0,31427810.0,0.0,0.0,0.0
Q9SAI1_251_H7N2,0.0,0.0,0.0,0.0,0.0,0.0,56884150.0,0.0,0.0,577435.8,0.0,0.0,0.0,0.0,7669410.0,0.0,0.0,1612769.0
Q9SAR5_22_H7N2,0.0,0.0,0.0,0.0,0.0,0.0,0.0,0.0,0.0,7326760.0,0.0,0.0,0.0,0.0,0.0,0.0,0.0,0.0
Q9SAR5_22_H8N2,1919449.0,0.0,2060183.0,11310140.0,0.0,9176382.0,0.0,0.0,0.0,13253070.0,0.0,0.0,0.0,0.0,0.0,0.0,0.0,0.0
Q9SAR5_22_H9N2,0.0,0.0,0.0,0.0,0.0,11506280.0,0.0,0.0,0.0,0.0,0.0,12535110.0,0.0,0.0,0.0,0.0,23047970.0,0.0
Q9SB31_310_H7N2,0.0,0.0,0.0,0.0,0.0,0.0,0.0,1510311.0,0.0,0.0,6254686.0,0.0,0.0,0.0,0.0,0.0,0.0,0.0
Q9SB42_356_H3N2F1Pen1,0.0,0.0,0.0,0.0,0.0,0.0,0.0,0.0,0.0,8778279.0,0.0,0.0,0.0,0.0,0.0,4815968.0,0.0,0.0
Q9SB50_396_H3N2F1Pen1,0.0,0.0,0.0,0.0,0.0,0.0,0.0,0.0,0.0,0.0,4432945.0,0.0,0.0,0.0,0.0,0.0,0.0,0.0
Q9SB60_50_H10N2,0.0,0.0,0.0,0.0,0.0,0.0,0.0,0.0,0.0,0.0,0.0,0.0,0.0,0.0,2501618.0,0.0,0.0,6094647.0
Q9SB60_50_H5N4F2Pen1,0.0,8616063.0,0.0,0.0,1284465.0,0.0,0.0,0.0,5878867.0,0.0,0.0,0.0,0.0,0.0,0.0,0.0,0.0,0.0
Q9SB60_50_H8N2,0.0,0.0,0.0,0.0,0.0,0.0,0.0,0.0,0.0,0.0,2080559.0,1512287.0,0.0,0.0,0.0,0.0,0.0,0.0
Q9SB60_50_H9N2,6076661.0,0.0,0.0,8668975.0,0.0,0.0,0.0,0.0,0.0,0.0,0.0,0.0,0.0,0.0,0.0,0.0,0.0,0.0
Q9SBI0_814_H3N4F1Pen1,0.0,0.0,0.0,0.0,0.0,0.0,0.0,9116654.0,0.0,0.0,8188227.0,0.0,0.0,0.0,0.0,0.0,0.0,0.0
Q9SCL7_7_H3N4F1Pen1,0.0,19387660.0,0.0,0.0,2116753.0,0.0,0.0,0.0,0.0,0.0,0.0,0.0,0.0,0.0,0.0,0.0,0.0,0.0
Q9SCM4_76_H3N2F1Pen1,56089800.0,0.0,0.0,26528890.0,0.0,0.0,0.0,0.0,0.0,0.0,0.0,0.0,0.0,0.0,0.0,0.0,0.0,0.0
Q9SCP2_50_H3N3F1Pen1,0.0,0.0,0.0,0.0,0.0,0.0,0.0,0.0,0.0,0.0,0.0,0.0,0.0,42824520.0,0.0,0.0,2364911.0,0.0
Q9SCP7_3_H3N2F1Pen1,0.0,0.0,0.0,9419928.0,0.0,0.0,0.0,0.0,0.0,0.0,0.0,8305279.0,0.0,0.0,0.0,0.0,0.0,0.0
Q9SCS2_80_H3N2Pen1,3062743.0,0.0,0.0,0.0,0.0,0.0,0.0,0.0,0.0,0.0,0.0,0.0,0.0,0.0,0.0,0.0,0.0,0.0
Q9SCS2_80_H3N4F1Pen1,0.0,0.0,0.0,0.0,0.0,65591620.0,0.0,0.0,0.0,0.0,0.0,0.0,0.0,0.0,0.0,0.0,0.0,0.0
Q9SCS2_80_H7N2,0.0,0.0,0.0,0.0,0.0,0.0,0.0,0.0,0.0,9182978.0,0.0,8972656.0,0.0,3892775.0,0.0,0.0,0.0,5975457.0
Q9SCU8_243_H3N2F1Pen1,0.0,0.0,0.0,0.0,0.0,0.0,0.0,0.0,0.0,0.0,0.0,0.0,0.0,0.0,0.0,0.0,11535460.0,0.0
Q9SCU8_808_H3N2F1Pen1,0.0,0.0,35479860.0,0.0,0.0,64873060.0,0.0,0.0,45014910.0,0.0,0.0,72462090.0,0.0,0.0,0.0,0.0,0.0,0.0
Q9SCU8_808_H3N3F1Pen1,0.0,0.0,0.0,0.0,0.0,0.0,0.0,0.0,5324305.0,0.0,0.0,9942227.0,0.0,0.0,0.0,0.0,0.0,0.0
Q9SCU9_398_H3N4F1Pen1,0.0,0.0,0.0,0.0,0.0,0.0,0.0,0.0,0.0,7220054.0,0.0,0.0,0.0,0.0,0.0,0.0,0.0,0.0
Q9SCZ4_507_H7N2,0.0,0.0,0.0,0.0,4731213.0,0.0,0.0,0.0,0.0,0.0,0.0,0.0,0.0,0.0,0.0,0.0,0.0,0.0
Q9SD58_199_H3N4F1Pen1,0.0,1960465.0,0.0,0.0,14888970.0,0.0,0.0,0.0,0.0,0.0,12706700.0,0.0,0.0,2090496.0,0.0,0.0,11861840.0,0.0
Q9SD58_199_H4N4F2Pen1,831971.0,0.0,0.0,9783627.0,0.0,0.0,0.0,0.0,0.0,0.0,11258250.0,0.0,0.0,0.0,0.0,0.0,0.0,0.0
Q9SD96_5_H8N2,0.0,0.0,0.0,0.0,0.0,0.0,0.0,0.0,8565946.0,0.0,0.0,0.0,0.0,0.0,0.0,0.0,0.0,0.0
Q9SDL8_149_H3N2F1Pen1,0.0,0.0,0.0,0.0,0.0,0.0,0.0,0.0,0.0,0.0,0.0,0.0,0.0,0.0,0.0,16436730.0,0.0,0.0
Q9SDL8_149_H3N3F1Pen1,0.0,0.0,0.0,0.0,0.0,0.0,0.0,0.0,0.0,0.0,0.0,0.0,0.0,0.0,472961.5,0.0,0.0,25711940.0
Q9SDQ3_468_H8N2,19154240.0,0.0,0.0,1127684.0,0.0,0.0,0.0,0.0,0.0,0.0,0.0,0.0,0.0,0.0,0.0,0.0,0.0,0.0
Q9SDS8_69_H4N4F2Pen1,0.0,0.0,0.0,0.0,0.0,2784736.0,0.0,0.0,0.0,0.0,0.0,0.0,0.0,0.0,0.0,0.0,0.0,0.0
Q9SDY5_17_H3N2Pen1,0.0,0.0,0.0,0.0,0.0,0.0,0.0,0.0,2490465.0,0.0,0.0,532113.4,0.0,0.0,0.0,0.0,0.0,0.0
Q9SE96_219_H3N3F1Pen1,0.0,0.0,2937754.0,0.0,0.0,0.0,0.0,0.0,0.0,0.0,0.0,0.0,0.0,0.0,0.0,0.0,0.0,0.0
Q9SE97_515_H3N2F1Pen1,0.0,0.0,0.0,0.0,0.0,0.0,0.0,0.0,0.0,0.0,6607646.0,0.0,0.0,0.0,0.0,0.0,0.0,0.0
Q9SE97_645_H3N2F1Pen1,0.0,0.0,2691590.0,0.0,0.0,0.0,0.0,0.0,0.0,0.0,0.0,0.0,0.0,0.0,0.0,0.0,0.0,0.0
Q9SEE9_398_H3N2F1Pen1,0.0,0.0,0.0,0.0,0.0,0.0,0.0,0.0,0.0,0.0,0.0,0.0,0.0,0.0,43781990.0,0.0,0.0,6869484.0
Q9SF32_280_H3N2F1Pen1,0.0,0.0,0.0,0.0,0.0,0.0,0.0,0.0,0.0,6509309.0,0.0,0.0,0.0,0.0,0.0,0.0,0.0,0.0
Q9SF32_312_H3N2F1Pen1,0.0,434759.2,0.0,0.0,19205240.0,0.0,0.0,0.0,0.0,0.0,0.0,0.0,0.0,0.0,0.0,0.0,0.0,0.0
Q9SF36_692_H3N2F1Pen1,0.0,1416488.0,0.0,0.0,44727360.0,0.0,0.0,0.0,0.0,0.0,0.0,0.0,0.0,0.0,0.0,0.0,0.0,0.0
Q9SF36_692_H3N3F1Pen1,0.0,0.0,0.0,0.0,0.0,0.0,0.0,0.0,0.0,0.0,11906170.0,0.0,0.0,0.0,0.0,0.0,0.0,0.0
Q9SF36_692_H3N4F1Pen1,0.0,0.0,0.0,0.0,0.0,0.0,189966.3,0.0,0.0,35679370.0,0.0,0.0,0.0,0.0,0.0,0.0,0.0,0.0
Q9SF36_692_H6N2,0.0,1905445.0,0.0,0.0,5673408.0,0.0,0.0,0.0,0.0,0.0,0.0,0.0,0.0,0.0,0.0,0.0,0.0,0.0
Q9SF86_33_H3N3F1Pen1,0.0,0.0,0.0,0.0,0.0,0.0,8579588.0,0.0,0.0,0.0,0.0,0.0,0.0,7242901.0,8118848.0,0.0,0.0,492014.5
Q9SFF4_581_H3N3F1Pen1,3766727.0,0.0,0.0,5021374.0,0.0,0.0,0.0,0.0,0.0,0.0,0.0,0.0,0.0,0.0,0.0,0.0,0.0,0.0
Q9SFG6_210_H3N3F1Pen1,0.0,0.0,0.0,0.0,0.0,8347091.0,0.0,0.0,0.0,0.0,0.0,3327570.0,0.0,0.0,0.0,0.0,0.0,0.0
Q9SFT7_35_H9N2,0.0,0.0,0.0,0.0,0.0,0.0,0.0,0.0,0.0,0.0,0.0,0.0,940582.3,0.0,0.0,8697331.0,0.0,0.0
Q9SFX3_94_H3N2F1Pen1,0.0,0.0,0.0,0.0,0.0,0.0,0.0,71103560.0,0.0,0.0,2228485.0,0.0,50276200.0,0.0,0.0,1476665.0,0.0,0.0
Q9SGD2_221_H3N4Pen1,0.0,0.0,0.0,0.0,0.0,4479328.0,0.0,0.0,0.0,0.0,0.0,0.0,0.0,0.0,0.0,0.0,0.0,0.0
Q9SGE9_347_H6N2,0.0,0.0,0.0,1139046.0,0.0,0.0,0.0,0.0,0.0,0.0,0.0,0.0,0.0,0.0,0.0,0.0,0.0,0.0
Q9SGE9_347_H8N2,0.0,0.0,0.0,0.0,0.0,0.0,0.0,0.0,0.0,0.0,0.0,0.0,0.0,0.0,969958.4,0.0,0.0,6141510.0
Q9SGH2_1094_H8N2,0.0,0.0,0.0,0.0,0.0,0.0,0.0,0.0,0.0,0.0,0.0,0.0,0.0,0.0,0.0,8569004.0,0.0,0.0
Q9SGI7_103_H4N3F1Pen1,0.0,0.0,0.0,0.0,0.0,0.0,0.0,0.0,0.0,0.0,0.0,0.0,0.0,0.0,0.0,0.0,0.0,5260184.0
Q9SGQ0_433_H3N2F1Pen1,0.0,0.0,0.0,0.0,0.0,0.0,0.0,0.0,0.0,0.0,7780779.0,0.0,0.0,0.0,0.0,0.0,0.0,0.0
Q9SGS2_294_H3N2F1Pen1,0.0,0.0,0.0,0.0,0.0,0.0,0.0,0.0,10772450.0,0.0,0.0,1800457.0,13547840.0,0.0,0.0,1681019.0,0.0,0.0
Q9SGZ8_12_H3N2F1Pen1,0.0,0.0,6368042.0,0.0,0.0,208861.4,0.0,0.0,0.0,0.0,0.0,0.0,0.0,0.0,0.0,0.0,0.0,0.0
Q9SH42_244_H6N2,0.0,0.0,0.0,0.0,0.0,0.0,0.0,9540904.0,0.0,0.0,562631.1,0.0,0.0,0.0,0.0,0.0,0.0,0.0
Q9SH58_254_H7N2,0.0,0.0,0.0,0.0,0.0,0.0,0.0,0.0,0.0,0.0,0.0,0.0,2160276.0,0.0,0.0,0.0,0.0,0.0
Q9SH60_607_H3N2F1Pen1,0.0,0.0,0.0,0.0,0.0,0.0,0.0,0.0,0.0,0.0,51294340.0,0.0,0.0,0.0,0.0,0.0,0.0,0.0
Q9SH71_214_H3N4F1Pen1,0.0,0.0,653661.8,0.0,0.0,5545921.0,0.0,0.0,453925.9,0.0,0.0,7749204.0,0.0,0.0,549485.7,0.0,0.0,6499710.0
Q9SHG0_720_H6N2,632237.9,0.0,0.0,1630368.0,0.0,0.0,0.0,0.0,0.0,0.0,0.0,0.0,0.0,0.0,0.0,0.0,0.0,0.0
Q9SHG5_471_H3N2F1Pen1,10022690.0,0.0,0.0,3513688.0,0.0,0.0,0.0,0.0,20611440.0,0.0,0.0,1495239.0,0.0,0.0,0.0,0.0,0.0,0.0
Q9SHI4_169_H3N3F1Pen1,0.0,0.0,25603070.0,0.0,0.0,3061236.0,0.0,0.0,0.0,0.0,0.0,0.0,0.0,0.0,0.0,0.0,0.0,0.0
Q9SHU5_62_H3N2F1Pen1,0.0,0.0,0.0,0.0,0.0,0.0,0.0,0.0,0.0,0.0,0.0,0.0,0.0,16832770.0,0.0,0.0,0.0,0.0
Q9SHU5_62_H4N2Pen1,17800680.0,0.0,0.0,3363977.0,0.0,0.0,0.0,0.0,0.0,0.0,0.0,0.0,0.0,0.0,0.0,0.0,0.0,0.0
Q9SHV7_902_H1N2F1,0.0,0.0,2470687.0,0.0,0.0,14752170.0,0.0,1045527.0,0.0,0.0,17963940.0,0.0,0.0,0.0,0.0,0.0,0.0,0.0
Q9SHZ8_25_H3N2F1Pen1,0.0,0.0,0.0,0.0,0.0,0.0,2528526.0,0.0,0.0,0.0,0.0,0.0,0.0,0.0,0.0,0.0,0.0,0.0
Q9SHZ8_25_H3N4F1Pen1,0.0,0.0,0.0,0.0,0.0,0.0,0.0,4347282.0,0.0,0.0,0.0,0.0,0.0,0.0,0.0,0.0,0.0,0.0
Q9SI06_294_H3N4F1Pen1,0.0,0.0,0.0,0.0,0.0,0.0,15015560.0,0.0,0.0,3249549.0,0.0,0.0,0.0,0.0,0.0,0.0,0.0,0.0
Q9SI34_147_H3N2F1Pen1,33757700.0,0.0,37758910.0,49065090.0,0.0,51477340.0,0.0,0.0,0.0,0.0,0.0,0.0,0.0,0.0,0.0,0.0,0.0,0.0
Q9SI34_147_H4N3F1Pen1,0.0,10411320.0,4580605.0,0.0,14596930.0,9155339.0,0.0,4105605.0,0.0,0.0,7079727.0,0.0,0.0,0.0,0.0,0.0,0.0,0.0
Q9SI34_147_H5N3F1Pen1,0.0,0.0,1156823.0,0.0,0.0,3464730.0,0.0,0.0,0.0,0.0,0.0,0.0,0.0,0.0,0.0,0.0,0.0,0.0
Q9SI34_147_H5N4F2Pen1,0.0,0.0,4446776.0,0.0,0.0,4622398.0,0.0,0.0,0.0,0.0,0.0,0.0,0.0,0.0,0.0,0.0,0.0,0.0
Q9SI62_121_H3N2F1Pen1,0.0,0.0,0.0,0.0,0.0,0.0,0.0,0.0,0.0,0.0,0.0,0.0,2572221.0,0.0,0.0,6185862.0,0.0,0.0
Q9SI62_121_H9N2,0.0,0.0,0.0,5916394.0,0.0,0.0,0.0,0.0,0.0,0.0,0.0,0.0,0.0,0.0,0.0,0.0,0.0,0.0
Q9SI74_153_H3N4F1Pen1,0.0,0.0,0.0,0.0,0.0,0.0,15943840.0,0.0,0.0,19165020.0,0.0,0.0,0.0,0.0,0.0,0.0,0.0,0.0
Q9SI74_153_H4N4F1Pen1,0.0,0.0,0.0,0.0,0.0,0.0,0.0,0.0,7641006.0,0.0,0.0,16919600.0,0.0,0.0,0.0,0.0,0.0,0.0
Q9SI85_106_H3N2F1Pen1,0.0,0.0,55053620.0,0.0,0.0,50181890.0,10470810.0,71156110.0,0.0,15029960.0,99513620.0,0.0,0.0,0.0,18874750.0,0.0,0.0,48639160.0
Q9SI85_106_H3N2Pen1,0.0,0.0,2923700.0,0.0,0.0,2042117.0,0.0,0.0,0.0,0.0,0.0,0.0,0.0,0.0,0.0,0.0,0.0,1783638.0
Q9SI85_106_H3N3F1Pen1,0.0,0.0,0.0,0.0,0.0,0.0,0.0,0.0,0.0,0.0,0.0,0.0,0.0,0.0,13086450.0,0.0,0.0,35929950.0
Q9SI85_106_H3N4F1Pen1,0.0,3234647.0,0.0,0.0,1927387.0,0.0,0.0,0.0,37247110.0,0.0,0.0,41871500.0,0.0,0.0,31145110.0,0.0,0.0,59034990.0
Q9SI85_106_H4N4F1Pen1,0.0,0.0,0.0,0.0,0.0,0.0,0.0,2015088.0,0.0,0.0,4791080.0,0.0,0.0,0.0,0.0,0.0,0.0,0.0
Q9SI85_106_H5N4F1Pen1,0.0,0.0,0.0,0.0,0.0,0.0,0.0,3235149.0,0.0,0.0,5936769.0,0.0,0.0,0.0,0.0,0.0,0.0,0.0
Q9SI85_106_H8N2,0.0,0.0,1466981.0,0.0,0.0,0.0,0.0,0.0,0.0,0.0,0.0,0.0,0.0,0.0,0.0,0.0,0.0,0.0
Q9SIB6_407_H8N2,0.0,0.0,0.0,0.0,0.0,0.0,0.0,279586.8,0.0,0.0,10155020.0,0.0,0.0,0.0,0.0,0.0,0.0,0.0
Q9SID8_99_H4N4F1Pen1,0.0,0.0,0.0,0.0,0.0,0.0,0.0,0.0,0.0,0.0,0.0,0.0,0.0,12938210.0,0.0,0.0,9197820.0,0.0
Q9SIE0_307_H9N2,0.0,0.0,0.0,0.0,0.0,0.0,0.0,2167151.0,0.0,0.0,3030313.0,0.0,0.0,0.0,0.0,0.0,0.0,0.0
Q9SII5_144_H6N2,0.0,0.0,0.0,0.0,0.0,0.0,0.0,5724403.0,0.0,0.0,979273.5,0.0,0.0,0.0,0.0,0.0,0.0,0.0
Q9SIP0_125_H3N3F1Pen1,0.0,0.0,0.0,0.0,0.0,0.0,0.0,0.0,0.0,0.0,0.0,0.0,0.0,0.0,0.0,0.0,0.0,19084220.0
Q9SIP0_125_H3N4F1Pen1,0.0,0.0,0.0,0.0,0.0,0.0,0.0,0.0,0.0,0.0,0.0,14384670.0,0.0,0.0,0.0,0.0,0.0,63449080.0
Q9SIP0_125_H4N4Pen1,0.0,0.0,0.0,0.0,0.0,0.0,0.0,0.0,0.0,0.0,9282013.0,0.0,0.0,0.0,0.0,0.0,0.0,0.0
Q9SIP0_176_H3N2F1Pen1,0.0,0.0,0.0,0.0,0.0,0.0,0.0,11865110.0,0.0,0.0,2208177.0,0.0,0.0,0.0,0.0,0.0,0.0,0.0
Q9SIQ7_40_H3N2F1Pen1,0.0,0.0,0.0,0.0,0.0,0.0,0.0,5418735.0,0.0,0.0,9281148.0,0.0,0.0,0.0,0.0,0.0,0.0,0.0
Q9SIT5_517_H2N2F1Pen1,0.0,0.0,0.0,0.0,0.0,0.0,0.0,0.0,0.0,0.0,0.0,7899188.0,0.0,0.0,0.0,0.0,5676005.0,0.0
Q9SIT5_517_H3N2F1Pen1,0.0,0.0,0.0,0.0,39938810.0,0.0,953794.6,0.0,0.0,9385548.0,8465714.0,0.0,0.0,0.0,0.0,52438360.0,0.0,0.0
Q9SIT5_517_H3N2Pen1,0.0,0.0,0.0,0.0,0.0,4183592.0,0.0,0.0,0.0,0.0,0.0,0.0,0.0,0.0,0.0,0.0,0.0,0.0
Q9SIT6_585_H5N3F1Pen1,0.0,426688.1,0.0,0.0,9110669.0,0.0,0.0,0.0,0.0,0.0,0.0,0.0,0.0,0.0,0.0,0.0,0.0,0.0
Q9SIV9_113_H3N2F1Pen1,2806960.0,0.0,2425493.0,17745340.0,0.0,16212300.0,0.0,0.0,0.0,0.0,0.0,0.0,0.0,0.0,0.0,63776270.0,0.0,0.0
Q9SIV9_113_H3N2Pen1,0.0,0.0,0.0,0.0,0.0,0.0,0.0,0.0,0.0,0.0,0.0,0.0,0.0,0.0,213967.8,0.0,0.0,6205420.0
Q9SIW2_748_H3N2F1Pen1,0.0,0.0,20183960.0,0.0,0.0,46933850.0,0.0,0.0,0.0,0.0,0.0,0.0,0.0,0.0,0.0,0.0,0.0,0.0
Q9SIW3_367_H3N2F1Pen1,0.0,0.0,0.0,0.0,0.0,0.0,0.0,0.0,0.0,0.0,0.0,0.0,0.0,0.0,0.0,0.0,14768740.0,0.0
Q9SIX0_382_H3N2F1Pen1,7693608.0,0.0,0.0,3778943.0,0.0,0.0,0.0,0.0,0.0,0.0,0.0,0.0,0.0,0.0,14825110.0,0.0,0.0,2087168.0
Q9SIY8_80_H3N2F1Pen1,0.0,0.0,0.0,0.0,0.0,0.0,0.0,0.0,5567966.0,0.0,0.0,679370.4,0.0,0.0,41443760.0,0.0,0.0,5167674.0
Q9SIZ3_442_H8N2,0.0,0.0,0.0,0.0,0.0,3755602.0,0.0,0.0,0.0,0.0,0.0,0.0,0.0,0.0,0.0,0.0,0.0,0.0
Q9SJ04_98_H3N2F1Pen1,0.0,0.0,0.0,0.0,0.0,0.0,0.0,19787130.0,0.0,0.0,0.0,0.0,0.0,0.0,0.0,0.0,0.0,0.0
Q9SJ20_266_H4N4Pen1,0.0,0.0,0.0,0.0,0.0,0.0,0.0,0.0,0.0,0.0,0.0,0.0,5141109.0,0.0,0.0,706125.2,0.0,0.0
Q9SJ32_171_H3N2F1Pen1,0.0,0.0,0.0,0.0,0.0,0.0,0.0,0.0,0.0,0.0,27437750.0,0.0,0.0,199362.0,0.0,0.0,38872940.0,0.0
Q9SJ40_409_H3N2F1Pen1,0.0,0.0,0.0,0.0,0.0,0.0,0.0,0.0,0.0,0.0,5590601.0,0.0,0.0,0.0,0.0,0.0,0.0,0.0
Q9SJ61_56_H3N2F1Pen1,0.0,0.0,0.0,0.0,0.0,0.0,0.0,0.0,0.0,0.0,0.0,0.0,0.0,0.0,19734520.0,0.0,0.0,7882099.0
Q9SJ61_56_H3N3F1Pen1,0.0,504959.3,0.0,0.0,3064586.0,0.0,0.0,0.0,0.0,0.0,0.0,0.0,0.0,0.0,0.0,0.0,0.0,0.0
Q9SJ61_56_H4N4F2Pen1,489272.6,0.0,0.0,8925022.0,0.0,0.0,0.0,0.0,0.0,0.0,0.0,0.0,0.0,0.0,0.0,0.0,0.0,0.0
Q9SJ61_56_H6N2,0.0,0.0,0.0,0.0,1992379.0,0.0,0.0,0.0,0.0,0.0,0.0,0.0,0.0,0.0,0.0,0.0,0.0,0.0
Q9SJ61_56_H7N2,0.0,0.0,0.0,0.0,1970678.0,0.0,0.0,0.0,0.0,0.0,0.0,0.0,0.0,0.0,0.0,0.0,0.0,3179589.0
Q9SJ74_162_H7N2,0.0,21996730.0,0.0,0.0,10889430.0,0.0,0.0,0.0,0.0,0.0,0.0,0.0,0.0,0.0,0.0,0.0,0.0,0.0
Q9SJ81_130_H8N2,0.0,0.0,0.0,0.0,0.0,0.0,0.0,0.0,2638709.0,0.0,0.0,2626474.0,0.0,0.0,0.0,0.0,0.0,0.0
Q9SJ84_115_H3N3F1Pen1,228969.9,0.0,0.0,17854000.0,0.0,0.0,0.0,0.0,0.0,0.0,0.0,0.0,0.0,0.0,0.0,0.0,0.0,0.0
Q9SJA1_570_H3N2F1Pen1,0.0,0.0,0.0,0.0,4904480.0,0.0,0.0,0.0,0.0,0.0,0.0,0.0,0.0,0.0,0.0,0.0,0.0,0.0
Q9SJI9_62_H3N2F1Pen1,0.0,0.0,0.0,0.0,0.0,0.0,0.0,0.0,0.0,0.0,0.0,0.0,32256680.0,0.0,0.0,0.0,0.0,0.0
Q9SJI9_62_H3N2Pen1,0.0,0.0,0.0,0.0,0.0,0.0,0.0,0.0,0.0,0.0,0.0,0.0,0.0,0.0,0.0,0.0,7681779.0,0.0
Q9SJI9_62_H3N3F1Pen1,0.0,0.0,696653.7,0.0,0.0,2542106.0,0.0,0.0,0.0,0.0,0.0,0.0,0.0,0.0,0.0,0.0,0.0,0.0
Q9SJP2_409_H4N4F2Pen1,0.0,0.0,0.0,0.0,0.0,0.0,250874.2,0.0,0.0,10426580.0,0.0,0.0,0.0,0.0,0.0,0.0,0.0,0.0
Q9SJQ6_451_H6N3Pen1,0.0,6703858.0,0.0,0.0,1309968.0,0.0,0.0,0.0,0.0,0.0,0.0,0.0,0.0,0.0,0.0,0.0,0.0,0.0
Q9SJQ6_451_H7N2,3097157.0,0.0,0.0,469668.0,0.0,0.0,0.0,0.0,0.0,0.0,0.0,0.0,0.0,0.0,0.0,0.0,0.0,0.0
Q9SJQ6_451_H8N2,20896320.0,0.0,0.0,332823.4,0.0,0.0,0.0,19290820.0,0.0,0.0,0.0,0.0,0.0,1864083.0,0.0,0.0,0.0,0.0
Q9SJQ6_451_H9N2,0.0,0.0,6657991.0,0.0,0.0,0.0,0.0,3746184.0,0.0,0.0,0.0,0.0,0.0,0.0,0.0,0.0,0.0,0.0
Q9SJT0_182_H7N2,0.0,0.0,0.0,0.0,0.0,0.0,0.0,0.0,0.0,0.0,0.0,0.0,0.0,5978714.0,0.0,0.0,12007300.0,0.0
Q9SJT0_182_H8N2,0.0,0.0,0.0,0.0,0.0,0.0,0.0,0.0,0.0,0.0,0.0,0.0,0.0,0.0,2152631.0,0.0,0.0,7857982.0
Q9SJT0_614_H3N2F1Pen1,0.0,0.0,0.0,0.0,0.0,0.0,0.0,10292410.0,0.0,0.0,5678386.0,0.0,6659420.0,0.0,0.0,6642895.0,0.0,0.0
Q9SJW5_48_H3N2F1Pen1,0.0,0.0,0.0,0.0,0.0,0.0,4745505.0,0.0,0.0,6631836.0,0.0,0.0,0.0,0.0,0.0,0.0,0.0,0.0
Q9SJW5_48_H3N4F1Pen1,0.0,0.0,0.0,0.0,0.0,5220474.0,0.0,0.0,0.0,11559390.0,0.0,0.0,0.0,0.0,0.0,0.0,0.0,0.0
Q9SJX8_133_H3N2F1Pen1,0.0,0.0,0.0,0.0,0.0,0.0,0.0,0.0,653296.9,0.0,0.0,6100597.0,0.0,0.0,0.0,0.0,0.0,0.0
Q9SJZ3_122_H3N4F1Pen1,0.0,2339691.0,0.0,0.0,356605.3,0.0,0.0,0.0,0.0,0.0,0.0,0.0,0.0,0.0,0.0,0.0,0.0,0.0
Q9SK47_42_H8N2,0.0,0.0,0.0,0.0,0.0,0.0,0.0,0.0,0.0,0.0,0.0,0.0,0.0,7227702.0,2856893.0,0.0,11215420.0,5261818.0
Q9SK53_191_H8N2,0.0,0.0,0.0,0.0,5897697.0,0.0,0.0,0.0,0.0,0.0,0.0,0.0,0.0,0.0,0.0,0.0,0.0,0.0
Q9SKD0_52_H8N2,0.0,0.0,0.0,0.0,0.0,0.0,713757.0,0.0,3258041.0,15735920.0,0.0,23591490.0,0.0,0.0,0.0,0.0,0.0,0.0
Q9SKD9_35_H3N2F1Pen1,0.0,0.0,0.0,0.0,0.0,0.0,0.0,0.0,0.0,0.0,0.0,8136045.0,0.0,0.0,621214.5,0.0,0.0,8248949.0
Q9SKK0_230_H3N4F1Pen1,0.0,396983.8,0.0,0.0,19880290.0,0.0,0.0,0.0,0.0,0.0,0.0,0.0,0.0,0.0,0.0,0.0,0.0,0.0
Q9SKK0_230_H4N4F2Pen1,0.0,0.0,0.0,0.0,0.0,15555510.0,0.0,0.0,0.0,5356926.0,0.0,0.0,0.0,0.0,0.0,0.0,0.0,0.0
Q9SKK2_482_H3N2F1Pen1,0.0,0.0,0.0,7474315.0,0.0,0.0,0.0,0.0,0.0,0.0,0.0,0.0,0.0,0.0,0.0,0.0,0.0,0.0
Q9SKP0_144_H3N4F1Pen1,0.0,0.0,0.0,0.0,0.0,0.0,0.0,0.0,0.0,0.0,0.0,0.0,0.0,0.0,0.0,6237542.0,0.0,0.0
Q9SKX0_1238_H9N2,0.0,0.0,0.0,0.0,0.0,0.0,0.0,0.0,0.0,0.0,0.0,0.0,0.0,0.0,655757.3,0.0,0.0,18134460.0
Q9SL49_454_H3N3Pen1,0.0,0.0,0.0,0.0,0.0,0.0,0.0,0.0,0.0,0.0,0.0,0.0,0.0,0.0,0.0,0.0,0.0,2284857.0
Q9SL49_454_H3N4Pen1,0.0,0.0,0.0,0.0,0.0,0.0,0.0,0.0,0.0,0.0,0.0,0.0,0.0,0.0,461869.0,0.0,0.0,2102321.0
Q9SL56_321_H3N3F1Pen1,0.0,0.0,0.0,0.0,0.0,0.0,0.0,0.0,0.0,0.0,0.0,0.0,0.0,0.0,96686000.0,0.0,0.0,33508760.0
Q9SL56_321_H3N3Pen1,0.0,0.0,19462300.0,0.0,0.0,8088050.0,0.0,0.0,0.0,0.0,0.0,0.0,0.0,0.0,0.0,0.0,0.0,0.0
Q9SL56_321_H4N3Pen1,0.0,5938922.0,7409975.0,0.0,1575068.0,1527261.0,0.0,0.0,0.0,0.0,0.0,0.0,0.0,0.0,0.0,0.0,0.0,0.0
Q9SL67_244_H3N2Pen1,0.0,0.0,0.0,0.0,0.0,0.0,7802282.0,0.0,0.0,0.0,0.0,0.0,0.0,0.0,0.0,0.0,0.0,0.0
Q9SL70_324_H3N3Pen1,0.0,0.0,0.0,6365379.0,0.0,0.0,0.0,0.0,0.0,0.0,0.0,0.0,0.0,0.0,0.0,0.0,0.0,0.0
Q9SL95_166_H6N2,0.0,0.0,0.0,0.0,0.0,0.0,0.0,0.0,98627.86,0.0,0.0,3319578.0,0.0,0.0,0.0,0.0,0.0,0.0
Q9SLC3_181_H2N2F1Pen1,0.0,0.0,0.0,0.0,0.0,0.0,0.0,0.0,0.0,0.0,0.0,0.0,0.0,0.0,0.0,6662884.0,0.0,0.0
Q9SLC3_221_H3N3F1Pen1,0.0,7078427.0,0.0,0.0,2312393.0,0.0,19432270.0,0.0,0.0,4717165.0,0.0,0.0,12166200.0,0.0,0.0,3225519.0,0.0,0.0
Q9SLI8_109_H3N2Pen1,0.0,373800.0,0.0,10949190.0,13365570.0,0.0,751123.7,0.0,0.0,18078830.0,0.0,17404420.0,0.0,0.0,0.0,16396840.0,0.0,0.0
Q9SLI8_93_H6N2,0.0,0.0,0.0,0.0,0.0,0.0,0.0,0.0,0.0,0.0,0.0,3334429.0,0.0,0.0,0.0,0.0,0.0,0.0
Q9SLN1_354_H3N4F1Pen1,0.0,5483477.0,0.0,0.0,0.0,0.0,0.0,0.0,0.0,0.0,0.0,0.0,0.0,0.0,0.0,0.0,0.0,0.0
Q9SLY8_61_H7N2,2778238.0,0.0,3342347.0,4654940.0,0.0,3988876.0,4966430.0,0.0,0.0,14885500.0,0.0,0.0,0.0,0.0,1505806.0,0.0,0.0,6485934.0
Q9SLY8_61_H8N2,0.0,29190060.0,649756.2,0.0,61025140.0,3882923.0,35543800.0,0.0,34025150.0,111054400.0,0.0,93435970.0,24380510.0,20594380.0,23888000.0,73900370.0,59752140.0,67901300.0
Q9SM43_84_H8N2,0.0,7022662.0,7414768.0,0.0,2669606.0,3050174.0,0.0,0.0,10244140.0,0.0,0.0,3099327.0,15739810.0,0.0,0.0,2111041.0,0.0,0.0
Q9SM50_148_H5N2,0.0,0.0,0.0,0.0,0.0,0.0,0.0,0.0,0.0,0.0,0.0,10930300.0,0.0,0.0,0.0,0.0,0.0,0.0
Q9SM50_148_H6N2,0.0,2025513.0,2566463.0,0.0,25606160.0,33302410.0,0.0,0.0,0.0,0.0,0.0,0.0,0.0,0.0,0.0,0.0,0.0,0.0
Q9SM50_148_H7N2,0.0,0.0,0.0,0.0,0.0,0.0,0.0,0.0,0.0,5921826.0,0.0,0.0,0.0,0.0,0.0,0.0,0.0,0.0
Q9SMG1_34_H3N2F1Pen1,0.0,0.0,0.0,0.0,0.0,0.0,0.0,0.0,0.0,0.0,0.0,0.0,0.0,2593927.0,0.0,0.0,1206535.0,0.0
Q9SMH2_29_H3N4F1Pen1,0.0,0.0,0.0,0.0,0.0,0.0,0.0,502613.5,0.0,0.0,19347510.0,0.0,0.0,0.0,0.0,0.0,0.0,0.0
Q9SMU0_62_H3N4F1Pen1,0.0,0.0,0.0,0.0,0.0,0.0,0.0,0.0,4323799.0,0.0,0.0,3066876.0,0.0,2556946.0,0.0,0.0,1475670.0,0.0
Q9SMU4_405_H4N2Pen1,0.0,0.0,3865600.0,0.0,0.0,8817607.0,0.0,0.0,0.0,0.0,0.0,0.0,0.0,0.0,0.0,0.0,7203589.0,0.0
Q9SMX3_64_H3N2F1Pen1,0.0,0.0,0.0,0.0,41379740.0,0.0,0.0,0.0,0.0,0.0,0.0,0.0,0.0,0.0,0.0,0.0,0.0,0.0
Q9SMY6_62_H3N2F1Pen1,0.0,0.0,0.0,0.0,0.0,0.0,5621527.0,0.0,0.0,0.0,0.0,0.0,12285610.0,0.0,9434747.0,0.0,0.0,0.0
Q9SMY7_222_H3N2F1Pen1,0.0,0.0,0.0,0.0,0.0,100870100.0,0.0,0.0,0.0,0.0,10883460.0,0.0,0.0,0.0,0.0,33786820.0,0.0,0.0
Q9SMY8_889_H3N4F1Pen1,0.0,0.0,0.0,0.0,0.0,0.0,13989710.0,0.0,0.0,0.0,0.0,0.0,0.0,0.0,0.0,0.0,0.0,0.0
Q9SN12_28_H3N2F1Pen1,0.0,0.0,0.0,0.0,0.0,0.0,0.0,0.0,0.0,0.0,0.0,0.0,0.0,4951322.0,0.0,0.0,4630422.0,0.0
Q9SN36_17_H3N4F1Pen1,0.0,0.0,0.0,0.0,0.0,0.0,0.0,0.0,0.0,0.0,0.0,26852600.0,0.0,0.0,0.0,0.0,0.0,0.0
Q9SN74_14_H8N2,444468.3,0.0,0.0,6586441.0,0.0,0.0,0.0,0.0,0.0,0.0,0.0,0.0,0.0,0.0,0.0,0.0,0.0,0.0
Q9SNA3_557_H3N2F1Pen1,38533880.0,36172850.0,0.0,23506990.0,24536200.0,0.0,0.0,34320960.0,0.0,0.0,21420790.0,0.0,44279130.0,31605190.0,0.0,4894725.0,2166268.0,0.0
Q9SNA3_557_H3N3F1Pen1,20285510.0,0.0,0.0,18595220.0,0.0,0.0,0.0,0.0,7429796.0,0.0,0.0,6074110.0,0.0,0.0,0.0,0.0,0.0,0.0
Q9SND9_239_H3N2Pen1,0.0,0.0,0.0,0.0,0.0,0.0,0.0,0.0,0.0,0.0,0.0,0.0,0.0,0.0,4596822.0,0.0,0.0,5784418.0
Q9SND9_239_H3N3F1Pen1,0.0,0.0,0.0,0.0,0.0,0.0,3307114.0,0.0,0.0,53669890.0,0.0,0.0,0.0,0.0,0.0,0.0,0.0,0.0
Q9SND9_239_H3N4F1Pen1,0.0,0.0,0.0,0.0,0.0,0.0,825776.8,0.0,0.0,5886224.0,0.0,0.0,0.0,0.0,0.0,0.0,0.0,0.0
Q9SP02_185_H6N2,0.0,0.0,0.0,0.0,0.0,5607406.0,0.0,0.0,0.0,0.0,0.0,0.0,0.0,0.0,0.0,0.0,0.0,0.0
Q9SPN3_8_H3N2Pen1,0.0,290716.5,0.0,0.0,52501010.0,0.0,0.0,0.0,0.0,0.0,0.0,0.0,0.0,0.0,0.0,66271020.0,0.0,0.0
Q9SQ67_166_H3N2F1Pen1,0.0,0.0,4566301.0,0.0,0.0,2989852.0,0.0,8108273.0,0.0,0.0,222733.0,0.0,0.0,0.0,0.0,0.0,0.0,0.0
Q9SQ68_166_H3N2F1Pen1,0.0,0.0,0.0,0.0,0.0,0.0,0.0,9030121.0,0.0,0.0,3659089.0,0.0,0.0,0.0,0.0,0.0,0.0,0.0
Q9SR02_1315_H3N2F1Pen1,0.0,0.0,0.0,0.0,0.0,0.0,0.0,0.0,0.0,0.0,0.0,0.0,0.0,0.0,0.0,0.0,12807860.0,0.0
Q9SR02_665_H4N3Pen1,0.0,0.0,0.0,0.0,0.0,0.0,0.0,0.0,0.0,0.0,0.0,0.0,0.0,0.0,0.0,132088000.0,0.0,0.0
Q9SR24_185_H9N2,0.0,0.0,0.0,0.0,0.0,0.0,0.0,5701666.0,0.0,0.0,3597509.0,0.0,0.0,0.0,6187753.0,0.0,0.0,3185968.0
Q9SR66_1207_H8N2,0.0,0.0,0.0,0.0,0.0,0.0,0.0,0.0,0.0,0.0,3054708.0,0.0,0.0,0.0,0.0,0.0,0.0,0.0
Q9SRD0_246_H4N2Pen1,0.0,0.0,0.0,0.0,0.0,0.0,0.0,0.0,0.0,0.0,0.0,0.0,615974.1,0.0,0.0,5195186.0,0.0,0.0
Q9SRH5_154_H3N2F1Pen1,0.0,0.0,0.0,0.0,0.0,0.0,42925970.0,0.0,55977840.0,211294.5,0.0,0.0,0.0,0.0,21148090.0,0.0,0.0,0.0
Q9SRH5_154_H3N4F1Pen1,0.0,0.0,0.0,0.0,0.0,0.0,15665010.0,20952570.0,0.0,0.0,0.0,0.0,0.0,0.0,0.0,0.0,0.0,0.0
Q9SRL2_608_H3N2F1Pen1,0.0,0.0,0.0,0.0,0.0,0.0,0.0,0.0,0.0,0.0,0.0,0.0,0.0,0.0,222441.9,0.0,0.0,8942906.0
Q9SRL4_256_H3N2F1Pen1,0.0,0.0,0.0,0.0,0.0,0.0,0.0,0.0,0.0,0.0,0.0,34360100.0,0.0,0.0,0.0,0.0,0.0,0.0
Q9SRM5_134_H3N3F1Pen1,0.0,0.0,0.0,0.0,0.0,0.0,0.0,0.0,0.0,0.0,0.0,0.0,0.0,0.0,0.0,0.0,0.0,6181912.0
Q9SRM5_134_H3N4F1Pen1,0.0,0.0,0.0,0.0,0.0,0.0,0.0,0.0,0.0,0.0,0.0,0.0,0.0,0.0,0.0,51683570.0,0.0,0.0
Q9SRM5_134_H4N4F2Pen1,0.0,0.0,0.0,0.0,0.0,6905786.0,0.0,0.0,0.0,0.0,0.0,7883463.0,0.0,0.0,0.0,0.0,0.0,0.0
Q9SRQ1_134_H3N3F1Pen1,0.0,0.0,0.0,0.0,0.0,0.0,0.0,0.0,0.0,0.0,0.0,0.0,0.0,0.0,0.0,0.0,0.0,5720973.0
Q9SRQ1_51_H3N2F1Pen1,0.0,0.0,0.0,0.0,0.0,0.0,0.0,0.0,0.0,0.0,0.0,0.0,0.0,9629978.0,0.0,0.0,1185039.0,0.0
Q9SRQ6_26_H3N2F1Pen1,0.0,0.0,0.0,0.0,0.0,19039700.0,0.0,0.0,0.0,0.0,62208580.0,84305600.0,0.0,0.0,0.0,0.0,0.0,0.0
Q9SRR1_154_H3N2F1Pen1,0.0,0.0,0.0,0.0,0.0,0.0,0.0,0.0,0.0,0.0,0.0,0.0,0.0,819464.6,0.0,0.0,2061897.0,0.0
Q9SRR1_154_H3N4F1Pen1,0.0,0.0,186047.2,0.0,0.0,16152690.0,0.0,0.0,0.0,0.0,0.0,0.0,0.0,0.0,0.0,0.0,0.0,0.0
Q9SRR2_503_H3N2F1Pen1,0.0,0.0,0.0,44372130.0,0.0,0.0,0.0,1000055.0,0.0,0.0,62852520.0,0.0,2188917.0,0.0,0.0,58541240.0,0.0,0.0
Q9SRR2_503_H3N2Pen1,0.0,0.0,0.0,3653567.0,0.0,0.0,0.0,0.0,0.0,0.0,0.0,0.0,0.0,0.0,0.0,0.0,0.0,0.0
Q9SRR2_503_H3N4F1Pen1,265468.5,0.0,0.0,29655590.0,0.0,0.0,0.0,0.0,0.0,0.0,0.0,0.0,0.0,0.0,0.0,28299650.0,0.0,0.0
Q9SRR2_503_H4N4Pen1,0.0,0.0,0.0,0.0,0.0,0.0,0.0,3395294.0,0.0,0.0,27144420.0,0.0,0.0,0.0,0.0,0.0,0.0,0.0
Q9SRR2_503_H7N2,0.0,0.0,0.0,0.0,0.0,0.0,0.0,0.0,0.0,4701544.0,0.0,0.0,0.0,0.0,0.0,0.0,1986860.0,6920217.0
Q9SRT0_112_H3N3F1Pen1,0.0,0.0,0.0,0.0,0.0,0.0,0.0,0.0,0.0,0.0,0.0,0.0,175857.4,0.0,0.0,1342252.0,0.0,0.0
Q9SRU2_3411_H3N2F1Pen1,0.0,0.0,0.0,0.0,7713047.0,0.0,0.0,0.0,0.0,0.0,0.0,0.0,0.0,0.0,0.0,0.0,33576920.0,0.0
Q9SRU2_3411_H3N2Pen1,0.0,0.0,0.0,0.0,0.0,0.0,0.0,0.0,0.0,0.0,0.0,0.0,0.0,0.0,0.0,0.0,3393408.0,0.0
Q9SRU2_3411_H3N3F1Pen1,0.0,0.0,0.0,0.0,0.0,0.0,0.0,0.0,0.0,11149370.0,0.0,0.0,0.0,0.0,0.0,0.0,0.0,13616750.0
Q9SRU2_397_H7N2,0.0,0.0,0.0,0.0,0.0,4030097.0,0.0,0.0,0.0,0.0,0.0,0.0,0.0,0.0,0.0,0.0,0.0,0.0
Q9SRU2_4342_H3N2F1Pen1,0.0,0.0,0.0,0.0,0.0,0.0,0.0,0.0,23222510.0,0.0,0.0,687163.6,0.0,0.0,0.0,0.0,0.0,0.0
Q9SRV1_344_H3N2F1Pen1,0.0,0.0,16192950.0,0.0,0.0,18586460.0,0.0,0.0,60915970.0,0.0,0.0,85584720.0,0.0,0.0,0.0,0.0,0.0,0.0
Q9SRV1_344_H4N2Pen1,0.0,0.0,0.0,0.0,0.0,15319160.0,0.0,0.0,0.0,0.0,0.0,0.0,0.0,0.0,0.0,0.0,0.0,0.0
Q9SRV5_395_H3N3F1Pen1,6627453.0,0.0,0.0,3994877.0,0.0,0.0,26314250.0,0.0,0.0,9331555.0,0.0,0.0,0.0,0.0,0.0,0.0,0.0,0.0
Q9SRX7_75_H3N3F1Pen1,0.0,0.0,0.0,0.0,0.0,0.0,0.0,13568980.0,0.0,0.0,18890310.0,0.0,0.0,0.0,0.0,0.0,0.0,0.0
Q9SRZ0_632_H8N2,0.0,0.0,0.0,0.0,0.0,0.0,0.0,0.0,0.0,0.0,0.0,0.0,0.0,0.0,0.0,0.0,0.0,16436100.0
Q9SS39_104_H3N2F1Pen1,0.0,0.0,0.0,0.0,0.0,0.0,0.0,0.0,0.0,0.0,0.0,0.0,0.0,0.0,3223192.0,0.0,0.0,0.0
Q9SS40_24_H3N3F1Pen1,0.0,0.0,0.0,0.0,0.0,0.0,0.0,0.0,0.0,0.0,0.0,0.0,0.0,22489000.0,0.0,0.0,0.0,0.0
Q9SS47_358_H3N2Pen1,0.0,0.0,0.0,0.0,0.0,6105254.0,0.0,0.0,0.0,0.0,0.0,0.0,0.0,0.0,0.0,0.0,0.0,12108870.0
Q9SS47_358_H4N2Pen1,0.0,0.0,0.0,3410522.0,0.0,0.0,0.0,0.0,0.0,4760680.0,0.0,0.0,0.0,0.0,0.0,0.0,0.0,0.0
Q9SS47_358_H5N2,0.0,0.0,0.0,0.0,0.0,0.0,0.0,0.0,0.0,0.0,0.0,4900613.0,0.0,0.0,0.0,0.0,0.0,0.0
Q9SS48_277_H3N2F1Pen1,0.0,16212080.0,0.0,0.0,30176070.0,0.0,0.0,34188250.0,0.0,0.0,46964760.0,0.0,0.0,0.0,0.0,0.0,0.0,0.0
Q9SS48_277_H4N2Pen1,0.0,0.0,0.0,0.0,0.0,0.0,0.0,1831193.0,0.0,0.0,3797440.0,0.0,0.0,0.0,0.0,0.0,0.0,0.0
Q9SS48_277_H4N3F1Pen1,0.0,0.0,0.0,0.0,0.0,0.0,225203.4,0.0,0.0,4616369.0,0.0,0.0,0.0,0.0,0.0,0.0,0.0,0.0
Q9SSA5_15_H8N2,0.0,0.0,0.0,0.0,0.0,0.0,0.0,0.0,0.0,2751600.0,0.0,0.0,20226210.0,7378168.0,0.0,10744290.0,4668556.0,0.0
Q9SSB5_372_H4N3Pen1,0.0,0.0,0.0,0.0,0.0,0.0,5360694.0,0.0,0.0,1427082.0,0.0,0.0,0.0,0.0,0.0,0.0,0.0,0.0
Q9SSE7_314_H3N2F1Pen1,0.0,0.0,0.0,0.0,0.0,0.0,0.0,0.0,2651569.0,0.0,0.0,235939.6,2802063.0,0.0,0.0,254820.0,0.0,0.0
Q9SSE8_73_H3N2Pen1,0.0,0.0,0.0,0.0,0.0,0.0,0.0,0.0,0.0,0.0,0.0,0.0,0.0,0.0,0.0,0.0,1945199.0,0.0
Q9SSF9_200_H3N2F1Pen1,0.0,0.0,0.0,0.0,0.0,0.0,0.0,0.0,0.0,70497370.0,0.0,0.0,0.0,0.0,0.0,0.0,22184580.0,0.0
Q9SSF9_200_H3N2Pen1,0.0,569096.1,0.0,0.0,7422397.0,0.0,0.0,0.0,0.0,4076005.0,0.0,9523395.0,0.0,0.0,0.0,0.0,0.0,0.0
Q9SSF9_200_H3N3F1Pen1,0.0,524075.1,0.0,0.0,13195520.0,0.0,0.0,0.0,0.0,0.0,0.0,0.0,0.0,0.0,0.0,0.0,0.0,23887050.0
Q9SSF9_200_H4N2Pen1,0.0,0.0,0.0,0.0,0.0,0.0,0.0,0.0,0.0,0.0,17805090.0,0.0,0.0,0.0,0.0,0.0,0.0,0.0
Q9SSF9_200_H4N3Pen1,0.0,0.0,0.0,0.0,0.0,5264784.0,0.0,0.0,0.0,0.0,0.0,0.0,0.0,0.0,0.0,0.0,0.0,0.0
Q9SSF9_200_H4N4Pen1,0.0,0.0,0.0,0.0,0.0,33564050.0,0.0,0.0,0.0,0.0,0.0,0.0,0.0,0.0,0.0,0.0,0.0,0.0
Q9SSL9_316_H3N3F1Pen1,0.0,0.0,0.0,11066830.0,0.0,0.0,0.0,0.0,0.0,0.0,0.0,0.0,0.0,0.0,0.0,0.0,0.0,0.0
Q9SSL9_591_H3N2Pen1,0.0,0.0,0.0,0.0,0.0,0.0,0.0,0.0,0.0,0.0,0.0,0.0,4005453.0,0.0,4565675.0,0.0,0.0,2133679.0
Q9SSN0_777_H8N2,0.0,0.0,0.0,0.0,0.0,0.0,0.0,0.0,0.0,0.0,0.0,0.0,0.0,11613810.0,0.0,0.0,0.0,0.0
Q9SSU8_25_H3N2F1Pen1,0.0,0.0,0.0,2460543.0,0.0,0.0,0.0,0.0,0.0,0.0,0.0,0.0,0.0,0.0,0.0,0.0,0.0,0.0
Q9ST58_168_H3N4F1Pen1,0.0,0.0,0.0,0.0,0.0,0.0,0.0,0.0,0.0,23819380.0,0.0,0.0,0.0,0.0,0.0,0.0,0.0,0.0
Q9STF2_440_H4N3F1Pen1,0.0,0.0,0.0,0.0,0.0,0.0,0.0,7689674.0,0.0,0.0,978270.9,0.0,0.0,0.0,0.0,0.0,0.0,0.0
Q9STF7_174_H2N2F1Pen1,0.0,0.0,0.0,0.0,0.0,0.0,399482.7,0.0,0.0,8302013.0,0.0,0.0,0.0,0.0,0.0,0.0,0.0,0.0
Q9STF7_174_H4N3Pen1,0.0,0.0,0.0,0.0,0.0,0.0,0.0,0.0,0.0,0.0,8679102.0,0.0,0.0,0.0,0.0,0.0,0.0,0.0
Q9STF7_610_H3N2F1Pen1,0.0,0.0,18620190.0,0.0,0.0,0.0,0.0,0.0,26129100.0,0.0,0.0,0.0,0.0,0.0,0.0,0.0,0.0,0.0
Q9STF7_610_H4N2Pen1,8966644.0,0.0,0.0,3074404.0,0.0,0.0,0.0,0.0,0.0,0.0,0.0,0.0,0.0,0.0,0.0,0.0,0.0,0.0
Q9STF7_610_H7N2,0.0,0.0,4506113.0,0.0,0.0,0.0,6387962.0,0.0,0.0,1070876.0,0.0,0.0,0.0,0.0,0.0,0.0,0.0,0.0
Q9STF7_610_H8N2,0.0,0.0,83654120.0,0.0,0.0,2212366.0,0.0,0.0,0.0,0.0,0.0,0.0,0.0,17247720.0,0.0,0.0,0.0,0.0
Q9STF7_610_H9N2,0.0,6524971.0,0.0,0.0,0.0,0.0,0.0,0.0,0.0,0.0,0.0,0.0,0.0,0.0,0.0,0.0,0.0,0.0
Q9STI6_65_H3N3F1Pen1,0.0,0.0,0.0,0.0,0.0,0.0,0.0,0.0,45467530.0,0.0,0.0,64406790.0,0.0,0.0,0.0,0.0,0.0,0.0
Q9STI6_65_H5N3F1Pen1,0.0,0.0,0.0,0.0,0.0,0.0,5029260.0,0.0,0.0,2258080.0,0.0,0.0,0.0,0.0,0.0,0.0,0.0,0.0
Q9STI6_65_H6N3Pen1,0.0,0.0,0.0,0.0,0.0,0.0,0.0,3558057.0,0.0,0.0,2124089.0,0.0,0.0,0.0,0.0,0.0,0.0,0.0
Q9STK6_289_H3N3F1Pen1,0.0,0.0,128281.0,0.0,0.0,2947002.0,0.0,0.0,0.0,0.0,0.0,0.0,0.0,0.0,0.0,0.0,0.0,0.0
Q9STL2_339_H3N3F1Pen1,0.0,0.0,0.0,0.0,0.0,0.0,0.0,0.0,0.0,0.0,0.0,0.0,0.0,0.0,11549620.0,0.0,0.0,4628834.0
Q9STM3_1211_H3N2F1Pen1,0.0,0.0,0.0,0.0,0.0,0.0,3605057.0,0.0,5404854.0,480013.0,0.0,5072421.0,8055196.0,0.0,7811203.0,2147461.0,0.0,0.0
Q9STM3_1266_H3N2F1Pen1,0.0,0.0,0.0,0.0,0.0,0.0,0.0,0.0,22602390.0,0.0,0.0,1715975.0,0.0,11561460.0,0.0,0.0,1242161.0,0.0
Q9STM3_930_H7N2,0.0,0.0,0.0,0.0,0.0,0.0,9500756.0,0.0,0.0,1271897.0,0.0,0.0,0.0,0.0,0.0,0.0,0.0,0.0
Q9STM3_930_H8N2,0.0,6125277.0,0.0,0.0,1313086.0,0.0,0.0,0.0,0.0,0.0,0.0,0.0,0.0,0.0,0.0,0.0,0.0,0.0
Q9STN8_323_H3N4F1Pen1,0.0,0.0,0.0,0.0,0.0,0.0,0.0,31641570.0,0.0,0.0,14691220.0,0.0,0.0,0.0,0.0,0.0,0.0,0.0
Q9STP2_153_H3N2F1Pen1,0.0,0.0,0.0,0.0,0.0,0.0,0.0,0.0,0.0,0.0,0.0,52382090.0,0.0,0.0,0.0,0.0,0.0,63654030.0
Q9STP2_153_H3N2Pen1,0.0,0.0,0.0,0.0,2930854.0,0.0,0.0,0.0,0.0,0.0,0.0,2916615.0,0.0,0.0,0.0,0.0,5452157.0,0.0
Q9STP2_153_H3N3F1Pen1,0.0,0.0,0.0,0.0,0.0,12523860.0,0.0,0.0,0.0,0.0,0.0,0.0,0.0,0.0,0.0,0.0,0.0,0.0
Q9STP2_153_H3N4F1Pen1,0.0,0.0,0.0,0.0,21523640.0,0.0,0.0,0.0,0.0,0.0,0.0,0.0,0.0,0.0,0.0,0.0,0.0,0.0
Q9STQ6_238_H3N3F1Pen1,15158910.0,0.0,0.0,266418.2,0.0,0.0,0.0,0.0,0.0,0.0,0.0,0.0,0.0,0.0,0.0,0.0,0.0,0.0
Q9STT8_740_H3N2Pen1,0.0,2641449.0,0.0,0.0,213049.4,0.0,0.0,0.0,0.0,0.0,0.0,0.0,0.0,0.0,0.0,0.0,0.0,0.0
Q9STT8_740_H3N4F1Pen1,0.0,0.0,7667988.0,0.0,0.0,6553552.0,0.0,0.0,0.0,0.0,0.0,0.0,0.0,0.0,0.0,0.0,0.0,0.0
Q9STX0_246_H3N2F1Pen1,0.0,0.0,0.0,0.0,0.0,0.0,0.0,0.0,0.0,0.0,0.0,0.0,0.0,0.0,0.0,0.0,0.0,8389588.0
Q9STX3_16_H8N2,0.0,0.0,6698147.0,0.0,0.0,0.0,17570130.0,0.0,0.0,0.0,0.0,0.0,0.0,0.0,0.0,0.0,0.0,0.0
Q9STY8_43_H3N2Pen1,0.0,0.0,0.0,0.0,0.0,0.0,0.0,0.0,18064120.0,0.0,0.0,0.0,0.0,0.0,0.0,0.0,0.0,0.0
Q9STY8_43_H4N2Pen1,0.0,0.0,0.0,0.0,0.0,0.0,0.0,0.0,4844778.0,0.0,0.0,0.0,0.0,0.0,0.0,0.0,0.0,0.0
Q9STY8_43_H5N2,1339139.0,1059311.0,0.0,0.0,0.0,0.0,0.0,0.0,0.0,0.0,0.0,0.0,0.0,0.0,0.0,0.0,0.0,0.0
Q9SU04_200_H10N2,0.0,0.0,0.0,0.0,0.0,9365359.0,0.0,0.0,0.0,0.0,0.0,12848280.0,0.0,0.0,0.0,0.0,0.0,0.0
Q9SU04_200_H4N4F2Pen1,0.0,0.0,0.0,0.0,6018450.0,0.0,0.0,0.0,0.0,0.0,0.0,0.0,0.0,0.0,0.0,0.0,0.0,0.0
Q9SU08_216_H3N3F1Pen1,0.0,0.0,0.0,0.0,0.0,0.0,0.0,0.0,0.0,2164361.0,0.0,0.0,0.0,0.0,0.0,0.0,0.0,0.0
Q9SU08_216_H8N2,0.0,2403860.0,0.0,0.0,243745.6,0.0,2366061.0,0.0,0.0,0.0,0.0,0.0,0.0,0.0,6747182.0,0.0,0.0,0.0
Q9SU25_635_H3N2F1Pen1,3124255.0,0.0,2029875.0,0.0,0.0,0.0,0.0,0.0,0.0,0.0,0.0,0.0,0.0,0.0,0.0,0.0,0.0,0.0
Q9SU40_293_H3N2F1Pen1,0.0,0.0,0.0,40395180.0,0.0,0.0,0.0,0.0,0.0,0.0,0.0,0.0,0.0,0.0,0.0,0.0,0.0,0.0
Q9SU40_293_H3N4F1Pen1,1400457.0,0.0,0.0,13676820.0,0.0,3143221.0,0.0,0.0,0.0,0.0,0.0,0.0,0.0,0.0,0.0,0.0,8572183.0,0.0
Q9SU63_458_H3N2F1Pen1,0.0,16213180.0,0.0,0.0,7755980.0,0.0,0.0,29366150.0,0.0,0.0,14719150.0,0.0,0.0,28675350.0,0.0,0.0,13056000.0,0.0
Q9SU63_458_H3N4F1Pen1,0.0,0.0,0.0,0.0,0.0,0.0,0.0,7841726.0,5891798.0,0.0,5711806.0,5706305.0,0.0,0.0,0.0,0.0,0.0,0.0
Q9SUC6_39_H3N2F1Pen1,0.0,0.0,0.0,19278610.0,2773943.0,0.0,0.0,0.0,0.0,0.0,0.0,0.0,0.0,0.0,0.0,0.0,0.0,0.0
Q9SUC6_486_H3N2F1Pen1,0.0,0.0,0.0,1565556.0,0.0,0.0,0.0,0.0,0.0,1768863.0,0.0,0.0,0.0,0.0,0.0,0.0,0.0,0.0
Q9SUC6_486_H5N4F3Pen1,0.0,0.0,0.0,0.0,0.0,0.0,0.0,0.0,0.0,0.0,0.0,0.0,0.0,0.0,0.0,0.0,0.0,9642455.0
Q9SUF9_162_H3N2F1Pen1,0.0,0.0,0.0,0.0,0.0,0.0,0.0,12269410.0,0.0,0.0,430200.6,0.0,0.0,0.0,0.0,0.0,0.0,0.0
Q9SUG7_709_H3N2F1Pen1,0.0,0.0,0.0,0.0,0.0,0.0,0.0,0.0,0.0,0.0,0.0,7126079.0,0.0,0.0,0.0,0.0,0.0,9976977.0
Q9SUH5_223_H3N3F1Pen1,0.0,0.0,0.0,0.0,0.0,0.0,0.0,0.0,0.0,23218980.0,0.0,0.0,0.0,0.0,0.0,0.0,0.0,0.0
Q9SUK9_55_H3N2F1Pen1,0.0,0.0,0.0,0.0,0.0,0.0,0.0,0.0,0.0,0.0,0.0,0.0,1288786.0,0.0,0.0,13681760.0,0.0,0.0
Q9SUK9_55_H3N3F1Pen1,0.0,736845.3,0.0,0.0,13448700.0,0.0,0.0,0.0,0.0,0.0,0.0,0.0,0.0,0.0,0.0,0.0,0.0,0.0
Q9SUM4_512_H7N2,0.0,0.0,0.0,0.0,0.0,0.0,0.0,6149770.0,0.0,0.0,15972420.0,0.0,0.0,1641578.0,0.0,0.0,6996476.0,0.0
Q9SUM4_512_H8N2,29685720.0,0.0,0.0,52629280.0,0.0,0.0,0.0,0.0,0.0,0.0,0.0,0.0,0.0,20599190.0,0.0,0.0,57906980.0,0.0
Q9SUQ2_20_H3N2F1Pen1,0.0,0.0,0.0,0.0,0.0,0.0,0.0,0.0,0.0,0.0,0.0,0.0,58018830.0,0.0,0.0,4870409.0,0.0,0.0
Q9SUQ7_806_H7N2,0.0,0.0,0.0,0.0,0.0,0.0,0.0,987836.1,0.0,0.0,18225610.0,0.0,0.0,0.0,0.0,0.0,0.0,0.0
Q9SUT2_94_H8N2,0.0,0.0,0.0,6606091.0,0.0,0.0,0.0,0.0,0.0,0.0,17054950.0,0.0,0.0,0.0,0.0,0.0,12588660.0,6475216.0
Q9SUT5_51_H3N2Pen1,7404230.0,0.0,0.0,0.0,0.0,0.0,0.0,0.0,0.0,0.0,0.0,0.0,0.0,0.0,0.0,0.0,0.0,0.0
Q9SUV1_62_H7N2,0.0,0.0,980471.1,0.0,0.0,2861746.0,0.0,0.0,0.0,0.0,0.0,0.0,0.0,0.0,0.0,0.0,0.0,0.0
Q9SV04_352_H3N3F1Pen1,0.0,0.0,0.0,0.0,0.0,0.0,0.0,0.0,0.0,0.0,0.0,0.0,0.0,0.0,0.0,0.0,0.0,4436957.0
Q9SV09_344_H3N2F1Pen1,0.0,0.0,0.0,0.0,0.0,0.0,0.0,4424113.0,0.0,0.0,659489.7,0.0,0.0,0.0,0.0,0.0,0.0,0.0
Q9SV26_726_H3N2F1Pen1,0.0,0.0,0.0,0.0,0.0,53303640.0,0.0,0.0,0.0,0.0,0.0,0.0,0.0,0.0,0.0,0.0,0.0,0.0
Q9SV84_289_H2N2F1Pen1,0.0,0.0,0.0,0.0,0.0,0.0,0.0,0.0,0.0,0.0,0.0,0.0,0.0,1920780.0,0.0,0.0,1751009.0,0.0
Q9SV84_289_H3N2F1Pen1,0.0,0.0,0.0,0.0,0.0,0.0,13165330.0,0.0,0.0,17021240.0,0.0,0.0,0.0,13687340.0,0.0,0.0,13888990.0,0.0
Q9SV84_289_H3N2Pen1,0.0,0.0,0.0,0.0,0.0,0.0,0.0,0.0,0.0,0.0,0.0,0.0,0.0,0.0,1173084.0,0.0,0.0,1189762.0
Q9SV84_289_H3N3F1Pen1,0.0,0.0,0.0,0.0,0.0,0.0,0.0,0.0,8975525.0,0.0,0.0,10656570.0,5828007.0,0.0,7795117.0,11914590.0,0.0,11734320.0
Q9SVC2_118_H8N2,0.0,0.0,0.0,19909830.0,0.0,17677410.0,0.0,0.0,0.0,0.0,0.0,0.0,0.0,0.0,0.0,0.0,60865970.0,0.0
Q9SVC2_118_H9N2,0.0,0.0,0.0,0.0,0.0,0.0,0.0,0.0,0.0,0.0,14252930.0,0.0,0.0,0.0,0.0,0.0,17145380.0,0.0
Q9SVE5_103_H3N2F1Pen1,505733.6,0.0,0.0,9961450.0,0.0,0.0,326688.0,0.0,0.0,6796299.0,0.0,0.0,0.0,0.0,0.0,0.0,0.0,0.0
Q9SVE5_103_H3N3Pen1,0.0,0.0,0.0,0.0,0.0,0.0,0.0,0.0,0.0,0.0,0.0,0.0,0.0,451098.5,0.0,0.0,1194354.0,0.0
Q9SVE5_103_H5N2,0.0,0.0,0.0,0.0,0.0,0.0,0.0,0.0,0.0,0.0,0.0,0.0,0.0,0.0,0.0,924141.1,0.0,0.0
Q9SVH3_8_H3N3F1Pen1,0.0,0.0,8323339.0,0.0,0.0,87638.02,0.0,0.0,0.0,0.0,0.0,0.0,0.0,0.0,0.0,0.0,0.0,0.0
Q9SVH3_8_H4N2F1Pen1,0.0,0.0,0.0,0.0,0.0,0.0,2863949.0,0.0,0.0,0.0,0.0,0.0,0.0,0.0,0.0,0.0,0.0,0.0
Q9SVH3_8_H4N3F1Pen1,0.0,0.0,10809640.0,0.0,0.0,671477.2,0.0,0.0,10892490.0,0.0,0.0,304325.4,0.0,0.0,0.0,0.0,0.0,0.0
Q9SVP7_98_H3N2F1Pen1,0.0,0.0,0.0,0.0,0.0,0.0,0.0,0.0,0.0,0.0,0.0,0.0,0.0,0.0,9350818.0,0.0,0.0,0.0
Q9SVP7_98_H4N4F2Pen1,0.0,18042800.0,0.0,0.0,1022190.0,0.0,0.0,0.0,0.0,0.0,0.0,0.0,0.0,0.0,0.0,0.0,0.0,0.0
Q9SVP7_98_H5N4Pen1,0.0,0.0,0.0,0.0,0.0,0.0,0.0,0.0,0.0,0.0,0.0,0.0,0.0,4680784.0,0.0,0.0,0.0,0.0
Q9SVP7_98_H6N4F2Pen1,0.0,0.0,0.0,0.0,0.0,0.0,0.0,0.0,10803500.0,0.0,0.0,0.0,0.0,0.0,10155700.0,0.0,0.0,985317.3
Q9SVP7_98_H8N2,0.0,0.0,0.0,0.0,0.0,0.0,0.0,0.0,0.0,0.0,0.0,0.0,0.0,4767728.0,0.0,0.0,2560094.0,0.0
Q9SVV2_205_H3N3F1Pen1,206278.0,0.0,0.0,2608066.0,0.0,0.0,0.0,0.0,0.0,0.0,0.0,0.0,0.0,0.0,0.0,0.0,0.0,0.0
Q9SVW8_149_H3N2F1Pen1,2430145.0,0.0,0.0,259040.0,0.0,0.0,0.0,0.0,0.0,0.0,0.0,0.0,0.0,0.0,0.0,0.0,0.0,0.0
Q9SVY6_36_H3N4F1Pen1,0.0,0.0,0.0,0.0,0.0,0.0,0.0,12266360.0,0.0,0.0,10873870.0,0.0,0.0,0.0,0.0,0.0,0.0,0.0
Q9SW11_566_H8N2,0.0,0.0,8000469.0,0.0,0.0,1451106.0,0.0,0.0,0.0,0.0,0.0,0.0,0.0,0.0,0.0,0.0,0.0,0.0
Q9SW18_23_H7N2,0.0,0.0,0.0,0.0,0.0,0.0,0.0,380658.0,0.0,0.0,9272304.0,0.0,0.0,0.0,0.0,0.0,0.0,0.0
Q9SW97_371_H3N3F1Pen1,0.0,180491800.0,0.0,0.0,7636994.0,0.0,218970700.0,0.0,253930300.0,5113835.0,0.0,11114270.0,0.0,0.0,0.0,0.0,0.0,0.0
Q9SW97_371_H3N3Pen1,0.0,3631247.0,0.0,0.0,0.0,0.0,0.0,0.0,0.0,0.0,0.0,0.0,0.0,0.0,0.0,0.0,0.0,0.0
Q9SWA6_154_H7N2,0.0,0.0,0.0,0.0,0.0,0.0,0.0,1003554.0,0.0,0.0,3865111.0,0.0,0.0,109538.6,377068.8,0.0,2084374.0,3978652.0
Q9SWA6_193_H3N2Pen1,0.0,0.0,0.0,0.0,0.0,0.0,0.0,0.0,0.0,0.0,0.0,0.0,3860445.0,0.0,0.0,5770389.0,0.0,0.0
Q9SWA6_193_H3N3F1Pen1,0.0,0.0,6841739.0,0.0,0.0,0.0,0.0,0.0,0.0,0.0,0.0,0.0,0.0,2934226.0,0.0,0.0,3052051.0,0.0
Q9SWA6_193_H3N4F1Pen1,0.0,0.0,0.0,0.0,0.0,0.0,11574830.0,34297240.0,0.0,0.0,42925300.0,0.0,29491180.0,0.0,0.0,24030250.0,0.0,0.0
Q9SWH5_24_H8N2,0.0,2918161.0,0.0,0.0,729164.4,0.0,0.0,0.0,0.0,0.0,0.0,0.0,0.0,0.0,0.0,0.0,0.0,0.0
Q9SWR3_734_H3N4F1Pen1,345788.1,0.0,0.0,1680442.0,0.0,0.0,0.0,0.0,0.0,0.0,0.0,0.0,0.0,0.0,0.0,0.0,0.0,0.0
Q9SWR3_969_H3N2F1Pen1,0.0,0.0,4943704.0,0.0,0.0,4626010.0,6240254.0,0.0,0.0,6796299.0,0.0,0.0,0.0,2934435.0,2227583.0,0.0,7001731.0,4817726.0
Q9SWR3_969_H3N2Pen1,15971810.0,0.0,0.0,21497990.0,0.0,0.0,0.0,0.0,38154580.0,0.0,0.0,48409830.0,0.0,0.0,0.0,0.0,0.0,0.0
Q9SWR3_969_H3N3F1Pen1,0.0,0.0,0.0,0.0,0.0,0.0,0.0,0.0,0.0,0.0,0.0,0.0,0.0,0.0,1720008.0,0.0,0.0,1957783.0
Q9SWR3_969_H3N3Pen1,0.0,1618628.0,975219.3,0.0,3061811.0,2855497.0,3071346.0,0.0,2360335.0,2163255.0,0.0,2834241.0,0.0,0.0,0.0,0.0,0.0,0.0
Q9SWR3_969_H4N2Pen1,0.0,0.0,0.0,0.0,0.0,0.0,0.0,0.0,0.0,0.0,0.0,0.0,0.0,0.0,1357370.0,0.0,0.0,4486008.0
Q9SWR3_969_H5N2,0.0,3106447.0,0.0,0.0,1863571.0,0.0,4099166.0,0.0,0.0,826291.5,0.0,0.0,0.0,0.0,2170995.0,0.0,0.0,1376097.0
Q9SWR3_969_H6N2,0.0,0.0,0.0,0.0,0.0,0.0,2243743.0,0.0,0.0,3506509.0,0.0,0.0,0.0,0.0,1926947.0,0.0,0.0,3655523.0
Q9SWR3_969_H7N2,0.0,0.0,0.0,0.0,0.0,0.0,0.0,0.0,0.0,0.0,0.0,0.0,0.0,0.0,373916.7,0.0,0.0,2203564.0
Q9SX38_403_H3N3F1Pen1,0.0,0.0,0.0,0.0,0.0,18372190.0,0.0,0.0,0.0,0.0,0.0,0.0,0.0,0.0,0.0,0.0,0.0,0.0
Q9SX54_93_H3N2F1Pen1,0.0,0.0,0.0,0.0,0.0,0.0,0.0,0.0,0.0,0.0,5659001.0,0.0,0.0,0.0,0.0,0.0,0.0,0.0
Q9SXA1_1507_H3N2F1Pen1,0.0,0.0,0.0,0.0,0.0,0.0,0.0,0.0,0.0,0.0,0.0,0.0,0.0,0.0,0.0,0.0,0.0,5920484.0
Q9SXA1_1507_H5N4F2Pen1,0.0,0.0,0.0,0.0,0.0,0.0,0.0,7673012.0,0.0,0.0,40221090.0,0.0,0.0,0.0,0.0,0.0,0.0,0.0
Q9SXB3_341_H3N2F1Pen1,0.0,0.0,27833500.0,0.0,0.0,15151380.0,8709840.0,0.0,26098710.0,10984080.0,0.0,25073960.0,17115020.0,0.0,0.0,11360200.0,0.0,0.0
Q9SXB3_341_H4N2Pen1,0.0,0.0,0.0,22453740.0,12976790.0,0.0,0.0,0.0,0.0,0.0,0.0,0.0,0.0,0.0,0.0,13542260.0,0.0,0.0
Q9SXB3_472_H3N3F1Pen1,1715884.0,0.0,0.0,296027.7,0.0,0.0,0.0,0.0,0.0,0.0,0.0,0.0,0.0,0.0,0.0,0.0,0.0,0.0
Q9SXB3_98_H9N2,0.0,0.0,0.0,0.0,0.0,0.0,0.0,0.0,0.0,0.0,0.0,0.0,0.0,0.0,5089869.0,0.0,0.0,0.0
Q9SXB4_173_H3N3F1Pen1,0.0,0.0,0.0,0.0,0.0,0.0,0.0,0.0,0.0,0.0,0.0,0.0,179307400.0,0.0,0.0,65180850.0,0.0,0.0
Q9SXB4_173_H3N3Pen1,0.0,0.0,25888090.0,0.0,0.0,9798538.0,0.0,19801980.0,0.0,0.0,9006825.0,0.0,0.0,0.0,0.0,0.0,0.0,0.0
Q9SXB4_351_H3N2F1Pen1,0.0,0.0,242683.4,0.0,0.0,7133701.0,0.0,0.0,0.0,0.0,0.0,0.0,0.0,0.0,0.0,0.0,0.0,0.0
Q9SXB4_351_H3N4F1Pen1,0.0,0.0,0.0,0.0,0.0,0.0,0.0,0.0,0.0,0.0,0.0,0.0,0.0,0.0,4646328.0,0.0,0.0,307549.1
Q9SXB5_115_H3N2F1Pen1,0.0,0.0,0.0,0.0,0.0,0.0,0.0,0.0,0.0,0.0,0.0,0.0,0.0,0.0,921549.6,0.0,0.0,45248910.0
Q9SXB5_115_H3N4Pen1,0.0,0.0,0.0,0.0,0.0,0.0,0.0,2470563.0,0.0,0.0,0.0,0.0,0.0,0.0,0.0,0.0,0.0,0.0
Q9SXB8_354_H3N2F1Pen1,0.0,0.0,0.0,0.0,0.0,0.0,0.0,0.0,3933026.0,0.0,0.0,0.0,0.0,0.0,0.0,0.0,0.0,0.0
Q9SXB8_354_H9N2,0.0,1176489.0,0.0,0.0,3034888.0,0.0,0.0,0.0,0.0,0.0,0.0,0.0,0.0,0.0,0.0,0.0,0.0,0.0
Q9SXC8_48_H3N3F1Pen1,0.0,0.0,0.0,0.0,0.0,0.0,0.0,0.0,6413579.0,0.0,0.0,21260430.0,0.0,0.0,0.0,0.0,0.0,0.0
Q9SXC8_48_H5N4F1Pen1,0.0,0.0,0.0,0.0,0.0,0.0,0.0,0.0,5275354.0,0.0,0.0,12093270.0,0.0,0.0,0.0,0.0,0.0,0.0
Q9SXN6_241_H6N2,0.0,0.0,2044366.0,0.0,0.0,0.0,0.0,0.0,0.0,0.0,0.0,0.0,0.0,0.0,0.0,0.0,0.0,0.0
Q9SXS2_40_H3N4F1Pen1,0.0,0.0,0.0,0.0,0.0,0.0,4609463.0,0.0,0.0,6203776.0,0.0,0.0,0.0,0.0,0.0,0.0,0.0,0.0
Q9SY07_321_H3N2F1Pen1,0.0,836140.8,0.0,0.0,2155000.0,0.0,0.0,1717362.0,0.0,0.0,5776720.0,0.0,0.0,0.0,0.0,0.0,0.0,0.0
Q9SY59_1011_H3N2F1Pen1,0.0,0.0,0.0,0.0,0.0,0.0,0.0,0.0,0.0,0.0,0.0,0.0,0.0,0.0,0.0,0.0,0.0,5860814.0
Q9SY88_115_H3N3F1Pen1,0.0,0.0,0.0,0.0,0.0,0.0,0.0,0.0,0.0,0.0,0.0,36192600.0,0.0,0.0,0.0,0.0,0.0,0.0
Q9SY89_543_H3N3F1Pen1,0.0,0.0,0.0,0.0,0.0,0.0,0.0,0.0,0.0,0.0,0.0,5432302.0,0.0,0.0,0.0,0.0,0.0,0.0
Q9SY95_331_H3N3F1Pen1,4299375.0,0.0,0.0,1211830.0,0.0,0.0,0.0,0.0,0.0,0.0,0.0,0.0,0.0,0.0,0.0,0.0,0.0,0.0
Q9SYC9_154_H3N2Pen1,1924390.0,0.0,0.0,0.0,0.0,0.0,0.0,0.0,0.0,0.0,0.0,0.0,0.0,0.0,0.0,0.0,0.0,0.0
Q9SYK0_79_H5N2,326022.3,0.0,0.0,8237631.0,0.0,0.0,0.0,0.0,0.0,11488120.0,0.0,0.0,0.0,0.0,0.0,0.0,0.0,0.0
Q9SYK0_79_H6N2,0.0,0.0,0.0,0.0,0.0,0.0,315077.7,0.0,0.0,97677200.0,0.0,0.0,0.0,0.0,0.0,89770720.0,0.0,0.0
Q9SYL6_4_H7N2,921605.7,0.0,0.0,2677864.0,0.0,0.0,0.0,0.0,0.0,0.0,0.0,0.0,0.0,0.0,0.0,0.0,0.0,0.0
Q9SYM0_11_H4N2Pen1,0.0,0.0,3165875.0,0.0,0.0,1692846.0,0.0,0.0,0.0,0.0,0.0,0.0,0.0,0.0,0.0,0.0,0.0,0.0
Q9SYM4_848_H7N2,0.0,2395263.0,0.0,0.0,302734.4,0.0,0.0,0.0,0.0,0.0,0.0,0.0,0.0,0.0,0.0,0.0,0.0,0.0
Q9SYM4_864_H3N4F1Pen1,0.0,0.0,0.0,0.0,0.0,10741890.0,0.0,0.0,0.0,0.0,0.0,0.0,0.0,0.0,0.0,0.0,0.0,0.0
Q9SYM5_620_H3N2F1Pen1,0.0,0.0,0.0,0.0,0.0,0.0,0.0,19971620.0,0.0,0.0,0.0,0.0,0.0,0.0,0.0,0.0,0.0,0.0
Q9SYS7_259_H8N2,0.0,0.0,0.0,0.0,0.0,0.0,0.0,0.0,0.0,89377740.0,94122560.0,0.0,0.0,0.0,0.0,0.0,53973660.0,67156440.0
Q9SYX2_645_H4N2Pen1,0.0,0.0,1575095.0,0.0,0.0,0.0,0.0,0.0,0.0,0.0,0.0,0.0,0.0,0.0,0.0,0.0,0.0,0.0
Q9SZ30_559_H3N3F1Pen1,0.0,0.0,0.0,0.0,0.0,0.0,0.0,0.0,0.0,0.0,0.0,0.0,0.0,0.0,0.0,8984634.0,0.0,0.0
Q9SZA6_153_H3N4F1Pen1,0.0,0.0,0.0,0.0,0.0,0.0,0.0,0.0,16380490.0,0.0,0.0,11137120.0,0.0,0.0,0.0,0.0,0.0,0.0
Q9SZA6_153_H5N4F3Pen1,0.0,12622850.0,0.0,0.0,20105850.0,0.0,0.0,0.0,0.0,0.0,0.0,0.0,0.0,0.0,0.0,0.0,0.0,0.0
Q9SZB9_105_H2N2F1Pen1,0.0,0.0,0.0,0.0,0.0,0.0,0.0,0.0,0.0,0.0,0.0,0.0,0.0,7139759.0,0.0,0.0,1074679.0,0.0
Q9SZD1_345_H3N4F1Pen1,0.0,0.0,0.0,0.0,0.0,0.0,0.0,0.0,0.0,0.0,0.0,0.0,0.0,0.0,5128585.0,0.0,0.0,8882875.0
Q9SZI2_9_H3N4F1Pen1,0.0,14009870.0,0.0,0.0,0.0,0.0,0.0,0.0,0.0,0.0,0.0,0.0,0.0,0.0,0.0,0.0,0.0,0.0
Q9SZM3_474_H5N4F2Pen1,0.0,0.0,0.0,0.0,0.0,0.0,4039324.0,0.0,0.0,0.0,0.0,0.0,0.0,0.0,0.0,0.0,0.0,0.0
Q9SZR3_576_H3N4F1Pen1,0.0,0.0,6900363.0,0.0,0.0,3635389.0,0.0,3125553.0,0.0,0.0,449895.0,0.0,0.0,0.0,0.0,0.0,0.0,0.0
Q9SZW4_908_H3N4F1Pen1,0.0,0.0,0.0,0.0,0.0,0.0,0.0,0.0,0.0,0.0,0.0,10075900.0,0.0,0.0,0.0,0.0,0.0,0.0
Q9SZX8_87_H3N2Pen1,0.0,0.0,4839964.0,0.0,0.0,17724300.0,0.0,0.0,0.0,0.0,0.0,0.0,0.0,0.0,3544656.0,0.0,0.0,23336360.0
Q9SZX8_87_H3N3F1Pen1,0.0,0.0,0.0,0.0,0.0,0.0,0.0,502295.5,842604.5,0.0,5074055.0,7814468.0,0.0,0.0,3556605.0,0.0,0.0,16246510.0
Q9SZX8_87_H3N3Pen1,0.0,0.0,0.0,0.0,0.0,0.0,0.0,0.0,1282365.0,0.0,0.0,9513103.0,0.0,0.0,0.0,0.0,0.0,0.0
Q9SZX8_87_H3N4F1Pen1,0.0,0.0,0.0,0.0,0.0,0.0,0.0,0.0,0.0,0.0,0.0,0.0,0.0,0.0,1332162.0,0.0,0.0,2828859.0
Q9SZX8_87_H4N3F1Pen1,0.0,0.0,0.0,0.0,0.0,0.0,0.0,0.0,0.0,0.0,0.0,0.0,0.0,0.0,2048090.0,0.0,0.0,21466390.0
Q9SZX8_87_H4N3F2Pen1,0.0,0.0,0.0,0.0,0.0,0.0,0.0,0.0,0.0,0.0,0.0,0.0,0.0,0.0,2350472.0,0.0,0.0,10591150.0
Q9SZX8_87_H4N4F1Pen1,0.0,0.0,0.0,4077372.0,0.0,0.0,0.0,2087165.0,0.0,0.0,23942460.0,0.0,0.0,0.0,0.0,0.0,0.0,0.0
Q9SZX8_87_H5N3F1Pen1,0.0,0.0,0.0,0.0,0.0,0.0,0.0,0.0,0.0,0.0,0.0,4450391.0,0.0,0.0,0.0,0.0,0.0,0.0
Q9SZX8_87_H5N4F3Pen1,5805055.0,0.0,0.0,14751150.0,0.0,0.0,0.0,0.0,0.0,0.0,0.0,0.0,0.0,0.0,5011649.0,0.0,0.0,32791170.0
Q9SZX8_87_H5N4Pen1,0.0,0.0,0.0,0.0,0.0,0.0,0.0,0.0,319717.7,0.0,0.0,5120853.0,0.0,0.0,0.0,0.0,0.0,0.0
Q9SZX8_87_H6N4F1Pen1,0.0,0.0,0.0,0.0,0.0,0.0,0.0,2029997.0,0.0,0.0,8279007.0,0.0,0.0,3541961.0,0.0,0.0,8640893.0,0.0
Q9SZX8_87_H6N4F2Pen1,0.0,0.0,0.0,0.0,0.0,0.0,3213392.0,0.0,0.0,15850710.0,0.0,0.0,0.0,3793774.0,0.0,0.0,17070030.0,0.0
Q9T014_1027_H6N3,0.0,0.0,0.0,0.0,0.0,0.0,0.0,4030022.0,0.0,0.0,1862526.0,0.0,0.0,0.0,0.0,0.0,0.0,0.0
Q9T014_940_H1N2F1,0.0,0.0,0.0,0.0,0.0,0.0,0.0,0.0,0.0,0.0,0.0,0.0,0.0,14591120.0,0.0,0.0,0.0,0.0
Q9T048_37_H8N2,0.0,0.0,0.0,0.0,0.0,0.0,0.0,1247921.0,0.0,0.0,7894169.0,0.0,0.0,0.0,0.0,0.0,0.0,0.0
Q9T0D6_559_H3N3F1Pen1,0.0,0.0,0.0,0.0,0.0,0.0,0.0,4314368.0,0.0,0.0,1868673.0,0.0,0.0,0.0,0.0,0.0,0.0,0.0
Q9T0J1_67_H8N2,0.0,0.0,0.0,0.0,0.0,0.0,3900475.0,0.0,3393346.0,170083.8,0.0,0.0,3385993.0,0.0,0.0,0.0,0.0,0.0
Q9T0K7_291_H3N2F1Pen1,0.0,0.0,0.0,0.0,0.0,0.0,0.0,0.0,3222344.0,0.0,0.0,779313.9,0.0,0.0,0.0,0.0,0.0,0.0
Q9T399_19_H3N2F1Pen1,0.0,0.0,0.0,0.0,0.0,0.0,0.0,0.0,3695863.0,0.0,0.0,5470085.0,0.0,0.0,0.0,0.0,0.0,0.0
Q9T399_19_H4N3F1Pen1,3290619.0,0.0,2827138.0,3691276.0,0.0,6638720.0,0.0,0.0,0.0,0.0,0.0,0.0,0.0,0.0,0.0,0.0,0.0,0.0
Q9T399_19_H4N3F2Pen1,0.0,0.0,0.0,0.0,0.0,0.0,3567322.0,0.0,0.0,52645020.0,0.0,0.0,0.0,0.0,0.0,0.0,0.0,0.0
Q9T3P6_93_H3N2F1Pen1,0.0,0.0,0.0,0.0,0.0,0.0,0.0,16493390.0,0.0,0.0,0.0,0.0,0.0,0.0,0.0,0.0,0.0,0.0
Q9TIR3_52_H3N3F1Pen1,1979539.0,0.0,0.0,7914793.0,0.0,0.0,0.0,0.0,0.0,0.0,0.0,0.0,0.0,0.0,0.0,0.0,0.0,0.0
Q9TIR8_52_H3N2F1Pen1,0.0,0.0,0.0,0.0,0.0,0.0,0.0,268996.5,0.0,0.0,49949290.0,0.0,0.0,0.0,0.0,0.0,0.0,0.0
Q9TJQ5_202_H3N4F1Pen1,0.0,0.0,0.0,0.0,0.0,0.0,0.0,0.0,0.0,0.0,22914080.0,0.0,0.0,0.0,0.0,0.0,0.0,0.0
Q9TJR9_70_H3N2F1Pen1,0.0,0.0,0.0,0.0,0.0,0.0,0.0,0.0,0.0,0.0,0.0,0.0,0.0,0.0,4605087.0,0.0,0.0,0.0
Q9TJR9_70_H3N4F1Pen1,0.0,0.0,0.0,0.0,0.0,0.0,0.0,7749024.0,0.0,0.0,0.0,0.0,0.0,0.0,0.0,0.0,0.0,0.0
Q9TK08_263_H3N2F1Pen1,0.0,0.0,0.0,0.0,0.0,0.0,0.0,0.0,0.0,0.0,0.0,0.0,0.0,0.0,0.0,0.0,44123460.0,0.0
Q9TK08_503_H6N2,0.0,0.0,0.0,0.0,0.0,0.0,0.0,0.0,886687.1,10984580.0,0.0,8368668.0,0.0,0.0,0.0,0.0,0.0,0.0
Q9TKB6_50_H3N2F1Pen1,700188.3,0.0,337011.5,20830390.0,0.0,34525820.0,0.0,0.0,0.0,0.0,0.0,0.0,0.0,0.0,0.0,0.0,0.0,0.0
Q9TKC0_225_H3N2F1Pen1,0.0,0.0,0.0,0.0,0.0,0.0,2219801.0,0.0,0.0,10708610.0,0.0,0.0,0.0,0.0,0.0,0.0,0.0,0.0
Q9TKP9_50_H3N2F1Pen1,0.0,0.0,6457392.0,0.0,0.0,4328918.0,0.0,0.0,0.0,0.0,0.0,0.0,0.0,0.0,0.0,0.0,0.0,0.0
Q9TL04_862_H3N2F1Pen1,0.0,0.0,0.0,8650422.0,0.0,5039770.0,0.0,0.0,0.0,0.0,0.0,0.0,0.0,0.0,0.0,0.0,0.0,0.0
Q9TL04_862_H3N2Pen1,0.0,0.0,0.0,0.0,0.0,0.0,0.0,0.0,0.0,0.0,0.0,0.0,0.0,1082898.0,0.0,0.0,8976317.0,0.0
Q9TL04_862_H3N4F1Pen1,0.0,704580.3,0.0,0.0,1742529.0,0.0,0.0,0.0,0.0,0.0,0.0,0.0,0.0,0.0,0.0,0.0,0.0,0.0
Q9TL18_44_H8N2,5208408.0,0.0,0.0,432127.1,0.0,0.0,16011570.0,0.0,0.0,0.0,0.0,0.0,0.0,0.0,0.0,0.0,0.0,0.0
Q9TL28_342_H8N2,0.0,0.0,0.0,0.0,0.0,0.0,19747450.0,0.0,0.0,0.0,0.0,0.0,0.0,0.0,0.0,0.0,0.0,0.0
Q9TLD8_50_H6N2,0.0,0.0,0.0,0.0,0.0,0.0,9451991.0,0.0,0.0,0.0,0.0,0.0,0.0,0.0,0.0,0.0,0.0,0.0
Q9TLD8_50_H8N2,0.0,0.0,0.0,0.0,5976426.0,0.0,0.0,0.0,0.0,2916545.0,0.0,0.0,0.0,0.0,0.0,0.0,0.0,0.0
Q9XE98_703_H3N4F1Pen1,0.0,5761461.0,4368100.0,0.0,1651890.0,398298.8,0.0,0.0,0.0,0.0,0.0,0.0,0.0,0.0,0.0,0.0,0.0,0.0
Q9XE98_9_H5N4F3Pen1,0.0,0.0,0.0,0.0,0.0,0.0,0.0,0.0,0.0,0.0,0.0,0.0,2406986.0,0.0,0.0,15794260.0,0.0,0.0
Q9XEA0_315_H3N2F1Pen1,0.0,1629849.0,0.0,0.0,6311198.0,0.0,0.0,585639.3,0.0,0.0,9521610.0,0.0,0.0,0.0,0.0,0.0,0.0,0.0
Q9XEA0_315_H3N4F1Pen1,2320849.0,0.0,0.0,5934555.0,0.0,0.0,0.0,0.0,0.0,0.0,0.0,0.0,0.0,0.0,0.0,0.0,0.0,0.0
Q9XEC1_84_H3N2Pen1,0.0,0.0,0.0,0.0,0.0,0.0,0.0,0.0,3821755.0,0.0,0.0,32390520.0,0.0,2812994.0,0.0,0.0,37793540.0,0.0
Q9XEI0_447_H8N2,0.0,0.0,13974750.0,0.0,0.0,1545777.0,0.0,0.0,8710312.0,0.0,0.0,0.0,0.0,0.0,0.0,0.0,0.0,0.0
Q9XER9_258_H3N2F1Pen1,0.0,0.0,0.0,0.0,0.0,0.0,0.0,0.0,0.0,0.0,0.0,0.0,0.0,7773648.0,0.0,0.0,1961133.0,0.0
Q9XES1_14_H7N2,0.0,0.0,0.0,0.0,0.0,0.0,0.0,0.0,0.0,0.0,0.0,0.0,0.0,1760581.0,0.0,0.0,1767874.0,0.0
Q9XES1_14_H9N2,0.0,0.0,0.0,0.0,0.0,0.0,0.0,0.0,0.0,0.0,0.0,0.0,0.0,0.0,1543256.0,0.0,0.0,2218692.0
Q9XF47_149_H3N2F1Pen1,0.0,0.0,0.0,0.0,0.0,209688700.0,0.0,0.0,0.0,0.0,0.0,60268380.0,0.0,0.0,0.0,0.0,0.0,0.0
Q9XF88_25_H3N4Pen1,0.0,0.0,0.0,0.0,0.0,0.0,0.0,149302.8,0.0,0.0,3065676.0,0.0,0.0,0.0,0.0,0.0,0.0,0.0
Q9XF98_56_H8N2,0.0,0.0,0.0,0.0,0.0,0.0,61479810.0,0.0,0.0,0.0,0.0,0.0,0.0,0.0,0.0,0.0,0.0,0.0
Q9XFT3_28_H3N3F1Pen1,0.0,0.0,0.0,0.0,0.0,0.0,0.0,268615.3,0.0,0.0,18806950.0,0.0,0.0,0.0,0.0,0.0,12250780.0,0.0
Q9XFX4_252_H3N2F1Pen1,61425610.0,24156380.0,0.0,43912810.0,17587220.0,0.0,0.0,84674910.0,0.0,0.0,65911270.0,0.0,62401920.0,88688470.0,0.0,51009990.0,74120040.0,0.0
Q9XFX4_252_H3N2Pen1,0.0,2930854.0,0.0,0.0,1289583.0,0.0,0.0,0.0,2916615.0,0.0,0.0,2018394.0,0.0,5452157.0,0.0,0.0,4869057.0,0.0
Q9XFX4_252_H3N3F1Pen1,0.0,12450240.0,7426393.0,0.0,10625170.0,6135448.0,0.0,2972648.0,22119760.0,0.0,2071904.0,14484580.0,15484870.0,15123780.0,0.0,11704720.0,10507220.0,0.0
Q9XFX4_252_H3N4F1Pen1,19126850.0,0.0,2506561.0,14024020.0,0.0,709982.9,0.0,0.0,35260770.0,0.0,0.0,22084300.0,0.0,0.0,32176360.0,0.0,0.0,19872380.0
Q9XFX4_252_H4N3F1Pen1,0.0,0.0,0.0,0.0,0.0,0.0,0.0,1579899.0,0.0,0.0,2245815.0,0.0,0.0,0.0,1987901.0,0.0,0.0,1543390.0
Q9XFX4_252_H4N3F2Pen1,0.0,0.0,0.0,0.0,0.0,0.0,0.0,1627676.0,0.0,0.0,3724605.0,0.0,0.0,1724611.0,0.0,0.0,2768021.0,0.0
Q9XFX4_252_H4N4F1Pen1,0.0,0.0,0.0,0.0,0.0,0.0,8204288.0,10557620.0,5732234.0,7984150.0,8608711.0,8035252.0,9781466.0,0.0,7765345.0,9446421.0,0.0,8178217.0
Q9XFX4_252_H4N4F2Pen1,4495395.0,0.0,0.0,2912445.0,0.0,0.0,6444601.0,0.0,0.0,8915987.0,0.0,0.0,6224933.0,0.0,0.0,9816309.0,0.0,0.0
Q9XFX4_252_H5N4F1Pen1,2905371.0,0.0,0.0,3089870.0,0.0,0.0,0.0,1179345.0,0.0,0.0,4205591.0,0.0,0.0,0.0,3479525.0,0.0,0.0,4320021.0
Q9XFX4_252_H5N4F2Pen1,0.0,0.0,0.0,0.0,0.0,0.0,1611031.0,0.0,0.0,2798037.0,0.0,0.0,1892763.0,0.0,0.0,6061234.0,0.0,0.0
Q9XFX4_252_H5N4F3Pen1,0.0,0.0,0.0,0.0,0.0,0.0,0.0,0.0,4551374.0,0.0,0.0,10432970.0,0.0,0.0,0.0,0.0,0.0,0.0
Q9XG54_215_H3N2F1Pen1,0.0,0.0,0.0,0.0,0.0,0.0,0.0,0.0,0.0,7419125.0,0.0,0.0,0.0,0.0,0.0,0.0,0.0,0.0
Q9XG81_121_H3N4F1Pen1,0.0,0.0,0.0,0.0,0.0,0.0,0.0,0.0,0.0,13095800.0,0.0,18493800.0,0.0,0.0,0.0,0.0,11707770.0,0.0
Q9XGM2_563_H3N2F1Pen1,8243959.0,0.0,10177520.0,0.0,0.0,720741.1,8736419.0,0.0,0.0,292471.0,0.0,0.0,0.0,0.0,0.0,0.0,0.0,0.0
Q9XGM2_563_H3N4F1Pen1,0.0,0.0,0.0,0.0,0.0,0.0,0.0,6117077.0,0.0,0.0,9196341.0,0.0,0.0,0.0,0.0,0.0,0.0,0.0
Q9XH42_33_H3N2F1Pen1,0.0,0.0,0.0,0.0,0.0,2846745.0,0.0,0.0,0.0,0.0,0.0,0.0,0.0,0.0,0.0,0.0,0.0,0.0
Q9XHM5_72_H3N4F1Pen1,0.0,0.0,39494750.0,0.0,0.0,1023322.0,0.0,0.0,0.0,0.0,0.0,0.0,0.0,0.0,0.0,0.0,0.0,0.0
Q9XI23_626_H7N3,0.0,0.0,0.0,0.0,0.0,0.0,0.0,0.0,0.0,0.0,0.0,32102970.0,0.0,0.0,0.0,0.0,0.0,25483340.0
Q9XI36_336_H5N3F1Pen1,0.0,0.0,0.0,0.0,0.0,0.0,0.0,0.0,0.0,0.0,0.0,0.0,0.0,0.0,22349500.0,0.0,0.0,2716646.0
Q9XI46_20_H3N2F1Pen1,0.0,0.0,0.0,0.0,0.0,0.0,0.0,0.0,0.0,0.0,0.0,0.0,0.0,0.0,366627.8,0.0,0.0,19059380.0
Q9XIA4_54_H9N2,0.0,2473225.0,0.0,0.0,1199231.0,0.0,0.0,0.0,0.0,0.0,0.0,0.0,0.0,0.0,0.0,0.0,0.0,0.0
Q9XID3_641_H3N4F1Pen1,0.0,0.0,0.0,0.0,0.0,0.0,0.0,566090.3,0.0,0.0,2514693.0,0.0,0.0,0.0,0.0,0.0,0.0,0.0
Q9XIF0_234_H6N2,0.0,0.0,0.0,0.0,0.0,0.0,17110500.0,0.0,0.0,0.0,0.0,0.0,14630800.0,0.0,0.0,0.0,0.0,0.0
Q9XIH6_21_H3N2F1Pen1,0.0,0.0,0.0,0.0,0.0,0.0,0.0,0.0,0.0,0.0,0.0,0.0,0.0,0.0,6626924.0,0.0,0.0,4192721.0
Q9XIH7_2_H9N2,0.0,0.0,0.0,0.0,0.0,0.0,14202280.0,0.0,0.0,6523654.0,0.0,0.0,0.0,0.0,0.0,0.0,0.0,0.0
Q9XIJ5_422_H3N3F1Pen1,0.0,0.0,0.0,0.0,0.0,0.0,0.0,0.0,0.0,0.0,0.0,0.0,0.0,0.0,0.0,0.0,0.0,2099525.0
Q9XIL5_106_H3N2F1Pen1,0.0,0.0,0.0,0.0,0.0,0.0,0.0,0.0,0.0,0.0,0.0,0.0,0.0,0.0,0.0,0.0,14595570.0,0.0
Q9XIN8_190_H3N2F1Pen1,0.0,0.0,0.0,0.0,0.0,0.0,0.0,53766620.0,0.0,0.0,201072200.0,0.0,0.0,0.0,29478810.0,0.0,0.0,67117880.0
Q9XIR1_304_H6N2,0.0,0.0,171287.1,0.0,0.0,9416307.0,5922952.0,0.0,0.0,29551830.0,0.0,0.0,0.0,0.0,0.0,0.0,0.0,0.0
Q9XJ29_310_H6N2,0.0,0.0,0.0,0.0,0.0,0.0,0.0,0.0,0.0,0.0,0.0,0.0,0.0,0.0,0.0,0.0,14338700.0,0.0
Q9ZNU6_6_H3N2F1Pen1,622388.9,0.0,0.0,4763048.0,0.0,0.0,0.0,0.0,0.0,0.0,0.0,0.0,0.0,0.0,0.0,0.0,0.0,0.0
Q9ZNU6_6_H3N2Pen1,0.0,19243830.0,0.0,0.0,0.0,0.0,0.0,0.0,20697210.0,0.0,0.0,0.0,0.0,0.0,0.0,0.0,0.0,0.0
Q9ZNV4_17_H8N2,0.0,0.0,0.0,0.0,0.0,0.0,0.0,0.0,0.0,0.0,0.0,0.0,0.0,0.0,556857.7,0.0,0.0,3434682.0
Q9ZNW0_158_H4N3F1Pen1,0.0,657363.2,0.0,0.0,9623207.0,0.0,0.0,0.0,0.0,0.0,0.0,0.0,0.0,0.0,0.0,0.0,0.0,0.0
Q9ZNW0_158_H5N4F2Pen1,0.0,0.0,0.0,0.0,0.0,0.0,0.0,6625785.0,4864041.0,0.0,1878705.0,1931892.0,0.0,0.0,0.0,0.0,0.0,0.0
Q9ZNW0_158_H5N4F3Pen1,0.0,7843827.0,0.0,0.0,4920028.0,0.0,0.0,9080118.0,0.0,0.0,8399274.0,0.0,0.0,7818499.0,0.0,0.0,1027482.0,0.0
Q9ZPE7_106_H3N2Pen1,0.0,0.0,0.0,7020612.0,0.0,0.0,0.0,0.0,0.0,0.0,0.0,0.0,0.0,0.0,0.0,0.0,0.0,0.0
Q9ZPR6_165_H3N4F1Pen1,0.0,0.0,0.0,0.0,0.0,0.0,0.0,0.0,0.0,0.0,0.0,0.0,0.0,6414103.0,0.0,0.0,0.0,0.0
Q9ZPS9_234_H8N2,0.0,0.0,0.0,0.0,0.0,0.0,0.0,5119474.0,0.0,0.0,0.0,0.0,0.0,0.0,0.0,0.0,0.0,0.0
Q9ZPX5_491_H3N2F1Pen1,22140000.0,0.0,0.0,9617779.0,0.0,0.0,0.0,2936278.0,0.0,0.0,22452410.0,0.0,0.0,2174592.0,0.0,0.0,15855450.0,0.0
Q9ZPX5_491_H3N3F1Pen1,0.0,0.0,0.0,0.0,0.0,0.0,0.0,0.0,6443070.0,0.0,0.0,5801763.0,0.0,0.0,0.0,0.0,0.0,0.0
Q9ZPX5_491_H3N4F1Pen1,0.0,0.0,0.0,0.0,0.0,0.0,0.0,38574750.0,0.0,0.0,48186540.0,0.0,17855650.0,0.0,0.0,222352.1,0.0,0.0
Q9ZPX5_491_H4N4F2Pen1,0.0,0.0,0.0,0.0,0.0,0.0,0.0,6026761.0,0.0,0.0,20481490.0,0.0,0.0,0.0,6455368.0,0.0,0.0,19584260.0
Q9ZPX5_491_H5N3F1Pen1,0.0,0.0,0.0,0.0,0.0,0.0,0.0,0.0,4713534.0,0.0,0.0,0.0,0.0,0.0,0.0,0.0,0.0,0.0
Q9ZPX5_491_H7N2,0.0,0.0,0.0,0.0,0.0,0.0,4898437.0,0.0,0.0,250271.3,0.0,0.0,0.0,0.0,0.0,0.0,0.0,0.0
Q9ZPZ1_29_H4N3F1Pen1,4779750.0,0.0,0.0,638583.3,0.0,0.0,0.0,0.0,0.0,0.0,0.0,0.0,0.0,0.0,0.0,0.0,0.0,0.0
Q9ZPZ1_29_H8N2,0.0,0.0,0.0,0.0,0.0,0.0,0.0,0.0,0.0,0.0,0.0,0.0,0.0,15959590.0,0.0,0.0,5735873.0,0.0
Q9ZQ46_568_H3N2Pen1,0.0,0.0,0.0,0.0,0.0,0.0,0.0,0.0,0.0,0.0,0.0,0.0,0.0,3861961.0,0.0,0.0,0.0,0.0
Q9ZQ46_568_H4N2Pen1,0.0,0.0,0.0,0.0,0.0,0.0,0.0,0.0,0.0,0.0,0.0,0.0,0.0,4158578.0,0.0,0.0,503863.8,0.0
Q9ZQ85_160_H4N4F2Pen1,0.0,0.0,0.0,0.0,0.0,0.0,0.0,0.0,0.0,4293763.0,0.0,0.0,0.0,0.0,0.0,0.0,0.0,0.0
Q9ZQ85_160_H5N4F2Pen1,0.0,0.0,0.0,0.0,0.0,0.0,0.0,0.0,0.0,0.0,0.0,0.0,0.0,0.0,0.0,0.0,0.0,2098938.0
Q9ZQ89_192_H8N2,0.0,0.0,0.0,6113982.0,0.0,0.0,0.0,0.0,0.0,9297044.0,0.0,0.0,0.0,0.0,0.0,0.0,0.0,0.0
Q9ZQ89_192_H9N2,0.0,0.0,0.0,0.0,0.0,0.0,0.0,0.0,0.0,13684770.0,0.0,0.0,0.0,0.0,0.0,0.0,0.0,0.0
Q9ZQA3_137_H3N2Pen1,0.0,0.0,0.0,0.0,0.0,0.0,0.0,0.0,0.0,0.0,0.0,0.0,0.0,1274794.0,0.0,0.0,6719995.0,0.0
Q9ZQA3_266_H3N2F1Pen1,0.0,0.0,0.0,0.0,0.0,0.0,0.0,0.0,0.0,0.0,0.0,0.0,0.0,0.0,203025.7,0.0,0.0,3092063.0
Q9ZQA8_587_H3N4F1Pen1,0.0,0.0,0.0,0.0,8175419.0,7037265.0,0.0,0.0,0.0,0.0,0.0,0.0,0.0,0.0,0.0,0.0,0.0,0.0
Q9ZQG8_31_H4N4Pen1,0.0,0.0,0.0,0.0,0.0,0.0,0.0,0.0,0.0,0.0,0.0,0.0,4848030.0,0.0,0.0,0.0,0.0,0.0
Q9ZQH1_142_H3N4F1Pen1,0.0,0.0,0.0,0.0,0.0,0.0,0.0,0.0,0.0,0.0,0.0,0.0,10108380.0,0.0,0.0,444660.9,0.0,0.0
Q9ZQH1_67_H3N2F1Pen1,0.0,3776783.0,0.0,0.0,0.0,0.0,0.0,0.0,0.0,0.0,0.0,0.0,0.0,0.0,0.0,0.0,0.0,0.0
Q9ZQI7_114_H4N2Pen1,0.0,0.0,6806590.0,0.0,0.0,868710.3,8792990.0,0.0,0.0,941868.5,0.0,0.0,0.0,0.0,0.0,0.0,0.0,0.0
Q9ZQQ7_119_H4N2Pen1,1324913.0,0.0,0.0,11634260.0,0.0,0.0,0.0,0.0,0.0,0.0,0.0,0.0,0.0,0.0,0.0,0.0,0.0,0.0
Q9ZQR3_118_H3N4F1Pen1,0.0,0.0,0.0,0.0,0.0,0.0,0.0,0.0,0.0,0.0,0.0,0.0,0.0,4030169.0,0.0,0.0,0.0,0.0
Q9ZQR3_68_H3N2F1Pen1,9426760.0,0.0,0.0,32041350.0,0.0,0.0,0.0,0.0,0.0,0.0,0.0,0.0,0.0,0.0,0.0,0.0,0.0,0.0
Q9ZR72_640_H4N4F2Pen1,0.0,0.0,0.0,0.0,0.0,0.0,0.0,3177631.0,0.0,0.0,717594.8,0.0,0.0,0.0,0.0,0.0,0.0,0.0
Q9ZRP7_34_H10N2,0.0,0.0,0.0,0.0,0.0,0.0,0.0,0.0,0.0,0.0,0.0,0.0,0.0,0.0,12149410.0,0.0,0.0,22570640.0
Q9ZRV4_550_H7N2,0.0,0.0,0.0,0.0,0.0,0.0,0.0,0.0,9122203.0,0.0,0.0,21942680.0,9697613.0,0.0,0.0,14619500.0,0.0,0.0
Q9ZRV4_550_H8N2,50161120.0,0.0,0.0,80805410.0,0.0,0.0,89377740.0,0.0,0.0,234012900.0,0.0,0.0,0.0,53973660.0,0.0,0.0,112134900.0,0.0
Q9ZS62_13_H3N2F1Pen1,0.0,0.0,0.0,0.0,0.0,0.0,0.0,0.0,0.0,0.0,0.0,0.0,0.0,0.0,0.0,0.0,25009990.0,0.0
Q9ZSA4_351_H3N2F1Pen1,0.0,0.0,0.0,0.0,0.0,0.0,0.0,0.0,683565.6,0.0,0.0,30885910.0,0.0,0.0,0.0,0.0,0.0,0.0
Q9ZSB0_202_H7N2,0.0,0.0,0.0,0.0,0.0,0.0,0.0,15271250.0,0.0,0.0,15305210.0,0.0,0.0,0.0,0.0,0.0,0.0,0.0
Q9ZSK1_19_H3N2F1Pen1,0.0,0.0,0.0,0.0,0.0,0.0,0.0,0.0,0.0,0.0,0.0,0.0,0.0,1853817.0,0.0,0.0,17450130.0,0.0
Q9ZT07_79_H3N3F1Pen1,0.0,0.0,0.0,0.0,0.0,0.0,0.0,0.0,3214242.0,0.0,0.0,0.0,0.0,0.0,0.0,0.0,0.0,0.0
Q9ZT71_466_H3N4F1Pen1,0.0,0.0,0.0,0.0,5364542.0,0.0,0.0,0.0,725542.6,0.0,0.0,11575250.0,0.0,0.0,0.0,0.0,0.0,11702120.0
Q9ZT84_339_H3N2F1Pen1,0.0,1381139.0,0.0,0.0,7494457.0,0.0,3101916.0,0.0,0.0,20241920.0,0.0,0.0,0.0,0.0,4519532.0,0.0,0.0,17331850.0
Q9ZT84_339_H3N3F1Pen1,0.0,0.0,0.0,0.0,0.0,0.0,0.0,0.0,0.0,0.0,0.0,6307562.0,0.0,0.0,0.0,0.0,0.0,3794310.0
Q9ZT94_485_H3N2F1Pen1,0.0,0.0,2293420.0,0.0,0.0,3651535.0,0.0,0.0,0.0,0.0,0.0,0.0,0.0,0.0,0.0,0.0,0.0,0.0
Q9ZT94_485_H3N3F1Pen1,0.0,0.0,2091846.0,0.0,0.0,2139185.0,0.0,0.0,0.0,0.0,0.0,0.0,0.0,0.0,0.0,0.0,0.0,0.0
Q9ZTN2_148_H3N4F1Pen1,0.0,0.0,0.0,0.0,0.0,0.0,0.0,0.0,0.0,0.0,0.0,0.0,17067620.0,0.0,0.0,7013289.0,0.0,0.0
Q9ZTZ7_161_H3N4F1Pen1,0.0,0.0,0.0,0.0,0.0,0.0,0.0,0.0,0.0,0.0,0.0,0.0,2426920.0,0.0,0.0,9256935.0,0.0,0.0
Q9ZTZ7_161_H4N4F1Pen1,0.0,8413778.0,0.0,0.0,7590974.0,0.0,0.0,0.0,0.0,0.0,0.0,0.0,0.0,0.0,0.0,0.0,0.0,0.0
Q9ZTZ7_161_H8N2,0.0,0.0,0.0,0.0,0.0,0.0,0.0,0.0,0.0,0.0,0.0,2082805.0,0.0,0.0,0.0,0.0,0.0,0.0
Q9ZU65_43_H6N2,16578530.0,8785729.0,0.0,582535.1,0.0,0.0,0.0,0.0,0.0,0.0,0.0,0.0,0.0,0.0,0.0,0.0,0.0,0.0
Q9ZU65_43_H7N2,6743189.0,0.0,7998644.0,2270035.0,0.0,0.0,0.0,0.0,0.0,0.0,0.0,0.0,0.0,0.0,0.0,0.0,0.0,0.0
Q9ZU67_169_H3N2Pen1,0.0,0.0,0.0,0.0,0.0,0.0,0.0,0.0,0.0,0.0,0.0,0.0,52438360.0,0.0,0.0,0.0,0.0,0.0
Q9ZU88_145_H4N3F1Pen1,0.0,0.0,141392.8,0.0,0.0,4524286.0,0.0,0.0,0.0,0.0,0.0,0.0,0.0,0.0,0.0,0.0,0.0,0.0
Q9ZU96_495_H3N2Pen1,1812168.0,0.0,0.0,4100474.0,0.0,0.0,0.0,0.0,0.0,0.0,0.0,0.0,0.0,0.0,0.0,0.0,0.0,0.0
Q9ZU97_37_H4N4F2Pen1,0.0,0.0,0.0,0.0,0.0,0.0,0.0,0.0,0.0,0.0,0.0,0.0,0.0,12397210.0,0.0,0.0,2486462.0,0.0
Q9ZUA3_500_H5N4F3Pen1,0.0,0.0,0.0,0.0,0.0,0.0,0.0,0.0,0.0,0.0,0.0,0.0,0.0,0.0,0.0,4686062.0,0.0,0.0
Q9ZUB8_414_H3N2F1Pen1,0.0,0.0,14208660.0,0.0,0.0,0.0,0.0,0.0,0.0,0.0,0.0,0.0,0.0,0.0,0.0,0.0,0.0,0.0
Q9ZUC1_167_H3N3F1Pen1,0.0,0.0,0.0,0.0,0.0,0.0,2746715.0,0.0,0.0,4061374.0,0.0,0.0,0.0,0.0,0.0,0.0,0.0,0.0
Q9ZUG4_356_H3N2F1Pen1,0.0,0.0,0.0,0.0,0.0,0.0,0.0,0.0,0.0,0.0,48257220.0,0.0,0.0,0.0,0.0,20418250.0,0.0,0.0
Q9ZUT8_714_H3N2F1Pen1,831108.7,0.0,0.0,36033340.0,0.0,0.0,0.0,866276.7,0.0,0.0,64214220.0,0.0,0.0,0.0,0.0,0.0,0.0,0.0
Q9ZUV3_12_H3N3F1Pen1,0.0,0.0,0.0,0.0,0.0,0.0,0.0,0.0,0.0,0.0,0.0,0.0,0.0,0.0,0.0,0.0,11877200.0,0.0
Q9ZUV9_415_H6N2,0.0,0.0,0.0,0.0,0.0,0.0,0.0,0.0,0.0,0.0,0.0,20556450.0,0.0,0.0,0.0,0.0,0.0,0.0
Q9ZUY1_34_H3N3F1Pen1,5183595.0,0.0,0.0,415567.9,0.0,0.0,0.0,0.0,0.0,0.0,0.0,0.0,0.0,0.0,0.0,0.0,0.0,0.0
Q9ZUZ0_256_H3N2F1Pen1,0.0,0.0,0.0,0.0,0.0,0.0,0.0,5326655.0,0.0,0.0,532672.4,0.0,0.0,0.0,0.0,0.0,0.0,0.0
Q9ZUZ0_396_H3N2F1Pen1,0.0,0.0,0.0,0.0,0.0,0.0,2496721.0,0.0,0.0,15622870.0,0.0,0.0,0.0,0.0,0.0,0.0,0.0,0.0
Q9ZV43_1175_H6N3,1343986.0,0.0,0.0,9841274.0,0.0,0.0,0.0,0.0,0.0,0.0,0.0,0.0,0.0,0.0,0.0,0.0,0.0,0.0
Q9ZVB5_67_H3N2Pen1,0.0,0.0,0.0,0.0,43041600.0,0.0,0.0,367454.0,0.0,0.0,16763000.0,14496170.0,0.0,0.0,0.0,0.0,0.0,18875760.0
Q9ZVB5_67_H3N3F1Pen1,1003992.0,0.0,0.0,3237694.0,0.0,0.0,0.0,0.0,0.0,0.0,0.0,0.0,0.0,0.0,0.0,0.0,0.0,0.0
Q9ZVB5_67_H5N2,0.0,0.0,0.0,0.0,0.0,0.0,0.0,0.0,0.0,0.0,3718741.0,0.0,0.0,0.0,0.0,0.0,0.0,0.0
Q9ZVF7_145_H4N3Pen1,0.0,0.0,76791410.0,0.0,0.0,22368980.0,0.0,0.0,0.0,0.0,0.0,0.0,0.0,0.0,0.0,0.0,0.0,0.0
Q9ZVF7_145_H9N2,0.0,0.0,0.0,0.0,0.0,0.0,0.0,0.0,0.0,0.0,0.0,0.0,1968159.0,0.0,0.0,0.0,0.0,0.0
Q9ZVF7_238_H7N2,0.0,0.0,0.0,0.0,0.0,0.0,0.0,0.0,0.0,0.0,10475260.0,0.0,0.0,0.0,0.0,0.0,0.0,0.0
Q9ZVH7_68_H4N4F1Pen1,0.0,7042524.0,0.0,0.0,0.0,0.0,0.0,0.0,0.0,0.0,0.0,0.0,0.0,0.0,0.0,0.0,0.0,0.0
Q9ZVJ3_215_H3N2F1Pen1,0.0,0.0,0.0,0.0,0.0,0.0,0.0,0.0,0.0,0.0,0.0,0.0,0.0,0.0,0.0,0.0,80550810.0,0.0
Q9ZVJ3_215_H4N2Pen1,0.0,0.0,0.0,0.0,0.0,0.0,0.0,0.0,0.0,0.0,0.0,0.0,0.0,0.0,0.0,0.0,19759280.0,32959340.0
Q9ZVJ3_215_H4N4Pen1,0.0,0.0,0.0,2896022.0,0.0,0.0,0.0,0.0,398484.7,0.0,0.0,38770850.0,0.0,0.0,0.0,0.0,0.0,36139240.0
Q9ZVJ4_120_H8N2,116492.5,0.0,0.0,3069657.0,0.0,0.0,0.0,0.0,0.0,0.0,0.0,0.0,0.0,0.0,0.0,0.0,0.0,0.0
Q9ZVS8_181_H3N2F1Pen1,0.0,0.0,0.0,0.0,0.0,0.0,0.0,479820.6,0.0,0.0,4579306.0,0.0,0.0,0.0,0.0,0.0,0.0,0.0
Q9ZVT1_567_H8N2,0.0,12183650.0,0.0,0.0,1287914.0,0.0,0.0,0.0,0.0,0.0,0.0,0.0,0.0,0.0,0.0,0.0,0.0,0.0
Q9ZVX5_384_H3N3F1Pen1,0.0,0.0,0.0,0.0,0.0,0.0,0.0,0.0,0.0,0.0,0.0,3928582.0,0.0,0.0,0.0,0.0,0.0,0.0
Q9ZW06_267_H3N3F1Pen1,0.0,0.0,0.0,0.0,0.0,0.0,0.0,0.0,0.0,0.0,0.0,0.0,0.0,0.0,0.0,16042010.0,0.0,0.0
Q9ZW26_41_H8N2,0.0,0.0,0.0,0.0,0.0,0.0,0.0,0.0,1379126.0,0.0,0.0,0.0,0.0,0.0,0.0,0.0,0.0,0.0
Q9ZW96_36_H3N2F1Pen1,0.0,160376400.0,0.0,0.0,73497470.0,0.0,0.0,0.0,0.0,0.0,0.0,0.0,0.0,0.0,0.0,0.0,0.0,0.0
Q9ZW96_36_H3N3F1Pen1,0.0,0.0,27384300.0,0.0,0.0,17676220.0,0.0,0.0,0.0,0.0,0.0,0.0,0.0,0.0,0.0,0.0,0.0,0.0
Q9ZW96_36_H3N4F1Pen1,0.0,13313210.0,0.0,0.0,0.0,0.0,0.0,0.0,0.0,0.0,0.0,0.0,0.0,0.0,0.0,0.0,0.0,0.0
Q9ZW96_36_H4N2Pen1,0.0,0.0,0.0,24785430.0,0.0,0.0,0.0,0.0,0.0,0.0,0.0,0.0,0.0,0.0,0.0,0.0,0.0,0.0
Q9ZW96_36_H4N3Pen1,0.0,0.0,0.0,0.0,0.0,0.0,7070359.0,0.0,0.0,4748992.0,5072954.0,0.0,0.0,0.0,0.0,0.0,0.0,6330071.0
Q9ZW96_36_H4N4Pen1,0.0,0.0,11320620.0,0.0,0.0,4252385.0,0.0,0.0,0.0,0.0,0.0,0.0,0.0,40712960.0,0.0,0.0,29791170.0,0.0
Q9ZWB7_123_H3N3F1Pen1,0.0,0.0,0.0,0.0,0.0,0.0,0.0,0.0,672105.8,0.0,0.0,14777290.0,0.0,0.0,0.0,0.0,0.0,0.0
Q9ZWB9_622_H4N4F2Pen1,0.0,0.0,0.0,0.0,0.0,0.0,0.0,0.0,0.0,0.0,0.0,0.0,0.0,435716.2,0.0,0.0,10111460.0,0.0
Q9ZWG1_276_H9N2,0.0,1464944.0,0.0,0.0,6557993.0,0.0,0.0,0.0,0.0,0.0,0.0,0.0,0.0,0.0,0.0,0.0,0.0,0.0
Q9ZWQ8_115_H3N2F1Pen1,0.0,4566859.0,0.0,0.0,6438710.0,0.0,0.0,0.0,11818210.0,0.0,0.0,11131690.0,0.0,0.0,0.0,0.0,0.0,0.0
R4JJJ1_525_H3N2F1Pen1,0.0,0.0,0.0,0.0,0.0,0.0,5499308.0,0.0,0.0,28128860.0,0.0,0.0,0.0,0.0,2727301.0,0.0,0.0,34778450.0
R9QMW4_173_H8N2,0.0,0.0,0.0,0.0,0.0,0.0,0.0,716726.8,0.0,0.0,6720346.0,0.0,0.0,0.0,0.0,0.0,0.0,0.0
T1RRJ4_31_H8N2,0.0,11071010.0,0.0,0.0,1427177.0,0.0,0.0,0.0,0.0,0.0,0.0,0.0,0.0,0.0,0.0,0.0,0.0,0.0
U5N4E3_134_H9N2,0.0,4999854.0,0.0,0.0,1217256.0,0.0,0.0,0.0,0.0,0.0,0.0,0.0,0.0,0.0,0.0,0.0,0.0,0.0
V9M398_602_H3N4F1Pen1,0.0,0.0,0.0,0.0,0.0,0.0,0.0,0.0,0.0,0.0,0.0,0.0,0.0,0.0,0.0,0.0,0.0,2761825.0
V9M398_883_H8N2,15521150.0,0.0,0.0,579910.7,0.0,0.0,0.0,0.0,0.0,0.0,0.0,0.0,0.0,0.0,0.0,0.0,0.0,0.0
V9VGU0_399_H3N3F1Pen1,0.0,0.0,0.0,6126708.0,0.0,0.0,0.0,0.0,0.0,0.0,0.0,0.0,0.0,0.0,0.0,0.0,0.0,0.0
V9VGU0_399_H3N4F1Pen1,0.0,0.0,0.0,0.0,0.0,0.0,0.0,0.0,0.0,0.0,18752860.0,0.0,0.0,0.0,0.0,0.0,0.0,0.0
W8JMV4_410_H5N4F2Pen1,0.0,0.0,0.0,0.0,0.0,0.0,0.0,0.0,0.0,0.0,0.0,0.0,0.0,0.0,3221454.0,0.0,0.0,0.0
W8JMV4_410_H5N4F3Pen1,17449500.0,0.0,0.0,1159579.0,0.0,0.0,0.0,0.0,0.0,0.0,0.0,0.0,0.0,0.0,22371940.0,0.0,0.0,509335.6
W8JWV8_114_H3N2F1Pen1,0.0,0.0,0.0,0.0,0.0,0.0,0.0,0.0,0.0,0.0,0.0,0.0,0.0,0.0,66410640.0,0.0,0.0,0.0
X2EVV9_63_H3N4F1Pen1,0.0,0.0,6546667.0,0.0,0.0,0.0,0.0,0.0,0.0,0.0,0.0,0.0,0.0,0.0,0.0,0.0,0.0,0.0
X2EW55_259_H3N3F1Pen1,0.0,0.0,0.0,0.0,0.0,0.0,0.0,4157933.0,0.0,0.0,194184.3,0.0,0.0,0.0,0.0,0.0,0.0,0.0
X2JI34_379_H4N4Pen1,0.0,0.0,0.0,0.0,0.0,0.0,0.0,0.0,0.0,0.0,0.0,40192740.0,0.0,0.0,0.0,0.0,0.0,0.0
X5JA13_239_H3N2Pen1,0.0,0.0,0.0,0.0,0.0,0.0,0.0,0.0,0.0,0.0,0.0,0.0,0.0,478543.9,0.0,0.0,1034760.0,0.0
