ID,WT_1,WT_2,WT_3,WT_4,WT_5,STT3AKO_1,STT3AKO_2,STT3AKO_3,STT3AKO_4,STT3AKO_5,STT3BKO_1,STT3BKO_2,STT3BKO_3,STT3BKO_4,STT3BKO_5
A2RU67_396_H12N2,,90.366,,,,,,,,,148.664,,82.6223,,
A2RU67_396_H3N4A2,,,,,143.573,,,,,,,,,,
A2RU67_396_H4N4F2A1,,,,,126.693,,,,,,,,,,101.925
A2RU67_396_H5N4F1A2,,,48.2547,,,,,,,,,,,,
A2RU67_396_H7N6,95.3734,80.9532,63.0626,,,,,,,,186.718,,66.86,,140.546
O00461_257_H5N4F1A2,,,,,253.095,,,,,,,,,,
O00461_257_H5N4F4,,212.028,102.742,,,,,,,,,,,,
O00461_257_H7N6,,,114.75,,,,,,,,,,,,
O00461_257_H7N6F1,,,,,175.823,,,67.2052,,213.839,,,,,
O00469_209_H4N5F3,,,,,244.361,,147.868,,,,,473.787,,78.1518,420.032
O00469_209_H4N6,,,,135.554,,,,292.648,,,,,,,
O00469_209_H7N2,159.843,,,,,,,,,,,,,,
O00469_209_H7N6A4,,54.2335,,,,,,,,,,,,,
O00469_209_H8N2,1906.81,784.646,668.923,637.678,842.658,431.373,242.011,525.873,470.002,643.686,415.004,908.8,1452.04,770.365,427.358
O00469_209_H9N2,391.025,720.284,864.988,724.096,727.041,334.053,262.349,444.549,389.939,337.545,911.391,1245.4,1095.59,699.131,308.236
O00469_522_H4N6,,63.4782,521.853,92.0659,85.3018,,,,,,,,,,
O00469_522_H5N5,146.404,,,,,,,,,,,,,,
O00469_522_H6N2,878.903,760.591,132.877,469.673,,,,,,,,,,,
O00469_522_H9N2,127.248,503.521,325.594,,,,,,,,,,,,
O00469_63_H3N4F3,,,91.513,,,,,,,,,,,,
O00469_63_H4N5F3,121.716,72.899,,,,,,,,,142.305,,,,
O00469_63_H5N5,,,45.9535,,,,,,,,,,,,
O00469_63_H6N2,226.884,,135.12,,205.656,,78.622,,,107.35,,,,,
O00469_63_H7N2,,,,,132.277,,,,107.282,140.371,,,,,128.465
O00469_63_H8N2,190.325,80.6796,436.368,,451.535,205.393,176.715,321.071,168.945,361.513,546.181,426.823,,226.259,234.101
O00469_63_H9N2,191.719,,,169.317,185.045,,119.378,285.752,,216.533,,175.91,281.852,308.25,215.069
O00469_696_H3N4A2,,,,,302.646,,,,,,,,,,
O00469_696_H4N3F3,,,,,212.375,,,,,189.013,,,,,
O00469_696_H5N2,,269.711,228.335,,80.2594,,,,,,,124.591,,,
O00469_696_H6N2,147.297,81.3171,399.882,90.4367,312.922,,,,,238.384,225.199,78.7804,,,
O00469_696_H6N5F7,131.318,,,,,,,,,,,,,,
O00469_696_H7N2,265.876,116.774,166.338,141.512,316.678,,271.633,,54.9859,158.068,,,,,
O00469_696_H8N2,305.538,100.891,376.786,78.148,400.232,402.967,67.0764,202.016,42.3391,623.152,280.867,147.694,,,79.8147
O00469_696_H9N2,,243.813,,107.012,356.984,,124.86,,,170.907,,,,,
O00754_133_H3N2F1,1411.36,794.014,978.538,2040.44,581.395,228.402,227.377,236.566,278.684,,720.619,426.869,946.905,,720.214
O00754_367_H6N2,106.761,200.292,258.412,164.983,,69.3453,68.8131,,,,295.52,375.517,495.604,401.091,
O00754_766_H3N2F1,774.615,,250.134,557.398,,,,,,,45.1605,560.359,,532.083,
O14524_125_H3N4A2,,,,,577.984,,,,,438.022,,,,,366.529
O14524_125_H5N4F2,425.646,,,,,,,,,,,,,,
O14524_125_H8N2,,514.003,183.534,317.096,,388.978,207.075,499.316,787.62,334.798,659.481,,251.725,597.414,
O14524_125_H9N2,297.18,,494.346,583.631,572.56,272.341,348.044,281.814,320.584,588.453,339.993,,,,563.793
O14657_64_H7N2,307.083,,,,,,,,,,,,,,
O14657_64_H8N2,567.234,1687.09,1377.97,1352,,,1151.04,1610.19,1111.43,,727.465,,1704.18,2077.92,
O14657_64_H9N2,343.951,1479.24,1570.14,948.989,,,954.006,1298.41,,,678.775,593.134,1433.99,,
O14672_267_H8N2,53.5355,,,,,,,,,,,,,,
O14672_267_H9N2,177.501,,165.933,149.157,,138.975,117.127,467.32,170.086,240.29,107.687,107.372,106.745,128.757,
O14672_439_H10N2,99.7986,,,,,127.105,84.8978,117.043,195.2,169.37,102.835,,56.9625,,
O14672_439_H6N2,516.709,916.294,559.085,1485.02,714.876,397.992,986.821,610.953,400.088,,676.423,1205.08,328.352,1269.85,1329.68
O14672_439_H7N2,526.811,422.585,,398.33,370.668,414.482,335.628,439.19,494.375,395.172,472.858,,428.799,520.493,395.907
O14672_439_H8N2,346.044,395.018,133.932,180.702,471.907,259.729,342.31,169.589,213.204,311.851,246.817,121.706,340.779,,337.009
O14672_439_H9N2,343.202,334.772,255.617,430.187,363.934,393.845,318.799,255.22,158.012,225.903,279.152,182.225,250.763,279.563,100.632
O14773_313_H3N2,,,,888.395,,,,379.971,,,,,,,
O14773_313_H4N2,481.802,422.141,,,,1779,137.696,430.644,,,,,,,
O14773_313_H5N2,,577.854,454.845,,,9743.76,4925.92,4643.78,,,,,,,
O15031_1002_H4N3F3,227.342,349.952,,256.334,,327.159,282.49,291.508,474.081,,,,,,
O15031_1002_H4N6,,,109.398,,,,,,,,,,,,
O15031_1002_H8N2,861.616,787.771,771.462,945.32,580.933,746.346,1022.59,1433.92,1114.91,554.416,191.642,,,595.922,
O15031_1002_H9N2,990.886,1516.89,827.382,743.359,1002.9,996.384,1484.09,3247.3,2781.56,1185.65,1470.64,2026.23,847.423,860.297,979.879
O15031_1049_H4N6,,,,155.774,,356.198,,,,,,,,,
O15031_1049_H5N4F2,138.991,,,,,,,,,,,,,,
O15031_1049_H5N4F3,241.156,132.918,,65.216,,,,,,,331.905,336.552,646.432,378.304,
O15031_1049_H9N2,244.106,,,,,346.874,236.131,121.522,232.756,,,189.984,,,
O15031_1068_H4N6,,,364.766,,,,,,,,,,,,
O15031_1068_H5N4F3,183.308,2382.56,1071.66,1178.83,334.379,,,,,,,1170.16,384.157,,
O15031_127_H12N2,278.835,,,,,,,,,,,,,,
O15031_127_H5N4F1A1,117.009,,,,,,61.3564,,59.8286,,,,,,
O15031_127_H5N5F1,,256.227,,,,406.665,,,437.002,,633.814,,762.731,,
O15031_127_H8N2,442.697,366.241,337.584,247.135,301.65,183.891,315.504,258.223,336.835,189.395,231.693,192.659,270.252,445.615,212.641
O15031_127_H9N2,,104.023,59.7974,88.797,95.0977,131.269,102.045,149.206,276.906,,129.33,,121.134,,
O15031_528_H3N4A2,,,,,227.881,,,,,138.036,,,,,197.905
O15031_528_H4N3F3,,,,,76.1944,,,,,,,,,,
O15031_528_H5N4A1,,168.484,77.7471,132.118,291.555,187.354,,,,,322.87,227.582,251.509,,
O15031_528_H5N4A2,298.38,319.017,274.92,266.199,290.932,,,,,,271.884,184.133,,198.791,
O15031_528_H5N4F2,71.3473,361.036,135.22,182.834,,,,71.7543,,360.351,352.464,,,,
O15031_528_H5N4F2A1,215.538,198.993,349.975,,,,,,,,,125.228,,,
O15031_528_H5N5,429.177,,,320.089,,,,,,,,401.737,,,
O15031_528_H5N5F1,107.633,,,,,,,,,,,,,,
O15031_528_H6N4F1A1,,60.8696,,,103.134,,,,,,,,,,
O15031_528_H8N2,,160.229,91.3775,172.006,,,,,,,,,,,
O15031_528_H9N2,284.812,237.463,,,291.954,127.15,111.931,,,246.604,,72.6043,,,201.196
O15031_733_H10N2,492.3,245.865,,189.978,176.007,520.074,451.851,,641.48,,380.957,636.9,246.455,313.074,305.791
O15031_733_H12N2,314.649,,,,279.603,236.954,,,,,1759.23,,,,363.689
O15031_733_H5N4F1A1,,,,545.894,,94.9235,97.0235,270.49,262.975,,83.7621,,67.3302,,
O15031_733_H5N4F2,221.62,395.191,197.203,,,,,,,,,,,,173.733
O15031_733_H5N4F2A1,164.859,144.512,336.772,102.191,,,,,,,,,126.682,,
O15031_733_H5N4F3,490.76,599.014,664.242,,,193.577,,140.987,309.76,,104.292,,,,
O15031_733_H5N4F4,128.266,84.7741,54.6303,71.618,,,,,,,112.085,,,106.264,
O15031_733_H5N6,,,87.0078,201.379,,,,,,,,,,,
O15031_733_H8N2,278.619,,,,,,339.853,142.788,470.613,,,,,,
O15031_733_H9N2,183.009,186.591,119.942,535.214,,211.593,393.122,531.139,,,,415.229,,550.837,
O15031_844_H12N2,,105.363,,,,,,,,,,,,,
O15031_844_H5N4F1A1,144.764,,,,,,,,,,,,,,
O15031_844_H5N4F3,125.641,,,,,,,,,,,,,,
O15031_844_H8N2,,,,,78.4833,,,,,,,,,,
O15031_844_H9N2,,,,,80.1164,,,,,,,,,,
O15460_264_H5N2,298.01,338.365,,,,,167.602,,166.757,1339.41,1182.26,1058.94,794.309,303.057,
O15460_264_H6N2,975.745,196.091,1521.18,1006.49,,646.393,1014.92,,810.027,343.883,,489.951,469.21,430.698,243.435
O15460_264_H8N2,83.0176,,,,,126.08,,,,126.628,,,,,
O43657_134_H3N2F1,522.887,490.214,,438.687,,464.497,,296.368,381.753,,184,,248.799,,
O43657_134_H4N3F1A1,450.041,531.795,558.613,500.204,,,674.742,568.185,,,187.337,515.922,500.216,,
O43657_134_H4N4F3,,104.445,,,,,,,,,,,,,
O43657_134_H5N4F1A1,,,,292.336,,,,,,,,,,,
O43657_134_H5N4F3,,,479.998,,,,,,,,,,,,
O43657_134_H8N2,,,,,73.4987,,,,,,,,,,67.2957
O43657_134_H9N2,,,,,103.767,,,,,,,,,,
O43852_131_H3N3F1,,,630.778,143.183,,153.398,550.937,283.52,603.665,,,540.692,474.946,460.12,
O43852_131_H3N3F2,292.803,,305.604,,1087.29,,,,,627.968,,,,,
O43852_131_H3N4F1,958.883,1659.11,65.7567,2274.94,2112.89,639.234,,,1868.8,819.516,948.552,344.724,1324.64,,4601.25
O43852_131_H3N5F1,,,56.6693,668.96,,371.717,2117.5,,791.121,,2173.15,,86.2129,,
O43852_131_H4N3F3,,,,,155.71,,,,,,,,,,
O43852_131_H4N5,,,,,701.699,,,,,,,,,,
O43852_131_H4N5F2,228.469,,,101.945,,,,,,,,,,,
O43852_131_H5N2,101.665,,,,615.46,809.608,2584.01,1131.74,231.771,1249.16,398.719,1520.32,170.814,38.3581,404.369
O43852_131_H5N2F1,468.799,,,,,,,,,,,,,,
O43852_131_H6N2,37.8226,71.2647,,,,,,649.238,,,124.355,,,,
O43921_42_H6N2,141.058,192.247,,,,,,,,,,,,,
O43921_42_H7N2,148.312,,109.666,,,,,,,,,,,,
O60568_548_H3N4,1021.06,,,604.225,327.2,,,,,,,,,,
O60568_548_H3N4F1,,,,477.86,297.893,,,,,623.153,,,,,
O60568_548_H5N2,,78.9065,619.307,622.304,31.6377,,,,,310.206,74.9646,157.793,,1891.66,543.719
O60568_548_H6N2,1195.44,1536.05,1426.8,1059.35,2322.24,371.401,989.95,1022.9,931.387,1453.42,2402.29,1667.73,2794.25,3340.12,2818.1
O60568_548_H7N2,248.343,,247.367,237.735,367.387,,199.268,,,,345.646,197.335,549.903,706.157,401.286
O60568_548_H8N2,999.51,1867.69,1295.56,1427.82,1341.83,599.623,688.849,847.98,569.318,1244.55,191.763,2114.22,1600.13,1578.11,958.919
O60568_548_H9N2,124.573,778.114,687.112,489.12,522.217,,447.541,418.406,301.765,1156.69,386.889,916.324,984.022,890.442,1229.1
O60568_63_H3N4F1,116.79,,,,,,,,,,,,,,
O60568_63_H6N2,565.988,422.907,412.858,355.62,,516.098,268.499,518.349,404.171,,471.97,1193.48,1009.48,955.397,
O60568_63_H8N2,170.089,139.933,68.1671,49.8509,162.793,,,,,,341.913,,137.256,172.63,
O60568_63_H9N2,209.38,83.8948,,,,,,,80.1933,,217.209,155.3,,,
O60637_167_H10N2,,,,,415.731,116.815,,,,296.438,309.669,188.504,502.035,666.961,454.483
O60637_167_H4N2F1,126.59,,,,105.372,,,,,,719.98,570.378,295.99,323.981,
O60637_167_H4N3,80.3963,,118.247,107.906,,,,,,,,,,155.267,131.599
O60637_167_H4N3F1,714.763,830.435,839.272,407.688,612.152,,,,,,589.214,791.566,785.291,886.273,885.233
O60637_167_H4N4F1,,,,,552.716,,,,,,,,,,
O60637_167_H4N4F2A1,,,,,217.153,,,,,174.758,,,,,175.674
O60637_167_H5N2,161.711,,,64.0406,,558.806,1917.48,2375.19,2784.22,1729.26,457.944,,508.836,524.224,
O60637_167_H5N3,523.931,340.777,1259.02,796.062,1425.47,152.547,281.663,,,,666.741,1141.16,411.193,1263.93,2470.22
O60637_167_H5N3A1,216.669,427.647,,373.088,,,,,,,808.185,500.203,921.35,971.434,862.755
O60637_167_H5N3F1,294.095,1757.69,1515.44,1089.71,5189.15,750.869,1805.83,704.022,776.707,3917.44,651.099,4757.26,2656.61,11758.6,2808.87
O60637_167_H5N3F1A1,247.847,356.283,183.602,412.509,528.622,,,69.3644,,,1064.82,889.889,2430.21,1582.24,1174.18
O60637_167_H5N3F3,76.155,103.213,,,504.189,101.206,,85.4599,,,236.816,160.581,481.385,773.249,1056.76
O60637_167_H5N4,222.64,,,,,,,,,,,,,,
O60637_167_H5N4A1,,,,,187.689,,,,,,,,,,
O60637_167_H5N4F1,242.983,648.797,772.784,367.069,740.177,308.989,326.691,273.731,152.464,,406.895,973.819,1720.19,1650.04,1636.49
O60637_167_H5N4F1A1,,,,,171.889,,,,,,374.442,163.684,389.727,,
O60637_167_H5N4F3,,,,,346.643,,,38.4457,,,,,,,
O60637_167_H5N5F2A1,262.368,,,,,,,,,,,,,,
O60637_167_H6N2,259.159,,,,,70.683,,,,,79.8501,,,89.1441,
O60637_167_H6N3,780.228,1310.36,1837.29,1033.22,3546.13,748.397,2144.17,2205.01,1846.34,6996.76,1102.93,4722.1,5966.78,2903.53,2719.81
O60637_167_H6N3A1,427.584,,560.79,546.542,509.001,,,,,1193.44,2391.25,1858.54,144.33,1900.33,1478.18
O60637_167_H6N3F1,459.459,2488.75,2382.89,2273.76,3618.76,404.802,2669.43,3844.97,2023.87,1881.91,873.995,9348.6,4317.43,3157.06,3111.06
O60637_167_H6N3F1A1,129.105,257.923,153.156,140.409,,194.162,805.738,331.929,254.534,734.302,1089.99,1100.09,878.499,966.925,698.886
O60637_167_H6N3F2,,,,,504.351,,,,52.0266,,,49.8305,,,208.4
O60637_167_H6N3F3,,213.305,,,204.705,,,220.105,235.776,,,228.115,,88.3347,
O60637_167_H6N4,,,,,153.774,,,,,,,864.643,865.123,884.737,
O60637_167_H6N4F1,357.124,1130.95,1006.24,708.242,1098.71,651.761,1354.69,1077.44,1320.43,586.182,5250.04,2927.57,830.191,924.972,844.818
O60637_167_H6N4F1A1,,,,323.471,,428.914,357.624,367.25,225.708,399.025,769.687,598.403,716.82,851.943,828.323
O60637_167_H6N4F3,,,344.801,,,277.146,437.541,,177.942,,,281.084,,,
O60637_167_H6N5,,,,,161.698,,,,,,85.7938,,,,103.226
O60637_167_H6N5F1,59.1452,222.925,,,283.045,42.1857,,,,,527.744,572.103,,506.316,246.352
O60637_167_H6N5F1A1,,,,87.7656,,,,,,,,205.373,,,
O60637_167_H7N4,78.8613,,,,,243.959,268.026,,205.863,743.927,377.995,,515.216,653.433,1079.05
O60637_167_H7N4F1,106.875,,176.392,171.031,,595.817,2814.23,2216.07,1381.52,2349.13,382.586,1312.39,1923.56,652.311,1445.96
O60637_167_H7N6,,,119.094,,136.764,,,,,,177.191,,,,472.843
O60637_167_H7N6F1,,,,,184.413,,,,,,309.527,292.914,499.18,373.809,1223.83
O60637_167_H8N7F3,,,,63.5029,,,,,,,,,,,
O75477_108_H10N2,,,,,67.0509,28.6798,,,,66.1303,,,,,
O75477_108_H3N4A2,78.4982,872.397,850.74,1091.81,2179.58,,,,,678.056,94.4721,187.882,474.686,620.962,1305.92
O75477_108_H4N3F3,,,,148.432,388.685,,,,,305.331,,,,,
O75477_108_H6N2,,,115.712,101.445,265.621,135.845,,215.782,108.824,,161.447,,,171.323,195.935
O75477_108_H6N7F1,212.662,,,,,,,,,,,,,,
O75477_108_H7N2,163.301,101.244,326.773,192.535,208.226,130.434,147.377,304.228,170.786,193.312,232.893,,117.889,,540.257
O75477_108_H8N2,1753.24,2140.42,3078.79,2140.12,1487.19,1246,2059.93,983.945,1708.03,1823.84,1401.11,1659.13,3141.9,1791.38,2321.77
O75477_108_H9N2,4674.72,5107.62,3585.91,4035.61,3674.21,1710.69,2710.5,1788.94,1966.58,3145.29,2473.43,2324.17,2233.35,2715.66,2631.5
O75629_160_H4N2,,327.807,,286.729,,87.3657,372.737,763.661,248.999,,,,157.292,159.014,
O75629_160_H4N5F3,,171.847,134.142,,,,,,,,,,,,
O75629_160_H5N2,387.866,224.372,250.725,238.145,,878.638,364.804,585.104,475.406,,335.707,205.769,293.244,,60.6496
O75629_160_H6N2,509.849,951.071,1065.38,812.541,633.885,2196.66,2609.57,2294.22,847.841,950.799,839.764,626.292,480.923,391.344,430.48
O75629_160_H6N3,,,,,86.0184,,,,,,,,,,
O75629_160_H7N6F1,,137.902,,,,,,,,,,275.381,,,
O75629_160_H8N2,42.0541,,,,,41.0264,,,,,,99.7691,,,
O75629_160_H9N2,119.314,,,105.293,,69.3869,,,136.917,,,,,,
O75629_193_H3N2,,,354.314,,,,,,,,,,,,
O75629_193_H3N4A2,,,,,301.852,,,,,652.455,,,,,
O75629_193_H5N4F2,,,,,215.444,,,,,374.642,,,,,
O75629_193_H9N2,643.716,,193.284,432.152,,,275.741,347.36,,,,,,,
O75718_363_H3N6,,57.55,54.8233,111.934,228.173,,,,,,,,,,
O75718_363_H6N2,3391.33,1938.64,1778.96,189.824,,1355.5,1064.78,,1686.38,155.291,943.883,1067.76,371.342,1113.35,
O75718_363_H8N2,1738.63,1246.99,1039.75,1309.63,1851.28,1456.57,884.24,515.059,1391.07,1270.18,806.693,264.957,,,
O75718_87_H3N4A2,86.552,,,,332.287,108.959,,155.49,114.953,183.095,,87.9081,,,278.599
O75718_87_H4N3F3,216.383,395.516,86.6783,167.396,977.317,240.025,139.692,,,1295.45,172.992,184.77,,,
O75718_87_H6N2,,,,,626.413,415.806,,,,1063.34,88.1669,146.604,,,841.867
O75718_87_H7N2,,,,,267.605,,,,,,,,,40.1855,
O75718_87_H8N2,404.614,539.086,280.611,1054.86,,,304.047,458.106,878.101,,1234.51,786.189,173.217,167.709,
O75718_87_H9N2,422.382,126.078,155.545,91.6972,,163.772,112.87,,121.821,273.809,530.654,180.038,,204.522,
O75882_300_H8N2,,,170.317,,182.455,,119.484,,,,,,,,
O75882_300_H9N2,72.6193,293.733,221.479,392.222,419.381,,238.108,192.352,124.488,334.554,,,,,
O75882_383_H9N2,336.657,223.936,136.532,,,480.051,312.809,,,293.159,,,,,
O75882_416_H4N3F3,,,,,164.981,,,,,142.831,,,,,197.532
O75882_416_H7N2,185.091,,56.9101,,85.0958,,,,,109.474,123.119,73.4521,,,97.3609
O75882_416_H8N2,308.406,,,117.054,64.2844,103.262,179.855,77.3688,69.4825,195.458,,96.5051,,,182.32
O75882_416_H9N2,343.365,51.5176,,,673.642,,,,50.2315,277.344,139.615,78.8393,,113.504,675.781
O75882_428_H9N2,,1342.99,,1489.91,889.703,1419.14,1072.54,2438.47,3142.47,741.622,,,,,
O75882_731_H10N2,85.7895,,91.4928,,,524.142,426.61,401.287,457.976,1527.98,,,,,
O75882_731_H12N2,104.297,,,67.7126,,,,,,,,,,,
O75882_731_H7N2,,,,,179.12,256.23,,452.153,244.433,,,,,,
O75882_731_H8N2,,,,,414.492,,296.142,,,888.093,,,,,
O75882_731_H9N2,353.022,243.888,,,,258.61,327.142,,,,,,,,
O75976_172_H3N8F1,172.651,,,,,,,,,,,,,,
O75976_172_H4N4F2A1,,,,,211.614,,,,,,,,,,
O75976_172_H5N4F1A1,,,1018.5,564.558,294.873,,,,,272.212,586.571,,,110.862,786.716
O75976_172_H5N4F3,860.887,660.261,977.232,2190.91,239.176,195.37,101.254,182.484,,289.059,435.439,617.82,586.88,140.054,186.343
O75976_172_H5N5F1A1,508.109,,,,,320.436,,,,,,1290.63,413.626,428.6,
O75976_172_H5N5F3,709.548,,1191.97,904.329,470.945,,,863.592,381.519,,1080.34,,2586.35,967.556,
O75976_172_H6N4,,,,,159.014,,,,,,,,,,
O75976_172_H6N4A2,,,,,91.475,,,,,,,,,,
O75976_172_H6N4F2,,,,,562.054,198.948,,,,244.534,,,,,448.66
O75976_172_H6N5F2,268.774,101.012,,,272.527,103.973,,,,,777.424,257.979,,106.015,
O75976_172_H7N6,,,454.884,,,,,,,,,321.608,,,
O75976_626_H3N6,,,,,300.35,,,,,,,,,,
O75976_626_H5N3F1,,,,,166.279,,,,,,,,,,
O75976_626_H6N3,,,,,214.398,,,,,,,,,,337.04
O75976_626_H6N3A1,129.553,317.595,,179.806,,166.972,103.231,190.541,,1094.08,,,502.889,354.288,554.678
O75976_626_H6N3F2,,218.778,,,361.362,,,,,,,,,,228.231
O75976_811_H5N2,117.622,,360.883,302.047,,383.978,504.373,,503.722,,611.923,622.475,140.994,602.789,
O75976_811_H5N3F1,,,,,373.362,,,,,,,,,,
O75976_811_H5N3F2,,,269.315,,,,,,,,,,,,
O75976_811_H5N4A1,195.248,,,,,,,,,,,,,,
O75976_811_H6N3A1,335.317,117.308,114.799,,,,,,,,365.237,,,274.479,
O75976_811_H6N3F1,,,,405.924,373.265,,,,,,,,,625.107,
O75976_811_H6N3F2,405.357,113.446,173.338,333.821,,,,,,,278.658,492.826,324.17,225.268,
O75976_811_H7N3F1,,,156.136,,,,,,,,,,,,
O75976_978_H4N6,,,59.3505,,,,,,,,,64.894,80.8586,122.193,
O75976_978_H5N4F1,199.861,,,,510.42,375.82,773.954,680.592,594.5,,,,,,
O75976_978_H5N4F1A1,428.251,1569.78,1842.23,321.807,996.396,,,,,,1049.09,283.531,598.13,1005.24,1813.1
O75976_978_H5N4F2A1,,535.702,,,,,,,,,,,,,
O75976_978_H5N4F3,164.791,689.903,312.371,825.729,498.745,,,,,406.385,,364.433,340.839,319.47,306.805
O75976_978_H5N4F4,,56.4936,72.8524,254.743,,,,,,,,,,,
O75976_978_H5N5F1,,,462.459,450.552,,,,,,198.192,1033.71,362.535,,909.642,
O75976_978_H5N5F2,,,289.027,510.318,337.313,,,,,,442.98,,,,
O75976_978_H5N5F3,,,204.874,,,,,,,,322.84,466.678,395.024,290.324,
O75976_978_H6N3F3,,,,104.309,,,,,,,,,,,
O75976_978_H6N5F1A2,,320.209,,,,,,,,,,,,,
O75976_978_H9N2,,,,338.136,407.031,,,,248.35,,,450.771,,,
O94813_1266_H3N6F2,,,,,77.8883,,,,,,343.981,,,463.366,104.092
O94813_1266_H4N5F2,377.622,,,130.664,126.588,,,,,,241.124,,,256.044,
O94813_1266_H8N2,85.3909,,,,103.554,,,,,,,,,,
O94813_1266_H9N2,120.428,,125.867,,129.965,,,,,,159.174,,,,
O94813_1300_H3N6F2,180.832,313.918,496.31,140.096,118.85,,,,,,334.545,294.505,529.948,408.391,176.099
O94813_1300_H3N6F3,99.7806,,,,89.1658,,,,,,102.738,,,77.5632,173.564
O94813_1300_H4N5F1,69.4477,,,,125.456,428.879,,182.832,,,,,,,236.231
O94813_1300_H4N5F1A1,,,144.457,,,,,,,,,,,,
O94813_1300_H4N5F2,943.71,488.542,756.785,504.859,390.066,,,,,,238.941,379.433,246.718,498.594,274.184
O94813_1300_H4N5F3,242.634,,,,,,,,,,,,,,
O94813_1300_H5N4F1,,,171.201,,,50.7666,,164.159,,,,,,,
O94813_1300_H5N4F1A1,302.558,299.559,228.629,116.861,165.952,,,,,,,,,,
O94813_1300_H5N4F2,146.12,201.398,,,105.596,,,,,,44.0032,,,,
O94813_1300_H5N5F1,284.092,,,,154.472,,,,,,219.17,,,424.445,260.801
O94813_1300_H7N3F1,76.1186,,,,,,,,,,,,,,
O94813_1300_H8N2,168.149,,,,,,,,,,329.831,,,,
O94813_1300_H9N2,173.029,131.967,,71.8618,158.058,181.566,,141.185,,,173.081,,162.391,196.312,
O94813_623_H4N4F1,,,,,167.513,,,,,,,,,,
O94813_623_H4N5F1,,,375.537,,,,,,,,,,,,
O94813_623_H4N5F2,1515.73,653.609,467.406,556.464,481.329,243.148,199.083,221.999,161.823,692.743,,452.696,687.917,,467.922
O94813_623_H5N4F1,,253.33,206.011,,,,,,,,,,,231.758,
O94813_623_H5N5F1,,241.434,,,,,,,,245.295,,,,,
O94901_561_H10N2,,211.977,86.9765,109.058,124.902,,132.195,,,,,223.443,,,
O94901_561_H3N2,,,,382.069,,,,,,,,,,,
O94901_561_H4N2,,606.146,265.894,382.331,,,130.379,,,,,1570.81,,,
O94901_561_H5N2,,82.6331,195.088,,,,519.695,281.561,,,,,,,
O94901_561_H6N2,,127.167,663.564,77.1868,1030.73,,66.2173,797.783,,107.143,,1767.68,1746.76,1867.64,325.31
O94901_561_H7N2,,81.4273,403.913,93.1027,391.226,,60.8185,412.161,,75.9375,,854.749,,592.373,207.927
O94901_561_H8N2,,171.098,629.851,278.159,433.725,,383.406,1473.57,673.497,301.986,,352.53,1137.05,605.088,395.493
O94901_561_H9N2,,44.1306,304.425,114.701,458.324,,152.36,502.896,206.455,,,168.594,,417.497,96.147
O94901_705_H3N4A2,,,151.955,,280.256,,,,,513.941,,,,,
O94901_705_H6N2,111.823,,183.004,,86.1255,,,,171.448,,,,,,
O94901_705_H7N2,86.32,,145.303,,,,,,,,,,,,
O94901_705_H8N2,,,,216.042,,,,,,,,,,,
O94901_705_H9N2,42.0239,,47.6973,,63.7976,954.403,178.865,,221.79,878.674,,,,,
O95084_207_H3N6F2,494.796,201.565,128.082,179.504,,,189.275,,,,193.845,189.22,195.808,223.889,
O95084_207_H3N6F3,1095.17,337.418,1291.71,709.935,564.043,,,,,,375.734,346.813,,,
O95084_207_H4N5F2,130.681,166.397,,,,367.664,325.555,362.575,159.715,,,,,,
O95084_207_H4N5F2A1,81.7205,112.176,141.567,111.513,,,54.3687,,,,,,,,
O95084_207_H4N6F2,,,,,572.519,,,,,,,,,,
O95297_50_H5N4F1A1,213.285,,,,177.379,,,,,,,,,,
O95297_50_H5N4F3,151.69,231.386,,,175.608,,,,,,,,,,
O95302_174_H5N2,,,729.927,624.72,,,423.605,404.5,463.274,,,,,1122,
O95302_174_H6N2,3317.78,3478.15,1819.9,1497.85,1404.27,2188.46,1218.79,1947.12,2816.56,,,568.132,2356.03,2963.24,1453.77
O95302_174_H7N2,2107.71,2135.7,4235.9,3600.97,1982.49,1621.64,1855.06,4558.2,3822.78,4757,6040.47,4804.71,3153.33,3040.69,4075
O95302_174_H8N2,11795.4,4041.22,13636.8,8151.75,5976.79,10444.3,5248.84,6256.94,8266.98,9625.86,6544.69,11259,3141.73,2995.04,2920.01
O95302_174_H9N2,752.936,82.8606,501.617,,367.305,605.2,501.469,,,,693.802,,,,522.901
O95302_286_H3N6,,,75.1236,,,,,,,,,,,,
O95302_286_H4N6,,244.56,,,188.15,,,255.052,,,,,,,
O95302_286_H8N2,1938.81,1681.66,1189.21,254.531,,2781.75,1844.4,,2261.15,,1859.12,2362.5,196.76,1298.76,
O95302_286_H9N2,,2704.81,3230.22,1882.92,201.584,,1130.34,,203.348,2617.72,510.251,3759.96,2374.41,2610.36,3234.94
O95302_397_H4N6,,58.8152,,60.1792,,,,,244.948,355.294,,,,152.151,
O95302_397_H6N2,2715.91,608.246,1506.61,868.541,,2625.59,597.451,1138.83,,1286.6,1363.34,874.584,1112.94,310.72,
O95302_397_H7N2,2206.52,892.382,1747.48,,,1757.45,1423.94,577.375,1900.72,208.995,944.811,,930.246,470.11,1931.36
O95302_397_H8N2,1320.57,1412.94,1656.75,1901.24,1289.23,1896.09,1055.55,522.046,1022.5,1402.81,531.392,1165.08,673.695,1202.57,1643.65
O95302_397_H9N2,236,313.506,208.183,,313.237,441.912,247.463,,185.253,238.371,208.273,152.801,201.755,234.721,320.522
O95479_282_H3N6,,,,,282.884,,,,,,,,,,
O95479_282_H4N6,594.588,,,,596.263,,,,,487.542,,,,,
O95479_282_H7N2,,,439.576,,181.512,,,234.26,273.283,316.122,,,,,
O95479_282_H9N2,,,,,242.297,,,,,,,,,,
O95490_520_H5N2,216.837,230.877,137.126,249.768,,,,,,,388.785,,,,
O95490_520_H6N2,276.305,,,,,,,,,,,,,,
O95490_520_H6N3,,167.961,,122.902,,,,,,,,142.873,188.843,,449.938
O95490_813_H6N2,,,359.331,,,,,,,,,,,,120.784
O95490_813_H7N2,,,623.061,,665.319,,,,,,,367.012,,,905.059
O95490_813_H8N2,,70.7776,,198.468,,,,,,,,,,,
O96005_241_H3N6,,,,,268.076,,,,,,,,,,
O96005_241_H4N6,861.527,,,,314.91,246.025,,,,,1362.36,,190.696,,
O96005_241_H5N3F3,,,798.614,,,,,,,,,,,,
O96005_241_H8N2,,566.447,229.878,,408.897,,,,,,,,,,147.825
O96005_241_H9N2,1762.05,1404.55,3038.45,6180.06,1328.71,462.921,1094.96,310.374,2091.3,,2115.59,7255.43,2005.63,3268.86,2613.83
O96005_295_H3N4A2,,,250.425,491.941,624.751,,,,197.212,,297.524,,637.813,,627.286
O96005_295_H3N6,,123.567,,,,74.706,,,,,,,79.9775,523.336,223.116
O96005_295_H6N2,928.34,1683.78,1732.25,604.838,714.127,1233.66,834.086,400.984,1101.37,,1360.87,2332.05,1595.49,1706.83,1629.82
O96005_295_H7N2,1231.62,202.609,927.872,1242.57,658.046,70.2409,,,,,714.739,1396.43,272.223,1985.98,1043.15
O96005_295_H8N2,2670.03,1615.07,788.184,1414.79,82.4583,735.99,573.86,1022.64,707.168,,2519.57,1512.99,2205.39,1898.93,201.631
O96005_295_H9N2,,432.769,,338.436,359.189,,,,,,562.217,,611.071,,
P00533_352_H4N6,74.7165,,,,,,,,,,,,,,
P00533_352_H6N2,700.045,702.452,711.517,92.148,470.524,1037.87,476.967,606.179,432.469,971.91,770.009,699.498,823.667,1188.57,488.355
P00533_352_H7N2,132.86,105.446,39.0631,152.911,111.561,,,,44.1344,,,,,,
P00533_352_H8N2,,,51.8811,,,,,,,,,,,,
P00533_352_H9N2,,,33.2212,,,,,,,,,,,,
P00533_361_H4N6,,,,,789.826,,,,,,,,,,
P00533_361_H8N2,989.361,388.346,1739.03,1554.66,760.27,684.511,1566.3,,1179.09,,,,,,
P00533_361_H9N2,,,,151.785,,130.772,195.745,,,,,,,,
P01033_53_H3N4A2,,,,,125.035,,,,,,,,,,
P01033_53_H4N6,,,,,256.806,,,,,385.257,,,,,433.72
P01033_53_H8N2,111.458,,141.967,264.174,222.224,116.781,,,235.7,,308.28,623.978,236.289,163.001,
P01033_53_H9N2,246.701,172.386,236.711,,149.372,,,,,174.993,326.65,417.7,282.774,416.205,
P01861_177_H3N3,221.941,387.666,294.833,319.835,183.08,299.149,313.532,358.563,283.275,408.249,214.685,212.732,343.219,177.764,
P01861_177_H3N3F1,495.57,822.422,1103.69,930.087,457.71,671.806,465.352,1229.86,676.265,1202.16,376.331,415.142,1206.07,517.909,996.652
P01861_177_H3N4,2247.46,2959.82,3606.96,4757.28,1982.17,1436.63,3443.58,4038.62,2390.07,2846.81,2525.32,624.02,3439.11,1177.32,2648.45
P01861_177_H3N4F1,1401.55,1980.44,5802.09,6638.09,1991.26,26197.8,6288.45,25536.1,13004.7,3675.91,4106.63,2460.36,12230.6,4045.36,3994.64
P01861_177_H3N5,480.958,1264.34,1117.15,860.419,680.569,759.783,1282.88,1205.13,1161.01,1296.16,248.967,625.701,302.691,111.906,1907.62
P01861_177_H3N5F1,4513.33,2236.97,9982.73,4937.81,3737.26,15073.1,8360.33,1372.82,6186.71,5236.11,3537.36,4077.92,10003.5,4897.81,11388.5
P01861_177_H3N7,,566.503,474.248,,,114.296,,995.385,102.154,1796.34,169.685,,,,
P01861_177_H4N3,444.039,173.325,378.209,383.919,313.733,547.736,560.51,631.345,458.985,356.85,215.299,253.591,,269.141,
P01861_177_H4N3F1,537.705,685.081,834.777,982.339,902.595,3363.62,1512.56,1677.71,1618.19,1085.55,865.565,540.841,586.197,574.68,1430.64
P01861_177_H4N4,986.471,2024.98,6718.21,5629.53,860.438,10347.1,7520.18,5451.11,3895.92,2903.95,835.411,2120.95,5269.19,3447.5,2704.93
P01861_177_H4N4F1,2778.17,4681.31,5212.14,6997.23,3638.88,20066.3,12064.4,5098.13,5812.68,3650.47,3727.99,6186.9,2143.13,3641.85,5052.19
P01861_177_H4N5,810.292,1065.18,1301.41,903.475,1185.43,1963.37,1599.18,1365.84,1306.16,102.546,795.669,660.907,,574.763,1383.09
P01861_177_H4N5F1,4392.94,1755.07,2514.29,5584.72,4373.5,19024,7628.21,7462.19,9511.09,6070.77,4824.14,4344.82,1171.97,841.119,5731.72
P01861_177_H4N6F1,209.703,,,181.4,272.912,373.407,163.841,409.2,338.126,548.04,147.51,,,,335.62
P01861_177_H5N2,125.162,,,,196.881,270.189,,,,247.918,,,,,224.621
P01861_177_H5N4,881.645,1364.15,4570.7,4897.04,7607.71,3110.51,11053.7,7354.86,1955.54,10007,1955.61,1683.41,5037.88,3030.06,7704.9
P01861_177_H5N4A1,1207.47,1001.63,793.615,545.035,838.607,664.205,362.413,672.435,1544.9,1704.49,397.708,566.903,577.204,662.181,1366.97
P01861_177_H5N4F1,1420.13,22828.9,41183.6,2179.21,13675.3,14308.9,52888.3,48912.8,43161,4409.01,1000.52,13050.4,25819.4,18449.7,7990.06
P01861_177_H5N4F2,,111.82,,84.3561,175.317,69.4947,162.13,94.0955,,170.089,,540.035,,,161.207
P01861_177_H5N5,180.464,423.905,,,404.748,,,589.723,465.787,,,,,,
P01861_177_H5N5A1,251.357,231.546,293.819,199.476,,422.211,,,,,,,,,
P01861_177_H5N5F1,1868.91,2452.9,1052.92,234.324,3906.4,2090.86,4168.83,1723.11,808.672,1050.26,958.43,315.193,1981.72,2186.5,298.099
P01861_177_H6N3A1,,,195.711,172.376,,,285.598,,423.948,,154.636,,,,
P01861_177_H6N3F2,,,,,254.266,,,,,,,,,274.972,
P01861_177_H6N4,,,,,126.306,,,,,285.025,,,,,2635.06
P01861_177_H6N4A1,1294.99,3296.8,2490.13,1696.65,1729.19,2190.16,3143,1835.67,3904.36,5510.83,477.67,414.561,1024.51,1326.78,2272.72
P01861_177_H6N4F1,291.333,425.834,358.738,181.681,539.254,709.953,969.237,735.64,824.75,832.675,306.65,146.882,,339.58,719.313
P01861_177_H6N4F2,114.817,,,,1007.79,106.492,,,79.3805,90.5936,,125.703,,80.2028,78.9453
P01861_177_H6N5A1,272.441,257.378,793.678,152.711,,791.987,474.254,783.423,232.724,1994.13,394.644,372.736,,240.985,742.871
P01861_177_H6N5F1,106.807,136.318,,,,,,,126.724,,,,,,
P01861_177_H6N5F2,,,,,636.888,,,46.5104,,,,,,,
P01861_177_H6N6F1,391.841,279.534,,1129.29,681.525,,1832.95,389.389,,741.689,,,238.411,741.813,
P01861_177_H6N7F1,874.668,945.386,363.324,137.007,,479,340.652,,1282.37,,615.161,468.525,,,
P01861_177_H8N2,,54.0417,,,,164.644,,,77.7488,172.986,,65.8877,,,190.924
P02790_187_H5N4A1,374.835,291.858,,319.03,393.506,,324.643,376.87,,,,,325.668,583.728,235.37
P02790_187_H5N6F1,,380.521,445.084,,,652.177,378.369,,545.686,755.547,928.736,1304.06,649.24,,528.219
P02790_187_H7N4A1,,,,1493.44,,,,,,,,,,,
P04004_169_H10N2F1,622.024,,1121.04,,,199.346,,,,,,,,,
P04004_169_H3N6F1A1,3037.97,586.812,1940.31,520.858,,432.141,740.016,2631.68,556.94,2326.22,813.964,,,,
P04004_169_H4N5F2,1162.9,,,1457.29,,,,,,,,,,,
P04004_169_H4N6,1040.27,833.041,1584.98,2034.64,,1054.34,1006.61,1555.46,1438.73,561.677,729.502,,1811.25,843.679,1066.2
P04004_169_H4N6A1,2499.52,,1720.2,2150,,,1718.08,1292.19,,,,,,,963.197
P04004_169_H5N3A1,1175.63,306.023,379.042,510.756,,476.88,503.417,955.936,,,,,,,
P04004_169_H5N5F1,532.2,230.636,,,,,,,241.908,,,,,,
P04004_169_H5N6F1,441.861,,228.935,,,,,,,,,,,,
P04004_169_H6N2,1538.02,718.737,865.866,1128.4,283.152,622.244,637.47,487.676,417.502,380.854,696.637,603.029,1155.61,485.435,393.654
P04004_169_H6N3A1,4667.67,2954.19,1536.6,4103.34,769.061,2830.86,3674.48,1950.88,2093.88,2234.82,4247.98,2590.06,2682.52,1384.99,1277.9
P04004_169_H9N2F1,295.074,,,,,195.954,,,,,,,,,
P04035_281_H4N3F3,,,,,150.792,,,,,,,,,,
P04035_281_H9N2,42.3051,,,30.772,,,,,,,,,,,
P04062_185_H10N2,,59.5635,119.675,,,337.492,104.367,,422.789,415.076,256.998,216.003,,108.097,194.547
P04062_185_H3N2F1,485.078,,,,,,,,,,,,362.508,,
P04062_185_H3N6,,,,55.2141,,130.547,,,,222.246,,,,,
P04062_185_H4N3F3,164.216,,,110.311,370.168,260.705,104.494,,163.397,,,,,,167.1
P04062_185_H5N6,,54.9407,,164.094,,,,,,,422.532,203.791,,128.342,78.8315
P04062_309_H10N2,274.251,1437.47,697.018,464.18,1209.69,797.799,729.76,396.819,325.565,1371.45,931.871,1409.27,3048.1,1239.4,1737.66
P04062_309_H12N2,102.239,206.924,232.024,255.221,,203.003,58.0103,87.9563,76.1772,,224.158,223.442,181.861,99.9696,
P04062_309_H4N3F1A1,441.022,,,,241.363,,,,202.101,,475.615,386.99,1242.38,,142.004
P04062_309_H4N5F1A2,,,72.3245,,,,,,,,,,,,
P04062_309_H4N5F2A1,,,,250.993,,,,,,,,,,,
P04062_309_H5N4F1A1,,,,,102.566,,,,,160.467,,,,,
P04062_309_H5N4F1A2,,221.382,118.188,,277.622,,42.2263,82.4869,,238.978,,,,,
P04062_309_H5N4F3,,,,,176.369,,,,57.761,77.8307,,,,,88.1106
P04062_309_H7N6,,,115.178,,,94.3617,,95.4379,,,,,,,
P04062_309_H9N2,652.55,886.693,247.736,388.379,547.252,853.621,663.259,248.529,674.058,615.683,,597.207,439.567,1089.09,761.06
P04066_268_H3N2F1,1277.07,1104.36,1863.89,1101.75,1170.45,1633.46,721.122,1375.68,190.471,603.616,203.997,,,425.325,
P04066_382_H5N2,,,,69.6066,,,,,,,,,,,
P04066_382_H6N2,,39.466,208.089,94.7565,,225.279,317.143,155.598,286.934,459.331,,173.696,230.596,202.824,
P04843_299_H10N2,196.638,181.499,105.593,,,,,,,,,,,,
P04843_299_H3N6,,,,,314.811,,,,,,,,,,
P04843_299_H6N2,,,830.245,788.848,1476.54,,966.522,634.758,429.929,935.52,1532.83,1205.54,2356.79,2344.93,11453.1
P04843_299_H7N2,,,,373.367,1774.62,,,175.834,842.34,,,,,,1785.8
P04843_299_H8N2,1425.44,121.137,,638.153,857.603,,,,,,,,,,635.172
P04843_299_H9N2,,,,,651.258,,,,,,,,,,
P04844_106_H5N2,,,277.863,,,,,,,,556.841,251.662,113.837,209.308,
P04844_106_H6N2,5530.06,785.694,1526.81,1130.78,312.26,,,,,,,702.675,707.782,,399.058
P04844_106_H7N2,188.861,,,,,,,,,,,,,,
P04844_106_H8N2,344.041,33.17,,,,,,,,,121.073,,,,55.2083
P05556_212_H10N2,975.741,147.975,,,1112.14,,,328.008,,668.956,,,,,
P05556_212_H3N4A2,58.2935,124.488,140.527,54.4069,881.795,,,,,,152.007,,274.851,229.033,635.2
P05556_212_H3N8,,,,690.015,,,234.673,,,,,,,1677.21,
P05556_212_H4N3F3,,115.166,,,,,,,,,,,,155.274,
P05556_212_H4N4F2A1,,184.063,,,,,,33.5028,35.7986,354.439,,70.3534,,,853.101
P05556_212_H4N5F1,,166.26,,,,,,,,,,,78.8068,,
P05556_212_H5N4F1,148.802,,,140.825,377.092,89.9481,62.6321,101.605,,261.714,,,242.587,,158.037
P05556_212_H5N4F1A1,93.8385,,,,,,,,,,,,,,
P05556_212_H5N4F3,99.0618,74.8218,100.578,,87.7079,,,,,164.097,,,,,279.232
P05556_212_H5N5F1,984.211,106.201,55.7261,,,,,,191.954,,415.997,,374.368,,592.605
P05556_212_H6N2,287.025,298.661,290.807,197.021,448.179,191.792,,,,408.509,155.514,235.039,302.085,191.9,541.64
P05556_212_H6N4,,,,,152.153,,,,,,,,,,
P05556_212_H6N5F1,521.139,551.382,309.844,119.572,282.834,,,179.739,105.479,,1465.48,114.93,143.478,125.362,
P05556_212_H6N5F1A1,157.294,,,81.609,,,,,,,,,,,156.546
P05556_212_H6N5F3,,63.5826,58.8108,75.2317,,,,,,,200.686,145.038,,,108.507
P05556_212_H7N2,259.43,171.875,321.169,333.883,282.044,89.3871,120.724,181.319,305.69,328.492,797.922,155.572,353.525,277.047,1109.55
P05556_212_H8N2,350.312,273.506,448.44,330.399,595.712,648.637,331.694,234.211,648.508,1310.09,958.606,311.881,529.609,461.184,1475.01
P05556_212_H9N2,851.738,771.37,618.098,586.952,1844.95,459.604,210.043,171.125,192.504,1533.31,725.125,522.704,657.511,734.363,2139.82
P05556_481_H10N2,,,,,78.1923,,,,,,,,,,
P05556_481_H5N4A1,,,,150.128,80.3349,,,,,,,,,,
P05556_481_H5N5,,,,,129.244,,,,,,,,,,
P05556_481_H6N2,,,444.957,,,,,,,,,,558.792,372.313,
P05556_481_H7N2,,,,,217.198,,,,,,,,,,251.907
P05556_481_H8N2,271.665,739.787,,,764.037,,,,,,,,,1355.28,1317.96
P05556_481_H9N2,278.07,,758.27,689.826,855.992,,,,,,541.105,583.144,1536.69,978.168,1334.01
P05556_50_H3N4A2,69.685,90.3306,,84.6288,,51.0112,,,,,329.139,106.082,,,
P05556_50_H3N6,,,83.9518,87.9297,,,102.785,,79.2924,,,134.575,,,
P05556_50_H4N6,93.7363,,,56.529,148.24,,55.5355,,,,,59.6376,,163.17,
P05556_50_H7N2,,,138.857,,54.4736,,,,,,300.015,,,220.573,
P05556_50_H8N2,173.752,,,40.5467,,175.069,54.9903,,,,1102.95,,,,
P05556_50_H9N2,400.1,,,,,94.0924,24.2129,,,,,108.416,,626.03,
P05556_520_H3N5F1,452.982,,,107.158,335.676,,,,,,341.138,184.51,690.518,73.2288,
P05556_520_H3N6,,,110.22,152.017,178.702,,,,,,,105.476,,,104.88
P05556_520_H3N6F2,,48.2954,,,,,,,96.1322,,,,,,
P05556_520_H4N5,176.061,,,,,,,,,,,,,,
P05556_520_H4N5F1,1259.34,146.835,182.102,760.792,877.208,340.697,288.857,267.503,,185.123,350.301,1173.56,210.54,578.272,1054.21
P05556_520_H4N6A1,,,,,62.1163,,142.67,,68.9601,,,,,,
P05556_520_H5N5F1,495.209,,421.589,193.579,321.606,,,,162.741,,66.7404,164.447,240.385,271.423,89.3628
P05556_520_H6N5F1,107.139,96.8036,,,42.4093,108.948,,,57.4479,,109.978,,,,
P05556_520_H8N2,132.087,,,,197.943,,,,,,,,,,
P05556_669_H4N3F3,,100.508,,,215.281,,,,,,,,,,
P05556_669_H4N6,,159.74,,,,,,,,,,,,,
P05556_669_H6N2,,,,278.488,,,,,,,,,,,
P05556_669_H9N2,,,,,216.241,,,,,,,,,,
P06213_242_H3N6,,390.185,,,,,,,,,,,172.445,,
P06213_242_H7N2,154.315,,202.64,372.885,361.989,,,,,,359.749,545.544,816.271,390.484,800.611
P06213_242_H8N2,899.878,371.454,418.139,,293.37,63.2532,,,,,956.218,31.8739,284.511,,33.1519
P06213_242_H9N2,,,,,266.66,,,,109.067,,325.26,,,,
P06213_445_H5N4F1,,,,,175.163,,,,,,,,,,
P06213_445_H5N4F1A1,323.831,,370.402,465.23,322.94,,,,,,566.182,,489.237,541.022,868.484
P06213_445_H6N5F1,,,,,112.435,,,,,,,,,,
P06213_445_H6N5F1A1,,,,,96.6628,,,,,,,,,,
P06213_445_H7N6F1,,,,,83.8332,,,,,,,,,,
P06213_445_H8N2,,,,,103.373,,645.069,357.451,424.551,615.527,,,,,
P06213_445_H9N2,,,134.683,,509.233,,1050.03,533.334,408.442,1022.16,,189.161,,351.661,
P06213_920_H7N2,173.182,177.891,155.662,112.887,,84.3833,79.2705,44.8034,,,69.9481,,,98.2766,
P06213_920_H9N2,120.559,,,,,191.101,472.744,205.222,312.145,458.586,161.769,159.056,117.857,79.6395,190.685
P06280_139_H10N2,97.7832,30.2498,,,,94.1889,,162.449,,45.9582,,,,77.8386,51.3543
P06280_139_H9N2,176.641,150.975,187.82,82.8684,186.09,55.699,,,142.556,91.6803,192.972,155.702,,119.912,391.275
P06280_192_H10N2,298.076,522.493,676.091,,,405.3,297.566,,356.755,,614.122,413.768,,826.622,
P06280_192_H7N2,277.047,282.576,369.909,357.43,,,,,,,926.371,624.326,1262.82,358.736,
P06280_192_H9N2,175.064,,,,,,,,,,,,,,
P06756_554_H4N5F2,94.2061,,,,,,,,,,,115.768,516.005,466.336,
P06756_554_H5N4F2,,,109.958,,209.709,,,,,,,,,,
P06756_554_H9N2,222.614,,,138.551,447.924,504.279,475.539,755.916,398.27,403.984,,,177.537,201.321,325.691
P06756_615_H3N4A2,,,246.031,183.605,1081.23,,204.961,,138.749,1461.36,306.122,230.949,304.301,,813.694
P06756_615_H4N6,,,297.35,,,191.563,,,,,,,,,
P06756_615_H9N2,920.486,400.22,366.614,562.595,1051.4,348.96,285.902,,612.514,,1317.92,581.742,585.718,552.599,733.931
P06756_74_H5N3,,,231.847,,,,,,,,,,,,186.113
P06756_74_H5N3F1,282.467,1124.02,1170.85,882.651,,,,,,,654.517,1352.85,1149.01,,
P06756_74_H5N3F2,,86.1057,,,,,,,,,,,,,
P06756_74_H5N4F1,329.519,428.155,461.76,499.659,,,,,,,219.504,310.161,530.737,,
P06756_74_H8N2,,,,83.0175,,,,,111.93,,218.621,,189.208,385.189,
P06756_945_H5N2,,166.801,329.997,317.634,253.924,,189.385,100.92,138.15,359.079,,247.93,,,564.179
P06756_945_H5N3F1,,,,,167.974,,,,,,,,,,
P06756_945_H6N2,,937.187,965.115,1004.52,898.971,,314.422,200.79,249.671,302.366,,403.491,,265.143,375.937
P06756_945_H6N3,,,335.734,325.387,437.065,,,,,,,265.682,597.406,314.138,
P06756_945_H7N2,,630.712,255.002,572.589,487.063,,,,,,,305.468,,,381.272
P06756_945_H8N2,,,,,291.836,,412.155,,237.787,,,123.009,,,
P06756_945_H9N2,,,,,1033.47,,,,,,,,,,197.123
P06865_157_H4N4F3,,299.516,138.639,,,243.573,,,,113.098,,52.3137,,,
P06865_157_H6N2,,,104.233,121.666,,,,83.2148,87.1883,,244.604,,,167.716,
P06865_157_H7N2,501.428,136.006,86.715,200.693,338.046,854.483,297.494,534.094,735.768,564.375,777.283,917.533,690.634,478.212,574.599
P06865_157_H8N2,637.037,648.133,654.817,567.239,179.214,362.798,705.652,1891.03,944.426,544.761,726.318,736.281,610.771,900.113,1208.72
P06865_157_H9N2,437.856,46.4318,56.2994,89.8525,556.133,83.1062,150.844,678.181,259.552,457.449,159.281,163.46,127.347,357.638,358.942
P06865_157_H9N6F1,,,,,266.41,,,,,,,,,,
P07339_263_H10N2,436.295,743.021,831.616,440.599,219.395,672.908,569.851,233.236,570.422,493.671,361.78,,466.243,269.458,296.503
P07339_263_H4N4F2A1,,308.68,,,,,,,,,,,,,
P07339_263_H5N2,849.949,174.9,505.807,298.727,,742.115,374.995,504.811,637.171,,604.644,583.466,254.989,1106.89,
P07339_263_H5N2F1,449.839,,183.088,520.422,,536.545,391.345,469.576,503.745,,773.308,533.183,655.055,686.941,
P07339_263_H6N2,855.446,557.11,262.928,1633.71,342.924,1876.06,740.368,698.825,1158.04,2372.89,2664.36,193.51,2856.17,632.78,778.98
P07339_263_H6N2F1,157.483,,,75.3187,,146.157,212.288,215.087,252.863,,,,,,
P07339_263_H6N3,792.571,825.963,822.854,1044.85,511.043,,,409.696,393.04,859.046,,,,,
P07339_263_H7N2,316.898,197.264,210.975,277.675,,383.371,1225.77,863.503,460.651,,322.756,200.685,341.562,306.495,
P07339_263_H8N2,,,150.107,130.796,177.032,251.829,338.941,300.001,373.977,277.077,153.425,93.5108,,,116.048
P07339_263_H9N2,269.393,169.497,214.279,255.045,,268.4,224.143,135.492,472.559,269.417,193.489,56.2355,137.489,,
P07602_101_H10N2,145.222,143.239,333.572,196.855,321.582,88.7491,51.5731,,,,360.399,85.1432,395.74,326.286,474.992
P07602_101_H12N2,,,,133.017,,,,,,,250.341,211.424,245.249,215.107,
P07602_101_H3N2F1,935.867,1036.63,1033.25,466.149,695.083,137.065,,,,,672.102,826.786,1179.01,379.433,568.852
P07602_101_H3N4A1,446.974,280.609,409.979,343.655,,,,,,,716.072,463.957,766.384,,
P07602_101_H3N4F1,221.86,393.965,183.902,,,,,,,,384.925,244.92,343.429,267.036,
P07602_101_H3N4F1A1,346.113,307.969,233.088,238.636,,,,,,,798.692,417.679,1680.96,1352.11,254.139
P07602_101_H3N4F3,104.463,113.731,,146.486,,,,,,,601.116,268.627,160.305,878.731,418.696
P07602_101_H3N5F1,,,,231.773,,,,,,,,,,,
P07602_101_H3N5F2,,68.0417,79.9771,,,,,,,,125.877,123.98,,,
P07602_101_H4N3F1,,,206.637,285.984,,,,,,,,,,,471.649
P07602_101_H4N3F1A1,1566.86,2427.21,1520.25,736.73,1207.63,,,,,,6729.66,3150.68,4081.05,2319.67,3036.32
P07602_101_H4N3F3,,,,,299.851,,,,,,32.1378,482.407,17.3189,557.364,242.826
P07602_101_H4N4,,,77.9287,126.259,,,,,,,,,,,
P07602_101_H4N4F1,,293.942,341.224,124.757,153.882,,,,,,120.777,323.165,272.937,,407.052
P07602_101_H4N4F1A1,,,217.504,,192.917,,,,,,515.596,302.419,378.034,,
P07602_101_H4N4F2,,138.014,,,,,,,,,110.253,,113.243,,
P07602_101_H4N4F3,,165.539,,,229.792,,,,,,,210.299,426.741,,487.015
P07602_101_H4N5,,,451.854,,,,,,,,,,,,
P07602_101_H4N5F1,197.563,212.974,98.1971,152.846,,,,,114.123,,718.713,314.519,897.46,488.937,174.381
P07602_101_H4N5F1A1,268.116,,,103.7,135.945,,,,,,439.499,226.257,401.82,209.594,273.637
P07602_101_H4N5F2,,,244.939,315.507,,,,,,,,,,,
P07602_101_H4N5F2A1,,65.0498,,,,,,,,,141.593,90.7114,121.807,,189.2
P07602_101_H4N5F3,153.727,71.4173,151.797,157.293,143.757,,,,,,,325.982,442.37,278.97,151.521
P07602_101_H5N2,,,153.755,,,,,,,,,,127.936,,
P07602_101_H5N2F1,,,,75.0066,,,,,,,,,,,
P07602_101_H5N3A1,404.432,,,323.102,343.718,,,,,,1686.73,682.153,1608.77,1840.61,639.047
P07602_101_H5N4F1,125.62,121.794,114.276,114.11,328.35,99.0756,128.287,174.26,,,134.993,317.048,,,298.935
P07602_101_H5N4F1A1,248.103,96.22,250.406,307.872,384.085,,,,,,382.141,254.072,,,346.075
P07602_101_H5N4F1A2,,,286.571,124.156,,,,,,,,143.401,,130.324,
P07602_101_H5N4F3,,252.793,114.941,,148,,,,,135.549,,554.531,,,143.078
P07602_101_H5N5F1,,,276.353,280.696,233.485,244.952,81.847,172.927,122.719,,536.494,603.067,419.803,1112.06,417.339
P07602_101_H5N5F1A1,183.964,73.0582,,,133.969,,,,,,302.543,292.983,207.867,258.229,206.378
P07602_101_H5N5F3,93.7789,61.7904,,,134.555,,,,,,268.631,604.129,136.386,204.519,109.762
P07602_101_H5N6F1,,,105.743,,,,,,,,278.992,245.914,354.565,173.782,
P07602_101_H6N3,123.049,110.028,104.101,135.33,,,,,,,103.896,,,,
P07602_101_H6N5F1,,,,188.715,131.179,,,,,,94.0881,116.217,110.158,82.5543,335.287
P07602_101_H6N5F1A1,89.4401,56.0846,,169.043,,,,,,,,70.8265,,,141.105
P07602_101_H6N5F3,105.695,232.205,53.4661,157.111,123.87,,,,,,190.077,56.3399,109.396,,159.102
P07602_101_H6N5F7,,,132.93,,,,,,,,,,,,
P07602_101_H6N6F1,292.533,109.612,,171.971,,,,,,,200.21,,,,358.996
P07602_101_H7N2F1,,,,,469.675,,,,,,,,181.257,,
P07602_101_H7N6,175.963,121.166,207.351,130.835,,,,,,,,239.851,141.068,,
P07602_101_H8N2,181.335,145.219,124.761,282.601,,,,,,,233.923,200.516,344.577,560.108,
P07602_101_H9N2,193.262,182.636,190.548,219.551,431.977,,,,,,300.787,,255.539,514.359,564.025
P07602_215_H10N2,,,180.67,,,,214.038,288.219,,487.279,,,,,296.882
P07602_215_H3N2F1,1279.1,929.088,1169.96,1075.53,664.724,520.504,719.446,823.604,1288.2,1240.55,1065.49,,,2151.32,612.471
P07602_215_H3N4F1,,283.265,,,,421.837,244.711,536.446,241.636,,,824.843,96.5287,965.529,552.633
P07602_215_H6N3,,,,,701.798,,,,367.038,614.129,,,,,543.576
P07602_215_H7N2,,,,,252.721,,,,,615.225,,,,,194.468
P07602_215_H8N2,499.215,364.2,347.375,161.73,443.144,332.433,251.04,397.306,398.89,586.224,,,207,185.153,631.048
P07602_332_H3N5F2,,,,,688.305,,,,,,,,,,
P07602_332_H6N2,,,,,210.038,,,,,,,,,,329.073
P07602_332_H8N4F1A1,,281.806,,,,,,,,,,,1072.23,,
P07602_332_H9N2,,,66.8456,,,,,,,,,,,,248.77
P07602_80_H10N2,,198.321,,,,,,,,,299.413,,173.144,,
P07602_80_H3N2,1309.96,1507.63,1383.8,1011.61,,699.914,701.248,,,,349.496,294.506,,492.751,
P07602_80_H3N2F1,1586.09,1676.79,3002.47,563.52,1349.92,733.688,584.349,625.166,441.961,488.135,1354.85,1190.12,1188.2,1525.13,1274.01
P07602_80_H4N4F2A1,,,,,293.951,,,,,,,,,,
P07602_80_H5N2,,,,,259.215,,,,,,424.071,496.688,,338.276,488.211
P07602_80_H6N2,254.152,749.982,337.68,,255.302,,,,396.339,,998.277,589.399,565.586,529.688,
P07602_80_H8N2,285.994,272.361,,,,,,,,,,,,,
P07686_327_H6N3F1,284.132,,,,,229.053,226.334,,,,434.542,,,,175.068
P07686_327_H6N4,,,582.401,403.998,,,198.54,473.657,,,,,495.166,511.455,
P07686_84_H5N4,,205.597,219.374,216.836,,,,,,,,,,,
P07686_84_H6N3,,,,,312.41,,,,,,,,,,
P07942_677_H6N2,,223.837,,,180.683,,,,,343.877,,,,,
P07942_677_H8N2,,377.379,327.358,344.817,546.697,,,164.666,91.4765,,307.783,243.013,264.534,307.209,433.367
P07942_677_H9N2,,399.519,598.225,635.295,656.917,,,,128.933,,,385.724,479.143,430.409,414.963
P07996_1067_H4N7,195.45,154.323,214.24,171.672,280.775,157.012,168.124,313.347,272.017,318.978,95.7881,,,149.285,236.62
P07996_1067_H6N4,,,,,84.3306,,,,,,,,,,
P07996_1067_H7N4,620.124,667.882,,,630.201,482.583,443.29,,388.671,361.406,253.212,86.6292,364.623,271.02,222.513
P07996_1067_H7N4F1,,,,60.8891,,,,292.293,111.603,,63.8599,,,,178.029
P08069_900_H6N2,276.328,,269.395,273.52,207.446,,,,,,,,,,
P08069_900_H6N3,154.601,,155.459,116.123,320.256,,,,,,,,,179.781,
P08069_900_H6N3A1,158.566,,,,,,,,,,,,,,
P08069_900_H6N3F2,,90.639,,,,,,,,,,,,,
P08069_900_H7N2,153.285,,114.264,215.245,103.797,,,,,,,,,,
P08069_900_H8N2,107.706,,76.4265,,93.3847,141.887,232.702,633.27,498.047,,150.94,,,,
P08069_900_H9N2,109.299,,81.7828,130.224,229.928,239.437,334.704,240.6,340.458,408.405,168.307,,171.005,129.078,
P08195_280_H6N5F7,,,,,210.408,,,,,,,,,,
P08195_280_H7N6A1,,,,,103.576,,,,,,,,,,
P08195_280_H7N6A2,,,,509.239,,,,,,,,,,,
P08195_280_H7N6A3,,247.664,,,,,,,,,,,,,
P08195_280_H7N6F2,,,,,252.408,,,,,,,,,,
P08195_280_H7N6F4,,,355.749,,,,,,,,,,,,
P08195_280_H9N6A1,,,,,274.328,,,,,,,,,,
P08236_272_H10N2,124.637,,406.759,268.716,460.909,,,83.1648,60.812,393.66,168.463,99.8646,384.664,195.588,620.186
P08236_272_H4N4F2A1,,,,,81.5994,,,,,,,,,,
P08236_272_H9N2,,,189.135,,,,,,,,,94.8555,207.435,,509.682
P08581_785_H4N6F1,120.415,,,,,,,,,,,,,,
P08581_785_H5N4F1A1,164.771,,279.075,163.151,,,,,,,,,,,
P08581_785_H5N4F3,202.251,,274.206,,,,,,,,,,,,
P08648_675_H6N2,251.129,,,137.464,,,85.5156,,,,,,,,529.152
P08648_675_H7N2,87.3968,361.381,291.691,308.232,,191.913,385.918,253.646,221.333,,250.117,218.635,,346.756,727.272
P08648_675_H8N2,167.256,,,,,,,,,,,,,,
P08648_868_H12N2,340.738,68.8086,130.833,,101.27,,,,,,104.644,,,133.967,
P08648_868_H4N5F2A1,,,,,180.252,,,,,,,,,,488.02
P08648_868_H5N4F1A1,,,,,196.598,,,,,,,,,183.912,
P08648_868_H5N4F1A2,,85.7226,,,89.4163,,,,,166.765,,91.4156,,,
P08648_868_H5N4F2A1,272.349,238.182,342.334,270.679,382.742,,,,,253.567,,,,,
P08648_868_H5N4F4,196.281,,132.493,,,,,,41.2635,,,,,,238.405
P08648_868_H5N5F2,,,,126.049,417.372,,,,,,,,,307.151,156.297
P08648_868_H5N5F2A1,68.9385,,,,,,,,,,382.355,102.543,,206.972,
P08648_868_H9N2,,,,,66.1829,,,,,,,,,,99.5336
P08962_130_H10N2,,,179.799,410.265,,,,,,375.27,,,933.591,,582.537
P08962_130_H10N9,146.279,,,,85.885,,,,,,,116.759,161.044,,
P08962_130_H5N4F1,274.138,,,,140.957,889.822,971.375,1091.67,1086.98,1367.07,350.775,1261.48,1613.33,1583.85,979.549
P08962_130_H5N4F1A1,206.237,,279.351,253.589,442.931,878.18,796.61,550.329,835.79,4314.24,1067.33,1053.2,,837.063,907.299
P08962_130_H5N5F1,,,,,250.209,577.636,,,,254.785,396.81,,707.034,,
P08962_130_H6N3F1,,,,,55.5027,1448.5,2922.95,1869.95,1896.3,690.367,,,,,328.185
P08962_130_H6N5A3,,281.769,,,,,,,,,102.983,,,,
P08962_130_H6N5F1,,,,,408.45,200.468,,274.615,145.078,299.862,,2006.43,2576.47,2458.76,786.948
P08962_130_H6N5F1A1,182.839,339.379,209.742,203.615,516.706,472.25,202.895,538.041,339.309,1424.29,1798.29,1497.38,2399.41,798.963,743.116
P08962_130_H6N5F1A2,1182.6,842.143,798.045,167.745,883.015,682.952,147.349,458.116,208.808,349.439,979.56,1780.45,1407.48,1228.3,1472.22
P08962_130_H6N5F1A3,323.852,154.367,376.018,222.536,,119.202,,,53.676,,224.827,942.532,1998.3,797.716,832.93
P08962_130_H6N5F2,107.011,,,,154.295,,,,,,,,,,
P08962_130_H6N5F2A1,97.4777,,,,123.284,,,,,223.241,,,,,
P08962_130_H6N5F3,300.832,,,,120.098,297.528,,,,,156.123,,,320.198,
P08962_130_H6N5F3A1,,,,,148.407,76.6065,,294.857,158.099,355.919,142.657,203.157,72.6079,,
P08962_130_H6N5F4,,128.162,,116.264,,,,,,,,,,,
P08962_130_H7N6F1,198.14,,,,133.562,,,,,,1092.66,446.944,82.3765,621.76,481.119
P08962_130_H7N6F1A2,272.123,146.973,174.47,,227.895,,,,,,568.451,243.292,1060.74,417.099,
P08962_130_H7N6F4,75.5796,,,,,,,,,,,,,,
P08962_130_H7N6F5,,,234.196,,216.824,,,209.118,,,,,,,
P08962_130_H8N2,,,,,694.916,,,,,416.597,,255.143,180.696,,333.512
P08962_130_H8N7F1A1,71.2744,,,,,,,,,151.28,,149.313,,333.322,409.616
P08962_130_H8N7F3,125.503,89.7819,,,,,,,,,,300.589,448.174,119.299,162.23
P08962_130_H8N7F3A1,,153.769,,,,,,,,,111.915,134.147,147.372,218.691,
P08962_130_H9N2,291.785,,,,745.133,,,,,775.352,,,40.2619,,1399.12
P0C0L4_226_H3N4A2,,116.698,84.972,133.051,,,,,,,,,,,
P10316_110_H10N2,,,,178.676,166.889,104.047,83.3364,,,,89.6166,163.223,309.383,340.08,173.39
P10316_110_H12N2,,112.487,,,,124.391,,53.4199,88.5011,93.2876,,,,,
P10316_110_H4N5F1A1,93.4455,,,,,,,,,,,,,,
P10316_110_H4N5F2,,,,,277.44,,,,,,,,,,
P10316_110_H4N5F2A1,405.016,58.5946,242.571,102.549,314.859,,,,,,64.9269,83.5182,79.4643,,103.393
P10316_110_H4N5F3,322.123,,,,,,,,,,,,,,
P10316_110_H5N4F1A2,,,218.29,,,,,,,,,,,,
P10316_110_H5N4F2,,,,76.7681,,73.1619,,,,,,,,,
P10316_110_H5N4F2A1,139.783,99.4715,,90.8379,278.618,,,,,,,,,,
P10316_110_H5N4F3,128.796,107.291,,89.5457,208.753,,303.808,253.312,,257.044,,,,,
P10316_110_H5N4F4,213.073,75.7914,92.9526,,269.386,,,,,,,66.1111,,,
P10316_110_H5N5F1,,,,,111.669,524.555,1145.81,,1002.44,840.528,,,,,184.354
P10316_110_H5N5F1A1,142.763,62.073,125.054,93.0418,,319.884,,102.328,75.4188,114.192,422.071,,,205.119,
P10316_110_H5N5F1A2,146.977,144.874,,,58.1555,,,,,,78.4836,85.9373,123.473,,69.5733
P10316_110_H5N5F2,,,,,182.862,,,,,,,,,,
P10316_110_H5N5F2A1,138.593,,,37.894,179.039,,,,,,,,,,44.1966
P10316_110_H5N5F3,130.107,62.2514,244.202,122.329,,,,216.065,79.7135,141.39,486.383,,,,
P10316_110_H7N6,,,,227.005,,,,,,,,,,,
P10316_110_H7N7,,,134.079,,,,,,,,,,,,
P10316_110_H9N2,80.0095,,,,152.276,,,,,129.187,154.423,,,209.693,229.603
P10619_333_H5N3,104.106,,,,,,,,247.202,,,,,,
P10619_333_H6N2,760.846,,768.048,1212.92,918.714,632.26,293.383,584.154,1170.39,799.16,1263.46,,,633.383,459.443
P10909_103_H4N6,278.158,,,,,,,,144.885,,,,,,
P10909_103_H9N2,210.029,,,89.7236,208.439,154.252,76.0674,,,222.442,,,,,
P10909_291_H10N2,,77.9568,174.801,134.338,,,509.327,,76.9952,,,,,,
P10909_291_H5N6F1,,,218.72,,,,486.88,,171.333,,,,,,
P10909_374_H8N2,347.848,408.335,299.874,478.317,286.1,245.658,336.165,361.337,522.65,277.547,308.667,261.423,417.145,326.879,466.917
P10909_86_H10N2,,,,,126.157,,,,,,,,,,
P10909_86_H9N2,187.107,,123.33,,,,,,,,,,175.002,130.596,348.209
P11047_1022_H3N6,,,,72.07,,,,,,,,,,,
P11047_1022_H8N2,,,94.3348,,,,,,,,,,,,
P11047_1022_H9N2,,,180.92,72.2572,102.833,,,,,,,,,,
P11047_1107_H3N4A2,,,,,339.776,,,,,,,,,,
P11047_1107_H3N6,108.931,,,,,,,,,,,,,,
P11047_1107_H4N3F3,,,,,384.21,,,,,406.871,,,,,82.8039
P11047_1107_H5N4F1A1,95.9638,,,,,,,,,,,,,,
P11047_1107_H6N2,918.169,410.936,159.245,361.388,192.7,,,140,100.265,335.799,471.612,641.84,158.213,337.785,336.293
P11047_1107_H7N2,197.72,251.485,168.537,,140.399,165.535,,200.461,,131.521,251.135,209.446,,297.02,80.0621
P11047_1107_H8N2,456.542,735.909,870.23,507.949,323.104,653.695,687.23,274.511,650.77,203.06,1403.62,804.837,143.177,934.348,1037.36
P11047_1107_H9N2,208.277,,413.957,84.4391,53.8344,,,164.999,135.759,,96.7461,,,,
P11047_1205_H3N6,,,,,57.8721,,,,,38.7372,,,,,
P11047_1205_H4N3F3,380.97,,,281.207,,443.839,143.331,,262.372,342.083,213.062,,,167.235,
P11047_1205_H4N6,,,,,221.888,,,,,,,,,,
P11047_1205_H6N2,152.013,,128.641,345.351,,76.1138,743.55,,452.537,,97.1569,189.078,,292.706,
P11047_1205_H7N2,638.882,,,,380.153,223.635,,348.887,997.107,352.552,,,,,301.001
P11047_1205_H8N2,240.518,685.992,416.069,877.462,120.03,871.93,851.675,1097.85,771.222,,843.948,311.704,959.812,829.534,
P11047_1205_H9N2,197.979,,,,,178.564,,,362.499,,,,,,
P11047_1223_H3N6,70.5657,,,,,,,,,,,,,,
P11047_1223_H4N3F3,,,146.811,141.962,391.74,,117.083,309.966,291.403,569.731,,,,,
P11047_1223_H6N2,645.542,559.48,257.665,816.356,,709.91,323.32,387.748,793.444,,307.551,529.07,209.581,445.585,
P11047_1223_H7N2,,,,239.139,,259.323,219.743,147.122,,,,,,,
P11047_1223_H7N7F1,,250.483,,,,174.341,,,,,,,,,
P11047_1223_H8N2,,,26.6945,,,1002.56,24.3368,,86.498,668.534,,,,,1290.81
P11047_1241_H4N3F3,,,,,156.073,,109.981,,,113.791,,,,,
P11047_1241_H5N4F1,,130.311,,103.013,204.654,,,,,,,,,,
P11047_1241_H6N2,389.479,435.725,281.879,276.279,710.583,504.276,288.615,558.829,560.862,1623.62,295.185,586.921,833.635,686.075,808.838
P11047_1241_H7N2,,207.045,,,400.625,,,,,283.881,,433.895,213.641,,394.524
P11047_1241_H8N2,1786.85,1047.41,1113.35,1375.95,754.008,828.847,195.088,1058.99,1239.1,1122.09,291.762,1557.62,1244.18,1449.81,1829.46
P11047_1241_H8N7,372.002,,,846.837,,,,,,,711.648,,,459.866,
P11047_1241_H8N7A1,,,399.299,,,,,,,,,,,,
P11047_1241_H9N2,113.504,93.2277,,95.3326,173.045,109.6,179.025,,,,,70.8443,,119.737,164.789
P11047_650_H10N2,,,35.4719,,,300.076,203.244,259.403,250.445,134.534,,,,,
P11047_650_H3N4A2,,331.771,387.355,,399.371,,,,181.441,475.08,,,,264.194,329.893
P11047_650_H8N2,263.871,248.195,235.438,216.66,118.765,416.431,361.75,310.65,366.502,518.558,269.538,400.608,285.881,470.234,
P11047_650_H9N2,1000.35,812.048,853.128,213.673,861.246,623.034,288.034,361.599,428.914,685.747,630.58,962.4,850.868,160.769,1719.44
P11117_167_H3N4A2,,,,,579.176,,400.479,,,631.479,,,,,381.349
P11117_167_H4N3F3,,,,267.881,768.271,,263.616,122.296,,351.108,,,,,547.856
P11117_167_H5N2,170.176,162.644,,162.796,,411.527,651.661,660.796,513.558,,198.55,,,163.657,
P11117_167_H6N2,746.066,146.421,374.542,216.674,485.919,312.584,605.634,493.388,508.17,649.66,127.299,,274.369,236.432,686.951
P11117_167_H7N2,767.518,483.551,435.088,623.999,596.187,429.178,508.443,462.655,724.761,415.522,334.062,210.821,146.981,334.256,308.799
P11117_167_H8N2,1743.61,1883.02,1872.26,1239.17,2049.6,1374.94,2286.72,2008.24,2223.62,1223.76,1636.22,1154.55,1173.78,1312.79,1550.33
P11117_167_H9N2,576.563,259.384,,835.069,1225.95,759.651,,438.657,394.114,479.301,167.458,,104.674,271.035,368.353
P11117_92_H5N4F1A1,115.981,183.778,259.135,102.207,,,,,,,,,,,
P11117_92_H5N4F3,113.112,,113.264,,,,,,,,,,,,
P11117_92_H6N5F1A2,,98.3187,,,,122.54,,,105.277,,,,,,
P11117_92_H6N5F3A1,137.119,,,,,,,,,,,,,,
P11279_103_H4N6,417.269,282.258,,348.626,,,,,,,767.846,1183.51,1655.77,1109.74,
P11279_103_H5N2,551.356,913.356,277.023,1131.71,,655.406,1132.89,1059.33,1070.44,,2609.37,1738.99,1557.18,1541.2,943.078
P11279_103_H5N3,,,,,421.072,,,,,,,574.542,523.496,620.327,359.361
P11279_103_H5N3A1,607.193,,,437.618,,,,,,,1353.68,,,1932.19,1191.57
P11279_103_H5N4A1,120.936,,143.489,130.423,,,,,,,,,,,
P11279_103_H5N4F2,,219.363,,,,,,,,,,,,,
P11279_103_H6N2,886.956,1359.09,2280.32,1414.3,825.777,443.224,476.273,526.026,574.495,715.703,1398.29,1564.75,2337.13,1734.39,1318.33
P11279_103_H6N3,954.233,1307.93,3848.04,1577.52,1452.75,489.182,745.518,705.187,638.119,1652.19,1951.12,2250.86,2630.83,1853.43,1723.73
P11279_103_H6N3A1,2505.75,4067.28,3918.76,4782.23,2566.11,571.684,1405.85,819.346,901.625,1825.32,7714.11,4491.8,7174.27,8138.14,3856.85
P11279_103_H6N3F2,85.4786,,,144.79,,,,,3107.54,1178.07,,,,370.923,
P11279_103_H7N2,1212.94,1194.4,2620.81,910.339,1597.76,653.922,1183.36,1744.9,962.713,1145.11,2234.41,2020.23,1616.78,1751.78,2142.08
P11279_103_H9N2,395.735,726.7,,451.857,,,,,,,84.3174,159.811,634.327,909.076,
P11279_121/130_H5N4F1,477.18,,,,,,237.071,,,,571.718,121.996,,,
P11279_121/130_H5N4F5,336.01,,,,,279.155,,,,,,,,,
P11279_121/130_H6N4F1,134.152,,,,,,89.2495,,,,851.958,,,,
P11279_121/130_H6N7,295.054,,,201.636,,,,180.743,,,,,,,
P11279_121/130_H7N4F1,361.425,266.256,169.404,161.137,106.413,429.227,251.933,682.589,245.524,,2085.24,936.051,435.182,154.653,
P11279_121/130_H8N4F1,615.645,615.564,64.8703,790.917,142.216,98.89,,481.891,766.787,,2673.21,1151.58,252.309,1031.61,109.2
P11279_249_H5N4F1A1,,910.245,1103.41,218.602,398.54,,,,,,,,970.989,,
P11279_249_H9N2,,,,,257.089,,,,,,,,,,233.392
P11279_261_H10N2,,,,,179.904,,,,,,,85.1526,,,
P11279_261_H10N9,68.9601,,,,,,,,,,,,,,
P11279_261_H3N7,,,,,232.867,,,,,,,,,,
P11279_261_H4N3F1,250.182,,102.337,,99.3449,,,,,,,,,,
P11279_261_H4N3F3,89.223,,,,,,,,,,161.754,,,,131.787
P11279_261_H5N2,,,219.782,,,,476.081,758.584,,,178.181,,137.801,321.654,208.988
P11279_261_H5N3,162.229,194.968,181.888,,,,,,,,239.857,,109.275,321.016,310.137
P11279_261_H5N3A1,85.7754,,,,,,,,,,148.857,,323.6,193.726,195.346
P11279_261_H5N3F1,317.883,188.271,544.511,820.175,864.769,209.497,322.719,207.009,419.245,622.715,737.699,515.446,809.154,1049.43,1664.88
P11279_261_H5N3F1A1,443.956,280.233,128.52,305.842,406.05,116.735,,83.602,,1005.79,1038.96,1677.66,1447.53,666.3,3101.93
P11279_261_H5N4,59.3056,,,,67.6915,,,,,,54.1987,,,,
P11279_261_H5N4F1,733.371,671.184,438.694,56.945,1046.96,88.9126,88.0044,236.964,,538.061,299.427,508.282,615.619,497.618,1191.16
P11279_261_H5N4F1A1,493.921,432.101,91.8606,577.521,530.145,,,,,,167.691,,1418.8,988.097,2789.95
P11279_261_H6N2,,,,,148.85,,,,,,,,,,
P11279_261_H6N3,593.293,807.968,634.157,809.476,1206.92,119.236,478.627,395.205,384.149,888.895,1011.39,1962.35,937.004,512.989,1964.91
P11279_261_H6N3A1,379.11,,131.473,220.455,,,,,,,520.172,1718.68,1531.51,1547.76,1314.17
P11279_261_H6N3F1,629.691,658.423,288.286,338.296,301.05,536.897,1187.44,644.299,1200.27,7209.7,577.711,675.7,1409.57,924.978,2788.54
P11279_261_H6N3F1A1,79.1519,,,270.24,391.112,75.5434,98.7229,199.671,58.508,1388.21,690.101,507.606,1397.15,1227.66,2163.96
P11279_261_H6N4F1,,,,,119.488,,,81.1362,,182.475,274.361,350.671,506.765,165.919,1466.39
P11279_261_H6N4F3,,,,74.4731,,,,,,,172.989,,,,
P11279_261_H6N5F1,487.395,910.277,635.078,575.238,465.013,,,,,,387.18,,728.048,437.624,635.492
P11279_261_H6N5F1A1,113.387,249.825,428.337,,309.381,,,,,,,325.403,554.779,160.87,
P11279_261_H6N5F3A1,,,,108.107,,,,,,,,,,134.197,
P11279_261_H7N2,196.311,234.584,,133.849,242.489,,,,,,,,96.5427,,112.37
P11279_261_H7N6,,,,,178.077,,,,,,,,,,
P11279_261_H7N6A1,,,,,285.191,,,,,,,,,,
P11279_261_H7N6F1,,1231.76,966.452,468.036,309.301,,,,,,,501.325,622.649,1458.19,6694.52
P11279_261_H7N6F2,240.058,,,,,,,,,,,,,,
P11279_261_H7N6F4,99.2605,,82.5726,,,,,,,,,,,,
P11279_261_H8N2,,,,163.422,119.261,,,,,255.831,172.536,301.292,213.301,,282.076
P11279_261_H8N7F1,270.777,,216.405,,256.035,,,,,,,233.415,,,780.084
P11279_261_H8N7F1A1,,,97.2297,,,,,,,,,111.068,,,
P11279_261_H8N7F3,,,236.973,87.4729,,,,,,,76.5347,106.417,,,192.205
P11279_261_H9N2,127.112,195.638,,81.2077,222.576,202.008,,43.7433,65.5245,165.79,,144.983,248.683,127.038,420.501
P11279_322_H7N2,,,139.834,159.861,,,,,,,,,,,
P11279_322_H8N2,,469.161,554.849,1050.1,1191.31,,,399.084,97.7896,,4185.19,919.797,846.325,,977.42
P11279_322_H9N2,3898.32,2691.99,2032.36,3717.96,121.867,,936.545,1160.47,303.23,997.372,16338.4,2444.08,1372.36,656.587,4782.79
P11279_84_H3N3F3,847.138,607.34,,898.678,,,607.972,869.262,,,981.418,1376.11,838.132,1034.11,434.149
P11279_84_H3N4A2,,,,,105.891,1479.83,684.489,828.64,359.236,,,,,,
P11279_84_H4N4F3,,487.554,,,,,129.305,,,,,647.412,,561.669,
P11279_84_H6N6F4,,,85.9193,,,,,,,,,,,,
P11279_84_H9N2,304.771,,,172.576,,,,,,,,,135.376,,
P11717_112_H4N3F1,,88.6949,225.669,228.112,,59.8313,,,,,,,,54.1226,
P11717_112_H4N4F1,117.228,217.644,,159.651,,,,,179.039,,160.905,,,143.063,
P11717_112_H4N5F1,200.629,,,150.49,,,,,82.0388,,,,115.299,235.666,
P11717_112_H4N5F2,213.546,50.7278,25.785,105.279,,,,,,,,,,,
P11717_112_H4N6,,,,36.8054,,,,,,,,,,,
P11717_112_H5N4F1,210.575,,,49.831,,272.343,330.878,107.466,106.761,,,,,,
P11717_112_H5N4F1A1,,,,68.3405,,,,,,,,,,,
P11717_112_H5N4F2,,60.2048,,,,,,,,,,,,,
P11717_112_H5N4F3,224.376,179.85,54.7129,83.882,,,,,,,,,,,
P11717_112_H5N5F1,657.241,200.467,62.8405,155.345,172.731,,,,,,229.015,,125.453,176.62,
P11717_112_H8N2,194.323,,,119.962,,,,,,,,,,,
P11717_112_H9N2,200.099,88.8645,107.572,141.714,,514.542,128.643,,200.44,,70.6861,,,141.883,
P11717_1246_H12N2,551.954,,158.811,277.344,,,,,,,,,,,
P11717_1246_H5N4F1A2,,,,,273.798,142.701,,,,,,,,,
P11717_1246_H5N5F1,529.833,,133.508,,,,309.786,,783.628,,,,,,
P11717_1246_H7N6,,,,358.716,,,,,,,,,,,
P11717_1246_H9N2,318.55,,,,,330.624,,,,,,,,,
P11717_1312_H10N2,861.151,867.233,661.937,798.589,2128.24,786.803,764.862,598.056,525.907,1477.23,257.386,529.826,502.189,823.547,513.205
P11717_1312_H6N2,,,,,122.475,,,,,,233.31,,,,
P11717_1312_H7N2,2004.35,1946.28,1047.05,1516.76,1592.56,564.283,522.078,596.401,520.628,493.355,2495.62,1434.83,1250.96,1747.83,691.883
P11717_1312_H8N2,2519.36,7310.6,4580.32,2352.98,2174.25,2182.87,2179.83,1357.15,1359.47,931.541,3609.61,2166.24,1669.03,2364.04,1508.34
P11717_1312_H9N2,1868.69,1997.21,1802.43,1296.6,1345.19,1453.66,1531.59,1214.48,1017.53,741.017,2590.37,1372.67,587.147,1814.94,592.838
P11717_1656_H10N2,,,,,377.222,737.936,557.702,795.49,683.265,574.614,,,,,
P11717_1656_H12N2,1703.9,950.456,,476.325,,,,,,,349.298,599.779,,,478.722
P11717_1656_H5N4F1,,219.01,,,403.989,,,,,,,,,,
P11717_1656_H5N4F1A1,425.567,343.67,,,,,,,,,381.573,,,,
P11717_1656_H5N4F1A2,895.346,,510.185,352.62,,,,,,,530.357,,,,
P11717_1656_H5N4F2A1,,,591.856,205.569,,,,,,,,,,,
P11717_1656_H5N4F3,588.823,331.151,469.659,,,,,,,,367.723,441.102,440.199,,
P11717_1656_H5N4F4,,,231.726,243.833,,,,,,,,,,,
P11717_1656_H8N2,,,198.407,202.851,346.882,275.081,,,,543.309,231.567,166.256,,,
P11717_1656_H9N2,518.298,,,,,679.734,,,,695.981,928.524,587.657,445.473,,268.531
P11717_1757_H4N6F2,,130.393,,,,,,,,,,,,,
P11717_1757_H5N4A1,493.957,877.3,313.494,255.768,,,,,,,709.537,,,205.677,
P11717_1757_H5N4F2A1,,,,180.807,,,,,,,,,,,
P11717_1757_H9N2,,,,,239.157,115.252,183.871,,320.625,,,,,,
P11717_400_H5N2,,3072.63,4746.58,,599.378,,,178.06,,202.75,,4542.6,6315,287.93,509.25
P11717_400_H6N2,,,,,183.891,,,,,,,,,,
P11717_400_H7N2,,,456.481,,322.64,,,,,340.651,,,,,425.72
P11717_400_H8N2,,,,,608.277,,,,,,,,,,1024.78
P11717_400_H9N2,,,634.271,,,,,747.596,,,,388.504,,,1008.51
P11717_435_H5N4F1A1,,,,,317.568,,,,,,313.275,,,280.038,
P11717_435_H6N2,,,51.6071,,,,,,,,103.103,,,,
P11717_435_H6N5F3,,149.287,,,,,,,,,,,,,
P11717_435_H6N6F1,97.4327,265.657,95.1686,,,,,,,,,,,,
P11717_435_H9N2,218.292,119.474,81.6451,59.5098,51.7695,127.904,,170.011,,,,170.183,,,96.3315
P11717_581_H10N2,317.599,,,,404.475,600.709,83.0391,157.632,222.491,,,,,,
P11717_581_H5N2,,309.605,,,,,,,,,,336.672,,,
P11717_581_H6N2,3433.66,,,,,,,,,,,,,,
P11717_581_H8N2,1006.71,1637.27,1219.32,1455.11,1647.93,459.057,483.104,364.692,,1157.82,1661.89,1343.83,,,1592.76
P11717_581_H9N2,989.709,93.353,862.072,671.053,,1210.49,1095.95,697.354,1048.76,,661.005,1059.38,,331.332,
P11717_747_H12N2,172.935,,,,,,,,,,,,,,
P11717_747_H3N4A2,,81.983,63.2535,,135.236,83.8378,111,,,162.301,,,,,
P11717_747_H5N4F1A1,414.935,,,,,,,,,,,,,,
P11717_747_H5N4F3,511.517,,,,,,,,,213.132,,,,,
P11717_747_H6N4F2,,,,,197.081,,,,,,,,,,
P11717_871_H12N2,425.431,,261.845,,,,,,,,,,,,
P11717_871_H3N4A2,152.99,,,,,68.9581,,,,153.647,,,,,
P11717_871_H5N4F3,1340.48,707.008,576.328,241.955,572.5,80.0435,,583.82,344.839,327.014,,,,,
P11717_871_H5N4F5,,,,,317.661,,,,,,,,,,
P11717_871_H6N3F3,,96.4801,,,,,,,,,,,,,
P11717_871_H6N4F2,,,,,91.4184,,,,,154.051,,,,,
P11717_871_H7N6,509.332,,,,,,,,,,,,,,
P11717_871_H9N2,115.243,74.1185,,,,,415.57,,,,,,,,
P12109_212_H3N6,,,,89.5013,,,,,,,,,,,
P12109_212_H6N2,174.439,,,,193.8,,,,,,,313.933,158.877,217.688,
P12109_212_H8N2,620.021,97.9971,100.123,104.813,88.8015,,33.7671,284.1,43.9849,,548.096,312.412,611.174,804.979,247.51
P13473_101_H3N4A2,,,,,240.087,,,,,217.608,,,,,
P13473_101_H5N4A1,,,,,400.202,381.86,,,,375.742,407.34,,396.452,,1402.78
P13473_101_H5N4A2,331.131,,,,,,,,,,,,,,
P13473_101_H5N4F2,308.926,,,308.469,,374.689,,,,,,,,,
P13473_101_H5N4F2A1,,,,,143.48,,,,,,,,,,250.259
P13473_101_H5N4F4,,110.771,,,156.794,,,,,,,,,,
P13473_101_H6N5A2,,,,,209.754,,,,,344.373,,,,,
P13473_101_H6N5F4,483.921,,271.944,,,,,,,,,,,,
P13473_257_H3N2F1,,,,,138.304,,,,,,,,,,
P13473_257_H3N7,,,,,122.05,,,,,,,,,,
P13473_257_H4N3F1,,,,170.559,,338.082,143.709,,371.237,,,,,,
P13473_257_H4N3F3,83.8332,,,,,,,,,,94.9029,,,117.565,
P13473_257_H4N6,73.4043,49.3315,,43.141,,151.554,,227.664,,,,,,,
P13473_257_H5N3F1,,,,,431.965,4640.07,2268.55,4186.22,1244.01,363.638,,,,,
P13473_257_H5N3F1A1,188.784,188.509,186.99,282.274,360.876,712.97,834.212,748.941,1191.29,1916.69,299.698,463.088,502.675,677.04,1089.83
P13473_257_H5N3F3,,102.015,,,,,,,,1784.59,120.519,,161.859,370.587,
P13473_257_H5N4F1,568.448,354.074,373.129,287.648,990.419,959.749,622.528,1756.29,1117.86,236.186,457.607,423.558,,309.551,
P13473_257_H5N4F1A1,447.158,230.097,327.804,423.621,643.938,247.367,233.537,131.841,86.6234,,229.502,347.688,261.043,393.322,432.065
P13473_257_H5N4F1A2,,,61.7347,,,,,,,,203.645,,,,
P13473_257_H5N4F2,273.842,,,,74.7047,,,,,,,,,,
P13473_257_H5N4F3,,233.302,320.178,219.983,,,191.38,192.387,87.1076,,,,,55.885,
P13473_257_H6N3F1,61.5356,,,,233.32,838.98,1709.66,2908.88,3630.93,1903.82,458.652,,307.953,,389.766
P13473_257_H6N3F1A1,95.5784,,77.4004,66.0714,118.986,1250.01,886.608,1361.24,940.346,2661.33,339,196.858,228.012,211.609,590.832
P13473_257_H6N3F3,206.341,70.6689,,49.301,141.191,61.743,98.0474,60.9678,,434.566,,248.337,107.312,,558.9
P13473_257_H6N4F1,57.6376,126.257,122.018,87.114,,1608.46,2553.73,3514.09,1842.03,2686.53,273.529,71.6918,246.554,143.107,778.776
P13473_257_H6N4F2,,34.5021,,,,43.8115,,,,,108.522,76.8633,163.654,93.3565,
P13473_257_H6N4F3,96.2517,157.676,52.2217,34.3213,,160.456,165.015,710.266,396.975,887.445,75.9189,106.663,109.625,348.286,
P13473_257_H6N5F1,1038.14,257.458,458.26,134.475,,515.902,578.72,289.216,545.722,1843.32,566.62,686.18,,267.21,910.197
P13473_257_H6N5F1A1,748.806,1479.1,1308.32,805.847,721.349,306.678,206.477,184.765,81.8847,572.953,913.126,828.134,914.637,920.098,1909.7
P13473_257_H6N5F1A2,594.197,916.234,301.414,900.262,430.216,225.576,179.794,,330.528,,1397.51,,633.878,338.304,310.503
P13473_257_H6N5F2,144.857,188.876,169.418,211.703,570.687,,,,,,,,,,
P13473_257_H6N5F2A1,,141.001,188.757,103.407,,,,,,,,,,,
P13473_257_H6N5F3,123.617,,297.958,61.0254,,346.344,224.077,372.059,59.9428,272.457,464.791,,799.075,262.496,296.289
P13473_257_H6N5F3A1,110.7,410.633,253.052,344.997,,140.578,,157.857,57.6849,,244.983,,,399.378,
P13473_257_H6N5F4,112.158,180.356,95.7138,148.749,491.969,,,,,,,,,,
P13473_257_H6N6F1,83.7173,56.4326,,,,62.0261,,,,,280.734,,,,
P13473_257_H6N6F1A1,65.3814,163.45,188.163,,,,,,,,265.386,,94.2148,279.654,
P13473_257_H7N2,,,,,108.064,,,,,,,,,,
P13473_257_H7N6,,,,65.0795,,,,,,,,,,,
P13473_257_H7N6A1,,,320.743,,72.5203,,,,,,,,,,
P13473_257_H7N6A2,57.6459,,,,,,,,,,,,,,
P13473_257_H7N6A3,,218.148,,,,,,,,,,,,,
P13473_257_H7N6F1,338.466,1446.07,968.01,636.48,2119.98,620.54,772.45,500.453,756.206,2003.81,757.596,74.9895,909.791,1528.36,4447.24
P13473_257_H7N6F1A2,1417.88,430.775,973.563,1130.96,1798.91,221.45,118.42,568.742,141.442,251.04,432.573,426.058,840.888,959.437,1261.62
P13473_257_H7N6F1A3,,,273.636,,,,,,,,,,,,516.232
P13473_257_H7N6F2,48.3542,503.979,42.5129,195.406,,,,,,,,,,,
P13473_257_H7N6F3,,63.2684,122.94,106.667,,49.9703,133.611,346.954,192.076,602.248,340.068,308.852,242.902,171.6,
P13473_257_H7N6F4,96.3505,,170.59,70.0358,74.2041,,,,,,,,,,
P13473_257_H7N6F4A1,,,,112.923,,,,,,,,,,,
P13473_257_H7N6F5,,130.315,,,,217.794,339.055,,,337.253,242.8,,,,233.391
P13473_257_H8N2,88.4142,149,120,163.12,161.004,87.7884,94.2555,168.845,95.4812,175.924,67.3789,64.0909,173.073,110.71,
P13473_257_H8N4,79.2796,,,,,,,,,,,,,,
P13473_257_H8N7,169.155,281.586,56.6909,,,,,,159.339,219.197,,,396.791,,
P13473_257_H8N7F1,230.721,,273.308,,,,,,,,,,,,
P13473_257_H8N7F1A1,79.8816,136.811,,119.326,,,,,,,394.64,154.111,639.86,355.426,
P13473_257_H8N7F3A1,151.165,101.34,,114.96,110.03,,,,,,301.856,125.111,414.592,294.627,263.639
P13473_257_H9N2,349.043,302.612,343.791,54.6126,497.354,631.773,341.165,489.283,253.102,520.579,783.35,365.546,759.089,162.954,649.397
P13473_257_H9N8F1,100.199,100.452,,,,,,,,,,,,,
P13473_275_H10N2,,,,,146.89,,,,85.4755,,,57.7664,,,
P13473_275_H5N4,,,,,162.312,,268.509,302.089,323.002,239.465,,,,,
P13473_275_H5N4A1,818.116,992.545,278.328,1180.11,1275.38,1470.68,1050.93,298.818,185.044,2208.83,100.634,,,,572.59
P13473_275_H5N4F2,,,,,158.551,,,,,,,,,,
P13473_275_H6N5,,,,167.362,3156.78,,1665.62,291.609,822.61,2373.35,,245.402,,,1098.03
P13473_275_H6N5A1,10993,737.884,10351.6,12558.9,2073.32,777.884,8677.01,5967.63,7111.28,5048.94,636.381,5724.15,5559.86,9389.1,150.196
P13473_275_H6N5A2,1307.49,989.452,1059.78,929.463,745.321,633.746,,536.078,283.556,,814.106,758.039,,699.025,524.895
P13473_275_H6N5F1,,,,,203.337,,,,772.589,67.6999,,,,,
P13473_275_H6N5F1A1,871.412,,1487.72,1649.88,1977.67,1202.3,1773.67,1286.09,1371.01,5961.21,1259.65,707.624,502.505,808.578,2390.3
P13473_275_H6N5F1A2,,,233.766,,,261.694,274.207,151.567,,,,215.048,,,
P13473_275_H6N6,,636.983,722.689,888.717,876.369,,874.799,633.408,344.773,,,370.847,1059.49,681.778,837.251
P13473_275_H6N6A1,265.969,,,472.827,,144.861,,135.561,,,845.592,714.839,986.063,1072.72,611.529
P13473_275_H7N6,,559.742,757.714,872.196,874.458,,496.287,348.991,272.989,963.146,,,,,387.976
P13473_275_H7N6A1,813.066,2177.86,1199.34,1106.06,1391.92,588.749,771.938,613.802,586.457,366.454,613.216,588.06,1201.49,,
P13473_275_H7N6A2,345.762,887.519,529.648,804.27,814.539,343.237,341.837,320.782,363.239,1671.59,1225.84,565.337,542.238,554.274,
P13473_275_H7N6F3,,,,,185.884,,,,,,,,,,
P13473_275_H8N2,,,,,81.7606,,,,,,,,,,
P13473_275_H8N7A1,,,,,410,,,,,,,,,,
P13473_275_H8N7A2,,,131.913,,,,,,,,110.907,,,,
P13473_275_H9N2,,,76.4083,,,,150.581,238.782,127.344,,,96.9783,,,416.374
P13473_275_H9N4,260.485,478.203,,608.438,560.714,281.017,,,,569.358,580.657,450.93,630.973,841.006,309.876
P13473_32/38_H4N3F1,981.562,63.6287,,,,,,,,,,,,,
P13473_32/38_H5N3F1,94.393,,,222.746,,,,525.68,,,,,,,
P13473_356_H10N2,,226.898,46.75,,54.0261,310.412,,133.748,97.8904,,287.048,267.348,337.814,330.351,110.529
P13473_356_H3N6,,234.167,306.655,227.185,,,,,,,373.984,704.116,645.815,574.412,
P13473_356_H3N6F1A1,,,,170.52,,,,,,,,,,,
P13473_356_H3N6F4A2,,186.302,,,,,,,,,,,,,
P13473_356_H3N7,,,218.844,,,,,,,,351.918,380.871,375.373,370.867,
P13473_356_H4N3,,,,,110.669,,,,,,,,98.9302,,
P13473_356_H4N3A1,212.299,341.437,446.26,291.147,225.967,,,,,,89.5943,,469.949,422.469,154.041
P13473_356_H4N5F1,140.165,,,,,,,,,,119.196,,,195.687,
P13473_356_H4N6,99.5651,49.9596,,48.3113,,,,,,,1237.71,1667.47,2215.65,1688.37,132.668
P13473_356_H4N6F1,,349.903,164.571,,760.182,,,,,177.238,,,,246.806,
P13473_356_H5N2,419.854,541.014,164.403,50.4637,173.321,236.176,1616.59,399.25,422.075,1693.41,350.416,108.414,177.186,457.991,203.402
P13473_356_H5N3,285.209,,159.983,50.6957,323.261,300.177,157.341,147.911,146.271,126.551,125.914,,152.263,148.179,484.756
P13473_356_H5N3A1,1447.36,2578.66,2333.4,1840.45,1225.74,230.382,,92.71,,779.581,2361.8,2931.12,3772.66,5888.88,1767.11
P13473_356_H5N3F1,521.506,53.8775,441.605,156.986,338.806,268.734,159.466,,,1013.11,274.76,123.506,602.157,153.168,506.182
P13473_356_H5N3F1A1,156.769,543.321,306.383,230.719,,,,,,406.602,1073.18,1120.41,306.083,1121.66,805.653
P13473_356_H5N3F2,236.151,1748.46,249.692,97.609,,,254.701,98.7705,80.5822,145.279,,,218.253,2320.79,444.4
P13473_356_H5N3F3,,65.6364,,,323.787,,,,,,,,156.798,,70.5218
P13473_356_H5N4,50.2506,,,118.068,527.36,,,,,,,,166.071,,104.225
P13473_356_H5N4A1,1555.85,1211.76,2319.48,1357.91,2195.86,,,,,,1380.8,1109.95,1389.22,3110.47,2711.18
P13473_356_H5N4F1,455.52,829.574,655.697,643.524,1129.17,,,,,,660.166,591.175,432.241,941.401,571.718
P13473_356_H5N4F1A1,507.409,184.698,221.88,,404.905,,,,,,1184.05,,1733.13,1325.29,1533.1
P13473_356_H5N4F2,407.31,499.445,569.498,639.892,417.658,,,,,,349.167,96.3927,86.7381,42.6352,
P13473_356_H5N4F3,,,,,516.749,,,,,,136.799,,329.31,340.191,
P13473_356_H6N2,365.932,454.233,374.42,585.674,,668.993,1376.25,820.473,477.63,,135.172,153.653,141.51,281.546,
P13473_356_H6N3,595.697,1342.08,1103.08,1373.96,1485.33,785.999,3629.26,3432.23,2482.29,2054.04,861.73,1082.65,925.813,1373.87,1483.9
P13473_356_H6N3A1,2233.04,2983.77,4756.61,2903.45,4447.66,2743.24,2753.39,6638.67,3376.5,1525.37,7597.21,5090.21,9750.03,6265.43,2135.84
P13473_356_H6N3F1,601.231,769.44,215.773,280.924,912.906,1148.54,682.629,215.474,723.539,1160.27,533.016,,698.144,243.796,427.858
P13473_356_H6N4A1,,,129.698,101.867,,,,,,,,,,,
P13473_356_H6N5,,,,,404.784,,,,,,,,91.6752,,259.745
P13473_356_H6N5A1,172.926,461.108,185.163,208.006,442.068,,,,,,279.518,333.383,308.828,415.122,
P13473_356_H6N5A2,,,,125.574,80.204,,,,,,,,,,
P13473_356_H6N5F1,,,73.326,,288.126,,,,,,,,262.124,,631.112
P13473_356_H6N5F1A1,224.035,,,337.785,164.569,,,,,,540.017,295.509,250.744,191.334,140.019
P13473_356_H6N5F1A2,131.483,,53.3002,170.33,135.83,,,,,,447.37,258.516,,439.262,
P13473_356_H6N5F2,,79.7886,,,,,,,,,,273.513,,425.268,
P13473_356_H6N5F2A1,111.306,503.742,435.742,264.257,145.393,,,,,,208.764,,,,195.583
P13473_356_H6N5F3,,,,175.537,,,,,,,,,,,
P13473_356_H6N5F3A1,,,77.9279,,,,,,,,,,,,
P13473_356_H6N5F4,,,,152.304,,,,,,,,,,,
P13473_356_H7N2,454.223,428.983,568.655,1029.04,217.525,542.071,1008.51,909.231,1826,163.652,272.37,347.853,195.361,311.15,
P13473_356_H7N4A1,88.0446,,,,,176.015,,,,384.105,367.211,346.067,296.904,381.566,945.126
P13473_356_H7N6A1,57.9629,,,,,,,,,,,,,,
P13473_356_H7N6F2,,,,51.3588,,,,,,,,,,,
P13473_356_H8N2,63.8731,58.8681,53.1808,,,110.906,,93.4911,151.252,,77.4751,,68.9068,81.2688,
P13473_356_H8N7,130.957,,,118.138,,,,,,,,,,166.229,
P13473_356_H9N2,171.638,274.283,293.986,,214.956,93.6647,126.919,358.087,103.845,246.312,269.024,101.016,264.103,532.778,102.119
P13473_356_H9N2F1,,163.917,,170.048,,,,,,,,,,,
P13473_49_H5N4A1,1641.7,,1388.25,340.833,1204.2,,,,,,,,,,
P13473_49_H5N4F2,359.09,307.595,236.113,,,,,,,,,,,,
P13473_49_H5N5,504.034,549.216,,,,,,,,,,,,,
P13473_49_H9N2,168.52,,,,,,94.7762,,,132.424,,,,,
P13473_58_H11N2,,,,,117.804,,,,,,,,,,
P13473_58_H4N3F1A1,,120.73,,,169.849,,653.598,238.144,395.887,,,246.812,146.769,,602.404
P13473_58_H6N5F1A3,,71.8508,,,,88.5814,309.056,,,,55.5047,,,131.933,
P13473_58_H7N6F1A2,,,,,435.423,,199.304,180.8,,,,,,,
P13473_58_H7N6F1A3,89.2354,,,216.997,,184.321,221.302,167.081,,,,,,149.1,
P13473_58_H7N6F1A4,259.441,276.378,161.145,,,,,,,,,,138.434,,
P13473_58_H7N6F5,,,199.236,,,,,,,,,,,,
P13473_58_H9N8A1,,297.294,,,,,,,,,,,,,
P13674_113_H3N4A2,,,,,709.397,,,,,1040.63,,,,,
P13674_113_H4N9F1,122.719,,,,,,,,,,,,,,
P13674_113_H6N2,1045.98,971.269,945.741,988.712,1129.85,463.241,642.66,,1136.42,546.806,1058.83,1835.6,1524.74,832.126,767.829
P13674_113_H7N2,290.77,,265.049,333.095,,,266.914,,,,,,,380.595,
P13674_113_H8N2,522.5,382.557,48.7572,440.828,544.595,224.052,253.142,187.222,484.38,440.463,467.269,326.646,,306.564,454.804
P13674_113_H9N2,,664.722,114.551,83.3069,119.907,50.0726,,,,,125.131,72.4139,87.6286,,
P13674_113_H9N6F1,,199.644,,,,,,,,,,,,,
P14314_476_H5N2,53.8762,,,,,64.9613,,,,,,,,,
P14314_476_H6N2,82.2281,189.409,,,,86.3859,,146.003,297.5,,,,,,
P14314_476_H9N2,,,,,117.381,,,,,,,,,,
P14314_72_H3N6,,,,104.729,519.725,,,,,,,,,,
P14314_72_H6N2,,598.772,326.6,244.178,,,,,416.987,,43.4339,977.892,,781.957,
P14314_72_H8N2,381.87,497.641,251.99,477.328,,344.187,113.261,,,292.017,,,,,
P14314_72_H9N2,852.04,726.034,,,,,270.966,167.539,225.805,,,,,,
P14625_217_H3N6,2136.97,138.157,,,305.603,,,,,,,,309.38,469.53,126.661
P14625_217_H4N2F1,434.3,,,,,,,,,,,,,,
P14625_217_H4N6,,,121.384,,226.359,108.663,,,199.208,,249.322,,,,
P14625_217_H5N2,10249.1,5076.71,5679.57,3418.96,1794.56,,,,272.025,295.307,4536.52,8415.85,3216.53,4448.25,1780.34
P14625_217_H5N2F1,,341.577,,,,,,,,,,,,,
P14625_217_H6N2,12192.2,14547.2,25219.7,12314,5799.18,604.169,1026.48,2559.65,1819.64,922.716,15137.5,9503.57,7906.52,7184.02,14637.9
P14625_217_H7N2,7794.97,3223.14,3081.86,7174.77,3812.67,851.876,907.407,120.657,1786.02,388.625,3671.76,1965.95,2291.07,2341.8,200.517
P14625_217_H7N2F1,,169.858,,,,,,,,,,,,,
P14625_217_H8N2,2852.21,4889.65,4927.27,5881.97,2848,2404.05,2283.13,2387.63,1397.51,3863.3,2887.68,1779.34,1515.45,1430.65,4704.68
P14625_217_H9N2,2326.07,2441.65,2601.92,2670.08,1052.64,2229.02,1241.92,679.802,1605.97,689.283,1552.43,1135.85,675.758,,2531.72
P14625_62_H5N2,,,,,246.008,,,,,,,,,,
P14625_62_H6N2,1071.79,746.412,1233,1066.24,699.005,505.798,769.164,531.536,447.772,,,,,,
P14625_62_H7N2,155.109,,148.031,,,,,,76.0377,,,,,,
P14625_62_H8N2,288.193,226.236,394.948,,,,493.997,498.573,437.212,,,,,,
P15586_111/117_H9N6F1A2,,911.864,628.09,193.471,,,351.388,179.5,,,,152.55,,1260.82,
P15586_279_H4N5F2A1,323.565,331.061,,375.996,,,,,,,,,797.075,301.128,
P15586_279_H5N2F1,,,,,144.138,,,,,,,,,,
P15586_279_H6N2,,744.137,687.906,,721.684,704.169,894.197,503.392,1537.75,455.117,2145.57,1891.64,1952.22,1568.5,508.044
P15586_405_H6N2,,2060.21,1628.56,1134.09,597.764,923.416,1603.01,1272.86,540.242,836.994,7920.09,1217.57,3175.66,7060.41,709.255
P15586_405_H7N2,138.355,,,,,,917.925,469.315,590.586,,,300.454,,,
P15586_405_H8N2,179.851,,,,,,,,142.103,,,,,,211.894
P15586_405_H9N2,573.924,110.381,140.184,149.506,,271.542,,160.718,157.861,,223.491,559.506,,216.665,
P15586_422/449_H4N6A2,96.1341,80.6091,,,,,,,,,,,,,
P15586_422/449_H5N8,113.421,91.6999,,,99.4653,,,,,,,,,,67.0655
P15586_422/449_H6N6F1A2,115.304,43.2969,,,,,,232.297,,,,,66.2687,,
P15586_422/449_H6N6F4,84.4609,,,204.84,278.71,,,,125.639,120.175,,,,,
P15586_422/449_H7N6F3,85.8426,,,,,,,,,73.1797,,,,,
P15586_422/449_H7N6F4,154.195,44.4,,64.6346,,134.31,,,147.753,,,,,,
P16870_139_H8N2,94.8848,,,,,,,,,,,142.038,,,
P16870_139_H9N2,551.33,936.958,668.603,494.878,1131.32,673.287,,,,795.858,,274.398,626.164,673.062,1034.64
P16870_390_H3N6,,266.947,89.498,,122.089,,,,,227.303,410.81,,,215.624,289.959
P16870_390_H8N2,184.075,136.554,,29.2818,160.875,258.184,,,203.693,154.308,704.817,122.226,437.81,348.346,298.571
P16870_390_H9N2,166.366,,255.797,,,,,,,,312.622,,,,
P17301_1074_H5N2,105.256,,,,,,,,,,,128.063,,,
P17301_1074_H7N2,425.75,263.093,,466.185,,,76.6758,98.676,78.6007,,213.498,199.903,380.117,197.724,
P17301_112_H4N6,240.087,,,,,,,,,,,,,,
P17301_112_H9N2,,,203.566,186.616,,,,,,,864.56,1062.18,,150.673,308.882
P17301_432_H8N2,831.048,397.863,157.149,798.639,387.92,,,,,,,,,,
P17948_251_H4N6,,,,35.4445,,,,,,,,,,,
P17948_251_H8N2,121.9,,,135.614,,,,,,,355.951,,381.392,256.152,240.55
P17948_251_H9N2,115.202,54.1962,109.338,218.191,,,,,,,,189.94,169.899,186.339,
P19022_692_H4N5F1,,121.962,,,,,,,,,,,,,
P19022_692_H5N3F1A1,427.54,153.689,397.612,181.454,158.282,,,,,,438.211,569.943,426.139,1237.14,504.461
P19022_692_H5N3F2,,,81.7447,,,,,,,,,,,,
P19022_692_H5N4F1A1,763.352,92.543,187.935,,194.554,,,,,,192.858,,157.484,178.499,267.957
P19022_692_H6N3,240.489,238.403,178.387,,236.069,218.445,195.348,379.449,251.958,325.436,171.239,,151.046,337.388,353.004
P19022_692_H6N3A1,,,,192.015,228.645,,,,,,806.18,,376.125,,881.867
P19022_692_H6N3F1,,86.006,,,,201.177,298.348,322.45,267.091,347.604,,,,,
P19022_692_H6N3F1A1,83.9227,,,,,,,,,,,,,,
P19022_692_H7N2F1,,124.138,,,,,,,,,,,,,
P19022_692_H8N2,62.8993,,,,,,,,,,,,,,
P19022_692_H9N2,119.932,,,141.294,,,,,,,,94.1223,161.043,,
P20036_109_H9N2,59.4919,109.75,199.853,,,224.815,,72.4908,69.0395,,279.263,82.0609,358.157,,
P20645_57_H10N2,225.24,,,,,196.81,329.909,,650.641,750.333,323.64,,552.226,474.711,
P20645_57_H4N6A2,,,242.952,,,,,,,,,,449.004,,
P20645_57_H6N2,325.836,,540.432,341.398,422.502,182.458,256.757,,,281.899,633.739,479.286,340.266,936.449,973.044
P20645_57_H6N3,,,,,150.174,,,,,,425.754,,,,320.004
P20645_57_H7N2,1562.73,2594.68,2143.1,2083.13,,829.088,1323.82,2128.66,1339.96,,2385.57,5899.35,3543.5,1235.78,
P20645_57_H8N2,8192.86,11928.7,10361.4,6727.13,7314.4,263.711,915.35,,4985.14,1168.64,11810.4,14491.2,24693.4,2626.4,11330.5
P20645_57_H9N2,281.869,354.755,203.193,226.961,,252.014,333.165,271.257,344.512,,516.514,489.761,1630.83,504.458,879.148
P20645_83/94_H10N2,200.98,,257.677,120.942,343.486,341.399,347.845,150.567,460.823,1221.26,493.558,,440.086,,786.725
P20645_83/94_H12N2,1229.45,1018.26,1253.23,,,145.087,105.39,,319.242,1218.94,780.21,,314.187,861.528,1550.79
P20645_83/94_H5N4F1,236.453,262.689,,274.766,208.487,,,472.807,351.862,411.046,112.436,207.615,,,399.277
P20645_83/94_H5N4F1A1,161.458,,,445.966,1109.16,,,143.879,157.119,593.752,242.161,689.674,792.949,,665.137
P20645_83/94_H5N4F1A2,61.5884,,,931.763,1000.79,,,470.648,118.494,,,,881.968,,
P20645_83/94_H5N4F2,84.361,,64.5241,178.714,288.643,,,,,,,,,,
P20645_83/94_H5N4F2A1,408.689,175.912,203.869,157.904,328.995,56.9621,,,,,93.2338,,,,
P20645_83/94_H5N4F3,360.182,74.6701,120.106,509.607,398.162,,,102.639,121.207,151.608,,,175.303,,
P20645_83/94_H5N4F4,469.615,297.624,,220.398,107.886,63.4554,,35.8903,46.9921,166.394,133.821,127.201,95.8165,,
P20645_83/94_H5N5F1,,,,,145.553,,,,,,,,,,124.107
P20645_83/94_H6N4A2,351.962,222.689,93.2211,443.551,129.273,,,,,,173.807,422.945,218.813,,283.051
P20645_83/94_H6N5A3,456.104,213.508,751.503,408.908,160.53,,,,,,103.18,113.53,88.0155,,120.012
P20645_83/94_H6N5F1,,,,,311.977,,,,,,,,,,595.78
P20645_83/94_H6N5F1A1,111.91,,,156.661,,42.5944,,69.6925,90.2882,175.87,,168.769,283.808,,
P20645_83/94_H6N5F1A2,447.341,427.252,280.022,,395.284,189.763,76.4855,,114.85,,757.548,566.553,330.971,472.326,330.859
P20645_83/94_H6N5F1A3,1293.36,1339.1,561.978,1332.57,1333.79,193.564,559.297,527.556,553.386,446.934,1138.47,1231.39,3678.44,2498.13,1138.93
P20645_83/94_H6N5F2,46.4362,,,,,,,,,,,,,,
P20645_83/94_H6N5F2A1,,,107.606,94.7569,231.115,,,,,,,,,,
P20645_83/94_H6N5F3,196.651,,,64.9792,,,51.2586,,,,,91.1017,,,148.442
P20645_83/94_H6N5F3A1,466.297,323.41,448.61,296.493,,170.886,97.4576,162.881,157.341,849.403,243.984,,358.203,,
P20645_83/94_H6N5F4,81.5044,69.7265,,90.2605,247.852,,,,,,,,,,
P20645_83/94_H6N5F7,109.467,,,,,,,,,,,,,,
P20645_83/94_H7N6,78.4612,115.39,,,,,,,,,,,,,
P20645_83/94_H8N2,358.075,,245.899,283.544,685.492,607.257,246.977,,262.317,746.992,482.676,,,827.741,1255.5
P20645_83/94_H8N7A1,,,,,150.869,,,117.75,,,,40.699,63.8248,,
P20645_83/94_H8N7F1,,,205.524,76.9907,57.0531,,,,,,,67.4828,,,
P20645_83/94_H9N2,306.595,,,234.266,695.335,360.146,523.561,,163.401,665.761,,,,375.294,675.981
P20933_38_H5N2,444.43,519.978,413.874,404.451,215.006,711.491,885.163,762.008,852.416,226.191,421.506,,,349.883,230.139
P20933_38_H6N2,1076.48,801.195,1238.9,749.501,206.746,1851.91,1797.32,2045.7,2193.89,839.701,761.198,731.094,415.683,508.723,
P22413_285_H10N2,81.7955,,,,,,43.7796,43.7794,46.7142,,,93.6683,,,
P22413_285_H5N4F1A1,,,,279.779,,,,,,,,,,,
P22413_285_H5N4F3,,72.2272,,54.4087,,,,,,,,,,,
P22413_285_H5N5F1,150.546,333.352,,,,,,,,,275.02,310.668,430.776,,
P22413_285_H9N2,,,74.9374,,,,,,,,,76.5503,,,
P22413_341_H10N2,,108.617,,,,103.653,105.568,103.747,124.957,,,,,,
P22413_341_H5N3,,134.559,,181.361,,,,,,,,,,,
P22413_341_H6N3,587.227,432.036,494.957,480.441,439.44,484.137,541.108,516.42,518.855,700.346,176.835,,,,429.202
P22413_341_H6N3A1,249.005,388.052,184.434,,,,,,,,,,212.225,,408.938
P22413_341_H6N3F1,,,,,164.298,,,,,,,,,,
P23229_323_H5N3A1,732.612,,,,266.422,,,,,,,867.85,,,590.714
P23229_323_H5N4A1,217.479,,,,,,,,,,,,,,
P23229_323_H5N4F2,,,,,118.986,,,,,,,,,,
P23229_323_H6N2,,,,,433.278,,,,,155.723,,353.649,,,364.025
P23229_323_H6N3,357.952,,,,291.477,198.684,606.33,456.948,392.726,497.817,366.327,,465.046,514.867,363.359
P23229_323_H6N3A1,513.095,,797.519,642.812,,210.209,267.448,,263.312,,1292.46,894.477,1026.84,,
P23229_997_H3N4A2,324.017,,,208.602,341.454,,,,429.394,708.846,358.892,343.942,,196.535,557.78
P23229_997_H4N6,40.7175,,,,89.701,,,,,,,,,47.2875,
P23229_997_H9N2,90.1745,82.4263,89.7021,51.7305,259.597,60.319,,,244.336,280.056,573.179,,711.444,313.628,254.533
P25445_118_H4N5F1,82.5786,,,,,370.304,,299.95,184.463,,,,,,138.999
P25445_118_H5N4F1A1,,,79.4327,104.835,,204.646,194.21,115.039,192.948,,118.318,101.219,,,
P28799_236_H3N4F1,132.812,,,,,,,,,,,,,,
P28799_236_H4N6,505.842,,,,,120.608,,94.689,,,,,,,
P28799_236_H8N2,,,,,323.343,,,,,,,,128.108,,
P28799_236_H9N2,637.494,473.022,449.326,,607.549,,53.9683,79.3456,,,504.255,371.714,392.006,179.872,965.981
P28799_265_H3N4A2,,88.0015,,,,,,,,,,,203.39,,
P28799_265_H4N3F3,,170.716,107.544,,167.602,,,,,,,,153.005,,329.816
P28799_265_H6N2,56.9443,,96.0603,67.4413,66.5732,151.243,166.62,310.426,223.649,405.97,,,76.5836,,
P28799_265_H7N2,,90.5523,,,58.3274,94.355,125.593,48.8496,142.748,79.7497,102.126,,86.5397,,
P28799_265_H8N2,1130.27,397.599,748.561,393.13,436.022,347.705,194.136,476.816,294.389,469.509,605.322,403.522,432.56,276.285,613.615
P28799_265_H9N2,,595.079,147.106,,481.394,175.907,62.4467,160.257,235.919,225.305,355.712,218.157,264.666,209.302,387.375
P30453_110_H10N2,614.993,821.734,302.5,75.5021,1043.96,1414.84,804.809,1167.27,179.128,1540.74,,251.894,1667.54,1041.85,632.739
P30453_110_H3N4F1,81.0061,103.896,,156.146,,,,,,,,,,,
P30453_110_H3N6,111.205,46.4945,,,,,,,,,,,,,
P30453_110_H4N5F2A1,,,,,107.869,,,,,,,,,,
P30453_110_H4N5F3,,,,,71.017,,,,,,,,,,
P30453_110_H4N6,,85.4904,,,,,,,,,,,,,
P30453_110_H5N4F2A1,,,,43.8841,115.951,,,,,,,,,,
P30453_110_H5N4F4,,,,,107.511,,,,,,,,,,
P30453_110_H7N2,232.187,,,,220.225,,,,,132.95,,,,,
P30453_110_H8N2,453.555,314.254,576.137,276.156,690.261,652.025,,397.094,400.563,602.005,609.582,275.957,389.022,411.553,580.664
P30453_110_H9N2,536.184,997.731,797.567,842.72,1811.49,1190.22,498.976,766.02,946.672,1846.82,242.983,733.786,1723.91,900.305,
P30486_110_H12N2,175.297,,130.697,,,126.921,139.025,,406.021,,,,,,
P30486_110_H3N6,,,56.2083,,,,26.9442,,,,,,,,
P30486_110_H5N5F3,282.525,,,83.0994,,563.464,232.539,314.03,448.128,,,,,,
P30486_110_H7N6,91.4423,,95.9271,,,,185.722,,162.627,,,,,,
P30486_110_H9N2,75.1707,,,,,75.8231,54.8732,50.0691,,,,,,,
P30533_268_H6N2,,,715.612,434.617,433.626,,,,,,,,,,
P34059_423_H4N5,,,,,386.109,,,,146.305,,,,,,
P34059_423_H7N2,248.931,,576.719,327.667,,315.977,,282.565,,,,,,,
P34059_423_H8N2,,1374.46,,1188.69,,784.963,1140.73,664.22,521.791,,960.272,,,821.202,
P34059_423_H8N2F1,,,,,112.779,,,,,,,,,,
P34059_423_H9N2,217.339,501.643,397.933,446.109,418.903,,213.381,,746.747,324.378,159.808,,343.608,114.207,
P35556_2808_H8N2,253.091,199.123,340.305,281.562,,207.178,209.807,303.533,213.722,,178.358,297.93,188.22,397.627,
P35556_2808_H9N2,,,,,166.369,224.736,,545.786,,238.424,,,356.635,,203.942
P35613_160_H10N2,,,,,253.821,,,,,138.792,,129.467,306.59,,387.392
P35613_160_H3N6F1,104.515,70.7884,64.6452,,,,,,,,,78.4719,,,
P35613_160_H5N6,,,,,183.692,,,,,,,,,,
P35613_160_H6N2,2921.43,784.532,1625.95,5263.72,3513.17,551.531,1317.98,1156.39,2395.71,274.65,5164.62,1279.56,765.504,1838.57,5541.66
P35613_160_H7N2,656.859,778.363,224.171,1063.8,1120.6,379.14,396.962,537.877,500.664,575.887,,200.765,507.327,,1248.65
P35613_160_H8N2,1406.73,395.527,342.175,1038.57,2020.95,351.472,489.201,1510.36,445.237,757.1,1077.37,664.882,350.148,685.897,1533.12
P35613_160_H9N2,316.446,1633.37,492.571,1899.84,818.865,1003.96,1105.04,989.424,790.559,623.696,699.061,580.962,798.22,1536.81,1163.8
P35613_268_H10N2,402.59,697.659,670.86,287.985,902.084,192.805,896.292,191.73,166.375,937.752,470.615,319.818,840.748,631.908,1089.68
P35613_268_H6N2,2302.43,1930.98,961.981,1260.33,2256.34,450.208,408.846,497.347,203.837,614.679,1797.24,1442.94,2419.24,2057.39,1587.18
P35613_268_H7N2,1134.15,511.952,726.758,402.93,283.708,,353.896,453.44,261.226,333.781,335.523,238.075,555.382,429.725,715.257
P35613_268_H8N2,3230.59,1785.19,2331.87,2028.91,1903.74,472.513,1821.48,1174.28,1103.58,1055.27,1838.31,922.301,1594.9,1468.96,1606.55
P35613_268_H9N2,302.056,240.944,311.278,208.992,409.561,135.793,140.672,178.619,63.4756,190.144,,,334.369,246.602,565.625
P36955_285_H5N4F1,530.24,,68.4296,,192.339,272.232,121.98,,54.2682,162.993,,,,,
P38571_321_H10N2,210.103,98.9802,87.2528,200.148,,232.746,,104.57,152.624,,268.968,,135.382,303.113,206.223
P38571_321_H4N6,69.3358,,,44.583,,,,,,,,,,,
P38571_321_H5N2F1,117.887,,,176.053,,,,,,,118.64,,,,
P38571_321_H5N6,,,,58.8744,130.688,,71.1944,,198.556,66.3159,71.2936,,,,
P38571_321_H6N3,296.81,,,,,,,,,,,,,,
P38571_321_H9N2,,,66.0342,54.6436,,,,,,,,,,,58.3534
P41221_114/120_H3N4A2,,96.2232,,,,,,,,,,,,,
P41221_114/120_H4N6,,,240.931,,,,,,,,,,,,
P41221_114/120_H9N2,,233.908,173.51,397.772,,,,,,,,,,,
P41221_312_H4N5F2,,,,,161.505,,,,,,,,,,
P41221_312_H4N5F3,,192.258,,180.696,,,,,,,,,,,
P42785_415_H3N6,,185.146,290.773,,,,,,,,531.941,690.464,684.818,253.571,
P42785_415_H4N6,543.097,,97.4294,109.91,283.755,212.161,,,,382.929,710.218,181.576,197.875,419.76,
P42785_415_H6N2,,,,77.9878,,,,,,,,74.031,,149.854,269.981
P42785_415_H7N2,132.04,,,114.783,,293.742,532.366,131.069,595.744,,819.839,733.613,319.047,372.414,425.773
P42785_415_H8N2,147.152,680.869,,195.318,232.137,,,79.8439,688.87,,637.488,,627.561,,244.377
P42785_415_H9N2,368.904,408.068,414.397,178.254,419.919,198.393,142.188,,246.903,,746.317,,265.633,93.7005,322.921
P42785_47_H3N6,,259.737,,,,,,,,,,,,,
P42785_47_H5N3F1,,,,,159.956,,,,,,54.8957,,,,
P42785_47_H6N5F2A3,,,,96.0207,,,,,,,,,,,
P42785_47_H7N2,1069.36,,,,,,,,,,,,,,
P42892_166_H10N2,171.763,99.2339,125.153,132.386,303.979,332.941,338.037,432.692,260.951,,,,,,208.082
P42892_166_H5N2,154.869,264.148,,86.4945,,937.226,729.279,589.05,724.016,470.197,,,,,
P42892_166_H5N3F1,60.4261,,,,,,,,,256.679,,,,,122.565
P42892_166_H5N4F1,448.563,,355.079,264.747,263.234,,,,,,,109.505,,201.636,
P42892_166_H5N4F1A1,88.0236,57.088,71.3577,,68.939,,,,,,,,,,
P42892_166_H5N4F2,81.1518,,,,,,,,,,,,,,
P42892_166_H5N4F3,172.065,107.149,73.1285,59.3506,100.933,,,,,,,,,79.7546,
P42892_166_H6N2,439.327,471.203,647.351,252.302,299.845,204.56,327.096,,,,,551.819,,,359.745
P42892_166_H6N5F1,88.5915,,,,,,,,,,,,,,
P42892_166_H7N2,,647.12,1040.22,,276.531,,,,,,,361.638,,,438.192
P42892_166_H8N2,461.065,341.96,631.278,284.852,,218.21,95.9722,,198.84,,214.32,204.867,,,
P42892_166_H9N2,481.863,217.82,247.877,,,521.441,846.615,401.572,,620.788,,336.822,,,171.492
P42892_270_H6N5F1A2,,,,,188.99,,,,,,,,,,
P42892_270_H6N5F3,,,,,111.942,,,,,,,,,,
P42892_270_H7N6F1,,,,,253.268,,,,,,,,,,
P42892_270_H7N6F1A2,,,,,83.982,,,,,,,,,,
P42892_270_H8N7,,,,,130.616,,,,,,,,,,
P42892_270_H9N2,363.733,132.167,138.192,210.579,336.884,564.257,441.025,540.002,230.376,283.23,538.387,357.853,149.273,,395.478
P43121_56_H3N6F2,,360.99,240.858,,,,,,,,572.936,,244.617,,
P43121_56_H4N5F2A1,,469.023,,,,,,,,,,,,,
P43121_56_H4N5F3,198.957,,,,,,,,,,,,,,
P43251_130_H6N2,151.664,,87.7751,,153.778,,,,,,,,,,
P43251_130_H6N6F1A1,,72.1533,,,,,,,,,,,,,
P43251_130_H8N2,,,,72.0951,,,,,,,,,,,
P43307_136_H3N4A2,4847.59,931.693,1473.95,2159.7,2645.27,2039.78,2396.99,3002.1,1755.36,4491.48,2409.06,1395.4,1559.78,1166.19,6935.44
P43307_136_H3N6,777.224,328.47,752.225,842.534,160.431,186.78,638.581,471.738,330.31,,,81.4699,,,1009.07
P43307_136_H3N6F2A1,,,,,78.7869,,,,,,,,,,
P43307_136_H4N3F3,1048.12,,353.782,,626.083,311.344,,453.545,,361.34,,,,,717.039
P43307_136_H4N4F3,,,246.145,,817.68,,,462.236,306.495,1207.6,632.683,,,,3102.31
P43307_136_H4N6,114.479,288.657,728.833,1689.19,1337.61,1518.73,1143.49,2242.29,586.831,493.129,1064.16,741.03,786.971,1697.56,1119.65
P43307_136_H7N2,1294.13,104.116,,495.216,,1086.75,1066.24,1058.88,1152.62,,774.846,1844.81,1158.57,2549.96,
P43307_136_H8N2,5063.9,4897.05,6232.16,4206.79,1141.9,4901.98,4502.36,5145.73,5344.44,,7270.48,2950.83,6661.74,5077.95,1101.58
P43307_136_H9N2,12118.6,9215.35,9629.73,10034.7,5799.29,8441.26,7919.09,8236.26,11006.5,5572.72,11160.4,7321.15,13506.4,9814.55,3195.79
P43307_136_H9N4,86.9226,,,,,,,,,,,,,,
P43307_136_H9N7,,,2265.33,,,,,3540.74,,,,,,,
P43308_104_H11N6F1,,,62.2544,,,,87.2193,,,,157.584,,,,
P43308_104_H3N4A2,,,,,192.566,,,,,,,,,,
P43308_104_H3N6,590.629,140.179,393.061,186.414,928.229,665.042,227.067,,842.48,227.546,603.429,516.497,406.446,,323.867
P43308_104_H4N6,319.329,193.837,,396.816,,,387.058,843.051,197.659,,455.761,234.92,332.655,,
P43308_104_H5N2,1743.95,977.26,320.367,1398.58,,,,,,,317.836,997.467,955.838,,
P43308_104_H6N2,237.174,,883.219,1561.38,,,965.331,1970.07,,,2716.04,1153.17,1220.15,936.164,
P43308_104_H7N2,762.855,269.956,115.911,,1504.31,487.994,4902.72,250.254,,,1448.73,1336.31,4351.1,977.791,176.496
P43308_104_H8N2,11788.1,2158.22,3795.35,4015.53,623.839,5173.14,4758.95,6596.08,3583.38,611.332,5405.89,5317.94,6484.43,2900.72,
P43308_88_H10N2,627.302,1032.47,805.806,375.533,1125.13,929.811,253.087,860.537,678.924,1452.46,609.475,844.421,1024.35,501.076,588.052
P43308_88_H3N6,,,9184.98,,,,,,,,,,104.472,,
P43308_88_H4N4F1A1,,61.4697,,,,,29.5511,,,,,,,,
P43308_88_H4N4F3,,63.6382,,,,,,,,,,,,,
P43308_88_H5N2,759.814,667.676,471.992,811.974,,,186.506,517.997,600.676,,,543.409,1039.57,,
P43308_88_H5N3A1,,,36.6944,,,,,,,,,212.671,,224.793,
P43308_88_H5N6,,,,47.8105,,,,,,,,,,,
P43308_88_H6N2,2536.5,,778.601,,,957.469,451.186,1002,,,2182.29,1246.62,483.858,,
P43308_88_H6N6A1,,271.594,,,,,,,,,,,,1122.32,
P43308_88_H7N2,5051.79,3744.21,4249.98,3085.88,3147.33,3534.85,1884.97,5564.33,2916.66,282.81,4753.9,6111.62,6331.54,3414.38,4363.78
P43308_88_H8N2,11569.3,20443.8,8290.52,23072.8,4727.85,8364.62,9677.32,11157.3,13717.9,7090.4,14458.9,17855.7,7029,15497.3,7417.48
P43308_88_H9N2,6825.04,2582.23,5377.24,12873,35841,47658.7,2233.23,25433.5,2339.08,6136.86,13411.6,65861.8,9752.99,6133.05,21971.3
P46531_1489_H4N3F3,,,,,117.292,,,,,223.623,,,,,
P46531_1489_H5N2,83.5804,82.8987,85.768,,,,,,,,,,149.028,325.764,119.719
P46531_1489_H6N2,,193.706,246.648,81.7957,199.769,,,,,98.617,,,,,285.357
P46531_1489_H7N2,206.467,213.169,248.062,267.558,104.556,68.5029,,,,163.649,,71.3227,,,107.643
P46531_1489_H8N2,129.22,248.468,215.774,90.4851,149.173,112.224,71.4723,,87.8114,,174.094,,24.8167,,
P46977_537_H3N4A2,981.571,,476.995,541.584,1033.6,,,,,,,,,,2842.79
P46977_537_H4N4F2A1,,,,,208.932,,,,,,,,,,
P46977_537_H8N2,845.764,,,,,,,,,,,,,,
P46977_537_H9N2,,1203.09,1604.96,1296.4,2384.33,,,,,,,498.738,1793.04,1073,2401.75
P46977_544/548_H10N2,144.808,230.518,414.269,310.315,1150.2,,,,,380.904,154.705,70.758,29.4143,221.199,253.669
P46977_544/548_H3N6,89.1281,,86.6213,81.8626,626.942,,,,,,,734.565,,73.5958,278.072
P46977_544/548_H4N4F3,,,,,153.845,,,,,,,,,,
P46977_544/548_H4N6,,103.376,,33.8495,346.54,99.9298,,,,,,,,31.5535,
P46977_544/548_H5N4F2,,,,,245.751,,,,,,,,,,
P46977_544/548_H5N5F1,,,,,189.381,,,,,,,,,,
P46977_544/548_H5N6,,132.663,88.4064,81.0537,,,,,,,,,,,
P46977_544/548_H6N3F2,,,68.4291,,,,,,,,,,,,
P46977_544/548_H6N5,,105.859,,,,,,,,,,,,,
P46977_544/548_H7N2,540.957,250.769,327.927,145.94,653.116,,,,,,425.169,355.72,127.277,308.801,
P46977_544/548_H8N2,2841.08,1314.64,2139.64,1436.45,2028.93,,,,,,4055.31,1424.08,1993.66,3053.99,2210
P46977_544/548_H9N2,3479.86,5908.77,2300.82,2231.25,10422.3,198.821,269.566,109.634,,,1963.49,9318.17,5429.31,13893.6,30100.9
P48307_170_H3N6F3,471.27,707.783,618.43,495.575,194.457,,,,,,,,,,
P48509_159_H10N2,,,,,210.329,,,,,256.467,,,,,
P48509_159_H4N6,,,173.41,,,,,324.485,,,,,,245.038,
P48509_159_H5N4A1,511.733,,100.287,,,,,,,,,,,,
P48509_159_H5N4F2,699.2,,441.095,,,,,,,435.599,,,,,
P48509_159_H6N5A2,275.801,,,,,,,,,,,,,,
P48509_159_H6N5A3,242.299,,,,,,,,,,,,,,
P48509_159_H6N5F2A1,,,97.0908,,155.688,,,,,,555.335,,,,
P48509_159_H6N5F4,,91.2331,251.829,,,,,,,,,,192.202,,
P48509_159_H8N7F1,316.454,,,,,,,,,,,,,,
P48509_159_H9N2,169.928,,,221.841,,,,212.42,223.109,,,,,,
P48723_184_H4N3F3,,,,322.462,956.728,500.903,,,,,281.255,,,607.434,1078.16
P48723_184_H7N2,,46.4356,,,,82.334,,74.3217,,,802.67,433.43,248.623,624.67,
P48723_184_H8N2,417.938,1881.64,1916.38,2304.83,1208.83,439.659,391.426,1283.16,1546.34,1049.84,3364.47,358.911,306.046,564.756,3041.32
P48723_184_H9N2,157.03,124.547,321.509,,,383.915,,37.0508,,,81.4273,,,,
P49321_495/501_H4N5F2,277.574,383.127,243.336,,874.951,308.754,74.3544,467.718,270.113,,644.656,192.018,141.639,318.517,
P49321_495/501_H4N6F1,,1810.43,1832.53,1016.48,1953.44,1926.58,1321.03,1363.34,602.889,8426.64,,649.502,,594.055,
P49321_495/501_H5N4F1A1,,307.478,,,524.284,,114.517,,756.622,1000.67,,,,,849.95
P49321_495/501_H5N4F3,,,,438.964,,,,,,,,,,,
P49321_495/501_H7N7F1,,,57.6042,,,,,305.868,,546.758,,,,,
P49908_83_H10N2,,,51.181,,,,,,,,,,,,
P49908_83_H5N6,,54.1891,,75.1823,,,,,,,,,,,
P49908_83_H6N5,,60.9115,,,,,,,,,,,,,
P50454_120_H10N2,,,613.637,,280.001,,,212.977,,856.588,,94.2504,,,
P50454_120_H3N4F1A1,,3852.2,,,2097.76,,,,,695.85,,,,,
P50454_120_H5N2,,1191.4,,,878.083,,,319.024,,961.739,,1335.47,747.162,1008.13,450.062
P50454_120_H5N3F3,,,,681.24,,,,,,,,,,,
P50454_120_H6N2,4406.6,13626.7,515.813,15300.2,9155.23,8399.09,14211.9,15371.5,22408.9,11527.2,7171.12,55196.2,3701.74,41026.6,32795.2
P50454_120_H7N2,1904.82,14195.7,2326.12,20099,26287.9,3159.17,2614.05,5329.01,2247.7,5245.85,4572.94,10316,2518.41,2436.65,4049.37
P50454_120_H8N2,7659.83,16709.9,697.512,8638.66,50959,6870.58,4684,5291.92,6547.06,7246.95,,1807.52,1697.85,13307.5,
P50454_120_H9N2,,,376.246,,,,2049.32,133.944,,,,,,,1873.69
P50897_197_H10N2,555.66,809.805,765.805,832.448,1338.84,703.376,317.214,529.574,557.301,498.44,735.986,729.637,493.456,594.324,1169.99
P50897_197_H3N2F1,335.472,349.381,,345.176,381.937,,,,,,,,,,
P50897_197_H3N3F2,,238.668,,,,,,,,,,,,,
P50897_197_H3N4A1,109.533,,,,,,,,,,,,,,
P50897_197_H3N5,390.456,,,,,,,,,,,,,,
P50897_197_H5N2,,249.002,,,,219.792,603.423,301.629,185.37,,586.383,325.362,,,
P50897_197_H6N2,706.29,,,,,1104.92,3265.84,2972.14,2558.8,915.706,1570.38,1220.3,1968.24,2466.23,410.143
P50897_197_H6N3,499.27,470.364,398.749,611.696,417.336,175.665,165.234,222.636,,481.92,200.306,,,,
P50897_197_H7N2,313.74,,,,,1044.21,679.959,693.93,561.982,,248.361,,125.141,,
P50897_197_H9N2,565.959,621.465,1025.25,1071.32,,,203.352,269.54,,,893.723,632.229,,365.842,591.838
P50897_212_H10N2,,72.8853,,,581.092,,,,,,,,42.7036,,254.366
P50897_212_H5N2,394.423,,591.967,,,,,,,,,,,,
P50897_212_H5N4A2,,,,450.108,,,,,,,,,,,
P50897_212_H6N2,282.122,,295.694,257.635,225.769,,403.728,,61.5225,,,439.121,447.566,279.96,
P50897_212_H7N2,587.323,230.565,,432.433,388.329,578.877,215.047,272.393,361.183,,263.39,134.433,252.366,29.7294,1005.8
P50897_212_H9N2,,,,,248.145,,,,,,,,,,
P50897_232_H3N2F1,952.372,55.9706,306.136,943.831,268.866,425.922,612.748,586.051,157.692,,527.72,472.739,513.435,373.091,278.476
P50897_232_H4N4F2A1,447.773,,,,378.34,177.265,,,,,,,,,
P50897_232_H6N2,,567.937,338.768,,,718.431,854.41,,347.221,,904.552,,718.785,309.531,231.674
P51690_258_H10N2,117.332,,,,182.184,,,,,,86.0743,,201.224,,417.531
P51690_258_H8N2,178.559,101.53,,110.276,390.993,,,,,,164.381,224.211,,239.784,426.69
P51690_258_H9N2,213.859,121.282,137.771,75.7069,280.734,,,,,,67.6663,100.328,,150.461,364.055
P52797_38_H6N2,269.172,,,239.02,516.298,,,,,,,,689.614,694.919,
P52797_38_H7N2,509.14,464.582,,248.158,928.573,,,,,,,,,,
P52797_38_H8N2,,,156.507,107.83,,,,,,,,,,,195.941
P52803_37_H6N2,1361.04,1921.22,1581.51,1881.68,885.993,1524.81,639.595,1248.83,910.526,1941.47,666.468,842.399,1607.44,418.188,709.691
P52803_37_H7N2,208.849,107.086,325.534,194.042,,656.221,410.686,560.157,163.785,909.539,,,,,
P53634_119_H4N6,,,,,296.263,,,,,,,,,,
P53634_119_H5N2,803.63,544.831,,,,,,,515.408,,885.517,,,,
P53634_119_H6N2,680.052,548.989,506.397,693.1,221.806,729.444,723.304,,241.673,496.328,3970.91,473.467,744.373,752.899,841.471
P53634_119_H7N2,1998.82,1160.46,715.394,910.176,887.707,938.64,1117.9,339.406,2779.06,1296.44,2211.86,881.602,2046.79,799.972,1306.79
P53634_119_H9N2,,,,,358.417,,,,,595.92,,,,,277.377
P53634_276_H3N2F1,216.336,532.952,,279.155,,,371.178,,406.644,,,,,,
P53634_276_H4N2,325.143,,,,,,,,,,,,,,
P53634_276_H4N4,,111.923,,,,,297.318,,,,,,,,
P53634_276_H4N4F1,1062.68,,135.132,,,,,,,,,,,,
P53634_276_H4N5F2,649.11,,137.411,,169.022,,,,,,,,,138.671,197.763
P53634_276_H5N4F1,,,,,157.578,,,,,,,,,,
P53634_276_H5N4F3,191.99,,,118.054,,193.621,,,,,,,,,
P53634_276_H5N5F1,226.906,92.4591,,,,208.454,,,,,496.097,,,,
P53634_53_H10N2,91.3989,169.041,,,,,,,,,,,,,
P53634_53_H3N2F1,155.435,142.114,,476.553,147.915,,,,,,,,,,
P53634_53_H3N4A2,,,,,96.55,,,,,,,,,,
P53634_53_H4N6F1,116.558,,,,,,,,,,,,,,
P53634_53_H5N2,,,,47.996,,,,,,,186.883,182.08,,113.172,
P53634_53_H6N2,1544.12,1138.7,1249.61,991.736,1112.27,732.619,1327.96,941.242,1448.31,704.26,1498.49,798.879,1599.03,1831.52,1185.52
P53634_53_H6N2F1,297.664,518.813,393.62,255.084,,102.982,79.1862,,359.629,174.052,,453.041,,122.954,61.4213
P53634_53_H6N3,641.206,691.222,817.016,523.726,635.699,,,,,344.884,,,,220.537,
P53634_53_H6N4F2,,,,516.901,,,,,,,,,,,
P53634_53_H7N2,,,56.8372,191.404,32.4867,691.4,598.395,812.125,180.565,273.789,670.018,966.135,,1535.55,573.628
P53634_53_H7N4F1,,,,,300.556,,,,,,,,,,1058.39
P53801_54_H3N3F3,80.9813,245.84,341.614,185.945,1256.72,,,,,880.649,206.444,540.427,576.795,454.238,1988.8
P53801_54_H3N4A2,,,,,246.438,,,,,193.892,,,112.685,,566.887
P53801_54_H3N6,,,,71.3685,,,,,,,,,,,
P53801_54_H3N9F1,248.326,,127.412,,,261.158,158.563,201.315,,,493.608,796.584,734.355,1350.16,
P53801_54_H4N2,,,,,71.5327,,,,,,,,,,
P53801_54_H6N2,248.235,808.35,695.721,600.004,1169.07,150.47,475.783,119.484,568.591,1056.55,1649.42,2340.1,628.898,3625.79,1888.97
P53801_54_H7N2,905.69,1260.22,321.552,1703.13,4121.19,1206.02,1032.86,1070.18,868.915,3506.28,2012.84,3448.83,2310.69,2655.66,4218.05
P53801_54_H8N2,292.391,666.274,473.335,787.394,506.921,64.2808,,,,796.213,100.895,94.6611,115.5,57.8497,892.51
P53801_54_H9N2,122.378,80.6226,194.574,271.918,262.78,,78.6115,,,,229.294,,234.928,39.8555,
P54289_324_H8N2,719.085,551.457,421.411,476.472,,662.26,362.163,387.669,539.481,624.976,519.365,421.363,408.188,424.663,769.978
P54289_324_H9N2,256.134,,,111.914,388.178,203.583,,,,333.459,287.215,,167.817,,242.165
P55283_661_H7N2,327.799,268.247,341.057,284.229,273.07,266.42,282.007,298.364,315.214,301.888,487.955,192.768,194.063,444.835,360.79
P55283_661_H8N2,802.873,440.204,1408.49,933.01,517.685,808.86,952.563,774.334,274.181,1516.24,2032.85,1085.29,1533.77,913.476,1039.3
P55283_661_H9N2,343.184,1188.08,1116.81,737.383,1122.45,665.806,974.459,413.583,1242.78,1948.46,1948.97,1338.92,1483.9,865.338,1095.05
P56199_1113_H7N2,,359.739,373.385,289.038,,,,,178.465,,,,,,
P56199_1113_H8N2,128.087,,559.44,201.21,,280.58,369.659,,412.751,,,,,,
P56199_1113_H9N2,112.554,,,,161.999,450.017,552.087,,224.399,263.045,,,,,
P56199_418_H4N3F3,,,,,180.834,,,,,,,,,,
P56199_418_H6N2,351.356,,406.189,450.544,190.721,,278.042,,,468.964,434.086,566.969,,,308.705
P56199_418_H7N2,280.422,90.9018,522.624,450.055,189.814,277.119,538.424,486.235,271.452,219.16,,61.096,,,177.047
P56199_418_H8N2,284.916,334.269,227.837,199.831,271.158,150.547,244.774,166.675,116.465,97.1985,453.08,,133.387,108.548,
P56199_460_H8N2,834.982,704.746,729.502,863.781,646.617,973.443,1282.54,795.863,1295.94,1465.1,,847.798,910.223,706.367,678.697
P56199_460_H9N2,2364.22,2283.36,1698.52,3121.82,1407.4,2230.2,2473.82,1546.5,1921.69,874.431,2123.49,2813.3,2534.62,851.499,491.674
P56199_883_H7N2,,,,,702.014,,,,,257.154,,381.982,,468.687,681.869
P56199_883_H8N2,,386.633,261.636,,1038.09,,,,,,,411.479,444.778,273.952,472.895
P56199_883_H9N2,,214.894,189.41,,601.236,,247.214,410.152,159.035,,,118.921,161.996,156.946,192.345
P69849_218_H3N4A2,489.314,364.647,,209.346,820.719,127.334,215.357,,242.114,628.202,129.566,124.947,,81.4123,
P69849_218_H4N6,204.483,,483.112,137.627,,,,,290.381,,182.526,,,128.252,
P69849_218_H8N2,,150.18,,,,,,,,,,,,150.424,293.02
P69849_218_H9N2,586.343,267.275,,284.596,401.424,331.315,,505.402,634.563,,465.859,163.113,,319.557,559.752
P69849_369_H4N6,,,165.653,,,,,,104.656,,,,,,
P69849_369_H5N2,1791.83,1480.35,1432.98,1742.97,1525.92,756.886,1335.67,1059.3,1263.98,1375.44,2093.38,1937.72,1981.77,5360.95,1549.86
P69849_369_H6N2,3417.92,4606.59,1901.67,4254.59,1163.45,825.037,2868.11,2362.1,2594.02,1260.9,7079.05,4356.08,4681.11,3323.67,3421.57
P69849_369_H7N2,3158.05,426.735,1871.6,2976.03,440.813,633.8,2356.6,925.307,1642.53,,4389.62,2091.03,2437.74,5245.13,1479.04
P69849_369_H8N2,1058.47,1654.22,2018.19,3454.3,1326.47,1769.82,374.038,1378.01,1352.07,3636.02,1977.14,1044.42,2857.13,5307.7,917.013
P69849_369_H9N2,1102.62,2482.18,2186.62,1559.01,1329.41,1082.85,550.334,319.272,288.079,1504.3,1881.13,1871.55,3742.04,2284.09,1441.68
P69849_618_H3N4A2,,,,,383.7,,,,,,,,,,646.101
P69849_618_H6N2,1439.81,916.492,1043.49,901.18,745.301,153.608,,226.572,,,1218.01,423.311,1506.42,1058.13,994.53
P69849_618_H7N2,488.181,444.631,416.399,415.33,910.442,,43.4633,58.6891,,,529.05,225.796,,476.15,1268.52
P69849_618_H8N2,222.77,359.43,332.092,275.906,,,,,,,278.486,261.67,,122.674,
P69849_618_H9N2,1017.88,589.234,1002.38,751.26,1428.45,,,,,,297.725,772.383,905.393,622.134,1885.54
P78310_201_H5N3F1A1,145.429,68.268,,,,,,48.0032,,,,,,,
P78310_201_H5N3F3,,136.87,92.6021,258.22,,,,,,,,,,,
P78536_264_H4N3F3,,,,,142.585,,,,,,,,,,221.141
P78536_264_H4N6,,,,36.6595,,,,,,,,,,,
P78536_264_H6N2,,141.718,,,,,,,,,130.478,161.812,,,
P78536_264_H8N2,342.276,144.594,140.596,137.347,158.175,141.438,,111.594,54.3643,313.02,294.937,224.945,246.676,419.822,248.039
P78536_594/598_H3N4A2,,,,,48.5049,,,,,,,,,,
P78536_594/598_H4N3F3,,,,,183.793,,,,,,,,,,
P78536_594/598_H8N2,198.441,,291.558,,,,,,,,,,,,
Q02487_392_H5N4F1A1,151.198,,,67.7167,285.032,,,,,,,,,441.364,
Q02487_392_H5N5F3,,342.617,,,,,,,,,,,,,
Q02487_392_H9N2,117.809,,,,,308.6,287.003,154.864,236.46,152.616,,144.076,,,
Q02809_197_H10N2,229.073,,268.79,,,,222.341,407.52,,293.331,,389.801,1063.29,,388.742
Q02809_197_H3N5F1A1,,278.512,,,,,,,,,,,,,
Q02809_197_H3N6,,,,,236.984,,,,,,,,,,
Q02809_197_H4N5F3,,,,,556.549,,,,,356.239,,,,,491.651
Q02809_197_H6N2,,,509.412,,315.182,,,,,240.615,1947.04,2491.11,3637.38,2963.35,765.639
Q02809_197_H7N2,391.031,292.071,347.719,526.328,614.131,219.81,210.296,,251.301,,,648.716,658.667,374.572,589.407
Q02809_197_H8N2,512.938,392.589,354.448,809.1,354.763,,186.413,,444.998,,908.874,494.358,596.813,873.287,491.303
Q02809_197_H9N2,591.182,1414.21,798.132,624.602,797.734,,259.364,,408.251,,3336.62,,,704.197,1968.33
Q02809_538_H10N2,,153.006,202.275,,,,178.651,515.006,,202.989,,537.946,1241.3,,278.824
Q02809_538_H4N4F1,785.189,,,,,,,,,,,,,,
Q02809_538_H6N2,,678.736,569.617,343.008,,,,,,,,627.478,678.014,632.081,818.571
Q02809_538_H7N2,,1181.46,1837.91,1288.7,643.126,,585.643,505.578,224.427,168.977,,829.296,2329.97,1732.75,1317.85
Q02809_538_H8N2,3242.81,11337.8,8443.39,5536.6,6324.68,1018.98,2455.24,3369.98,1777.88,3822.26,5084.13,5743.73,5225.98,4852.32,3484.74
Q02809_538_H9N2,822.791,1565.97,3937.09,1758.22,3937,,992.983,1812.14,1085.73,1563.88,,1391.12,2881.47,2457.88,4444.88
Q02809_686_H10N2,128.922,,,,110.378,,,,,,,,,,
Q02809_686_H6N2,514.446,,214.25,,,,,,,,,,,,
Q02809_686_H7N2,458.205,370.557,225.953,476.097,456.356,,,,123.123,,,,,,
Q02809_686_H8N2,1418.22,1146.42,1134.29,604.162,1585.49,720.175,431.058,567.468,569.727,487.136,,,,,
Q02809_686_H9N2,308.608,275.924,502.286,316.643,551.699,201.835,188.939,153.782,132.359,,,,,,
Q04656_1458_H9N2,200.437,,269.692,219.69,295.103,420.813,173.3,262.111,203.374,272.764,,,,,
Q04900_65/72/77_H4N5F2,,,77.6745,,,,,,,,,,,,
Q04900_65/72/77_H6N6A1,233.611,,233.093,186.113,,,,,,,,,,,
Q04900_65/72/77_H6N6F1A1,,1135.01,,584.06,129.75,,,,,,,,,,
Q04900_65/72/77_H7N6F3,,112.392,,448.393,,,,,,,,,,,
Q07075_828_H9N2,660.017,457.039,504.392,549.316,,985.6,763.569,449.783,854.107,700.676,,,,,
Q07954_136_H5N4F1A1,,,218.861,180.759,,,,,,,,,,,
Q07954_136_H5N4F3,259.794,182.043,302.893,193.39,156.135,,,,,,82.8593,,,106.612,131.075
Q07954_136_H5N5F1,,,106.659,,,,,,,,197.623,72.6808,,,
Q07954_1511_H4N5F1,334.476,,143.254,,272.336,,,,,,686.609,459.931,332.978,1366.03,516.441
Q07954_1511_H5N4F1,599.895,337.475,763.726,407.928,395.094,,,,,,878.32,499.812,865.077,726.63,
Q07954_1511_H5N4F1A1,175.25,338.951,363.226,,,,,,,,,241.805,587.908,,
Q07954_1511_H5N4F3,422.931,,,,,,,,,,,,,,
Q07954_1511_H5N5F1,136.088,188.313,474.616,199.95,,,,,,,932.59,530.193,704.462,703.991,
Q07954_1511_H9N2,143.711,,222.889,297.173,121.117,288.472,227.644,325.214,412.065,,417.377,375.706,639.471,605.845,538.784
Q07954_1763/1767_H5N2,448.635,512.334,596.404,372.7,,,,,,,1524.43,1326.49,1768.58,2092.6,460.499
Q07954_1763/1767_H6N2,1204.42,855.832,1754.01,1790.84,,,,,,,3810.54,1598.41,2545.38,2456.72,
Q07954_1763/1767_H7N2,759.07,361.317,848.532,,,,,,,,,467.28,712.256,956.822,
Q07954_1763/1767_H9N2,326.331,,,,,179.159,747.524,277.84,711.726,,345.723,367.474,498.543,800.278,
Q07954_1825_H7N2,228.49,216.103,191.28,195.147,159.525,,,,,,837.607,898.936,719.227,607.325,268.756
Q07954_1995_H6N2,,,,363.343,,,,,,,1434.62,1972.67,1142.33,1980.54,601.805
Q07954_1995_H7N2,560.025,,276.907,,212.009,,,,,,401.027,744.669,598.677,572.647,324.839
Q07954_1995_H8N2,799.15,,,,,,,,,,,549.477,591.675,,
Q07954_1995_H9N2,286.381,,,,,,,,,,,353.108,441.662,411.12,
Q07954_2620_H5N2,,187.552,514.605,553.231,,,,,,,,301.656,438.022,181.775,
Q07954_3089_H5N4F1A1,187.306,383.041,509.634,248.56,,,,,,,,,,359.706,661.34
Q07954_3089_H5N4F3,109.669,,298.498,90.6359,,,,,,,,345.4,,,
Q07954_3333_H5N4F1A1,,,,,160.851,,,,,,,,,,
Q07954_3333_H5N4F3,,,293.977,,,,,,,,,,,,
Q07954_3333_H5N6,,,39.8445,,,,,,,,,,,,
Q07954_3333_H9N2,55.7462,126.585,112.925,129.044,,636.462,101.203,25.3079,29.6878,760.937,,,,170.893,
Q07954_3788_H5N4F1A1,,148.968,54.6672,,,,,,,,369.821,184.922,241.888,202.667,182.701
Q07954_3788_H5N4F3,205.083,,103.727,158.017,149.757,,,,,,248.665,76.962,,192.081,233.65
Q07954_4075_H5N3,,,,122.675,,,,,,,,,,120.782,
Q07954_4075_H6N3,393.203,,48.9897,,,,,,,,263.788,105.253,,136.617,78.9927
Q08380_125_H3N4A2,,,336.436,562.281,763.874,,,,,,,,,172.488,335.214
Q08380_125_H6N2,306.483,154.19,190.098,250.568,,,,,,,335.261,,,189.153,85.1814
Q08380_125_H7N2,220.152,,,429.95,,,,,,,145.335,,,,
Q08380_125_H8N2,1155.08,865.716,785.093,538.505,757.644,197.789,,141.516,98.8286,,560.15,185.205,296.551,217.098,261.945
Q08380_125_H9N2,1571.84,1300.05,1057.95,1391.09,1788.27,284.389,,163.558,138.5,,422.581,282.303,519.462,393.075,457.311
Q08380_192_H3N4A2,148.912,,,,520.555,,,,,,137.378,135.838,80.866,,
Q08380_192_H4N3F3,,,,,195.061,,,,,,,,,,224.576
Q08380_192_H4N6,370.707,160.171,,,,218.794,235.744,,118.25,,,319.374,,,
Q08380_192_H5N6,,,,,76.3525,,,,,,,,,,
Q08380_192_H9N2,525.704,254.651,592.847,595.532,,,,,96.6443,,306.855,294.684,132.668,,
Q08380_398_H10N2,933.665,681.415,1007.07,2009.66,,168.394,755.131,373.013,180.683,,958.24,570.03,1491.83,1093.72,
Q08380_398_H4N6,,86.3733,,,,,,,,,,88.1238,,,
Q08380_398_H6N2,247.972,,329.517,,239.106,,,413.958,122.621,,,327.229,,,
Q08380_398_H7N2,782.559,785.904,622.447,639.425,514.402,205.797,383.711,455.23,277.023,496.826,,161.112,468.031,505.554,451.138
Q08380_398_H8N2,695.228,1476.02,1102.57,1281.46,1352.81,725.515,342.169,396.248,294.104,893.956,697.47,306.722,1240.46,893.064,964.345
Q08380_398_H9N2,525.701,625.352,1723.5,1528.4,1167.36,1326.89,439.639,269.289,398.97,423.064,659.043,390.894,2135.36,1686.17,598.779
Q08380_551_H10N2,659.519,130.125,1011.41,1184.77,576.506,67.9306,,,319.954,82.4477,,,,,
Q08380_551_H3N4A2,,411.733,408.91,,479.319,,,,,,,,,,
Q08380_551_H4N4F2A1,,238.888,306.495,,825.293,176.876,,,,263.129,,,,,
Q08380_551_H4N5,,,209.102,,,,,,,,,,,,
Q08380_551_H5N2,,,122.194,64.6335,,,,,,,,,,,
Q08380_551_H5N4F1A1,102.694,,,,,,,,,,,,,,
Q08380_551_H6N2,383.739,199.893,430.796,222.963,,112.965,55.8779,,,,,,,,
Q08380_551_H6N5F1,,,140.971,,,,,,,,,,,,
Q08380_551_H7N2,74.3395,312.294,170.615,170.051,204.566,71.1951,,,,,,,,,
Q08380_551_H7N6F1,,,,,92.317,,,,,,,,,,
Q08380_551_H8N2,134.772,849.197,239.672,,129.195,202.888,,40.3991,,104.553,,,,,
Q08380_551_H9N2,579.001,1068.59,719.987,1200.75,461.562,551.199,208.924,527.473,431.827,79.0983,,,,,
Q08380_551_H9N7,,,139.898,244.488,,,,,,,,,,,
Q08380_580_H10N2,,298.115,266.862,457.399,,,,,,,,,,,
Q08380_580_H8N2,234.899,,,,,,,,,,,,,,
Q08380_580_H9N2,,319.933,,,,,,,,,,,,,
Q08380_69_H10N2,190.413,,164.03,,,,105.784,140.98,,,,280.667,102.577,,
Q08380_69_H3N4A2,265.18,663.284,149.464,228.109,1222.53,225.753,,,,314.848,312.015,,,672.827,618.515
Q08380_69_H3N6F2,,,,,191.625,,,,,,,,,,
Q08380_69_H4N4F2A1,,,,,171.672,,,,,,,,,,198.457
Q08380_69_H8N2,433.067,129.008,156.675,,931.627,114.819,,,229.268,555.426,269.497,,1156.72,363.252,
Q08380_69_H9N2,1256.07,1532.7,1330.67,1374.01,1087.69,1134.2,661.455,1038.33,914.883,1182.9,601.582,1209.06,1125.14,814.784,127.382
Q08722_111_H3N6,,,,,240.996,,,,173.527,,,,,,
Q08722_111_H5N3F2,,42.855,,,,,,,,,,,,,
Q08722_111_H5N3F3,176.459,91.0612,,,,,286.341,,295.532,,136.349,,,,
Q08722_111_H6N5F1A1,,,,109.051,,,,,,,,,,,
Q08722_111_H6N5F1A2,,,152.228,,,,,,,,378.57,,,,
Q08722_111_H6N5F3,,115.148,93.9249,,,,,,,120.222,266.331,,,,108.85
Q08722_111_H6N5F3A1,99.7757,,,,77.4814,,,,,,,,,,
Q08722_111_H6N5F4,177.628,245.966,162.108,72.5887,,,,,,,,,,,
Q08722_111_H8N2,240.701,264.16,,150.823,147.552,85.3598,,,,150.499,186.299,244.783,203.528,,103.965
Q08722_111_H8N7,154.852,,,,,,,,,,,,147.238,131.431,
Q08722_73_H5N3F1,,62.6451,,,,,,,,,,,,,
Q08722_73_H6N2,,440.477,619.46,,434.381,,232.355,235.187,436.628,350.013,,,,,
Q08722_73_H6N3,1595.23,2251.05,1659.7,2545.48,1651.43,1023.58,275.748,1278.54,1351.26,1790.82,1907,1169.64,981.974,240.939,1620.3
Q08722_73_H6N3A1,,,,,57.563,,,,,,,1204.98,406.074,1153.72,905.346
Q08722_73_H6N3F1,,270.313,,606.162,75.2642,,193.054,,159.991,323.013,,,,,
Q08722_73_H7N2,1851.01,2977.53,1882.95,2181.84,912.423,1962.25,1274.54,929.135,738.121,2123.42,1150.71,983.03,138.092,472.502,1232.64
Q08722_73_H9N2,47.8878,,,,,,,,,,,,,,
Q12797_452_H6N2,311.361,183.826,152.823,117.231,,,,,,,,173.937,156.41,168.045,
Q12841_144_H4N3F3,,,,,237.716,,,,,258.553,,,,,
Q12841_144_H4N6,,,,,45.5139,,,,,,,,,,
Q12841_144_H6N2,96.6867,43.8233,,90.7465,,,,,,,,,70.3919,116.621,
Q12841_144_H7N2,,,,,96.3024,149.585,,59.1149,49.8619,158.614,,,,,
Q12841_144_H8N2,365.302,357.993,264.303,462.496,497.496,329.294,244.74,264.104,142.871,,338.338,505.356,662.837,521.451,522.01
Q12841_144_H9N2,260.381,76.1073,114.954,145.738,303.593,118.9,59.286,73.8438,158.944,109.939,246.577,116.268,99.2805,88.5694,218.989
Q12866_207_H3N7,,193.06,,,,,,,,,,,,,
Q12866_207_H6N6,104.029,,,,,,,,,,,,,,
Q12866_207_H7N3F1,,,,504.809,,,,,,,,,,,
Q12891_103_H10N2,239.751,,181.714,,127.39,,,,,,,,,,
Q12907_183_H3N2,1294.37,487.894,749.089,1349.6,2774.09,618.708,175.728,845.151,501.813,3225.69,728.315,776.095,1210.64,,3408.46
Q12907_183_H3N3,181.875,353.26,299.039,139.207,773.148,606.492,234.791,450.62,312.712,1283.09,430.149,182.998,433.674,342.377,
Q12907_183_H3N3F1,120.758,158.856,,,,,,,,,,,,,
Q12907_183_H3N4F1,1988.92,488.705,823.639,1068.32,246.721,1827.08,1428.49,441.649,2727.22,843.584,1814.69,942.333,880.296,587.987,863.057
Q12907_183_H3N5F1,907.107,414.285,305.37,517.273,1037.14,,873.93,,1093.01,,,435.479,,236.892,
Q12907_183_H4N2F1,285.213,226.111,,97.0464,,,,,,,,,,,
Q12907_183_H4N4F2,648.02,522.721,600.053,315.536,330.202,,215.609,,131.351,,,,220.892,368.11,
Q12907_183_H5N4,,327.074,,,,,,,,,,,,,
Q12907_183_H7N2,141.538,,,,,,,,,,,,,,
Q13308_116_H4N5F1A1,166.534,132.496,,100.778,,,,,,,,,,,
Q13308_116_H4N5F2,,48.9666,318.612,144.784,440.985,,,,,,,,,,
Q13308_116_H4N5F3,,153.505,,,,,,,,,,,,,
Q13308_116_H5N4F1A1,,200.39,217.692,331.072,,,,,,,,,,,
Q13308_116_H5N4F1A2,,,,,155.875,,,,,287.931,,,,,
Q13308_116_H5N5F1A1,99.1422,88.0931,134.474,93.3541,,,,,,,,,,110.996,
Q13308_116_H8N2,182.469,105.801,79.6634,218.783,,,,,,,88.9198,138.801,,,111.98
Q13308_116_H9N2,33.4963,42.699,,,,,,,,,,,,,
Q13308_175_H12N2,,92.3126,,86.3573,,,,,,,,,,,
Q13308_175_H3N6,,,304.632,,,,,,,,,,,,
Q13308_175_H3N6F2,249.156,,,,,,,,,,208.069,,324.773,249.269,
Q13308_175_H3N6F3,156.163,,,,,,,,,,311.956,133.129,374.019,,
Q13308_175_H4N5F1A1,,,,,159.117,,,,,,,,,,
Q13308_175_H4N5F1A2,122.984,67.8165,118.587,,,,,,,,,55.2913,383.197,127.293,
Q13308_175_H4N5F2,,372.964,,317.944,288.802,,,,,,437.676,352.985,,553.35,
Q13308_175_H4N5F2A1,384.367,552.652,182.729,281.947,,,,,,,232.877,369.156,569.227,635.365,
Q13308_175_H4N5F3,270.489,,105.727,256.282,237.187,,,,,,,,,,
Q13308_175_H5N4F3,,,,,157.041,,,90.2954,,,,,,,
Q13308_175_H5N4F4,,,175.606,,,,,,,,,,,,
Q13308_175_H6N2,,,,,117.788,,,,,,,,,,
Q13308_175_H7N6,163.946,,,142.126,,,,,,,,,,,
Q13308_175_H8N2,180.217,,,,383.414,115.147,,81.7413,,,,,244.732,,399.212
Q13308_567_H5N4F3,240.126,283.093,207.883,288.181,102.495,,,,,,,,,,
Q13308_567_H5N5F2,,56.1754,,,,,,,,,,,,,
Q13308_646_H5N2,542.131,913.794,,290.666,,642.125,,1277.97,1096.35,254.869,339.122,,152.073,,
Q13308_646_H6N2,1784.76,983.825,1031.44,1187.08,,,,,,,,,,,
Q13308_646_H6N3,,98.7379,,,,,,,,,510.605,,,,
Q13308_646_H6N3A1,407.565,,151.846,,,,,,,,,,,,
Q13308_646_H6N3F2,,,279.249,,,,,,,,,,,,137.862
Q13308_646_H7N2,107.306,150.998,72.3115,,,62.0668,,,,,,,,,
Q13424_178_H6N2,328.184,439.934,699.822,,1304.33,242.7,712.454,,,940.529,226.17,379.637,,,1557.76
Q13424_178_H8N2,219.551,,,177.384,,,124.233,,,,,225.684,,,
Q13433_266_H5N4F1A1,110.803,160.407,193.435,94.4848,,,,,,,111.976,,,,
Q13433_266_H5N4F3,,,,75.4162,,,,,,,,141,321.902,,
Q13443_381_H3N6,,,,,475.901,,,,,,,,,,
Q13443_381_H4N3F3,,,187.171,79.5492,248.634,,,,,,90.8486,,292.888,195.424,436.907
Q13443_381_H5N2,264.446,99.7499,,,,,,,,,,,125.726,153.978,
Q13443_381_H6N2,147.242,114.16,,98.5596,81.4468,,,,,,,253.251,133.363,184.958,
Q13443_381_H7N2,121.42,97.1563,160.979,93.0125,77.9311,,,,,,166.534,120.15,282.245,236.074,136.398
Q13443_381_H8N2,283.738,,130.572,90.4727,78.2674,,,,,,104.192,290.415,,,128.067
Q13478_197_H9N2,82.2902,73.9804,58.3558,,,92.6501,,52.9705,65.6062,,,,,179.59,
Q13510_259_H3N3F3,,226.313,,,508.304,,,,,524.926,,,,,495.631
Q13510_259_H3N6,,,,,103.801,,,,,116.723,,,,,
Q13510_259_H4N3F3,,,,,243.138,,,,,,,,,,155.031
Q13510_259_H5N2,234.3,130.737,,331.136,144.388,364.096,,168.64,116.282,180.153,987.666,699.913,848.995,604.195,273.322
Q13510_259_H6N2,377.175,363.12,191.833,471.605,569.813,381.527,468.03,287.586,327.242,114.063,582.71,598.337,248.183,201.414,1015.47
Q13510_259_H7N2,633.972,1140.88,,728.399,995.309,359.078,500.089,547.086,741.887,230.643,473.155,1025.04,900.479,1451.82,751.82
Q13510_259_H8N2,204.037,362.378,428.414,254.937,444.27,,,,66.4491,102.218,,183.522,,,216.926
Q13586_171_H3N4A2,91.1462,,253.674,,,400.335,204.051,241.995,259.778,,342.148,,169.272,,
Q13586_171_H4N3F3,,645.952,574.947,358.866,1489.64,,261.195,250.358,326.218,1290.53,,454.32,720.315,,668.59
Q13586_171_H7N2,112.698,522.539,504.885,319.121,,,448.712,731.868,,,,69.9179,288.508,121.904,
Q13586_171_H8N2,1690.03,1654.2,769.01,1515.24,1573.86,1038.9,673.229,2664.42,2748.14,1122.53,2660.81,534.783,1191.64,494.409,1493.76
Q13586_171_H9N2,194.506,439.211,402.449,305.855,110.69,184.893,106.953,679.511,361.842,,,269.563,386.54,,
Q13641_124_H7N2,1508.07,1453.06,1280.86,376.056,,605.073,802.847,1717.15,1292.57,,,1067.99,731.453,690.584,
Q13641_124_H8N2,1889.27,947.13,920.506,926.284,1846.8,927.308,914.27,614.174,2970.28,,1421.85,311.083,468.373,839.883,1219.2
Q13641_275_H6N5F1A3,690.034,,359.14,544.574,,,,,,,,,,,
Q13740_265_H6N5F1,,,,,180.136,,,,,200.974,,,,,
Q13740_265_H6N5F1A1,203.674,135.797,,,771.233,,,66.1219,,,,,,,583.665
Q13740_265_H6N5F1A2,,,,,494.767,,,,,,,,199.07,,
Q13740_265_H6N5F1A3,73.5425,,76.2761,,,,,,,,,,,,
Q13740_265_H6N5F3,242.125,,,,,,,,,179.447,,,78.1027,,
Q13740_265_H8N7,,,,,237.66,,,,,,,,,,
Q13740_361_H12N2,267.546,,236.97,212.031,338.751,,,,,,,,,,
Q13740_361_H4N5A1,241.683,,,,,,,,,,,,,,
Q13740_361_H4N5F2A1,468.931,,41.6199,,,,,,,,212.317,,69.7003,1245.64,
Q13740_361_H5N4F1A1,,,,190.514,,,,405.536,,,,,,,
Q13740_361_H5N4F2,,128.434,265.716,,,,,,,,,,,,
Q13740_361_H5N5F2,212.293,,,313.219,142.01,,,,,,,264.301,,,
Q13740_361_H7N3F1,72.4927,,,,,,,,,,,,,,
Q13740_361_H9N2,123.159,,,,,,,,,,149.998,,,168.418,
Q14108_249_H10N2,325.816,,399.309,177.914,271.995,,218.076,234.288,,,249.324,176.736,,98.4332,
Q14108_249_H3N4A1,,,,235.583,385.168,177.12,,168.28,,220.822,,,,,
Q14108_249_H3N4A2,,,,,85.909,,,,,,,,,,
Q14108_249_H3N6,,227.479,236.982,126.129,1221.49,,,276.915,,,,78.3028,,,
Q14108_249_H4N5,2808.34,1666.23,1158.4,2377.29,3298.34,3393.19,2017.8,925.675,1826.19,2317.24,2100.2,1822.48,635.467,,2765.84
Q14108_249_H4N6,101.222,,,,,,,91.6252,91.6994,,106.641,143.941,,,
Q14108_249_H5N5,981.525,601.05,575.876,,591.321,,798.589,,1306.19,1666.71,,,,443.95,937.288
Q14108_249_H7N2F1,,,,,882.321,,772.261,,,,,,,,
Q14108_249_H8N2,2144.8,1916.9,1900.35,2118.25,2258.36,4836.21,2634.94,3351.4,1641.72,4670.25,2346.82,1869.13,1555.21,2809.48,3725.64
Q14108_249_H9N2,959.345,1295.61,559.386,991.891,555.15,3608.57,1109.13,2482.79,2349.62,2791.79,1603.03,1263.59,1300.24,803.829,1829.17
Q14108_249_H9N2F1,,,143.06,93.4445,,,163.027,,164.554,,,,,,
Q14108_412_H10N2,,,,,289.088,,,,,,,,,,276.283
Q14108_412_H9N2,988.731,1935.55,1399.27,1395.33,2540.29,3501.24,1836.83,1018.87,2696.11,1546.14,1337.56,859.063,782.208,313.908,1260.24
Q14108_412_H9N8A1,528.509,,,,,,,,,,,,,,
Q14118_661_H3N4,1770.29,1143.47,665.621,1310.18,211.126,,,,,,,1119.25,915.066,,
Q14118_661_H3N5F1,171.034,,,,,,,,,,814.013,,,,
Q14118_661_H4N4,845.164,611.539,541.03,423.485,,702.966,661.181,,429.773,,821.14,990.639,512.89,629.495,
Q14118_661_H5N4,1222.48,492.358,457.843,,,498.696,437.945,363.728,597.358,,1921.3,512.52,665.551,599.644,
Q14126_182_H4N5F1,110.322,,,62.5644,,339.798,222.622,332.217,276.721,,,,,,
Q14126_182_H4N5F2,,,,571.81,,,,,,,,254.426,,,
Q14126_182_H4N5F2A1,,79.7027,,,,,,,,,,,,,
Q14126_182_H5N4F1A1,,207.206,138.573,,,,,,,399.141,,,,,
Q14126_182_H5N4F2,,,,,102.101,,,,,353.142,,,,,
Q14126_182_H5N4F3,,,86.7709,,348.859,,,154.731,,443.831,,,,,134.996
Q14126_182_H5N5F1,,235.965,,147.296,851.87,103.569,,,140.162,493.921,,,,,175.443
Q14126_182_H8N2F1,,,,,208.142,,,,,,,,,,
Q14126_462_H12N2,,235.197,306.325,610.713,620.867,,,,,,,,,,
Q14126_462_H5N4F2A1,,148.479,,,,,,,,,,,,,
Q14126_462_H5N4F4,,,196.752,,,,,,,,,,,,
Q14126_462_H5N5F1,,,,78.8283,,316.969,486.395,193.522,,,,,,,
Q14517_1551_H6N2,,,,143.109,,,,,,,,,,,
Q14517_1551_H7N2,52.8192,121.144,,89.4401,,,85.3099,,100.917,,,,,,
Q14517_1551_H9N2,158.857,136.314,87.0961,,,222.16,,,143.383,162.87,,,,,
Q15043_77_H10N2,,25.4999,,117.847,55.1999,,32.9341,,,,,,,,
Q15043_77_H4N6,,38.9185,,,,,,,245.415,,,,,,
Q15043_77_H6N5F1A1,,,,,95.3537,,,,,,,,,,
Q15043_77_H6N5F1A2,,,,,303.646,,,,,,,,,,
Q15043_77_H8N2,,115.137,,,31.2572,,28.2008,,147.309,,,,,,
Q15043_77_H9N2,,117.774,,89.2852,,,51.8408,,,,,,,,
Q15165_254_H7N2,204.334,,576.152,,455.841,,,,,,1001.62,394.855,170.537,,730.489
Q15165_254_H8N2,1067.85,1422.95,1252.84,1044.91,6163.98,1341.59,1243.58,1195.57,1151.92,1912.82,1342.59,4014.95,5988.03,3002.89,4076.54
Q15165_254_H9N2,221.683,202.417,163.122,,394.487,,,,,,250.942,,,,275.027
Q15165_323_H3N6,296.773,161.926,309.789,,115.534,,,,,,,,,,
Q15165_323_H6N2,,,148.569,332.274,,,,,,,,,,,
Q15165_323_H7N2,,176.858,,274.456,,,,,,,,,,,
Q15165_323_H8N2,,,,,805.457,,,,,,,,,,
Q15223_202_H5N4F1A1,113.925,177.592,132.265,119.605,,,,,,,,,,,
Q15293_53_H10N2,48.1897,,,,,,410.451,,,,,,,,
Q15293_53_H3N2F1,2213.77,272.785,610.607,43.7571,,178.253,,161.291,,,,,,,
Q15293_53_H3N3F1,2785.14,11977.8,8395.83,6472.92,1275.03,2574.73,3913.51,6926.81,5463.87,6903.8,,,,,
Q15293_53_H3N4F1,11975.3,18189.5,4842.16,1524.67,6108.5,4416.45,16356,4690.17,3479.78,24939.3,,,,,
Q15293_53_H3N5F1,4156.88,7703.36,4794.46,1667.12,1907.47,4025.48,2308.33,2276.14,4477.97,,,,,,
Q15293_53_H3N6,,,44.2904,,515.268,29.9588,,,65.7986,,,,,,
Q15293_53_H3N6F1,102.658,,,,,394.369,,,330.454,,,,,,
Q15293_53_H4N2,3410.85,363.653,2014.6,1804.44,,3175.06,876.185,,718.558,537.594,,,,,
Q15293_53_H4N2F1,827.819,1378.19,276.336,,615.716,2828.58,1228.45,514.412,1139.66,,,,,,
Q15293_53_H4N3F1,1841.11,,589.381,90.898,516.359,1903.65,4140.83,,408.903,,,,,,
Q15293_53_H4N4F1,,322.872,,,,,366.639,346.371,,,,,,,
Q15293_53_H4N4F2,223.272,130.242,402.518,,,,,,180.277,,,,,,
Q15293_53_H4N5,,479.687,,,,,,,329.081,,,,,,
Q15293_53_H4N5F2,571.337,,66.0945,337.457,,,,,,516.795,,,,,
Q15293_53_H4N6,,,,,326.656,444.972,,,,760.102,,,,,
Q15293_53_H5N2,2690.86,31436.3,7928.08,25232.5,3744.32,9563.31,36560.8,8396.65,18958.3,1257.6,,,,,
Q15293_53_H5N2F1,1606.3,,711.781,383.952,,4096.28,3812.78,8948.49,16953.8,839.307,,,,,
Q15293_53_H5N6,123.65,69.2816,46.646,,,,,,,,,,,,
Q15293_53_H6N2,19947.3,7059.41,6374.35,16189.5,2243.36,5253.44,10039.5,1517.35,16664.5,2605.1,,,,,
Q15293_53_H7N2,8416.09,6476.34,4769.09,769.289,,10034.6,1399.35,1412.86,4226.63,,,,,,
Q15293_53_H7N2F1,,122.715,,,,,,,,,,,,,
Q15293_53_H8N2,,1796.98,42.6051,2072.96,3039.87,3662.71,2241.34,,720.548,,,,,,
Q15293_53_H9N2,321.627,,834.612,2896.48,3686,314.684,,529.875,3617.76,2515.04,,,,,
Q15904_273_H6N2,,,,,681.027,,,,,,,,,,
Q15904_273_H9N2,246.344,,136.858,,,,,,,,,,,,
Q16563_71_H3N3F3,,,83.5188,,210.735,,,,,,,,,,
Q16563_71_H3N7F1,,,,,121.35,,,,,,,,,,138.866
Q16563_71_H4N4F2A1,,,,,153.204,,,,,77.8393,,,,,
Q16563_71_H4N6,,147.992,,153.574,,,,,,,442.728,239.378,565.728,335.603,
Q16563_71_H4N6F1,289.292,117.511,347.463,130.143,461.955,82.0354,,56.8666,88.2412,307.853,190.479,259.004,112.846,316.313,306.394
Q16563_71_H5N2,227.951,,,,,,,,20.5287,,,,,,
Q16563_71_H5N3A1,199.978,144.323,,202.692,,,,,,,,203.401,788.19,,
Q16563_71_H5N6,,,,,69.927,,49.1247,,,,,,,,
Q16563_71_H6N3,,316.292,188.031,,427.763,384.637,258.662,320.923,278.974,526.653,,182.311,,,447.217
Q16563_71_H6N3A1,1133.81,1525.39,1705.8,1575.17,990.236,402.862,928.564,1046.18,1193.28,536.682,1584.37,1499.99,768.454,1356.8,4854.93
Q16563_71_H6N3F1,303.292,225.947,254.198,182.143,419.502,193.957,106.015,185.333,96.5156,,214.261,,,,
Q16563_71_H6N3F2,614.145,205.035,207.764,,,,,,,1165.39,47.2745,137.76,57.184,61.7667,481.603
Q16563_71_H6N3F3,88.9894,,,,125.795,,,61.6082,,93.7121,,190.019,,165.494,
Q16563_71_H7N2,114.555,354.233,224.775,233.251,,179.315,198.063,238.759,240.559,,,,,,
Q16563_71_H7N3F1,,,,,566.762,92.7739,,,93.6719,,,147.171,245.938,131.007,1147.66
Q16880_442_H8N2,,,552.022,,,,,,,,,,,,
Q16880_442_H9N2,,,897.401,184.016,69.0125,,,,,,,,,,
Q29983_79_H8N2,100.871,119.808,,83.7009,,,,,,,,,,,
Q32P28_316_H5N2,634.294,315.051,328.656,1087.12,,,,,,,5344.3,,,717.474,455.126
Q32P28_316_H6N2,648.486,,,,,,,,,,,,,,
Q32P28_467_H5N2,,,,693.85,,,,,,,,536.463,1075.26,,698.382
Q32P28_467_H6N2,1940.97,4850.54,3445.65,4479.41,2231.17,,,,,,1219.25,1351.51,6114.26,3535.88,440.832
Q32P28_467_H7N2,,,928.812,,,,,,,,,,,423.947,389.433
Q32P28_540_H6N2,1385.5,1867.99,3980.16,3497.73,1967.76,757.377,1163.49,779.146,770.849,989.201,1680.54,693.552,339.18,1079.9,1931.35
Q32P28_540_H7N2,1082.32,570.158,2332.11,227.023,605.518,490.639,694.337,582.132,527.63,885.929,519.436,118.686,1077.39,1002.36,760.738
Q32P28_540_H8N2,2214.34,2302.26,3174.46,1003.02,581.212,431.857,970.654,557.452,1398.42,1642.6,1065.98,453.266,1423.2,1212.13,1034.66
Q32P28_540_H9N2,1367.09,695.74,1563.71,5066.72,900.121,471.446,396.479,223.704,652.193,376.901,550.256,592.486,878.751,894.192,
Q3SY69_885_H6N2,,300.342,335.957,414.599,,,,,,,,,,,
Q495W5_166_H9N2,330.977,176.544,,345.334,,,,,,,,,,,
Q4G148_237_H3N6,240.078,,,,,,,,,,,,,,
Q4G148_237_H4N5F1,,,89.085,,,,,158.499,,,,,122.342,,
Q4G148_237_H5N5F1,,328.464,,,185.615,,205.255,,62.8261,,283.483,,,,
Q4G148_237_H8N2,150.018,,104.042,113.878,,130.351,,,,176.861,,,,216.613,
Q4G148_237_H9N2,335.591,,,,833.327,205.412,,,,602.335,734.502,,,199.882,891.384
Q4G148_278_H3N4A2,,225.999,,70.3105,254.02,118.122,,,135.326,393.114,152.248,,165.682,235.762,518.094
Q4G148_278_H5N6F1,,,151.99,,,,,,,,,,,,
Q4G148_278_H9N2,92.6616,886.112,230.894,187.536,,247.834,,,323.693,,687.671,,,,
Q4G148_387_H5N2,295.886,483.076,313.697,,,162.924,174.477,91.6678,99.89,140.557,472.279,173.239,607.66,441.399,273.073
Q4G148_387_H6N2,660.183,352.353,198.874,660.66,732.726,492.618,541.531,378.307,685.443,588.892,646.431,602.865,189.974,218.22,790.168
Q4KMQ2_361_H6N2,,123.28,374.182,211.923,166.218,121.993,,,222.36,,355.493,539.929,893.884,694.636,694.254
Q4KMQ2_361_H7N2,779.219,626.147,700.248,863.498,438.052,321.958,474.653,1019.44,612.31,,570.838,852.909,556.325,477.859,649.868
Q4KMQ2_361_H8N2,370.262,946.6,1020.73,605.299,342.544,148.497,698.413,756.323,369.957,506.445,247.62,122.257,314.705,325.307,283.305
Q4ZIN3_189_H10N2,238.531,73.7788,,82.9735,,215.756,98.1187,,84.7353,,459.98,48.2538,216.974,86.0742,
Q4ZIN3_189_H3N6,,115.381,,,,,,,81.7376,,,89.4077,,,
Q4ZIN3_189_H4N6,,,171.144,,,,,,97.4293,,,,,95.9779,
Q4ZIN3_189_H5N6,,,210.116,,,150.366,,,,,258.371,86.1192,,,137.6
Q4ZIN3_189_H6N2,137.105,77.9734,64.9167,,,,,,,,,,,,
Q4ZIN3_189_H7N2,,232.372,,,,,,,,,,,319.108,384.382,209.847
Q4ZIN3_189_H8N2,,1084.6,158.988,468.038,,143.973,639.466,77.0106,524.922,,273.672,449.347,171.791,,
Q4ZIN3_189_H9N2,213.593,377.895,216.935,288.813,,189.664,84.8473,63.536,126.41,,273.178,519.823,,300.387,
Q58FF3_159_H6N2,,,,224.258,245.716,1743.52,1466.83,1642,1343.62,1056.9,,,,,
Q58FF3_159_H6N5F1,,906.498,2093.54,,,,,,,,,686.483,,,
Q58FF3_159_H8N2,1276.46,,1042.66,,105.739,6953.34,9687.63,10640.8,4773.14,5401.92,,,873.415,729.384,
Q5JRA6_589_H6N2,764.629,681.249,,646.174,,,,,,,402.253,282.058,,,
Q5JRA6_589_H6N2F1,,,,,176.142,,,,,,,,,,
Q5JRA6_589_H7N2,154.929,,,,,,,,,,,,,94.5727,
Q5JRA6_589_H8N2,132,152.427,124.33,,,,167.846,106.261,,305.237,121.488,,258.894,,326.459
Q5JTV8_399_H5N2,269.767,,,,,221.439,,,34.2251,,204.964,,,339.304,
Q5JTV8_399_H6N2,323.291,139.163,,,,238.646,87.9134,,84.464,,413.203,,,690.395,
Q5JTV8_399_H7N2,581.976,,,,,307.59,,,,,1186.58,,,,
Q5JTV8_399_H8N2,1295.84,3159.65,282.882,4241.37,181.959,1043.27,244.51,3281.21,510.028,117.354,7617.69,793.985,2335.78,3745.06,634.694
Q5UCC4_182_H3N4A2,,112.445,96.8486,106.158,319.913,,,,237.307,504.216,,,,,212.654
Q5UCC4_182_H3N6,,110.049,93.6123,,430.521,,,,432.362,204.838,119.941,,627.062,,215.297
Q5UCC4_182_H4N6,,222.598,296.181,,,,,294.811,144.811,,,459.025,235.705,277.072,
Q5UCC4_182_H7N2,,259.199,321.337,,178.469,,992.226,319.372,,,,,96.4066,123.643,293.184
Q5UCC4_182_H8N2,289.667,326.324,774.826,766.317,,182.393,874.791,384.025,554.256,304.984,,279.609,360.106,507.495,220.463
Q5UCC4_182_H9N2,306.962,287.643,,482.35,278.82,135.007,592.934,801.412,,,,,234.447,424.848,
Q5W064_240_H10N2,525.791,110.25,,,251.946,104.214,,,,196.697,,,419.787,396.934,486.622
Q5W064_240_H7N2,1170.53,,1228.83,906.748,819.735,,488.431,352.771,192.501,660.61,1571.12,817.191,815.721,976.589,547.256
Q5W064_240_H8N2,4903.45,1459.42,3141.04,3518.94,1517.64,1225.51,1444.14,1101.23,1113.57,1198.53,3658.97,988.788,1862.64,1485.64,544.488
Q5W064_240_H9N2,193.912,965.567,349.678,489.597,673.305,1140.02,443.534,345.227,303.884,471.483,548.285,516.43,1087.09,1050.7,625.451
Q5ZPR3_104_H3N6,,,,,788.363,,,,,615.069,,,,,
Q5ZPR3_104_H4N4F1,,,282.647,,,,,,,,,,874.944,,
Q5ZPR3_104_H5N3A1,772.866,1032.13,543.508,1265.81,,369.402,662.325,300.35,1417.61,411.526,779.311,1383.33,743.986,,665.18
Q5ZPR3_104_H5N3F1,,,291.424,,366.104,,,,,,,,,,
Q5ZPR3_104_H5N3F2,349.395,,,414.684,,,,,,736.126,728.63,566.519,,,
Q5ZPR3_104_H5N4A1,517.335,1021.67,,,423.709,,,,,,,,,,473.506
Q5ZPR3_104_H6N3,,,205.276,,238.966,632.808,1133.37,421.195,1010.87,862.392,,,,,208.891
Q5ZPR3_104_H6N4F1,,,,,707.923,,,,,,,,,,
Q5ZPR3_215_H5N4F1A1,679.365,,410.939,486.517,553.292,,209.228,,,642.293,,,,,
Q5ZPR3_215_H5N5F1,,,138.545,,,278.425,740.659,638.477,,,,,,,
Q5ZPR3_215_H6N5F3,,,137.936,,,,,,,,,,,,
Q5ZPR3_91_H12N2,,310.875,352.166,98.4791,198.039,,,,181.922,,,,,,
Q5ZPR3_91_H4N5F2,,81.4544,76.3189,,,,,,,,,,,,
Q5ZPR3_91_H4N5F2A1,255.794,,,,,,,,,,,,,,
Q5ZPR3_91_H5N4F1A1,,,143.883,,,235.587,148.188,138.078,167.138,,,,,,
Q5ZPR3_91_H5N4F1A2,,,,252.923,,,,,,,,,,,
Q5ZPR3_91_H5N4F2A1,123.718,85.8014,,128.317,,,,,,,,,,,
Q5ZPR3_91_H5N4F3,,142.037,,111.31,,,284.527,,205.051,,,,,,
Q5ZPR3_91_H5N4F4,331.437,102.12,213.054,74.9853,,,,,,,,,,,
Q5ZPR3_91_H7N6,,167.645,,,,,,,,,,,,,
Q5ZPR3_91_H9N2,57.4383,,73.9795,,,,,,,,,,,,
Q68CP4_142_H10N2,,,34.8274,,,,,,,,,,,,
Q68CP4_142_H6N2,422.488,589.269,612.857,,,3799.38,1448.84,1556.72,2375.29,,,,,,
Q68CP4_142_H7N2,696.424,776.777,,485.917,,285.885,1923.61,1927.78,1543.9,160.512,,,,,
Q68CP4_142_H8N2,,,,328.151,,,,,,,,,,,
Q68CP4_142_H9N2,,329.575,,229.85,,,,1182.7,,,,,,,
Q68CP4_461_H8N2,,250.286,182.861,149.542,289.651,151.198,230.539,622.547,191.901,222.166,,,,,
Q68CR1_818_H10N2,,,,,56.7205,,,,,,,,,,136.276
Q68CR1_818_H9N2,,,93.3617,77.5799,,,,,,,124.441,378.673,,322.841,
Q6P179_103_H6N2,564.318,406.012,479.951,176.823,462.158,665.265,645.297,334.414,461.87,648.577,,,,,
Q6P179_103_H8N2,439.779,669.884,486.727,354.414,,781.247,1677.32,,209.443,,440.168,354.824,552.777,422.241,
Q6P179_119_H4N6,,,,,194.455,,,,,,,,,,
Q6P179_119_H6N2,598.941,536.366,389.891,361.9,,631.588,382.725,789.532,996.657,38.8907,,,,,
Q6P179_119_H7N6A2,,,,113.476,,,,,,,,,,,
Q6P179_119_H7N6F4,147.806,62.3164,78.0405,,,,80.5726,,,,,,,,
Q6P179_219_H4N6,,236.321,,,,,,,,,61.9404,,,,
Q6P179_219_H6N2,160.267,268.878,,,189.508,232.295,320.106,483.453,318.24,317.254,,,,,
Q6P179_219_H7N2,,371.01,,,280.913,,,,,1179.45,406.524,361.806,574.593,414.47,212.189
Q6P179_219_H8N2,162.237,,242.133,122.56,,54.6011,336.512,470.989,426.281,,283.1,,,166.768,
Q6P179_219_H9N2,209.209,,334.292,301.183,182.115,311.173,418.473,855.747,465.589,172.377,175.139,,346.007,342.534,244.205
Q6P179_294_H6N2,,,,,224.569,,,675.237,,620.52,,,438.296,,
Q6P179_294_H8N2,296.449,329.53,398.358,212.801,212.196,822.83,,662.829,,704.735,329.888,,335.071,,182.324
Q6P179_294_H9N2,,,102.146,,,,191.4,,95.4083,,,,,,
Q6P179_431_H4N6,,,90.1395,,,,,,,,,,,,
Q6P179_431_H8N2,263.128,,,125.219,,,,,,,229.816,258.018,,194.656,
Q6P179_431_H9N2,,94.1805,95.1237,,,,,,,,,,,,
Q6P179_714_H8N2,114.062,71.9528,83.4665,87.5981,,,,,,,,,,,
Q6P4Q7_122_H7N2,,,347.395,,,,,,,,,,,,
Q6P4Q7_122_H8N2,246.668,84.8915,515.747,194.815,,,,,,,,,,,
Q6PK18_267_H8N2,192.576,280.162,288.095,462.846,,406.91,221.001,946.839,713.694,,481.78,398.232,,222.756,
Q6PK18_267_H9N2,278.36,250.841,304.156,346.582,,186.29,292.731,193.814,326.591,,363.102,134.331,,294.624,
Q6PKC3_326_H9N2,302.514,,151.353,,273.915,,,,,,,,,,
Q6UVY6_114_H5N2,872.833,,184.234,,,,,,,,,,,,
Q6UVY6_114_H6N2,,,,,320.992,,,,,,,,,,
Q6UVY6_114_H7N2,,,211.591,,,,,,,,,,,,
Q6UW56_44_H3N3F1,,,,,340.372,,,,,,,,,,
Q6UW56_44_H4N3F1,,,1706.55,,,,,,,,,,,,
Q6UW56_44_H5N3,,337.388,,,357.393,,,,,,,,,,
Q6UW56_44_H5N3F1,,390.782,303.902,,295.985,,,,,,,,,,
Q6UW56_44_H6N3,,,,,318.168,,,,,,,,,,
Q6UW63_302_H6N2,1265.84,1157.75,842.554,545.064,466.398,384.139,,426.778,296.999,364.566,1517.63,1444.36,1562.96,2927.59,726.01
Q6UW63_302_H7N2,214.707,134.073,269.619,117.166,137.989,,,,,167.013,408.469,,,227.537,108.743
Q6UW63_302_H8N2,926.508,442.688,595.441,527.149,400.612,296.832,255.415,71.8005,123.329,283.39,1251.19,600.051,114.585,1039.68,719.436
Q6UXH1_190_H4N3F1,,,,,61.6866,,,,,241.437,,,,,
Q6UXH1_190_H5N2,876.744,,793.309,725.105,1156.3,1874.39,2504.68,1824.87,1307.53,2043.47,,,,,1202.8
Q6UXH1_190_H6N2,1802,1026.34,920.998,1878.78,1088.67,443.139,777.591,553.977,752.274,863.814,278.024,,680.779,645.853,858.133
Q6UXH1_190_H7N2,374.928,,929.05,609.656,1675.75,,789.012,,,1879.81,,,,,620.887
Q6UXH1_190_H8N2,344.82,1088.91,810.713,902.709,1625.71,,560.344,429.583,413.034,1011.51,,,413.525,,605.34
Q6UXH1_190_H9N2,,143.944,,,,,,,,,,,,,233.564
Q6UXH1_251_H3N4F1,84.6811,,36.812,,,,,,,,,,,,
Q6UXH1_251_H3N6,,57.6745,,,,,,,,,,,,,
Q6UXH1_251_H5N2,149.335,71.5757,94.0122,66.0441,,,,,,,,,,,
Q6UXH1_251_H6N2,223.051,32.4437,,,,,,,,,,,,,
Q6UXH1_251_H8N2,61.0291,,,,,,,,,,,,,,
Q6YHK3_1086_H6N2,3123.05,,1312.35,1930.06,1396.43,1641.05,847.155,1586.12,281.026,785.961,3180.33,1967.21,1756.13,1094.62,1683.7
Q6YHK3_118_H3N4A2,,39.3287,45.486,,,,,,,220.186,,,102.392,139.794,269.439
Q6YHK3_118_H5N4,,,,,237.654,,,,,,,,,,
Q6YHK3_118_H9N2,,145.954,173.813,,,144.159,,,153.554,234.392,68.193,,54.7938,226.148,
Q6YHK3_1355_H5N4F1A1,,,,358.093,,,,,,,,,,315.486,
Q6YHK3_1355_H5N4F3,,595.577,159.657,,,,,,,,,,762.007,,79.7257
Q6YHK3_247_H7N2,,577.897,812.765,585.587,487.167,,499.793,516.211,,,,880.595,849.151,465.174,549.324
Q6YHK3_247_H8N2,,1008.89,1203.01,855.975,1588.55,,1278.94,1011.97,430.315,1396.36,,1135.63,909.657,1191.11,1998
Q6YHK3_337_H3N4A2,,196.18,421.249,224.397,319.928,213.234,207.342,215.267,,691.125,,342.811,610.222,358.889,245.538
Q6YHK3_337_H4N3F3,,292.522,393.944,,,,,,,,,,,301.41,
Q6YHK3_337_H4N7F1A2,,102.641,,,,,,,,,,,,,
Q6YHK3_337_H6N2,,67.9748,,,,,,,,,,71.8603,,,
Q6YHK3_337_H7N2,149.69,195.513,134.275,150.033,,203.264,72.1552,166.783,68.3999,,288.375,279.66,377.008,152.907,
Q6YHK3_337_H8N2,411.949,1061.46,882.654,1503.98,389.574,222.392,950.012,828.116,293.701,,720.421,960.616,1449.09,909.168,277.158
Q6YHK3_337_H9N2,560.234,311.846,1218.04,553.76,518.988,945.645,787.315,776.559,678.376,687.16,551.908,654.287,539.419,579.953,492.293
Q6YHK3_419_H12N2,179.857,,,,,,,,,,,,,,
Q6YHK3_419_H3N4A2,,211.726,,,,179.353,61.7709,,,263.098,,,247.328,218.396,
Q6YHK3_419_H5N4F2,,,,186.134,,,,,,,,,,,268.254
Q6YHK3_419_H5N4F2A1,279.364,178.672,253.659,,269.47,,,,,,,,,,
Q6YHK3_419_H5N4F4,,164.775,237.194,,272.79,,,,,,,,,,
Q6YHK3_419_H5N5F1,232.941,,,177.072,364.02,,176.946,,,,,478.72,,,656.173
Q6YHK3_419_H5N5F2,,141.993,170.861,245.127,,,,,,,,,,,
Q6YHK3_419_H5N5F3,,76.2167,,,,,,,,,,308.306,,,
Q6YHK3_419_H9N2,,93.9259,,,,38.5114,,30.3521,404.138,508.307,,,,,
Q6ZMG9_18_H7N2,436.051,,,,291.506,,,,,,,,,,
Q6ZMG9_18_H8N2,1090.46,507.846,811.457,690.877,,1124.25,621.152,,619.682,,,,,,
Q6ZMP0_441_H7N2,,65.5357,50.2456,,,,,,,,,,,,
Q6ZMP0_441_H8N2,84.9298,,28.8215,,72.7174,,,,,,,,,,
Q70UQ0_144_H3N4A2,,,,,180.425,,,,,,,,,,
Q70UQ0_144_H4N6,,242.313,,,,,,,,,,,,,
Q70UQ0_144_H6N2,213.628,,,,,,,,,,,,,,
Q70UQ0_328_H6N2,1401.47,917.429,944.011,1370.8,241.182,851.953,635.784,1908.34,1178.98,594.439,,,,,
Q7LGA3_108_H10N2F1,103.968,200.249,167.682,,,,,,,249.717,,,,,
Q7LGA3_108_H10N2F1A1,,,195.281,114.971,,98.6495,120.193,116.963,71.1601,459.272,,,135.501,79.5526,155.974
Q7LGA3_108_H4N4A2,,167.392,,,,273.956,,,,,,,,,
Q7LGA3_108_H4N4F1,472.323,459.701,495.057,720.836,1040.11,,,,,,,,320.766,333.951,379.439
Q7LGA3_108_H4N5F2,,,,,82.7909,,,,,,,,,,
Q7LGA3_108_H5N3F1A1,,,268.98,,,,,,,,,,,,
Q7LGA3_108_H5N3F3,,166.409,,,,,,,,,,,,,
Q7LGA3_108_H5N4F1,1431.13,1596.8,863.723,1562.26,2547.38,491.987,485.298,872.834,237.94,1908.8,2251.32,2354.78,3537.48,3052.87,3985.04
Q7LGA3_108_H5N5,,,,,75.351,,,,,,,,,,
Q7LGA3_108_H6N3F1,,,185.153,,423.613,,,,,568.403,,,,,
Q7LGA3_108_H6N3F1A1,707.854,542.897,210.603,466.756,543.672,461.629,712.47,688.011,538.581,1027.44,809.098,313.031,,,
Q7LGA3_108_H6N3F3,393.739,,289.974,643.146,,147.427,,181.96,169.03,,276.776,,,,
Q7LGA3_108_H6N4F2,,,,,113.595,,,,,,,,,,
Q7LGA3_108_H6N6,,,,,94.9723,,,,,,279.223,175.322,,,
Q7LGA3_108_H7N6,,46.1029,,,,,,,,,,,,,
Q7LGA3_127_H10N2,,,102.837,,,,,,,,,,,,
Q7LGA3_127_H4N4F1,600.016,372.483,374.673,650.77,219.586,185.093,,,186.562,253.561,471.696,397.234,771.112,499.798,339.48
Q7LGA3_127_H4N5F2,75.3664,183.368,317.279,108.752,410.928,,,,,,,,,,103.184
Q7LGA3_127_H5N4F1,791.787,783.49,299.525,856.571,1006.04,326.633,,477.632,,505.543,768.802,1536.24,1174.52,1487.76,1330.29
Q7LGA3_127_H6N3F1A1,66.3214,,69.7586,,,,45.8205,302.918,,269.149,,,,,
Q7LGA3_127_H6N3F3,,,58.4649,,,76.4841,73.7002,,,,,,,,
Q7LGA3_127_H6N6,42.2956,,,,57.2445,,,,,,,,,,
Q7LGA3_127_H6N6F1A2,,,119.808,,,,,,,,,,,,
Q7LGA3_127_H7N4F1A3,,150.897,,,,,,,,,,,,,
Q7Z4H8_251_H5N5F1,,,,113.879,,,,,,,,,,,
Q7Z4H8_251_H7N4F1,,133.247,109.417,123.185,,,,,,,171.907,,,,
Q7Z4H8_306_H3N6,,,,178.983,,,,,,,,,,,
Q7Z4H8_306_H4N3F3,,,91.3861,,250.36,,,,,,,,,,567.808
Q7Z4H8_306_H5N2,,151.589,,,,,,,,,,,,,
Q7Z4H8_306_H6N2,815.265,963.689,167.363,,,,,,,,1176.01,,508.939,1675.06,
Q7Z4H8_306_H7N2,624.389,241.435,,,,,,,,,794.887,491.08,,,
Q7Z4H8_306_H8N2,996.949,494.208,636.56,321.397,,,,,,,308.91,874.451,954.269,599.497,
Q7Z4H8_419_H10N2,53.8239,40.4124,29.3436,,,,,,,,,,,36.0123,
Q7Z4H8_419_H8N2,484.649,,181.624,378.455,212.654,,,,,,420.329,612.263,,94.8188,252.013
Q7Z4H8_419_H9N2,179.635,72.7509,52.1653,70.4494,,,,,,,213.363,,,160.28,
Q7Z4H8_61_H3N4A2,,,,,452.22,206.539,,,,423.715,278.454,,,,1108.52
Q7Z4H8_61_H4N6,,216.226,168.822,,,,320.654,455.443,,,505.953,,,,
Q7Z4H8_61_H9N2,1739.57,753.899,2141.65,1724.59,1961.31,776.254,594.918,894.042,237.584,470.468,1164.55,857.718,1102.86,1497.12,707.892
Q7Z7H5_117_H3N6F3,1236.51,,612.685,,,,,,,,718.329,1684.84,,596.73,
Q7Z7H5_117_H4N5F2A1,177.563,,,,,,,,,,,,,,
Q7Z7H5_117_H4N5F3,2621.08,96.108,1931.21,,,,,,,,,619.273,799.037,,
Q7Z7H5_117_H5N4F3,545.686,,,,,339.063,,,,,,,,,
Q7Z7H5_117_H6N2,729.562,2014.78,693.523,1179.03,1384.42,434.166,,1274.85,452.828,373.433,2619.78,1317.65,,,2662.42
Q7Z7H5_117_H7N2,,,,,598.452,,,,,,,,,,
Q7Z7H5_117_H8N2,934.895,1556.15,1213.46,814.51,700.417,668.707,,203.127,397.554,,1164.75,783.162,,1121.48,2214.06
Q7Z7M0_1887_H3N6,160.454,,,,,,,,,,,,,,
Q7Z7M0_1887_H5N3F1A1,285.762,,,,,,,,,,,,,,
Q7Z7M0_1887_H5N6,53.5925,,,,,,,,,,,,,,
Q7Z7M0_1887_H8N2,,172.783,,,,,,,,,,,,,
Q7Z7M0_1887_H9N2,,395.355,198.39,67.6752,130.63,,,,,,,,,,
Q7Z7M0_421_H9N2,476.61,473.102,1075.87,659.09,,166.72,255.037,400.14,,,767.781,368.343,611.641,732.057,
Q86WC4_135_H8N2,,34.2332,55.9714,48.9299,,,,,,,,,,,
Q86WC4_263_H9N2,,,177.174,301.071,561.767,,,,,,,,,,
Q8IV08_284_H3N6,,,,443.377,,,,,,,,,,68.7313,
Q8IV08_284_H4N6,,,192.096,,,,,,,,,,,,
Q8IV08_284_H8N2,1132.89,,,,,,,,,,,,,,
Q8IWB1_27_H3N5F1,,188.175,,,,,,,,,,,,,
Q8IWB1_27_H3N6,,,67.5567,,,,,,,,,,,,
Q8IWB1_27_H4N3F3,86.8225,,,,356.102,,,,,379.01,,,,,
Q8IWB1_27_H8N2,477.957,43.9752,,24.9277,,,19.9381,65.1562,40.769,411.081,,,,,
Q8IWU5_171_H5N3,119.035,,,,,129.459,,127.289,,,,,,,
Q8IWU5_171_H5N4,211.114,127.912,130.135,,,156.197,,,,,,,,,
Q8IWU5_171_H9N2,238.105,,,158.745,,205.756,131.9,224.674,180.433,237.532,200.266,145.584,140.863,,
Q8IWU5_198_H3N4A2,,,,,203.986,,,,,233.628,,,,,
Q8IWU5_198_H5N2,,294.484,,425.338,,,513.59,611.265,348.136,,,,,,
Q8IWU5_241_H10N2,177.96,,,,,,,,372.992,,,,,,
Q8IWU5_241_H3N6F2,,,,93.633,,,,,,,,,,,
Q8IWU5_241_H3N6F3,105.631,,,,,,,,,,,,,,
Q8IWU5_241_H5N6,,,102.378,,,,,,,,,,,,
Q8IYK4_382_H6N6A1,129.967,154.123,,188.228,,,,,,,,,,,
Q8IYK4_382_H8N2,199.741,59.2418,122.763,,212.276,,,,,,,,,,
Q8IZA0_890_H5N2,332.312,,,222.702,,,,,,,1078.18,,,,
Q8IZA0_890_H6N2,265.515,1238.7,,983.729,778.296,,,,,,106.46,,85.9394,1554.88,1702.09
Q8IZA0_890_H7N2,,46.8089,28.172,,529.058,,,,,,,,,,
Q8N2E6_149_H3N4A2,,,,,173.571,,,,,,,,,,464.234
Q8N2E6_149_H9N2,486.965,,678.187,392.915,27.6467,443.039,39.2098,218.949,283.163,,455.822,118.435,672.185,570.011,
Q8N2K0_123_H3N6,,,,,163.054,,,,,,,,,,
Q8N2K0_123_H8N2,,274.181,,,,,,,,,,,,,
Q8N2K0_123_H9N2,1042.22,,,,87.2036,,,,,,,,,,
Q8N766_913_H10N2,50.0733,,,,171.098,,33.7916,,,86.79,,,,,
Q8N766_913_H3N4A2,,,,,1131.49,,,,,1826.51,,,,,1563.2
Q8N766_913_H7N2,,138.02,72.5273,,,,,,,109.473,95.4895,56.2357,,,
Q8N766_913_H8N2,1401.81,1388.38,1323.49,1257.13,1664.58,786.425,601.106,738.591,1360.37,651.89,2165.66,1516.45,937.393,1264.24,2135.97
Q8N766_913_H9N2,1169.64,2997.22,2815.33,2009.12,2867.81,2020.29,873.54,4222.67,1040.65,2041.53,3362.54,1820.63,2173.99,2596.44,4873.98
Q8N9V7_537_H3N4,156.086,,,,116.972,163.844,,,,437.083,,,,,179.385
Q8N9V7_537_H3N5,879.645,979.481,1033.28,1091.6,,1216.91,,587.02,678.868,,,729.042,,,
Q8N9V7_537_H4N2,391.705,,569.445,176.978,373.374,347.676,,250.278,571.567,,,,,,
Q8N9V7_537_H4N3,323.961,458.551,642.26,,,229.264,336.213,1048.14,,,256.215,,,482.739,
Q8N9V7_537_H4N5,436.634,,,,,,,,,,,,,,
Q8N9V7_537_H5N2,804.811,140.237,,,759.365,407.653,197.968,,,,116.822,,,,
Q8N9V7_537_H6N2,189.964,658.486,818.003,533.521,1069.31,129.873,933.274,788.385,961.634,,95.3497,406.826,717.104,654.553,
Q8N9V7_537_H6N3,131.526,,,207.765,,196.92,,,,,,,,,
Q8N9V7_537_H6N5A1,106.866,,,,,,,,,,,,,,
Q8NAT1_276_H3N6,,,,,336.602,,,,,,,,,,394.761
Q8NAT1_276_H6N2,,,,,259.533,,,,,,,,,,314.957
Q8NAT1_276_H7N2,903.783,426.301,361.587,159.698,207.567,,,,,,,862.676,,,
Q8NBJ5_381_H4N3F3,,,,,361.417,,,,,,,,,,
Q8NBJ5_381_H4N4F1,,,186.222,,,,,,,,,,,,
Q8NBJ5_381_H5N2,,,,714.865,,,,,,,,,,,
Q8NBJ5_381_H6N2,3124.19,1834.02,1122.78,1449.12,,,522.168,,347.396,281.989,2605.82,2577.34,2418.3,1189.43,1387.65
Q8NBJ5_381_H7N2,,239.854,267.395,,,,,,,,573.62,310.007,300.022,313.507,274.434
Q8NBJ5_381_H8N2,400.752,332.813,180.768,387.225,214.144,,178.293,,,,509.868,,,,
Q8NBJ5_96_H3N4F1,714.216,,,,,,,,,,,,,,
Q8NBJ5_96_H4N6,,,654.869,,,,,,,388.103,,,,,
Q8NBJ5_96_H6N2,2949.07,1975.74,1578.54,418.304,2061.74,271.194,254.582,133.898,,245.812,2409.38,2630.75,600.198,846.469,1363.63
Q8NBJ5_96_H7N2,,,,,930.87,,,,,,,694,1536.55,539.813,
Q8NBJ5_96_H8N2,1817.99,2494.36,2827.24,2380.24,683.515,1398.63,774.299,782.751,692.166,587.748,1745.9,4093.5,1228.34,1488.82,1335.54
Q8NBJ5_96_H9N2,1299.48,877.327,485.416,1301.7,1015.29,375.024,,,142.028,292.975,,503.724,238.465,906.396,1421.45
Q8NBK3_141_H5N2,,,,67.6864,,,,,,,135.129,,,,
Q8NBK3_141_H6N2,514.421,219.238,242.708,671.804,558.061,203.395,272.72,450.465,157.064,192.555,308.643,437.695,351.345,,115.435
Q8NBK3_141_H7N2,58.0643,217.742,,,,,,,,,,,,,
Q8NBL1_204_H6N2,,,,,216.509,,,,,,,,,,
Q8NBL1_204_H8N2,165.127,161.114,170.675,122.882,206.19,,,,,,,,,,
Q8NBL1_373_H6N2,165.117,163.256,181.203,,,,,,,,,,,,
Q8NBN3_62_H6N3A1,219.623,,139.726,77.0046,,147.775,445.888,559.478,478.176,343.482,579.802,386.096,,135.39,275.383
Q8NBN3_62_H6N3F1A1,238.511,,,,,,,,,,,,,,
Q8NBN3_62_H6N3F2,76.3352,,122.367,,85.7711,,340.525,427.036,127.912,,,,,64.9861,
Q8NEZ5_198_H8N2,259.534,158.715,,308.708,344.697,169.697,,,,296.141,,,,,
Q8NEZ5_198_H9N2,245.487,113.684,219.464,250.599,,226.798,316.256,297.05,163.638,446.354,,,,,
Q8NFQ8_286_H3N6,,648.354,8000.37,,,,,,,,,,,,
Q8NFQ8_286_H6N2,179.622,181.659,,,,,,,,,,,,,
Q8NFQ8_286_H7N2,2284.74,786.244,1034.85,2542.04,1430.14,753.121,676.209,779.785,535.903,1411.52,,841.588,246.38,1700.08,1561.41
Q8NFQ8_286_H8N2,9619.67,9421.17,,,5695.5,,2722.86,3611.09,3054.86,8009.12,2643.27,8616.55,6036.28,7646.64,7648.51
Q8NFQ8_286_H9N2,326.078,408.091,107.14,348.04,,529.956,162.252,332.712,241.523,,1135.38,858.184,,403.552,971.539
Q8TCJ2_616_H10N2,,,796.075,1018.33,320.33,665.313,,,,582.971,,,,,
Q8TCJ2_616_H3N4A2,1378.72,269.845,218.561,670.953,1707.07,,419.509,1578.3,1019.38,3056.39,,,,,
Q8TCJ2_616_H4N4F2A1,532.826,,205.751,,331.59,465.996,157.329,,212.863,1488.11,,,,,
Q8TCJ2_616_H9N2,2687.41,1002.62,1359.08,1256.25,546.121,3730.78,2402.32,4031.4,2588.13,1596.53,,,,,
Q8TCJ2_623/627_H10N2,1451.17,167.605,190.727,1724.99,144.567,655.418,475.105,861.699,561.514,,,,,,
Q8TCJ2_623/627_H3N6,,,119.071,,196.028,,133.112,,717.776,,,,,,
Q8TCJ2_623/627_H4N6,,317.599,309.221,307.799,,,,,585.463,,,,,,
Q8TCJ2_623/627_H5N6,,,133.559,146.134,,,,73.275,405.142,453.862,,,,,
Q8TCJ2_623/627_H7N2,,,,,449.037,,,,,,,,,,
Q8TCJ2_623/627_H8N2,1621.85,1949.04,2003.15,1541.11,2068.79,1201.68,716.866,990.453,496.513,1271.09,,,,,
Q8TCJ2_623/627_H9N2,243.114,1319.54,529.948,2114.66,3372.16,700.02,1542.65,331.809,973.676,5191.76,,,,,
Q8TCJ2_641_H3N4A2,,559.603,591.85,1093.16,1794.4,,870.311,,,654.599,,,,,
Q8TCJ2_641_H3N6,,449.404,,,,,,,,,,,,,
Q8TCJ2_641_H4N5,,,,,533.389,,,,,,,,,,
Q8TCJ2_641_H7N2,168.553,,94.1078,161.381,,,,,,,,,,,
Q8TCJ2_641_H8N2,1667.52,1301.12,1461.43,1107.48,974.253,429.007,684.522,424.449,270.332,518.326,,,,,
Q8TCJ2_641_H9N2,3130.91,3931.98,3233.15,3844.22,2740.98,6269.87,4469.69,5651.86,4923.06,2583.98,,,,,
Q8TCT7_97_H8N2,86.4904,119.065,,,97.7407,,,,,,,,,,
Q8TCT8_149/155_H6N2,,134.919,136.628,,,223.366,325.851,455.479,318.405,137.177,,,,,
Q8TCT8_149/155_H7N2,171.937,178.236,195.224,168.518,,43.2198,156.732,385.881,42.1052,368.236,,,,,
Q8TCT8_149/155_H8N4F1,57.73,,,137.025,,,,,,,,,,,
Q8TEM1_1441/1442_H10N2,,,197.327,,,,321.849,141.158,48.9447,219.179,,,,,228.752
Q8TEM1_1441/1442_H3N3F3,,,,,165.623,,,,,,,,,,
Q8TEM1_1441/1442_H3N4A2,,186.715,,,,,,,,,,,,,149.634
Q8TEM1_1441/1442_H3N6,,,909.826,566.316,,,,,,,,,,,
Q8TEM1_1441/1442_H6N2,1316.16,1104.21,755.866,888.763,573.567,251.757,561.365,584.609,186.291,484.254,667.037,68.0087,665.578,841.084,1005.13
Q8TEM1_1441/1442_H7N2,1255.35,1444.34,946.408,758.06,942.931,516.039,1187.1,973.961,488.793,655.64,788.145,706.556,1020.03,871.018,927.3
Q8TEM1_1441/1442_H8N2,1261.91,1965.12,2220.42,2773.01,2479.42,,587.187,492.201,199.073,360.63,,874.381,1379.34,904.389,1060.78
Q8TEM1_1441/1442_H9N2,827.04,3956.11,1752.29,2549.21,1671.07,253.998,1156.84,528.453,325.28,184.382,789.849,364.568,1091.33,1630.7,742.855
Q8TEM1_337_H7N2,,1576.79,964.303,396.07,249.473,556.692,423.019,,646.209,359.124,,871.67,1468.09,1119.15,1064.34
Q8TEM1_337_H8N2,880.637,1722.81,1644.96,103.007,367.955,,652.94,,954.847,,1113.8,1216.21,882.397,835.79,1007.84
Q8TEM1_337_H9N2,,,,,444.582,,264.376,,,,617.578,501.935,451.642,118.668,229.826
Q8TEM1_405_H3N4A2,,,,,1742.36,,,,,,,,,,
Q8TEM1_405_H9N2,,1506.89,1905.43,5035.23,3141.27,797.607,3188.17,,,309.665,,946.909,673.892,2789.53,2081.14
Q8TEM1_44_H3N4A2,,398.635,87.4261,,707.984,,,,,317.464,,,,,
Q8TEM1_44_H4N3F3,171.517,,,,299.541,,,,,110.987,,,,,305.904
Q8TEM1_44_H4N6,114.384,,,,,,47.3488,,,,,,,,
Q8TEM1_44_H7N2,,,,265.52,,,,,,,,,,,
Q8TEM1_44_H8N2,1183.1,1400.49,845.671,1803.31,207.25,498.055,372.815,495.971,671.317,,578.179,595.472,487.134,522.094,
Q8TEM1_44_H9N2,97.2073,166.059,89.1838,,,,84.496,,,118.117,,,,,
Q8TEM1_484_H5N2,435.208,267.323,,,173.511,,,,,,,,,,
Q8TEM1_484_H6N2,590.208,369.671,,696.374,259.991,,,,,,,,,,
Q8TEM1_681_H4N6,,,,,97.7623,,,,76.0807,129.301,210.251,90.4281,135.806,,186.971
Q8TEM1_681_H5N2,330.395,,112.768,127.109,,214.427,,,,,755.215,,,,
Q8TEM1_681_H6N2,851.148,353.289,585.294,,329.276,373.163,,,,,400.293,301.817,,,
Q8TEM1_681_H8N2,211.213,161.601,150.326,223.542,221.15,496.964,,80.8581,128.977,,452.384,390.86,,,
Q8TEM1_681_H9N2,259.134,,113.967,,,154.677,,,,,184.737,,,103.251,
Q8TEM1_801_H3N6F2,357.19,,,,,172.379,,,69.0448,178.169,,,276.839,82.8795,378.089
Q8TEM1_801_H6N3F3,,260.213,,586.27,124.252,175.321,,,,,,,,96.3649,
Q8TEM1_926_H5N2,576.522,,893.163,462.619,384.76,296.221,433.084,265.677,408.355,,379.922,,,77.4667,427.567
Q8TEM1_926_H6N2,1312.8,548.139,,155.74,473.749,69.2198,81.3523,500.47,,,413,172.404,,57.6362,255.061
Q8TEM1_926_H7N4A1,,,124.15,,,,,,,,,,,,
Q8TEM1_926_H8N2,,,,250.029,,,,,,,,,,,
Q8TEM1_926_H9N8F3,,,,,237.063,,,,,,,,,,
Q8WTV0_255_H3N6,206.668,151.361,376.712,916.215,251.789,,,,,,864.893,155.702,,,
Q8WTV0_255_H8N2,,,220.294,268.911,,,,,,,,,112.94,115.283,
Q8WWI5_135_H5N2,,,,366.112,,554.45,754.51,211.706,815.52,,980.175,614.14,1005.25,1029.03,
Q8WWI5_135_H6N2,1023.36,244.577,1270.34,1157.2,,1756.24,1693.84,1745.06,964.484,,1606.05,385.953,625.197,1264.8,
Q8WWI5_135_H7N2,68.9321,,,820.043,,892.426,736.259,775.825,264.037,,202.971,,492.394,106.013,
Q92542_417_H6N2,334.045,365.216,260.3,235.295,,,167.461,,,,,,,,
Q92542_417_H7N2,203.452,,,,,,106.515,,,,,,,,
Q92542_417_H8N2,409.332,330.299,516.003,,,768.087,,269.083,367.003,,,,,,
Q92542_435_H6N2,,,888.598,,,788.848,765.371,686.199,900.333,,799.794,491.372,2248.35,2821.99,
Q92542_435_H7N2,1061.12,911.715,1583.96,3018.72,841.202,1076.89,1350.02,1166.11,1469.68,3285.5,1441.33,1055.01,974.953,1896.08,1662.05
Q92542_435_H8N2,758.718,4462.1,1986.24,2527.81,3505.29,6984.44,1388.47,2792.03,2851.98,6631.88,4793.14,1750.78,6710.95,5847.92,2062.69
Q92542_435_H9N2,2201.98,657.277,3483.35,3127.93,1559.27,1686.15,1575.31,1443.08,1794.85,1552.81,2121.07,2653.89,2339.39,3552.25,2258.91
Q92542_45_H10N2,278.121,398,211.142,255.058,,180.314,133.872,265.925,136.638,,189.175,335.671,245.703,117.063,
Q92542_45_H3N4A2,,,,,393.951,198.584,,,,,,,,,749.363
Q92542_45_H4N6,,154.77,,,,,,,,,,,,,
Q92542_45_H8N2,805.935,1862.72,2746.23,1763.19,765.592,816.94,4676.39,2542.61,2000.15,1607.31,603.109,1653.07,1162.75,1221.22,739.527
Q92542_45_H9N2,4104.03,1206.56,1930.95,1200.21,768.932,1065.13,1062.93,1121.57,968.249,1659.84,1283.18,2256.43,1899.78,2268.18,1143.76
Q92542_530_H3N4A2,,,,,1079.95,,,,,,,,,,3294.72
Q92542_530_H4N3F3,245.654,,,,574.555,,,,,967.443,,,,,790.421
Q92542_530_H4N6,,303.812,,,,,,,,,,,,,269.895
Q92542_530_H8N2,929.917,422.605,611.685,1147.45,145.851,799.986,106.136,508.71,225.965,1044.31,512.303,716.124,,835.724,1131.03
Q92542_530_H9N2,,278.18,136.327,105.359,1246.2,520.098,218.243,256.029,2614.9,2047.05,842.121,,168.695,186.991,1504.39
Q92542_55_H7N2,384.964,,,,,,,,,,,,,,
Q92542_55_H8N2,876.588,1639.01,267.836,,,534.893,1059.81,1052.93,592.226,820.662,,,,,
Q92542_55_H9N2,1017.3,,228.194,,,247.325,418.258,,685.519,,,,,,
Q92545_290_H7N2,201.117,,,113.223,63.2241,,,,,,,,,,103.598
Q92545_290_H8N2,375.734,383.597,453.381,304.578,479.832,445.721,397.362,355.344,328.292,471.289,802.448,365.836,497.766,647.908,497.359
Q92545_290_H9N2,,,,,269.341,,,,,129.897,,,,599.037,233.607
Q92609_441_H5N6F1,456.001,476.371,596.688,,,,,,,,,,,,
Q92609_441_H6N5A3,,,151.186,,,,,,,,,,,,
Q92673_2010_H7N2,346.69,,,,,,,,,,,,,,
Q92673_2010_H9N2,339.979,386.709,350.397,201.762,,,,,,,,,,,
Q92791_361_H6N2,,,489.873,,,,192.424,,,,,,,,
Q92791_361_H7N2,305.795,,165.75,,,,117.271,,,199.825,308.718,,,,
Q92791_361_H8N2,510.193,244.457,363.722,449.449,,475.623,384.811,472.368,406.627,,752.471,1017,1917.5,228.098,
Q92791_361_H9N2,257.424,398.988,375.816,620.558,314.152,266.572,399.406,,,193.391,1082.62,,1056.64,,546.477
Q92791_79_H10N2,,,,206.698,330.222,,,260.77,,,,,,,
Q92791_79_H6N2,103.319,168.012,1138.91,1355.44,2047.52,652.155,479.217,443.409,,106.324,3931.92,1656.26,990.382,,3491.53
Q92791_79_H7N2,,,,,58.1197,,,,,,,48.5939,,,
Q92791_79_H8N2,,,72.3648,411.958,,582.488,367.435,,639.129,471.738,,72.2382,843.673,,1469.39
Q92791_79_H9N2,,,462.907,,,,,,,,,192.498,,,
Q92820_203_H10N2,335.704,172.369,227.882,193.453,241.498,785.256,878.011,592.644,352.351,728.069,785.889,101.287,399.165,872.133,659.342
Q92820_203_H4N4F2A1,,,,,157.282,,,,,383.111,,,,,131.032
Q92820_203_H5N2,596.641,493.51,329.569,274.406,272.606,483.796,580.15,1082.5,856.697,689.48,793.912,884.451,592.155,634.735,207.256
Q92820_203_H6N2,1727.53,1358.85,2288.39,1541.66,973.49,1688.03,1504.92,2506.2,,508.731,948.508,7349.42,5620.57,2038.11,705.911
Q92820_203_H7N2,1020.77,443.271,939.11,686.191,500.471,833.806,864.418,1302.83,1817.22,582.565,778.779,1066.77,1592.47,839.172,982.707
Q92820_203_H8N2,79.5009,,,77.1971,65.5955,391.63,294.641,270.671,302.914,280.004,126.588,,,,456.597
Q92820_203_H9N2,375.775,344.536,396.59,324.772,421.897,383.088,479.725,361.931,532.401,809.909,556.309,141.16,327.518,531.825,518.957
Q92820_307_H4N2,684.067,,444.275,317.107,,585.751,,,92.6489,,,,,,
Q92823_223_H5N3,,495.428,,537.594,,,,,269.124,,,,,,
Q92823_223_H6N2,,,251.907,,,,762.306,996.515,335.698,,,530.424,,494.069,367.868
Q92823_223_H6N3,,,536.923,,,,,,,,,669.803,522.348,673.886,617.636
Q92896_165_H4N4F1,,,,,115.864,,,,,,828.684,754.169,524.976,458.775,168.622
Q92896_165_H4N5F2,169.539,369.273,175.408,200.187,441.394,,,,,,,,,,
Q92896_165_H5N4F2A1,,175.397,,,,,,,,,,,,,
Q92896_165_H5N4F4,,171.883,,,,,,,,,,,,,
Q92896_165_H6N3F1A1,83.8675,182.084,,,,257.971,81.6246,,384.414,113.229,,,,,
Q92896_165_H6N3F3,,53.5365,50.5766,,,125.105,67.6289,,,,77.9605,,,,
Q92896_165_H6N4F3,,,144.901,,,,,,,,,,,,
Q92896_165_H8N2,,87.2746,,71.3792,208.737,90.8369,,,270.244,,,125.748,,103.903,89.0724
Q92896_165_H9N2,151.489,34.4688,,,138.542,191.462,,,206.795,130.521,149.913,64.6789,,110.958,79.417
Q92896_210_H10N2,69.8467,,,,91.8325,148.758,421.414,238.503,,401.718,105.516,,60.9253,76.5592,197.368
Q92896_210_H3N6F3,182.806,63.545,663.488,1084.06,664.481,178.816,,85.965,,583.535,326.123,632.461,352.895,341.918,1588.41
Q92896_210_H4N4F2,,,,220.157,304.977,,289.372,,,443.446,179.228,,358.242,231.222,493.855
Q92896_210_H4N5F1A2,,,,138.886,,,,,,,,,,,
Q92896_210_H4N5F3,,,209.006,,232.108,,,,,,,,,,
Q92896_210_H5N6,,,,,115.291,,,,,,,,87.2431,,
Q92896_210_H6N4F2,144.911,,100.802,,,,,,,,163.132,254.694,258.966,170.449,
Q92896_210_H6N7,,186.662,82.1106,,,,,,,,,,,,
Q92896_210_H8N2,60.3505,,197.156,,258.025,,,,,240.125,,,88.3932,,378.808
Q92896_210_H9N2,71.8536,,,,,142.951,,149.454,110.977,,120.726,,,223.71,203.365
Q92896_581_H3N6,,115.316,,,,,,,,,,,,,
Q92896_581_H3N6F3,,,,442.601,740.52,,,,,,,,,,
Q92896_581_H6N7,,,51.0858,,,,89.8814,,,,,,,,
Q92896_581_H8N2,,,,65.1084,,,,,,,,,,,
Q969V3_428_H5N2,368.584,307.249,336.937,275.815,327.716,671.951,309.834,,451.214,495.152,,,,395.058,525.314
Q969V3_428_H6N2,363.856,129.094,371.675,352.528,549.686,241.241,365.004,429.748,396.267,477.673,809.843,334.061,693.27,586.639,430.713
Q969V3_428_H7N2,320.682,215.398,241.762,229.337,289.665,137.125,209.896,,95.0474,317.292,402.483,313.772,211.216,294.183,249.078
Q969V3_428_H8N2,387.852,113.472,257.637,143.796,334.293,225.764,400.663,329.367,315.323,733.454,276.638,438.31,420.073,157.34,447.776
Q969V3_428_H9N2,511.689,309.548,194.287,166.994,651.76,221.738,,117,276.436,616.58,260.459,560.893,524.775,281.821,763.44
Q96AQ6_455_H3N4A2,,57.4522,,,177.245,,,,,,,,,,174.015
Q96AQ6_455_H6N2,335.252,,,,,,,,,,,,,,
Q96AQ6_455_H9N2,150.009,,232.442,230.881,,,,,,,161.285,287.533,191.152,166.085,
Q96AY3_182_H3N6F3,76.1799,,,,,,,,,,,,,,
Q96AY3_182_H4N6,140.862,,,,,,,,,722.837,136.271,,,,
Q96AY3_182_H7N2,,,657.909,1213.38,,789.534,,688.039,808.471,919.635,1841.2,776.084,499.611,,
Q96AY3_182_H8N2,3310.63,3435.03,580.389,1080.18,7358.06,3251.53,1196.89,2416.01,2925.92,4185.72,3092.96,3595.9,3356.28,1636.51,3008.46
Q96AY3_182_H9N2,3422,964.071,2131.85,645.818,6259.02,620.559,1017.44,1389.87,1746.66,2502.86,1489.07,2008.9,281.872,847.242,3236.74
Q96AY3_294_H10N2,255.526,76.0378,52.2301,115.323,,824.04,494.357,91.7743,989.237,,196.845,305.795,35.3954,,
Q96AY3_294_H3N4F3,52.7875,62.7005,34.0687,53.4409,,,,,,,,,,,
Q96AY3_294_H3N6,,726.235,233.24,362.621,,414.317,75.185,,98.6625,313.757,,106.659,169.724,,
Q96AY3_294_H5N6,,100.426,,,,,,,114.927,,,,37.0306,,159.622
Q96AY3_294_H7N2,807.514,375.341,468.556,691.708,,,371.702,,468.136,,,,,,
Q96AY3_294_H8N2,1363.85,2375.66,1856.33,5938.35,2112.26,3591.89,1166.4,2411.2,2364.93,6221.3,3764.31,2716.13,862.232,5386.01,1733.4
Q96AY3_294_H9N2,902.921,2588.75,872.453,2907.44,5707.34,2604.98,1445.73,2434.63,3990.77,3505.15,5832.28,1788.51,2357.05,3503.59,2792.4
Q96AY3_310_H3N6,82.2016,451.96,236.951,,,,141.641,67.0409,,,,,286.298,,111.708
Q96AY3_310_H4N6,,214.461,,125.608,474.381,,,,,,562.814,128.267,158.576,,
Q96AY3_310_H5N2,637.401,,,462.606,228.076,442.671,163.927,,,,,,,332.811,444.114
Q96AY3_310_H6N2,3634.64,515.344,3206.34,2265.26,1668.47,1514.16,1710.88,468.599,1392.61,487.028,8558.33,5783.97,4778.55,5060.9,
Q96AY3_310_H7N2,763.766,69.1203,667.604,174.359,336.793,706.115,396.795,259.039,631.256,725.342,2465.35,3172.39,370.381,144.262,667.941
Q96AY3_310_H8N2,240.381,684.743,589.469,910.721,,,744.936,212.409,,,2071.42,4113.64,2586.95,1053.08,374.202
Q96AY3_310_H9N2,542.651,172.844,,,,,,46.0501,,,1029.79,266.048,143.378,,
Q96AY3_393_H11N2,,,,,150.188,,,,,,,,,,
Q96AY3_393_H4N3F3,,,,415.628,,,,,,,,,,,
Q96AY3_393_H4N4A2,,413.087,,,,,,,,,,,,,
Q96AY3_393_H5N2,,,,,153.509,,,,,,,,,,
Q96AY3_393_H6N2,,,354.164,,,,,,,,,,,,
Q96AY3_393_H7N2,183.465,511.006,733.146,535.474,1270.02,,365.776,608.812,400.723,2002.06,,665.566,737.841,861.428,616.69
Q96AY3_393_H8N2,,,964.67,431.664,533.596,,,372.447,405.6,837.399,,608.484,,,951.944
Q96AY3_393_H9N2,,187.512,283.28,,224.511,,,,142.227,,,,268.173,,318.44
Q96AY3_407_H3N6,,321.033,,56.1065,384.404,,65.8081,,238.5,,,551.175,,,
Q96AY3_407_H4N6,,49.0771,,,,,,,,,,,,101.502,
Q96AY3_407_H5N2,1170.92,,,287.667,,,370.118,154.949,463.802,,1027.06,941.174,1232.69,828.719,
Q96AY3_407_H6N2,874.591,3161.17,3824.73,1820.57,156.894,2698.76,817.257,78.5021,2527.74,143.058,2748.61,2192.85,4800.43,4222.09,
Q96AY3_407_H6N6,,37.8659,,,,,,,,,,,,,
Q96AY3_407_H7N2,3744.33,7077.73,1332.89,2517.16,8525.72,2395.07,2831.83,1429.9,6720.93,,8870.65,3958.9,17431.7,6309.71,7525.71
Q96AY3_407_H8N2,4746.85,2240.3,1000.2,1514.27,5758,572.902,1844.23,,,,5433.33,3787.75,6659.2,5218.69,
Q96AY3_407_H9N2,,611.993,1983.77,1832.07,234.716,649.157,,,1402.14,,3662.74,,3575.99,779.34,524.537
Q96AY3_70_H5N2,710.184,448.828,541.946,736.245,488.191,851.085,614.312,479.052,721.57,1358.84,829.129,812.022,1046.99,1394.46,1358.88
Q96AY3_70_H6N2,1114.75,1215.85,1705.88,1909.59,1538.72,2483.63,2436.99,1627.97,2222.34,4184.41,2547.79,2132.55,6037.71,5703.08,3526.77
Q96AY3_70_H7N2,806.453,672.036,917.091,1261.57,826.223,1273.37,1159.23,1625.86,1566.12,1776.79,1873.47,1688.59,2758.43,2130.32,1212.77
Q96AY3_70_H8N2,1088.59,690.802,2646.19,1769.38,2484.09,3038.54,2590.98,2163.89,2773.4,4679.97,1932.9,2291.83,1774.14,2686.06,2120.34
Q96AY3_70_H9N2,116.561,129.543,200.909,,527.499,178.192,153.61,,,336.117,,,,,358.316
Q96F46_265_H8N2,181.586,75.6944,104.365,111.314,174.809,,,,,,159.14,160.784,141.736,224.315,168.499
Q96F46_265_H9N2,192.219,143.205,90.477,,,,,,,,116.574,110.766,214.913,149.612,
Q96F46_54_H7N2,161.453,161.946,,,,,,,,,176.496,99.9846,,,
Q96F46_54_H8N2,,,697.784,,,,,,,,458.58,,365.328,,
Q96F46_54_H9N2,,198.702,,,,,,,,,,,,,404.726
Q96FM1_40_H6N2,,157.076,,318.875,,,,,,,459.953,299.422,,409.14,
Q96FM1_40_H7N2,31.8307,,,,,,,,,,71.6122,,,53.776,100.349
Q96FM1_40_H8N2,57.3504,46.7088,,33.9177,,,,,,,,,,43.6634,
Q96G23_19_H3N3F3,,,,,443.838,,,,,465.473,,,,,
Q96G23_19_H3N4A2,,,,,798.289,,,,,,,,,,
Q96G23_19_H3N6,,,,232.52,,,138.415,,,,,,,,
Q96G23_19_H4N3F3,468.165,391.006,,,747.702,,,492.189,559.02,1241.63,,,,,
Q96G23_19_H5N2,579.118,406.957,549.407,1362.87,,,580.394,612.631,,,,,,,
Q96G23_19_H6N2,1466.9,950.986,1018.8,2102.21,,1211.05,1324.43,1633.24,393.816,546.302,,,,,
Q96G23_19_H7N2,1589.28,816.341,765.113,965.71,387.089,791.435,1588.27,748.45,602.09,,,,,,
Q96G23_19_H8N2,2073.05,655.917,977.338,1531.47,415.332,348.913,1464.71,1508.91,88.6265,992.285,,,,,
Q96G23_19_H9N2,,,,383.704,,,,,,,,,,,
Q96G97_88_H3N4A2,,166.989,89.9089,,403.182,113.652,,,,,,,,,
Q96G97_88_H3N6,,,160.746,,,,,,,,,,138.729,,
Q96G97_88_H4N3F3,95.7434,,,,,,,,,,,,,,
Q96G97_88_H4N6,,126.838,85.1493,,,,,,,,368.028,176.078,,,
Q96G97_88_H8N2,,,119.26,,,,66.2028,,,,225.94,,,318.105,
Q96G97_88_H9N2,,164.972,136.693,,,96.399,,,117.208,,144.889,69.4865,68.2415,103.057,
Q96HD1_205_H6N2,184.316,,,243.789,,505.5,315.101,276.443,392.668,,,,,,
Q96HD1_205_H8N8A2,,376.315,,,,,,,,,,,,,
Q96HE7_280_H10N2,72.2853,,,,,,,216.77,,554.67,,,,,
Q96HE7_280_H6N2,,4116.02,3028.04,2876.29,2185.74,2319.82,2713.44,2455.98,1975.63,1308.36,3470.4,1903.79,6940.65,6262.67,1234.85
Q96HE7_280_H7N2,709.631,455.822,478.007,746.58,1362.98,,,,,906.237,982.52,815.676,1989.28,622.93,1185.36
Q96HE7_280_H8N2,836.064,505.834,973.524,976.068,218.128,640.365,997.52,341.283,924.176,2309.3,1269.85,1941.08,2807.68,2368.39,1287.38
Q96HE7_280_H9N2,1445.42,1693.08,2280.02,4712.21,1230.32,1600.01,622.846,964.182,2164.22,2058.34,3248.03,2681.11,8848.86,6184.69,4673.92
Q96IY4_73_H10N2,85.8833,,,,,,,,,,,,,,
Q96IY4_73_H8N2,,309.718,293.018,,,,,,,,,,,,
Q96IY4_73_H9N2,,,2277.61,,983.322,,,,,,,,,,
Q96J42_181/187_H9N6F1A2,382.529,165.549,,101.715,,,,,,,,,,,
Q96J42_181/187_H9N6F5,210.631,,149.707,,,,,,,,,,,,
Q96J42_293_H3N4A2,,,,221.696,,,146.926,189.608,289.533,,210.479,,433.649,,
Q96J42_293_H4N3F3,,,,,498.075,,,,,,,,,,507.608
Q96J42_293_H8N2,909.554,,1822.11,1350.04,632.067,385.202,,770.474,,408.746,707.072,1595.09,,788.631,
Q96J42_293_H9N2,565.307,322.434,349.842,550.302,441.695,434.761,401.204,594.206,397.894,697.599,747.993,208.031,378.072,455.91,
Q96J42_293_H9N6A1,,276.921,,,,,,,,,,,,,
Q96KA5_101_H3N6,511.931,,781.412,,,,,170.837,,,,,,,
Q96KA5_101_H8N2,1290.8,2245.56,1631.8,2310.48,1191.44,1456.48,2281.45,,3697.95,1507.39,,,,,
Q96KA5_229_H3N6,,,843.266,,,,,,,,,,,,
Q96KA5_229_H8N2,1015.03,618.245,1512.56,346.593,578.24,347.298,1206.69,499.265,745.948,1980.85,1231.89,1440.25,570.311,888.572,629.711
Q96KA5_229_H9N2,216.71,151.85,,,,183.055,,172.328,203.365,268.974,,,122.37,,
Q96KA5_91_H4N5F2A1,,,,,140.842,,,,,,,,,,
Q96KA5_91_H5N2,,324.922,,,143.317,,,,595.091,285.507,,,,,
Q96KA5_91_H6N2,222.43,,,,184.541,701.203,,,,451.227,427.783,379.201,531.735,,209.709
Q96KA5_91_H6N5F2A3,,82.9816,,,,,,,,,,,,,
Q96KA5_91_H7N2,294.844,66.429,507.748,420.661,456.1,447.579,404.62,654.741,232.526,901.486,384.284,411.224,802.724,393.011,229.297
Q96KA5_91_H8N2,836.202,178.384,,341.906,166.869,462.104,1154.53,450.514,905.257,922.015,371.602,226.126,736.509,433.61,350.302
Q96RQ1_212_H12N2,84.6244,,,,,,,,,,127.842,,,,
Q96RQ1_212_H5N3A1,401.79,,,,,,254.728,,,,515.18,292.576,,,538.071
Q96RQ1_212_H5N3F1A1,,,207.866,,,,,,,,,,,,
Q96RQ1_212_H5N3F2,559.599,420.584,413.163,,,,,,207.784,,,302.848,403.235,,357.382
Q96RQ1_212_H5N3F3,228.234,,76.564,,,,,,,,,,,,
Q96RQ1_212_H5N4F2A1,134.642,,,,,,,,,,,,,,
Q96RQ1_212_H6N3F2,,704.31,,,,123.938,138.616,,65.487,88.2777,995.768,,,,
Q96S16_209_H8N2,,507.816,643.29,894.643,929.453,,,372.655,92.0637,298.122,,,,,
Q96S16_209_H9N2,,,368.294,309.708,426.581,,278.077,225.512,,,,,,,
Q96S52_370_H11N2,,,169.36,,,,,,,,,,,,
Q96S52_370_H4N3F3,,99.6553,,,,,,,,,,,,,
Q96S52_370_H5N2,,,219.192,,,,,,,,421.326,,,247.319,
Q96S52_370_H6N2,,988.332,418.731,535.803,768.135,,152.042,,171.649,555.2,476.52,769.519,459.507,326.642,290.839
Q96S52_370_H7N2,146.3,39.4992,290.786,55.2669,152.585,72.4111,,,,294.895,121.746,,,,168.051
Q96S52_370_H8N2,388.829,168.25,501.207,238.323,188.537,128.64,120.273,,105.834,,177.445,,109.538,196.05,302.757
Q96S52_370_H9N2,115.309,110.042,100.652,,74.5303,,,,,,,73.947,,,64.4312
Q99523_406_H10N2,,133.134,,1427.08,,,,,,188.251,,,,,818.541
Q99523_406_H9N2,1291.29,1088.15,557.746,2840.56,621.791,246.098,445.613,,466.685,,1362.43,346.303,670.216,,330.937
Q99523_98_H12N2,189.487,,252.97,210.854,343.417,,,,,,,,,,
Q99523_98_H5N4F1A1,,170.608,,122.418,973.155,,,,,,,,,,
Q99523_98_H5N4F3,79.2127,170.329,249.527,92.4937,,,,,,,,,,,
Q99523_98_H7N6,,,,89.1163,,,,,,,,,,,
Q99538_167_H10N2,103.007,292.683,,,,89.7254,,,,,,,163.228,,
Q99538_167_H6N2,3742.14,1689.1,2513.27,3386.55,921.105,1093.54,1504.31,1690.14,2853,2299.19,1561.12,3961.07,3015.49,2681.35,1278.33
Q99538_167_H7N2,416.345,532.086,555.243,1322.11,415.713,996.727,1283.01,1257.93,1155.68,968.14,676.323,818.14,,79.4484,471.081
Q99538_167_H9N2,,,83.3794,,,,,,,,,,,,
Q99538_263/272_H11N2F1,,213.702,408.108,412.935,,,,,,,,,,,
Q99538_263/272_H4N6A2,,,54.1964,,,,,,,,,,,,
Q99538_263/272_H4N9,,,77.132,,,,,,,,,,,,
Q99538_263/272_H8N4F1,,313.254,770.9,368.976,,,,,,,402.283,225.236,2140.37,1034.37,
Q9BRN9_122_H3N4A2,,151.644,,,,,,,,,,,,,
Q9BRN9_122_H7N2,,182.457,110.629,199.15,,,,,,,128.8,,,,
Q9BRN9_122_H8N2,607.441,627.255,379.128,406.952,330.214,,,,,,363.964,,126.597,177.912,308.08
Q9BRN9_122_H9N2,430.377,238.389,438.684,731.416,303.559,,,,,,291.64,,132.603,,134.383
Q9BRN9_157_H8N2,689.943,400.311,385.735,,426.456,,,,,,,,160.225,134.614,156.14
Q9BRN9_157_H9N2,150.324,,,,88.1806,,,,,,,,,,
Q9BRN9_169_H8N2,,624.015,1693.34,581.128,1134.22,,,,,,,,,,
Q9BRN9_169_H9N2,,,422.422,,731.235,,,,,,,,,,
Q9BRN9_87_H3N6,,173.264,203.592,,,,,,,,,,,,
Q9BRN9_87_H8N2,409.59,,,,,,,,,,,,,,
Q9BTY2_377_H10N2,191.613,369.876,550.063,309.738,73.5101,255.589,222.539,247.476,279.309,193.704,416.974,838.551,1240,573.466,208.305
Q9BTY2_377_H5N2,,303.379,903.825,515.576,,631.843,636.831,594.441,191.277,321.415,513.025,487.104,805.515,961.442,
Q9BTY2_377_H6N2,664.084,1019.19,958.094,885.961,,,518.576,485.096,231.001,,1544.66,1432.86,2418.16,1148.22,599.65
Q9BTY2_377_H7N2,144.511,,,,,,,,,,,,,,
Q9BTY2_377_H8N2,212.906,151.198,186.954,136.328,,,72.0448,,,,216.203,180.589,337.204,,
Q9BTY2_377_H9N2,137.136,240.332,,,456.306,414.895,111.934,168.878,215.984,339.061,686.387,526.495,791.77,,479.358
Q9BU23_616_H10N2,297.371,241.218,,,,390.478,291.436,,,,223.282,,,,
Q9BU23_616_H3N6,,79.8795,,,,120.764,,,,,,,,,
Q9BU23_616_H6N2,,,466.781,546.989,,1343.94,1515.4,2051.71,,853.512,,664.52,,837.726,
Q9BU23_616_H6N3F3,,348.514,370.081,,,,,,,,,,,,
Q9BU23_616_H7N2,979.612,1256.48,439.609,693.91,173.298,1125.55,1211.46,3357.3,1642.63,1470.23,,1538,748.657,,
Q9BU23_616_H8N2,833.921,1467.01,1111.29,1173.64,,5437.13,3380.49,3176.75,5007.59,,4420.52,3554.36,1879.18,6986.23,
Q9BU23_616_H9N2,221.106,594.382,728.232,362.354,549.28,523.621,,496.614,427.551,369.73,828.011,,58.9687,,
Q9BVK6_125_H3N4F1,1692.53,3019.91,782.049,210.544,1865.07,1266.48,426.231,1070.8,648.187,1644.45,3222.99,2141.16,1807.26,1428.66,3363.71
Q9BVK6_125_H3N5F1,438.467,441.055,320.282,,696.385,897.597,583.863,1557.43,1483.77,88.129,741.404,1426.69,1426.16,579.121,510.092
Q9BVK6_125_H3N5F2,1137.11,1153.73,1359.91,654.546,869.956,,,,,,1878.3,1850.29,1257.46,849.358,687.498
Q9BVK6_125_H3N6F1,,,,,318.175,,493.812,,,1557.64,,,,,261.482
Q9BVK6_125_H3N6F2,,,,,697.501,,,,,,128.355,171.926,,,
Q9BVK6_125_H3N6F3,940.876,1010.9,1295.06,617.053,1390.6,,,,,,1490.03,1588.55,1307.48,917.307,1106.59
Q9BVK6_125_H4N2,,252.316,,,,,134.907,,,,,,,,
Q9BVK6_125_H4N4F2,284.108,,499.233,,703.496,,106.054,,,806.472,404.105,369.98,,309.963,610.674
Q9BVK6_125_H4N5F2,331.157,219.062,134.75,387.654,477.31,1148.02,128.337,,,,,,,,
Q9BVK6_125_H4N5F3,412.783,351.218,,,855.162,,119.423,,,,,424.186,,,
Q9BVK6_125_H4N6,,,171.586,,,,,,,,,,,,
Q9BVK6_125_H5N2,,375.294,329.117,406.056,460.659,933.783,462.986,971.444,,879.366,1746,1778.22,665.121,1809.14,2021.74
Q9BVK6_125_H5N4F3,,377.903,166.828,202.41,,,181.522,,288.532,1828.88,,,,,942.048
Q9BVK6_125_H5N4F4,132.302,339.398,,,,111.834,,,,,,,,,
Q9BVK6_125_H6N2,2236.43,2968.76,1424.53,1110.62,3265.56,4102.86,797.082,3033.99,1885.81,5690.4,2995.64,3087.6,4387.33,4025.92,5336.68
Q9BVK6_125_H7N2,2345.4,1961.04,1606.83,2168.45,1279.1,2140.24,320.012,1413.5,1070.13,1953.1,562.641,319.962,736.919,1432.26,2365.95
Q9BVK6_125_H7N6,,,,211.037,,68.5228,,,167.746,,,,,,
Q9BVK6_125_H8N2,,2088.65,3525.65,3731,5964.68,620.229,2133.6,3635.73,705.18,6147.17,5331.53,5045.43,3115.8,2245.05,3543.99
Q9BVK6_125_H9N2,133.2,,,,,361.938,,,,,,,,,333.192
Q9BX51_167_H5N4F2,155,344.417,125.906,,,,,,,,,,,,
Q9BX67_104_H5N4F1A1,684.789,575.478,,551.607,160.19,1009.54,881.014,79.7727,1017.45,217.46,86.7939,139.102,124.399,,
Q9BX67_192_H5N3F1A1,,374.21,,674.865,854.091,,,,,,,,,,
Q9BX67_192_H5N3F3,,,,,680.495,,,,,,,,,,
Q9BX67_192_H5N4F4,,141.969,,,,,,,,,,,,,
Q9BX67_192_H6N3A1,,538.302,556.317,598.4,,579.402,372.755,416.848,392.475,877.726,,,,,
Q9BX67_192_H6N3F2,,545.421,1088.85,409.026,,558.333,325.717,428.439,,870.759,,,,,
Q9BX74_197_H8N2,240.384,,202.555,195.046,269.395,,74.3005,151.023,148.186,277.313,,,,,
Q9BX74_197_H9N2,213.2,163.665,124.799,254.849,,,63.2223,,,214.266,,,,,
Q9BY67_101_H12N2,383.565,,,,,,,,,,,,,,
Q9BY67_101_H6N5F1A3,,,,145.017,,,,,,,,,,,
Q9BY67_101_H7N6F1A4,222.321,,,,,,,,,,,,,,
Q9BY67_101_H8N7A1,,111.113,,157.059,,,,,,,,,,,
Q9C0A6_419_H11N11A1,372.925,,,,,,,,,,,,,,
Q9C0A6_419_H3N6F1A2,,103.485,,204.193,,,,109.431,,,,,,,111
Q9C0A6_419_H5N5F2A1,,,92.5456,,,534.149,,,135.503,,454.259,,,,
Q9C0A6_419_H7N4A1,,,,,79.7445,,,,,,,,,,
Q9C0A6_419_H8N5F1,106.916,,,,,,,,135.45,,,,97.3132,,
Q9C0C4_419_H9N2,109.035,206.132,100.182,180.153,392.304,113.936,102.176,129.992,97.2798,,480.042,201.745,,334.394,461.926
Q9C0H2_144_H4N3F1A1,,,340.575,366.202,,,,,890.896,,,648.072,,,557.839
Q9C0H2_144_H4N3F3,,,,559.237,434.589,,406.714,,,192.347,,,355.745,833.425,
Q9C0H2_144_H5N4F3,216.811,,,93.1439,,123.534,,,,,,,,,
Q9GZR5_20_H3N3F1,213.501,,,,,,,,,,,,,,
Q9GZR5_20_H3N3F3,,123.606,,,,,,,,,,,,,
Q9GZR5_20_H4N3F2,510.235,129.499,,,159.154,,,,,,,,,,
Q9GZR5_20_H5N3F2,,170.043,,,,,,,,,,,,,
Q9GZX9_52_H3N6,,56.0031,,,,,,,,,,,,,
Q9GZX9_52_H8N2,135.555,45.103,35.7783,,,,,,,,,,,,
Q9GZX9_81_H5N2,,,,,44.4824,,,,,,,,,,
Q9GZX9_81_H6N2,436.57,410.844,560.619,328.824,357.739,,,,,,,108.722,112.75,169.597,335.116
Q9GZX9_81_H7N2,75.6869,,,,108.15,,,,,,,,,,
Q9GZX9_81_H8N2,,,,,198.645,,,,,,,,,,
Q9H0U3_71_H3N6,,,,,635.205,,,,,372.311,,,,,
Q9H0U3_71_H8N2,1137.58,1311.05,945.796,1495.74,,2151.98,935.862,379.943,1965.81,1468.69,,,,,
Q9H0V9_181_H3N6,,182.702,,192.402,,,245.693,,,,,397.719,235.57,241.972,
Q9H0V9_181_H7N2,,,,145.848,,,,,,,259.773,,530.12,354.085,
Q9H0V9_181_H8N2,135.757,158.301,,,,308.236,124.753,,329.401,,694.537,270.821,320.776,331.332,
Q9H0X4_389_H8N2,308.701,195.725,239.69,130.711,210.915,,,,101.919,262.313,177.207,,,314.77,207.568
Q9H0X4_389_H9N2,,303.15,113.453,220.838,298.786,,,,116.381,223.917,,109.345,,,285.251
Q9H330_551_H4N3F3,,,,,63.9627,,,,,,,,,,
Q9H330_551_H8N2,608.66,,128.109,398.579,320.312,,,,,,,,,,
Q9H330_551_H9N2,252.501,125.265,,114.445,725.086,,,,,,,,,,
Q9H3G5_307_H3N2,,2231.89,,1007.62,,,981.545,336.856,861.511,,1217.88,,,1067.12,
Q9H3G5_307_H4N2,,,,260.74,,979.737,,674.825,,,,,,,
Q9H3G5_307_H5N4,,,,285.268,,,,,,,,,,51.1637,157.118
Q9H3G5_307_H6N2,,125.882,107.081,,,83.4246,,674.579,,,322.895,,206.916,386.491,70.2189
Q9H3G5_307_H7N2,675.995,273.604,,225.629,,921.616,,137.841,158.787,,137.332,158.408,266.431,157.167,236.899
Q9H3G5_346_H10N2,,,38.4798,,,,,,,,,,,,
Q9H3G5_346_H4N2,,,,,604.995,752.138,769.359,,1102.64,,,,,1332.39,
Q9H3G5_346_H5N2F1,223.458,317.124,275.342,,,,,634.348,817.489,,,,,,
Q9H3G5_346_H5N3F1,386.094,,,,,,,,,,,,,,
Q9H3G5_346_H6N2,411.471,282.452,607.406,316.878,,1173.3,643.532,1541.94,1460.65,1389.69,1575.43,978.907,1415.1,1040.49,585.396
Q9H3G5_346_H6N3,483.202,,,,,446.046,,,,563.517,443.545,,,,
Q9H3G5_346_H8N2,,197.288,98.1221,52.8146,,75.721,,,,,,,,,
Q9H3G5_81_H5N2,409.626,450.058,257.231,217.563,,513.07,725.583,677.703,687.646,240.002,573.543,816.016,634.663,530.031,166.279
Q9H3G5_81_H5N3F1,,,,86.5326,,,,,,,,,,,
Q9H3G5_81_H6N2,255.085,430.578,426.772,329.861,443.623,475.762,1010.03,,1109.62,1202.94,459.924,403.928,,637.732,226.915
Q9H3G5_81_H7N2,78.7339,,,,,266.848,327.851,316.229,366.71,,,,,,
Q9H3G5_81_H9N2,,80.8114,,,,104.161,,142.661,,,,,,,
Q9H5K3_67_H3N4F1,147.609,155.701,,135.885,,,,,,,,,,,
Q9H5K3_67_H7N2,496.321,,,401.492,,,133.852,,,,,,,,
Q9H5K3_67_H8N2,673.489,591.936,74.0181,589.823,262.589,419.171,,329.082,,483.689,732.478,605.141,123.411,243.518,
Q9H5V8_39_H8N2,,149.486,138.687,153.399,,195.988,,96.8994,,,,,125.052,,
Q9H5V8_39_H9N2,451.394,629.22,378.606,478.684,,194.202,264.201,264.329,279.838,,446.061,918.781,157.043,436.359,
Q9H6E4_148_H3N6,413.466,,,206.204,,,,,,,,,,,
Q9H6E4_148_H6N2,342.326,365.816,303.844,,,,,,,,,,,,
Q9H6E4_148_H7N2,,,,,135.826,,,,,,,,,,
Q9HC56_450_H4N5F1,,85.6734,208.364,,,,,,,,,,,,
Q9HC56_450_H4N5F1A1,,,,147.685,,,,,,,,,,,
Q9HC56_450_H4N5F2,,346.875,303.384,573.554,,,,,,,,,,,
Q9HC56_450_H4N5F3,155.931,,133.935,,,,,,,,,,,,
Q9HC56_450_H5N4F1A1,225.507,393.79,,,213.863,,,,,404.827,,,,,
Q9HC56_450_H5N4F2,159.005,,118.873,,,,,,,,,,,,
Q9HC56_450_H5N5F1,102.368,87.2638,119.515,,166.354,,,,,,,,,,
Q9HC56_450_H5N5F2,,,108.637,,,,,,,,,,,,
Q9HC56_450_H5N5F3,239.747,,145.968,,,,,,,,,,,,
Q9HCB6_214_H5N3F1,156.231,190.789,,81.291,,,,,,,,,,,
Q9HCB6_214_H5N4F1,142.2,208.808,,,,,,,,,,,,,
Q9HCB6_214_H6N2,211.663,156.97,,107.339,,107.857,,,180.168,,,,,,
Q9HCB6_214_H6N3,,,,,88.2046,393.229,123.972,221.86,566.485,,,,,,
Q9HCB6_214_H7N2,150.689,,,189.038,,,,,,,,,,,
Q9HCB6_214_H7N3F1,186.116,,,,,,,,,,,,,,
Q9HCU4_2061_H7N2,190.801,118.991,282.848,,,,,,,,,,,,
Q9HD45_174_H12N2,430.806,306.551,,1158.66,,,,111.445,,339.238,,,,1020.85,640.827
Q9HD45_174_H4N6,61.0703,,,,,,,,,,,,,,
Q9HD45_174_H5N3A1,283.438,282.102,280.003,104.701,133.171,288.88,442.161,312.627,,690.783,273.363,,138.589,344.134,535.794
Q9HD45_174_H5N3F1,286.891,451.294,202.027,89.0604,478.461,,,,,922.797,161.739,138.026,,,553.89
Q9HD45_174_H5N3F1A1,214.299,854.857,415.053,491.329,498.098,995.798,1137.49,940.81,863.774,1106.97,640.171,660.759,652.215,193.672,
Q9HD45_174_H5N3F2,67.461,,321.849,236.108,,131.681,91.6247,477.951,,,60.8495,147.026,454.249,,
Q9HD45_174_H5N3F3,189.307,,,,,96.3864,,,205.494,548.057,438.51,453.736,182.214,,
Q9HD45_174_H5N4A2,382.88,216.84,309.519,213.775,476.577,,,,,,717.111,291.377,,181.288,294.571
Q9HD45_174_H5N4F1A1,,294.266,216.598,389.914,333.091,,,,,,374.109,226.227,315.934,,
Q9HD45_174_H5N4F1A2,215.899,543.192,254.541,,,,,,,,,,249.215,,
Q9HD45_174_H5N4F2,,,260.054,,40.1513,,,,,,,,,,
Q9HD45_174_H5N4F2A1,237.252,,516.901,428.195,308.146,,,,,,252.932,,,,
Q9HD45_174_H5N4F3,177.354,264.148,251.749,,,,,,,,,,,267.191,367.868
Q9HD45_174_H6N3A1,,100.055,125.804,189.67,,224.154,254.587,355.635,637.719,965.669,,369.786,269.417,,
Q9HD45_174_H6N3F1,,,99.6724,,73.8899,97.8253,283.508,527.852,299.201,179.011,,,,,
Q9HD45_174_H6N3F1A1,,299.825,57.5961,346.555,,1520.01,744.099,683.246,1119.99,2118.33,,308.36,,,
Q9HD45_174_H6N3F2,,,,40.3794,259.169,,,42.1896,,172.406,,,,,546.888
Q9HD45_174_H6N4F3,,166.789,,,,,,,,,,,,,
Q9HD45_174_H7N6,,171.618,,,,,,,,,,,,,
Q9HD45_174_H7N6A2,,,,,63.1973,,,,,,,,,,
Q9HDC9_160_H10N9F1A2,,,170.549,,,80.7211,,,,,,,,,
Q9HDC9_160_H3N4A2,250.662,353.697,114.44,,498.959,,,165.278,,250.583,,78.4293,,,319.561
Q9HDC9_160_H4N3F3,136.677,384.242,74.0171,156.29,1012.73,,105.297,150.487,,,,,233.088,256.014,
Q9HDC9_160_H4N5,597.91,1418.18,846.007,372.303,,,,,,,,,,885.878,
Q9HDC9_160_H5N2,790.683,2111.46,1934.55,2412.32,383.235,827.053,617.578,935.397,1628.41,,967.997,1415.75,861.187,1263.52,1043.73
Q9HDC9_160_H5N6F1A1,,,,70.8579,,,,,,,224.475,,,,
Q9HDC9_160_H6N2,4954.56,1643.84,687.52,3382.42,1609.55,1468.2,2218.02,3272.94,2999.12,1137.7,3506.43,1446.53,2117.59,1273.42,1213.34
Q9HDC9_160_H7N2,226.578,214.7,249.946,1678.53,,379.287,321.643,297.252,299.516,716.439,217.621,146.207,342.16,116.762,201.844
Q9HDC9_160_H8N2,1638.33,1970.87,925.711,2217.59,1565.92,1159.92,1097.23,1488.05,404.394,685.35,1568.31,955.134,1164.19,85.1512,1294.09
Q9HDC9_160_H9N2,812.181,888.655,852.529,759.315,184.685,761.367,47.7953,642.949,922.877,60.5749,102.511,792.514,492.993,832.467,44.0221
Q9HDC9_160_H9N6F1,,,,104.332,,,,,,,,,,,
Q9HDC9_196_H3N3F3,,230.192,,160.555,485.982,,,,,,,,158.835,,
Q9HDC9_196_H3N6,250.011,,180.188,127.574,293.811,,,700.037,,238.533,,1902.04,,,
Q9HDC9_196_H4N3F3,,,,,2271.15,,,,,1731.82,,,,,1026.88
Q9HDC9_196_H6N2,480.319,289.719,785.983,1050.21,288.409,279.429,601.134,325.058,737.398,296.726,,,,,
Q9HDC9_196_H7N2,1071.47,1110.44,253.619,822.39,1028.59,618.832,360.777,540.804,358.067,1184.47,,,,,360.373
Q9HDC9_196_H7N7A2,,101.643,,,,91.9894,,,,,,142.654,114.701,,
Q9HDC9_196_H8N2,2168.25,1819.48,1790.15,1022.29,1985.43,2045.7,1420.34,2814.6,1012.92,2020.93,1042.52,358.306,1038.27,1143.8,633.063
Q9NRB3_280_H10N2,212.415,,153.048,,,204.019,160.155,,,396.88,325.215,,384.594,162.187,544.868
Q9NRB3_280_H3N6F3,64.6795,,,,139.969,,,,,,,74.58,118.101,,
Q9NRB3_280_H9N2,153.978,,,95.0568,,,,,,,,,,133.957,
Q9NUI1_143_H9N2,176.531,219.089,394.52,,,,,,,,,,,,
Q9NV96_294_H10N2,240.381,88.1158,,,735.191,,,,,934.444,,,,,
Q9NV96_294_H5N4F2,,,,,349.049,,,,,,,,,,
Q9NV96_294_H5N6,,,75.4379,111.455,,,,,,269.107,,,,,
Q9NV96_294_H6N5A1,,188.164,,,,,,,,,,,,,
Q9NV96_294_H6N5F2,,,,,227.235,,,,,,,,,,
Q9NV96_294_H8N2,,,,82.6833,,,156.029,,,,,,,,
Q9NY35_72_H10N9F3A2,891.415,,628.575,,,,,,,,651.226,,,762.167,
Q9NY35_72_H3N4A2,,,304.303,,,,,,,,,,129.793,,
Q9NY35_72_H8N2,1280.95,278.013,987.12,588.718,425.603,,264.269,682.08,201.264,565.48,449.958,535.632,32.2937,330.269,395.44
Q9NY35_72_H9N2,821.884,134.31,247.605,392.372,,367.046,293.258,359.525,308.331,,501.667,122.415,173.677,327.598,
Q9NYQ6_1623_H9N2,468.029,,265.463,,433.907,,,,,,456.152,,228.295,190.926,147.297
Q9NYU2_269_H3N4F1,,220.031,,,154.696,,,,,,,,,,
Q9NYU2_269_H5N2,,,,1346.02,985.779,1328.73,446.985,,,725.271,649.224,987.373,,,
Q9NYU2_269_H6N2,2582.15,323.629,1136.29,1031.03,249.384,963.795,1385.35,1151.4,,,1289.79,563.26,681.537,416.252,
Q9NZ08_414_H4N5,190.226,,,,,,,,,,,,122.282,,
Q9NZ08_414_H6N2,,,256.077,338.974,,,952.417,175.711,264.312,,,,,,
Q9NZ08_414_H7N2F1,157.718,,,,,,,,,191.797,,,,,
Q9NZ08_414_H8N2,98.5621,,,,,,,59.5559,230.879,,133.269,,,,
Q9NZV5_190_H6N2,,447.762,,,,,,,,,,,,,
Q9NZV5_190_H7N2,,403.925,254.336,396.454,,235.332,,,347.315,265.398,374.503,230.645,,,
Q9P0T7_38/47_H6N2,280.099,,326.902,303.885,,,,,,,261.052,719.338,1079.47,,
Q9P0T7_38/47_H7N6F1A2,,,,30.994,,,,,,,,,,,
Q9P0T7_38/47_H8N2,126.183,,,,,,,,,,178.083,,137.68,235.895,
Q9P0T7_38/47_H9N2,108.606,,,,,,,,,,,,,232.405,
Q9P273_1640_H9N2,1132.12,1383.9,568.807,537.943,,307.937,309.31,104.166,214.8,212.534,813.183,521.862,461.843,425.639,411.752
Q9P273_419_H8N2,36.2718,,,,,80.2977,,,,,,,,,
Q9P273_419_H9N2,,,46.4701,93.9232,,46.2783,153.419,75.6887,53.5491,164.473,188.077,,64.9946,,
Q9P273_860_H3N6,,123.785,74.5001,,,,,,,,,,,,
Q9P273_860_H8N2,,,234.652,519.647,660.624,,,,,,581.83,204.281,333.23,192.695,552.697
Q9P2B2_286_H10N2,,,,,91.9001,,,,,,,,59.8426,,
Q9P2B2_286_H12N2,,316.111,198.846,,,,,,,,,,,,
Q9P2B2_286_H4N5F1A1,,,,,355.217,,,,,,,,,,1165.59
Q9P2B2_286_H4N5F2,,,412.031,,397.273,,,,,240.521,,419.832,899.291,430.383,127.04
Q9P2B2_286_H5N4F1A1,266.172,,,,590.49,458.359,358.903,219.005,240.059,224.671,,,,,64.6198
Q9P2B2_286_H5N5F2,,,165.507,,,,,,,,,,153.591,,
Q9P2B2_286_H6N7,,118.3,,,,,,,,,,,,,
Q9P2B2_286_H8N2,,,,,123.781,,,,,,,,,,
Q9P2B2_286_H9N2,,,,,152.849,,,,,,,236.308,,,
Q9P2B2_300_H5N4,,,206.325,,,,,,,,,,,,
Q9P2B2_300_H5N4F1,330.713,,,355.167,399.63,428.073,306.29,430.398,475.094,,176.759,,,,326.469
Q9P2B2_383_H4N5F2,739.856,1033.86,870.047,781.265,,,,,,,1069.96,706.199,1077.84,,
Q9P2B2_383_H5N4F3,,,265.232,,,,,,,,,,,,
Q9P2B2_383_H5N5F1,488.92,,,,,,,,293.224,,,,,,
Q9P2C4_162_H7N2,111.642,,82.5073,232.442,,,,,,,,,,,
Q9UBR2_184_H5N2,177.501,669.008,558.34,405.293,,1092.24,842.105,694.977,818.873,,923.556,,1154.54,,
Q9UBR2_184_H5N2F1,322.118,,,,,,,,,,477.992,308.731,358.565,340.099,
Q9UBR2_184_H6N2,1085.65,546.851,582.502,1038.33,648.222,1536.12,870.918,1433.84,1619.48,2355.33,1535.04,2934.33,5721.22,5526.06,1357.66
Q9UBR2_184_H6N2F1,282.566,147.341,256.422,203.242,,186.751,191.191,281.883,222.403,,81.7461,285.465,,223.794,
Q9UBR2_184_H6N3,,,,673.438,631.705,210.006,,465.45,,378.769,533.745,,,249.423,
Q9UBR2_184_H7N2,422.78,,508.208,,,469.351,886.221,1102.88,1028.38,,,548.493,418.644,439.964,
Q9UBR2_184_H8N2,217.254,155.368,76.9902,,,190.53,136.765,178.65,,,343.059,,349.074,119.838,
Q9UBR2_184_H9N2,123.705,,,,,95.2542,,,,,130.66,,246.111,102.243,
Q9UBS4_261_H6N3F3,393.992,178.67,621.888,1351.82,,1054.89,283.408,790.906,878.064,,1605.11,1764.64,952.206,1352.74,
Q9UBV2_431_H6N2,219.71,272.743,605.111,474.252,428.528,637.313,582.572,1146.2,1039.29,422.775,1780.42,395.042,1137.58,364.752,445.3
Q9UBV2_431_H7N2,386.326,250,218.094,151.089,,181.245,351.304,974.631,557.263,1129.54,431.567,403.567,419.706,,
Q9UBV2_431_H8N2,503.5,,339.805,465.157,411.964,532.417,909.242,1221.72,,841.05,535.474,521.404,302.426,,559.991
Q9UBV2_431_H9N2,310.914,572.469,181.374,1194.48,1183.06,3024.59,899.279,1438.89,1920.28,,719.937,823.442,269.976,852.556,1748.2
Q9UBV2_608_H3N4A2,151.948,375.854,686.623,181.075,1270.56,406.941,,235.08,127.287,2622.73,,283.16,1092.94,473.733,1871.52
Q9UBV2_608_H4N3F3,,,,,306.355,,,,,,,146.583,,,257.052
Q9UBV2_608_H8N2,201.619,156.301,66.2863,1253.99,1932.62,962.116,799.826,831.748,838.197,1829.59,1090.93,703.54,222.836,1200.31,1677.36
Q9UBV2_608_H9N2,1910.65,1952.5,2128.66,1538.77,2065.02,2343.04,1079.28,840.554,2070.66,3711.48,2305.69,1034.24,3050.85,2358.12,2197.26
Q9UH99_636_H6N2,434.395,965.188,565.562,488.395,199.381,1157,904.152,1142.84,554.435,536.545,601.554,453.846,745.809,320.93,
Q9UH99_636_H7N2,377.648,289.233,189.001,294.135,213.831,703.265,397.742,947.945,389.826,130.316,546.795,659.851,333.147,305.628,430.462
Q9UH99_636_H8N2,710.512,1302.85,1461.43,962.423,1050.45,1916.37,1783.58,1047.03,1483.61,1887.83,289.45,697.729,,1044.11,1292.71
Q9UHG3_196_H10N2,,,,,418.06,,,,,342.579,,,,,
Q9UHG3_196_H7N2,793.013,,717.302,1058.58,1002.5,1229.48,,661.072,1258.8,1227.51,1296.2,1507.13,979.952,840.848,1702.67
Q9UHG3_196_H8N2,,8251.84,859.633,8451.6,,7448.58,11917.4,,14591.5,,10251.5,10643.4,1450.57,8194.87,
Q9UHG3_196_H9N2,693.996,1346.23,1199.98,1853.75,1463.13,219.619,1653.85,1192.21,1243.12,1992.86,2198.16,2263.06,639.139,1139.57,3707.33
Q9UHG3_323_H3N6,,,312.701,,,,,,,,,198.686,,,
Q9UHG3_323_H4N6,,168.362,,,,,,,,281.592,415.649,,,,
Q9UHG3_323_H6N2,,253.058,1490.58,1340.81,,,,318.783,429.651,522.913,1573.41,,1841.75,1451.54,
Q9UHG3_353_H10N2,115.595,,100.031,225.021,,328.053,,,152.065,,296.42,,297.507,266.481,
Q9UHG3_353_H7N2,1281.84,1302.06,,1080.76,,1515.76,430.802,2143.48,746.571,474.945,2941.17,850.679,3570.61,1530.82,
Q9UHG3_353_H8N2,,,,2049.81,1335.87,,,1111.26,1329.23,1300.2,994.926,,,4096.88,
Q9UHG3_353_H9N2,1199.03,1215.46,324.295,2764.92,1017.07,2544.39,345.632,1049.46,1224.46,912.734,1789.98,359.012,2914.06,1625.08,1484.16
Q9UHN6_248_H10N2,218.631,214.092,120.691,277.818,,,,,,,,,,,
Q9UHN6_248_H4N4F2A1,104.211,,,,240.839,,,,,,,,,,
Q9UHN6_248_H4N6,,,466.942,,,,,,,,,,,289.069,
Q9UHN6_248_H5N6,303.125,,,,,,,,,,,,,,
Q9UHN6_248_H9N2,530.816,331.305,294.733,310.546,,,,,,,878.352,,163.007,135.346,
Q9UHN6_914_H10N2,,,,,46.9901,,,,,,,,,,
Q9UHN6_914_H6N4F1,133.904,,,,,,,,,,,,,,
Q9UHN6_914_H8N2,101.502,,,,,,,,,,,,,,
Q9UHN6_914_H9N2,903.248,,,591.25,497.397,,,,,,444.671,,,681.049,419.255
Q9UIQ6_525_H3N6,,56.7191,,,103.647,,218.732,,,136.882,,,,,
Q9UIQ6_525_H4N6,,,99.8224,220.048,,,,,,,,,,,
Q9UIQ6_525_H8N2,295.403,75.329,60.2426,,121.737,,,,,130.971,,,,,
Q9UIQ6_525_H9N2,253.852,74.4514,,423.714,98.1144,,,303.545,122.32,,,,,,
Q9UIQ6_834_H10N2,100.155,,,,,98.9046,,,,,289.078,,,,
Q9UIQ6_834_H5N4F1A1,538.156,772.37,293.065,,,,,,,,205.794,388.569,308.228,140.481,
Q9UIQ6_834_H5N4F3,,473.24,279.828,,,106.877,,,,,470.928,408.231,929.07,526.915,
Q9UIQ6_834_H5N5F1,164.63,,,,,,,,,,248.253,,,284.072,
Q9UIQ6_834_H7N6,,61.0462,,,,,,,,,,,,,
Q9UJ14_198_H9N2,211.113,155.974,175.176,98.4362,,,,,,,,,,,
Q9UJ14_394_H3N6,588.644,,,282.563,,,,,,,,,,,
Q9UJ14_394_H7N2,1056.18,,414.27,,,,,,,,,,,,
Q9UJ14_394_H8N2,492.552,,,,,,,,,,,,,,
Q9UJ14_523_H3N5F1,249.625,,,71.1003,,,,,,,,,,,
Q9UJ14_523_H4N6,159.521,,,,,,,,,,,,,,
Q9UJ14_523_H6N2,270.671,524.332,476.959,,1239.12,,,,,366.531,259.189,,,300.966,1302.08
Q9UJ14_523_H7N2,216.732,,,279.246,235.511,65.4866,,,163.503,,,,,,
Q9UJ14_523_H8N2,485.799,411.885,405.356,232.275,,126.493,196.58,,112.437,409.959,101.914,,214.933,182.764,
Q9UJ14_523_H9N2,249.355,,,,141.944,,,,,227.904,,,,,203.924
Q9UJ14_586_H6N2,,,,,80.8153,,,,,,,,,,
Q9UJ14_586_H7N2,242.431,,,,,,,,,,,,,,
Q9UJ14_586_H8N2,217.24,312.199,445.555,1124.17,667.238,,709.698,,,640.988,735.288,,,448.959,307.796
Q9UJ14_586_H9N2,133.655,303.464,200.976,,255.01,102.742,137.448,108.96,158.348,165.662,151.695,120.239,,,
Q9UK76_29_H3N6,380.743,346.741,290.646,,,,,,,,,,,,
Q9UKY4_583_H8N2,73.4845,,,,,81.3792,,,44.4165,,,,,,
Q9UKY4_583_H9N2,75.7712,,89.45,65.9882,140.415,,,114.551,76.7031,160.304,,,,,
Q9UKY4_98_H8N2,338.108,,,,161.698,127.878,122.05,134.837,,,,,,,224.416
Q9UKY4_98_H9N2,301.409,162.738,,,,96.3544,228.717,83.3991,369.088,302.304,145.67,,131.744,,
Q9UMR5_206_H10N2,204.574,239.763,283.691,341.777,365.32,,,,,,303.2,,355.832,,544.776
Q9UMR5_206_H8N2,,,46.8825,,,,,,,,,,,,
Q9UMR5_206_H9N2,284.136,,423.214,342.355,,,,,,,169.631,,,,
Q9UNW1_242_H6N2,687.788,696.317,621.114,590.267,,,,,,,997.056,,952.856,614.681,272.31
Q9UNW1_242_H7N2,,168.371,188.835,,,,,,,,,,,,
Q9UNW1_242_H8N2,,357.969,352.978,285.179,325.596,,,,,,381.877,,,439.928,738.426
Q9UNW1_242_H9N2,,344.88,153.963,175.883,293.567,,,,,,,,,,306.86
Q9Y2C2_84_H6N3A1,121.575,89.0369,81.5615,,,302.053,109.786,161.647,185.144,,186.117,,213.828,,
Q9Y2C2_84_H6N3F2,,85.3454,106.304,70.8842,,,184.298,,92.3635,,,91.3505,89.9566,332.906,
Q9Y3Q0_628_H10N2,166.282,,,,,,,,,,,,,,
Q9Y3Q0_628_H4N5F2,,,,,141.82,,,,,,,,,,
Q9Y3Q0_628_H8N2,383.776,588.045,498.9,342.79,590.86,,,,,,,,,,
Q9Y3Q0_628_H9N2,173.83,,,77.0715,,,,,,,,,,,
Q9Y487_484_H4N6,,,,,672.528,,,,,,,,,,115.099
Q9Y487_484_H7N2,937.894,,897.079,502.027,,286.602,357.947,,293.645,,,612.505,,,
Q9Y487_484_H8N2,610.101,340.591,,,1364.66,,,,,403.93,,,,,789.477
Q9Y487_484_H9N2,337.455,328.701,1404.67,572.522,1085.5,,276.419,212.313,333.819,,634.096,637.738,303.001,248.713,
Q9Y4L1_515_H11N2F1,,,,,84.2781,,,,,,,,,,
Q9Y4L1_515_H3N4A2,,1899.53,1464.34,794.705,1964.72,,,555.143,213.54,3867.2,1011.44,769.084,2842.51,2592.31,4360.65
Q9Y4L1_515_H4N3F3,,,680.793,,669.919,407.039,,207.41,185.788,1713.97,,315.777,732.916,880.359,1203.87
Q9Y4L1_515_H6N2,402.089,579.741,52.2328,126.642,592.599,625.852,409.997,1645.64,1072.84,998.171,1113.62,645.584,785.325,740.374,
Q9Y4L1_515_H7N2,484.591,1417.79,956.539,382.244,585.403,1384.45,740.805,1564.53,1519.09,1854.31,237.54,1001.68,926.613,730.089,1269.82
Q9Y4L1_515_H8N2,2350.45,1801.15,699.027,2398.69,1481.82,2171.17,1190.44,1517.07,767.819,5035.27,1651.14,2058.07,1741.17,2638.98,2721.3
Q9Y4L1_515_H9N2,2583.4,1041.99,1679.69,2491.16,3439.88,3198.32,1077.24,967.119,1695.8,3674.98,1252.69,2616.21,1789.82,4470.67,3356.82
Q9Y4L1_596_H3N4,101.53,95.2399,,,,,,,,,,,,,
Q9Y4L1_596_H3N4F1,,,,,74.2054,,,,,,,,,,
Q9Y4L1_596_H3N6,137.529,,,,,63.1664,,,,,44.3989,,,,
Q9Y4L1_596_H4N3F3,,50.4971,,,112.504,190.904,287.919,48.5253,75.086,866.861,,,,,206.555
Q9Y4L1_596_H5N2,114.264,40.2277,,27.141,79.975,50.4207,2220.97,270.425,158.889,3054.52,,,,,36.6757
Q9Y4L1_596_H6N2,469.537,612.306,1794.22,646.387,1627.66,1274.59,1616.8,1449.27,1160.96,100.753,364.801,281.932,,,
Q9Y4L1_596_H8N2,217.605,,270.326,,,416.982,718.002,1032.94,459.427,230.382,,,,,390.967
Q9Y4L1_830_H3N6,,,317.671,,,,,,,,,,,,
Q9Y4L1_830_H6N2,,,,,524.406,,,,,,,,,,941.106
Q9Y4L1_830_H7N2,773.298,693.311,505.563,455.663,690.947,,465.66,,,922.924,,336.599,424.194,384.996,860.226
Q9Y4L1_830_H8N2,3000.64,259.636,1362.25,966.781,437.052,1323.94,422.408,217.471,2349.82,,3803.13,773.279,677.834,1271.02,
Q9Y4L1_830_H9N2,458.614,722.313,415.1,1084.34,1128.99,,448.666,,540.369,948.217,543.87,585.787,435.358,743.485,623.805
Q9Y4L1_862_H3N4A2,,283.106,,240.434,188.936,262.531,,,,,,,,,511.909
Q9Y4L1_862_H4N3F3,,419.28,,454.855,,,,644.325,,,,,,,280.482
Q9Y4L1_862_H6N2,1302.25,886.97,110.285,539.708,712.687,915.542,930.93,2758.88,1593.23,1523.28,1855.89,987.041,649.249,1087.07,872.965
Q9Y4L1_862_H7N2,1138.45,265.312,928.491,1113.58,730.901,1016.91,794.403,,740.166,741.652,1119.92,1005.59,371.134,1089.72,574.069
Q9Y4L1_862_H7N6F1A2,109.125,,,,,,,,,,,,,,
Q9Y4L1_862_H8N2,1459.15,567.476,1117.22,749.748,217.738,1980.5,467.437,696.333,1767.46,1780.14,1281.17,1046.06,2071.17,2155.42,879.792
Q9Y4L1_862_H9N2,941.642,403.965,511.882,613.864,308.461,821.108,340.186,506.047,559.896,475.298,713.494,408.761,310.424,563.075,435.596
Q9Y4L1_869_H3N4A2,,,,,394.213,,,158.724,,810.941,,190.258,,,
Q9Y4L1_869_H4N3F3,,,431,,1360.34,,589.644,173.642,,,,275.39,458.562,319.765,341.974
Q9Y4L1_869_H5N2,,168.413,156.462,,,,240.654,328.668,656.82,476.505,,246.592,297.608,193.426,
Q9Y4L1_869_H6N2,,1728.05,1746.31,2076.04,672.081,3671.93,3261.57,178.073,4096.37,3020.58,,269.416,253.899,257.131,1352.14
Q9Y4L1_869_H7N2,454.371,1274.89,1214.75,1189.38,885.314,1782.99,2663.37,1470.25,2693.03,394.484,,641.609,1235.99,951.818,486.963
Q9Y4L1_869_H8N2,8014.42,9885.37,13079.2,1229.85,4571.49,2167.17,6963.92,3399.6,4941.3,4044.79,2586.53,6980.33,7780.97,8399.09,8863.72
Q9Y4L1_869_H9N2,288.558,2187.1,2362.54,1723.76,2563.09,,1386.98,2410.59,1225.84,2262.26,,1957.54,2140.14,2004.5,1389.67
Q9Y4L1_869_H9N2F1,,,,,312.723,,,,,,,,,,
Q9Y4L1_931_H3N3F3,,,,,274.49,144.96,146.792,,,273.404,,,,,
Q9Y4L1_931_H3N4F1,,,178.559,93.7198,,274.077,133.481,252.202,405.366,477.889,,,,,
Q9Y4L1_931_H5N2,1102.23,611.24,916.581,419.829,83.2922,1914.21,2695.1,1604.51,2053.64,2082.46,229.514,,517.202,454.294,1447.62
Q9Y4L1_931_H6N2,1193.83,3330.24,2328.89,2199.77,2946.49,1857.44,3570.4,2936.14,2985.38,4031.83,1267.9,660.511,1435.64,1240.74,
Q9Y4L1_931_H7N2,64.5521,,541.878,565.938,511.65,256.975,1204.71,916.991,981.305,818.121,,,,,158.639
Q9Y4L1_931_H8N2,595.992,971.478,556.283,376.954,628.253,805.602,1281.12,1136,730.4,1299.51,149.906,,624.149,215.062,
Q9Y4L1_931_H9N2,50.7748,,,,279.225,213.752,,,,236.05,,,,,
Q9Y639_171_H3N6,,,104.408,452.678,,,,167.053,,,329.276,,150.932,,
Q9Y639_171_H6N2,454.84,68.3046,152.204,,,,121.13,,165.939,,,,,,
Q9Y639_171_H8N2,757.67,,,517.333,,875.631,541.713,,697.679,,417.015,132.168,169.877,,236.032
Q9Y639_197_H5N4F1A1,,,,,637.601,,,,,,285.342,,,288.403,418.905
Q9Y639_197_H5N4F2,,,,,98.4157,,,,,,,,,,
Q9Y639_197_H6N2,459.042,172.294,569.49,,272.883,,98.9239,,127.19,295.868,,,,,219.567
Q9Y639_197_H7N2,74.0135,,99.0854,,264.618,,,,,59.1973,,,,,
Q9Y639_197_H8N2,,,,,522.84,173.047,,,,170.771,,,,,
Q9Y639_229_H3N4A2,,,183.788,,360.229,,225.313,,,263.185,,,,,263.225
Q9Y639_229_H4N5F2A1,170.966,,,,,,,,,,,,,,
Q9Y639_229_H7N2,139.289,136.777,182.625,,,115.089,77.2427,,129.333,,,,,,
Q9Y639_229_H8N2,2361.67,793.437,1460.84,1969.92,1215.14,2175.38,1891.75,1244.41,1166.76,555.918,1195.43,451.004,660.462,752.429,832.9
Q9Y639_229_H9N2,2686.96,2067.96,2597.89,2316.03,1967.98,2107.04,1210.89,768.13,891.521,705.272,1384.02,885.404,797.664,867.322,288.865
Q9Y6A1_471_H8N2,,,463.073,423.261,460,,533.04,1207.03,456.762,,,324.681,,,638.205
Q9Y6A1_471_H9N2,443.245,126.139,402.688,,333.206,713.591,851.928,,112.187,486.197,191.03,,370.41,,
Q9Y6A1_539_H8N2,,248.306,,,289.166,,329.91,431.53,293.852,499.871,,,,,
Q9Y6A1_539_H9N2,54.9511,,,,79.4654,,,,,,,,,,
Q9Y6N7_820_H6N2,,91.2461,,,,60.3698,,,109.459,,,,,,
Q9Y6N7_820_H7N2,,203.947,,130.091,252.228,190.12,221.663,,144.862,,,,,,
O00115_212_H5N2,,,,,,535.461,741.009,787.793,451.061,,,934.611,747.092,1241.5,
O00461_257_H5N5F2A1,,,,,,162.914,,119.23,,,,,,,
O00468_135_H3N6,,,,,,,,145.047,,,,,,,
O00468_135_H8N2,,,,,,211.541,58.3119,66.3061,,,,,,,
O00468_135_H9N2,,,,,,213.059,,,,,,,,,
O00468_932_H3N6,,,,,,,,77.7849,61.022,,,,,,
O00468_932_H6N2,,,,,,,30.4885,,,,,,,,
O00468_932_H8N2,,,,,,96.2533,,,,,,,,,
O00754_367_H7N2,,,,,,53.9627,,243.139,114.008,,,,,,
O14524_125_H4N3F3,,,,,,206.608,,,,,,,,,
O14672_267_H10N2,,,,,,,54.4399,,,,,,,,
O14672_439_H4N4F2A1,,,,,,,,90.5688,,,,,185.86,,
O14672_439_H4N6,,,,,,,,183.581,,,,,,,
O15031_1002_H3N4A2,,,,,,246.334,135.748,151.239,,933.65,,,,,
O15031_1002_H3N6,,,,,,,,,126.845,,,,,,
O15031_1049_H3N6,,,,,,115.857,,,,,,,,,
O15031_1049_H5N2,,,,,,,,961.352,349.336,,,,,,
O15031_1049_H6N3,,,,,,,269.784,,517.273,,,,,,
O15031_1049_H6N3F1,,,,,,625.772,245.486,392.183,,,,,,,
O15031_1068_H3N6,,,,,,,,161.698,,,,,,,
O15031_1068_H6N3F1,,,,,,649.38,160.89,1024.85,191.704,,,,,,
O15031_1068_H9N2,,,,,,,498.173,,358.045,,,,,,
O15031_1099_H3N4A2,,,,,,,,,,307.758,,,,,
O15031_1099_H3N6,,,,,,,,534.922,,,,,,,
O15031_1099_H6N3F1,,,,,,,440.867,737.448,842.074,,,,,,
O15031_1099_H9N2,,,,,,,159.178,,,,,,,,
O15031_127_H10N2,,,,,,188.42,,,,225.709,,,,,
O15031_127_H3N5F1,,,,,,,,,92.9274,,,,,,
O15031_127_H4N5F1,,,,,,442.118,83.868,472.996,94.8002,,,,,,
O15031_127_H5N4F1,,,,,,86.9181,,,,,,,,,
O15031_127_H5N4F3,,,,,,,57.3394,,,,,,,,
O15031_528_H10N2,,,,,,,55.7586,,,,,,,,
O15031_528_H4N4F2A1,,,,,,,,,,211.676,,,,,
O15031_528_H4N5,,,,,,652.747,,,,,,,,,
O15031_528_H5N3,,,,,,351.11,828.176,,404.133,,,,,,
O15031_528_H5N3A1,,,,,,,,,147.375,,,,,,
O15031_528_H5N3F2,,,,,,,,,207.901,,,,,,
O15031_528_H5N4F4,,,,,,,61.505,,,,,,,,
O15031_528_H6N3,,,,,,797.064,597.65,,438.97,600.103,,,,,
O15031_733_H5N4F1A2,,,,,,,,,,360.896,,,,,667.761
O15031_733_H5N5F1,,,,,,489.497,,70.1824,372.005,,,,,,
O15031_733_H6N3F1,,,,,,231.081,,,,,,,,,
O15031_733_H6N3F1A1,,,,,,52.651,,,,,,,,,
O15230_2209_H8N2,,,,,,,251.865,,,,,,,,
O15230_2209_H9N2,,,,,,245.36,,,255.107,,,,,,
O15230_2423_H3N6,,,,,,161.532,,,,,,,,,
O15230_2423_H4N6,,,,,,,,,152.182,,,,,,
O15230_2423_H8N2,,,,,,157.214,194.036,170.523,264.47,,,,,,
O15460_264_H3N6,,,,,,,86.5717,101.192,,,,,,,
O15460_264_H7N2,,,,,,,,,,99.6328,,,,,
O43657_134_H4N2F1,,,,,,241.435,,127.681,120.767,103.264,,,,,
O43657_134_H4N3F1,,,,,,,,94.9112,,,,,,,
O43657_134_H5N2F1,,,,,,,,,80.7669,,,,,,
O43657_134_H5N3F3,,,,,,214.916,,,,,,,,,
O43852_131_H4N2F1,,,,,,1354.16,118.165,,,,648.246,,,,
O43852_131_H7N2,,,,,,,,92.9767,,,,,,,
O60637_127_H3N6F4A2,,,,,,,,,,186.174,,,,,
O60637_127_H5N2,,,,,,115.357,74.953,,56.5552,161.677,,,,,
O60637_127_H5N3F1A1,,,,,,100.193,,,,,,,,,
O60637_127_H5N3F3,,,,,,134.117,,,,,,,,,
O60637_127_H5N6F1,,,,,,,75.6566,,,,,,,,
O60637_127_H6N3A1,,,,,,133.864,137.437,,,,,,,,
O60637_127_H6N3F2,,,,,,87.1672,,,,296.078,,,,,
O60637_127_H6N4A2,,,,,,,,,,114.886,,,,,
O60637_127_H6N4F1,,,,,,,453.921,158.305,121.08,,,,,,
O60637_127_H6N4F1A1,,,,,,76.5875,,,,173.463,,,,,
O60637_127_H6N4F3,,,,,,147.161,,,183.842,,,,,,
O60637_127_H6N5F1,,,,,,682.647,165.691,275.831,,255.752,,,165.879,,
O60637_127_H6N5F1A1,,,,,,126.303,229.009,,,318.188,324.745,,502.107,255.002,
O60637_127_H6N5F3,,,,,,95.225,237.94,,,,,,,122.244,
O60637_127_H7N4A1,,,,,,,220.899,,130.176,,,,,,
O60637_127_H7N4F1,,,,,,,,,98.5011,,,,,,
O60637_127_H7N5F1A1,,,,,,152.885,184.903,232.17,249.473,,,,,,
O60637_127_H8N5F1,,,,,,,,139.554,,,,,,,
O60637_167_H4N2,,,,,,98.2153,447.174,495.143,262.811,,,,,,
O60637_167_H5N2F1,,,,,,254.114,582.079,657.229,929.145,851.059,623.558,,694.279,391.928,253.281
O60637_167_H7N4A1,,,,,,221.045,,200.695,,1046.01,233.274,,216.316,,701.535
O60637_167_H7N4F1A2,,,,,,273.875,352.839,69.4006,221.234,,,105.883,,,186.106
O60637_167_H8N2,,,,,,37.0549,,,,,252.248,,,191.342,58.8873
O60637_167_H8N4,,,,,,,,,,69.7365,,,,,
O75477_108_H5N2,,,,,,,,49.8803,34.2641,,,,,,
O75477_108_H5N4F3,,,,,,,,,,45.5527,,,,,85.4078
O75629_160_H3N4F1,,,,,,135.318,,,,,,,,,
O75629_160_H5N2F1,,,,,,,,,49.1021,,,,,,
O75629_160_H7N2,,,,,,323.235,237.489,209.959,202.638,,,,,,
O75629_160_H8N7,,,,,,,,733.593,,,,,,,
O75629_193_H4N2,,,,,,,,,,195.705,,,,,
O75629_193_H4N4F2A1,,,,,,,,,,194.621,,,,,
O75629_193_H5N2,,,,,,439.232,379.845,757.457,,,,,,,
O75718_363_H9N2,,,,,,,,,,538.483,,,,,450.637
O75718_87_H3N3F3,,,,,,,,,139.451,,,,,,
O75718_87_H5N3F2,,,,,,292.28,,,,,,,,,
O75882_1043_H10N2,,,,,,127.476,,,,,,,,,
O75882_1043_H4N4F2A1,,,,,,35.3509,,,,214.704,,,,,
O75882_1043_H4N6,,,,,,,,,81.7221,,,,,,
O75882_1043_H8N2,,,,,,90.9342,,,,,,,,,
O75882_1043_H9N2,,,,,,77.8153,,53.3432,,,,,,,
O75882_264_H3N4A2,,,,,,,,31.7527,,262.606,,,,,
O75882_264_H9N2,,,,,,,,,114.019,,,,,,
O75882_300_H6N2,,,,,,,,168.299,,,,,,,
O75882_300_H7N2,,,,,,,114.11,,,,,,,,
O75882_383_H8N2,,,,,,412.491,,,,,,,,,
O75882_416_H10N2,,,,,,223.121,138.785,,,,,,,,
O75882_416_H3N6,,,,,,,,,,142.061,,,,,
O75882_416_H4N4F2A1,,,,,,,,,,343.52,,,,,
O75882_416_H6N2,,,,,,69.3772,94.1258,53.7653,275.663,184.103,217.891,,,,192.77
O75882_428_H10N2,,,,,,242.667,257.364,907.023,,1219.97,,,,,
O75882_428_H4N6,,,,,,,,470.022,,,,,,,
O75882_731_H5N6,,,,,,128.209,,,,,,,,,
O75882_731_H6N2,,,,,,366.824,564.382,250.222,176.88,,,,,,
O75882_914/923_H10N2,,,,,,902.682,58.2377,,208.981,,,,,,
O75882_914/923_H5N6,,,,,,46.1779,,,,,,,,,
O75882_914/923_H8N2,,,,,,168.992,,,86.9724,,,,,,
O75882_914/923_H9N2,,,,,,221.705,365.737,,,,,,,,
O75976_172_H4N5F1,,,,,,418.905,431.084,580.947,229.011,,,,,,
O75976_811_H9N2,,,,,,,,,,231.413,,,,,
O75976_978_H10N2,,,,,,,,,131.002,,,,,,
O75976_978_H3N6,,,,,,,,,125.2,,,,,,
O75976_978_H4N5F1,,,,,,,,,212.356,,,,,,
O75976_978_H5N3F1,,,,,,,329.576,,229.663,,,,,,
O75976_978_H5N3F1A1,,,,,,,159.971,,,,,,,,
O75976_978_H5N3F3,,,,,,298.828,204.889,,,823.41,,,,,
O75976_978_H6N3F1,,,,,,267.821,191.791,219.179,275.94,,,,,,
O75976_978_H6N4F1,,,,,,,,,382.651,,,,,,
O94813_1300_H3N5F1,,,,,,,252.96,116.132,,,,,,,
O94898_589_H9N2,,,,,,,87.7114,81.9204,62.364,,,,,,
O94901_705_H10N2,,,,,,,141.288,,172.356,,,,,,
O94901_705_H4N3F3,,,,,,211.01,,,,,,,,,
O94901_705_H4N4F2A1,,,,,,,,,,312.033,,,,,
O95084_207_H5N4A1,,,,,,,,,,138.24,,,,,
O95297_50_H5N3F1A1,,,,,,,24.2958,,67.8017,125.103,,,,,
O95297_50_H5N3F3,,,,,,,,62.2723,,,,,,,
O95297_50_H6N3A1,,,,,,197.796,,93.0952,,,,,,,
O95297_50_H6N3F1A1,,,,,,98.5431,,,,185.506,,,,,
O95297_50_H6N3F2,,,,,,,,134.216,238.35,,,,,,
O95297_50_H6N3F3,,,,,,86.069,,,,526.704,,,,,
O95302_174_H4N6,,,,,,,188.049,,,,,,,,
O95302_286_H7N2,,,,,,,,172.751,,,,,,,
O95302_397_H5N2,,,,,,,,,,209.614,,,,,
O95479_282_H8N2,,,,,,,685.365,,,,,,,,
O95490_520_H3N6,,,,,,,95.0683,,140.058,,,,,,
O95490_520_H4N6,,,,,,,,177.054,,,,,,,
O95490_520_H9N2,,,,,,,,,,156.283,,,,,
O95490_744_H3N6,,,,,,,,,197.897,,,,,,
O95490_744_H8N2,,,,,,,,171.752,,,,,,,
O95490_744_H9N2,,,,,,74.7801,,196.666,243.744,,,,,,
O96005_295_H4N2,,,,,,,,194.261,,,,,,,
O96005_295_H4N6,,,,,,,,,,363.178,510.223,,,,
P00533_352_H3N6,,,,,,,36.0685,,,,,,,,
P00533_361_H3N6,,,,,,,,,1439.96,,,,,,
P01033_53_H10N2,,,,,,,143.193,,,,,183.241,,,
P01861_177_H3N3F3,,,,,,,467.128,,,,,,,,
P01861_177_H4N6A2,,,,,,118.009,,,,,,,,,
P01861_177_H5N3,,,,,,186.487,,,200.025,,,,,,
P01861_177_H5N3F1,,,,,,111.721,,,,250,,,,,100.996
P01861_177_H6N4A2,,,,,,,93.0765,,,,,,,,
P01861_177_H6N5F3,,,,,,,,,,2515.9,,,,,
P01861_177_H7N5F1A1,,,,,,,,159.123,,,,,,,
P01861_177_H7N5F1A2,,,,,,,,,452.609,,,,,,
P02790_187_H5N4F2,,,,,,425.892,,,,,,,,685.875,
P02790_187_H6N6,,,,,,,1540.41,,1898.76,,3206.28,,,,
P02790_187_H7N3F1,,,,,,,315.764,,,,,,,,
P04004_169_H3N6,,,,,,195.967,,,,,,,,,
P04062_185_H4N4F2A1,,,,,,,,,,479.89,,,,,
P04062_185_H8N2,,,,,,110.143,,,64.2254,,120.304,,,,
P04062_185_H9N2,,,,,,152.488,,,,,,,,,
P04062_309_H4N3F3,,,,,,,,,111.224,187.183,,172.344,,,
P04062_309_H8N2,,,,,,,,,180.659,266.475,,,,177.22,384.464
P04066_268_H5N2F1,,,,,,,,191.296,,,,,,,
P04066_268_H6N2,,,,,,587.228,209.809,237.277,,,,,,,
P04066_382_H4N4F2A1,,,,,,132.219,,,,,,,,,
P05556_212_H3N3F3,,,,,,,,,,179.319,,,,,
P05556_212_H4N6,,,,,,43.9167,,,,,,,,,
P05556_212_H5N2,,,,,,,,,,141.337,,,,,
P05556_212_H5N3F1,,,,,,,,139.115,131.325,277.029,,,,,
P05556_212_H6N3,,,,,,45.878,,,,,,,,,
P05556_212_H6N3F1,,,,,,138.118,,129.118,95.1244,,,,,,
P06213_242_H10N2,,,,,,128.487,,,106.071,240.404,,50.0661,,,
P06213_242_H4N6,,,,,,86.922,,,,,232.561,,,,
P06213_242_H5N6,,,,,,41.3814,,,,,,,,,
P06213_445_H10N2,,,,,,,,195.441,110.482,190.218,,,,,
P06213_920_H8N2,,,,,,204.218,336.85,123.672,319.058,181.742,,,,,
P06280_139_H5N6,,,,,,55.6209,,,,,,,,,
P06756_554_H8N2,,,,,,,213.365,213.645,,,,,,55.1362,
P06756_74_H10N2,,,,,,197.766,199.374,,,250.638,,,,,
P06756_74_H4N4F2A1,,,,,,46.5821,,,,,,,,,
P06756_74_H6N3,,,,,,210.813,191.484,,,,,,,,
P06756_74_H6N3F1,,,,,,345.664,283.734,159.283,563.445,,,,359.872,,195.623
P06865_157_H3N4A2,,,,,,,,,,419.003,,,,,356.898
P06865_157_H3N4F3,,,,,,,,,256.946,204.073,,,,,
P07339_134_H10N2,,,,,,113.123,,,,,,,,,
P07339_134_H5N6,,,,,,209.105,85.0265,,88.3742,,,,,,
P07339_263_H3N4F3,,,,,,,,319.145,,,,,,,
P07339_263_H4N6,,,,,,,127.79,,,,,,,,
P07602_215_H3N4A1,,,,,,,,,,363.834,,,,,
P07602_215_H4N3F1,,,,,,,,,,730.434,,,,,
P07602_215_H4N5F1,,,,,,121.682,,,,,,,,,168.988
P07602_215_H5N2F1,,,,,,,,273.211,,,,,,,
P07602_215_H5N4F1,,,,,,,,,,583.846,,,,,283.381
P07602_215_H5N5F1,,,,,,325.744,482.003,333.68,324.946,,,,,,
P07602_215_H6N2,,,,,,,702.607,,334.882,507.448,,,,,
P07686_327_H6N2,,,,,,,,383.088,117.342,,,,,,
P07686_327_H7N2,,,,,,,507.339,,,,,,,,
P08069_747_H10N2,,,,,,236.629,313.017,255.232,274.697,,,,,,
P08069_747_H7N2,,,,,,80.7846,,177.368,,,,,,,
P08069_747_H8N2,,,,,,286.062,183.962,254.125,265.143,,,,,,
P08069_747_H9N2,,,,,,405.681,233.674,325.866,211.392,,,,,,
P08648_868_H4N5F1,,,,,,,,224.756,84.9055,,,,,,
P08648_868_H5N4F2,,,,,,,,,,92.2217,,,,,
P08648_868_H5N4F3,,,,,,,112.458,,,,151.187,,,,
P08648_868_H7N6,,,,,,,,,,105.932,,,,187.858,
P08962_130_H12N2,,,,,,315.698,200.258,137.797,320.487,,,,210.244,202.47,
P08962_130_H4N3F1,,,,,,,,,,317.084,,,,,
P08962_130_H4N4F1,,,,,,,,196.355,,,472.916,,,276.506,503.057
P08962_130_H4N5F1,,,,,,913.756,,805.111,697.9,,,,390.917,405.582,
P08962_130_H4N6F1,,,,,,198.189,152.361,,125.981,402.884,182.253,,,,
P08962_130_H5N2,,,,,,931.753,1202.11,802.905,943.75,1254.47,,,,,
P08962_130_H5N2F1,,,,,,338.49,413.247,308.232,367.856,273.877,,,,,
P08962_130_H5N3F1,,,,,,467.075,594.853,515.699,351.159,1814.43,,,,,229.336
P08962_130_H5N3F1A1,,,,,,1379.61,1129.93,1748.42,950.274,2437.7,346.138,367.768,,,
P08962_130_H5N3F3,,,,,,,79.2659,,122.302,,,,,,
P08962_130_H5N4A2,,,,,,,,,,231.416,,,,,
P08962_130_H5N4F1A2,,,,,,143.929,,,118.714,821.178,,,,,304.231
P08962_130_H5N4F3,,,,,,,400.326,208.97,715.529,,214.188,,,,
P08962_130_H5N5F1A2,,,,,,,,,61.2353,,115.724,116.133,,92.2575,
P08962_130_H5N6F1,,,,,,120.566,,,,,130.225,,,,
P08962_130_H5N6F1A1,,,,,,384.471,261.856,,341.434,,,,,,
P08962_130_H5N8F1,,,,,,,,,,148.711,,,,,
P08962_130_H6N3,,,,,,89.9521,,,,635.461,,,,,269.427
P08962_130_H6N3A1,,,,,,203.467,295.899,331.044,282.239,625.847,,,,,
P08962_130_H6N3F1A1,,,,,,2050.76,646.823,3552.58,1986.64,2192.73,,,,,
P08962_130_H6N3F2,,,,,,,270.068,,,891.326,,,,,
P08962_130_H6N3F3,,,,,,,135.514,,,865.9,,,,,
P08962_130_H6N4F1,,,,,,547.001,941.293,1042.65,737.737,320.839,,,,,
P08962_130_H6N4F1A1,,,,,,,353.065,407.316,329.559,1114.14,,,,,
P08962_130_H6N6F1A1,,,,,,710.99,,,,376.656,520.156,,,,328.391
P08962_130_H6N7F1,,,,,,335.255,,,,,,,,,
P08962_130_H7N2,,,,,,,,,,210.829,,,172.663,,
P08962_130_H7N2F1,,,,,,,,,292.261,,,,,,
P08962_130_H7N4A1,,,,,,,,,,171.435,,,220.172,,
P08962_130_H7N4F1,,,,,,531.68,225.705,419.505,440.175,,,,,,
P08962_130_H7N4F1A2,,,,,,719.247,420.977,352.27,143.283,729.049,,,,,
P08962_130_H7N5F1A1,,,,,,,,610.74,246.944,1047.97,,,,,
P08962_130_H7N5F1A2,,,,,,,,94.9618,,177.945,,,,,
P08962_130_H7N6F3,,,,,,,141.719,,,,,137.179,,235.678,
P08962_130_H8N5F1,,,,,,272.216,,141.411,210.546,1017.32,,,,,
P08962_130_H8N7A1,,,,,,,,,,584.917,,,,,558.52
P08962_130_H9N7,,,,,,76.8639,,,,,,,,,
P08962_150_H5N2,,,,,,,109.216,41.7367,,,,,,,
P08962_150_H5N6F1,,,,,,176.616,201.843,268.944,80.9129,,,,,,
P08962_150_H6N3A1,,,,,,,111.985,,,,,,,,
P08962_150_H6N3F1,,,,,,,104.09,184.751,156.481,,,,,,
P08962_150_H6N3F3,,,,,,,,,,309.715,,,,,
P08962_150_H6N5F1,,,,,,,,,247.323,,,,,,
P08962_150_H6N5F1A1,,,,,,,,109.967,119.423,,144.34,,100.907,,
P08962_150_H6N5F1A2,,,,,,,81.1452,,,,,,,,
P08962_150_H6N5F3,,,,,,,,127.45,229.972,,,,,,
P08962_150_H6N5F3A1,,,,,,170.694,,,,,,,,,
P08962_150_H7N4F1,,,,,,229.332,,159.878,,,,,,,
P08962_150_H8N7,,,,,,,71.3409,110.935,,,,,,,
P0DPK3_46_H3N6,,,,,,,,131.702,43.649,,,,,,
P0DPK3_46_H4N6,,,,,,,,50.3548,80.1907,,,,,,
P0DPK3_46_H8N2,,,,,,,77.9193,60.5346,,,,,,,
P0DPK3_46_H9N2,,,,,,,,74.6939,76.2043,,,,,,
P10316_110_H4N5F1,,,,,,,352.497,414.311,482.611,,,,,,
P10316_110_H5N4F1A1,,,,,,,,,,323.696,,,,,184.705
P10316_110_H6N6F1,,,,,,51.3475,,,,,,,,,
P10586_966_H4N5F1,,,,,,,288.768,320.998,283.038,,,,,,
P10586_966_H5N4F1,,,,,,,105.712,,,,,,,,
P10586_966_H5N4F2,,,,,,,,,,116.732,,,,,
P10586_966_H5N5F1,,,,,,,249.883,,118.262,,,,,,
P10586_966_H7N4,,,,,,,,364.018,,,,,,,
P10909_291_H6N3F1,,,,,,,135.511,,,,,,,,
P10909_291_H6N5A3,,,,,,148.302,,,,,,,,,
P10909_374_H4N3F3,,,,,,79.3188,,,,,,,,,391.805
P11047_1205_H3N3F3,,,,,,168.48,,,,,,,,,
P11117_133_H4N3F1A1,,,,,,186.412,123.034,,,,,,,,
P11117_133_H4N3F3,,,,,,181.13,,77.887,124.439,,,,,,
P11117_92_H4N3F1A1,,,,,,130.823,,,,,,,,,
P11117_92_H4N3F3,,,,,,151.771,,,,,,,,,
P11117_92_H6N5F1A1,,,,,,,,58.4987,,,,,,,
P11117_92_H6N5F3,,,,,,,,116.049,,,,,,,
P11117_92_H6N6F1A1,,,,,,90.4238,83.3585,,90.5859,,,,,,
P11279_121/130_H3N8F1,,,,,,,,322.982,171.035,,,,,52.122,
P11279_121/130_H4N7,,,,,,,,190.696,,,,,,,
P11279_121/130_H5N8F1,,,,,,,,,226.125,,,,,,
P11279_121/130_H7N6,,,,,,,226.94,,,,,,,,
P11279_261_H5N3F3,,,,,,169.547,,,,,,,47.0785,,
P11279_261_H5N5F3,,,,,,80.3635,,,,,,,,,
P11279_261_H6N2F1,,,,,,,193.023,,,,,,,,
P11279_261_H6N3F3,,,,,,,104.593,101.44,82.1089,238.744,,,,,483.888
P11279_261_H7N4F1,,,,,,,,252.385,,,198.496,,385.655,,
P11279_62/76_H3N6,,,,,,,,537.129,,,,,,,
P11279_62/76_H4N6,,,,,,162.871,,,,,,,,,
P11279_62/76_H4N6F1,,,,,,,,,,459.234,,,,,
P11279_62/76_H5N2F1,,,,,,583.344,414.189,173.914,591.128,,,,,,
P11279_62/76_H5N3F1,,,,,,,,,,653.962,,,,,
P11279_62/76_H5N3F1A1,,,,,,,,274.841,198.911,,,,,,
P11279_62/76_H5N3F3,,,,,,278.869,241.916,,249.308,,,,,,
P11279_62/76_H5N4F3,,,,,,,,,,367.346,,,,,
P11279_62/76_H6N3F1,,,,,,715.347,946.839,,317.12,1215.99,,,,,
P11279_84_H3N6F2A1,,,,,,,,345.642,,,,,,,
P11279_84_H4N3F3,,,,,,,507.08,551.81,266.983,,,,,,
P11279_84_H4N6A2,,,,,,,,,108.534,,,,,,
P11717_112_H3N4F1,,,,,,,38.384,,165.299,,,,,174.235,
P11717_112_H3N5F1,,,,,,,57.4899,,,,,,,,
P11717_112_H4N2F1,,,,,,,,,,142.113,,,,,
P11717_1656_H3N6F2,,,,,,,,157.266,,,,,,,
P11717_1656_H4N6,,,,,,136.748,,,,,,,,,
P11717_1656_H5N3F1,,,,,,,121.595,180.804,,,,,,,
P11717_1656_H6N3,,,,,,434.128,,,,372.423,,259.603,,,
P11717_1656_H6N3A1,,,,,,,,,,587.524,,,211.804,,381.334
P11717_1656_H6N3F1A1,,,,,,,164.844,,,,,205.418,,,
P11717_1656_H6N3F3,,,,,,261.157,371.654,,,,398.295,323.947,264.908,,
P11717_1656_H7N2,,,,,,223.722,,,,,,,,,
P11717_1757_H4N6,,,,,,186.385,192.582,,,,,,,,
P11717_1757_H6N2,,,,,,,69.9161,,,,,,,,
P11717_1757_H6N3A1,,,,,,273.201,270.647,189.636,285.515,,,,,,
P11717_1757_H6N3F2,,,,,,,219.178,,520.33,,,,,,
P11717_400_H10N2,,,,,,,,,,465.384,,,,,
P11717_400_H5N6,,,,,,,500.716,,,,,,,,
P11717_435_H5N5F1,,,,,,320.402,,397.255,431.541,,,,,,
P11717_581_H7N2,,,,,,,,,,1205.75,,234.817,,,1466.82
P11717_747_H5N4F1,,,,,,90.2036,,,,,,,,,
P11717_747_H9N2,,,,,,,91.5368,,,,,,,,
P13473_101_H5N3A1,,,,,,444.871,,309.01,262.897,651.268,,,,,
P13473_101_H5N3F2,,,,,,325.81,250.79,278.378,206.154,,,,,,
P13473_101_H6N3A1,,,,,,,,165.876,,,,,,,
P13473_101_H6N3F2,,,,,,,361.262,,,,,,,,
P13473_101_H6N4A1,,,,,,251.782,,,,,,,,,
P13473_101_H6N4A2,,,,,,551.895,333.141,,354.935,877.96,,,,,
P13473_101_H6N4F2,,,,,,248.225,,,,250.877,,,,,
P13473_101_H6N5F2A1,,,,,,,,,,373.938,,,,,
P13473_101_H7N3F1,,,,,,,,,,320.913,,,,,
P13473_101_H7N4F1,,,,,,,,,,342.641,,,,,
P13473_101_H7N6A3,,,,,,,,,,382.607,,,,,
P13473_101_H7N6F4A1,,,,,,,,,,318.913,,,,,383.444
P13473_101_H9N8F1,,,,,,,,,,415.767,,,,,
P13473_123_H3N2F1,,,,,,382.903,141.424,,321.091,,,,,,
P13473_257_H10N2,,,,,,244.456,213.98,,152.049,404.383,,110.909,,,221.401
P13473_257_H3N6,,,,,,115.84,,,,,,,,,
P13473_257_H3N6F2,,,,,,,,84.7774,,,,,,,
P13473_257_H3N8,,,,,,,,,108.165,,,,,,
P13473_257_H4N2F1,,,,,,552.606,,526.586,510.95,,,,,,
P13473_257_H4N4F1,,,,,,,147.015,,,,,,,,
P13473_257_H4N6F1,,,,,,194.188,,,96.6155,,56.7336,,,,
P13473_257_H5N2,,,,,,306.161,131.151,,,500.903,,,,,
P13473_257_H5N2F1,,,,,,667.178,478.141,2326.84,1401.14,1251.9,,,,,
P13473_257_H5N5F3,,,,,,75.7408,,,,,,,,,
P13473_257_H5N6,,,,,,,103.402,161.591,,,,,,,
P13473_257_H6N3,,,,,,163.948,354.292,253.47,290.028,,,,,,
P13473_257_H6N3A1,,,,,,55.5329,,,,,108.436,,,,
P13473_257_H6N3F2,,,,,,43.1159,58.9722,,,176.333,,113.302,122.894,85.7742,156.792
P13473_257_H6N4F1A1,,,,,,345.564,979.374,880.54,929.977,1342.61,165.942,,131.021,186.355,
P13473_257_H7N4A1,,,,,,,,,36.0081,,,,,,
P13473_257_H7N4A2,,,,,,,,,,546.298,142.186,,,,
P13473_257_H7N4F1,,,,,,2892.01,1197.84,2250.1,1614.5,1308.03,,,102.159,58.6657,125.022
P13473_257_H7N4F1A2,,,,,,657.733,780.197,893.406,1370.03,1280.61,111.749,,,,
P13473_257_H7N6F1A1,,,,,,164.806,126.99,,112.992,,,,,,
P13473_257_H8N7F3,,,,,,,,60.1645,,,53.0043,,46.234,,307.538
P13473_275_H4N3A1,,,,,,205.549,,,,103.997,,,,,
P13473_275_H4N5,,,,,,,,86.4806,44.4727,,,,,,
P13473_275_H4N5F1,,,,,,,,,158.219,,,,,,
P13473_275_H5N2,,,,,,,,,75.096,,,,,,
P13473_275_H5N3A1,,,,,,826.71,412.356,913.896,1096.34,302.805,,,,,
P13473_275_H5N3F1A1,,,,,,198.595,,595.837,387.119,386.891,,,,,
P13473_275_H5N4F1,,,,,,,184.635,202.358,255.683,,,,,,
P13473_275_H5N4F1A1,,,,,,391.683,136.445,621.981,,789.671,,,,,
P13473_275_H5N4F3,,,,,,,,73.4606,,,,,,,
P13473_275_H5N5,,,,,,,,,95.1384,,,,,,
P13473_275_H5N5A1,,,,,,504.499,,543.32,367.8,403.912,,,,,
P13473_275_H5N5F1,,,,,,,,,103.395,,,,,,
P13473_275_H5N6,,,,,,,1459.81,917.168,619.471,,,,,,
P13473_275_H5N6F1,,,,,,,1010.4,581.682,502.09,,,,,,
P13473_275_H6N3,,,,,,,503.69,346.101,416.616,,,,,,
P13473_275_H6N3A1,,,,,,1448.41,486.924,752.816,968.3,1264.52,,,,,
P13473_275_H6N3F1A1,,,,,,84.436,,151.207,,,,,,,
P13473_275_H6N3F3,,,,,,134.064,71.0604,,,,,,,,
P13473_275_H6N5F2,,,,,,99.6073,,5771.43,,,,,158.962,,
P13473_275_H6N5F3,,,,,,,,,,114.782,,,50.5033,,
P13473_275_H6N6F1,,,,,,,750.738,499.904,422.562,,,,,,
P13473_275_H6N7,,,,,,,,,83.1629,,,,,,
P13473_275_H7N6F2,,,,,,,,127.057,,,,,,,
P13473_275_H8N4F1,,,,,,,,,,626.016,,,,,
P13473_275_H9N7,,,,,,,,,,614.26,,,,,
P13473_32/38_H3N4A1,,,,,,,162.828,,,,,,,,
P13473_32/38_H3N4F1A1,,,,,,,184.416,213.039,,,,,,,
P13473_32/38_H3N6F1,,,,,,,,149.786,,,,,,,
P13473_32/38_H4N4F1A1,,,,,,,,,107.52,,,,,,
P13473_32/38_H4N6,,,,,,,257.811,,,,,,,,
P13473_32/38_H5N4A1,,,,,,,,,102.896,161.388,,,,,
P13473_32/38_H5N4F1,,,,,,,,,,405.548,,,,,
P13473_32/38_H5N4F1A1,,,,,,,94.5082,,,,,,,,
P13473_32/38_H6N3,,,,,,,,,,303.193,,,,,
P13473_32/38_H6N3F2,,,,,,,158.09,,209.928,,,,,,
P13473_32/38_H7N3F1,,,,,,161.249,,,,,,,,,
P13473_356_H6N3F1A1,,,,,,,234.543,,,528.781,222.093,,504.121,,
P13473_356_H6N3F2,,,,,,245.065,,,100.631,,,,313.405,,
P13473_356_H7N3F1,,,,,,,,,50.4942,,,,,,136.179
P13473_356_H7N4,,,,,,289.598,,643.696,286.817,481.308,,,234.109,,
P13473_49_H5N2,,,,,,611.422,566.307,435.162,498.529,,,,,,
P13473_49_H5N3A1,,,,,,536.553,,,,,,,,,
P13473_49_H5N3F2,,,,,,,226.24,,,,,,,,
P13473_49_H6N3,,,,,,1498.81,436.879,2079.01,1073.63,441.367,,,,,
P13473_49_H6N3A1,,,,,,602.186,,,,,,,,,
P13473_58_H5N2F1,,,,,,,81.3382,,,,,,,,
P13473_58_H5N3F1A1,,,,,,,,59.5968,,,,,,,
P13473_58_H6N5F1A2,,,,,,,,,116.526,,,,,,
P13473_58_H6N5F3A1,,,,,,,,112.349,,,,,,,
P13747_107_H5N6,,,,,,,,,173.635,,,,,,
P13747_107_H9N2,,,,,,657.719,91.1522,765.622,,,572.728,,154.721,381.166,
P13987_43_H3N5F1,,,,,,117.222,,,,,,,,,
P13987_43_H5N4F1,,,,,,165.953,,322.232,,,,,,,
P13987_43_H5N5F1,,,,,,,146.447,136.167,,,,,,,
P14415_118_H10N2,,,,,,,109.913,177.061,,,,,,,
P14415_118_H5N2,,,,,,64.0991,,,,,,,,,
P14415_238_H10N2,,,,,,,116.987,204.189,212.343,,,,,,
P14415_238_H9N2,,,,,,,110.727,176.967,185.358,,,,,,
P14625_107_H10N2,,,,,,1755.53,1228.76,685.799,1239.02,2614.56,,,,,
P14625_107_H3N3F3,,,,,,250.91,,285.998,263.028,1233.54,,,,,
P14625_107_H3N4A2,,,,,,1843.35,442.201,624.86,410.481,11525,,,,,
P14625_107_H4N3F3,,,,,,430.267,210.398,376.835,272.12,977.977,,,,,
P14625_107_H4N4F2A1,,,,,,407.578,367.109,240.294,560.869,2103.74,,,,,
P14625_107_H5N2,,,,,,,145.067,,,,,,,,
P14625_107_H5N6F1,,,,,,,188.086,,128.097,,,,,,
P14625_107_H6N2,,,,,,280.534,351.839,210.929,362.62,115.35,,,,,
P14625_107_H6N4F3,,,,,,65.9071,,,,,,,,,
P14625_107_H6N6A1,,,,,,,,,,667.536,,,,,
P14625_107_H7N2,,,,,,731.008,342.069,829.535,993.058,1307.17,,,,,
P14625_107_H8N2,,,,,,201.857,1193.39,304.526,1138.78,2106.43,,,,,
P14625_107_H9N2,,,,,,552.79,633.21,1053.25,949.812,5557.97,,,,,
P14625_217_H10N2,,,,,,344.887,798.763,1288.48,1550.38,,,,,,
P14625_217_H4N2,,,,,,245.45,585.097,,,,,,,,
P14625_217_H5N6,,,,,,201.245,625.067,,,,,,,,
P14625_445_H10N2,,,,,,826.076,1005.4,2545.82,1686.15,2322.73,,,,,
P14625_445_H3N3F3,,,,,,,,,,1290.15,,,,,
P14625_445_H3N4A2,,,,,,747.507,317.186,383.244,1425.46,996.799,,,,,
P14625_445_H4N3F3,,,,,,1406.51,349.704,517.676,1711,1640.92,,,,,
P14625_445_H4N4F2A1,,,,,,376.544,,,,974.327,,,,,
P14625_445_H5N2,,,,,,,293.462,,,,,,,,
P14625_445_H5N3F3,,,,,,182.593,,,,,,,,,
P14625_445_H5N6,,,,,,,,172.094,,,,,,,
P14625_445_H6N2,,,,,,2654.2,1235.22,4532.59,559.033,2708.03,,,,,
P14625_445_H7N2,,,,,,1271.4,2182.74,2977.39,1226.23,1712.85,,,,,
P14625_445_H8N2,,,,,,3379.55,5459.34,6971.99,7321.99,3796.88,,,,,
P14625_445_H9N2,,,,,,1810.73,1081.71,1007.45,2907.33,645.24,,,,,
P14625_62_H10N2,,,,,,,154.008,175.705,,,,,,,
P14625_62_H4N3F3,,,,,,158.89,,,,311.187,,,,,
P14625_62_H9N2,,,,,,,446.224,484.369,450.108,,,,,,
P15529_83_H10N2,,,,,,,73.5854,,,,,,,,
P15529_83_H8N2,,,,,,212.058,146.477,370.754,,,,,,,
P15529_83_H9N2,,,,,,,,310.814,,129.379,,,,,
P15586_111/117_H4N4F3,,,,,,,,48.6841,,,,,,,
P15586_111/117_H7N2,,,,,,2062.2,1704.39,1077.22,1092.37,1315.95,,,,,
P15586_111/117_H8N2,,,,,,506.295,1866.02,779.513,1074.17,1976.52,,,,,
P15586_111/117_H8N8A2,,,,,,,,,53.5075,,,,,,
P15586_111/117_H9N2,,,,,,,504.857,143.851,,353.393,,,,,
P15586_279_H10N2,,,,,,,,,,441.083,,,,,
P15586_279_H3N4A2,,,,,,,,,,240.181,,,,,209.069
P15586_279_H3N4F1A1,,,,,,,,,213.118,,,,,,
P15586_279_H3N4F3,,,,,,,,,,239.303,,,285.048,,
P15586_279_H4N3F1A1,,,,,,,,,,245.668,,,,,
P15586_279_H6N4,,,,,,,,531.314,,,,,,,
P15586_279_H7N2,,,,,,586.094,664.743,259.06,363.976,,538.96,,,,
P15586_279_H8N2,,,,,,293.677,,,,,,,,,
P15586_279_H9N2,,,,,,210.302,,,,,,,,,
P15586_362_H6N2,,,,,,,,295.555,,,,1299.4,469.991,1505.76,
P15586_362_H7N2,,,,,,,2128.19,2722.8,1744.1,704.208,,1328.83,2842.21,876.803,1849.43
P15586_362_H9N2,,,,,,,,,,1000.32,,,,,1893.91
P15586_405_H5N2,,,,,,208.725,,228.236,,,,287.687,388.768,,
P15586_422/449_H7N6F5,,,,,,,135.214,210.587,,229.374,,,,,
P15848_366_H6N2,,,,,,629.523,725.803,925.095,201.843,,,,,,
P15848_366_H7N2,,,,,,145.52,213.321,279.581,331.56,,,,,,
P16188_110_H3N7,,,,,,54.8026,,,,,,,,,
P16188_110_H4N5F1,,,,,,,,61.8916,139.619,,,,,,
P16188_110_H4N5F2,,,,,,,,40.5336,,,,,,,
P16188_110_H5N5F1,,,,,,,92.5276,356.417,750.037,,,,,,
P16870_139_H10N2,,,,,,270.157,,197.983,113.482,202.397,,,,275.639,273.106
P18850_584_H10N2,,,,,,55.6744,,97.5405,,87.0232,,,,,
P18850_584_H9N2,,,,,,,,,,116.482,,,,,
P19022_692_H5N2,,,,,,525.818,803.834,718.002,229.866,,,,,,
P19022_692_H6N2,,,,,,,,,97.2264,,,,,,
P20036_109_H4N6,,,,,,,,,88.5361,,,,,,
P20645_57_H6N3A1,,,,,,108.498,,,,,,192.157,186.264,366.939,
P20645_57_H6N3F1A1,,,,,,220.994,,,,,,,,,
P20645_83/94_H3N5F1,,,,,,,,73.7763,,,,,,,
P20645_83/94_H3N6F1,,,,,,,104.891,46.2507,,,,,,,
P20645_83/94_H4N3F1A1,,,,,,,,73.8287,,,,,,,
P20645_83/94_H4N3F3,,,,,,103.624,,78.1819,,,65.3488,,,,
P20645_83/94_H5N2,,,,,,415.659,424.286,190.668,141.483,,,,,,
P20645_83/94_H5N2F1,,,,,,352.628,,,,,,,,,
P20645_83/94_H5N3F1,,,,,,,602.209,,,1063.36,,,,,
P20645_83/94_H5N3F1A1,,,,,,1215.44,648.005,1034.49,752.396,1883.06,283.096,165.954,271.162,,270.956
P20645_83/94_H5N3F2,,,,,,,,,,311.691,,,,,
P20645_83/94_H5N3F3,,,,,,247.335,,,,,138.785,181.866,234.929,,129.453
P20645_83/94_H6N3,,,,,,77.0884,,,,,,,,,
P20645_83/94_H6N3A1,,,,,,164.279,91.8326,95.2768,,,,,,,
P20645_83/94_H6N3F1,,,,,,1659.25,562.621,2460.36,1208.23,627.056,,,,,
P20645_83/94_H6N3F1A1,,,,,,848.534,1352.97,791.859,377.673,1464.81,,,170.338,,
P20645_83/94_H6N3F2,,,,,,469.608,262.904,98.4277,111.595,969.551,,,,,
P20645_83/94_H6N3F3,,,,,,,1028.91,,,112.295,,131.195,67.7977,,
P20645_83/94_H6N4F1,,,,,,,,,371.986,348.843,,,,,
P20645_83/94_H6N4F1A1,,,,,,,,92.3632,132.837,480.686,,,,,
P20645_83/94_H6N4F3,,,,,,138.177,,118.3,,,,,,,
P20645_83/94_H6N6F1,,,,,,113.386,,,,,275.605,,,,297.782
P20645_83/94_H6N6F1A1,,,,,,,,60.8435,,,,,,,
P20645_83/94_H7N2,,,,,,,,,,110.941,,,,,
P20645_83/94_H7N4F1,,,,,,,143.032,,143.281,,,,,,
P20645_83/94_H7N4F1A2,,,,,,153.342,197.498,294.656,383.559,320.619,,,,,
P20645_83/94_H8N7,,,,,,115.334,,,89.7587,,,,,,
P20908_176_H4N6,,,,,,,,78.8002,,,,,,,
P20908_176_H5N5F1,,,,,,,,130.42,,,,,,,
P20908_176_H8N2,,,,,,146.953,166.793,48.1764,,,,,,,
P20908_176_H9N2,,,,,,398.631,129.004,43.1256,,,,,,,
P20933_38_H7N2,,,,,,193.084,,164.814,,,,,,,
P20933_38_H8N2,,,,,,,,,,127.343,,,,97.3914,
P23142_98_H10N2,,,,,,240.993,58.9393,135.148,30.2766,,,,,,
P23142_98_H6N2,,,,,,66.253,,,,,,,,,
P23142_98_H6N5,,,,,,,,165.497,,,,,,,
P23142_98_H7N2,,,,,,68.9976,,80.2233,,,,,,,
P23142_98_H8N2,,,,,,254.155,293.345,,108.498,,,,,,
P23142_98_H9N2,,,,,,218.432,87.8316,275.731,60.7729,,,,,,
P23142_98_H9N2F1,,,,,,164.516,,,,,,,,,
P23229_323_H5N3,,,,,,80.6921,,,,,,,,,
P23229_323_H6N3F2,,,,,,90.3761,,,,,,316.62,,,
P25445_118_H5N4F1,,,,,,,85.6502,,,,,,,,
P25445_118_H5N4F1A2,,,,,,,,,,163.774,,,,,
P25445_118_H5N4F3,,,,,,,63.1473,,113.486,,,90.7926,,,
P25445_118_H5N5F1,,,,,,191.746,,,,,,,,,
P27797_344_H3N3F1,,,,,,,273.002,,,,,,,,
P27797_344_H3N4F1,,,,,,,,699.044,,241.52,,,,,
P27797_344_H3N6,,,,,,60.289,221.916,120.94,,,,,,,
P27797_344_H4N3F3,,,,,,198.454,,,,,,,,,
P27797_344_H4N6,,,,,,334.92,,283.443,,,,,,,
P27797_344_H5N2,,,,,,4220.33,3294.38,3362.77,1632.98,,,,,,
P27797_344_H6N2,,,,,,2716.36,1306.78,3444.43,1315.91,,,,,,
P27797_344_H7N2,,,,,,94.0073,,242.48,,,,,,,
P27797_344_H8N2,,,,,,67.9431,330.439,352.845,,,,,,,
P27797_344_H9N2,,,,,,,101.135,,,,,,,,
P28799_265_H10N2,,,,,,108.663,,89.9277,97.6241,93.7182,,,,,43.3328
P28799_265_H4N4F2A1,,,,,,,,36.1327,,285.291,,,,,222.463
P30453_110_H12N2,,,,,,,,,,122.46,,,,,
P30453_110_H4N5F1,,,,,,,324.408,,,,,,,,
P30453_110_H5N4F1A1,,,,,,,,,,104.699,,,,,
P30453_110_H5N5F1,,,,,,330.777,438.442,319.958,235.79,176.207,,,,,
P30453_110_H5N5F3,,,,,,71.3325,,,,,,,,,
P30486_110_H10N2,,,,,,67.731,27.708,,,,,,,,
P30486_110_H4N5F1,,,,,,522.38,146.568,,,,,,,,
P30486_110_H4N6,,,,,,,,,52.5408,,,,,,
P30486_110_H5N4F1A1,,,,,,,,378.776,369.463,,,,,,
P30486_110_H5N4F3,,,,,,352.936,,90.513,227.538,,,,,,
P30486_110_H5N5F1,,,,,,818.473,1789.36,2246.91,3772.03,,,,,,
P30486_110_H5N5F2,,,,,,,,176.726,,,,,,,
P30486_110_H5N6,,,,,,69.6545,21.7514,49.4624,,,,,,,
P30486_110_H6N6F1,,,,,,52.0308,84.3561,154.245,199.987,,,,,,
P30486_110_H8N2,,,,,,53.2635,,,,,,,,,
P34059_423_H3N6,,,,,,,,,93.9925,,,,,,
P34059_423_H4N6,,,,,,287.426,,,,,,,,,
P34059_423_H7N2F1,,,,,,,,193.488,69.7812,,,,,,
P35052_116_H5N2,,,,,,185.379,,363.308,,118.376,,,,,
P35052_116_H5N4,,,,,,129.041,,,,,,,,,
P35052_116_H6N3,,,,,,,,143.794,,223.055,,,,,
P35052_116_H9N2,,,,,,,,,,337.836,,,,,
P35613_160_H5N2,,,,,,,139.193,,,,404.411,,108.907,,328.727
P35613_160_H5N3F1A1,,,,,,,,92.717,,,,,,,
P35613_160_H5N3F3,,,,,,152.896,101.742,,,,,,,,
P35613_160_H5N5F1,,,,,,458.224,272.036,261.966,,,,,,,
P35613_160_H5N5F1A1,,,,,,117.724,,,,,,,,,
P35613_160_H5N5F3,,,,,,,,92.2551,,,,,,,
P35613_160_H9N8F3,,,,,,,,281.999,,,,,,,
P35613_160_H9N8F3A1,,,,,,460.721,279.351,179.538,526.534,,,,,,
P35613_160_H9N8F3A2,,,,,,322.453,,131.805,,,,,,,
P35613_268_H5N3F1A1,,,,,,355.554,231.73,,,254.465,,,,,
P35613_268_H6N3F1A1,,,,,,261.787,,,,,,,,,
P36941_177_H10N2,,,,,,,,,,106.179,,,,,
P36941_177_H12N2,,,,,,84.4911,,,,,,,,,
P36941_177_H7N6,,,,,,94.6484,,,,,,,,,
P36941_177_H8N2,,,,,,,,114.943,,521.548,,,,,
P36941_177_H9N2,,,,,,,331.938,258.321,,563.403,,,,,
P40200_497_H5N2,,,,,,175.118,445.525,314.486,362.271,,,,,,
P40200_497_H5N2F1,,,,,,62.2634,,55.0325,,,,,,,
P40200_497_H6N2,,,,,,84.7366,,,,,,,,,
P42785_415_H10N2,,,,,,126.328,,,,,,,,,
P42785_415_H5N6,,,,,,,113.497,58.9084,111.394,78.1702,,,,,
P42785_47_H10N2,,,,,,,,,93.6907,,,,,,
P42785_47_H6N2,,,,,,137.134,278.077,428.666,305.115,249.739,,376.732,260.623,,
P42785_47_H9N2,,,,,,169.765,,197.047,,,,42.5704,,337.551,
P42892_166_H6N3,,,,,,152.022,,,,230.5,,,,,167.566
P42892_166_H6N3F1,,,,,,,,,539.516,423.736,,,,,
P42892_270_H10N2,,,,,,,,,,252.534,,,,,
P42892_270_H4N6,,,,,,,,,132.259,,,,,,
P42892_270_H5N3F3,,,,,,292.282,,,,,,,,,
P42892_270_H8N2,,,,,,,77.7215,140.609,129.797,97.7598,,135.959,,,
P42892_539_H10N2,,,,,,341.702,122.815,,126.398,,,,,,
P42892_539_H9N2,,,,,,172.094,,,,,,,,,
P42892_632_H10N2,,,,,,186.463,,,76.5503,67.5652,,,,,
P42892_632_H9N2,,,,,,,,,,67.4252,,,,,
P43121_56_H3N5F2,,,,,,274.946,,,,,,,,,
P43121_56_H4N5F1,,,,,,343.117,,,,,,,,,
P43121_56_H4N5F2,,,,,,,184.175,,203.446,,,,,185.749,
P43121_56_H5N5F1,,,,,,421.315,,,479.385,,,,,,
P43251_329_H10N2,,,,,,,,,28.7305,,,,,,
P43251_329_H5N6,,,,,,23.5338,,,,,,,,,
P43251_329_H8N2,,,,,,,,,72.9135,84.1583,,,,109.864,
P43307_136_H3N4F3,,,,,,,,,,1046.82,,,,,341.156
P43308_104_H3N4F3,,,,,,,,,,2742.34,,,311.014,,697.188
P43308_88_H5N4A4,,,,,,1051.89,,,,,,,,,
P43308_88_H6N3F2,,,,,,,42.1755,,,,,,,,
P46531_1489_H9N2,,,,,,,,,111.791,,,,,,
P46531_1587_H10N2,,,,,,171.336,,,,,,,,,
P46531_1587_H5N6,,,,,,,,228.798,,,,,,,
P46531_1587_H8N2,,,,,,,,,,87.9324,,,,,
P46531_1587_H9N2,,,,,,121.106,,190.984,,,,,,,
P48509_159_H3N6,,,,,,,259.974,,,,,,,,
P48509_159_H5N3F2,,,,,,201.628,,,,,,,,,
P48509_159_H5N4,,,,,,,125.287,,,,,,,,
P48509_159_H5N6,,,,,,,,,,186.002,,,,,534.606
P48509_159_H8N2,,,,,,167.185,224.208,,242.035,,,,456.993,,
P48723_184_H10N2,,,,,,115.42,,,119.097,,,,,,
P48723_184_H4N6,,,,,,91.5488,,,,,,,,,
P49321_495/501_H4N4F3,,,,,,,,,496.532,,,,,,
P49321_495/501_H7N6F2,,,,,,,95.8435,47.1584,,,,,,,
P50897_197_H4N3F3,,,,,,,,,,2128.65,,,,,
P50897_197_H4N6,,,,,,,,344.76,,,,,,,
P50897_197_H5N5F1,,,,,,,,,96.9061,,,265.121,,,
P50897_197_H5N6,,,,,,,,156.316,,,,,,,
P53634_276_H6N2,,,,,,,,,255.628,,,,,,
P53634_53_H5N2F1,,,,,,,60.1749,,42.0056,,,,,,
P53634_53_H5N6F1,,,,,,,,,84.3033,,,,,,
P53801_54_H4N3F3,,,,,,,,,,235.025,,,,,803.939
P53801_54_H4N6,,,,,,,,27.7941,,,,,,,
P54289_324_H7N2,,,,,,248.707,,,,160.386,166.708,,329.124,,
P54709_124_H5N3F3,,,,,,,,,,216.779,,,,,
P54709_124_H6N3F1A1,,,,,,,,,,250.473,,,,,
P54709_124_H6N3F3,,,,,,,143.566,214.946,209.636,,,,,,
P55268_1308_H8N2,,,,,,,157.598,158.501,278.975,,,,,,
P55268_1348_H5N3F3,,,,,,287.007,,,177.626,,,,,,
P55268_1348_H6N2,,,,,,,79.4044,,189.448,,,,,,
P56199_1102_H8N2,,,,,,,138.492,,137.737,121.846,,,,,
P56199_418_H4N7F1,,,,,,,,,301.407,,,,,,
P56199_460_H7N2,,,,,,,,,,175.701,,,,,
P56199_532_H5N2,,,,,,232.541,171.791,191.129,,,,,,,
P56199_532_H5N3F1,,,,,,141.642,296.563,436.74,421.786,,,,,,
P56199_532_H6N3F1,,,,,,351.447,,,571.527,693.833,,,,,
P69849_369_H10N2,,,,,,108.311,,,97.07,,,,,,313.067
P78310_106_H3N5,,,,,,,282.082,,322.403,,,,,,
P78310_106_H5N3A1,,,,,,,,,83.2195,,,,,,
P78310_106_H5N3F2,,,,,,227.649,255.743,,225.971,,,,,,
P78310_106_H5N4,,,,,,,,,564.362,,,,,,
P78310_106_H5N5,,,,,,315.077,329.439,,,,,,,,
P78310_201_H5N2,,,,,,266.375,,262.061,,,,,,,
P78310_201_H5N3F1,,,,,,,,,110.743,,,,,,
P78310_201_H6N3,,,,,,232.794,,97.3808,274.652,,,,,,
P78310_201_H6N3F1,,,,,,208.108,120.659,112.207,199.443,,,,,,
P78310_201_H6N3F1A1,,,,,,275.996,,,,,,,,,
P78310_201_H6N3F3,,,,,,,,,,245.598,,,,,
P78536_264_H9N2,,,,,,,,,,92.5184,,,,,94.5311
P98153_149_H10N2,,,,,,331.429,223.116,104.147,221.585,,,,,,
P98160_3072_H3N6,,,,,,,,499.391,,,,,,,
P98160_3072_H8N2,,,,,,285.735,,,338.186,,,,,,
P98160_89_H8N2,,,,,,,183.109,392.221,116.94,,,,,,
Q02487_392_H4N5F1,,,,,,50.6997,,,,,,,,,
Q02487_392_H5N4F1,,,,,,41.9031,,,,,,,,,
Q02487_392_H5N5F1,,,,,,,,,227.966,,139.173,185.431,331.155,449.423,
Q02487_392_H8N2,,,,,,,,,85.4418,,,,,,
Q04656_1458_H8N2,,,,,,154.008,,139.361,149.204,,,,,,
Q04900_146_H8N2,,,,,,,,268.843,166.281,175.222,,,,,
Q04900_65/72/77_H3N2,,,,,,,,,,315.381,,,,,
Q04900_65/72/77_H4N4F1,,,,,,,268.825,,,,,,,,
Q04900_65/72/77_H4N4F2,,,,,,454.857,1236.37,,1019.96,653.371,,,,,
Q04900_65/72/77_H4N6F1,,,,,,,,84.4708,,,,,,,
Q04900_65/72/77_H5N3F2,,,,,,,,,102.532,,,,,,
Q04900_65/72/77_H5N4F1,,,,,,163.696,239.078,,112.82,394.788,,,,,
Q04900_65/72/77_H6N4F1,,,,,,,,,,107.129,,,,,
Q04900_65/72/77_H6N4F2,,,,,,,110.476,,105.557,,,,,,
Q07954_136_H10N2,,,,,,,,94.5289,,,,,,,
Q07954_136_H3N6,,,,,,,,,210.859,,,,,,
Q07954_136_H4N6,,,,,,,,285.566,,,,,,,
Q07954_136_H8N2,,,,,,249.969,260.898,,,,,55.6284,,,
Q07954_1511_H10N2,,,,,,926.046,1736.2,2202.92,1919,1505.23,216.164,,,,
Q07954_1511_H8N2,,,,,,787.841,735.289,652.096,,,127.217,,,,
Q07954_1575_H10N2,,,,,,495.784,,,,46.9366,,,,,
Q07954_1575_H9N2,,,,,,165.339,100.767,35.4253,42.7732,76.8768,174.784,,33.8976,50.2083,
Q07954_1645_H4N6,,,,,,,118.291,,115.154,,,,,,
Q07954_1645_H5N6,,,,,,62.3303,,,,,,,,,
Q07954_1645_H9N2,,,,,,179.261,56.1946,108.438,,204.694,,,,,
Q07954_1763/1767_H10N2,,,,,,595.032,618.291,541.758,596.649,,,,,,
Q07954_1763/1767_H4N6,,,,,,,398.083,,,,,,,,
Q07954_1763/1767_H8N2,,,,,,,66.8773,142.033,89.0813,,132.327,,326.034,,
Q07954_1825_H10N2,,,,,,608.631,607.121,615.048,625.97,491.418,,,,,
Q07954_1825_H8N2,,,,,,149.247,580.008,353.877,,,,,,,
Q07954_1825_H9N2,,,,,,,,,,1310.3,472.209,,,,
Q07954_2127_H10N2,,,,,,485.09,1857.28,1654.94,1169.32,1238.61,,,,,
Q07954_2127_H4N4F2A1,,,,,,,387.302,136.595,111.465,1089.51,,,,,
Q07954_2127_H5N6,,,,,,,,,,1096.21,,,,,
Q07954_2127_H8N2,,,,,,65.993,,,29.8662,124.168,,103.449,,,
Q07954_2127_H9N2,,,,,,,,349.193,316.072,,,190.654,,156.642,296.077
Q07954_3089_H10N2,,,,,,2049.91,774.799,1459.49,1324.05,2456.43,,,,,
Q07954_3089_H4N6,,,,,,,,1003.18,,,,,,,
Q07954_3089_H9N2,,,,,,359.595,891.028,582.791,93.4608,1003.45,,153.082,180.591,,519.183
Q07954_3333_H10N2,,,,,,198.258,179.067,243.982,340.511,213.656,,,,,
Q07954_3333_H8N2,,,,,,,111.186,141.848,81.0394,310.602,,,,,
Q07954_3953_H10N2,,,,,,1125.77,1493.83,2541.48,1083.69,94.9125,,,,,
Q07954_3953_H8N2,,,,,,245.775,317.412,241.268,322.741,,,,,,
Q07954_4075_H10N2,,,,,,257.732,503.71,422.744,442.953,791.77,,,,,
Q07954_4075_H4N4F2A1,,,,,,167.654,,,88.3138,704.459,,,,,
Q07954_4075_H8N2,,,,,,122.829,,226.632,,316.546,,,,,
Q07954_4125_H10N2,,,,,,538.541,2128.6,832.515,1643.71,1669.8,,,,,
Q07954_4125_H3N6,,,,,,,,356.17,,,,,,,
Q07954_4125_H8N2,,,,,,,125.608,273.444,,,,,,,
Q07954_4125_H9N2,,,,,,655.58,,,332.385,,,,,,
Q07954_446_H10N2,,,,,,265.418,687.462,520.783,1019.56,1825.24,,,,,
Q07954_446_H4N4F2A1,,,,,,422.618,,219.795,170.68,,,,,,
Q07954_446_H7N4,,,,,,,47.1317,,,,,,,,
Q07954_446_H9N2,,,,,,,103.15,,364.905,,,,,72.8316,
Q07954_729_H10N2,,,,,,564.781,544.776,715.183,276.791,174.2,,,,,
Q07954_729_H4N4F2A1,,,,,,,,,,659.021,,,,,
Q07954_729_H5N6,,,,,,,,,,582.984,,,,,
Q07954_729_H8N2,,,,,,,,,,155.589,,,,,
Q07954_729_H9N2,,,,,,126.133,,,49.3856,,,,,,
Q07954_918/928_H10N2,,,,,,34.7723,,,26.2319,,,,,,
Q07954_918/928_H3N6,,,,,,,,,90.7858,55.1981,,,,,
Q07954_918/928_H4N6,,,,,,36.516,,,,,,,,,
Q07954_918/928_H9N2,,,,,,43.8207,,,,,,,,,
Q08380_69_H5N6,,,,,,,,,166.325,,,,,,
Q08380_69_H7N6F4,,,,,,,,,,1154.98,,,,,
Q08722_111_H5N2,,,,,,161.55,,,,,,,,,
Q08722_111_H5N3F1A1,,,,,,206.132,222.377,258.177,,695.886,,,,,
Q08722_111_H5N4,,,,,,,,81.2511,311.199,,,,,,
Q08722_111_H5N4F1,,,,,,,,171.564,552.502,,,,,,
Q08722_111_H5N4F3,,,,,,,,66.5966,,,,,,,
Q08722_111_H6N3,,,,,,303.466,,326.467,672.937,,,,,,
Q08722_111_H6N3A1,,,,,,124.095,,,117.531,,,,,,
Q08722_111_H6N3F1,,,,,,258.109,502.167,489.85,689.649,708.615,,,,,
Q08722_111_H6N3F1A1,,,,,,,131.655,,,,,,,,
Q08722_111_H6N3F2,,,,,,53.0718,77.8012,127.814,,,,,,,
Q08722_111_H6N3F3,,,,,,,,84.4164,,,,,,,
Q08722_111_H6N4F1,,,,,,102.548,,100.556,,,,,,,
Q08722_111_H7N4A1,,,,,,,31.7759,,,,,,,,
Q08722_111_H7N4F1A2,,,,,,133.063,,,,83.0755,,,,,
Q08722_73_H5N2,,,,,,,,,,680.223,,,,,
Q12841_144_H6N6F1A1,,,,,,285.781,,,,,,,,,
Q12907_183_H3N4,,,,,,,146.628,132.852,136.562,,,,,,
Q12907_183_H3N6F1,,,,,,,205.838,,,,367.829,,,,
Q13308_116_H5N5F1,,,,,,371.397,499.505,,372.561,,,,,,
Q13308_116_H6N6F1A1,,,,,,,128.566,,76.4056,,,,,,
Q13308_175_H4N5F1,,,,,,440.878,165.781,178.586,133.709,,,,,,
Q13308_175_H5N4F1A1,,,,,,,,,,291.499,,,,,
Q13308_175_H5N4F2,,,,,,,,,,206.432,,,,,
Q13308_175_H5N5F1,,,,,,526.024,715.177,330.915,496.258,,,,,,
Q13308_175_H9N2,,,,,,,,,,139.561,,,226.788,176.774,
Q13332_940_H4N5F1,,,,,,,,149.115,124.405,,,,,,
Q13332_940_H5N5F1,,,,,,,100.069,,783.972,,,,,,
Q13424_178_H5N2,,,,,,,,,,437.658,,,,,
Q13438_177_H6N2,,,,,,,,,,518.487,,,,,
Q13438_177_H7N2,,,,,,,237.448,243.174,,191.084,,,,,
Q13438_177_H8N2,,,,,,,,,,692.56,,,,,
Q13438_177_H9N2,,,,,,,522.24,466.713,,,,,,,
Q13586_171_H6N2,,,,,,,,,,663.62,,,,,312.042
Q13740_265_H4N3A1,,,,,,52.2993,,,,,,,,,
Q13740_265_H5N6F1,,,,,,387.158,,,,,,,,,
Q13740_361_H4N5F1,,,,,,493.431,222.54,413.643,389.657,,,,,,
Q13740_361_H5N4F1,,,,,,,259.952,166.72,319.043,,,,,,
Q13740_361_H5N4F1A2,,,,,,,,,,165.063,,,,,
Q13740_361_H5N5F1,,,,,,1471.18,959.678,1518.61,1246.04,,,,,,
Q13740_361_H6N6F1,,,,,,,55.008,,61.7327,,,,,,
Q13740_361_H7N4,,,,,,,655.765,,,,,,,124.532,
Q13740_480_H5N3,,,,,,85.3228,,,,,,,,,
Q13740_480_H5N3F1,,,,,,262.055,,,,,,,,,
Q13740_480_H6N3,,,,,,278.346,359.192,,,,,,,,
Q13740_480_H6N3F1,,,,,,229.925,133.672,,159.892,,,,,,
Q14108_206/224_H6N6F4,,,,,,,,,73.6816,329.585,,,,,
Q14108_206/224_H7N6F4,,,,,,,,,,160.659,,,,,
Q14108_206/224_H7N6F5,,,,,,,,53.3737,,,,,,,
Q14108_249_H6N5,,,,,,,,,169.028,,,,,,
Q14108_249_H7N7A2,,,,,,,,43.2142,,,,,,,
Q14108_249_H8N2F1,,,,,,,961.745,,402.159,,,,,258.812,
Q14108_412_H3N4A2,,,,,,,,,,481.397,,,,,
Q14108_412_H8N2,,,,,,,173.246,,,,,,,,
Q14118_661_H3N5,,,,,,,,,,429.702,,,,,
Q14126_182_H3N5F1,,,,,,250.107,130.073,153.652,407.919,,,,,,
Q14126_182_H5N4F1,,,,,,141.125,,,170.173,,,,,,
Q14126_462_H4N5F1,,,,,,388.857,406.857,266.7,236.952,,,,,,
Q14126_462_H5N4F1A1,,,,,,298.036,268.227,341.487,252.41,459.7,,,,,
Q14517_1551_H4N6,,,,,,,113.543,,123.305,,,,,,
Q14571_2456_H5N2,,,,,,111.933,,226.542,313.591,,,,,,
Q14571_2456_H6N2,,,,,,242.174,,396.818,,,,,,,
Q14956_200_H5N2,,,,,,,386.612,,423.571,,,,,,
Q14956_200_H6N2,,,,,,,262.487,197.434,,,,,,,
Q15043_77_H5N3F1A1,,,,,,,,198.15,,180.387,,,,,
Q15293_53_H3N2,,,,,,,4777.93,,,,,,,,
Q15293_53_H3N6F2,,,,,,,,,1189.44,,,,,,
Q15293_53_H5N3F1,,,,,,3382,4994.74,7832.53,1917.62,1070.51,,,,,
Q15293_53_H6N2F1,,,,,,,,,309.683,,,,,,
Q15293_53_H8N4,,,,,,,80.8086,,,,,,,,
Q15904_350/357_H7N6F1A2,,,,,,,,186.805,,,,,,,
Q15904_350/357_H7N6F5,,,,,,,115.478,100.563,217.8,,,,,,
Q16563_71_H10N2,,,,,,,,,45.7926,50.864,,,,,
Q16563_71_H5N5F1,,,,,,63.9246,,,,,,,,,
Q16563_71_H6N2,,,,,,,,118.978,,,,,,,
Q16563_71_H6N3F1A1,,,,,,75.3206,89.6494,110.005,,168.418,357.982,255.322,,142.495,
Q16563_71_H8N5F4,,,,,,,,,84.1642,400.685,,,,,
Q4G148_237_H6N4,,,,,,,208.191,99.5559,123.201,,,,,272.421,
Q4G148_237_H7N4,,,,,,,,,74.5599,,174.698,,,,
Q4KMQ2_361_H5N7A2,,,,,,,,,,761.374,,,,,
Q4KMQ2_493_H6N3F1A1,,,,,,152.673,,93.6537,,182.281,,,,,
Q4KMQ2_493_H6N3F3,,,,,,,,,89.4327,88.558,,,,,
Q58FF3_159_H10N2,,,,,,3492.11,2629.24,2694.37,2425.37,,,,,,
Q58FF3_159_H5N2,,,,,,,,,,158.75,,,,,
Q58FF3_159_H7N2,,,,,,2395.23,2017.89,2629.3,1376.3,978.825,,,,,
Q58FF3_159_H9N2,,,,,,11871.7,7697.19,8025.31,11384.4,937.397,,,,,
Q5JTV8_399_H4N5F1,,,,,,,,,,443.065,,,,,
Q5ZPR3_104_H5N3,,,,,,701.973,483.327,702.063,672.006,869.474,,,,,268.305
Q5ZPR3_104_H5N4F2,,,,,,,,,,470.336,,509.299,,,334.582
Q5ZPR3_104_H6N3A1,,,,,,1461.67,1244.05,1768.2,1837.52,725.731,,,,,
Q5ZPR3_104_H6N3F1,,,,,,,351.832,99.361,1019.96,482.707,,,,,649.663
Q5ZPR3_104_H6N3F2,,,,,,,,,460.076,630.079,,,,,433.734
Q5ZPR3_215_H4N6F1,,,,,,,,,,451.198,,,,,
Q5ZPR3_215_H5N3F1,,,,,,221.154,,,,,,,,,
Q5ZPR3_215_H5N3F1A1,,,,,,154.198,144.34,214.117,,,,,,,
Q5ZPR3_215_H5N3F3,,,,,,206.026,149.714,309.994,,,,,,,
Q5ZPR3_215_H5N4F3,,,,,,,118.806,,175.376,,,,,,
Q5ZPR3_215_H6N3F1,,,,,,597.564,,,760.36,,,,,,
Q5ZPR3_91_H4N5F1,,,,,,326.003,233.496,105.279,101.08,,,,,,
Q5ZPR3_91_H5N5F1,,,,,,283.878,232.096,996.613,158.108,,,,,,
Q5ZPR3_91_H5N5F1A1,,,,,,153.137,,,,,,,,,
Q5ZPR3_91_H5N5F3,,,,,,161.222,,,,,,,,,
Q5ZPR3_91_H5N6F1,,,,,,123.425,83.3331,,,,,,,,
Q68CP4_162_H7N2,,,,,,298.478,,,,,,,,,
Q68CP4_162_H9N2,,,,,,74.713,81.3329,,108.224,,,,,,
Q6AZY7_451_H8N2,,,,,,,,169.134,,,,,,,
Q6AZY7_451_H9N2,,,,,,,99.725,,70.22,,,,,,
Q6P179_103_H3N6,,,,,,,,,593.155,,,,,,
Q6P179_103_H7N2,,,,,,,292.351,,,,,,181.421,,
Q6P179_103_H9N2,,,,,,,,,296.258,,,,,,
Q6P179_119_H3N4A2,,,,,,,,99.5612,,,,,,,
Q6P179_119_H3N6,,,,,,150.47,,,,,,,,,
Q6P179_119_H4N3F3,,,,,,,,,134.465,,,,,,
Q6P179_119_H7N2,,,,,,,75.2115,,,,,,,,
Q6P179_119_H8N2,,,,,,,172.183,302.275,462.555,,,,,,
Q6P179_119_H9N2,,,,,,311.642,148.545,319.365,,,,,,,
Q6P179_219_H4N4F3,,,,,,71.9791,,,,,,,,,
Q6P179_219_H6N6F1A1,,,,,,,,626.317,738.528,,,,,,
Q6P179_294_H7N2,,,,,,237.505,,465.786,160.077,,,,,,
Q6PK18_267_H4N6,,,,,,,,81.5871,,,,,,,
Q6UXH1_190_H3N3F1,,,,,,,,,,414.202,,,,,
Q6UXH1_190_H3N4F1,,,,,,,,,,536.297,,,,,
Q6UXH1_190_H5N2F1,,,,,,,,,,220.014,,,,,
Q6UXH1_190_H5N3F1,,,,,,,,,,187.541,,,,,
Q6YHK3_1086_H4N6,,,,,,,,,,181.954,,,,,
Q6YHK3_118_H5N2,,,,,,129.518,,165.483,106.497,,,,,,
Q6YHK3_247_H9N2,,,,,,,,,,472.618,,551.292,726.299,783.768,1067.83
Q6YHK3_419_H5N4F1,,,,,,,,357.933,,,,,,,
Q6YHK3_419_H6N3F1,,,,,,,187.373,263.736,,,,,,,
Q6ZMG9_18_H6N2,,,,,,,,,,332.041,,,,,
Q7LGA3_108_H5N5F1,,,,,,,,,119.713,,,,,,
Q7LGA3_108_H5N6F1,,,,,,,,,,287.278,,,,,157.175
Q7LGA3_108_H6N4F1,,,,,,,245.069,,,,,,,,
Q7LGA3_108_H6N5F2,,,,,,,,,,58.3113,,,,190.222,426.559
Q7LGA3_127_H6N4F1,,,,,,319.83,,,,,,,,,
Q7Z4H8_61_H10N2,,,,,,,128.447,,,,,,,,
Q7Z7M0_1271_H10N2,,,,,,538.69,,,310.722,,,,,,
Q7Z7M0_1271_H4N4F2A1,,,,,,,,,,1380.07,,,,,
Q7Z7M0_421_H10N2,,,,,,241.738,854.501,630.947,,674.427,,,,,
Q7Z7M0_421_H8N2,,,,,,,318.362,,280.425,,,,,,
Q86WC4_93_H6N3,,,,,,914.722,342.096,,685.97,264.819,,,,,
Q86YB8_140/145_H10N2,,,,,,89.8903,,,57.8068,,,,,,
Q86YB8_140/145_H4N3F3,,,,,,,,,,207.911,,,,,
Q86YB8_140/145_H6N2,,,,,,178.848,379.767,122.787,,,,,,,
Q86YB8_140/145_H7N2,,,,,,,,,42.8415,,,,,,
Q86YB8_140/145_H8N2,,,,,,214.351,,517.241,550.184,601.354,,,,,
Q86YB8_140/145_H9N2,,,,,,,,,189.418,,,,,,
Q8IWU5_132_H5N2,,,,,,192.696,129.584,97.375,284.899,,,,,,
Q8IWU5_149_H10N2,,,,,,,92.3648,,271.944,,,,,,
Q8IWU5_149_H4N4F2A1,,,,,,,,,,161.89,,,,,
Q8IWU5_149_H5N2,,,,,,53.0791,,,,,,,,,
Q8IWU5_171_H10N2,,,,,,95.0447,195.534,124.136,,135.077,72.0085,,,,
Q8IWU5_171_H5N2,,,,,,382.474,,,168.825,,,,,,
Q8IWU5_171_H6N2,,,,,,237.171,,191.74,,,,,,,
Q8IWU5_171_H6N3,,,,,,97.773,399.181,396.982,422.047,,,,,,
Q8IWU5_171_H7N2,,,,,,,,69.8598,71.7661,,,,,,
Q8IWU5_171_H8N2,,,,,,62.0048,110.272,,,,113.09,,125.038,,
Q8IWU5_241_H3N6,,,,,,,100.989,,,,,,,,
Q8IWU5_241_H4N5F1,,,,,,,54.0402,,,,,,,,
Q8IWU5_241_H8N2,,,,,,149.676,,,71.3374,,,,,,
Q8IWU5_241_H9N2,,,,,,,,,,113.636,,,,,
Q8N2E6_149_H4N6,,,,,,,,,192.435,,,,,,
Q8N5B7_26_H6N2,,,,,,304.91,205.589,316.72,176.939,,,,,,
Q8N5B7_26_H6N5F3A1,,,,,,288.061,,,,,,,,,
Q8N766_913_H4N6F2,,,,,,,77.0151,,,,,,,,
Q8N766_913_H6N2,,,,,,,,,72.8831,,,,,,
Q8N9V7_537_H5N3A1,,,,,,332.161,,,,,,,,,
Q8NBJ5_96_H10N2,,,,,,,,,,136.769,,,,,
Q8NBJ5_96_H3N6,,,,,,,,,97.3126,,,126.134,,,
Q8NBN3_62_H10N2,,,,,,117.347,,,,107.063,50.0027,,,,
Q8NHP8_465_H5N6F1A3,,,,,,,,31.1703,,,,,,,
Q8NHP8_465_H7N2,,,,,,338.689,,398.781,293.613,,,,,,
Q8TB96_482_H9N2,,,,,,,260.515,319.616,,211.512,,,,,
Q8TCJ2_616_H4N6,,,,,,,65.4222,,,,,,,,
Q8TCT8_149/155_H6N7,,,,,,55.0967,,,,,,,,,
Q8TCT8_149/155_H8N2,,,,,,,,167.5,,,,,,,
Q8TEM1_337_H3N6,,,,,,,,,454.721,,,,,,
Q8TEM1_681_H3N6,,,,,,,141.847,,,,,,,,
Q92542_435_H3N6,,,,,,,,82.1674,,,,,,,
Q92542_530_H3N4F3,,,,,,187.258,,,,,,,,,
Q92542_530_H3N6,,,,,,,,,,392.916,,,200.786,,
Q92542_530_H7N6A2,,,,,,885.421,,,,,,,,,
Q92791_79_H5N6,,,,,,,100.296,,,,,,,,
Q92820_203_H5N2F1,,,,,,54.7341,,,,,,,,,
Q92820_203_H5N5F3,,,,,,,737.575,,,,,,,,
Q92820_203_H9N4,,,,,,,394.144,,,,,,,,
Q92820_307_H5N4F3,,,,,,,,,,193.478,,,,,
Q92820_307_H5N6,,,,,,238.555,,,,,,,,,
Q92823_223_H5N2,,,,,,,600.199,,388.88,125.398,,287.646,487.759,102.993,
Q92823_223_H7N2,,,,,,,,158.664,,,,,,,
Q92823_507_H10N2,,,,,,,467.398,348.406,451.93,,,,,,
Q92823_507_H4N6,,,,,,,,85.0394,153.872,,,,,,
Q92823_507_H5N6,,,,,,,,,392.622,,,,,,
Q92823_507_H8N2,,,,,,347.591,600.692,367.785,423.396,,838.236,1237.78,232.666,833.619,408.581
Q92823_507_H9N2,,,,,,1322.55,323.236,780.293,,,1170.66,967.385,,286.726,674.408
Q92896_165_H10N2,,,,,,70.2917,,,,,,,,,58.2148
Q92896_165_H6N3A1,,,,,,,111.038,,,,,,,,
Q92896_210_H5N4F2,,,,,,291.403,100.643,142.843,136.054,301.745,140.716,,102.754,158.163,
Q92896_581_H4N4F2,,,,,,192.974,,,,,,,,,
Q92896_581_H5N6,,,,,,,,,212.821,,,,,,
Q96AE7_634_H8N2,,,,,,,,,311.494,,30.0251,,359.719,,205.699
Q96AE7_634_H9N2,,,,,,308.039,146.736,226.594,,,199.045,,307.638,167.457,
Q96AY3_182_H10N2,,,,,,,138.972,107.455,238.014,254.769,,,,,
Q96AY3_182_H6N2,,,,,,,,,,138.8,,,333.037,,
Q96AY3_70_H3N6F1,,,,,,308.893,342.636,531.458,642.812,,,,,,
Q96HD1_205_H8N2,,,,,,157.006,361.154,273.391,107.524,,,,,,
Q96JA1_74_H8N2,,,,,,39.2388,,45.8756,,,,,,,
Q96JA1_74_H9N2,,,,,,,,,30.4052,,,,,,
Q96KA5_229_H4N3F3,,,,,,,,,,239.422,,,,,
Q96KA5_229_H7N2,,,,,,,,,331.834,414.498,,,,,
Q96KA5_91_H9N2,,,,,,,,,,285.544,,101.681,,,222.306
Q96RQ1_212_H6N3A1,,,,,,,579.812,,924.263,,962.324,,,,773.557
Q96RQ1_212_H6N3F1A1,,,,,,,,372.263,422.123,,,,,,
Q96RQ1_212_H6N3F3,,,,,,,,252.877,367.191,,,,,,
Q96S16_209_H10N2,,,,,,,,,97.9327,,,,,,
Q99538_167_H5N2,,,,,,,,,453.84,,,640.878,,389.394,
Q99538_167_H5N6,,,,,,122.519,,,,,,,,,
Q9BTY2_377_H4N2,,,,,,,,245.873,,,,,,,
Q9BTY2_377_H5N6,,,,,,,,88.3902,,,,,,,
Q9BU23_616_H4N6,,,,,,,,,,307.04,,,,,
Q9BVK6_125_H12N2,,,,,,96.2886,,,,,,,,,
Q9BVK6_125_H3N7F1,,,,,,,61.6229,,,,,,,,
Q9BVK6_125_H5N4F1A2,,,,,,,,171.759,,,,,,,
Q9BVK6_125_H6N3F1,,,,,,,193.43,,,,,,,,
Q9BX67_192_H5N2,,,,,,1057.59,1106.87,803.916,1662.26,,,,,,
Q9BX67_192_H5N6F2,,,,,,642.263,,,,,,,,,
Q9BX67_192_H6N3F1,,,,,,,316.401,,,,,,,,
Q9BX67_192_H6N3F1A1,,,,,,135.316,,,,,,,,,
Q9BX67_192_H6N3F3,,,,,,134.391,,,,910.754,,,,,
Q9BY67_101_H7N6F1A1,,,,,,,,,147.746,,,,,,
Q9BY67_101_H7N6F1A2,,,,,,160.086,549.099,232.518,146.193,,,,,,
Q9BY67_101_H7N6F3,,,,,,152.516,182.964,,,,,,,,
Q9BY67_101_H7N6F5,,,,,,,,,,205.371,,,,,
Q9BY67_113_H10N2,,,,,,93.3743,,92.167,,,,118.367,,,
Q9BY67_113_H6N7F1,,,,,,,47.7606,,,,,,,,
Q9BY67_113_H9N2,,,,,,,,74.6946,,,,207.292,,,
Q9C0A6_419_H4N6A2,,,,,,117.225,,,267.995,,,,,,
Q9C0A6_419_H6N5F3,,,,,,157.648,,,91.3981,,,,,,
Q9C0A6_419_H6N7,,,,,,,,,128.173,,68.6772,,,,
Q9C0A6_419_H7N6F1,,,,,,75.087,146.834,83.7427,,,,,,,
Q9C0H2_144_H4N5F1,,,,,,466.989,338.2,,474.357,,132.537,127.163,,,
Q9C0H2_144_H5N4F1A2,,,,,,,175.112,,,,,,,269.174,
Q9C0H2_144_H5N5F1,,,,,,512.864,167.762,752.789,502.643,249.628,189.955,,,83.3824,192.538
Q9C0H2_351_H4N3F1A1,,,,,,307.223,,,,,,210.92,,,
Q9C0H2_351_H4N3F3,,,,,,328.693,,,,,895.623,430.5,559.241,742.513,
Q9C0H2_351_H5N3F3,,,,,,,,,279.7,365.223,,,,,
Q9C0H2_351_H5N4F1A2,,,,,,,,,,172.131,,,,,
Q9C0H2_351_H7N6,,,,,,,,,,680.277,,,,,
Q9H0V9_181_H6N2,,,,,,,131.726,,,,604.294,,,379.668,
Q9H0V9_181_H7N2F1,,,,,,,115.163,,,,,,,,
Q9H0X4_389_H10N2,,,,,,,47.9373,57.5451,52.8006,,,,,99.6009,
Q9H0X4_389_H5N6,,,,,,133.475,,88.353,,,,,,,
Q9H3G5_307_H5N2,,,,,,,,243.285,,242.91,,,,,
Q9H3G5_346_H5N3,,,,,,625.965,,458.868,,,,,439.292,,
Q9H3G5_346_H6N2F1,,,,,,214.518,198.323,287.906,,,85.6104,,,,
Q9H3G5_346_H7N2,,,,,,,,281.855,,,,,,,
Q9H3G5_346_H9N2,,,,,,157.994,,,,,,,,,
Q9H5V8_39_H10N2,,,,,,136.592,,,,,,,,,
Q9HC56_450_H5N3F1A1,,,,,,,,54.7329,,,,,,,
Q9HC56_450_H5N3F3,,,,,,91.3124,,66.0352,96.9583,,,,,,
Q9HC56_450_H5N4F1,,,,,,,,96.8737,,,,,,,
Q9HC56_450_H6N3F1,,,,,,146.71,,129.619,218.07,,,,,,
Q9HCB6_214_H5N2,,,,,,,,,228.467,,,,,,
Q9HD45_174_H4N6F1,,,,,,200.598,,,,491.441,,240.629,570.321,,701.852
Q9HD45_174_H5N4A1,,,,,,113.594,,,,,,139.901,,,
Q9HD45_174_H5N4F4,,,,,,,,,,351.583,,,,,
Q9HD45_174_H6N3F3,,,,,,,124.984,,,,39.8814,48.4657,,,
Q9HDC9_160_H3N3F3,,,,,,,,,,191.943,,,,,
Q9NRB3_280_H5N6,,,,,,77.693,,,,,,,,,
Q9NS15_349/357_H4N6,,,,,,,,131.008,,,,,,,
Q9NS15_349/357_H9N2,,,,,,72.7746,125.551,115.013,174.959,339.427,69.7331,,,,250.313
Q9NV96_294_H3N6,,,,,,71.3116,119.02,,,,,,,,
Q9NV96_294_H4N6,,,,,,,,,,395.474,,,,,
Q9NV96_294_H5N3F2,,,,,,,,,,399.624,,,,,
Q9NV96_294_H5N4,,,,,,281.976,254.098,,582.886,,,,,,
Q9NV96_294_H6N2,,,,,,76.5039,,,,,,,,,
Q9NV96_294_H6N3A1,,,,,,217.349,156.03,,,,,,,,
Q9NV96_294_H6N3F2,,,,,,,176.956,,,,,,,,
Q9NV96_294_H6N4,,,,,,83.6761,,,,,,,,,
Q9NV96_294_H9N2,,,,,,,,305.39,,,,,,,
Q9NY97_89/94_H10N2,,,,,,,227.769,98.9371,,105.14,,,,,
Q9NYU2_269_H5N2F1,,,,,,,,,,158.884,,,,,
Q9NYU2_269_H7N2,,,,,,188.014,,,,,,106.052,,,
Q9NZ08_414_H3N4F1,,,,,,174.654,,,,,,,,,
Q9NZ08_414_H5N2F1,,,,,,394.683,,,,408.671,,,251.118,,186.401
Q9NZ08_414_H5N4,,,,,,236.882,100.182,,,,,,,,
Q9P2B2_286_H4N5F1,,,,,,,1338.91,929.357,780.531,,,,,,
Q9P2B2_286_H5N3F1A1,,,,,,100.891,,,,,,,,,
Q9P2B2_286_H5N4F1,,,,,,,289.56,159.815,70.9169,,,,,,
Q9P2B2_286_H5N4F1A2,,,,,,,,,,119.863,,,,,117.173
Q9P2B2_286_H5N4F3,,,,,,,547.632,,,,,,,,623.007
Q9P2B2_286_H5N5F1,,,,,,,,625.564,603.315,,,,,,475.388
Q9P2B2_286_H6N5F7,,,,,,,,177.485,,,,,,,
Q9P2B2_286_H6N6F1,,,,,,,,127.74,123.319,,,,,,
Q9P2B2_286_H6N6F1A1,,,,,,,,,90.0314,,,,,,
Q9P2B2_300_H3N5F1,,,,,,,,403.818,319.974,,,,,,
Q9P2B2_300_H5N2,,,,,,550.719,614.337,1216.4,1028.22,186.377,,,,,
Q9P2B2_300_H5N3,,,,,,,,241.211,,,,,,,
Q9P2B2_300_H5N3F1,,,,,,209.347,34.2447,,60.7443,,,,,,
Q9P2B2_300_H6N3,,,,,,64.2694,270.952,586.642,,,,,,,
Q9P2B2_383_H3N5F1,,,,,,,,,217.626,,,,,,
Q9P2B2_383_H4N5F1,,,,,,,439.767,579.047,934.643,,,,,,
Q9P2B2_383_H5N4F1,,,,,,,474.553,455.044,,,,,,,
Q9UBV2_431_H10N2,,,,,,,,,,243.757,,,,,178.526
Q9UBV2_431_H3N4A2,,,,,,,,,280.63,,,,,,
Q9UBV2_431_H4N6,,,,,,,,,102.253,162.184,,,,,
Q9UH99_636_H4N3F3,,,,,,,186.925,,,543.447,,,,,
Q9UH99_636_H5N2,,,,,,,,,221.865,,,,,,
Q9UHG3_353_H4N6,,,,,,,,,655.67,,,,,,
Q9UIQ6_834_H4N6,,,,,,,167.87,,,,,,,,
Q9UIQ6_834_H5N3F1,,,,,,,127.458,201.112,388.248,,,,,,
Q9UIQ6_834_H5N3F1A1,,,,,,,143.148,,,186.131,,,,,
Q9UIQ6_834_H5N3F3,,,,,,131.042,135.538,160.281,392.909,,,,,,
Q9UIQ6_834_H5N4F1,,,,,,110.727,,,115.428,,,,,,
Q9UIQ6_834_H6N3F1A1,,,,,,,173.004,,,,,,,,
Q9UIQ6_834_H6N3F3,,,,,,147.867,,100.545,171.29,,,,,,
Q9UIQ6_834_H9N2,,,,,,,,107.717,,210.412,,,,,
Q9UJ14_523_H3N6,,,,,,47.2664,,,,,,,,,
Q9UJJ9_88_H4N6,,,,,,,277.725,,,,57.9935,,,,
Q9UJJ9_88_H9N2,,,,,,,286.03,367.935,214.075,,,69.3183,,617.534,
Q9Y2C2_84_H4N6,,,,,,,,71.3118,,,,,,,
Q9Y4L1_515_H10N2,,,,,,216.127,40.0077,,,,,,,,
Q9Y4L1_515_H3N3F3,,,,,,,,209.281,,515.402,,,,,
Q9Y4L1_515_H3N6,,,,,,,,55.7759,,,,,,,
Q9Y4L1_515_H4N2,,,,,,175.688,114.956,221.078,80.7046,,,,,,
Q9Y4L1_515_H4N6,,,,,,,,35.2733,,,,,,,
Q9Y4L1_515_H5N2,,,,,,268.411,349.67,404.512,97.9922,,,,,,
Q9Y4L1_515_H5N4F5,,,,,,,,108.581,,,,,,,
Q9Y4L1_515_H6N3A1,,,,,,,,221.001,,,,,,,
Q9Y4L1_515_H6N3F2,,,,,,,218.508,,,,,,,,
Q9Y4L1_515_H7N6,,,,,,76.2279,,,,,,,,,
Q9Y4L1_596_H3N3F1,,,,,,,,,,205.584,,,,,
Q9Y4L1_596_H3N3F3,,,,,,100.204,,121.902,48.595,114.377,,,,,
Q9Y4L1_596_H3N4A2,,,,,,,,,,233.35,,,,,
Q9Y4L1_596_H7N2,,,,,,,436.259,,152.426,561.963,,,,,
Q9Y4L1_869_H4N2,,,,,,,357.479,439.127,193.814,,,,,,
Q9Y4L1_931_H3N4,,,,,,,,,211.946,,,,,,
Q9Y4L1_931_H3N4A2,,,,,,,,,,79.7431,,,,,
Q9Y4L1_931_H3N5F1,,,,,,,,204.683,,366.886,,,,,
Q9Y4L1_931_H3N6F1,,,,,,,88.504,,,,,,,,
Q9Y4L1_931_H4N3F1,,,,,,113.341,,,,,,,,,
Q9Y4L1_931_H4N3F3,,,,,,143.938,397.498,,,,,,,,
Q9Y4L1_931_H5N2F1,,,,,,,172.028,,,,,,,,
Q9Y4L1_931_H7N4F1,,,,,,,,306.895,174.573,,,,,,
Q9Y639_171_H5N3F3,,,,,,103.308,,,85.6947,,,,,,
Q9Y639_197_H5N3F1A1,,,,,,78.6052,,357.335,,,,,,,
Q9Y639_197_H6N3F1A1,,,,,,352.742,812.842,614.75,,,,,,,
Q9Y639_229_H6N3,,,,,,103.392,,,,,,,,,
Q9Y639_229_H6N5F3A1,,,,,,,,,,132.511,,,,,
Q9Y639_229_H6N5F7,,,,,,71.3831,,,,,,,,,
Q9Y639_229_H7N6F2,,,,,,61.9892,,,,,,,,,
Q9Y639_229_H7N6F5,,,,,,,,120.589,,,,,,,
Q9Y639_229_H8N7,,,,,,,,128.316,,,,,,,
Q9Y639_229_H8N7A1,,,,,,61.7335,,,,,,,,,
A2RU67_237_H5N5,,,,,,,,,,,86.2332,,,,
A2RU67_237_H6N3,,,,,,,,,,,105.723,67.7726,,,
A2RU67_237_H6N3A1,,,,,,,,,,,,59.6084,547.913,595.136,
A2RU67_237_H6N3F2,,,,,,,,,,,,55.6559,,,
A2RU67_237_H9N2,,,,,,,,,,,,59.5717,119.431,,
A2RU67_396_H4N4A2,,,,,,,,,,,,,,,164.398
A2RU67_396_H9N2,,,,,,,,,,,,157.053,,143.367,
O00115_212_H4N2,,,,,,,,,,,598.399,,,,
O00469_209_H7N6F1A3,,,,,,,,,,,,148.102,,,
O00754_367_H6N5F7,,,,,,,,,,,,,219.021,,
O00754_367_H8N5F1,,,,,,,,,,,159.252,,,,
O00754_766_H4N3F3,,,,,,,,,,,,,,121.598,525.819
O00754_930_H6N2,,,,,,,,,,,576.455,307.141,,258.56,
O14656_158_H9N2,,,,,,,,,,,,751.337,,8932.86,4001.42
O14672_439_H5N2,,,,,,,,,,,102.607,,121.56,132.152,
O15031_1002_H3N2F1,,,,,,,,,,,369.099,,,,
O15031_1068_H5N4F1A1,,,,,,,,,,,,,,,544.134
O15031_1068_H6N4F2,,,,,,,,,,,,,,,318.71
O15031_127_H4N5F2,,,,,,,,,,,90.207,,,,
O15031_528_H5N5A1,,,,,,,,,,,,134.799,,,
O15031_528_H5N5F2,,,,,,,,,,,,,634.908,218.767,
O15031_528_H6N5F1,,,,,,,,,,,106.304,,,,
O15031_733_H5N5F1A1,,,,,,,,,,,,,339.382,,
O15031_733_H7N6,,,,,,,,,,,,,,,204.089
O15230_1330_H9N2,,,,,,,,,,,295.002,,70.2428,55.3904,
O43405_221_H10N2,,,,,,,,,,,,,,399.31,
O43405_221_H4N4F2,,,,,,,,,,,,101.699,,,
O43405_221_H5N4F1,,,,,,,,,,,,,,,96.7289
O43657_134_H3N5F1,,,,,,,,,,,,483.54,,,
O43852_131_H3N2F1,,,,,,,,,,,478.166,,,,
O43852_131_H4N4,,,,,,,,,,,,,562.232,,
O60637_127_H10N2,,,,,,,,,,,,,,438.492,
O60637_127_H3N4A2,,,,,,,,,,,,,,,56.9534
O60637_127_H6N5A1,,,,,,,,,,,232.327,,,121.936,451.518
O60637_127_H6N5A2,,,,,,,,,,,,104.159,,,
O60637_127_H6N5F1A3,,,,,,,,,,,72.5656,,154.715,,130.564
O60637_127_H6N5F3A1,,,,,,,,,,,,,,,413.383
O60637_127_H6N6F1,,,,,,,,,,,,,,,171.579
O60637_127_H6N6F1A1,,,,,,,,,,,81.0476,,,,
O60637_127_H8N2,,,,,,,,,,,,,,,83.7164
O60637_127_H9N2,,,,,,,,,,,,,107.771,216.078,
O60637_167_H3N3,,,,,,,,,,,,,,564.746,
O60637_167_H3N4A1,,,,,,,,,,,,,,750.72,
O60637_167_H3N4A2,,,,,,,,,,,,,157.792,,
O60637_167_H3N6,,,,,,,,,,,,211.421,,,
O60637_167_H3N6F2A1,,,,,,,,,,,732.48,,,,
O60637_167_H3N8,,,,,,,,,,,,,,,231.728
O60637_167_H4N5A1,,,,,,,,,,,184.99,,,,
O60637_167_H4N5F1,,,,,,,,,,,,,,,777.783
O60637_167_H4N6A2,,,,,,,,,,,,169.639,,,
O60637_167_H6N4A1,,,,,,,,,,,,235.638,,,310.719
O60637_167_H6N4F2,,,,,,,,,,,,,,,228.272
O60637_167_H6N6F1,,,,,,,,,,,52.5289,290.788,,,
O60637_167_H7N2,,,,,,,,,,,165.02,,,,
O60637_167_H7N6F3,,,,,,,,,,,,121.101,,,
O60637_167_H9N2,,,,,,,,,,,115.497,,,,
O60911_221_H10N2,,,,,,,,,,,,,85.789,,
O60911_221_H5N6,,,,,,,,,,,100.868,,,112.857,
O60911_221_H9N2,,,,,,,,,,,65.0187,,,,
O75054_101_H5N4F3,,,,,,,,,,,,,,88.5734,
O75054_101_H5N5F1,,,,,,,,,,,,516.218,,,
O75054_101_H9N2,,,,,,,,,,,188.532,,,141.527,
O75462_292_H8N2,,,,,,,,,,,,,302.687,277.874,
O75462_292_H9N2,,,,,,,,,,,,,,122.101,143.648
O75477_108_H7N6A3,,,,,,,,,,,,40.243,,,
O75626_270_H6N2,,,,,,,,,,,,94.9692,672.116,677.548,
O75629_160_H7N6F2,,,,,,,,,,,96.281,,,,
O75718_87_H3N2,,,,,,,,,,,,215.656,,,
O75976_172_H5N4F1A2,,,,,,,,,,,,333.549,,,
O75976_172_H5N5F1A2,,,,,,,,,,,,374.861,,,
O75976_172_H7N7,,,,,,,,,,,,359.98,,,
O75976_626_H4N4F1,,,,,,,,,,,295.78,56.6053,,,515.879
O75976_626_H5N4F1,,,,,,,,,,,,262.154,,,
O75976_811_H3N6,,,,,,,,,,,,,338.667,,
O75976_811_H3N6F1,,,,,,,,,,,,193.261,,150.202,
O75976_811_H5N3,,,,,,,,,,,281.142,145.121,,,
O75976_811_H5N4F2,,,,,,,,,,,,,,,390.46
O75976_811_H6N3,,,,,,,,,,,562.052,,679.802,628.644,
O75976_811_H6N4,,,,,,,,,,,292.912,,,,
O75976_955_H5N2,,,,,,,,,,,1685.03,,520.281,625.575,
O75976_955_H6N2,,,,,,,,,,,1328.16,355.614,352.89,173.997,1598.79
O75976_978_H5N5F1A1,,,,,,,,,,,,,,335.909,
O75976_978_H8N2,,,,,,,,,,,74.4228,,,,
O76082_64_H10N2,,,,,,,,,,,,307.252,279.982,179.2,
O94813_1300_H10N2,,,,,,,,,,,95.489,,192.183,,
O94813_1300_H3N6F1A1,,,,,,,,,,,,120.828,,,
O94813_1300_H4N4F2,,,,,,,,,,,43.85,,,,
O94813_1300_H4N5F2A1,,,,,,,,,,,89.4129,93.182,,,
O94813_1300_H5N4F3,,,,,,,,,,,,99.2229,,,
O94813_1300_H5N5F2,,,,,,,,,,,,85.4479,156.582,,
O94813_1300_H6N2,,,,,,,,,,,105.797,,,218.092,
O94813_1300_H6N4F2,,,,,,,,,,,,77.5273,,,
O94813_623_H7N2,,,,,,,,,,,,,,,222.124
O95084_207_H5N5F1,,,,,,,,,,,,212.357,,,
O95158_72_H4N6,,,,,,,,,,,,,,,263.727
O95158_72_H7N2,,,,,,,,,,,298.302,200.116,138.422,,
O95158_72_H8N2,,,,,,,,,,,610.933,,283.108,516.103,
O95158_72_H9N2,,,,,,,,,,,,,,,304.397
O95302_174_H4N5,,,,,,,,,,,,,283.602,,
O95302_397_H3N6,,,,,,,,,,,,,318.656,119.015,
O95302_397_H7N2F1,,,,,,,,,,,268.243,,,,
O95490_813_H4N5F3,,,,,,,,,,,,,1184.91,,
P00533_352_H5N2,,,,,,,,,,,,,,411.56,
P01023_869_H3N2F1,,,,,,,,,,,,,,,625.602
P01023_869_H4N2F1,,,,,,,,,,,258.343,,133.847,,508.508
P01023_869_H5N2F1,,,,,,,,,,,,,,,598.156
P01023_869_H5N3F1,,,,,,,,,,,,,,,538.633
P01023_869_H6N2F1,,,,,,,,,,,,,,,817.854
P01033_53_H3N5F2,,,,,,,,,,,,,,,190.415
P01861_177_H9N2F1,,,,,,,,,,,,,210.349,,
P02790_187_H5N4A2,,,,,,,,,,,,,,,539.028
P02790_187_H6N4F1A1,,,,,,,,,,,,,631.358,,
P04004_169_H3N6F1,,,,,,,,,,,,,1097.99,,
P04066_268_H4N3F3,,,,,,,,,,,,,,,119.886
P04844_106_H3N6,,,,,,,,,,,134.66,,,,
P05556_212_H6N5,,,,,,,,,,,,,,,110.52
P05556_212_H6N6F1,,,,,,,,,,,144.577,,115.172,,239.891
P05556_212_H7N6,,,,,,,,,,,,,,,97.5159
P05556_481_H6N5F2,,,,,,,,,,,,,,,126.463
P05556_50_H3N4F3,,,,,,,,,,,,135.474,,,
P05556_50_H4N4F3,,,,,,,,,,,,,,,657.178
P05556_520_H3N4A2,,,,,,,,,,,,,,,61.0188
P06213_242_H6N2,,,,,,,,,,,1008.44,472.568,,1301.09,477.092
P06213_445_H5N5F1,,,,,,,,,,,,,176.13,,409.439
P06213_445_H6N5F3,,,,,,,,,,,,,172.612,,
P06213_445_H6N6F1,,,,,,,,,,,,,91.4841,,
P06213_445_H7N6F3,,,,,,,,,,,,,210.644,,
P06213_920_H6N3,,,,,,,,,,,,,,69.5956,
P06213_920_H6N3A1,,,,,,,,,,,,,,411.467,
P06280_139_H4N3F1A1,,,,,,,,,,,,277.229,362.146,,
P06280_139_H8N2,,,,,,,,,,,,,,,128.1
P06756_554_H5N5F1,,,,,,,,,,,,,401.297,531.467,
P06756_615_H3N6,,,,,,,,,,,,,304.684,,
P06756_615_H8N2,,,,,,,,,,,385.324,,208.736,,
P06756_74_H4N4F1,,,,,,,,,,,198.7,,,,
P06756_74_H4N5F1,,,,,,,,,,,,144.131,206.212,207.534,
P06756_74_H5N5F1,,,,,,,,,,,62.5158,,112.945,,
P06756_945_H5N3F3,,,,,,,,,,,,200.155,,,
P06756_945_H6N3A1,,,,,,,,,,,,,184.071,,
P06756_945_H6N3F2,,,,,,,,,,,,,117.459,,141.518
P07602_101_H4N4A1,,,,,,,,,,,224.945,511,157.845,803.763,
P07602_101_H4N5F1A2,,,,,,,,,,,,,312.291,,205.17
P07602_101_H5N4F2,,,,,,,,,,,219.239,,,,
P07602_101_H5N6,,,,,,,,,,,,111.212,136.572,,208.107
P07602_101_H5N6F1A1,,,,,,,,,,,91.6586,,,,
P07602_101_H6N5F2,,,,,,,,,,,,157.631,,,
P07602_101_H6N6F1A1,,,,,,,,,,,138.963,140.507,99.5857,,
P07602_101_H6N7,,,,,,,,,,,,,88,,
P07602_215_H4N3F1A1,,,,,,,,,,,,,,,652.773
P07602_215_H4N3F2,,,,,,,,,,,,,,,490.873
P07602_215_H5N5F1A1,,,,,,,,,,,,,,,495.861
P07602_215_H6N5F2,,,,,,,,,,,,,,90.8151,
P07602_215_H9N2,,,,,,,,,,,541.785,,69.5699,,
P07602_332_H8N2,,,,,,,,,,,,,,,321.092
P07602_332_H8N7F1,,,,,,,,,,,,,,247.856,
P07602_80_H4N3F1A1,,,,,,,,,,,,,,,969.487
P07602_80_H4N5F2,,,,,,,,,,,,,101.219,,
P07686_327_H3N4A2,,,,,,,,,,,,,,,79.3624
P07686_327_H4N3F3,,,,,,,,,,,,,,,117.853
P07686_327_H4N4F2A1,,,,,,,,,,,,,,,55.3096
P07686_327_H8N2,,,,,,,,,,,,,,,105.591
P07942_677_H5N4F1A1,,,,,,,,,,,87.7653,,,,
P08236_272_H6N2,,,,,,,,,,,,,,,53.5654
P08648_868_H5N5,,,,,,,,,,,,,,,123.177
P08648_868_H5N5F1,,,,,,,,,,,,126.318,156.245,,349.672
P08648_868_H5N5F1A1,,,,,,,,,,,339.663,165.523,,311.471,93.5367
P08648_868_H5N5F3,,,,,,,,,,,,64.1711,,,
P08648_868_H6N5A1,,,,,,,,,,,,81.0654,,,
P08648_868_H6N5F2,,,,,,,,,,,,46.8318,,,
P08962_130_H10N9F1A2,,,,,,,,,,,161.975,,,531.176,
P08962_130_H10N9F3,,,,,,,,,,,,,190.954,,
P08962_130_H10N9F3A2,,,,,,,,,,,192.031,,,,
P08962_130_H11N6F1,,,,,,,,,,,,273.524,,,
P08962_130_H4N3F1A1,,,,,,,,,,,308.619,200.729,,,
P08962_130_H4N3F3,,,,,,,,,,,,188.839,,,
P08962_130_H5N5F1A1,,,,,,,,,,,494.463,93.0099,523.522,436.292,
P08962_130_H5N5F3,,,,,,,,,,,,237.569,215.646,,
P08962_130_H6N4A1,,,,,,,,,,,,,,,163.732
P08962_130_H6N5A2,,,,,,,,,,,,,,,144.966
P08962_130_H6N6A2,,,,,,,,,,,101.973,,,,
P08962_130_H6N6F1,,,,,,,,,,,375.985,,214.204,,656.338
P08962_130_H6N6F1A2,,,,,,,,,,,656.3,635.054,335.745,638.519,
P08962_130_H6N6F4,,,,,,,,,,,137.998,,,,
P08962_130_H7N6A2,,,,,,,,,,,140.812,198.641,154.687,186.976,
P08962_130_H7N6F1A1,,,,,,,,,,,343.016,,59.3796,,
P08962_130_H7N6F1A3,,,,,,,,,,,258.98,155.728,375.041,,351.046
P08962_130_H7N6F2A4,,,,,,,,,,,,,316.941,,
P08962_130_H7N7F1A2,,,,,,,,,,,209.906,,92.7686,109.8,
P08962_130_H8N5F4,,,,,,,,,,,,,,149.158,
P08962_130_H8N7F1,,,,,,,,,,,178.463,,,250.883,248.51
P08962_130_H8N7F3A2,,,,,,,,,,,,59.5447,,,
P08962_130_H9N8A1,,,,,,,,,,,,,,,148.684
P08962_130_H9N8F3,,,,,,,,,,,,,,,433.33
P08962_130_H9N8F3A1,,,,,,,,,,,,443.511,150.226,190.798,151.418
P08962_150_H5N4F1,,,,,,,,,,,,,159.593,,
P08962_150_H7N6F1,,,,,,,,,,,,,,135.344,
P10253_140_H4N2,,,,,,,,,,,,385.351,,,
P10253_140_H5N2,,,,,,,,,,,629.718,305.879,,468.232,
P10316_110_H3N6F3,,,,,,,,,,,,,,146.847,82.6137
P10316_110_H4N5F1A2,,,,,,,,,,,,57.172,46.5175,45.3341,
P10316_110_H4N6F2,,,,,,,,,,,,,117.608,,
P10316_110_H5N6,,,,,,,,,,,,296.77,,,
P10316_110_H6N5F2,,,,,,,,,,,,,,,93.3339
P10316_110_H8N2,,,,,,,,,,,197.337,,,248.67,
P10619_333_H5N4,,,,,,,,,,,,,122.278,,
P10909_86_H8N2,,,,,,,,,,,,,,,122.232
P11047_1241_H4N5F1,,,,,,,,,,,,136.862,,,
P11047_1241_H5N4F1A1,,,,,,,,,,,,,213.811,,
P11279_103_H3N6,,,,,,,,,,,,,,334.989,
P11279_103_H5N8F1,,,,,,,,,,,,,,331.55,
P11279_103_H6N4,,,,,,,,,,,1847.99,1381.99,349.438,1642.73,600.946
P11279_103_H7N3F1,,,,,,,,,,,78.1279,,,,
P11279_103_H7N4,,,,,,,,,,,576.728,,,,
P11279_121/130_H9N4,,,,,,,,,,,,,,,721.463
P11279_249_H5N5F1,,,,,,,,,,,,,512.935,,
P11279_249_H5N5F1A1,,,,,,,,,,,,,,445.969,
P11279_261_H12N2,,,,,,,,,,,175.383,,,183.285,
P11279_261_H4N6,,,,,,,,,,,,,,,62.0452
P11279_261_H5N4F1A2,,,,,,,,,,,,,,,492.152
P11279_261_H5N4F3,,,,,,,,,,,126.141,,69.3692,,
P11279_261_H6N3F2,,,,,,,,,,,,,184.854,,
P11279_261_H6N4,,,,,,,,,,,,,,,238.677
P11279_261_H6N4F1A1,,,,,,,,,,,218.055,,338.078,328.556,788.528
P11279_261_H6N5A2,,,,,,,,,,,,,,,193.276
P11279_261_H6N5F1A2,,,,,,,,,,,209.633,,,107.601,
P11279_261_H6N5F3,,,,,,,,,,,,146.437,,,
P11279_261_H7N2F1,,,,,,,,,,,110.022,,,,
P11279_261_H7N6F3,,,,,,,,,,,,230.558,,,611.008
P11279_261_H9N7,,,,,,,,,,,,,,,153.764
P11279_84_H4N6,,,,,,,,,,,,,,169.563,
P11279_84_H7N7,,,,,,,,,,,407.67,,,,
P11717_1656_H5N3F1A1,,,,,,,,,,,420.939,437.47,,,
P11717_1656_H6N3F2,,,,,,,,,,,,,342.134,,
P11717_1757_H5N4F2,,,,,,,,,,,,851.502,,201.961,
P11717_1757_H7N3F1,,,,,,,,,,,289.954,,,246.596,
P11717_435_H3N6,,,,,,,,,,,47.751,,,,
P11717_435_H5N5F1A1,,,,,,,,,,,671.035,,,401.461,
P11717_435_H5N5F3,,,,,,,,,,,328.024,,,,
P11717_435_H8N2,,,,,,,,,,,88.7441,48.7779,,,
P12109_212_H4N3F3,,,,,,,,,,,,,,152.412,366.723
P12109_212_H7N2,,,,,,,,,,,96.4377,,,,
P12821_509_H9N2,,,,,,,,,,,,599.134,574.323,392.416,
P12821_695_H5N4F1A1,,,,,,,,,,,285.805,,236.64,,
P12821_695_H8N2F1,,,,,,,,,,,,,,128.709,
P13473_257_H10N9,,,,,,,,,,,,111.231,325.299,,246.818
P13473_257_H4N3F1A1,,,,,,,,,,,83.1194,,,125.002,
P13473_257_H5N6F1A1,,,,,,,,,,,60.4653,,,,
P13473_257_H6N4A1,,,,,,,,,,,38.8733,,,,
P13473_257_H6N5F1A3,,,,,,,,,,,,,,284.833,
P13473_257_H6N5F7,,,,,,,,,,,,,,86.0251,
P13473_257_H8N7A1,,,,,,,,,,,,,,61.6114,
P13473_257_H8N7F3A2,,,,,,,,,,,265.053,608.185,427.896,,
P13473_257_H9N8A1,,,,,,,,,,,72.1431,,,,
P13473_257_H9N8F3,,,,,,,,,,,,,137.722,,
P13473_275_H12N2,,,,,,,,,,,,,,,246.34
P13473_275_H5N4A4,,,,,,,,,,,,210.883,,,
P13473_275_H6N5F7,,,,,,,,,,,,,284.89,,
P13473_275_H6N6F1A1,,,,,,,,,,,,,316.304,,
P13473_275_H7N6F1A2,,,,,,,,,,,111.482,,,169.378,
P13473_275_H7N6F4,,,,,,,,,,,285.708,,,,
P13473_275_H7N7,,,,,,,,,,,,152.85,,,
P13473_275_H7N7A2,,,,,,,,,,,142.897,,,,
P13473_356_H5N5F1,,,,,,,,,,,,,113.472,,
P13473_356_H6N3F3,,,,,,,,,,,,,57.8157,,
P13473_356_H6N4F1,,,,,,,,,,,,,179.765,,
P13473_356_H6N6F1A1,,,,,,,,,,,,,117.478,,
P13473_356_H7N4A2,,,,,,,,,,,,157.943,,,
P13473_58_H12N2,,,,,,,,,,,,,193.023,180.286,
P13473_58_H9N8A2,,,,,,,,,,,,,67.3946,,
P13674_113_H4N3F3,,,,,,,,,,,,,,,319.276
P13674_113_H4N6,,,,,,,,,,,193.951,83.9275,,,
P14314_72_H4N6,,,,,,,,,,,,115.666,,,
P14314_72_H5N2,,,,,,,,,,,1078.44,176.421,,566.372,
P15586_111/117_H9N6F5,,,,,,,,,,,,,93.2283,,
P15586_111/117_H9N8A2,,,,,,,,,,,,,634.765,,
P15586_279_H5N4,,,,,,,,,,,,82.4867,,,
P15586_279_H7N6F4A4,,,,,,,,,,,,,,,320.138
P15586_362_H3N4F3,,,,,,,,,,,,,609.688,,
P15586_362_H7N2F1,,,,,,,,,,,405.145,,,,
P15586_405_H3N4F3,,,,,,,,,,,,,,155.388,
P15586_422/449_H6N6A2,,,,,,,,,,,,,,55.0305,
P16870_139_H3N6,,,,,,,,,,,,,237.726,,
P17301_1074_H6N2,,,,,,,,,,,99.4313,70.1721,,134.323,
P17301_1074_H6N3,,,,,,,,,,,95.9028,77.4778,,,
P17301_1074_H8N7F1,,,,,,,,,,,,,,146.617,
P17301_112_H3N4A2,,,,,,,,,,,,,,,501.836
P17948_251_H5N6,,,,,,,,,,,,,,56.1978,
P19022_692_H5N3F3,,,,,,,,,,,,,255.457,,325.139
P19022_692_H5N4F3,,,,,,,,,,,,,133.004,,
P19022_692_H5N5F1,,,,,,,,,,,86.6121,207.467,83.2541,98.9825,
P19022_692_H6N4F1,,,,,,,,,,,69.3945,,,245.189,
P20645_57_H5N2,,,,,,,,,,,313.77,,,,
P20645_57_H6N3F2,,,,,,,,,,,,,629.718,,
P20645_83/94_H5N4A2,,,,,,,,,,,,,107.727,,
P20645_83/94_H5N5F1A1,,,,,,,,,,,68.1388,,,,
P20645_83/94_H5N5F1A2,,,,,,,,,,,,162.808,,,
P20645_83/94_H6N6F1A2,,,,,,,,,,,346.724,,168.023,,
P20645_83/94_H6N6F1A3,,,,,,,,,,,,242.296,,,
P20645_83/94_H7N6F1A3,,,,,,,,,,,,148.994,260.99,,
P22413_285_H4N5F2,,,,,,,,,,,,167.781,,,
P22413_285_H5N5F3,,,,,,,,,,,,,277.945,,
P22413_285_H7N4,,,,,,,,,,,,,497.316,,
P23229_323_H5N3F2,,,,,,,,,,,,768.154,,,409.047
P23229_323_H9N2,,,,,,,,,,,246.149,,,,
P28799_236_H3N6,,,,,,,,,,,,,,157.929,
P28799_236_H4N3F3,,,,,,,,,,,158.364,,,,
P28799_236_H4N5F1,,,,,,,,,,,,,,,175.049
P28799_530_H3N2F1,,,,,,,,,,,,,,178.38,
P28799_530_H3N4A1,,,,,,,,,,,493.819,,252.795,,
P28799_530_H8N2,,,,,,,,,,,239.957,,,568.46,605.883
P28799_530_H9N2,,,,,,,,,,,,,,,393.906
P30453_110_H5N6,,,,,,,,,,,,61.0725,,,
P32004_849_H6N2,,,,,,,,,,,250.941,260.501,74.0819,,
P34810_279_H10N2,,,,,,,,,,,,265.941,183.848,148.379,287.3
P34810_279_H5N6,,,,,,,,,,,161.194,,,,
P34810_279_H9N2,,,,,,,,,,,109.709,,,,
P35556_2808_H10N2,,,,,,,,,,,148.559,,,188.267,
P35613_268_H3N6F3,,,,,,,,,,,579.988,368.975,,335.202,
P35613_268_H5N7A2,,,,,,,,,,,214.451,,,,
P38571_321_H5N3F1A1,,,,,,,,,,,,,,43.7944,
P42785_47_H5N2,,,,,,,,,,,,975.267,,,
P42892_166_H5N4F1A2,,,,,,,,,,,,,,,95.0308
P43121_56_H3N6F3,,,,,,,,,,,547.709,,,,
P43251_329_H3N6,,,,,,,,,,,,,,,162.926
P43251_329_H6N2,,,,,,,,,,,,,75.6995,,
P43307_136_H5N5,,,,,,,,,,,,158.11,,,
P43308_104_H4N3F3,,,,,,,,,,,,,,,260.868
P43308_104_H4N4F3,,,,,,,,,,,,,,,268.535
P43308_88_H4N6,,,,,,,,,,,,161.558,586.083,,
P43308_88_H5N5,,,,,,,,,,,,159.075,238.841,,
P43308_88_H6N3A1,,,,,,,,,,,,,255.229,,
P43308_88_H7N2F1,,,,,,,,,,,,241.129,493.55,,
P43308_88_H8N2F1,,,,,,,,,,,,,263.381,,
P46977_544/548_H5N4A1,,,,,,,,,,,,,43.1047,,
P50454_120_H3N4A2,,,,,,,,,,,,,,,573.676
P50454_120_H5N3F2,,,,,,,,,,,,,,1345.42,1039.32
P50897_197_H3N4F1,,,,,,,,,,,,,,,304.18
P50897_197_H4N2,,,,,,,,,,,,410.123,,437.898,
P50897_197_H4N4F3,,,,,,,,,,,,,,,85.6321
P50897_197_H5N5F3,,,,,,,,,,,,89.0397,,,
P51690_258_H5N6,,,,,,,,,,,,,138.034,,
P51690_258_H9N6F1,,,,,,,,,,,91.8761,,,,
P53634_119_H5N4,,,,,,,,,,,,155.743,,,
P53634_119_H8N2,,,,,,,,,,,,,,,2057.64
P53634_53_H3N3F3,,,,,,,,,,,,159.307,,,
P53634_53_H5N4,,,,,,,,,,,,,,167.221,
P53634_53_H5N6,,,,,,,,,,,,,,,160.34
P53801_54_H10N2,,,,,,,,,,,,,136.944,,
P53801_54_H4N4F2A1,,,,,,,,,,,,,,,101.524
P53801_54_H4N6F1,,,,,,,,,,,,,108.842,,
P53801_54_H4N9F1,,,,,,,,,,,139.277,,97.6721,95.7501,
P53801_54_H5N2,,,,,,,,,,,231.759,,227.487,210.061,277.211
P53801_54_H6N3,,,,,,,,,,,,,,,388.082
P53801_54_H6N3A1,,,,,,,,,,,,,,,374.545
P53801_54_H6N5F1,,,,,,,,,,,233.543,,,,
P53801_54_H6N7,,,,,,,,,,,,116.222,,,
P55283_661_H6N2,,,,,,,,,,,,,151.792,,
P56199_883_H6N2,,,,,,,,,,,,208.379,,,
P78324_270_H6N3A1,,,,,,,,,,,103.028,,156.729,72.9731,
P78324_270_H6N3F2,,,,,,,,,,,101.059,,131.47,,
P78357_843_H9N2,,,,,,,,,,,177.626,625.428,,,651.675
P78536_264_H7N2,,,,,,,,,,,122.142,,,,127.752
Q02487_392_H5N4F3,,,,,,,,,,,,,,64.0637,
Q02487_392_H5N5F1A1,,,,,,,,,,,,,797.858,,372.469
Q02487_629_H6N3,,,,,,,,,,,,573.443,629.772,524.487,397.033
Q02487_629_H6N3A1,,,,,,,,,,,,,305.906,,
Q02809_197_H5N2,,,,,,,,,,,503.061,,,,247.662
Q02809_197_H5N6,,,,,,,,,,,,,,,255.807
Q07954_136_H5N5F3,,,,,,,,,,,,,,90.7603,
Q07954_1511_H3N6F1,,,,,,,,,,,,,375.281,694.989,
Q07954_1511_H4N4F2,,,,,,,,,,,,,205.305,232.033,
Q07954_1511_H4N5F1A1,,,,,,,,,,,,231.423,,,
Q07954_1645_H5N4F2,,,,,,,,,,,1605.59,,843.941,488.524,435.776
Q07954_1763/1767_H6N3,,,,,,,,,,,,220.43,,,
Q07954_1825_H6N2,,,,,,,,,,,1346.22,993.825,1644.26,978.524,220.848
Q07954_2905_H5N4F1A1,,,,,,,,,,,,165.002,171.344,,
Q07954_2905_H5N4F3,,,,,,,,,,,,,126.239,183.246,
Q07954_2905_H5N5F1,,,,,,,,,,,184.133,,,203.414,160.362
Q07954_2905_H9N2,,,,,,,,,,,,,230.773,,
Q07954_3089_H4N5F1A1,,,,,,,,,,,,249.048,,573.658,
Q07954_3089_H4N5F2,,,,,,,,,,,,151.18,,,
Q07954_3089_H4N5F3,,,,,,,,,,,,231.231,,239.736,
Q07954_3089_H6N4F1,,,,,,,,,,,,,265.635,,
Q07954_3333_H12N2,,,,,,,,,,,150.816,145.304,,,
Q07954_3333_H4N5F1A1,,,,,,,,,,,69.6058,,,,
Q07954_3333_H5N4F1A2,,,,,,,,,,,,270.824,,,
Q07954_3333_H5N4F2,,,,,,,,,,,94.8299,72.0755,,,
Q07954_3333_H5N5F1A1,,,,,,,,,,,,80.84,,,
Q07954_3788_H4N5F1A1,,,,,,,,,,,72.9675,,,,
Q07954_3788_H4N5F3,,,,,,,,,,,191.164,,,148.69,
Q07954_3839_H5N3F1A1,,,,,,,,,,,124.264,145.347,105.81,,
Q07954_3839_H5N5F1,,,,,,,,,,,304.647,,,,
Q07954_3839_H6N4F1,,,,,,,,,,,378.236,,,,
Q07954_4075_H5N3A1,,,,,,,,,,,255.647,,,,
Q07954_4075_H5N4A1,,,,,,,,,,,,,,179.985,
Q07954_4075_H5N4F2,,,,,,,,,,,,,,148.385,
Q07954_4075_H6N3A1,,,,,,,,,,,,,,449.304,
Q07954_446_H5N5,,,,,,,,,,,,,,878.136,
Q07954_446_H5N6,,,,,,,,,,,145.1,,155.314,,
Q07954_446_H8N2,,,,,,,,,,,54.9888,,,,
Q08380_125_H10N2,,,,,,,,,,,90.7704,,,,73.226
Q08380_192_H5N3F3,,,,,,,,,,,,106.654,,,
Q08722_111_H10N2,,,,,,,,,,,49.8765,,,,
Q08722_73_H6N3F1A1,,,,,,,,,,,,,526.957,,
Q08722_73_H6N3F2,,,,,,,,,,,370.187,,109.456,132.679,168.802
Q10589_65_H9N2,,,,,,,,,,,377.969,384.436,,201.809,
Q12797_452_H7N2,,,,,,,,,,,181.234,,,,
Q12797_452_H8N2,,,,,,,,,,,275.342,601.216,471.988,117.955,
Q12841_144_H10N2,,,,,,,,,,,,45.453,,,
Q12907_183_H3N5F2,,,,,,,,,,,,,,,283.021
Q12907_183_H3N6F3,,,,,,,,,,,293.203,,,,
Q13308_175_H3N6F1A1,,,,,,,,,,,,,,,87.2261
Q13308_175_H6N7,,,,,,,,,,,,106.174,,,
Q13443_381_H3N3F3,,,,,,,,,,,,,,,324.627
Q13478_197_H8N2,,,,,,,,,,,172.89,116.024,284.356,,
Q13641_124_H6N2,,,,,,,,,,,726.513,,,397.303,
Q13740_265_H5N6F1A1,,,,,,,,,,,,,,,210.866
Q13740_265_H6N6F1,,,,,,,,,,,120.008,,,,
Q13740_265_H6N6F1A1,,,,,,,,,,,145.782,171.921,217.539,,372.354
Q13740_265_H6N6F1A2,,,,,,,,,,,,,147.83,,
Q13740_306_H12N2,,,,,,,,,,,,,180.508,,
Q13740_306_H5N5F1A1,,,,,,,,,,,,88.3177,,,
Q13740_306_H9N2,,,,,,,,,,,,,,,193.987
Q13740_361_H3N6F2,,,,,,,,,,,,53.6958,,,
Q13740_361_H3N6F3,,,,,,,,,,,,119.202,,,
Q13740_361_H4N5A2,,,,,,,,,,,,,,68.0198,
Q13740_361_H4N5F1A2,,,,,,,,,,,,,,,219.929
Q13740_361_H4N5F2,,,,,,,,,,,444.085,266.227,2121.75,1247.48,
Q13740_361_H6N4F2,,,,,,,,,,,74.0431,,,,
Q14108_249_H6N2F1,,,,,,,,,,,,188.006,149.457,,
Q14108_249_H7N2,,,,,,,,,,,,,177.538,,
Q14126_182_H4N5F1A1,,,,,,,,,,,295.685,336.246,,283.618,
Q14126_182_H4N5F3,,,,,,,,,,,245.904,,,,
Q14126_182_H6N4F2,,,,,,,,,,,,,,,267.185
Q14126_182_H7N3F1,,,,,,,,,,,,78.9402,,,
Q16563_71_H3N6,,,,,,,,,,,,,,,422.861
Q16563_71_H5N3F2,,,,,,,,,,,,,,389.902,
Q16563_71_H5N3F3,,,,,,,,,,,,,,,373.131
Q16563_71_H9N2,,,,,,,,,,,89.1253,,,,
Q16585_158_H10N2,,,,,,,,,,,,,,,230.681
Q16585_158_H9N2,,,,,,,,,,,,,151.48,89.4222,336.352
Q32P28_316_H3N3F1,,,,,,,,,,,,378.684,,,
Q32P28_467_H8N2,,,,,,,,,,,,431.617,,277.155,462.555
Q32P28_540_H5N2,,,,,,,,,,,329.944,,,,
Q4G148_237_H4N6,,,,,,,,,,,,,113.268,,
Q4G148_278_H8N2,,,,,,,,,,,206.278,,,,
Q4G148_387_H7N2,,,,,,,,,,,,,27.5017,,
Q4KMQ2_361_H6N3,,,,,,,,,,,44.0926,,,,
Q4KMQ2_361_H9N2,,,,,,,,,,,85.8322,,,55.3518,
Q5JTV8_399_H6N5F7,,,,,,,,,,,,54.8959,,,
Q5JTV8_399_H9N2,,,,,,,,,,,61.2444,,,,
Q5ZPR3_104_H4N4,,,,,,,,,,,,,576.488,,
Q6PK18_267_H7N2,,,,,,,,,,,,49.5651,,,
Q6UW63_302_H9N2,,,,,,,,,,,106.968,,146.763,,
Q6UW63_414_H7N2,,,,,,,,,,,,242.167,,,
Q6UW63_414_H8N2,,,,,,,,,,,226.855,301.86,598.489,286.378,
Q6Y288_124_H4N3F3,,,,,,,,,,,,,,,432.634
Q6Y288_124_H8N2,,,,,,,,,,,1081.24,,483.873,,
Q6YHK3_118_H8N2,,,,,,,,,,,36.8973,,,,
Q6YHK3_247_H6N2,,,,,,,,,,,,481.476,615.669,191.874,276.694
Q6YHK3_419_H5N5F1A1,,,,,,,,,,,,,124.941,,
Q7LGA3_108_H5N6F1A1,,,,,,,,,,,,,,97.2833,
Q7LGA3_108_H6N7,,,,,,,,,,,,120.263,,,
Q7LGA3_108_H7N4A1,,,,,,,,,,,,,,138.374,
Q7Z388_123_H10N2,,,,,,,,,,,,,85.9734,,
Q7Z388_123_H6N2,,,,,,,,,,,261.403,,414.686,561.941,62.244
Q7Z4H8_251_H4N5F1,,,,,,,,,,,,435.658,,,
Q7Z4H8_251_H5N4F1,,,,,,,,,,,,,,242.234,
Q7Z4H8_251_H7N7,,,,,,,,,,,,230.413,,,
Q7Z4H8_306_H3N3F3,,,,,,,,,,,,,,,358.202
Q7Z4H8_419_H6N2,,,,,,,,,,,,,,,181.366
Q7Z4H8_419_H7N2,,,,,,,,,,,,,112.922,,
Q7Z7H5_117_H3N6F2,,,,,,,,,,,247.168,,,,
Q7Z7H5_117_H6N4F2,,,,,,,,,,,,,,,473.692
Q86YB8_140/145_H7N6F1A2,,,,,,,,,,,194.906,,139.315,,
Q86YB8_140/145_H9N6F1A2,,,,,,,,,,,,58.134,,,
Q8IV08_236_H3N2F1,,,,,,,,,,,151.462,380.607,142.035,,
Q8IV08_284_H4N5,,,,,,,,,,,154.318,,,,
Q8IV08_284_H9N2,,,,,,,,,,,,,,,152.071
Q8IV08_387_H3N2F1,,,,,,,,,,,,407.381,,558.81,
Q8IV08_387_H4N3F1A1,,,,,,,,,,,,,225.133,,
Q8IV08_387_H5N4F1A1,,,,,,,,,,,,,,,353.06
Q8IV08_387_H9N2,,,,,,,,,,,,,,,207.544
Q8IZP9_551_H7N2,,,,,,,,,,,270.919,,,718.933,519.755
Q8IZP9_551_H8N2,,,,,,,,,,,170.854,,167.092,230.286,384.962
Q8IZP9_551_H9N2,,,,,,,,,,,177.768,,,107.38,
Q8N668_111_H7N6F4A4,,,,,,,,,,,,137.691,,,
Q8N668_111_H8N7F3A2,,,,,,,,,,,,,157.017,100.239,
Q8N9V7_537_H5N3,,,,,,,,,,,,,826.53,488.629,
Q8NAT1_276_H8N2,,,,,,,,,,,415.32,228.278,,184.862,418.507
Q8NBJ4_109_H3N6F2A1,,,,,,,,,,,161.594,,,,
Q8NBJ4_109_H3N6F3,,,,,,,,,,,,334.808,,,
Q8NBJ4_109_H6N4F2,,,,,,,,,,,,,105.543,,
Q8NBJ5_381_H7N6F5,,,,,,,,,,,,,,38.5575,
Q8NFZ8_67_H4N4F2,,,,,,,,,,,130.123,127.237,,102.839,
Q8TEM1_1441/1442_H6N2F1,,,,,,,,,,,,,444.177,,
Q8TEM1_44_H7N7F1A2,,,,,,,,,,,,61.9559,,,
Q8WWI5_135_H6N3,,,,,,,,,,,,,,50.6883,
Q8WXG9_2139_H9N2,,,,,,,,,,,208.252,331.647,,217.311,
Q92542_435_H10N2,,,,,,,,,,,451.966,,,,
Q92542_435_H4N6,,,,,,,,,,,478.744,,,,
Q92542_530_H7N2,,,,,,,,,,,,465.07,,,
Q92542_530_H8N7F3,,,,,,,,,,,310.623,,,,
Q92791_361_H4N6,,,,,,,,,,,,338.874,,,
Q92791_79_H5N2,,,,,,,,,,,,,,,418.664
Q92820_203_H3N4A2,,,,,,,,,,,,,,,195.133
Q92820_203_H8N7F3,,,,,,,,,,,,,145.418,,
Q92823_223_H5N3F1,,,,,,,,,,,,,,,100.915
Q92823_223_H6N3F1,,,,,,,,,,,,135.595,,,
Q92823_858_H4N5F1A1,,,,,,,,,,,328.599,,,,
Q92823_858_H4N5F3,,,,,,,,,,,,134.164,,,
Q92823_858_H5N4F3,,,,,,,,,,,261.75,81.75,,99.4999,
Q92896_165_H5N4F1,,,,,,,,,,,295.74,162.18,,,
Q92896_165_H7N2,,,,,,,,,,,86.9775,61.3099,,,
Q92896_210_H3N6,,,,,,,,,,,56.0764,,,,
Q92896_210_H3N6F2A1,,,,,,,,,,,,141.56,,,
Q92896_786_H4N4A1,,,,,,,,,,,,181.126,,,
Q92896_786_H4N4F2,,,,,,,,,,,,324.578,,,
Q92896_786_H6N7,,,,,,,,,,,,,89.4593,,
Q92896_786_H8N2,,,,,,,,,,,,159.424,,,
Q92896_786_H9N2,,,,,,,,,,,,,,,95.1801
Q969V3_428_H6N7,,,,,,,,,,,,,232.376,192.637,
Q96AY3_182_H3N6,,,,,,,,,,,331.222,40.4702,,,
Q96AY3_294_H4N4F3,,,,,,,,,,,,,,88.2596,
Q96AY3_294_H4N6,,,,,,,,,,,,,,,1018.52
Q96AY3_294_H5N3A1,,,,,,,,,,,,,,153.044,
Q96AY3_393_H4N5F3,,,,,,,,,,,,,246.906,,
Q96AY3_407_H5N6,,,,,,,,,,,,,,,201.188
Q96F46_265_H7N2,,,,,,,,,,,,,,83.9225,
Q96FM1_40_H3N6,,,,,,,,,,,,,,57.8803,
Q96HE7_280_H5N5F1,,,,,,,,,,,,,,149.298,
Q96J42_293_H4N6,,,,,,,,,,,,223.413,,,
Q99523_406_H4N6,,,,,,,,,,,,335.036,,,
Q99538_263/272_H3N6F1A2,,,,,,,,,,,,220.955,274.321,,
Q99538_263/272_H6N7,,,,,,,,,,,,42.5196,,,
Q99538_263/272_H7N4F1,,,,,,,,,,,,138.627,,,
Q99538_263/272_H7N6,,,,,,,,,,,,243.607,,,
Q9BTY2_377_H4N3F1A1,,,,,,,,,,,205.254,,,,
Q9BVK6_125_H5N3,,,,,,,,,,,,,133.823,,
Q9BX67_104_H5N4F3,,,,,,,,,,,,,,377.732,
Q9BX67_104_H9N2,,,,,,,,,,,93.4309,83.7932,188.107,,
Q9BY67_113_H5N6,,,,,,,,,,,,92.2503,,,
Q9BY67_113_H7N6F1A3,,,,,,,,,,,,,,,100.666
Q9BY67_113_H7N7F1A2,,,,,,,,,,,79.141,,,,
Q9BY67_113_H9N8A1,,,,,,,,,,,186.52,,,,
Q9C0A6_419_H15N14F6A2,,,,,,,,,,,,63.3045,,,
Q9C0H2_144_H12N2,,,,,,,,,,,,,,251.407,
Q9C0H2_144_H5N5F1A2,,,,,,,,,,,,,,354.277,
Q9C0H2_144_H7N7,,,,,,,,,,,,452.466,,,
Q9C0H2_351_H4N5F2A1,,,,,,,,,,,,,,,214.06
Q9H3G5_307_H3N4A1,,,,,,,,,,,,113.11,,,
Q9H3G5_346_H3N2,,,,,,,,,,,,,,409.962,
Q9H3G5_346_H5N2,,,,,,,,,,,,,,,426.481
Q9H3G5_346_H6N3F3,,,,,,,,,,,,,85.6637,,
Q9H3G5_81_H6N3F2,,,,,,,,,,,,,,478.405,
Q9H3G5_81_H7N4F1,,,,,,,,,,,,,,,92.8198
Q9HAR2_830_H7N2,,,,,,,,,,,,227.983,163.41,149.42,
Q9HAR2_830_H8N2,,,,,,,,,,,,568.489,585.75,539.71,
Q9HD45_174_H3N6F1,,,,,,,,,,,,,58.8883,,
Q9HD45_174_H6N4A2,,,,,,,,,,,,,,134.216,
Q9HD45_174_H6N4F1A1,,,,,,,,,,,,,,212.883,
Q9HD45_174_H7N2F1,,,,,,,,,,,74.3677,,,,
Q9HD45_174_H9N2,,,,,,,,,,,,61.863,,,
Q9HDC9_160_H3N6,,,,,,,,,,,,,,,149.105
Q9HDC9_160_H4N6,,,,,,,,,,,,,,,51.9648
Q9NS15_349/357_H5N6,,,,,,,,,,,,27.526,,,
Q9NXG6_348_H6N2,,,,,,,,,,,,,246.498,365.548,99.8947
Q9NY35_72_H7N2,,,,,,,,,,,,173.294,49.2069,,141.382
Q9NY35_72_H7N6F5,,,,,,,,,,,131.547,,,,
Q9NYU1_286_H10N2,,,,,,,,,,,,33.7933,,,131.806
Q9NYU1_286_H6N2,,,,,,,,,,,,,260.752,,
Q9NYU1_286_H9N2,,,,,,,,,,,,40.3685,,,
Q9NZ08_414_H3N6,,,,,,,,,,,96.6562,,,,
Q9NZV5_190_H5N5F1A2,,,,,,,,,,,,,,67.8486,
Q9P0T7_38/47_H10N2,,,,,,,,,,,187.944,,,,
Q9P0T7_38/47_H7N2,,,,,,,,,,,39.0704,,,,
Q9P0T7_38/47_H7N6F5,,,,,,,,,,,,,,59.8236,
Q9P273_1640_H4N6,,,,,,,,,,,,,,70.4401,497.358
Q9P273_1640_H8N2,,,,,,,,,,,,,,188.33,
Q9P273_419_H7N6F4,,,,,,,,,,,,,,99.7509,
Q9P273_860_H4N6,,,,,,,,,,,,,,,262.125
Q9P273_860_H9N2,,,,,,,,,,,,,,134.562,240.262
Q9P2B2_286_H4N3F1,,,,,,,,,,,,49.2504,,,
Q9P2B2_286_H4N5F2A1,,,,,,,,,,,,,211.36,127.841,
Q9P2B2_286_H5N5F1A1,,,,,,,,,,,356.415,303.337,191.239,,
Q9P2B2_286_H6N4A2,,,,,,,,,,,,,,,206.052
Q9P2B2_286_H7N4A1,,,,,,,,,,,,,394.288,,
Q9P2B2_286_H8N7F3A1,,,,,,,,,,,,44.297,,,
Q9P2B2_300_H4N4F2,,,,,,,,,,,,,,217.489,
Q9P2B2_300_H4N5F1,,,,,,,,,,,795.713,509.256,401.985,872.188,
Q9P2B2_300_H5N5,,,,,,,,,,,,,,173.408,
Q9P2K2_460_H8N2,,,,,,,,,,,237.038,,,129.199,
Q9P2K2_460_H9N2,,,,,,,,,,,118.64,140.813,,,
Q9UBG0_69_H3N7F1,,,,,,,,,,,137.264,,,,
Q9UBG0_69_H4N6F1,,,,,,,,,,,,,154.461,,
Q9UBG0_69_H5N3F1A1,,,,,,,,,,,,,,145.079,
Q9UBG0_69_H5N4F1A1,,,,,,,,,,,,184.512,,,
Q9UBG0_69_H5N4F4,,,,,,,,,,,,,56.9111,,
Q9UBG0_69_H5N5F1,,,,,,,,,,,,83.8111,,,
Q9UBV2_195_H8N2,,,,,,,,,,,,,,,231.637
Q9UBV2_195_H9N2,,,,,,,,,,,,410.131,260.331,250.211,1119.28
Q9UBV2_217_H7N2,,,,,,,,,,,29.4698,,,,
Q9UBV2_217_H8N2,,,,,,,,,,,238.759,,30.4941,,
Q9UBV2_217_H9N2,,,,,,,,,,,439.325,29.8087,81.3315,100.85,
Q9UBV2_608_H4N6,,,,,,,,,,,,210.772,,,
Q9UHG3_196_H6N2,,,,,,,,,,,,,,,559.076
Q9UHG3_323_H7N2,,,,,,,,,,,,,,,403.622
Q9UHG3_323_H8N2,,,,,,,,,,,546.749,,,,
Q9UHG3_323_H9N2,,,,,,,,,,,266.337,,,,
Q9UHG3_353_H3N6,,,,,,,,,,,692.844,,,,
Q9UHN6_248_H6N3F3,,,,,,,,,,,,,,,325.013
Q9UJJ9_88_H8N2,,,,,,,,,,,,68.5915,,,
Q9UMR5_206_H9N2F1,,,,,,,,,,,,,93.2942,,
Q9UNW1_242_H4N3F3,,,,,,,,,,,,,,,490.84
Q9Y4L1_869_H7N6F1,,,,,,,,,,,,150.544,,,
Q9Y4L1_931_H3N2,,,,,,,,,,,,,,,169.673
